frame,sim_time,t_rel,actor_id,name,category,type_id,role_name,x,y,z,roll,pitch,yaw,x_odr,y_odr,heading_odr_rad,vx,vy,vz,speed_mps,ax,ay,az,wx_dps,wy_dps,wz_dps,road_id,section_id,lane_id,s,lane_type,is_junction,lateral_offset_m,throttle,steer,brake,hand_brake,reverse,gear,walker_dir_x,walker_dir_y,walker_speed,light_state,at_traffic_light,traffic_light_state,speed_limit_kmh
34,4.9381,0.0,375,entity_1,vehicle,vehicle.audi.a2,entity_1,61.009,331.442,-0.0073,0.0,0.0,0.0286,61.009,-331.442,-0.000499,0.0,0.0,0.0,0.0,0.0,0.0,0.0,0.0,0.0,0.0,5,0,-1,51.0,Driving,False,0.875,0.0,0.0,0.0,False,False,0,,,,NONE,False,Green,30.0
34,4.9381,0.0,374,entity_2,pedestrian,walker.pedestrian.0001,entity_2,63.8565,332.3969,0.9515,0.0,0.0,-89.9713,63.8565,-332.3969,1.570295,0.0,0.0,0.0,0.0,0.0,0.0,0.0,0.0,0.0,0.0,5,0,-2,53.85,Shoulder,False,-0.322,,,,,,,1.0,0.0,0.0,,,,
34,4.9381,0.0,373,Vehicle 4,vehicle,vehicle.tesla.model3,hero_3,25.009,330.5476,0.0011,-0.0026,0.0012,0.0318,25.009,-330.5476,-0.000555,0.0,0.0001,0.0052,0.0052,-0.0,-0.0009,-0.0504,-0.0163,0.0073,0.0,5,0,-1,15.0,Driving,False,-0.0,0.0,0.0,0.0,False,False,0,,,,NONE,False,Green,30.0
34,4.9381,0.0,372,Vehicle 3,vehicle,vehicle.tesla.model3,hero_2,17.009,330.5433,0.0013,-0.0019,0.0009,0.0314,17.009,-330.5433,-0.000548,0.0,0.0001,0.0035,0.0035,-0.0,-0.0006,-0.0342,-0.0121,0.0054,0.0,5,0,-1,7.0,Driving,False,-0.0,0.0,0.0,0.0,False,False,0,,,,NONE,False,Green,30.0
34,4.9381,0.0,371,Vehicle 2,vehicle,vehicle.tesla.model3,hero_1,77.011,326.576,0.0014,-0.0014,0.0007,-179.9711,77.011,-326.576,3.141088,-0.0,-0.0001,0.0023,0.0023,0.0,0.0005,-0.0231,0.0089,-0.0041,0.0,5,0,1,67.0,Driving,False,-0.0,0.0,0.0,0.0,False,False,0,,,,NONE,False,Green,30.0
34,4.9381,0.0,370,Vehicle 1,vehicle,vehicle.tesla.model3,hero_0,9.2929,330.5399,0.0008,-0.015,0.0259,0.032,9.2929,-330.5399,-0.000559,-0.0,-0.0001,0.0015,0.0015,0.0,0.0002,-0.0151,0.0032,0.0007,0.0001,20,0,1,0.7,Driving,False,0.0,0.0,0.0,0.0,False,False,0,,,,NONE,False,Green,30.0
35,4.9881,0.05,375,entity_1,vehicle,vehicle.audi.a2,entity_1,61.009,331.442,-0.0073,0.0,0.0,0.0286,61.009,-331.442,-0.000499,0.0,0.0,0.0,0.0,0.0,0.0,0.0,0.0,0.0,0.0,5,0,-1,51.0,Driving,False,0.875,0.0,0.0,0.0,False,False,0,,,,NONE,False,Green,30.0
35,4.9881,0.05,374,entity_2,pedestrian,walker.pedestrian.0001,entity_2,63.8565,332.3969,0.9515,0.0,0.0,-89.9713,63.8565,-332.3969,1.570295,0.0,0.0,0.0,0.0,0.0,0.0,0.0,0.0,0.0,0.0,5,0,-2,53.85,Shoulder,False,-0.322,,,,,,,1.0,0.0,0.0,,,,
35,4.9881,0.05,373,Vehicle 4,vehicle,vehicle.tesla.model3,hero_3,25.009,330.5476,0.0013,-0.0019,0.0009,0.0318,25.009,-330.5476,-0.000555,0.0,0.0001,0.0035,0.0035,-0.0,-0.0006,-0.0342,-0.012,0.0054,0.0,5,0,-1,15.0,Driving,False,-0.0,0.0,0.0,0.0,False,False,0,,,,NONE,False,Green,30.0
35,4.9881,0.05,372,Vehicle 3,vehicle,vehicle.tesla.model3,hero_2,17.009,330.5433,0.0014,-0.0014,0.0007,0.0314,17.009,-330.5433,-0.000548,0.0,0.0001,0.0023,0.0023,-0.0,-0.0005,-0.0231,-0.0089,0.004,0.0,5,0,-1,7.0,Driving,False,-0.0,0.0,0.0,0.0,False,False,0,,,,NONE,False,Green,30.0
35,4.9881,0.05,371,Vehicle 2,vehicle,vehicle.tesla.model3,hero_1,77.011,326.576,0.0014,-0.0014,0.0007,-179.9711,77.011,-326.576,3.141088,0.0,0.0,0.0,0.0,0.0001,0.0013,-0.046,0.0,0.0,0.0,5,0,1,67.0,Driving,False,-0.0,0.0,0.0,0.0,False,False,0,,,,NONE,False,Green,30.0
35,4.9881,0.05,370,Vehicle 1,vehicle,vehicle.tesla.model3,hero_0,9.2929,330.5399,0.0008,-0.0151,0.0259,0.032,9.2929,-330.5399,-0.000559,-0.0,-0.0,0.001,0.001,-0.0,0.0011,-0.0101,0.0025,0.0005,0.0,20,0,1,0.7,Driving,False,0.0,0.0,0.0,0.0,False,False,0,,,,NONE,False,Green,30.0
36,5.0381,0.1,375,entity_1,vehicle,vehicle.audi.a2,entity_1,61.009,331.442,-0.0073,0.0,0.0,0.0286,61.009,-331.442,-0.000499,0.0,0.0,0.0,0.0,0.0,0.0,0.0,0.0,0.0,0.0,5,0,-1,51.0,Driving,False,0.875,0.0,0.0,0.0,False,False,0,,,,NONE,False,Green,30.0
36,5.0381,0.1,374,entity_2,pedestrian,walker.pedestrian.0001,entity_2,63.8565,332.3969,0.9515,0.0,0.0,-89.9713,63.8565,-332.3969,1.570295,0.0,0.0,0.0,0.0,0.0,0.0,0.0,0.0,0.0,0.0,5,0,-2,53.85,Shoulder,False,-0.322,,,,,,,1.0,0.0,0.0,,,,
36,5.0381,0.1,373,Vehicle 4,vehicle,vehicle.tesla.model3,hero_3,25.009,330.5476,0.0014,-0.0014,0.0007,0.0318,25.009,-330.5476,-0.000555,0.0,0.0001,0.0023,0.0023,-0.0,-0.0005,-0.0231,-0.009,0.004,0.0,5,0,-1,15.0,Driving,False,-0.0,0.0,0.0,0.0,False,False,0,,,,NONE,False,Green,30.0
36,5.0381,0.1,372,Vehicle 3,vehicle,vehicle.tesla.model3,hero_2,17.009,330.5433,0.0014,-0.0014,0.0007,0.0314,17.009,-330.5433,-0.000548,0.0,0.0,0.0,0.0,-0.0001,-0.0013,-0.046,0.0,0.0,0.0,5,0,-1,7.0,Driving,False,-0.0,0.0,0.0,0.0,False,False,0,,,,NONE,False,Green,30.0
36,5.0381,0.1,371,Vehicle 2,vehicle,vehicle.tesla.model3,hero_1,77.011,326.576,0.0014,-0.0014,0.0007,-179.9711,77.011,-326.576,3.141088,0.0,0.0,0.0,0.0,0.0,0.0,0.0,0.0,0.0,0.0,5,0,1,67.0,Driving,False,-0.0,0.0,0.0,0.0,False,False,0,,,,NONE,False,Green,30.0
36,5.0381,0.1,370,Vehicle 1,vehicle,vehicle.tesla.model3,hero_0,9.2929,330.5399,0.0008,-0.0151,0.0259,0.032,9.2929,-330.5399,-0.000559,0.0,0.0,0.0,0.0,0.0,0.0,-0.0197,0.0,0.0,0.0,20,0,1,0.7,Driving,False,0.0,0.0,0.0,0.0,False,False,0,,,,NONE,False,Green,30.0
37,5.0881,0.15,375,entity_1,vehicle,vehicle.audi.a2,entity_1,61.009,331.442,-0.0073,0.0,0.0,0.0286,61.009,-331.442,-0.000499,0.0,0.0,0.0,0.0,0.0,0.0,0.0,0.0,0.0,0.0,5,0,-1,51.0,Driving,False,0.875,0.0,0.0,0.0,False,False,0,,,,NONE,False,Green,30.0
37,5.0881,0.15,374,entity_2,pedestrian,walker.pedestrian.0001,entity_2,63.8565,332.3969,0.9515,0.0,0.0,-89.9713,63.8565,-332.3969,1.570295,0.0,0.0,0.0,0.0,0.0,0.0,0.0,0.0,0.0,0.0,5,0,-2,53.85,Shoulder,False,-0.322,,,,,,,1.0,0.0,0.0,,,,
37,5.0881,0.15,373,Vehicle 4,vehicle,vehicle.tesla.model3,hero_3,25.009,330.5476,0.0014,-0.0014,0.0007,0.0318,25.009,-330.5476,-0.000555,0.0,0.0,0.0,0.0,-0.0001,-0.0013,-0.046,0.0,0.0,0.0,5,0,-1,15.0,Driving,False,-0.0,0.0,0.0,0.0,False,False,0,,,,NONE,False,Green,30.0
37,5.0881,0.15,372,Vehicle 3,vehicle,vehicle.tesla.model3,hero_2,17.009,330.5433,0.0014,-0.0014,0.0007,0.0314,17.009,-330.5433,-0.000548,0.0,0.0,0.0,0.0,0.0,0.0,0.0,0.0,0.0,0.0,5,0,-1,7.0,Driving,False,-0.0,0.0,0.0,0.0,False,False,0,,,,NONE,False,Green,30.0
37,5.0881,0.15,371,Vehicle 2,vehicle,vehicle.tesla.model3,hero_1,77.011,326.576,0.0014,-0.0014,0.0007,-179.9711,77.011,-326.576,3.141088,0.0,0.0,0.0,0.0,0.0,0.0,0.0,0.0,0.0,0.0,5,0,1,67.0,Driving,False,-0.0,0.0,0.0,0.0,False,False,0,,,,NONE,False,Green,30.0
37,5.0881,0.15,370,Vehicle 1,vehicle,vehicle.tesla.model3,hero_0,9.2929,330.5399,0.0008,-0.0151,0.0259,0.032,9.2929,-330.5399,-0.000559,0.0,0.0,0.0,0.0,0.0,0.0,0.0,0.0,0.0,0.0,20,0,1,0.7,Driving,False,0.0,0.0,0.0,0.0,False,False,0,,,,NONE,False,Green,30.0
38,5.1381,0.2,375,entity_1,vehicle,vehicle.audi.a2,entity_1,61.009,331.442,-0.0073,0.0,0.0,0.0286,61.009,-331.442,-0.000499,0.0,0.0,0.0,0.0,0.0,0.0,0.0,0.0,0.0,0.0,5,0,-1,51.0,Driving,False,0.875,0.0,0.0,0.0,False,False,0,,,,NONE,False,Green,30.0
38,5.1381,0.2,374,entity_2,pedestrian,walker.pedestrian.0001,entity_2,63.8565,332.3969,0.9515,0.0,0.0,-89.9713,63.8565,-332.3969,1.570295,0.0,0.0,0.0,0.0,0.0,0.0,0.0,0.0,0.0,0.0,5,0,-2,53.85,Shoulder,False,-0.322,,,,,,,1.0,0.0,0.0,,,,
38,5.1381,0.2,373,Vehicle 4,vehicle,vehicle.tesla.model3,hero_3,25.009,330.5476,0.0014,-0.0014,0.0007,0.0318,25.009,-330.5476,-0.000555,0.0,0.0,0.0,0.0,0.0,0.0,0.0,0.0,0.0,0.0,5,0,-1,15.0,Driving,False,-0.0,0.0,0.0,0.0,False,False,0,,,,NONE,False,Green,30.0
38,5.1381,0.2,372,Vehicle 3,vehicle,vehicle.tesla.model3,hero_2,17.009,330.5433,0.0014,-0.0014,0.0007,0.0314,17.009,-330.5433,-0.000548,0.0,0.0,0.0,0.0,0.0,0.0,0.0,0.0,0.0,0.0,5,0,-1,7.0,Driving,False,-0.0,0.0,0.0,0.0,False,False,0,,,,NONE,False,Green,30.0
38,5.1381,0.2,371,Vehicle 2,vehicle,vehicle.tesla.model3,hero_1,77.011,326.576,0.0014,-0.0014,0.0007,-179.9711,77.011,-326.576,3.141088,0.0,0.0,0.0,0.0,0.0,0.0,0.0,0.0,0.0,0.0,5,0,1,67.0,Driving,False,-0.0,0.0,0.0,0.0,False,False,0,,,,NONE,False,Green,30.0
38,5.1381,0.2,370,Vehicle 1,vehicle,vehicle.tesla.model3,hero_0,9.2929,330.5399,0.0008,-0.0151,0.0259,0.032,9.2929,-330.5399,-0.000559,0.0,0.0,0.0,0.0,0.0,0.0,0.0,0.0,0.0,0.0,20,0,1,0.7,Driving,False,0.0,0.0,0.0,0.0,False,False,0,,,,NONE,False,Green,30.0
39,5.1881,0.25,375,entity_1,vehicle,vehicle.audi.a2,entity_1,61.009,331.442,-0.0073,0.0,0.0,0.0286,61.009,-331.442,-0.000499,0.0,0.0,0.0,0.0,0.0,0.0,0.0,0.0,0.0,0.0,5,0,-1,51.0,Driving,False,0.875,0.0,0.0,0.0,False,False,0,,,,NONE,False,Green,30.0
39,5.1881,0.25,374,entity_2,pedestrian,walker.pedestrian.0001,entity_2,63.8565,332.3969,0.9515,0.0,0.0,-89.9713,63.8565,-332.3969,1.570295,0.0,0.0,0.0,0.0,0.0,0.0,0.0,0.0,0.0,0.0,5,0,-2,53.85,Shoulder,False,-0.322,,,,,,,1.0,0.0,0.0,,,,
39,5.1881,0.25,373,Vehicle 4,vehicle,vehicle.tesla.model3,hero_3,25.009,330.5476,0.0013,-0.0011,0.0005,0.0318,25.009,-330.5476,-0.000555,0.0,0.0,-0.0019,0.0019,0.0,0.0,-0.0387,-0.0043,0.0019,-0.0,5,0,-1,15.0,Driving,False,-0.0,0.75,0.009,0.0,False,False,0,,,,NONE,False,Green,30.0
39,5.1881,0.25,372,Vehicle 3,vehicle,vehicle.tesla.model3,hero_2,17.009,330.5433,0.0013,-0.0011,0.0005,0.0314,17.009,-330.5433,-0.000548,0.0,0.0,-0.0019,0.0019,0.0,0.0,-0.0387,-0.0042,0.0019,-0.0,5,0,-1,7.0,Driving,False,-0.0,0.0,-0.009,0.946,False,False,0,,,,NONE,False,Green,30.0
39,5.1881,0.25,371,Vehicle 2,vehicle,vehicle.tesla.model3,hero_1,77.011,326.576,0.0013,-0.001,0.0005,-179.9711,77.011,-326.576,3.141088,-0.0,-0.0,-0.002,0.002,-0.0,-0.0,-0.0397,0.004,-0.0017,0.0,5,0,1,67.0,Driving,False,-0.0,0.75,0.012,0.0,False,False,0,,,,NONE,False,Green,30.0
39,5.1881,0.25,370,Vehicle 1,vehicle,vehicle.tesla.model3,hero_0,9.2929,330.5399,0.0007,-0.0151,0.0259,0.032,9.2929,-330.5399,-0.000559,0.0,-0.0,-0.0023,0.0023,0.0,-0.0,-0.0463,0.001,0.0002,0.0,20,0,1,0.7,Driving,False,0.0,0.0,-0.008,0.969,False,False,0,,,,NONE,False,Green,30.0
40,5.2381,0.3,375,entity_1,vehicle,vehicle.audi.a2,entity_1,61.009,331.442,-0.0073,0.0,0.0,0.0286,61.009,-331.442,-0.000499,0.0,0.0,0.0,0.0,0.0,0.0,0.0,0.0,0.0,0.0,5,0,-1,51.0,Driving,False,0.875,0.0,0.0,0.0,False,False,0,,,,NONE,False,Green,30.0
40,5.2381,0.3,374,entity_2,pedestrian,walker.pedestrian.0001,entity_2,63.8565,332.3969,0.9515,0.0,0.0,-89.9713,63.8565,-332.3969,1.570295,0.0,0.0,0.0,0.0,0.0,0.0,0.0,0.0,0.0,0.0,5,0,-2,53.85,Shoulder,False,-0.322,,,,,,,1.0,0.0,0.0,,,,
40,5.2381,0.3,373,Vehicle 4,vehicle,vehicle.tesla.model3,hero_3,25.009,330.5476,0.0012,-0.0009,0.0004,0.0318,25.009,-330.5476,-0.000555,0.0,0.0,0.0004,0.0004,0.0,-0.0,0.0476,-0.0045,0.0021,0.0,5,0,-1,15.0,Driving,False,-0.0,0.75,0.009,0.0,False,False,0,,,,NONE,False,Green,30.0
40,5.2381,0.3,372,Vehicle 3,vehicle,vehicle.tesla.model3,hero_2,17.009,330.5433,0.0012,-0.0009,0.0004,0.0314,17.009,-330.5433,-0.000548,0.0,0.0,0.0004,0.0004,0.0,-0.0,0.0476,-0.0045,0.0021,-0.0,5,0,-1,7.0,Driving,False,-0.0,0.0,-0.009,0.946,False,False,0,,,,NONE,False,Green,30.0
40,5.2381,0.3,371,Vehicle 2,vehicle,vehicle.tesla.model3,hero_1,77.011,326.576,0.0013,-0.0008,0.0004,-179.9711,77.011,-326.576,3.141088,-0.0,-0.0,0.0004,0.0004,-0.0,0.0,0.0474,0.0042,-0.0019,0.0,5,0,1,67.0,Driving,False,-0.0,0.75,0.012,0.0,False,False,0,,,,NONE,False,Green,30.0
40,5.2381,0.3,370,Vehicle 1,vehicle,vehicle.tesla.model3,hero_0,9.2929,330.5399,0.0006,-0.0153,0.0259,0.032,9.2929,-330.5399,-0.000559,-0.0,-0.0,-0.0,0.0,-0.0,-0.0,0.0458,0.0012,0.0002,0.0,20,0,1,0.7,Driving,False,0.0,0.0,-0.008,0.969,False,False,0,,,,NONE,False,Green,30.0
41,5.2881,0.35,375,entity_1,vehicle,vehicle.audi.a2,entity_1,61.009,331.442,-0.0073,0.0,0.0,0.0286,61.009,-331.442,-0.000499,0.0,0.0,0.0,0.0,0.0,0.0,0.0,0.0,0.0,0.0,5,0,-1,51.0,Driving,False,0.875,0.0,0.0,0.0,False,False,0,,,,NONE,False,Green,30.0
41,5.2881,0.35,374,entity_2,pedestrian,walker.pedestrian.0001,entity_2,63.8565,332.3969,0.9515,0.0,0.0,-89.9713,63.8565,-332.3969,1.570295,0.0,0.0,0.0,0.0,0.0,0.0,0.0,0.0,0.0,0.0,5,0,-2,53.85,Shoulder,False,-0.322,,,,,,,1.0,0.0,0.0,,,,
41,5.2881,0.35,373,Vehicle 4,vehicle,vehicle.tesla.model3,hero_3,25.009,330.5476,0.0013,-0.0007,0.0003,0.0318,25.009,-330.5476,-0.000555,0.0,0.0,0.0013,0.0013,-0.0,-0.0,0.0176,-0.0039,0.0017,0.0,5,0,-1,15.0,Driving,False,-0.0,0.75,0.009,0.0,False,False,0,,,,NONE,False,Green,30.0
41,5.2881,0.35,372,Vehicle 3,vehicle,vehicle.tesla.model3,hero_2,17.009,330.5433,0.0013,-0.0007,0.0003,0.0314,17.009,-330.5433,-0.000548,0.0,0.0,0.0013,0.0013,-0.0,-0.0,0.0176,-0.0038,0.0017,-0.0,5,0,-1,7.0,Driving,False,-0.0,0.0,-0.009,0.946,False,False,0,,,,NONE,False,Green,30.0
41,5.2881,0.35,371,Vehicle 2,vehicle,vehicle.tesla.model3,hero_1,77.011,326.576,0.0013,-0.0006,0.0003,-179.9711,77.011,-326.576,3.141088,-0.0,-0.0,0.0013,0.0013,0.0,0.0,0.0176,0.0036,-0.0017,0.0,5,0,1,67.0,Driving,False,-0.0,0.75,0.012,0.0,False,False,0,,,,NONE,False,Green,30.0
41,5.2881,0.35,370,Vehicle 1,vehicle,vehicle.tesla.model3,hero_0,9.2929,330.5399,0.0007,-0.0153,0.0259,0.032,9.2929,-330.5399,-0.000559,-0.0,-0.0,0.0009,0.0009,-0.0,-0.0,0.0181,0.0009,0.0002,0.0,20,0,1,0.7,Driving,False,0.0,0.0,-0.008,0.969,False,False,0,,,,NONE,False,Green,30.0
42,5.3381,0.4,375,entity_1,vehicle,vehicle.audi.a2,entity_1,61.009,331.442,-0.0073,0.0,0.0,0.0286,61.009,-331.442,-0.000499,0.0,0.0,0.0,0.0,0.0,0.0,0.0,0.0,0.0,0.0,5,0,-1,51.0,Driving,False,0.875,0.0,0.0,0.0,False,False,0,,,,NONE,False,Green,30.0
42,5.3381,0.4,374,entity_2,pedestrian,walker.pedestrian.0001,entity_2,63.8565,332.3969,0.9515,0.0,0.0,-89.9713,63.8565,-332.3969,1.570295,0.0,0.0,0.0,0.0,0.0,0.0,0.0,0.0,0.0,0.0,5,0,-2,53.85,Shoulder,False,-0.322,,,,,,,1.0,0.0,0.0,,,,
42,5.3381,0.4,373,Vehicle 4,vehicle,vehicle.tesla.model3,hero_3,25.009,330.5476,0.0014,-0.0005,0.0002,0.0318,25.009,-330.5476,-0.000555,0.0,0.0,0.0015,0.0015,-0.0,0.0,0.0032,-0.003,0.0014,0.0,5,0,-1,15.0,Driving,False,-0.0,0.75,0.009,0.0,False,False,0,,,,NONE,False,Green,30.0
42,5.3381,0.4,372,Vehicle 3,vehicle,vehicle.tesla.model3,hero_2,17.009,330.5433,0.0014,-0.0005,0.0002,0.0314,17.009,-330.5433,-0.000548,0.0,0.0,0.0015,0.0015,-0.0,-0.0,0.0032,-0.003,0.0014,-0.0,5,0,-1,7.0,Driving,False,-0.0,0.0,-0.009,0.946,False,False,0,,,,NONE,False,Green,30.0
42,5.3381,0.4,371,Vehicle 2,vehicle,vehicle.tesla.model3,hero_1,77.011,326.576,0.0014,-0.0005,0.0002,-179.9711,77.011,-326.576,3.141088,-0.0,-0.0,0.0014,0.0014,0.0,-0.0,0.0035,0.0029,-0.0013,0.0,5,0,1,67.0,Driving,False,-0.0,0.75,0.012,0.0,False,False,0,,,,NONE,False,Green,30.0
42,5.3381,0.4,370,Vehicle 1,vehicle,vehicle.tesla.model3,hero_0,9.2929,330.5399,0.0007,-0.0153,0.0259,0.032,9.2929,-330.5399,-0.000559,-0.0,-0.0,0.0011,0.0011,-0.0,-0.0,0.0047,0.0007,0.0002,0.0,20,0,1,0.7,Driving,False,0.0,0.0,-0.008,0.969,False,False,0,,,,NONE,False,Green,30.0
43,5.3881,0.45,375,entity_1,vehicle,vehicle.audi.a2,entity_1,61.009,331.442,-0.0073,0.0,0.0,0.0286,61.009,-331.442,-0.000499,0.0,0.0,0.0,0.0,0.0,0.0,0.0,0.0,0.0,0.0,5,0,-1,51.0,Driving,False,0.875,0.0,0.0,0.0,False,False,0,,,,NONE,False,Green,30.0
43,5.3881,0.45,374,entity_2,pedestrian,walker.pedestrian.0001,entity_2,63.8565,332.3969,0.9515,0.0,0.0,-89.9713,63.8565,-332.3969,1.570295,0.0,0.0,0.0,0.0,0.0,0.0,0.0,0.0,0.0,0.0,5,0,-2,53.85,Shoulder,False,-0.322,,,,,,,1.0,0.0,0.0,,,,
43,5.3881,0.45,373,Vehicle 4,vehicle,vehicle.tesla.model3,hero_3,25.009,330.5476,0.0014,-0.0004,0.0002,0.0318,25.009,-330.5476,-0.000555,0.0,0.0,0.0013,0.0013,-0.0,0.0,-0.0028,-0.0023,0.0011,0.0,5,0,-1,15.0,Driving,False,-0.0,0.75,0.012,0.0,False,False,0,,,,NONE,False,Green,30.0
43,5.3881,0.45,372,Vehicle 3,vehicle,vehicle.tesla.model3,hero_2,17.009,330.5433,0.0014,-0.0004,0.0002,0.0314,17.009,-330.5433,-0.000548,0.0,0.0,0.0013,0.0013,-0.0,0.0,-0.0028,-0.0023,0.0011,-0.0,5,0,-1,7.0,Driving,False,-0.0,0.0,-0.008,0.972,False,False,0,,,,NONE,False,Green,30.0
43,5.3881,0.45,371,Vehicle 2,vehicle,vehicle.tesla.model3,hero_1,77.011,326.576,0.0015,-0.0004,0.0002,-179.9711,77.011,-326.576,3.141088,-0.0,-0.0,0.0013,0.0013,0.0,0.0,-0.0026,0.0022,-0.001,0.0,5,0,1,67.0,Driving,False,-0.0,0.75,0.016,0.0,False,False,0,,,,NONE,False,Green,30.0
43,5.3881,0.45,370,Vehicle 1,vehicle,vehicle.tesla.model3,hero_0,9.2929,330.5399,0.0008,-0.0154,0.0259,0.032,9.2929,-330.5399,-0.000559,-0.0,-0.0,0.0011,0.0011,-0.0,0.0,-0.0012,0.0005,0.0001,0.0,20,0,1,0.7,Driving,False,0.0,0.0,-0.007,0.995,False,False,0,,,,NONE,False,Green,30.0
44,5.4381,0.5,375,entity_1,vehicle,vehicle.audi.a2,entity_1,61.009,331.442,-0.0073,0.0,0.0,0.0286,61.009,-331.442,-0.000499,0.0,0.0,0.0,0.0,0.0,0.0,0.0,0.0,0.0,0.0,5,0,-1,51.0,Driving,False,0.875,0.0,0.0,0.0,False,False,0,,,,NONE,False,Green,30.0
44,5.4381,0.5,374,entity_2,pedestrian,walker.pedestrian.0001,entity_2,63.8565,332.3969,0.9515,0.0,0.0,-89.9713,63.8565,-332.3969,1.570295,0.0,0.0,0.0,0.0,0.0,0.0,0.0,0.0,0.0,0.0,5,0,-2,53.85,Shoulder,False,-0.322,,,,,,,1.0,0.0,0.0,,,,
44,5.4381,0.5,373,Vehicle 4,vehicle,vehicle.tesla.model3,hero_3,25.009,330.5476,0.0015,-0.0004,0.0002,0.0318,25.009,-330.5476,-0.000555,0.0,0.0,0.0011,0.0011,-0.0,0.0,-0.0048,-0.0019,0.0008,0.0,5,0,-1,15.0,Driving,False,-0.0,0.75,0.012,0.0,False,False,0,,,,NONE,False,Green,30.0
44,5.4381,0.5,372,Vehicle 3,vehicle,vehicle.tesla.model3,hero_2,17.009,330.5433,0.0015,-0.0004,0.0002,0.0314,17.009,-330.5433,-0.000548,0.0,0.0,0.0011,0.0011,-0.0,0.0,-0.0048,-0.0018,0.0008,-0.0,5,0,-1,7.0,Driving,False,-0.0,0.0,-0.008,0.972,False,False,0,,,,NONE,False,Green,30.0
44,5.4381,0.5,371,Vehicle 2,vehicle,vehicle.tesla.model3,hero_1,77.011,326.576,0.0015,-0.0004,0.0002,-179.9711,77.011,-326.576,3.141088,-0.0,-0.0,0.0011,0.0011,0.0,-0.0,-0.0047,0.0017,-0.0007,0.0,5,0,1,67.0,Driving,False,-0.0,0.75,0.016,0.0,False,False,0,,,,NONE,False,Green,30.0
44,5.4381,0.5,370,Vehicle 1,vehicle,vehicle.tesla.model3,hero_0,9.2929,330.5399,0.0008,-0.0154,0.0259,0.032,9.2929,-330.5399,-0.000559,-0.0,-0.0,0.0009,0.0009,0.0,0.0,-0.0034,0.0004,0.0001,0.0,20,0,1,0.7,Driving,False,0.0,0.0,-0.007,0.995,False,False,0,,,,NONE,False,Green,30.0
45,5.4881,0.55,375,entity_1,vehicle,vehicle.audi.a2,entity_1,61.009,331.442,-0.0073,0.0,0.0,0.0286,61.009,-331.442,-0.000499,0.0,0.0,0.0,0.0,0.0,0.0,0.0,0.0,0.0,0.0,5,0,-1,51.0,Driving,False,0.875,0.0,0.0,0.0,False,False,0,,,,NONE,False,Green,30.0
45,5.4881,0.55,374,entity_2,pedestrian,walker.pedestrian.0001,entity_2,63.8565,332.3969,0.9515,0.0,0.0,-89.9713,63.8565,-332.3969,1.570295,0.0,0.0,0.0,0.0,0.0,0.0,0.0,0.0,0.0,0.0,5,0,-2,53.85,Shoulder,False,-0.322,,,,,,,1.0,0.0,0.0,,,,
45,5.4881,0.55,373,Vehicle 4,vehicle,vehicle.tesla.model3,hero_3,25.009,330.5476,0.0016,-0.0002,0.0001,0.0318,25.009,-330.5476,-0.000555,0.0,-0.0,0.0009,0.0009,-0.0,-0.0,-0.005,-0.0013,0.0006,0.0,5,0,-1,15.0,Driving,False,-0.0,0.75,0.012,0.0,False,False,0,,,,NONE,False,Green,30.0
45,5.4881,0.55,372,Vehicle 3,vehicle,vehicle.tesla.model3,hero_2,17.009,330.5433,0.0016,-0.0002,0.0001,0.0314,17.009,-330.5433,-0.000548,0.0,-0.0,0.0009,0.0009,-0.0,-0.0,-0.005,-0.0013,0.0006,-0.0,5,0,-1,7.0,Driving,False,-0.0,0.0,-0.008,0.972,False,False,0,,,,NONE,False,Green,30.0
45,5.4881,0.55,371,Vehicle 2,vehicle,vehicle.tesla.model3,hero_1,77.011,326.576,0.0016,-0.0002,0.0001,-179.9711,77.011,-326.576,3.141088,-0.0,-0.0,0.0008,0.0008,0.0,0.0,-0.0048,0.0012,-0.0005,0.0,5,0,1,67.0,Driving,False,-0.0,0.75,0.016,0.0,False,False,0,,,,NONE,False,Green,30.0
45,5.4881,0.55,370,Vehicle 1,vehicle,vehicle.tesla.model3,hero_0,9.2929,330.5399,0.0008,-0.0154,0.0259,0.032,9.2929,-330.5399,-0.000559,-0.0,-0.0,0.0007,0.0007,0.0,0.0,-0.0038,0.0003,0.0001,0.0,20,0,1,0.7,Driving,False,0.0,0.0,-0.007,0.995,False,False,0,,,,NONE,False,Green,30.0
46,5.5381,0.6,375,entity_1,vehicle,vehicle.audi.a2,entity_1,61.009,331.442,-0.0073,0.0,0.0,0.0286,61.009,-331.442,-0.000499,0.0,0.0,0.0,0.0,0.0,0.0,0.0,0.0,0.0,0.0,5,0,-1,51.0,Driving,False,0.875,0.0,0.0,0.0,False,False,0,,,,NONE,False,Green,30.0
46,5.5381,0.6,374,entity_2,pedestrian,walker.pedestrian.0001,entity_2,63.8565,332.3969,0.9515,0.0,0.0,-89.9713,63.8565,-332.3969,1.570295,0.0,0.0,0.0,0.0,0.0,0.0,0.0,0.0,0.0,0.0,5,0,-2,53.85,Shoulder,False,-0.322,,,,,,,1.0,0.0,0.0,,,,
46,5.5381,0.6,373,Vehicle 4,vehicle,vehicle.tesla.model3,hero_3,25.009,330.5476,0.0016,-0.0002,0.0001,0.0318,25.009,-330.5476,-0.000555,0.0,0.0,0.0006,0.0006,-0.0,0.0,-0.0043,-0.001,0.0004,0.0,5,0,-1,15.0,Driving,False,-0.0,0.75,0.012,0.0,False,False,0,,,,NONE,False,Green,30.0
46,5.5381,0.6,372,Vehicle 3,vehicle,vehicle.tesla.model3,hero_2,17.009,330.5433,0.0016,-0.0002,0.0001,0.0314,17.009,-330.5433,-0.000548,0.0,0.0,0.0006,0.0006,-0.0,0.0,-0.0043,-0.001,0.0004,-0.0,5,0,-1,7.0,Driving,False,-0.0,0.0,-0.008,0.972,False,False,0,,,,NONE,False,Green,30.0
46,5.5381,0.6,371,Vehicle 2,vehicle,vehicle.tesla.model3,hero_1,77.011,326.576,0.0016,-0.0002,0.0001,-179.9711,77.011,-326.576,3.141088,-0.0,-0.0,0.0006,0.0006,0.0,-0.0,-0.0042,0.001,-0.0004,0.0,5,0,1,67.0,Driving,False,-0.0,0.75,0.016,0.0,False,False,0,,,,NONE,False,Green,30.0
46,5.5381,0.6,370,Vehicle 1,vehicle,vehicle.tesla.model3,hero_0,9.2929,330.5399,0.0009,-0.0154,0.0259,0.032,9.2929,-330.5399,-0.000559,-0.0,-0.0,0.0005,0.0005,0.0,0.0,-0.0034,0.0003,0.0,0.0,20,0,1,0.7,Driving,False,0.0,0.0,-0.007,0.995,False,False,0,,,,NONE,False,Green,30.0
47,5.5881,0.65,375,entity_1,vehicle,vehicle.audi.a2,entity_1,61.009,331.442,-0.0073,0.0,0.0,0.0286,61.009,-331.442,-0.000499,0.0,0.0,0.0,0.0,0.0,0.0,0.0,0.0,0.0,0.0,5,0,-1,51.0,Driving,False,0.875,0.0,0.0,0.0,False,False,0,,,,NONE,False,Green,30.0
47,5.5881,0.65,374,entity_2,pedestrian,walker.pedestrian.0001,entity_2,63.8565,332.3969,0.9515,0.0,0.0,-89.9713,63.8565,-332.3969,1.570295,0.0,0.0,0.0,0.0,0.0,0.0,0.0,0.0,0.0,0.0,5,0,-2,53.85,Shoulder,False,-0.322,,,,,,,1.0,0.0,0.0,,,,
47,5.5881,0.65,373,Vehicle 4,vehicle,vehicle.tesla.model3,hero_3,25.009,330.5476,0.0016,-0.0002,0.0001,0.0318,25.009,-330.5476,-0.000555,0.0,0.0,0.0002,0.0002,-0.0,0.0,-0.0086,-0.0005,0.0002,0.0,5,0,-1,15.0,Driving,False,-0.0,0.75,0.008,0.0,False,False,0,,,,NONE,False,Green,30.0
47,5.5881,0.65,372,Vehicle 3,vehicle,vehicle.tesla.model3,hero_2,17.009,330.5433,0.0016,-0.0002,0.0001,0.0314,17.009,-330.5433,-0.000548,0.0,0.0,0.0002,0.0002,-0.0,0.0,-0.0086,-0.0004,0.0002,-0.0,5,0,-1,7.0,Driving,False,-0.0,0.0,-0.01,0.937,False,False,0,,,,NONE,False,Green,30.0
47,5.5881,0.65,371,Vehicle 2,vehicle,vehicle.tesla.model3,hero_1,77.011,326.576,0.0016,-0.0002,0.0001,-179.9711,77.011,-326.576,3.141088,-0.0,-0.0,0.0002,0.0002,0.0,0.0,-0.0084,0.0004,-0.0002,0.0,5,0,1,67.0,Driving,False,-0.0,0.75,0.014,0.0,False,False,0,,,,NONE,False,Green,30.0
47,5.5881,0.65,370,Vehicle 1,vehicle,vehicle.tesla.model3,hero_0,9.2929,330.5399,0.0009,-0.0154,0.0259,0.032,9.2929,-330.5399,-0.000559,-0.0,-0.0,0.0002,0.0002,0.0,0.0,-0.007,0.0,0.0,0.0,20,0,1,0.7,Driving,False,0.0,0.0,-0.007,1.0,False,False,0,,,,NONE,False,Green,30.0
48,5.6381,0.7,375,entity_1,vehicle,vehicle.audi.a2,entity_1,61.009,331.442,-0.0073,0.0,0.0,0.0286,61.009,-331.442,-0.000499,0.0,0.0,0.0,0.0,0.0,0.0,0.0,0.0,0.0,0.0,5,0,-1,51.0,Driving,False,0.875,0.0,0.0,0.0,False,False,0,,,,NONE,False,Green,30.0
48,5.6381,0.7,374,entity_2,pedestrian,walker.pedestrian.0001,entity_2,63.8565,332.3969,0.9515,0.0,0.0,-89.9713,63.8565,-332.3969,1.570295,0.0,0.0,0.0,0.0,0.0,0.0,0.0,0.0,0.0,0.0,5,0,-2,53.85,Shoulder,False,-0.322,,,,,,,1.0,0.0,0.0,,,,
48,5.6381,0.7,373,Vehicle 4,vehicle,vehicle.tesla.model3,hero_3,25.009,330.5476,0.0016,-0.0001,0.0001,0.0318,25.009,-330.5476,-0.000555,0.0,0.0,0.0003,0.0003,0.0,-0.0,0.0015,-0.0006,0.0003,0.0,5,0,-1,15.0,Driving,False,-0.0,0.75,0.008,0.0,False,False,0,,,,NONE,False,Green,30.0
48,5.6381,0.7,372,Vehicle 3,vehicle,vehicle.tesla.model3,hero_2,17.009,330.5433,0.0016,-0.0001,0.0001,0.0314,17.009,-330.5433,-0.000548,0.0,-0.0,0.0003,0.0003,0.0,-0.0,0.0015,-0.0005,0.0003,-0.0,5,0,-1,7.0,Driving,False,-0.0,0.0,-0.01,0.937,False,False,0,,,,NONE,False,Green,30.0
48,5.6381,0.7,371,Vehicle 2,vehicle,vehicle.tesla.model3,hero_1,77.011,326.576,0.0016,-0.0002,0.0001,-179.9711,77.011,-326.576,3.141088,-0.0,-0.0,0.0003,0.0003,-0.0,0.0,0.0014,0.0006,-0.0002,0.0,5,0,1,67.0,Driving,False,-0.0,0.75,0.014,0.0,False,False,0,,,,NONE,False,Green,30.0
48,5.6381,0.7,370,Vehicle 1,vehicle,vehicle.tesla.model3,hero_0,9.2929,330.5399,0.0009,-0.0154,0.0259,0.032,9.2929,-330.5399,-0.000559,-0.0,-0.0,0.0002,0.0002,-0.0,-0.0,0.0012,0.0001,0.0,0.0,20,0,1,0.7,Driving,False,0.0,0.0,-0.007,1.0,False,False,0,,,,NONE,False,Green,30.0
49,5.6881,0.75,375,entity_1,vehicle,vehicle.audi.a2,entity_1,61.009,331.442,-0.0073,0.0,0.0,0.0286,61.009,-331.442,-0.000499,0.0,0.0,0.0,0.0,0.0,0.0,0.0,0.0,0.0,0.0,5,0,-1,51.0,Driving,False,0.875,0.0,0.0,0.0,False,False,0,,,,NONE,False,Green,30.0
49,5.6881,0.75,374,entity_2,pedestrian,walker.pedestrian.0001,entity_2,63.8565,332.3969,0.9515,0.0,0.0,-89.9713,63.8565,-332.3969,1.570295,0.0,0.0,0.0,0.0,0.0,0.0,0.0,0.0,0.0,0.0,5,0,-2,53.85,Shoulder,False,-0.322,,,,,,,1.0,0.0,0.0,,,,
49,5.6881,0.75,373,Vehicle 4,vehicle,vehicle.tesla.model3,hero_3,25.009,330.5476,0.0016,-0.0001,0.0001,0.0318,25.009,-330.5476,-0.000555,0.0,-0.0,0.0003,0.0003,-0.0,-0.0,-0.0002,-0.0005,0.0002,0.0,5,0,-1,15.0,Driving,False,-0.0,0.75,0.008,0.0,False,False,0,,,,NONE,False,Green,30.0
49,5.6881,0.75,372,Vehicle 3,vehicle,vehicle.tesla.model3,hero_2,17.009,330.5433,0.0016,-0.0001,0.0001,0.0314,17.009,-330.5433,-0.000548,0.0,-0.0,0.0003,0.0003,-0.0,-0.0,-0.0002,-0.0005,0.0002,-0.0,5,0,-1,7.0,Driving,False,-0.0,0.0,-0.01,0.937,False,False,0,,,,NONE,False,Green,30.0
49,5.6881,0.75,371,Vehicle 2,vehicle,vehicle.tesla.model3,hero_1,77.011,326.576,0.0016,-0.0001,0.0,-179.9711,77.011,-326.576,3.141088,-0.0,-0.0,0.0003,0.0003,0.0,-0.0,-0.0002,0.0005,-0.0002,0.0,5,0,1,67.0,Driving,False,-0.0,0.75,0.014,0.0,False,False,0,,,,NONE,False,Green,30.0
49,5.6881,0.75,370,Vehicle 1,vehicle,vehicle.tesla.model3,hero_0,9.2929,330.5399,0.0009,-0.0154,0.0259,0.032,9.2929,-330.5399,-0.000559,-0.0,-0.0,0.0002,0.0002,0.0,0.0,-0.0002,0.0001,0.0,0.0,20,0,1,0.7,Driving,False,0.0,0.0,-0.007,1.0,False,False,0,,,,NONE,False,Green,30.0
50,5.7381,0.8,375,entity_1,vehicle,vehicle.audi.a2,entity_1,61.009,331.442,-0.0073,0.0,0.0,0.0286,61.009,-331.442,-0.000499,0.0,0.0,0.0,0.0,0.0,0.0,0.0,0.0,0.0,0.0,5,0,-1,51.0,Driving,False,0.875,0.0,0.0,0.0,False,False,0,,,,NONE,False,Green,30.0
50,5.7381,0.8,374,entity_2,pedestrian,walker.pedestrian.0001,entity_2,63.8565,332.3969,0.9515,0.0,0.0,-89.9713,63.8565,-332.3969,1.570295,0.0,0.0,0.0,0.0,0.0,0.0,0.0,0.0,0.0,0.0,5,0,-2,53.85,Shoulder,False,-0.322,,,,,,,1.0,0.0,0.0,,,,
50,5.7381,0.8,373,Vehicle 4,vehicle,vehicle.tesla.model3,hero_3,25.009,330.5476,0.0016,-0.0001,0.0001,0.0318,25.009,-330.5476,-0.000555,0.0,-0.0,0.0002,0.0002,-0.0,0.0,-0.0008,-0.0004,0.0002,0.0,5,0,-1,15.0,Driving,False,-0.0,0.75,0.008,0.0,False,False,0,,,,NONE,False,Green,30.0
50,5.7381,0.8,372,Vehicle 3,vehicle,vehicle.tesla.model3,hero_2,17.009,330.5433,0.0016,-0.0001,0.0001,0.0314,17.009,-330.5433,-0.000548,0.0,-0.0,0.0002,0.0002,-0.0,-0.0,-0.0008,-0.0004,0.0002,-0.0,5,0,-1,7.0,Driving,False,-0.0,0.0,-0.01,0.937,False,False,0,,,,NONE,False,Green,30.0
50,5.7381,0.8,371,Vehicle 2,vehicle,vehicle.tesla.model3,hero_1,77.011,326.576,0.0016,-0.0001,0.0,-179.9711,77.011,-326.576,3.141088,-0.0,0.0,0.0002,0.0002,0.0,0.0,-0.0008,0.0003,-0.0002,0.0,5,0,1,67.0,Driving,False,-0.0,0.75,0.014,0.0,False,False,0,,,,NONE,False,Green,30.0
50,5.7381,0.8,370,Vehicle 1,vehicle,vehicle.tesla.model3,hero_0,9.2929,330.5399,0.0009,-0.0154,0.0259,0.032,9.2929,-330.5399,-0.000559,-0.0,-0.0,0.0002,0.0002,0.0,0.0,-0.0007,0.0001,0.0,0.0,20,0,1,0.7,Driving,False,0.0,0.0,-0.007,1.0,False,False,0,,,,NONE,False,Green,30.0
51,5.7881,0.85,375,entity_1,vehicle,vehicle.audi.a2,entity_1,61.009,331.442,-0.0073,0.0,0.0,0.0286,61.009,-331.442,-0.000499,0.0,0.0,0.0,0.0,0.0,0.0,0.0,0.0,0.0,0.0,5,0,-1,51.0,Driving,False,0.875,0.0,0.0,0.0,False,False,0,,,,NONE,False,Green,30.0
51,5.7881,0.85,374,entity_2,pedestrian,walker.pedestrian.0001,entity_2,63.8565,332.3969,0.9515,0.0,0.0,-89.9713,63.8565,-332.3969,1.570295,0.0,0.0,0.0,0.0,0.0,0.0,0.0,0.0,0.0,0.0,5,0,-2,53.85,Shoulder,False,-0.322,,,,,,,1.0,0.0,0.0,,,,
51,5.7881,0.85,373,Vehicle 4,vehicle,vehicle.tesla.model3,hero_3,25.009,330.5476,0.0017,-0.0001,0.0001,0.0318,25.009,-330.5476,-0.000555,0.0,0.0,0.0002,0.0002,-0.0,0.0,-0.001,-0.0003,0.0002,0.0,5,0,-1,15.0,Driving,False,-0.0,0.75,0.01,0.0,False,False,0,,,,NONE,False,Green,30.0
51,5.7881,0.85,372,Vehicle 3,vehicle,vehicle.tesla.model3,hero_2,17.009,330.5433,0.0017,-0.0001,0.0001,0.0314,17.009,-330.5433,-0.000548,0.0,-0.0,0.0002,0.0002,-0.0,0.0,-0.001,-0.0003,0.0001,-0.0,5,0,-1,7.0,Driving,False,-0.0,0.0,-0.009,0.957,False,False,0,,,,NONE,False,Green,30.0
51,5.7881,0.85,371,Vehicle 2,vehicle,vehicle.tesla.model3,hero_1,77.011,326.576,0.0017,-0.0001,0.0,-179.9711,77.011,-326.576,3.141088,-0.0,-0.0,0.0002,0.0002,0.0,-0.0,-0.001,0.0003,-0.0001,0.0,5,0,1,67.0,Driving,False,-0.0,0.75,0.02,0.0,False,False,0,,,,NONE,False,Green,30.0
51,5.7881,0.85,370,Vehicle 1,vehicle,vehicle.tesla.model3,hero_0,9.2929,330.5399,0.0009,-0.0154,0.0259,0.032,9.2929,-330.5399,-0.000559,-0.0,-0.0,0.0002,0.0002,0.0,0.0,-0.0008,0.0,0.0,0.0,20,0,1,0.7,Driving,False,0.0,0.0,-0.008,0.982,False,False,0,,,,NONE,False,Green,30.0
52,5.8381,0.9,375,entity_1,vehicle,vehicle.audi.a2,entity_1,61.009,331.442,-0.0073,0.0,0.0,0.0286,61.009,-331.442,-0.000499,0.0,0.0,0.0,0.0,0.0,0.0,0.0,0.0,0.0,0.0,5,0,-1,51.0,Driving,False,0.875,0.0,0.0,0.0,False,False,0,,,,NONE,False,Green,30.0
52,5.8381,0.9,374,entity_2,pedestrian,walker.pedestrian.0001,entity_2,63.8565,332.3969,0.9515,0.0,0.0,-89.9713,63.8565,-332.3969,1.570295,0.0,0.0,0.0,0.0,0.0,0.0,0.0,0.0,0.0,0.0,5,0,-2,53.85,Shoulder,False,-0.322,,,,,,,1.0,0.0,0.0,,,,
52,5.8381,0.9,373,Vehicle 4,vehicle,vehicle.tesla.model3,hero_3,25.009,330.5476,0.0017,-0.0001,0.0001,0.0318,25.009,-330.5476,-0.000555,0.0,-0.0,0.0001,0.0001,-0.0,-0.0,-0.0009,-0.0002,0.0001,0.0,5,0,-1,15.0,Driving,False,-0.0,0.75,0.01,0.0,False,False,0,,,,NONE,False,Green,30.0
52,5.8381,0.9,372,Vehicle 3,vehicle,vehicle.tesla.model3,hero_2,17.009,330.5433,0.0017,-0.0001,0.0001,0.0314,17.009,-330.5433,-0.000548,0.0,-0.0,0.0001,0.0001,-0.0,0.0,-0.0009,-0.0002,0.0001,-0.0,5,0,-1,7.0,Driving,False,-0.0,0.0,-0.009,0.957,False,False,0,,,,NONE,False,Green,30.0
52,5.8381,0.9,371,Vehicle 2,vehicle,vehicle.tesla.model3,hero_1,77.011,326.576,0.0017,-0.0001,0.0,-179.9711,77.011,-326.576,3.141088,-0.0,-0.0,0.0001,0.0001,0.0,-0.0,-0.0009,0.0002,-0.0001,0.0,5,0,1,67.0,Driving,False,-0.0,0.75,0.02,0.0,False,False,0,,,,NONE,False,Green,30.0
52,5.8381,0.9,370,Vehicle 1,vehicle,vehicle.tesla.model3,hero_0,9.2929,330.5399,0.0009,-0.0154,0.0259,0.032,9.2929,-330.5399,-0.000559,-0.0,-0.0,0.0001,0.0001,0.0,0.0,-0.0007,0.0001,0.0,0.0,20,0,1,0.7,Driving,False,0.0,0.0,-0.008,0.982,False,False,0,,,,NONE,False,Green,30.0
53,5.8881,0.95,375,entity_1,vehicle,vehicle.audi.a2,entity_1,61.009,331.442,-0.0073,0.0,0.0,0.0286,61.009,-331.442,-0.000499,0.0,0.0,0.0,0.0,0.0,0.0,0.0,0.0,0.0,0.0,5,0,-1,51.0,Driving,False,0.875,0.0,0.0,0.0,False,False,0,,,,NONE,False,Green,30.0
53,5.8881,0.95,374,entity_2,pedestrian,walker.pedestrian.0001,entity_2,63.8565,332.3969,0.9515,0.0,0.0,-89.9713,63.8565,-332.3969,1.570295,0.0,0.0,0.0,0.0,0.0,0.0,0.0,0.0,0.0,0.0,5,0,-2,53.85,Shoulder,False,-0.322,,,,,,,1.0,0.0,0.0,,,,
53,5.8881,0.95,373,Vehicle 4,vehicle,vehicle.tesla.model3,hero_3,25.009,330.5476,0.0017,-0.0001,0.0001,0.0318,25.009,-330.5476,-0.000555,0.0,-0.0,0.0001,0.0001,-0.0,-0.0,-0.0007,-0.0001,0.0001,0.0,5,0,-1,15.0,Driving,False,-0.0,0.75,0.01,0.0,False,False,0,,,,NONE,False,Green,30.0
53,5.8881,0.95,372,Vehicle 3,vehicle,vehicle.tesla.model3,hero_2,17.009,330.5433,0.0017,-0.0001,0.0001,0.0314,17.009,-330.5433,-0.000548,0.0,0.0,0.0001,0.0001,-0.0,0.0,-0.0008,-0.0002,0.0001,-0.0,5,0,-1,7.0,Driving,False,-0.0,0.0,-0.009,0.957,False,False,0,,,,NONE,False,Green,30.0
53,5.8881,0.95,371,Vehicle 2,vehicle,vehicle.tesla.model3,hero_1,77.011,326.576,0.0017,-0.0001,0.0,-179.9711,77.011,-326.576,3.141088,-0.0,0.0,0.0001,0.0001,0.0,0.0,-0.0007,0.0001,-0.0001,0.0,5,0,1,67.0,Driving,False,-0.0,0.75,0.02,0.0,False,False,0,,,,NONE,False,Green,30.0
53,5.8881,0.95,370,Vehicle 1,vehicle,vehicle.tesla.model3,hero_0,9.2929,330.5399,0.0009,-0.0154,0.0259,0.032,9.2929,-330.5399,-0.000559,-0.0,-0.0,0.0001,0.0001,-0.0,0.0,-0.0006,0.0,-0.0,0.0,20,0,1,0.7,Driving,False,0.0,0.0,-0.008,0.982,False,False,0,,,,NONE,False,Green,30.0
54,5.9381,1.0,375,entity_1,vehicle,vehicle.audi.a2,entity_1,61.009,331.442,-0.0073,0.0,0.0,0.0286,61.009,-331.442,-0.000499,0.0,0.0,0.0,0.0,0.0,0.0,0.0,0.0,0.0,0.0,5,0,-1,51.0,Driving,False,0.875,0.0,0.0,0.0,False,False,0,,,,NONE,False,Green,30.0
54,5.9381,1.0,374,entity_2,pedestrian,walker.pedestrian.0001,entity_2,63.8565,332.3969,0.9515,0.0,0.0,-89.9713,63.8565,-332.3969,1.570295,0.0,0.0,0.0,0.0,0.0,0.0,0.0,0.0,0.0,0.0,5,0,-2,53.85,Shoulder,False,-0.322,,,,,,,1.0,0.0,0.0,,,,
54,5.9381,1.0,373,Vehicle 4,vehicle,vehicle.tesla.model3,hero_3,25.009,330.5476,0.0017,-0.0001,0.0001,0.0318,25.009,-330.5476,-0.000555,0.0,-0.0,0.0001,0.0001,0.0,0.0,-0.0006,-0.0001,0.0001,0.0,5,0,-1,15.0,Driving,False,-0.0,0.75,0.01,0.0,False,False,0,,,,NONE,False,Green,30.0
54,5.9381,1.0,372,Vehicle 3,vehicle,vehicle.tesla.model3,hero_2,17.009,330.5433,0.0017,-0.0001,0.0001,0.0314,17.009,-330.5433,-0.000548,0.0,-0.0,0.0001,0.0001,-0.0,-0.0,-0.0005,-0.0001,0.0001,-0.0,5,0,-1,7.0,Driving,False,-0.0,0.0,-0.009,0.957,False,False,0,,,,NONE,False,Green,30.0
54,5.9381,1.0,371,Vehicle 2,vehicle,vehicle.tesla.model3,hero_1,77.011,326.576,0.0017,-0.0001,0.0,-179.9711,77.011,-326.576,3.141088,-0.0,-0.0,0.0001,0.0001,0.0,-0.0,-0.0006,0.0001,-0.0,0.0,5,0,1,67.0,Driving,False,-0.0,0.75,0.02,0.0,False,False,0,,,,NONE,False,Green,30.0
54,5.9381,1.0,370,Vehicle 1,vehicle,vehicle.tesla.model3,hero_0,9.2929,330.5399,0.0009,-0.0154,0.0259,0.032,9.2929,-330.5399,-0.000559,-0.0,-0.0,0.0001,0.0001,0.0,-0.0,-0.0005,0.0,0.0,0.0,20,0,1,0.7,Driving,False,0.0,0.0,-0.008,0.982,False,False,0,,,,NONE,False,Green,30.0
55,5.9881,1.05,375,entity_1,vehicle,vehicle.audi.a2,entity_1,61.009,331.442,-0.0073,0.0,0.0,0.0286,61.009,-331.442,-0.000499,0.0,0.0,0.0,0.0,0.0,0.0,0.0,0.0,0.0,0.0,5,0,-1,51.0,Driving,False,0.875,0.0,0.0,0.0,False,False,0,,,,NONE,False,Green,30.0
55,5.9881,1.05,374,entity_2,pedestrian,walker.pedestrian.0001,entity_2,63.8565,332.3969,0.9515,0.0,0.0,-89.9713,63.8565,-332.3969,1.570295,0.0,0.0,0.0,0.0,0.0,0.0,0.0,0.0,0.0,0.0,5,0,-2,53.85,Shoulder,False,-0.322,,,,,,,1.0,0.0,0.0,,,,
55,5.9881,1.05,373,Vehicle 4,vehicle,vehicle.tesla.model3,hero_3,25.009,330.5476,0.0017,-0.0001,0.0001,0.0318,25.009,-330.5476,-0.000555,0.0,0.0,0.0,0.0,-0.0,0.0,-0.0012,-0.0001,0.0,0.0,5,0,-1,15.0,Driving,False,-0.0,0.75,0.011,0.0,False,False,0,,,,NONE,False,Green,30.0
55,5.9881,1.05,372,Vehicle 3,vehicle,vehicle.tesla.model3,hero_2,17.009,330.5433,0.0017,-0.0001,0.0001,0.0314,17.009,-330.5433,-0.000548,0.0,0.0,0.0,0.0,-0.0,0.0,-0.0012,-0.0,0.0,0.0,5,0,-1,7.0,Driving,False,-0.0,0.0,-0.009,0.919,False,False,0,,,,NONE,False,Green,30.0
55,5.9881,1.05,371,Vehicle 2,vehicle,vehicle.tesla.model3,hero_1,77.011,326.576,0.0017,-0.0001,0.0,-179.9711,77.011,-326.576,3.141088,-0.0,-0.0,0.0,0.0,0.0,0.0,-0.0012,0.0,-0.0,0.0,5,0,1,67.0,Driving,False,-0.0,0.75,0.015,0.0,False,False,0,,,,NONE,False,Green,30.0
55,5.9881,1.05,370,Vehicle 1,vehicle,vehicle.tesla.model3,hero_0,9.2929,330.5399,0.0009,-0.0154,0.0259,0.032,9.2929,-330.5399,-0.000559,-0.0,-0.0,0.0,0.0,0.0,0.0,-0.001,0.0,0.0,0.0,20,0,1,0.7,Driving,False,0.0,0.0,-0.008,0.967,False,False,0,,,,NONE,False,Green,30.0
56,6.0381,1.1,375,entity_1,vehicle,vehicle.audi.a2,entity_1,61.009,331.442,-0.0073,0.0,0.0,0.0286,61.009,-331.442,-0.000499,0.0,0.0,0.0,0.0,0.0,0.0,0.0,0.0,0.0,0.0,5,0,-1,51.0,Driving,False,0.875,0.0,0.0,0.0,False,False,0,,,,NONE,False,Green,30.0
56,6.0381,1.1,374,entity_2,pedestrian,walker.pedestrian.0001,entity_2,63.8565,332.3969,0.9515,0.0,0.0,-89.9713,63.8565,-332.3969,1.570295,0.0,0.0,0.0,0.0,0.0,0.0,0.0,0.0,0.0,0.0,5,0,-2,53.85,Shoulder,False,-0.322,,,,,,,1.0,0.0,0.0,,,,
56,6.0381,1.1,373,Vehicle 4,vehicle,vehicle.tesla.model3,hero_3,25.009,330.5476,0.0017,-0.0001,0.0001,0.0318,25.009,-330.5476,-0.000555,-0.0,-0.0,0.0,0.0,-0.0,-0.0,0.0002,-0.0,-0.0,-0.0,5,0,-1,15.0,Driving,False,-0.0,0.75,0.011,0.0,False,False,0,,,,NONE,False,Green,30.0
56,6.0381,1.1,372,Vehicle 3,vehicle,vehicle.tesla.model3,hero_2,17.009,330.5433,0.0017,-0.0001,0.0001,0.0314,17.009,-330.5433,-0.000548,0.0,-0.0,0.0,0.0,-0.0,-0.0,0.0003,-0.0,0.0,-0.0,5,0,-1,7.0,Driving,False,-0.0,0.0,-0.009,0.919,False,False,0,,,,NONE,False,Green,30.0
56,6.0381,1.1,371,Vehicle 2,vehicle,vehicle.tesla.model3,hero_1,77.011,326.576,0.0017,-0.0001,0.0,-179.9711,77.011,-326.576,3.141088,0.0,-0.0,0.0,0.0,0.0,0.0,0.0002,0.0001,0.0,0.0,5,0,1,67.0,Driving,False,-0.0,0.75,0.015,0.0,False,False,0,,,,NONE,False,Green,30.0
56,6.0381,1.1,370,Vehicle 1,vehicle,vehicle.tesla.model3,hero_0,9.2929,330.5399,0.0009,-0.0154,0.0259,0.032,9.2929,-330.5399,-0.000559,-0.0,-0.0,0.0,0.0,-0.0,-0.0,0.0002,0.0,-0.0,0.0,20,0,1,0.7,Driving,False,0.0,0.0,-0.008,0.967,False,False,0,,,,NONE,False,Green,30.0
57,6.0881,1.15,375,entity_1,vehicle,vehicle.audi.a2,entity_1,61.009,331.442,-0.0073,0.0,0.0,0.0286,61.009,-331.442,-0.000499,0.0,0.0,0.0,0.0,0.0,0.0,0.0,0.0,0.0,0.0,5,0,-1,51.0,Driving,False,0.875,0.0,0.0,0.0,False,False,0,,,,NONE,False,Green,30.0
57,6.0881,1.15,374,entity_2,pedestrian,walker.pedestrian.0001,entity_2,63.8565,332.3969,0.9515,0.0,0.0,-89.9713,63.8565,-332.3969,1.570295,0.0,0.0,0.0,0.0,0.0,0.0,0.0,0.0,0.0,0.0,5,0,-2,53.85,Shoulder,False,-0.322,,,,,,,1.0,0.0,0.0,,,,
57,6.0881,1.15,373,Vehicle 4,vehicle,vehicle.tesla.model3,hero_3,25.009,330.5476,0.0017,0.0,0.0,0.0318,25.009,-330.5476,-0.000555,0.0,-0.0,0.0,0.0,0.0,0.0,0.0,-0.0,0.0,0.0,5,0,-1,15.0,Driving,False,-0.0,0.75,0.011,0.0,False,False,0,,,,NONE,False,Green,30.0
57,6.0881,1.15,372,Vehicle 3,vehicle,vehicle.tesla.model3,hero_2,17.009,330.5433,0.0017,0.0,0.0,0.0314,17.009,-330.5433,-0.000548,-0.0,-0.0,0.0,0.0,-0.0,0.0,0.0,-0.0001,-0.0,-0.0,5,0,-1,7.0,Driving,False,-0.0,0.0,-0.009,0.919,False,False,0,,,,NONE,False,Green,30.0
57,6.0881,1.15,371,Vehicle 2,vehicle,vehicle.tesla.model3,hero_1,77.011,326.576,0.0017,-0.0001,0.0,-179.9711,77.011,-326.576,3.141088,-0.0,0.0,0.0,0.0,-0.0,0.0,0.0,0.0,-0.0,-0.0,5,0,1,67.0,Driving,False,-0.0,0.75,0.015,0.0,False,False,0,,,,NONE,False,Green,30.0
57,6.0881,1.15,370,Vehicle 1,vehicle,vehicle.tesla.model3,hero_0,9.2929,330.5399,0.0009,-0.0154,0.0259,0.032,9.2929,-330.5399,-0.000559,-0.0,-0.0,0.0,0.0,0.0,-0.0,-0.0,-0.0,0.0,0.0,20,0,1,0.7,Driving,False,0.0,0.0,-0.008,0.967,False,False,0,,,,NONE,False,Green,30.0
58,6.1381,1.2,375,entity_1,vehicle,vehicle.audi.a2,entity_1,61.009,331.442,-0.0073,0.0,0.0,0.0286,61.009,-331.442,-0.000499,0.0,0.0,0.0,0.0,0.0,0.0,0.0,0.0,0.0,0.0,5,0,-1,51.0,Driving,False,0.875,0.0,0.0,0.0,False,False,0,,,,NONE,False,Green,30.0
58,6.1381,1.2,374,entity_2,pedestrian,walker.pedestrian.0001,entity_2,63.8565,332.3969,0.9515,0.0,0.0,-89.9713,63.8565,-332.3969,1.570295,0.0,0.0,0.0,0.0,0.0,0.0,0.0,0.0,0.0,0.0,5,0,-2,53.85,Shoulder,False,-0.322,,,,,,,1.0,0.0,0.0,,,,
58,6.1381,1.2,373,Vehicle 4,vehicle,vehicle.tesla.model3,hero_3,25.009,330.5476,0.0017,0.0,0.0,0.0318,25.009,-330.5476,-0.000555,0.0,-0.0,0.0,0.0,-0.0,-0.0,-0.0001,0.0,0.0,-0.0,5,0,-1,15.0,Driving,False,-0.0,0.75,0.011,0.0,False,False,0,,,,NONE,False,Green,30.0
58,6.1381,1.2,372,Vehicle 3,vehicle,vehicle.tesla.model3,hero_2,17.009,330.5433,0.0017,0.0,0.0,0.0314,17.009,-330.5433,-0.000548,0.0,-0.0,0.0,0.0,0.0,-0.0,-0.0001,0.0,0.0,-0.0,5,0,-1,7.0,Driving,False,-0.0,0.0,-0.009,0.919,False,False,0,,,,NONE,False,Green,30.0
58,6.1381,1.2,371,Vehicle 2,vehicle,vehicle.tesla.model3,hero_1,77.011,326.576,0.0017,-0.0001,0.0,-179.9711,77.011,-326.576,3.141088,-0.0,-0.0,0.0,0.0,0.0,-0.0,-0.0001,0.0001,-0.0,0.0,5,0,1,67.0,Driving,False,-0.0,0.75,0.015,0.0,False,False,0,,,,NONE,False,Green,30.0
58,6.1381,1.2,370,Vehicle 1,vehicle,vehicle.tesla.model3,hero_0,9.2929,330.5399,0.0009,-0.0154,0.0259,0.032,9.2929,-330.5399,-0.000559,-0.0,-0.0,0.0,0.0,-0.0,0.0,-0.0001,0.0,-0.0,0.0,20,0,1,0.7,Driving,False,0.0,0.0,-0.008,0.967,False,False,0,,,,NONE,False,Green,30.0
59,6.1881,1.25,375,entity_1,vehicle,vehicle.audi.a2,entity_1,61.009,331.442,-0.0073,0.0,0.0,0.0286,61.009,-331.442,-0.000499,0.0,0.0,0.0,0.0,0.0,0.0,0.0,0.0,0.0,0.0,5,0,-1,51.0,Driving,False,0.875,0.0,0.0,0.0,False,False,0,,,,NONE,False,Green,30.0
59,6.1881,1.25,374,entity_2,pedestrian,walker.pedestrian.0001,entity_2,63.8565,332.3969,0.9515,0.0,0.0,-89.9713,63.8565,-332.3969,1.570295,0.0,0.0,0.0,0.0,0.0,0.0,0.0,0.0,0.0,0.0,5,0,-2,53.85,Shoulder,False,-0.322,,,,,,,1.0,0.0,0.0,,,,
59,6.1881,1.25,373,Vehicle 4,vehicle,vehicle.tesla.model3,hero_3,25.009,330.5476,0.0017,0.0,0.0,0.0318,25.009,-330.5476,-0.000555,0.0,0.0,0.0,0.0,0.0,0.0,-0.0001,-0.0001,0.0,0.0,5,0,-1,15.0,Driving,False,-0.0,0.75,0.011,0.0,False,False,0,,,,NONE,False,Green,30.0
59,6.1881,1.25,372,Vehicle 3,vehicle,vehicle.tesla.model3,hero_2,17.009,330.5433,0.0017,0.0,0.0,0.0314,17.009,-330.5433,-0.000548,0.0,-0.0,0.0,0.0,0.0,0.0,-0.0001,-0.0001,0.0,-0.0,5,0,-1,7.0,Driving,False,-0.0,0.0,-0.009,0.937,False,False,0,,,,NONE,False,Green,30.0
59,6.1881,1.25,371,Vehicle 2,vehicle,vehicle.tesla.model3,hero_1,77.011,326.576,0.0017,-0.0001,0.0,-179.9711,77.011,-326.576,3.141088,-0.0,0.0,0.0,0.0,-0.0,0.0,-0.0001,-0.0,-0.0,-0.0,5,0,1,67.0,Driving,False,-0.0,0.75,0.02,0.0,False,False,0,,,,NONE,False,Green,30.0
59,6.1881,1.25,370,Vehicle 1,vehicle,vehicle.tesla.model3,hero_0,9.2929,330.5399,0.0009,-0.0154,0.0259,0.032,9.2929,-330.5399,-0.000559,-0.0,-0.0,0.0,0.0,0.0,-0.0,-0.0001,0.0,-0.0,0.0,20,0,1,0.7,Driving,False,0.0,0.0,-0.008,0.976,False,False,0,,,,NONE,False,Green,30.0
60,6.2381,1.3,375,entity_1,vehicle,vehicle.audi.a2,entity_1,61.009,331.442,-0.0073,0.0,0.0,0.0286,61.009,-331.442,-0.000499,0.0,0.0,0.0,0.0,0.0,0.0,0.0,0.0,0.0,0.0,5,0,-1,51.0,Driving,False,0.875,0.0,0.0,0.0,False,False,0,,,,NONE,False,Green,30.0
60,6.2381,1.3,374,entity_2,pedestrian,walker.pedestrian.0001,entity_2,63.8565,332.3969,0.9515,0.0,0.0,-89.9713,63.8565,-332.3969,1.570295,0.0,0.0,0.0,0.0,0.0,0.0,0.0,0.0,0.0,0.0,5,0,-2,53.85,Shoulder,False,-0.322,,,,,,,1.0,0.0,0.0,,,,
60,6.2381,1.3,373,Vehicle 4,vehicle,vehicle.tesla.model3,hero_3,25.009,330.5476,0.0017,0.0,0.0,0.0318,25.009,-330.5476,-0.000555,0.0,0.0,0.0,0.0,-0.0,-0.0,-0.0001,-0.0,0.0,0.0,5,0,-1,15.0,Driving,False,-0.0,0.75,0.011,0.0,False,False,0,,,,NONE,False,Green,30.0
60,6.2381,1.3,372,Vehicle 3,vehicle,vehicle.tesla.model3,hero_2,17.009,330.5433,0.0017,0.0,0.0,0.0314,17.009,-330.5433,-0.000548,0.0,0.0,0.0,0.0,-0.0,0.0,-0.0001,-0.0,-0.0,0.0,5,0,-1,7.0,Driving,False,-0.0,0.0,-0.009,0.937,False,False,0,,,,NONE,False,Green,30.0
60,6.2381,1.3,371,Vehicle 2,vehicle,vehicle.tesla.model3,hero_1,77.011,326.576,0.0017,-0.0001,0.0,-179.9711,77.011,-326.576,3.141088,0.0,-0.0,0.0,0.0,0.0,-0.0,-0.0001,0.0,0.0,0.0,5,0,1,67.0,Driving,False,-0.0,0.75,0.02,0.0,False,False,0,,,,NONE,False,Green,30.0
60,6.2381,1.3,370,Vehicle 1,vehicle,vehicle.tesla.model3,hero_0,9.2929,330.5399,0.0009,-0.0154,0.0259,0.032,9.2929,-330.5399,-0.000559,-0.0,-0.0,0.0,0.0,0.0,0.0,-0.0001,0.0,0.0,0.0,20,0,1,0.7,Driving,False,0.0,0.0,-0.008,0.976,False,False,0,,,,NONE,False,Green,30.0
61,6.2881,1.35,375,entity_1,vehicle,vehicle.audi.a2,entity_1,61.009,331.442,-0.0073,0.0,0.0,0.0286,61.009,-331.442,-0.000499,0.0,0.0,0.0,0.0,0.0,0.0,0.0,0.0,0.0,0.0,5,0,-1,51.0,Driving,False,0.875,0.0,0.0,0.0,False,False,0,,,,NONE,False,Green,30.0
61,6.2881,1.35,374,entity_2,pedestrian,walker.pedestrian.0001,entity_2,63.8565,332.3969,0.9515,0.0,0.0,-89.9713,63.8565,-332.3969,1.570295,0.0,0.0,0.0,0.0,0.0,0.0,0.0,0.0,0.0,0.0,5,0,-2,53.85,Shoulder,False,-0.322,,,,,,,1.0,0.0,0.0,,,,
61,6.2881,1.35,373,Vehicle 4,vehicle,vehicle.tesla.model3,hero_3,25.009,330.5476,0.0017,0.0,0.0,0.0318,25.009,-330.5476,-0.000555,0.0,0.0,0.0,0.0,0.0,0.0,-0.0001,-0.0001,0.0,0.0,5,0,-1,15.0,Driving,False,-0.0,0.75,0.011,0.0,False,False,0,,,,NONE,False,Green,30.0
61,6.2881,1.35,372,Vehicle 3,vehicle,vehicle.tesla.model3,hero_2,17.009,330.5433,0.0017,0.0,0.0,0.0314,17.009,-330.5433,-0.000548,0.0,-0.0,0.0,0.0,0.0,-0.0,-0.0001,0.0,0.0,0.0,5,0,-1,7.0,Driving,False,-0.0,0.0,-0.009,0.937,False,False,0,,,,NONE,False,Green,30.0
61,6.2881,1.35,371,Vehicle 2,vehicle,vehicle.tesla.model3,hero_1,77.011,326.576,0.0017,-0.0001,0.0,-179.9711,77.011,-326.576,3.141088,-0.0,-0.0,0.0,0.0,-0.0,0.0,-0.0001,0.0,-0.0,0.0,5,0,1,67.0,Driving,False,-0.0,0.75,0.02,0.0,False,False,0,,,,NONE,False,Green,30.0
61,6.2881,1.35,370,Vehicle 1,vehicle,vehicle.tesla.model3,hero_0,9.2929,330.5399,0.001,-0.0154,0.0259,0.032,9.2929,-330.5399,-0.000559,-0.0,-0.0,0.0,0.0,-0.0,0.0,-0.0,0.0,0.0,0.0,20,0,1,0.7,Driving,False,0.0,0.0,-0.008,0.976,False,False,0,,,,NONE,False,Green,30.0
62,6.3381,1.4,375,entity_1,vehicle,vehicle.audi.a2,entity_1,61.009,331.442,-0.0073,0.0,0.0,0.0286,61.009,-331.442,-0.000499,0.0,0.0,0.0,0.0,0.0,0.0,0.0,0.0,0.0,0.0,5,0,-1,51.0,Driving,False,0.875,0.0,0.0,0.0,False,False,0,,,,NONE,False,Green,30.0
62,6.3381,1.4,374,entity_2,pedestrian,walker.pedestrian.0001,entity_2,63.8565,332.3969,0.9515,0.0,0.0,-89.9713,63.8565,-332.3969,1.570295,0.0,0.0,0.0,0.0,0.0,0.0,0.0,0.0,0.0,0.0,5,0,-2,53.85,Shoulder,False,-0.322,,,,,,,1.0,0.0,0.0,,,,
62,6.3381,1.4,373,Vehicle 4,vehicle,vehicle.tesla.model3,hero_3,25.009,330.5476,0.0017,0.0,0.0,0.0318,25.009,-330.5476,-0.000555,0.0,-0.0,0.0,0.0,-0.0,-0.0,-0.0001,0.0,0.0,0.0,5,0,-1,15.0,Driving,False,-0.0,0.75,0.011,0.0,False,False,0,,,,NONE,False,Green,30.0
62,6.3381,1.4,372,Vehicle 3,vehicle,vehicle.tesla.model3,hero_2,17.009,330.5433,0.0017,0.0,0.0,0.0314,17.009,-330.5433,-0.000548,0.0,-0.0,0.0,0.0,0.0,0.0,-0.0001,-0.0,0.0,-0.0,5,0,-1,7.0,Driving,False,-0.0,0.0,-0.009,0.937,False,False,0,,,,NONE,False,Green,30.0
62,6.3381,1.4,371,Vehicle 2,vehicle,vehicle.tesla.model3,hero_1,77.011,326.576,0.0017,-0.0001,0.0,-179.9711,77.011,-326.576,3.141088,-0.0,0.0,0.0,0.0,0.0,0.0,-0.0001,0.0,-0.0,-0.0,5,0,1,67.0,Driving,False,-0.0,0.75,0.02,0.0,False,False,0,,,,NONE,False,Green,30.0
62,6.3381,1.4,370,Vehicle 1,vehicle,vehicle.tesla.model3,hero_0,9.2929,330.5399,0.001,-0.0154,0.0259,0.032,9.2929,-330.5399,-0.000559,-0.0,-0.0,0.0,0.0,-0.0,0.0,-0.0001,-0.0,0.0,0.0,20,0,1,0.7,Driving,False,0.0,0.0,-0.008,0.976,False,False,0,,,,NONE,False,Green,30.0
63,6.3881,1.45,375,entity_1,vehicle,vehicle.audi.a2,entity_1,61.009,331.442,-0.0073,0.0,0.0,0.0286,61.009,-331.442,-0.000499,0.0,0.0,0.0,0.0,0.0,0.0,0.0,0.0,0.0,0.0,5,0,-1,51.0,Driving,False,0.875,0.0,0.0,0.0,False,False,0,,,,NONE,False,Green,30.0
63,6.3881,1.45,374,entity_2,pedestrian,walker.pedestrian.0001,entity_2,63.8565,332.3969,0.9515,0.0,0.0,-89.9713,63.8565,-332.3969,1.570295,0.0,0.0,0.0,0.0,0.0,0.0,0.0,0.0,0.0,0.0,5,0,-2,53.85,Shoulder,False,-0.322,,,,,,,1.0,0.0,0.0,,,,
63,6.3881,1.45,373,Vehicle 4,vehicle,vehicle.tesla.model3,hero_3,25.009,330.5476,0.0017,0.0,0.0,0.0318,25.009,-330.5476,-0.000555,0.0,0.0,0.0,0.0,0.0,0.0,-0.0001,-0.0,0.0,0.0,5,0,-1,15.0,Driving,False,-0.0,0.75,0.007,0.0,False,False,0,,,,NONE,False,Green,30.0
63,6.3881,1.45,372,Vehicle 3,vehicle,vehicle.tesla.model3,hero_2,17.009,330.5433,0.0017,0.0,0.0,0.0314,17.009,-330.5433,-0.000548,0.0,0.0,0.0,0.0,0.0,0.0,-0.0,-0.0,0.0,0.0,5,0,-1,7.0,Driving,False,-0.0,0.0,-0.009,0.933,False,False,0,,,,NONE,False,Green,30.0
63,6.3881,1.45,371,Vehicle 2,vehicle,vehicle.tesla.model3,hero_1,77.011,326.576,0.0017,-0.0001,0.0,-179.9711,77.011,-326.576,3.141088,-0.0,-0.0,0.0,0.0,-0.0,-0.0,-0.0,0.0,-0.0,0.0,5,0,1,67.0,Driving,False,-0.0,0.75,0.016,0.0,False,False,0,,,,NONE,False,Green,30.0
63,6.3881,1.45,370,Vehicle 1,vehicle,vehicle.tesla.model3,hero_0,9.2929,330.5399,0.001,-0.0154,0.0259,0.032,9.2929,-330.5399,-0.000559,-0.0,-0.0,0.0,0.0,-0.0,-0.0,-0.0,0.0,-0.0,0.0,20,0,1,0.7,Driving,False,0.0,0.0,-0.009,0.935,False,False,0,,,,NONE,False,Green,30.0
64,6.4381,1.5,375,entity_1,vehicle,vehicle.audi.a2,entity_1,61.009,331.442,-0.0073,0.0,0.0,0.0286,61.009,-331.442,-0.000499,0.0,0.0,0.0,0.0,0.0,0.0,0.0,0.0,0.0,0.0,5,0,-1,51.0,Driving,False,0.875,0.0,0.0,0.0,False,False,0,,,,NONE,False,Green,30.0
64,6.4381,1.5,374,entity_2,pedestrian,walker.pedestrian.0001,entity_2,63.8565,332.3969,0.9515,0.0,0.0,-89.9713,63.8565,-332.3969,1.570295,0.0,0.0,0.0,0.0,0.0,0.0,0.0,0.0,0.0,0.0,5,0,-2,53.85,Shoulder,False,-0.322,,,,,,,1.0,0.0,0.0,,,,
64,6.4381,1.5,373,Vehicle 4,vehicle,vehicle.tesla.model3,hero_3,25.009,330.5476,0.0017,0.0,0.0,0.0318,25.009,-330.5476,-0.000555,0.0,0.0,0.0,0.0,-0.0,-0.0,-0.0001,-0.0,0.0,0.0,5,0,-1,15.0,Driving,False,-0.0,0.75,0.007,0.0,False,False,0,,,,NONE,False,Green,30.0
64,6.4381,1.5,372,Vehicle 3,vehicle,vehicle.tesla.model3,hero_2,17.009,330.5433,0.0017,0.0,0.0,0.0314,17.009,-330.5433,-0.000548,0.0,0.0,0.0,0.0,-0.0,-0.0,-0.0001,-0.0,0.0,-0.0,5,0,-1,7.0,Driving,False,-0.0,0.0,-0.009,0.933,False,False,0,,,,NONE,False,Green,30.0
64,6.4381,1.5,371,Vehicle 2,vehicle,vehicle.tesla.model3,hero_1,77.011,326.576,0.0017,-0.0001,0.0,-179.9711,77.011,-326.576,3.141088,-0.0,-0.0,0.0,0.0,0.0,0.0,-0.0001,0.0,-0.0,0.0,5,0,1,67.0,Driving,False,-0.0,0.75,0.016,0.0,False,False,0,,,,NONE,False,Green,30.0
64,6.4381,1.5,370,Vehicle 1,vehicle,vehicle.tesla.model3,hero_0,9.2929,330.5399,0.001,-0.0154,0.0259,0.032,9.2929,-330.5399,-0.000559,-0.0,-0.0,0.0,0.0,0.0,0.0,-0.0,-0.0,0.0,0.0,20,0,1,0.7,Driving,False,0.0,0.0,-0.009,0.935,False,False,0,,,,NONE,False,Green,30.0
65,6.4881,1.55,375,entity_1,vehicle,vehicle.audi.a2,entity_1,61.009,331.442,-0.0073,0.0,0.0,0.0286,61.009,-331.442,-0.000499,0.0,0.0,0.0,0.0,0.0,0.0,0.0,0.0,0.0,0.0,5,0,-1,51.0,Driving,False,0.875,0.0,0.0,0.0,False,False,0,,,,NONE,False,Green,30.0
65,6.4881,1.55,374,entity_2,pedestrian,walker.pedestrian.0001,entity_2,63.8565,332.3969,0.9515,0.0,0.0,-89.9713,63.8565,-332.3969,1.570295,0.0,0.0,0.0,0.0,0.0,0.0,0.0,0.0,0.0,0.0,5,0,-2,53.85,Shoulder,False,-0.322,,,,,,,1.0,0.0,0.0,,,,
65,6.4881,1.55,373,Vehicle 4,vehicle,vehicle.tesla.model3,hero_3,25.0179,330.5476,0.0016,-0.0002,0.0102,0.0339,25.0179,-330.5476,-0.000592,0.421,0.0021,0.0,0.421,8.4201,0.0411,0.0,0.0096,-0.4317,0.0982,5,0,-1,15.01,Driving,False,-0.0,0.75,0.007,0.0,False,False,0,,,,NONE,False,Green,30.0
65,6.4881,1.55,372,Vehicle 3,vehicle,vehicle.tesla.model3,hero_2,17.009,330.5433,0.0017,0.0,0.0,0.0314,17.009,-330.5433,-0.000548,0.0,0.0,0.0,0.0,0.0,0.0,-0.0,-0.0,0.0,-0.0,5,0,-1,7.0,Driving,False,-0.0,0.0,-0.009,0.933,False,False,0,,,,NONE,False,Green,30.0
65,6.4881,1.55,371,Vehicle 2,vehicle,vehicle.tesla.model3,hero_1,77.0021,326.576,0.0016,-0.0004,0.0101,-179.9667,77.0021,-326.576,3.141011,-0.4206,-0.0045,0.0,0.4206,-8.4111,-0.0895,0.0,-0.022,0.431,0.2083,5,0,1,66.99,Driving,False,-0.0,0.75,0.016,0.0,False,False,0,,,,NONE,False,Green,30.0
65,6.4881,1.55,370,Vehicle 1,vehicle,vehicle.tesla.model3,hero_0,9.2929,330.5399,0.001,-0.0154,0.0259,0.032,9.2929,-330.5399,-0.000559,-0.0,-0.0,0.0,0.0,-0.0,0.0,0.0,0.0,0.0,0.0,20,0,1,0.7,Driving,False,0.0,0.0,-0.009,0.935,False,False,0,,,,NONE,False,Green,30.0
66,6.5381,1.6,375,entity_1,vehicle,vehicle.audi.a2,entity_1,61.009,331.442,-0.0073,0.0,0.0,0.0286,61.009,-331.442,-0.000499,0.0,0.0,0.0,0.0,0.0,0.0,0.0,0.0,0.0,0.0,5,0,-1,51.0,Driving,False,0.875,0.0,0.0,0.0,False,False,0,,,,NONE,False,Green,30.0
66,6.5381,1.6,374,entity_2,pedestrian,walker.pedestrian.0001,entity_2,63.8565,332.3969,0.9515,0.0,0.0,-89.9713,63.8565,-332.3969,1.570295,0.0,0.0,0.0,0.0,0.0,0.0,0.0,0.0,0.0,0.0,5,0,-2,53.85,Shoulder,False,-0.322,,,,,,,1.0,0.0,0.0,,,,
66,6.5381,1.6,373,Vehicle 4,vehicle,vehicle.tesla.model3,hero_3,25.0558,330.5477,0.0015,-0.0006,0.0356,0.0463,25.0558,-330.5477,-0.000808,0.9813,0.0047,0.0,0.9813,11.2058,0.0522,-0.0,0.0118,-0.5404,-0.5716,5,0,-1,15.05,Driving,False,-0.0,0.75,0.007,0.0,False,False,1,,,,NONE,False,Green,30.0
66,6.5381,1.6,372,Vehicle 3,vehicle,vehicle.tesla.model3,hero_2,17.009,330.5433,0.0017,0.0,0.0,0.0314,17.009,-330.5433,-0.000548,0.0,0.0,0.0,0.0,0.0,-0.0,0.0,0.0,0.0,-0.0,5,0,-1,7.0,Driving,False,-0.0,0.0,-0.009,0.933,False,False,0,,,,NONE,False,Green,30.0
66,6.5381,1.6,371,Vehicle 2,vehicle,vehicle.tesla.model3,hero_1,76.9638,326.5756,0.0015,-0.0017,0.036,-179.9526,76.9638,-326.5756,3.140765,-0.9725,-0.0109,-0.0,0.9725,-11.0381,-0.1295,-0.0001,-0.0246,0.5082,0.2646,5,0,1,66.95,Driving,False,0.0,0.75,0.016,0.0,False,False,1,,,,NONE,False,Green,30.0
66,6.5381,1.6,370,Vehicle 1,vehicle,vehicle.tesla.model3,hero_0,9.2929,330.5399,0.001,-0.0154,0.0259,0.032,9.2929,-330.5399,-0.000559,-0.0,-0.0,0.0,0.0,0.0,-0.0,-0.0,-0.0,0.0,0.0,20,0,1,0.7,Driving,False,0.0,0.0,-0.009,0.935,False,False,0,,,,NONE,False,Green,30.0
67,6.5881,1.65,375,entity_1,vehicle,vehicle.audi.a2,entity_1,61.009,331.442,-0.0073,0.0,0.0,0.0286,61.009,-331.442,-0.000499,0.0,0.0,0.0,0.0,0.0,0.0,0.0,0.0,0.0,0.0,5,0,-1,51.0,Driving,False,0.875,0.0,0.0,0.0,False,False,0,,,,NONE,False,Green,30.0
67,6.5881,1.65,374,entity_2,pedestrian,walker.pedestrian.0001,entity_2,63.8565,332.3969,0.9515,0.0,0.0,-89.9713,63.8565,-332.3969,1.570295,0.0,0.0,0.0,0.0,0.0,0.0,0.0,0.0,0.0,0.0,5,0,-2,53.85,Shoulder,False,-0.322,,,,,,,1.0,0.0,0.0,,,,
67,6.5881,1.65,373,Vehicle 4,vehicle,vehicle.tesla.model3,hero_3,25.1147,330.5477,0.0014,-0.0,0.0532,0.0588,25.1147,-330.5477,-0.001026,1.3069,0.0,-0.0,1.3069,6.5122,-0.0928,-0.0,-0.0119,-0.2633,0.6544,5,0,-1,15.11,Driving,False,-0.0,0.75,-0.001,0.0,False,False,1,,,,NONE,False,Green,30.0
67,6.5881,1.65,372,Vehicle 3,vehicle,vehicle.tesla.model3,hero_2,17.009,330.5433,0.0017,0.0,0.0,0.0314,17.009,-330.5433,-0.000548,-0.0,-0.0,0.0,0.0,-0.0,-0.0,-0.0,0.0001,-0.0,-0.0,5,0,-1,7.0,Driving,False,-0.0,0.0,-0.006,0.957,False,False,0,,,,NONE,False,Green,30.0
67,6.5881,1.65,371,Vehicle 2,vehicle,vehicle.tesla.model3,hero_1,76.9049,326.575,0.0014,-0.0021,0.0534,-179.9456,76.9049,-326.575,3.140643,-1.34,-0.0129,0.0,1.34,-7.3501,-0.0386,0.0,-0.0105,0.3281,0.3722,5,0,1,66.89,Driving,False,0.001,0.75,0.014,0.0,False,False,1,,,,NONE,False,Green,30.0
67,6.5881,1.65,370,Vehicle 1,vehicle,vehicle.tesla.model3,hero_0,9.2929,330.5399,0.001,-0.0154,0.0259,0.032,9.2929,-330.5399,-0.000559,-0.0,-0.0,0.0,0.0,-0.0,-0.0,0.0,0.0001,-0.0,0.0,20,0,1,0.7,Driving,False,0.0,0.0,-0.008,1.0,False,False,0,,,,NONE,False,Green,30.0
68,6.6381,1.7,375,entity_1,vehicle,vehicle.audi.a2,entity_1,61.009,331.442,-0.0073,0.0,0.0,0.0286,61.009,-331.442,-0.000499,0.0,0.0,0.0,0.0,0.0,0.0,0.0,0.0,0.0,0.0,5,0,-1,51.0,Driving,False,0.875,0.0,0.0,0.0,False,False,0,,,,NONE,False,Green,30.0
68,6.6381,1.7,374,entity_2,pedestrian,walker.pedestrian.0001,entity_2,63.8565,332.3969,0.9515,0.0,0.0,-89.9713,63.8565,-332.3969,1.570295,0.0,0.0,0.0,0.0,0.0,0.0,0.0,0.0,0.0,0.0,5,0,-2,53.85,Shoulder,False,-0.322,,,,,,,1.0,0.0,0.0,,,,
68,6.6381,1.7,373,Vehicle 4,vehicle,vehicle.tesla.model3,hero_3,25.1892,330.5477,0.0013,0.0003,0.0621,0.0625,25.1892,-330.5477,-0.001091,1.6119,-0.0,0.0,1.6119,6.0996,-0.0014,0.0,-0.0038,-0.1501,-0.1296,5,0,-1,15.18,Driving,False,-0.0,0.75,-0.001,0.0,False,False,1,,,,NONE,False,Green,30.0
68,6.6381,1.7,372,Vehicle 3,vehicle,vehicle.tesla.model3,hero_2,17.009,330.5433,0.0017,0.0,0.0,0.0314,17.009,-330.5433,-0.000548,-0.0,-0.0,0.0,0.0,-0.0,0.0,0.0,-0.0,-0.0,-0.0,5,0,-1,7.0,Driving,False,-0.0,0.0,-0.006,0.957,False,False,0,,,,NONE,False,Green,30.0
68,6.6381,1.7,371,Vehicle 2,vehicle,vehicle.tesla.model3,hero_1,76.8314,326.5744,0.0013,-0.0022,0.0612,-179.9379,76.8314,-326.5744,3.140509,-1.5653,-0.0148,-0.0,1.5654,-4.5069,-0.0389,-0.0,-0.0011,0.081,0.4604,5,0,1,66.82,Driving,False,0.001,0.75,0.014,0.0,False,False,1,,,,NONE,False,Green,30.0
68,6.6381,1.7,370,Vehicle 1,vehicle,vehicle.tesla.model3,hero_0,9.2929,330.5399,0.001,-0.0154,0.0259,0.032,9.2929,-330.5399,-0.000559,-0.0,-0.0,0.0,0.0,0.0,0.0,-0.0,-0.0,0.0,0.0,20,0,1,0.7,Driving,False,0.0,0.0,-0.008,1.0,False,False,0,,,,NONE,False,Green,30.0
69,6.6881,1.75,375,entity_1,vehicle,vehicle.audi.a2,entity_1,61.009,331.442,-0.0073,0.0,0.0,0.0286,61.009,-331.442,-0.000499,0.0,0.0,0.0,0.0,0.0,0.0,0.0,0.0,0.0,0.0,5,0,-1,51.0,Driving,False,0.875,0.0,0.0,0.0,False,False,0,,,,NONE,False,Green,30.0
69,6.6881,1.75,374,entity_2,pedestrian,walker.pedestrian.0001,entity_2,63.8568,332.4006,0.9515,0.0,0.0,-71.9713,63.8568,-332.4006,1.256136,0.0056,0.075,0.0,0.0752,0.1113,1.5,0.0,0.0,0.0,0.0,5,0,-2,53.85,Shoulder,False,-0.318,,,,,,,0.0743,0.9972,1.02,,,,
69,6.6881,1.75,373,Vehicle 4,vehicle,vehicle.tesla.model3,hero_3,25.2755,330.5477,0.0013,0.0003,0.0639,0.0659,25.2755,-330.5477,-0.00115,1.7972,0.0004,-0.0,1.7972,3.707,0.0091,-0.0,0.0004,0.0336,-0.0796,5,0,-1,15.27,Driving,False,-0.0,0.75,-0.001,0.0,False,False,1,,,,NONE,False,Green,30.0
69,6.6881,1.75,372,Vehicle 3,vehicle,vehicle.tesla.model3,hero_2,17.009,330.5433,0.0017,0.0,0.0,0.0314,17.009,-330.5433,-0.000548,-0.0,-0.0,0.0,0.0,0.0,-0.0,-0.0,0.0,-0.0,0.0,5,0,-1,7.0,Driving,False,-0.0,0.0,-0.006,0.957,False,False,0,,,,NONE,False,Green,30.0
69,6.6881,1.75,371,Vehicle 2,vehicle,vehicle.tesla.model3,hero_1,76.7456,326.5737,0.0013,-0.0024,0.0635,-179.9078,76.7456,-326.5737,3.139983,-1.8004,-0.0185,-0.0,1.8005,-4.7025,-0.073,-0.0001,-0.0036,0.0064,0.683,5,0,1,66.73,Driving,False,0.002,0.75,0.014,0.0,False,False,1,,,,NONE,False,Green,30.0
69,6.6881,1.75,370,Vehicle 1,vehicle,vehicle.tesla.model3,hero_0,9.2929,330.5399,0.001,-0.0154,0.0259,0.032,9.2929,-330.5399,-0.000559,-0.0,-0.0,0.0,0.0,-0.0,-0.0,-0.0,0.0,-0.0,0.0,20,0,1,0.7,Driving,False,0.0,0.0,-0.008,1.0,False,False,0,,,,NONE,False,Green,30.0
70,6.7381,1.8,375,entity_1,vehicle,vehicle.audi.a2,entity_1,61.009,331.442,-0.0073,0.0,0.0,0.0286,61.009,-331.442,-0.000499,0.0,0.0,0.0,0.0,0.0,0.0,0.0,0.0,0.0,0.0,5,0,-1,51.0,Driving,False,0.875,0.0,0.0,0.0,False,False,0,,,,NONE,False,Green,30.0
70,6.7381,1.8,374,entity_2,pedestrian,walker.pedestrian.0001,entity_2,63.857,332.3976,0.9515,0.0,0.0,-89.7524,63.857,-332.3976,1.566475,0.0038,-0.0602,0.0,0.0603,-0.0352,-2.7031,0.0,0.0,0.0,0.0,5,0,-2,53.85,Shoulder,False,-0.321,,,,,,,0.0043,-1.0,1.02,,,,
70,6.7381,1.8,373,Vehicle 4,vehicle,vehicle.tesla.model3,hero_3,25.3728,330.5477,0.0013,0.0003,0.0631,0.0631,25.3728,-330.5477,-0.001101,2.041,0.0004,0.0,2.041,4.8743,-0.001,0.0,-0.0001,0.0015,-0.0616,5,0,-1,15.36,Driving,False,-0.001,0.75,-0.001,0.0,False,False,1,,,,NONE,False,Green,30.0
70,6.7381,1.8,372,Vehicle 3,vehicle,vehicle.tesla.model3,hero_2,17.009,330.5433,0.0017,0.0,0.0,0.0314,17.009,-330.5433,-0.000548,0.0,-0.0,0.0,0.0,0.0,0.0,0.0,0.0,0.0,0.0,5,0,-1,7.0,Driving,False,-0.0,0.0,-0.006,0.957,False,False,0,,,,NONE,False,Green,30.0
70,6.7381,1.8,371,Vehicle 2,vehicle,vehicle.tesla.model3,hero_1,76.6507,326.5728,0.0013,-0.0026,0.061,-179.8794,76.6507,-326.5728,3.139488,-1.97,-0.0218,0.0,1.9701,-3.3905,-0.0666,0.0001,-0.002,-0.061,0.2774,5,0,1,66.64,Driving,False,0.003,0.75,0.014,0.0,False,False,1,,,,NONE,False,Green,30.0
70,6.7381,1.8,370,Vehicle 1,vehicle,vehicle.tesla.model3,hero_0,9.2929,330.5399,0.001,-0.0154,0.0259,0.032,9.2929,-330.5399,-0.000559,-0.0,-0.0,0.0,0.0,0.0,0.0,-0.0,-0.0,0.0,0.0,20,0,1,0.7,Driving,False,0.0,0.0,-0.008,1.0,False,False,0,,,,NONE,False,Green,30.0
71,6.7881,1.85,375,entity_1,vehicle,vehicle.audi.a2,entity_1,61.009,331.442,-0.0073,0.0,0.0,0.0286,61.009,-331.442,-0.000499,0.0,0.0,0.0,0.0,0.0,0.0,0.0,0.0,0.0,0.0,5,0,-1,51.0,Driving,False,0.875,0.0,0.0,0.0,False,False,0,,,,NONE,False,Green,30.0
71,6.7881,1.85,374,entity_2,pedestrian,walker.pedestrian.0001,entity_2,63.8571,332.3908,0.9515,0.0,0.0,-89.7536,63.8571,-332.3908,1.566496,0.0027,-0.1352,0.0,0.1352,-0.0215,-1.5,0.0,0.0,0.0,0.0,5,0,-2,53.85,Shoulder,False,-0.328,,,,,,,0.0043,-1.0,1.02,,,,
71,6.7881,1.85,373,Vehicle 4,vehicle,vehicle.tesla.model3,hero_3,25.4786,330.5476,0.0013,0.0012,0.0594,0.0513,25.4786,-330.5476,-0.000895,2.1655,-0.0058,0.0,2.1655,2.4905,-0.1226,0.0,-0.017,0.1169,-0.2843,5,0,-1,15.47,Driving,False,-0.001,0.75,-0.006,0.0,False,False,1,,,,NONE,False,Green,30.0
71,6.7881,1.85,372,Vehicle 3,vehicle,vehicle.tesla.model3,hero_2,17.009,330.5433,0.0017,0.0,0.0,0.0314,17.009,-330.5433,-0.000548,0.0,0.0,0.0,0.0,0.0,0.0,0.0,-0.0,0.0,-0.0,5,0,-1,7.0,Driving,False,-0.0,0.525,-0.002,0.3,False,False,0,,,,NONE,False,Green,30.0
71,6.7881,1.85,371,Vehicle 2,vehicle,vehicle.tesla.model3,hero_1,76.5475,326.5723,0.0013,-0.0004,0.057,-179.8665,76.5475,-326.5723,3.139263,-2.1247,-0.0097,0.0,2.1247,-3.0949,0.2429,-0.0,0.0423,-0.0841,0.1735,5,0,1,66.54,Driving,False,0.003,0.75,0.002,0.0,False,False,1,,,,NONE,False,Green,30.0
71,6.7881,1.85,370,Vehicle 1,vehicle,vehicle.tesla.model3,hero_0,9.2929,330.5399,0.001,-0.0154,0.0259,0.032,9.2929,-330.5399,-0.000559,-0.0,-0.0,0.0,0.0,-0.0,0.0,-0.0,-0.0,0.0,0.0,20,0,1,0.7,Driving,False,0.0,0.0,-0.007,0.984,False,False,0,,,,NONE,False,Green,30.0
72,6.8381,1.9,375,entity_1,vehicle,vehicle.audi.a2,entity_1,61.009,331.442,-0.0073,0.0,0.0,0.0286,61.009,-331.442,-0.000499,0.0,0.0,0.0,0.0,0.0,0.0,0.0,0.0,0.0,0.0,5,0,-1,51.0,Driving,False,0.875,0.0,0.0,0.0,False,False,0,,,,NONE,False,Green,30.0
72,6.8381,1.9,374,entity_2,pedestrian,walker.pedestrian.0001,entity_2,63.8573,332.3803,0.9515,0.0,0.0,-89.7536,63.8573,-332.3803,1.566496,0.0021,-0.2102,0.0,0.2102,-0.0117,-1.5,0.0,0.0,0.0,0.0,5,0,-2,53.85,Shoulder,False,-0.338,,,,,,,0.0043,-1.0,1.02,,,,
72,6.8381,1.9,373,Vehicle 4,vehicle,vehicle.tesla.model3,hero_3,25.593,330.5473,0.0014,0.0018,0.0558,0.0357,25.593,-330.5473,-0.000623,2.3668,-0.0077,-0.0,2.3668,4.0262,-0.0394,-0.0,-0.0069,0.0401,-0.326,5,0,-1,15.58,Driving,False,-0.001,0.75,-0.006,0.0,False,False,1,,,,NONE,False,Green,30.0
72,6.8381,1.9,372,Vehicle 3,vehicle,vehicle.tesla.model3,hero_2,17.009,330.5433,0.0017,0.0,0.0,0.0314,17.009,-330.5433,-0.000548,-0.0,-0.0,0.0,0.0,-0.0,-0.0,-0.0,0.0,-0.0,-0.0,5,0,-1,7.0,Driving,False,-0.0,0.525,-0.002,0.3,False,False,0,,,,NONE,False,Green,30.0
72,6.8381,1.9,371,Vehicle 2,vehicle,vehicle.tesla.model3,hero_1,76.4368,326.5719,0.0014,0.0008,0.0529,-179.8624,76.4368,-326.5719,3.139191,-2.2742,-0.0083,0.0,2.2742,-2.9891,0.0274,-0.0,0.0155,-0.0799,-0.0119,5,0,1,66.43,Driving,False,0.004,0.75,0.002,0.0,False,False,1,,,,NONE,False,Green,30.0
72,6.8381,1.9,370,Vehicle 1,vehicle,vehicle.tesla.model3,hero_0,9.2929,330.5399,0.001,-0.0154,0.0259,0.032,9.2929,-330.5399,-0.000559,-0.0,-0.0,0.0,0.0,0.0,-0.0,-0.0,0.0,0.0,0.0,20,0,1,0.7,Driving,False,0.0,0.0,-0.007,0.984,False,False,0,,,,NONE,False,Green,30.0
73,6.8881,1.95,375,entity_1,vehicle,vehicle.audi.a2,entity_1,61.009,331.442,-0.0073,0.0,0.0,0.0286,61.009,-331.442,-0.000499,0.0,0.0,0.0,0.0,0.0,0.0,0.0,0.0,0.0,0.0,5,0,-1,51.0,Driving,False,0.875,0.0,0.0,0.0,False,False,0,,,,NONE,False,Green,30.0
73,6.8881,1.95,374,entity_2,pedestrian,walker.pedestrian.0001,entity_2,63.8573,332.3661,0.9515,0.0,0.0,-89.7548,63.8573,-332.3661,1.566517,0.002,-0.2852,0.0,0.2852,-0.0039,-1.5,0.0,0.0,0.0,0.0,5,0,-2,53.85,Shoulder,False,-0.353,,,,,,,0.0043,-1.0,1.02,,,,
73,6.8881,1.95,373,Vehicle 4,vehicle,vehicle.tesla.model3,hero_3,25.7145,330.547,0.0014,0.0019,0.0515,0.019,25.7145,-330.547,-0.000332,2.4732,-0.0089,0.0,2.4732,2.1276,-0.0234,0.0001,0.0001,0.1139,-0.3414,5,0,-1,15.71,Driving,False,-0.001,0.75,-0.006,0.0,False,False,1,,,,NONE,False,Green,30.0
73,6.8881,1.95,372,Vehicle 3,vehicle,vehicle.tesla.model3,hero_2,17.009,330.5433,0.0017,0.0,0.0,0.0314,17.009,-330.5433,-0.000548,-0.0,-0.0,0.0,0.0,-0.0,-0.0,0.0,0.0,-0.0,0.0,5,0,-1,7.0,Driving,False,-0.0,0.525,-0.002,0.3,False,False,0,,,,NONE,False,Green,30.0
73,6.8881,1.95,371,Vehicle 2,vehicle,vehicle.tesla.model3,hero_1,76.3188,326.5716,0.0014,0.0011,0.0492,-179.8574,76.3188,-326.5716,3.139104,-2.4197,-0.0085,0.0,2.4197,-2.9114,-0.004,-0.0,0.0006,-0.0688,0.1609,5,0,1,66.31,Driving,False,0.004,0.75,0.002,0.0,False,False,1,,,,NONE,False,Green,30.0
73,6.8881,1.95,370,Vehicle 1,vehicle,vehicle.tesla.model3,hero_0,9.2929,330.5399,0.001,-0.0154,0.0259,0.032,9.2929,-330.5399,-0.000559,-0.0,-0.0,0.0,0.0,-0.0,-0.0,0.0,0.0,-0.0,0.0,20,0,1,0.7,Driving,False,0.0,0.0,-0.007,0.984,False,False,0,,,,NONE,False,Green,30.0
74,6.9381,2.0,375,entity_1,vehicle,vehicle.audi.a2,entity_1,61.009,331.442,-0.0073,0.0,0.0,0.0286,61.009,-331.442,-0.000499,0.0,0.0,0.0,0.0,0.0,0.0,0.0,0.0,0.0,0.0,5,0,-1,51.0,Driving,False,0.875,0.0,0.0,0.0,False,False,0,,,,NONE,False,Green,30.0
74,6.9381,2.0,374,entity_2,pedestrian,walker.pedestrian.0001,entity_2,63.8574,332.3481,0.9515,0.0,0.0,-89.7548,63.8574,-332.3481,1.566517,0.002,-0.3602,0.0,0.3602,0.0,-1.5,0.0,0.0,0.0,0.0,5,0,-2,53.85,Shoulder,False,-0.371,,,,,,,0.0043,-1.0,1.02,,,,
74,6.9381,2.0,373,Vehicle 4,vehicle,vehicle.tesla.model3,hero_3,25.8436,330.5466,0.0014,0.0019,0.0484,0.0012,25.8436,-330.5466,-2.1e-05,2.6551,-0.0104,0.0,2.6551,3.6382,-0.0297,-0.0,0.0003,0.0317,-0.3635,5,0,-1,15.83,Driving,False,-0.002,0.75,-0.006,0.0,False,False,1,,,,NONE,False,Green,30.0
74,6.9381,2.0,372,Vehicle 3,vehicle,vehicle.tesla.model3,hero_2,17.009,330.5433,0.0017,0.0,0.0,0.0314,17.009,-330.5433,-0.000548,-0.0,-0.0,0.0,0.0,-0.0,-0.0,0.0,0.0,-0.0,0.0,5,0,-1,7.0,Driving,False,-0.0,0.525,-0.002,0.3,False,False,0,,,,NONE,False,Green,30.0
74,6.9381,2.0,371,Vehicle 2,vehicle,vehicle.tesla.model3,hero_1,76.1935,326.5711,0.0014,0.001,0.0461,-179.854,76.1935,-326.5711,3.139044,-2.5627,-0.009,0.0,2.5628,-2.8601,-0.0109,0.0,-0.0038,-0.0565,0.0098,5,0,1,66.18,Driving,False,0.004,0.75,0.002,0.0,False,False,1,,,,NONE,False,Green,30.0
74,6.9381,2.0,370,Vehicle 1,vehicle,vehicle.tesla.model3,hero_0,9.2929,330.5399,0.001,-0.0154,0.0259,0.032,9.2929,-330.5399,-0.000559,-0.0,-0.0,0.0,0.0,-0.0,0.0,0.0,0.0,-0.0,0.0,20,0,1,0.7,Driving,False,0.0,0.0,-0.007,0.984,False,False,0,,,,NONE,False,Green,30.0
75,6.9881,2.05,375,entity_1,vehicle,vehicle.audi.a2,entity_1,61.009,331.442,-0.0073,0.0,0.0,0.0286,61.009,-331.442,-0.000499,0.0,0.0,0.0,0.0,0.0,0.0,0.0,0.0,0.0,0.0,5,0,-1,51.0,Driving,False,0.875,0.0,0.0,0.0,False,False,0,,,,NONE,False,Green,30.0
75,6.9881,2.05,374,entity_2,pedestrian,walker.pedestrian.0001,entity_2,63.8576,332.3263,0.9515,0.0,0.0,-89.7548,63.8576,-332.3263,1.566517,0.0021,-0.4352,0.0,0.4352,0.0039,-1.5,0.0,0.0,0.0,0.0,5,0,-2,53.85,Shoulder,False,-0.392,,,,,,,0.0043,-1.0,1.02,,,,
75,6.9881,2.05,373,Vehicle 4,vehicle,vehicle.tesla.model3,hero_3,25.9794,330.5461,0.0014,0.0023,0.045,-0.0223,25.9794,-330.5461,0.000389,2.7596,-0.0152,0.0,2.7596,2.0901,-0.0953,0.0,-0.0085,0.0865,-0.5109,5,0,-1,15.97,Driving,False,-0.002,0.75,-0.008,0.0,False,False,1,,,,NONE,False,Green,30.0
75,6.9881,2.05,372,Vehicle 3,vehicle,vehicle.tesla.model3,hero_2,17.009,330.5433,0.0017,0.0,0.0,0.0314,17.009,-330.5433,-0.000548,0.0,0.0,0.0,0.0,0.0,0.0,0.0,-0.0,0.0,0.0,5,0,-1,7.0,Driving,False,-0.0,0.525,0.004,0.3,False,False,0,,,,NONE,False,Green,30.0
75,6.9881,2.05,371,Vehicle 2,vehicle,vehicle.tesla.model3,hero_1,76.0611,326.5708,0.0014,0.0016,0.0436,-179.8564,76.0611,-326.5708,3.139086,-2.7039,-0.004,0.0,2.7039,-2.8228,0.0998,-0.0,0.0116,-0.0454,-0.0395,5,0,1,66.05,Driving,False,0.005,0.75,-0.002,0.0,False,False,1,,,,NONE,False,Green,30.0
75,6.9881,2.05,370,Vehicle 1,vehicle,vehicle.tesla.model3,hero_0,9.2929,330.5399,0.001,-0.0154,0.0259,0.032,9.2929,-330.5399,-0.000559,-0.0,-0.0,0.0,0.0,-0.0,-0.0,0.0,0.0,-0.0,0.0,20,0,1,0.7,Driving,False,0.0,0.0,-0.008,0.967,False,False,0,,,,NONE,False,Green,30.0
76,7.0381,2.1,375,entity_1,vehicle,vehicle.audi.a2,entity_1,61.009,331.442,-0.0073,0.0,0.0,0.0286,61.009,-331.442,-0.000499,0.0,0.0,0.0,0.0,0.0,0.0,0.0,0.0,0.0,0.0,5,0,-1,51.0,Driving,False,0.875,0.0,0.0,0.0,False,False,0,,,,NONE,False,Green,30.0
76,7.0381,2.1,374,entity_2,pedestrian,walker.pedestrian.0001,entity_2,63.8577,332.3008,0.9515,0.0,0.0,-89.7548,63.8577,-332.3008,1.566517,0.0023,-0.5102,0.0,0.5102,0.0039,-1.5,0.0,0.0,0.0,0.0,5,0,-2,53.85,Shoulder,False,-0.418,,,,,,,0.0043,-1.0,1.02,,,,
76,7.0381,2.1,373,Vehicle 4,vehicle,vehicle.tesla.model3,hero_3,26.1224,330.5453,0.0014,0.0026,0.0427,-0.0473,26.1224,-330.5453,0.000826,2.9177,-0.018,0.0,2.9177,3.1618,-0.0563,0.0,-0.0033,0.0362,-0.2655,5,0,-1,16.11,Driving,False,-0.003,0.75,-0.008,0.0,False,False,1,,,,NONE,False,Green,30.0
76,7.0381,2.1,372,Vehicle 3,vehicle,vehicle.tesla.model3,hero_2,17.009,330.5433,0.0017,0.0,0.0,0.0314,17.009,-330.5433,-0.000548,0.0,0.0,0.0,0.0,-0.0,-0.0,0.0,-0.0,0.0,0.0,5,0,-1,7.0,Driving,False,-0.0,0.525,0.004,0.3,False,False,0,,,,NONE,False,Green,30.0
76,7.0381,2.1,371,Vehicle 2,vehicle,vehicle.tesla.model3,hero_1,75.9218,326.5706,0.0014,0.0019,0.0417,-179.8638,75.9218,-326.5706,3.139216,-2.8436,-0.003,0.0,2.8436,-2.7942,0.0214,0.0,0.0022,-0.0361,-0.2106,5,0,1,65.91,Driving,False,0.005,0.75,-0.002,0.0,False,False,1,,,,NONE,False,Green,30.0
76,7.0381,2.1,370,Vehicle 1,vehicle,vehicle.tesla.model3,hero_0,9.2929,330.5399,0.001,-0.0154,0.0259,0.032,9.2929,-330.5399,-0.000559,-0.0,-0.0,0.0,0.0,0.0,-0.0,0.0,0.0,0.0,0.0,20,0,1,0.7,Driving,False,0.0,0.0,-0.008,0.967,False,False,0,,,,NONE,False,Green,30.0
77,7.0881,2.15,375,entity_1,vehicle,vehicle.audi.a2,entity_1,61.009,331.442,-0.0073,0.0,0.0,0.0286,61.009,-331.442,-0.000499,0.0,0.0,0.0,0.0,0.0,0.0,0.0,0.0,0.0,0.0,5,0,-1,51.0,Driving,False,0.875,0.0,0.0,0.0,False,False,0,,,,NONE,False,Green,30.0
77,7.0881,2.15,374,entity_2,pedestrian,walker.pedestrian.0001,entity_2,63.8578,332.2715,0.9515,0.0,0.0,-89.7548,63.8578,-332.2715,1.566517,0.0026,-0.5852,0.0,0.5852,0.0059,-1.5,0.0,0.0,0.0,0.0,5,0,-2,53.85,Shoulder,False,-0.447,,,,,,,0.0043,-1.0,1.02,,,,
77,7.0881,2.15,373,Vehicle 4,vehicle,vehicle.tesla.model3,hero_3,26.2713,330.5446,0.0014,0.0027,0.0399,-0.0805,26.2713,-330.5446,0.001405,3.0184,-0.0201,0.0,3.0184,2.0139,-0.0416,-0.0001,-0.0003,0.0675,-0.8854,5,0,-1,16.26,Driving,False,-0.004,0.75,-0.008,0.0,False,False,1,,,,NONE,False,Green,30.0
77,7.0881,2.15,372,Vehicle 3,vehicle,vehicle.tesla.model3,hero_2,17.009,330.5433,0.0017,0.0,0.0,0.0314,17.009,-330.5433,-0.000548,-0.0,0.0,0.0,0.0,-0.0,-0.0,-0.0,0.0,-0.0,-0.0,5,0,-1,7.0,Driving,False,-0.0,0.525,0.004,0.3,False,False,0,,,,NONE,False,Green,30.0
77,7.0881,2.15,371,Vehicle 2,vehicle,vehicle.tesla.model3,hero_1,75.7754,326.5705,0.0014,0.0018,0.0401,-179.8704,75.7754,-326.5705,3.139331,-2.9822,-0.0025,0.0,2.9822,-2.7714,0.0087,0.0001,-0.003,-0.0286,-0.0803,5,0,1,65.76,Driving,False,0.005,0.75,-0.002,0.0,False,False,1,,,,NONE,False,Green,30.0
77,7.0881,2.15,370,Vehicle 1,vehicle,vehicle.tesla.model3,hero_0,9.2929,330.5399,0.001,-0.0154,0.0259,0.032,9.2929,-330.5399,-0.000559,-0.0,-0.0,0.0,0.0,-0.0,0.0,-0.0,0.0,-0.0,0.0,20,0,1,0.7,Driving,False,0.0,0.0,-0.008,0.967,False,False,0,,,,NONE,False,Green,30.0
78,7.1381,2.2,375,entity_1,vehicle,vehicle.audi.a2,entity_1,61.009,331.442,-0.0073,0.0,0.0,0.0286,61.009,-331.442,-0.000499,0.0,0.0,0.0,0.0,0.0,0.0,0.0,0.0,0.0,0.0,5,0,-1,51.0,Driving,False,0.875,0.0,0.0,0.0,False,False,0,,,,NONE,False,Green,30.0
78,7.1381,2.2,374,entity_2,pedestrian,walker.pedestrian.0001,entity_2,63.8579,332.2386,0.9515,0.0,0.0,-89.7548,63.8579,-332.2386,1.566517,0.0029,-0.6602,0.0,0.6602,0.0059,-1.5,0.0,0.0,0.0,0.0,5,0,-2,53.85,Shoulder,False,-0.48,,,,,,,0.0043,-1.0,1.02,,,,
78,7.1381,2.2,373,Vehicle 4,vehicle,vehicle.tesla.model3,hero_3,26.4266,330.5437,0.0015,0.0027,0.038,-0.1103,26.4266,-330.5437,0.001925,3.1647,-0.0228,-0.0,3.1647,2.9257,-0.0554,-0.0,-0.0003,0.0185,-0.4135,5,0,-1,16.42,Driving,False,-0.005,0.75,-0.008,0.0,False,False,1,,,,NONE,False,Green,30.0
78,7.1381,2.2,372,Vehicle 3,vehicle,vehicle.tesla.model3,hero_2,17.009,330.5433,0.0017,0.0,0.0,0.0314,17.009,-330.5433,-0.000548,-0.0,0.0,0.0,0.0,0.0,0.0,0.0,0.0,-0.0,-0.0,5,0,-1,7.0,Driving,False,-0.0,0.525,0.004,0.3,False,False,0,,,,NONE,False,Green,30.0
78,7.1381,2.2,371,Vehicle 2,vehicle,vehicle.tesla.model3,hero_1,75.6222,326.5703,0.0015,0.0016,0.0388,-179.8787,75.6222,-326.5703,3.139476,-3.1197,-0.0022,-0.0,3.1198,-2.7517,0.0065,-0.0001,-0.0039,-0.0227,-0.2213,5,0,1,65.61,Driving,False,0.005,0.75,-0.002,0.0,False,False,1,,,,NONE,False,Green,30.0
78,7.1381,2.2,370,Vehicle 1,vehicle,vehicle.tesla.model3,hero_0,9.2929,330.5399,0.001,-0.0154,0.0259,0.032,9.2929,-330.5399,-0.000559,-0.0,-0.0,0.0,0.0,0.0,0.0,-0.0,-0.0,0.0,0.0,20,0,1,0.7,Driving,False,0.0,0.0,-0.008,0.967,False,False,0,,,,NONE,False,Green,30.0
79,7.1881,2.25,375,entity_1,vehicle,vehicle.audi.a2,entity_1,61.009,331.442,-0.0073,0.0,0.0,0.0286,61.009,-331.442,-0.000499,0.0,0.0,0.0,0.0,0.0,0.0,0.0,0.0,0.0,0.0,5,0,-1,51.0,Driving,False,0.875,0.0,0.0,0.0,False,False,0,,,,NONE,False,Green,30.0
79,7.1881,2.25,374,entity_2,pedestrian,walker.pedestrian.0001,entity_2,63.8581,332.2018,0.9515,0.0,0.0,-89.7548,63.8581,-332.2018,1.566517,0.0032,-0.7352,0.0,0.7352,0.0059,-1.5,0.0,0.0,0.0,0.0,5,0,-2,53.85,Shoulder,False,-0.517,,,,,,,0.0043,-1.0,1.02,,,,
79,7.1881,2.25,373,Vehicle 4,vehicle,vehicle.tesla.model3,hero_3,26.5881,330.5429,0.0015,0.0013,0.0365,-0.1326,26.5881,-330.5429,0.002314,3.2776,-0.0163,0.0,3.2776,2.2581,0.1297,0.0,0.0266,0.0378,-0.538,5,0,-1,16.58,Driving,False,-0.006,0.75,-0.003,0.0,False,False,1,,,,NONE,False,Green,30.0
79,7.1881,2.25,372,Vehicle 3,vehicle,vehicle.tesla.model3,hero_2,17.009,330.5433,0.0017,0.0,0.0,0.0314,17.009,-330.5433,-0.000548,-0.0,0.0,0.0,0.0,0.0,0.0,0.0,-0.0,-0.0,-0.0,5,0,-1,7.0,Driving,False,-0.0,0.525,0.009,0.3,False,False,0,,,,NONE,False,Green,30.0
79,7.1881,2.25,371,Vehicle 2,vehicle,vehicle.tesla.model3,hero_1,75.4621,326.5701,0.0015,0.0008,0.0378,-179.8808,75.4621,-326.5701,3.139512,-3.2565,-0.0057,-0.0,3.2565,-2.7348,-0.0687,-0.0,-0.0152,-0.0181,0.0397,5,0,1,65.45,Driving,False,0.005,0.75,-0.0,0.0,False,False,1,,,,NONE,False,Green,30.0
79,7.1881,2.25,370,Vehicle 1,vehicle,vehicle.tesla.model3,hero_0,9.2929,330.5399,0.001,-0.0154,0.0259,0.032,9.2929,-330.5399,-0.000559,-0.0,-0.0,0.0,0.0,-0.0,-0.0,0.0,0.0,-0.0,0.0,20,0,1,0.7,Driving,False,0.0,0.0,-0.009,0.904,False,False,0,,,,NONE,False,Green,30.0
80,7.2381,2.3,375,entity_1,vehicle,vehicle.audi.a2,entity_1,61.009,331.442,-0.0073,0.0,0.0,0.0286,61.009,-331.442,-0.000499,0.0,0.0,0.0,0.0,0.0,0.0,0.0,0.0,0.0,0.0,5,0,-1,51.0,Driving,False,0.875,0.0,0.0,0.0,False,False,0,,,,NONE,False,Green,30.0
80,7.2381,2.3,374,entity_2,pedestrian,walker.pedestrian.0001,entity_2,63.8583,332.1613,0.9515,0.0,0.0,-89.7548,63.8583,-332.1613,1.566517,0.0035,-0.8102,0.0,0.8102,0.0059,-1.5,0.0,0.0,0.0,0.0,5,0,-2,53.85,Shoulder,False,-0.558,,,,,,,0.0043,-1.0,1.02,,,,
80,7.2381,2.3,373,Vehicle 4,vehicle,vehicle.tesla.model3,hero_3,26.7564,330.5422,0.0015,0.0005,0.0357,-0.1452,26.7564,-330.5422,0.002534,3.4239,-0.0164,0.0,3.4239,2.9259,-0.0009,-0.0,0.0103,0.0024,-0.0888,5,0,-1,16.75,Driving,False,-0.007,0.75,-0.003,0.0,False,False,1,,,,NONE,False,Green,30.0
80,7.2381,2.3,372,Vehicle 3,vehicle,vehicle.tesla.model3,hero_2,17.009,330.5433,0.0017,0.0,0.0,0.0314,17.009,-330.5433,-0.000548,0.0,0.0,0.0,0.0,0.0,-0.0,-0.0,0.0,0.0,0.0,5,0,-1,7.0,Driving,False,-0.0,0.525,0.009,0.3,False,False,0,,,,NONE,False,Green,30.0
80,7.2381,2.3,371,Vehicle 2,vehicle,vehicle.tesla.model3,hero_1,75.2952,326.5698,0.0015,0.0003,0.0371,-179.8821,75.2952,-326.5698,3.139535,-3.3925,-0.0066,-0.0,3.3925,-2.7201,-0.0181,0.0,-0.0074,-0.0144,-0.0736,5,0,1,65.28,Driving,False,0.005,0.75,-0.0,0.0,False,False,1,,,,NONE,False,Green,30.0
80,7.2381,2.3,370,Vehicle 1,vehicle,vehicle.tesla.model3,hero_0,9.2929,330.5399,0.001,-0.0154,0.0259,0.032,9.2929,-330.5399,-0.000559,0.0,0.0,0.0,0.0,0.0,0.0,-0.0,0.0,0.0,0.0,20,0,1,0.7,Driving,False,0.0,0.0,-0.009,0.904,False,False,0,,,,NONE,False,Green,30.0
81,7.2881,2.35,375,entity_1,vehicle,vehicle.audi.a2,entity_1,61.009,331.442,-0.0073,0.0,0.0,0.0286,61.009,-331.442,-0.000499,0.0,0.0,0.0,0.0,0.0,0.0,0.0,0.0,0.0,0.0,5,0,-1,51.0,Driving,False,0.875,0.0,0.0,0.0,False,False,0,,,,NONE,False,Green,30.0
81,7.2881,2.35,374,entity_2,pedestrian,walker.pedestrian.0001,entity_2,63.8585,332.117,0.9515,0.0,0.0,-89.7548,63.8585,-332.117,1.566517,0.0038,-0.8852,0.0,0.8852,0.0059,-1.5,0.0,0.0,0.0,0.0,5,0,-2,53.85,Shoulder,False,-0.602,,,,,,,0.0043,-1.0,1.02,,,,
81,7.2881,2.35,373,Vehicle 4,vehicle,vehicle.tesla.model3,hero_3,26.9312,330.5416,0.0015,0.0003,0.035,-0.1605,26.9312,-330.5416,0.002801,3.5433,-0.0174,0.0,3.5434,2.3896,-0.0194,0.0,0.0008,0.0202,-0.428,5,0,-1,16.92,Driving,False,-0.007,0.75,-0.003,0.0,False,False,1,,,,NONE,False,Green,30.0
81,7.2881,2.35,372,Vehicle 3,vehicle,vehicle.tesla.model3,hero_2,17.009,330.5433,0.0017,0.0,0.0,0.0314,17.009,-330.5433,-0.000548,0.0,0.0,0.0,0.0,0.0,0.0,0.0,-0.0,0.0,0.0,5,0,-1,7.0,Driving,False,-0.0,0.525,0.009,0.3,False,False,0,,,,NONE,False,Green,30.0
81,7.2881,2.35,371,Vehicle 2,vehicle,vehicle.tesla.model3,hero_1,75.1215,326.5694,0.0015,0.0001,0.0364,-179.8819,75.1215,-326.5694,3.139531,-3.5279,-0.007,-0.0,3.5279,-2.7081,-0.0082,0.0,-0.003,-0.0116,0.0589,5,0,1,65.11,Driving,False,0.005,0.75,-0.0,0.0,False,False,1,,,,NONE,False,Green,30.0
81,7.2881,2.35,370,Vehicle 1,vehicle,vehicle.tesla.model3,hero_0,9.2929,330.5399,0.001,-0.0154,0.0259,0.032,9.2929,-330.5399,-0.000559,-0.0,-0.0,0.0,0.0,-0.0,-0.0,0.0,-0.0,0.0,0.0,20,0,1,0.7,Driving,False,0.0,0.0,-0.009,0.904,False,False,0,,,,NONE,False,Green,30.0
82,7.3381,2.4,375,entity_1,vehicle,vehicle.audi.a2,entity_1,61.009,331.442,-0.0073,0.0,0.0,0.0286,61.009,-331.442,-0.000499,0.0,0.0,0.0,0.0,0.0,0.0,0.0,0.0,0.0,0.0,5,0,-1,51.0,Driving,False,0.875,0.0,0.0,0.0,False,False,0,,,,NONE,False,Green,30.0
82,7.3381,2.4,374,entity_2,pedestrian,walker.pedestrian.0001,entity_2,63.8587,332.069,0.9515,0.0,0.0,-89.7548,63.8587,-332.069,1.566517,0.0041,-0.9602,0.0,0.9602,0.0059,-1.5,0.0,0.0,0.0,0.0,5,0,-2,53.85,Shoulder,False,-0.65,,,,,,,0.0043,-1.0,1.02,,,,
82,7.3381,2.4,373,Vehicle 4,vehicle,vehicle.tesla.model3,hero_3,27.1126,330.5406,0.0015,0.0004,0.0347,-0.1725,27.1126,-330.5406,0.003011,3.6859,-0.0188,-0.0,3.686,2.8514,-0.0291,-0.0001,-0.0024,-0.0013,-0.1596,5,0,-1,17.1,Driving,False,-0.009,0.75,-0.003,0.0,False,False,1,,,,NONE,False,Green,30.0
82,7.3381,2.4,372,Vehicle 3,vehicle,vehicle.tesla.model3,hero_2,17.009,330.5433,0.0017,0.0,0.0,0.0314,17.009,-330.5433,-0.000548,0.0,-0.0,-0.0,0.0,0.0,-0.0,-0.0,0.0,0.0,-0.0,5,0,-1,7.0,Driving,False,-0.0,0.525,0.009,0.3,False,False,0,,,,NONE,False,Green,30.0
82,7.3381,2.4,371,Vehicle 2,vehicle,vehicle.tesla.model3,hero_1,74.9411,326.569,0.0015,0.0,0.0359,-179.883,74.9411,-326.569,3.139551,-3.663,-0.0073,-0.0,3.663,-2.7024,-0.0061,-0.0,-0.0007,-0.0091,-0.0856,5,0,1,64.93,Driving,False,0.006,0.75,-0.0,0.0,False,False,1,,,,NONE,False,Green,30.0
82,7.3381,2.4,370,Vehicle 1,vehicle,vehicle.tesla.model3,hero_0,9.2929,330.5399,0.001,-0.0154,0.0259,0.032,9.2929,-330.5399,-0.000559,-0.0,-0.0,0.0,0.0,0.0,-0.0,0.0,-0.0,0.0,0.0,20,0,1,0.7,Driving,False,0.0,0.0,-0.009,0.904,False,False,0,,,,NONE,False,Green,30.0
83,7.3881,2.45,375,entity_1,vehicle,vehicle.audi.a2,entity_1,61.009,331.442,-0.0073,0.0,0.0,0.0286,61.009,-331.442,-0.000499,0.0,0.0,0.0,0.0,0.0,0.0,0.0,0.0,0.0,0.0,5,0,-1,51.0,Driving,False,0.875,0.0,0.0,0.0,False,False,0,,,,NONE,False,Green,30.0
83,7.3881,2.45,374,entity_2,pedestrian,walker.pedestrian.0001,entity_2,63.8589,332.018,0.9515,0.0,0.0,-89.7548,63.8589,-332.018,1.566517,0.0044,-1.0203,0.0,1.0203,0.0059,-1.2031,0.0,0.0,0.0,0.0,5,0,-2,53.85,Shoulder,False,-0.701,,,,,,,0.0043,-1.0,1.02,,,,
83,7.3881,2.45,373,Vehicle 4,vehicle,vehicle.tesla.model3,hero_3,27.3006,330.5404,0.0015,-0.0031,0.0344,-0.154,27.3006,-330.5404,0.002688,3.8106,0.0043,0.0,3.8106,2.4933,0.4613,0.0,0.0707,0.0098,0.5556,5,0,-1,17.29,Driving,False,-0.009,0.75,0.009,0.0,False,False,1,,,,NONE,False,Green,30.0
83,7.3881,2.45,372,Vehicle 3,vehicle,vehicle.tesla.model3,hero_2,17.009,330.5433,0.0017,0.0,0.0,0.0314,17.009,-330.5433,-0.000548,-0.0,0.0,0.0,0.0,-0.0,0.0,0.0,-0.0,-0.0,-0.0,5,0,-1,7.0,Driving,False,-0.0,0.75,0.013,0.0,False,False,0,,,,NONE,False,Green,30.0
83,7.3881,2.45,371,Vehicle 2,vehicle,vehicle.tesla.model3,hero_1,74.7539,326.5692,0.0015,0.0028,0.0355,-179.9077,74.7539,-326.5692,3.139982,-3.797,0.0111,0.0,3.797,-2.6786,0.368,0.0001,0.0568,-0.008,-0.6092,5,0,1,64.74,Driving,False,0.005,0.75,-0.01,0.0,False,False,1,,,,NONE,False,Green,30.0
83,7.3881,2.45,370,Vehicle 1,vehicle,vehicle.tesla.model3,hero_0,9.2929,330.5399,0.001,-0.0154,0.0259,0.032,9.2929,-330.5399,-0.000559,-0.0,-0.0,0.0,0.0,0.0,0.0,0.0,-0.0,0.0,0.0,20,0,1,0.7,Driving,False,0.0,0.0,-0.011,0.909,False,False,0,,,,NONE,False,Green,30.0
84,7.4381,2.5,375,entity_1,vehicle,vehicle.audi.a2,entity_1,61.009,331.442,-0.0073,0.0,0.0,0.0286,61.009,-331.442,-0.000499,0.0,0.0,0.0,0.0,0.0,0.0,0.0,0.0,0.0,0.0,5,0,-1,51.0,Driving,False,0.875,0.0,0.0,0.0,False,False,0,,,,NONE,False,Green,30.0
84,7.4381,2.5,374,entity_2,pedestrian,walker.pedestrian.0001,entity_2,63.8591,331.967,0.9515,0.0,0.0,-89.7548,63.8591,-331.967,1.566517,0.0044,-1.0203,0.0,1.0203,0.0,0.0,0.0,0.0,0.0,0.0,5,0,-2,53.85,Shoulder,False,-0.752,,,,,,,0.0043,-1.0,1.02,,,,
84,7.4381,2.5,373,Vehicle 4,vehicle,vehicle.tesla.model3,hero_3,27.4952,330.5407,0.0015,-0.0054,0.0341,-0.119,27.4952,-330.5407,0.002077,3.9433,0.0113,-0.0,3.9434,2.6554,0.1405,-0.0,0.0285,0.004,0.7384,5,0,-1,17.49,Driving,False,-0.009,0.75,0.009,0.0,False,False,1,,,,NONE,False,Green,30.0
84,7.4381,2.5,372,Vehicle 3,vehicle,vehicle.tesla.model3,hero_2,17.009,330.5433,0.0017,0.0,0.0,0.0314,17.009,-330.5433,-0.000548,-0.0,0.0,0.0,0.0,-0.0,0.0,0.0,-0.0,-0.0,-0.0,5,0,-1,7.0,Driving,False,-0.0,0.75,0.013,0.0,False,False,0,,,,NONE,False,Green,30.0
84,7.4381,2.5,371,Vehicle 2,vehicle,vehicle.tesla.model3,hero_1,74.5601,326.5698,0.0015,0.0046,0.0351,-179.9464,74.5601,-326.5698,3.140657,-3.9297,0.0175,-0.0,3.9298,-2.6559,0.1283,-0.0001,0.0248,-0.0073,-0.8507,5,0,1,64.55,Driving,False,0.005,0.75,-0.01,0.0,False,False,1,,,,NONE,False,Green,30.0
84,7.4381,2.5,370,Vehicle 1,vehicle,vehicle.tesla.model3,hero_0,9.2929,330.5399,0.001,-0.0154,0.0259,0.032,9.2929,-330.5399,-0.000559,-0.0,-0.0,0.0,0.0,-0.0,-0.0,-0.0,0.0,-0.0,0.0,20,0,1,0.7,Driving,False,0.0,0.0,-0.011,0.909,False,False,0,,,,NONE,False,Green,30.0
85,7.4881,2.55,375,entity_1,vehicle,vehicle.audi.a2,entity_1,61.009,331.442,-0.0073,0.0,0.0,0.0286,61.009,-331.442,-0.000499,0.0,0.0,0.0,0.0,0.0,0.0,0.0,0.0,0.0,0.0,5,0,-1,51.0,Driving,False,0.875,0.0,0.0,0.0,False,False,0,,,,NONE,False,Green,30.0
85,7.4881,2.55,374,entity_2,pedestrian,walker.pedestrian.0001,entity_2,63.8593,331.916,0.9515,0.0,0.0,-89.7548,63.8593,-331.916,1.566517,0.0044,-1.0203,0.0,1.0203,0.0,0.0,0.0,0.0,0.0,0.0,5,0,-2,53.85,Shoulder,False,-0.803,,,,,,,0.0043,-1.0,1.02,,,,
85,7.4881,2.55,373,Vehicle 4,vehicle,vehicle.tesla.model3,hero_3,27.6961,330.5412,0.0015,-0.0059,0.0338,-0.0809,27.6961,-330.5412,0.001412,4.069,0.0153,-0.0,4.069,2.5123,0.0795,0.0,0.003,0.0082,0.7726,5,0,-1,17.69,Driving,False,-0.008,0.75,0.009,0.0,False,False,1,,,,NONE,False,Green,30.0
85,7.4881,2.55,372,Vehicle 3,vehicle,vehicle.tesla.model3,hero_2,17.009,330.5433,0.0017,0.0,0.0,0.0314,17.009,-330.5433,-0.000548,0.0,-0.0,0.0,0.0,0.0,-0.0,-0.0,0.0,0.0,-0.0,5,0,-1,7.0,Driving,False,-0.0,0.75,0.013,0.0,False,False,0,,,,NONE,False,Green,30.0
85,7.4881,2.55,371,Vehicle 2,vehicle,vehicle.tesla.model3,hero_1,74.3596,326.5705,0.0015,0.0052,0.0348,-179.9867,74.3596,-326.5705,3.141361,-4.0611,0.0218,-0.0,4.0611,-2.6268,0.085,-0.0,0.0052,-0.0072,-0.7676,5,0,1,64.35,Driving,False,0.004,0.75,-0.01,0.0,False,False,1,,,,NONE,False,Green,30.0
85,7.4881,2.55,370,Vehicle 1,vehicle,vehicle.tesla.model3,hero_0,9.2929,330.5399,0.001,-0.0154,0.0259,0.032,9.2929,-330.5399,-0.000559,-0.0,-0.0,0.0,0.0,0.0,0.0,0.0,-0.0,0.0,0.0,20,0,1,0.7,Driving,False,0.0,0.0,-0.011,0.909,False,False,0,,,,NONE,False,Green,30.0
86,7.5381,2.6,375,entity_1,vehicle,vehicle.audi.a2,entity_1,61.009,331.442,-0.0073,0.0,0.0,0.0286,61.009,-331.442,-0.000499,0.0,0.0,0.0,0.0,0.0,0.0,0.0,0.0,0.0,0.0,5,0,-1,51.0,Driving,False,0.875,0.0,0.0,0.0,False,False,0,,,,NONE,False,Green,30.0
86,7.5381,2.6,374,entity_2,pedestrian,walker.pedestrian.0001,entity_2,63.8596,331.865,0.9515,0.0,0.0,-89.7548,63.8596,-331.865,1.566517,0.0044,-1.0203,0.0,1.0203,0.0,0.0,0.0,0.0,0.0,0.0,5,0,-2,53.85,Shoulder,False,-0.854,,,,,,,0.0043,-1.0,1.02,,,,
86,7.5381,2.6,373,Vehicle 4,vehicle,vehicle.tesla.model3,hero_3,27.9035,330.5418,0.0015,-0.0058,0.0335,-0.0414,27.9035,-330.5418,0.000723,4.1994,0.0189,-0.0,4.1994,2.6085,0.0726,-0.0,-0.0051,0.0034,0.7997,5,0,-1,17.89,Driving,False,-0.008,0.75,0.009,0.0,False,False,1,,,,NONE,False,Green,30.0
86,7.5381,2.6,372,Vehicle 3,vehicle,vehicle.tesla.model3,hero_2,17.009,330.5433,0.0017,0.0,0.0,0.0314,17.009,-330.5433,-0.000548,-0.0,0.0,0.0,0.0,-0.0,0.0,0.0,-0.0,-0.0,-0.0,5,0,-1,7.0,Driving,False,-0.0,0.75,0.013,0.0,False,False,0,,,,NONE,False,Green,30.0
86,7.5381,2.6,371,Vehicle 2,vehicle,vehicle.tesla.model3,hero_1,74.1527,326.5715,0.0015,0.0052,0.0344,179.9702,74.1527,-326.5715,-3.141073,-4.1907,0.0257,0.0,4.1907,-2.5916,0.0778,0.0,-0.0015,-0.0075,-0.9279,5,0,1,64.14,Driving,False,0.003,0.75,-0.01,0.0,False,False,1,,,,NONE,False,Green,30.0
86,7.5381,2.6,370,Vehicle 1,vehicle,vehicle.tesla.model3,hero_0,9.2929,330.5399,0.001,-0.0154,0.0259,0.032,9.2929,-330.5399,-0.000559,-0.0,-0.0,0.0,0.0,-0.0,-0.0,-0.0,0.0,-0.0,0.0,20,0,1,0.7,Driving,False,0.0,0.0,-0.011,0.909,False,False,0,,,,NONE,False,Green,30.0
87,7.5881,2.65,375,entity_1,vehicle,vehicle.audi.a2,entity_1,61.009,331.442,-0.0073,0.0,0.0,0.0286,61.009,-331.442,-0.000499,0.0,0.0,0.0,0.0,0.0,0.0,0.0,0.0,0.0,0.0,5,0,-1,51.0,Driving,False,0.875,0.0,0.0,0.0,False,False,0,,,,NONE,False,Green,30.0
87,7.5881,2.65,374,entity_2,pedestrian,walker.pedestrian.0001,entity_2,63.8598,331.8139,0.9515,0.0,0.0,-89.7548,63.8598,-331.8139,1.566517,0.0044,-1.0203,0.0,1.0203,0.0,0.0,0.0,0.0,0.0,0.0,5,0,-2,53.85,Shoulder,False,-0.905,,,,,,,0.0043,-1.0,1.02,,,,
87,7.5881,2.65,373,Vehicle 4,vehicle,vehicle.tesla.model3,hero_3,28.1172,330.5427,0.0015,-0.006,0.0332,0.0044,28.1172,-330.5427,-7.7e-05,4.3251,0.0262,-0.0,4.3252,2.5142,0.1471,0.0,0.0047,0.0057,0.9624,5,0,-1,18.11,Driving,False,-0.007,0.75,0.011,0.0,False,False,1,,,,NONE,False,Green,30.0
87,7.5881,2.65,372,Vehicle 3,vehicle,vehicle.tesla.model3,hero_2,17.009,330.5433,0.0017,0.0,0.0,0.0314,17.009,-330.5433,-0.000548,0.0,-0.0,0.0,0.0,0.0,-0.0,-0.0,0.0,0.0,-0.0,5,0,-1,7.0,Driving,False,-0.0,0.75,0.016,0.0,False,False,0,,,,NONE,False,Green,30.0
87,7.5881,2.65,371,Vehicle 2,vehicle,vehicle.tesla.model3,hero_1,73.9393,326.5724,0.0015,0.0039,0.034,179.938,73.9393,-326.5724,-3.140511,-4.3186,0.0215,0.0,4.3186,-2.5583,-0.0832,-0.0,-0.0283,-0.0077,-0.5387,5,0,1,63.93,Driving,False,0.002,0.75,-0.006,0.0,False,False,1,,,,NONE,False,Green,30.0
87,7.5881,2.65,370,Vehicle 1,vehicle,vehicle.tesla.model3,hero_0,9.2929,330.5399,0.001,-0.0154,0.0259,0.032,9.2929,-330.5399,-0.000559,-0.0,-0.0,0.0,0.0,0.0,0.0,0.0,-0.0,0.0,0.0,20,0,1,0.7,Driving,False,0.0,0.0,-0.009,0.886,False,False,0,,,,NONE,False,Green,30.0
88,7.6381,2.7,375,entity_1,vehicle,vehicle.audi.a2,entity_1,61.009,331.442,-0.0073,0.0,0.0,0.0286,61.009,-331.442,-0.000499,0.0,0.0,0.0,0.0,0.0,0.0,0.0,0.0,0.0,0.0,5,0,-1,51.0,Driving,False,0.875,0.0,0.0,0.0,False,False,0,,,,NONE,False,Green,30.0
88,7.6381,2.7,374,entity_2,pedestrian,walker.pedestrian.0001,entity_2,63.86,331.7629,0.9515,0.0,0.0,-89.7548,63.86,-331.7629,1.566517,0.0044,-1.0203,0.0,1.0203,0.0,0.0,0.0,0.0,0.0,0.0,5,0,-2,53.85,Shoulder,False,-0.956,,,,,,,0.0043,-1.0,1.02,,,,
88,7.6381,2.7,373,Vehicle 4,vehicle,vehicle.tesla.model3,hero_3,28.3373,330.5439,0.0015,-0.0061,0.033,0.0538,28.3373,-330.5439,-0.000939,4.4515,0.0314,0.0,4.4516,2.5289,0.1033,0.0,-0.0005,0.005,1.0036,5,0,-1,18.33,Driving,False,-0.006,0.75,0.011,0.0,False,False,1,,,,NONE,False,Green,30.0
88,7.6381,2.7,372,Vehicle 3,vehicle,vehicle.tesla.model3,hero_2,17.009,330.5433,0.0017,0.0,0.0,0.0314,17.009,-330.5433,-0.000548,0.0,-0.0,0.0,0.0,-0.0,0.0,0.0,0.0,0.0,-0.0,5,0,-1,7.0,Driving,False,-0.0,0.75,0.016,0.0,False,False,0,,,,NONE,False,Green,30.0
88,7.6381,2.7,371,Vehicle 2,vehicle,vehicle.tesla.model3,hero_1,73.7196,326.5733,0.0015,0.0029,0.0336,179.9093,73.7196,-326.5733,-3.14001,-4.4449,0.0227,0.0,4.4449,-2.5257,0.0235,-0.0,-0.0136,-0.0078,-0.5815,5,0,1,63.71,Driving,False,0.001,0.75,-0.006,0.0,False,False,1,,,,NONE,False,Green,30.0
88,7.6381,2.7,370,Vehicle 1,vehicle,vehicle.tesla.model3,hero_0,9.2929,330.5399,0.001,-0.0154,0.0259,0.032,9.2929,-330.5399,-0.000559,-0.0,-0.0,0.0,0.0,0.0,0.0,0.0,-0.0,0.0,0.0,20,0,1,0.7,Driving,False,0.0,0.0,-0.009,0.886,False,False,0,,,,NONE,False,Green,30.0
89,7.6881,2.75,375,entity_1,vehicle,vehicle.audi.a2,entity_1,61.009,331.442,-0.0073,0.0,0.0,0.0286,61.009,-331.442,-0.000499,0.0,0.0,0.0,0.0,0.0,0.0,0.0,0.0,0.0,0.0,5,0,-1,51.0,Driving,False,0.875,0.0,0.0,0.0,False,False,0,,,,NONE,False,Green,30.0
89,7.6881,2.75,374,entity_2,pedestrian,walker.pedestrian.0001,entity_2,63.8602,331.7119,0.9515,0.0,0.0,-89.7548,63.8602,-331.7119,1.566517,0.0044,-1.0203,0.0,1.0203,0.0,0.0,0.0,0.0,0.0,0.0,5,0,-2,53.85,Shoulder,False,-1.007,,,,,,,0.0043,-1.0,1.02,,,,
89,7.6881,2.75,373,Vehicle 4,vehicle,vehicle.tesla.model3,hero_3,28.5636,330.5453,0.0015,-0.006,0.0327,0.105,28.5636,-330.5453,-0.001833,4.576,0.0363,0.0,4.5762,2.4895,0.0986,0.0,-0.0028,0.0054,1.0342,5,0,-1,18.55,Driving,False,-0.005,0.75,0.011,0.0,False,False,1,,,,NONE,False,Green,30.0
89,7.6881,2.75,372,Vehicle 3,vehicle,vehicle.tesla.model3,hero_2,17.009,330.5433,0.0017,0.0,0.0,0.0314,17.009,-330.5433,-0.000548,0.0,0.0,0.0,0.0,-0.0,0.0,-0.0,-0.0,0.0,0.0,5,0,-1,7.0,Driving,False,-0.0,0.75,0.016,0.0,False,False,0,,,,NONE,False,Green,30.0
89,7.6881,2.75,371,Vehicle 2,vehicle,vehicle.tesla.model3,hero_1,73.4936,326.5743,0.0015,0.0025,0.0332,179.8811,73.4936,-326.5743,-3.139517,-4.5699,0.0251,0.0,4.5699,-2.4998,0.0476,0.0,-0.0042,-0.0076,-0.5678,5,0,1,63.48,Driving,False,-0.0,0.75,-0.006,0.0,False,False,1,,,,NONE,False,Green,30.0
89,7.6881,2.75,370,Vehicle 1,vehicle,vehicle.tesla.model3,hero_0,9.2929,330.5399,0.001,-0.0154,0.0259,0.032,9.2929,-330.5399,-0.000559,-0.0,-0.0,0.0,0.0,-0.0,-0.0,-0.0,-0.0,0.0,0.0,20,0,1,0.7,Driving,False,0.0,0.0,-0.009,0.886,False,False,0,,,,NONE,False,Green,30.0
90,7.7381,2.8,375,entity_1,vehicle,vehicle.audi.a2,entity_1,61.009,331.442,-0.0073,0.0,0.0,0.0286,61.009,-331.442,-0.000499,0.0,0.0,0.0,0.0,0.0,0.0,0.0,0.0,0.0,0.0,5,0,-1,51.0,Driving,False,0.875,0.0,0.0,0.0,False,False,0,,,,NONE,False,Green,30.0
90,7.7381,2.8,374,entity_2,pedestrian,walker.pedestrian.0001,entity_2,63.8604,331.6609,0.9515,0.0,0.0,-89.7548,63.8604,-331.6609,1.566517,0.0044,-1.0203,0.0,1.0203,0.0,0.0,0.0,0.0,0.0,0.0,5,0,-2,53.85,Shoulder,False,-1.058,,,,,,,0.0043,-1.0,1.02,,,,
90,7.7381,2.8,373,Vehicle 4,vehicle,vehicle.tesla.model3,hero_3,28.7961,330.547,0.0015,-0.0059,0.0325,0.1575,28.7961,-330.547,-0.002749,4.6997,0.0415,0.0,4.6999,2.4737,0.1023,-0.0,-0.0026,0.0053,1.0597,5,0,-1,18.79,Driving,False,-0.003,0.75,0.011,0.0,False,False,1,,,,NONE,False,Green,30.0
90,7.7381,2.8,372,Vehicle 3,vehicle,vehicle.tesla.model3,hero_2,17.009,330.5433,0.0017,0.0,0.0,0.0314,17.009,-330.5433,-0.000548,0.0,0.0,0.0,0.0,0.0,-0.0,0.0,-0.0,0.0,0.0,5,0,-1,7.0,Driving,False,-0.0,0.75,0.016,0.0,False,False,0,,,,NONE,False,Green,30.0
90,7.7381,2.8,371,Vehicle 2,vehicle,vehicle.tesla.model3,hero_1,73.2614,326.5755,0.0015,0.0025,0.0329,179.8521,73.2614,-326.5755,-3.139011,-4.6938,0.0279,0.0,4.6939,-2.4784,0.056,-0.0,0.0001,-0.0072,-0.5845,5,0,1,63.25,Driving,False,-0.002,0.75,-0.006,0.0,False,False,1,,,,NONE,False,Green,30.0
90,7.7381,2.8,370,Vehicle 1,vehicle,vehicle.tesla.model3,hero_0,9.2929,330.5399,0.001,-0.0154,0.0259,0.032,9.2929,-330.5399,-0.000559,-0.0,-0.0,0.0,0.0,-0.0,-0.0,0.0,-0.0,0.0,0.0,20,0,1,0.7,Driving,False,0.0,0.0,-0.009,0.886,False,False,0,,,,NONE,False,Green,30.0
91,7.7881,2.85,375,entity_1,vehicle,vehicle.audi.a2,entity_1,61.009,331.442,-0.0073,0.0,0.0,0.0286,61.009,-331.442,-0.000499,0.0,0.0,0.0,0.0,0.0,0.0,0.0,0.0,0.0,0.0,5,0,-1,51.0,Driving,False,0.875,0.0,0.0,0.0,False,False,0,,,,NONE,False,Green,30.0
91,7.7881,2.85,374,entity_2,pedestrian,walker.pedestrian.0001,entity_2,63.8607,331.6099,0.9515,0.0,0.0,-89.7548,63.8607,-331.6099,1.566517,0.0044,-1.0203,0.0,1.0203,0.0,0.0,0.0,0.0,0.0,0.0,5,0,-1,53.85,Driving,False,1.041,,,,,,,0.0043,-1.0,1.02,,,,
91,7.7881,2.85,373,Vehicle 4,vehicle,vehicle.tesla.model3,hero_3,29.0348,330.548,0.0015,-0.0005,0.0322,0.1633,29.0348,-330.548,-0.00285,4.8227,0.0109,0.0,4.8227,2.4598,-0.6107,0.0,-0.1133,0.0047,-0.2252,5,0,-1,19.03,Driving,False,-0.002,0.75,-0.005,0.0,False,False,1,,,,NONE,False,Green,30.0
91,7.7881,2.85,372,Vehicle 3,vehicle,vehicle.tesla.model3,hero_2,17.009,330.5433,0.0017,0.0,0.0,0.0314,17.009,-330.5433,-0.000548,0.0,-0.0,0.0,0.0,-0.0,-0.0,0.0,-0.0,0.0,0.0,5,0,-1,7.0,Driving,False,-0.0,0.75,0.009,0.0,False,False,0,,,,NONE,False,Green,30.0
91,7.7881,2.85,371,Vehicle 2,vehicle,vehicle.tesla.model3,hero_1,73.023,326.5766,0.0015,0.0014,0.0325,179.833,73.023,-326.5766,-3.138678,-4.817,0.0231,-0.0,4.8171,-2.4645,-0.0955,-0.0,-0.0224,-0.0064,-0.3127,5,0,1,63.01,Driving,False,-0.003,0.75,-0.002,0.0,False,False,1,,,,NONE,False,Green,30.0
91,7.7881,2.85,370,Vehicle 1,vehicle,vehicle.tesla.model3,hero_0,9.2929,330.5399,0.001,-0.0154,0.0259,0.032,9.2929,-330.5399,-0.000559,-0.0,-0.0,0.0,0.0,0.0,-0.0,0.0,-0.0,0.0,0.0,20,0,1,0.7,Driving,False,0.0,0.0,-0.009,0.889,False,False,0,,,,NONE,False,Green,30.0
92,7.8381,2.9,375,entity_1,vehicle,vehicle.audi.a2,entity_1,61.009,331.442,-0.0073,0.0,0.0,0.0286,61.009,-331.442,-0.000499,0.0,0.0,0.0,0.0,0.0,0.0,0.0,0.0,0.0,0.0,5,0,-1,51.0,Driving,False,0.875,0.0,0.0,0.0,False,False,0,,,,NONE,False,Green,30.0
92,7.8381,2.9,374,entity_2,pedestrian,walker.pedestrian.0001,entity_2,63.8609,331.5589,0.9515,0.0,0.0,-89.7548,63.8609,-331.5589,1.566517,0.0044,-1.0203,0.0,1.0203,0.0,0.0,0.0,0.0,0.0,0.0,5,0,-1,53.85,Driving,False,0.99,,,,,,,0.0043,-1.0,1.02,,,,
92,7.8381,2.9,373,Vehicle 4,vehicle,vehicle.tesla.model3,hero_3,29.2796,330.5483,0.0015,0.0034,0.032,0.1438,29.2796,-330.5483,-0.00251,4.9452,0.0021,0.0,4.9452,2.451,-0.1757,-0.0,-0.0539,0.0043,-0.451,5,0,-1,19.27,Driving,False,-0.002,0.75,-0.005,0.0,False,False,1,,,,NONE,False,Green,30.0
92,7.8381,2.9,372,Vehicle 3,vehicle,vehicle.tesla.model3,hero_2,17.009,330.5433,0.0017,0.0,0.0,0.0314,17.009,-330.5433,-0.000548,0.0,-0.0,0.0,0.0,-0.0,-0.0,0.0,0.0,0.0,0.0,5,0,-1,7.0,Driving,False,-0.0,0.75,0.009,0.0,False,False,0,,,,NONE,False,Green,30.0
92,7.8381,2.9,371,Vehicle 2,vehicle,vehicle.tesla.model3,hero_1,72.7785,326.5777,0.0015,0.0007,0.0322,179.8188,72.7785,-326.5777,-3.13843,-4.9396,0.0232,-0.0,4.9397,-2.4526,0.0023,0.0,-0.0091,-0.0057,-0.2723,5,0,1,62.77,Driving,False,-0.004,0.75,-0.002,0.0,False,False,1,,,,NONE,False,Green,30.0
92,7.8381,2.9,370,Vehicle 1,vehicle,vehicle.tesla.model3,hero_0,9.2929,330.5399,0.001,-0.0154,0.0259,0.032,9.2929,-330.5399,-0.000559,-0.0,-0.0,0.0,0.0,0.0,0.0,0.0,0.0,0.0,0.0,20,0,1,0.7,Driving,False,0.0,0.0,-0.009,0.889,False,False,0,,,,NONE,False,Green,30.0
93,7.8881,2.95,375,entity_1,vehicle,vehicle.audi.a2,entity_1,61.009,331.442,-0.0073,0.0,0.0,0.0286,61.009,-331.442,-0.000499,0.0,0.0,0.0,0.0,0.0,0.0,0.0,0.0,0.0,0.0,5,0,-1,51.0,Driving,False,0.875,0.0,0.0,0.0,False,False,0,,,,NONE,False,Green,30.0
93,7.8881,2.95,374,entity_2,pedestrian,walker.pedestrian.0001,entity_2,63.8611,331.5078,0.9515,0.0,0.0,-89.7548,63.8611,-331.5078,1.566517,0.0044,-1.0203,0.0,1.0203,0.0,0.0,0.0,0.0,0.0,0.0,5,0,-1,53.85,Driving,False,0.939,,,,,,,0.0043,-1.0,1.02,,,,
93,7.8881,2.95,373,Vehicle 4,vehicle,vehicle.tesla.model3,hero_3,29.5305,330.5484,0.0016,0.0049,0.0318,0.1195,29.5305,-330.5484,-0.002086,5.0672,-0.002,0.0058,5.0672,2.4398,-0.0822,0.1164,-0.0174,0.0046,-0.5003,5,0,-1,19.52,Driving,False,-0.002,0.75,-0.005,0.0,False,False,1,,,,NONE,False,Green,30.0
93,7.8881,2.95,372,Vehicle 3,vehicle,vehicle.tesla.model3,hero_2,17.009,330.5433,0.0017,0.0,0.0,0.0314,17.009,-330.5433,-0.000548,0.0,-0.0,0.0,0.0,-0.0,-0.0,0.0,0.0,0.0,0.0,5,0,-1,7.0,Driving,False,-0.0,0.75,0.009,0.0,False,False,0,,,,NONE,False,Green,30.0
93,7.8881,2.95,371,Vehicle 2,vehicle,vehicle.tesla.model3,hero_1,72.5278,326.5788,0.0016,0.0005,0.0319,179.8053,72.5278,-326.5788,-3.138194,-5.0617,0.0245,0.0058,5.0617,-2.4407,0.025,0.1165,-0.0008,-0.0058,-0.2699,5,0,1,62.52,Driving,False,-0.005,0.75,-0.002,0.0,False,False,1,,,,NONE,False,Green,30.0
93,7.8881,2.95,370,Vehicle 1,vehicle,vehicle.tesla.model3,hero_0,9.2929,330.5399,0.001,-0.0154,0.0259,0.032,9.2929,-330.5399,-0.000559,-0.0,-0.0,0.0,0.0,-0.0,-0.0,0.0,0.0,0.0,0.0,20,0,1,0.7,Driving,False,0.0,0.0,-0.009,0.889,False,False,0,,,,NONE,False,Green,30.0
94,7.9381,3.0,375,entity_1,vehicle,vehicle.audi.a2,entity_1,61.009,331.442,-0.0073,0.0,0.0,0.0286,61.009,-331.442,-0.000499,0.0,0.0,0.0,0.0,0.0,0.0,0.0,0.0,0.0,0.0,5,0,-1,51.0,Driving,False,0.875,0.0,0.0,0.0,False,False,0,,,,NONE,False,Green,30.0
94,7.9381,3.0,374,entity_2,pedestrian,walker.pedestrian.0001,entity_2,63.8613,331.4568,0.9515,0.0,0.0,-89.7548,63.8613,-331.4568,1.566517,0.0044,-1.0203,0.0,1.0203,0.0,0.0,0.0,0.0,0.0,0.0,5,0,-1,53.85,Driving,False,0.888,,,,,,,0.0043,-1.0,1.02,,,,
94,7.9381,3.0,373,Vehicle 4,vehicle,vehicle.tesla.model3,hero_3,29.7874,330.5484,0.0018,0.005,0.0314,0.0941,29.7874,-330.5484,-0.001642,5.1757,-0.0047,0.0019,5.1757,2.1703,-0.0543,-0.0793,0.0046,0.0233,-0.4926,5,0,-1,19.78,Driving,False,-0.002,0.75,-0.005,0.0,False,False,1,,,,NONE,False,Green,30.0
94,7.9381,3.0,372,Vehicle 3,vehicle,vehicle.tesla.model3,hero_2,17.009,330.5433,0.0017,0.0,0.0,0.0314,17.009,-330.5433,-0.000548,0.0,-0.0,0.0,0.0,0.0,0.0,0.0,0.0,0.0,0.0,5,0,-1,7.0,Driving,False,-0.0,0.75,0.009,0.0,False,False,0,,,,NONE,False,Green,30.0
94,7.9381,3.0,371,Vehicle 2,vehicle,vehicle.tesla.model3,hero_1,72.2712,326.58,0.0018,0.0006,0.0315,179.7917,72.2712,-326.58,-3.137957,-5.17,0.0259,0.0019,5.1701,-2.1677,0.029,-0.0793,0.0021,-0.0243,-0.2766,5,0,1,62.26,Driving,False,-0.007,0.75,-0.002,0.0,False,False,1,,,,NONE,False,Green,30.0
94,7.9381,3.0,370,Vehicle 1,vehicle,vehicle.tesla.model3,hero_0,9.2929,330.5399,0.001,-0.0154,0.0259,0.032,9.2929,-330.5399,-0.000559,-0.0,-0.0,0.0,0.0,-0.0,0.0,0.0,0.0,-0.0,0.0,20,0,1,0.7,Driving,False,0.0,0.0,-0.009,0.889,False,False,0,,,,NONE,False,Green,30.0
95,7.9881,3.05,375,entity_1,vehicle,vehicle.audi.a2,entity_1,61.009,331.442,-0.0073,0.0,0.0,0.0286,61.009,-331.442,-0.000499,0.0,0.0,0.0,0.0,0.0,0.0,0.0,0.0,0.0,0.0,5,0,-1,51.0,Driving,False,0.875,0.0,0.0,0.0,False,False,0,,,,NONE,False,Green,30.0
95,7.9881,3.05,374,entity_2,pedestrian,walker.pedestrian.0001,entity_2,63.8615,331.4058,0.9515,0.0,0.0,-89.7548,63.8615,-331.4058,1.566517,0.0044,-1.0203,0.0,1.0203,0.0,0.0,0.0,0.0,0.0,0.0,5,0,-1,53.85,Driving,False,0.837,,,,,,,0.0043,-1.0,1.02,,,,
95,7.9881,3.05,373,Vehicle 4,vehicle,vehicle.tesla.model3,hero_3,30.0447,330.549,0.0019,0.0004,0.0251,0.1036,30.0447,-330.549,-0.001808,5.1417,0.0197,0.0002,5.1418,-0.6801,0.4874,-0.0332,0.107,0.133,0.5261,5,0,-1,20.04,Driving,False,-0.002,0.691,0.009,0.0,False,False,1,,,,NONE,False,Green,30.0
95,7.9881,3.05,372,Vehicle 3,vehicle,vehicle.tesla.model3,hero_2,17.009,330.5433,0.0017,0.0,0.0,0.0314,17.009,-330.5433,-0.000548,0.0,-0.0,0.0,0.0,0.0,-0.0,0.0,0.0,0.0,0.0,5,0,-1,7.0,Driving,False,-0.0,0.75,0.007,0.0,False,False,0,,,,NONE,False,Green,30.0
95,7.9881,3.05,371,Vehicle 2,vehicle,vehicle.tesla.model3,hero_1,72.0142,326.5805,0.0019,-0.0038,0.0252,179.8169,72.0142,-326.5805,-3.138397,-5.136,-0.0022,0.0002,5.136,0.6808,-0.5627,-0.0333,-0.1051,-0.133,0.8703,5,0,1,62.0,Driving,False,-0.007,0.7,0.013,0.0,False,False,1,,,,NONE,False,Green,30.0
95,7.9881,3.05,370,Vehicle 1,vehicle,vehicle.tesla.model3,hero_0,9.2929,330.5399,0.001,-0.0154,0.0259,0.032,9.2929,-330.5399,-0.000559,-0.0,-0.0,0.0,0.0,-0.0,0.0,0.0,0.0,-0.0,0.0,20,0,1,0.7,Driving,False,0.0,0.0,-0.008,0.923,False,False,0,,,,NONE,False,Green,30.0
96,8.0381,3.1,375,entity_1,vehicle,vehicle.audi.a2,entity_1,61.009,331.442,-0.0073,0.0,0.0,0.0286,61.009,-331.442,-0.000499,0.0,0.0,0.0,0.0,0.0,0.0,0.0,0.0,0.0,0.0,5,0,-1,51.0,Driving,False,0.875,0.0,0.0,0.0,False,False,0,,,,NONE,False,Green,30.0
96,8.0381,3.1,374,entity_2,pedestrian,walker.pedestrian.0001,entity_2,63.8618,331.3548,0.9515,0.0,0.0,-89.7548,63.8618,-331.3548,1.566517,0.0044,-1.0203,0.0,1.0203,0.0,0.0,0.0,0.0,0.0,0.0,5,0,-1,53.85,Driving,False,0.786,,,,,,,0.0043,-1.0,1.02,,,,
96,8.0381,3.1,373,Vehicle 4,vehicle,vehicle.tesla.model3,hero_3,30.3006,330.5501,0.0019,-0.0033,0.0182,0.1396,30.3006,-330.5501,-0.002436,5.1083,0.0298,-0.0004,5.1084,-0.6691,0.2028,-0.0122,0.0519,0.137,0.8056,5,0,-1,20.29,Driving,False,-0.001,0.691,0.009,0.0,False,False,1,,,,NONE,False,Green,30.0
96,8.0381,3.1,372,Vehicle 3,vehicle,vehicle.tesla.model3,hero_2,17.009,330.5433,0.0017,0.0,0.0,0.0314,17.009,-330.5433,-0.000548,0.0,0.0,0.0,0.0,0.0,0.0,0.0,0.0,0.0,0.0,5,0,-1,7.0,Driving,False,-0.0,0.75,0.007,0.0,False,False,0,,,,NONE,False,Green,30.0
96,8.0381,3.1,371,Vehicle 2,vehicle,vehicle.tesla.model3,hero_1,71.7586,326.5803,0.0019,-0.0073,0.0183,179.8706,71.7586,-326.5803,-3.139334,-5.1035,-0.0143,-0.0004,5.1035,0.6504,-0.2412,-0.0122,-0.0433,-0.1362,1.1609,5,0,1,61.75,Driving,False,-0.007,0.7,0.013,0.0,False,False,1,,,,NONE,False,Green,30.0
96,8.0381,3.1,370,Vehicle 1,vehicle,vehicle.tesla.model3,hero_0,9.2929,330.5399,0.001,-0.0154,0.0259,0.032,9.2929,-330.5399,-0.000559,-0.0,-0.0,0.0,0.0,0.0,0.0,0.0,-0.0,0.0,0.0,20,0,1,0.7,Driving,False,0.0,0.0,-0.008,0.923,False,False,0,,,,NONE,False,Green,30.0
97,8.0881,3.15,375,entity_1,vehicle,vehicle.audi.a2,entity_1,61.009,331.442,-0.0073,0.0,0.0,0.0286,61.009,-331.442,-0.000499,0.0,0.0,0.0,0.0,0.0,0.0,0.0,0.0,0.0,0.0,5,0,-1,51.0,Driving,False,0.875,0.0,0.0,0.0,False,False,0,,,,NONE,False,Green,30.0
97,8.0881,3.15,374,entity_2,pedestrian,walker.pedestrian.0001,entity_2,63.862,331.3038,0.9515,0.0,0.0,-89.7548,63.862,-331.3038,1.566517,0.0044,-1.0203,0.0,1.0203,0.0,0.0,0.0,0.0,0.0,0.0,5,0,-1,53.85,Driving,False,0.735,,,,,,,0.0043,-1.0,1.02,,,,
97,8.0881,3.15,373,Vehicle 4,vehicle,vehicle.tesla.model3,hero_3,30.5571,330.5515,0.0019,-0.0052,0.0141,0.1858,30.5571,-330.5515,-0.003243,5.1479,0.0389,-0.0006,5.148,0.7917,0.1814,-0.003,0.0308,0.0446,0.9865,5,0,-1,20.55,Driving,False,0.001,0.691,0.009,0.0,False,False,1,,,,NONE,False,Green,30.0
97,8.0881,3.15,372,Vehicle 3,vehicle,vehicle.tesla.model3,hero_2,17.009,330.5433,0.0017,0.0,0.0,0.0314,17.009,-330.5433,-0.000548,0.0,-0.0,0.0,0.0,-0.0,-0.0,-0.0,0.0,0.0,-0.0,5,0,-1,7.0,Driving,False,-0.0,0.75,0.007,0.0,False,False,0,,,,NONE,False,Green,30.0
97,8.0881,3.15,371,Vehicle 2,vehicle,vehicle.tesla.model3,hero_1,71.5023,326.5796,0.0019,-0.0088,0.0143,179.9357,71.5023,-326.5796,-3.14047,-5.1447,-0.0257,-0.0006,5.1447,-0.8238,-0.2285,-0.0029,-0.0261,-0.0432,1.3779,5,0,1,61.49,Driving,False,-0.007,0.7,0.013,0.0,False,False,1,,,,NONE,False,Green,30.0
97,8.0881,3.15,370,Vehicle 1,vehicle,vehicle.tesla.model3,hero_0,9.2929,330.5399,0.001,-0.0154,0.0259,0.032,9.2929,-330.5399,-0.000559,-0.0,-0.0,0.0,0.0,0.0,0.0,-0.0,-0.0,0.0,0.0,20,0,1,0.7,Driving,False,0.0,0.0,-0.008,0.923,False,False,0,,,,NONE,False,Green,30.0
98,8.1381,3.2,375,entity_1,vehicle,vehicle.audi.a2,entity_1,61.009,331.442,-0.0073,0.0,0.0,0.0286,61.009,-331.442,-0.000499,0.0,0.0,0.0,0.0,0.0,0.0,0.0,0.0,0.0,0.0,5,0,-1,51.0,Driving,False,0.875,0.0,0.0,0.0,False,False,0,,,,NONE,False,Green,30.0
98,8.1381,3.2,374,entity_2,pedestrian,walker.pedestrian.0001,entity_2,63.8622,331.2528,0.9515,0.0,0.0,-89.7548,63.8622,-331.2528,1.566517,0.0044,-1.0203,0.0,1.0203,0.0,0.0,0.0,0.0,0.0,0.0,5,0,-1,53.85,Driving,False,0.684,,,,,,,0.0043,-1.0,1.02,,,,
98,8.1381,3.2,373,Vehicle 4,vehicle,vehicle.tesla.model3,hero_3,30.8149,330.5533,0.0019,-0.0059,0.012,0.2349,30.8149,-330.5533,-0.0041,5.1629,0.0436,-0.0005,5.1631,0.3003,0.094,0.0007,0.0021,0.043,0.9733,5,0,-1,20.81,Driving,False,0.002,0.691,0.009,0.0,False,False,1,,,,NONE,False,Green,30.0
98,8.1381,3.2,372,Vehicle 3,vehicle,vehicle.tesla.model3,hero_2,17.009,330.5433,0.0017,0.0,0.0,0.0314,17.009,-330.5433,-0.000548,0.0,-0.0,0.0,0.0,0.0,-0.0,0.0,0.0,0.0,0.0,5,0,-1,7.0,Driving,False,-0.0,0.75,0.007,0.0,False,False,0,,,,NONE,False,Green,30.0
98,8.1381,3.2,371,Vehicle 2,vehicle,vehicle.tesla.model3,hero_1,71.2446,326.5786,0.0019,-0.0091,0.0122,-179.996,71.2446,-326.5786,3.141523,-5.1619,-0.0317,-0.0005,5.162,-0.3445,-0.1205,0.0006,0.0061,-0.0412,1.3494,5,0,1,61.23,Driving,False,-0.006,0.7,0.013,0.0,False,False,1,,,,NONE,False,Green,30.0
98,8.1381,3.2,370,Vehicle 1,vehicle,vehicle.tesla.model3,hero_0,9.2929,330.5399,0.001,-0.0154,0.0259,0.032,9.2929,-330.5399,-0.000559,-0.0,-0.0,0.0,0.0,-0.0,-0.0,0.0,-0.0,-0.0,0.0,20,0,1,0.7,Driving,False,0.0,0.0,-0.008,0.923,False,False,0,,,,NONE,False,Green,30.0
99,8.1881,3.25,375,entity_1,vehicle,vehicle.audi.a2,entity_1,61.009,331.442,-0.0073,0.0,0.0,0.0286,61.009,-331.442,-0.000499,0.0,0.0,0.0,0.0,0.0,0.0,0.0,0.0,0.0,0.0,5,0,-1,51.0,Driving,False,0.875,0.0,0.0,0.0,False,False,0,,,,NONE,False,Green,30.0
99,8.1881,3.25,374,entity_2,pedestrian,walker.pedestrian.0001,entity_2,63.8624,331.2018,0.9515,0.0,0.0,-89.7548,63.8624,-331.2018,1.566517,0.0044,-1.0203,0.0,1.0203,0.0,0.0,0.0,0.0,0.0,0.0,5,0,-1,53.85,Driving,False,0.633,,,,,,,0.0043,-1.0,1.02,,,,
99,8.1881,3.25,373,Vehicle 4,vehicle,vehicle.tesla.model3,hero_3,31.0753,330.5554,0.0018,-0.0054,0.012,0.2797,31.0753,-330.5554,-0.004882,5.2406,0.0461,-0.0004,5.2409,1.5553,0.05,0.0019,-0.0094,-0.0255,0.8676,5,0,-1,21.07,Driving,False,0.004,0.692,0.007,0.0,False,False,1,,,,NONE,False,Green,30.0
99,8.1881,3.25,372,Vehicle 3,vehicle,vehicle.tesla.model3,hero_2,17.009,330.5433,0.0017,0.0,0.0,0.0314,17.009,-330.5433,-0.000548,0.0,-0.0,0.0,0.0,0.0,-0.0,0.0,0.0,0.0,0.0,5,0,-1,7.0,Driving,False,-0.0,0.75,0.009,0.0,False,False,0,,,,NONE,False,Green,30.0
99,8.1881,3.25,371,Vehicle 2,vehicle,vehicle.tesla.model3,hero_1,70.9842,326.5771,0.0018,-0.009,0.0123,-179.926,70.9842,-326.5771,3.140301,-5.2424,-0.0406,-0.0004,5.2425,-1.6094,-0.1769,0.0019,-0.0034,0.0274,1.4357,5,0,1,60.97,Driving,False,-0.004,0.704,0.013,0.0,False,False,1,,,,NONE,False,Green,30.0
99,8.1881,3.25,370,Vehicle 1,vehicle,vehicle.tesla.model3,hero_0,9.2929,330.5399,0.001,-0.0154,0.0259,0.032,9.2929,-330.5399,-0.000559,-0.0,-0.0,0.0,0.0,0.0,-0.0,0.0,-0.0,-0.0,0.0,20,0,1,0.7,Driving,False,0.0,0.0,-0.008,0.905,False,False,0,,,,NONE,False,Green,30.0
100,8.2381,3.3,375,entity_1,vehicle,vehicle.audi.a2,entity_1,61.009,331.442,-0.0073,0.0,0.0,0.0286,61.009,-331.442,-0.000499,0.0,0.0,0.0,0.0,0.0,0.0,0.0,0.0,0.0,0.0,5,0,-1,51.0,Driving,False,0.875,0.0,0.0,0.0,False,False,0,,,,NONE,False,Green,30.0
100,8.2381,3.3,374,entity_2,pedestrian,walker.pedestrian.0001,entity_2,63.8626,331.1507,0.9515,0.0,0.0,-89.7558,63.8626,-331.1507,1.566534,0.0044,-1.0203,0.0,1.0203,0.0,0.0,0.0,0.0,0.0,0.0,5,0,-1,53.85,Driving,False,0.582,,,,,,,0.0043,-1.0,1.02,,,,
100,8.2381,3.3,373,Vehicle 4,vehicle,vehicle.tesla.model3,hero_3,31.3386,330.5574,0.0018,-0.0048,0.0126,0.3203,31.3386,-330.5574,-0.00559,5.286,0.0482,-0.0003,5.2862,0.9075,0.0421,0.002,-0.0135,-0.0017,0.7834,5,0,-1,21.33,Driving,False,0.006,0.692,0.007,0.0,False,False,1,,,,NONE,False,Green,30.0
100,8.2381,3.3,372,Vehicle 3,vehicle,vehicle.tesla.model3,hero_2,17.0108,330.5433,0.0017,-0.0,0.0025,0.0315,17.0108,-330.5433,-0.00055,0.1738,0.0008,0.0,0.1738,3.4751,0.0155,0.0,0.005,-0.2583,0.0221,5,0,-1,7.0,Driving,False,-0.0,0.75,0.009,0.0,False,False,0,,,,NONE,False,Green,30.0
100,8.2381,3.3,371,Vehicle 2,vehicle,vehicle.tesla.model3,hero_1,70.7206,326.5753,0.0018,-0.0087,0.013,-179.856,70.7206,-326.5753,3.139079,-5.2911,-0.0458,-0.0003,5.2913,-0.9737,-0.1049,0.002,0.0129,0.004,1.3763,5,0,1,60.71,Driving,False,-0.003,0.704,0.013,0.0,False,False,1,,,,NONE,False,Green,30.0
100,8.2381,3.3,370,Vehicle 1,vehicle,vehicle.tesla.model3,hero_0,9.2929,330.5399,0.001,-0.0154,0.0259,0.032,9.2929,-330.5399,-0.000559,-0.0,-0.0,0.0,0.0,0.0,-0.0,0.0,0.0,0.0,0.0,20,0,1,0.7,Driving,False,0.0,0.0,-0.008,0.905,False,False,0,,,,NONE,False,Green,30.0
101,8.2881,3.35,375,entity_1,vehicle,vehicle.audi.a2,entity_1,61.009,331.442,-0.0073,0.0,0.0,0.0286,61.009,-331.442,-0.000499,0.0,0.0,0.0,0.0,0.0,0.0,0.0,0.0,0.0,0.0,5,0,-1,51.0,Driving,False,0.875,0.0,0.0,0.0,False,False,0,,,,NONE,False,Green,30.0
101,8.2881,3.35,374,entity_2,pedestrian,walker.pedestrian.0001,entity_2,63.8629,331.0997,0.9515,0.0,0.0,-89.7558,63.8629,-331.0997,1.566534,0.0044,-1.0203,0.0,1.0203,0.0,0.0,0.0,0.0,0.0,0.0,5,0,-1,53.85,Driving,False,0.531,,,,,,,0.0043,-1.0,1.02,,,,
101,8.2881,3.35,373,Vehicle 4,vehicle,vehicle.tesla.model3,hero_3,31.6059,330.5598,0.0018,-0.0045,0.0141,0.3604,31.6059,-330.5598,-0.00629,5.3862,0.0533,-0.0003,5.3864,2.0027,0.1025,0.0017,0.0005,-0.0494,0.8171,5,0,-1,21.6,Driving,False,0.008,0.692,0.007,0.0,False,False,1,,,,NONE,False,Green,30.0
101,8.2881,3.35,372,Vehicle 3,vehicle,vehicle.tesla.model3,hero_2,17.0379,330.5434,0.0015,-0.0007,0.026,0.0372,17.0379,-330.5434,-0.000649,0.7821,0.0051,0.0,0.7821,12.1674,0.0871,0.0,0.0148,-0.5442,0.1647,5,0,-1,7.03,Driving,False,-0.0,0.75,0.009,0.0,False,False,1,,,,NONE,False,Green,30.0
101,8.2881,3.35,371,Vehicle 2,vehicle,vehicle.tesla.model3,hero_1,70.453,326.5732,0.0018,-0.0086,0.0146,-179.7845,70.453,-326.5732,3.137831,-5.3949,-0.055,-0.0003,5.3952,-2.077,-0.184,0.0016,-0.0045,0.0515,1.4671,5,0,1,60.44,Driving,False,-0.001,0.704,0.013,0.0,False,False,1,,,,NONE,False,Green,30.0
101,8.2881,3.35,370,Vehicle 1,vehicle,vehicle.tesla.model3,hero_0,9.2929,330.5399,0.001,-0.0154,0.0259,0.032,9.2929,-330.5399,-0.000559,-0.0,-0.0,0.0,0.0,-0.0,0.0,0.0,0.0,0.0,0.0,20,0,1,0.7,Driving,False,0.0,0.0,-0.008,0.905,False,False,0,,,,NONE,False,Green,30.0
102,8.3381,3.4,375,entity_1,vehicle,vehicle.audi.a2,entity_1,61.009,331.442,-0.0073,0.0,0.0,0.0286,61.009,-331.442,-0.000499,0.0,0.0,0.0,0.0,0.0,0.0,0.0,0.0,0.0,0.0,5,0,-1,51.0,Driving,False,0.875,0.0,0.0,0.0,False,False,0,,,,NONE,False,Green,30.0
102,8.3381,3.4,374,entity_2,pedestrian,walker.pedestrian.0001,entity_2,63.8631,331.0487,0.9515,0.0,0.0,-89.7558,63.8631,-331.0487,1.566534,0.0044,-1.0203,0.0,1.0203,0.0,0.0,0.0,0.0,0.0,0.0,5,0,-1,53.85,Driving,False,0.48,,,,,,,0.0043,-1.0,1.02,,,,
102,8.3381,3.4,373,Vehicle 4,vehicle,vehicle.tesla.model3,hero_3,31.8771,330.5623,0.0018,-0.0044,0.0155,0.4002,31.8771,-330.5623,-0.006985,5.4487,0.0566,-0.0002,5.449,1.2501,0.065,0.0013,-0.0055,-0.0129,0.783,5,0,-1,21.87,Driving,False,0.011,0.692,0.007,0.0,False,False,1,,,,NONE,False,Green,30.0
102,8.3381,3.4,372,Vehicle 3,vehicle,vehicle.tesla.model3,hero_2,17.0906,330.5437,0.0014,-0.0013,0.0485,0.0487,17.0906,-330.5437,-0.00085,1.2257,0.0084,-0.0,1.2257,8.8713,0.0663,-0.0,0.0123,-0.4059,0.279,5,0,-1,7.08,Driving,False,-0.0,0.75,0.009,0.0,False,False,1,,,,NONE,False,Green,30.0
102,8.3381,3.4,371,Vehicle 2,vehicle,vehicle.tesla.model3,hero_1,70.1813,326.5707,0.0018,-0.0084,0.0161,-179.7126,70.1813,-326.5707,3.136577,-5.4614,-0.0608,-0.0002,5.4618,-1.3309,-0.1148,0.0014,0.0098,0.0151,1.4166,5,0,1,60.17,Driving,False,0.002,0.704,0.013,0.0,False,False,1,,,,NONE,False,Green,30.0
102,8.3381,3.4,370,Vehicle 1,vehicle,vehicle.tesla.model3,hero_0,9.2929,330.5399,0.001,-0.0154,0.0259,0.032,9.2929,-330.5399,-0.000559,-0.0,-0.0,0.0,0.0,-0.0,0.0,0.0,0.0,-0.0,0.0,20,0,1,0.7,Driving,False,0.0,0.0,-0.008,0.905,False,False,0,,,,NONE,False,Green,30.0
103,8.3881,3.45,375,entity_1,vehicle,vehicle.audi.a2,entity_1,61.009,331.442,-0.0073,0.0,0.0,0.0286,61.009,-331.442,-0.000499,0.0,0.0,0.0,0.0,0.0,0.0,0.0,0.0,0.0,0.0,5,0,-1,51.0,Driving,False,0.875,0.0,0.0,0.0,False,False,0,,,,NONE,False,Green,30.0
103,8.3881,3.45,374,entity_2,pedestrian,walker.pedestrian.0001,entity_2,63.8633,330.9977,0.9515,0.0,0.0,-89.7558,63.8633,-330.9977,1.566534,0.0044,-1.0203,0.0,1.0203,0.0,0.0,0.0,0.0,0.0,0.0,5,0,-1,53.85,Driving,False,0.429,,,,,,,0.0043,-1.0,1.02,,,,
103,8.3881,3.45,373,Vehicle 4,vehicle,vehicle.tesla.model3,hero_3,32.1529,330.5649,0.0018,-0.0035,0.0172,0.4332,32.1529,-330.5649,-0.007561,5.5596,0.0566,-0.0001,5.5599,2.2189,0.0002,0.0011,-0.0164,-0.0491,0.6051,5,0,-1,22.14,Driving,False,0.013,0.668,0.004,0.0,False,False,1,,,,NONE,False,Green,30.0
103,8.3881,3.45,372,Vehicle 3,vehicle,vehicle.tesla.model3,hero_2,17.1613,330.5439,0.0013,-0.0008,0.0612,0.0635,17.1613,-330.5439,-0.001108,1.5379,0.005,-0.0,1.5379,6.2449,-0.0698,-0.0,-0.0088,-0.1902,0.6747,5,0,-1,7.15,Driving,False,0.0,0.75,0.003,0.0,False,False,1,,,,NONE,False,Green,30.0
103,8.3881,3.45,371,Vehicle 2,vehicle,vehicle.tesla.model3,hero_1,69.9048,326.5685,0.0018,-0.0042,0.0178,-179.6741,69.9048,-326.5685,3.135905,-5.5687,-0.0441,-0.0001,5.5689,-2.1459,0.334,0.001,0.09,0.0403,0.4723,5,0,1,59.89,Driving,False,0.004,0.208,-0.0,0.0,False,False,1,,,,NONE,False,Green,30.0
103,8.3881,3.45,370,Vehicle 1,vehicle,vehicle.tesla.model3,hero_0,9.2929,330.5399,0.001,-0.0154,0.0259,0.032,9.2929,-330.5399,-0.000559,-0.0,-0.0,0.0,0.0,0.0,0.0,0.0,0.0,-0.0,0.0,20,0,1,0.7,Driving,False,0.0,0.0,-0.006,0.936,False,False,0,,,,NONE,False,Green,30.0
104,8.4381,3.5,375,entity_1,vehicle,vehicle.audi.a2,entity_1,61.009,331.442,-0.0073,0.0,0.0,0.0286,61.009,-331.442,-0.000499,0.0,0.0,0.0,0.0,0.0,0.0,0.0,0.0,0.0,0.0,5,0,-1,51.0,Driving,False,0.875,0.0,0.0,0.0,False,False,0,,,,NONE,False,Green,30.0
104,8.4381,3.5,374,entity_2,pedestrian,walker.pedestrian.0001,entity_2,63.8635,330.9467,0.9515,0.0,0.0,-89.7558,63.8635,-330.9467,1.566534,0.0044,-1.0203,0.0,1.0203,0.0,0.0,0.0,0.0,0.0,0.0,5,0,-1,53.85,Driving,False,0.378,,,,,,,0.0043,-1.0,1.02,,,,
104,8.4381,3.5,373,Vehicle 4,vehicle,vehicle.tesla.model3,hero_3,32.4329,330.5676,0.0018,-0.0027,0.0184,0.4605,32.4329,-330.5676,-0.008037,5.6276,0.0576,-0.0001,5.6279,1.3596,0.0209,0.0007,-0.0124,-0.0064,0.519,5,0,-1,22.42,Driving,False,0.016,0.668,0.004,0.0,False,False,1,,,,NONE,False,Green,30.0
104,8.4381,3.5,372,Vehicle 3,vehicle,vehicle.tesla.model3,hero_2,17.244,330.544,0.0013,-0.0005,0.0642,0.0732,17.244,-330.544,-0.001278,1.7241,0.0051,-0.0,1.7241,3.7226,0.0029,0.0,-0.0035,0.0212,0.5844,5,0,-1,7.24,Driving,False,0.0,0.75,0.003,0.0,False,False,1,,,,NONE,False,Green,30.0
104,8.4381,3.5,371,Vehicle 2,vehicle,vehicle.tesla.model3,hero_1,69.6255,326.5666,0.0018,-0.0009,0.0173,-179.6613,69.6255,-326.5666,3.135681,-5.5929,-0.0379,-0.0001,5.593,-0.4827,0.1225,0.0008,0.0492,-0.0417,0.1591,5,0,1,59.61,Driving,False,0.005,0.208,-0.0,0.0,False,False,1,,,,NONE,False,Green,30.0
104,8.4381,3.5,370,Vehicle 1,vehicle,vehicle.tesla.model3,hero_0,9.2929,330.5399,0.001,-0.0154,0.0259,0.032,9.2929,-330.5399,-0.000559,-0.0,-0.0,0.0,0.0,-0.0,-0.0,0.0,0.0,-0.0,0.0,20,0,1,0.7,Driving,False,0.0,0.0,-0.006,0.936,False,False,0,,,,NONE,False,Green,30.0
105,8.4881,3.55,375,entity_1,vehicle,vehicle.audi.a2,entity_1,61.009,331.442,-0.0073,0.0,0.0,0.0286,61.009,-331.442,-0.000499,0.0,0.0,0.0,0.0,0.0,0.0,0.0,0.0,0.0,0.0,5,0,-1,51.0,Driving,False,0.875,0.0,0.0,0.0,False,False,0,,,,NONE,False,Green,30.0
105,8.4881,3.55,374,entity_2,pedestrian,walker.pedestrian.0001,entity_2,63.8637,330.8957,0.9515,0.0,0.0,-89.7558,63.8637,-330.8957,1.566534,0.0044,-1.0203,0.0,1.0203,0.0,0.0,0.0,0.0,0.0,0.0,5,0,-1,53.85,Driving,False,0.327,,,,,,,0.0043,-1.0,1.02,,,,
105,8.4881,3.55,373,Vehicle 4,vehicle,vehicle.tesla.model3,hero_3,32.7177,330.5704,0.0017,-0.0025,0.0197,0.4866,32.7177,-330.5704,-0.008493,5.74,0.0612,-0.0001,5.7403,2.2483,0.0711,0.0006,0.0001,-0.0385,0.527,5,0,-1,22.71,Driving,False,0.018,0.668,0.004,0.0,False,False,1,,,,NONE,False,Green,30.0
105,8.4881,3.55,372,Vehicle 3,vehicle,vehicle.tesla.model3,hero_2,17.3371,330.5441,0.0013,-0.0004,0.0632,0.0868,17.3371,-330.5441,-0.001515,1.9464,0.0057,0.0,1.9464,4.4474,0.0115,0.0,-0.0014,0.023,0.1267,5,0,-1,7.33,Driving,False,0.0,0.75,0.003,0.0,False,False,1,,,,NONE,False,Green,30.0
105,8.4881,3.55,371,Vehicle 2,vehicle,vehicle.tesla.model3,hero_1,69.3447,326.5648,0.0018,0.0006,0.0153,-179.6569,69.3447,-326.5648,3.135604,-5.6282,-0.0357,-0.0001,5.6283,-0.7064,0.0442,0.0006,0.0187,-0.0375,0.0539,5,0,1,59.33,Driving,False,0.007,0.208,-0.0,0.0,False,False,1,,,,NONE,False,Green,30.0
105,8.4881,3.55,370,Vehicle 1,vehicle,vehicle.tesla.model3,hero_0,9.2929,330.5399,0.001,-0.0154,0.0259,0.032,9.2929,-330.5399,-0.000559,-0.0,-0.0,0.0,0.0,-0.0,-0.0,0.0,0.0,-0.0,0.0,20,0,1,0.7,Driving,False,0.0,0.0,-0.006,0.936,False,False,0,,,,NONE,False,Green,30.0
106,8.5381,3.6,375,entity_1,vehicle,vehicle.audi.a2,entity_1,61.009,331.442,-0.0073,0.0,0.0,0.0286,61.009,-331.442,-0.000499,0.0,0.0,0.0,0.0,0.0,0.0,0.0,0.0,0.0,0.0,5,0,-1,51.0,Driving,False,0.875,0.0,0.0,0.0,False,False,0,,,,NONE,False,Green,30.0
106,8.5381,3.6,374,entity_2,pedestrian,walker.pedestrian.0001,entity_2,63.864,330.8446,0.9515,0.0,0.0,-89.7558,63.864,-330.8446,1.566534,0.0044,-1.0203,0.0,1.0203,0.0,0.0,0.0,0.0,0.0,0.0,5,0,-1,53.86,Driving,False,0.276,,,,,,,0.0043,-1.0,1.02,,,,
106,8.5381,3.6,373,Vehicle 4,vehicle,vehicle.tesla.model3,hero_3,33.0067,330.5734,0.0017,-0.0025,0.0204,0.5123,33.0067,-330.5734,-0.008941,5.8095,0.0636,-0.0001,5.8098,1.3896,0.0492,0.0004,-0.002,0.0023,0.5041,5,0,-1,23.0,Driving,False,0.021,0.668,0.004,0.0,False,False,1,,,,NONE,False,Green,30.0
106,8.5381,3.6,372,Vehicle 3,vehicle,vehicle.tesla.model3,hero_2,17.4387,330.5444,0.0013,-0.0006,0.0594,0.1093,17.4387,-330.5444,-0.001908,2.087,0.0072,0.0,2.087,2.811,0.0303,0.0,0.006,0.1043,0.7834,5,0,-1,7.43,Driving,False,0.0,0.75,0.003,0.0,False,False,1,,,,NONE,False,Green,30.0
106,8.5381,3.6,371,Vehicle 2,vehicle,vehicle.tesla.model3,hero_1,69.0642,326.563,0.0018,0.001,0.0117,-179.6555,69.0642,-326.563,3.13558,-5.5975,-0.0345,-0.0,5.5976,0.6138,0.0242,0.0004,0.0047,-0.0922,0.0177,5,0,1,59.05,Driving,False,0.009,0.208,-0.0,0.0,False,False,1,,,,NONE,False,Green,30.0
106,8.5381,3.6,370,Vehicle 1,vehicle,vehicle.tesla.model3,hero_0,9.2929,330.5399,0.001,-0.0154,0.0259,0.032,9.2929,-330.5399,-0.000559,-0.0,-0.0,0.0,0.0,0.0,0.0,-0.0,-0.0,-0.0,0.0,20,0,1,0.7,Driving,False,0.0,0.0,-0.006,0.936,False,False,0,,,,NONE,False,Green,30.0
107,8.5881,3.65,375,entity_1,vehicle,vehicle.audi.a2,entity_1,61.009,331.442,-0.0073,0.0,0.0,0.0286,61.009,-331.442,-0.000499,0.0,0.0,0.0,0.0,0.0,0.0,0.0,0.0,0.0,0.0,5,0,-1,51.0,Driving,False,0.875,0.0,0.0,0.0,False,False,0,,,,NONE,False,Green,30.0
107,8.5881,3.65,374,entity_2,pedestrian,walker.pedestrian.0001,entity_2,63.8642,330.7936,0.9515,0.0,0.0,-89.7558,63.8642,-330.7936,1.566534,0.0044,-1.0203,0.0,1.0203,0.0,0.0,0.0,0.0,0.0,0.0,5,0,-1,53.86,Driving,False,0.225,,,,,,,0.0043,-1.0,1.02,,,,
107,8.5881,3.65,373,Vehicle 4,vehicle,vehicle.tesla.model3,hero_3,33.3005,330.5759,0.0017,0.0014,0.021,0.5047,33.3005,-330.5759,-0.008809,5.9132,0.0425,-0.0,5.9133,2.0737,-0.4227,0.0003,-0.0887,-0.0185,-0.4608,5,0,-1,23.29,Driving,False,0.023,0.133,-0.007,0.0,False,False,1,,,,NONE,False,Green,30.0
107,8.5881,3.65,372,Vehicle 3,vehicle,vehicle.tesla.model3,hero_2,17.5485,330.5445,0.0014,0.0001,0.0555,0.1155,17.5485,-330.5445,-0.002016,2.2657,0.0029,0.0,2.2657,3.574,-0.0851,0.0,-0.0144,0.0625,-0.2785,5,0,-1,7.54,Driving,False,0.001,0.75,-0.001,0.0,False,False,1,,,,NONE,False,Green,30.0
107,8.5881,3.65,371,Vehicle 2,vehicle,vehicle.tesla.model3,hero_1,68.785,326.5613,0.0018,0.0006,0.0073,-179.6513,68.785,-326.5613,3.135507,-5.5647,-0.0366,-0.0,5.5648,0.6564,-0.0426,0.0002,-0.0111,-0.092,0.1156,5,0,1,58.77,Driving,False,0.01,0.0,0.001,0.7,False,False,1,,,,NONE,False,Green,30.0
107,8.5881,3.65,370,Vehicle 1,vehicle,vehicle.tesla.model3,hero_0,9.2929,330.5399,0.001,-0.0154,0.0259,0.032,9.2929,-330.5399,-0.000559,-0.0,-0.0,0.0,0.0,-0.0,-0.0,0.0,-0.0,-0.0,0.0,20,0,1,0.7,Driving,False,0.0,0.525,-0.006,0.3,False,False,0,,,,NONE,False,Green,30.0
108,8.6381,3.7,375,entity_1,vehicle,vehicle.audi.a2,entity_1,61.009,331.442,-0.0073,0.0,0.0,0.0286,61.009,-331.442,-0.000499,0.0,0.0,0.0,0.0,0.0,0.0,0.0,0.0,0.0,0.0,5,0,-1,51.0,Driving,False,0.875,0.0,0.0,0.0,False,False,0,,,,NONE,False,Green,30.0
108,8.6381,3.7,374,entity_2,pedestrian,walker.pedestrian.0001,entity_2,63.8644,330.7426,0.9515,0.0,0.0,-89.7558,63.8644,-330.7426,1.566534,0.0044,-1.0203,0.0,1.0203,0.0,0.0,0.0,0.0,0.0,0.0,5,0,-1,53.86,Driving,False,0.174,,,,,,,0.0043,-1.0,1.02,,,,
108,8.6381,3.7,373,Vehicle 4,vehicle,vehicle.tesla.model3,hero_3,33.5968,330.5779,0.0017,0.0045,0.0195,0.472,33.5968,-330.5779,-0.008238,5.9302,0.033,-0.0,5.9303,0.3415,-0.1889,0.0002,-0.0416,0.0632,-0.7379,5,0,-1,23.59,Driving,False,0.025,0.133,-0.007,0.0,False,False,1,,,,NONE,False,Green,30.0
108,8.6381,3.7,372,Vehicle 3,vehicle,vehicle.tesla.model3,hero_2,17.6656,330.5447,0.0014,0.0004,0.0514,0.1264,17.6656,-330.5447,-0.002206,2.3936,0.0026,-0.0,2.3936,2.5589,-0.0066,-0.0,-0.0017,0.0945,0.5208,5,0,-1,7.66,Driving,False,0.001,0.75,-0.001,0.0,False,False,1,,,,NONE,False,Green,30.0
108,8.6381,3.7,371,Vehicle 2,vehicle,vehicle.tesla.model3,hero_1,68.5134,326.5595,0.0019,0.0001,-0.0038,-179.6449,68.5134,-326.5595,3.135395,-5.1974,-0.0352,-0.0,5.1975,7.3453,0.029,0.0002,-0.0029,-0.5409,0.1328,5,0,1,58.5,Driving,False,0.012,0.0,0.001,0.7,False,False,1,,,,NONE,False,Green,30.0
108,8.6381,3.7,370,Vehicle 1,vehicle,vehicle.tesla.model3,hero_0,9.2929,330.5399,0.001,-0.0154,0.0259,0.032,9.2929,-330.5399,-0.000559,-0.0,-0.0,0.0,0.0,0.0,-0.0,0.0,-0.0,-0.0,0.0,20,0,1,0.7,Driving,False,0.0,0.525,-0.006,0.3,False,False,0,,,,NONE,False,Green,30.0
109,8.6881,3.75,375,entity_1,vehicle,vehicle.audi.a2,entity_1,61.009,331.442,-0.0073,0.0,0.0,0.0286,61.009,-331.442,-0.000499,0.0,0.0,0.0,0.0,0.0,0.0,0.0,0.0,0.0,0.0,5,0,-1,51.0,Driving,False,0.875,0.0,0.0,0.0,False,False,0,,,,NONE,False,Green,30.0
109,8.6881,3.75,374,entity_2,pedestrian,walker.pedestrian.0001,entity_2,63.8646,330.6916,0.9515,0.0,0.0,-89.7558,63.8646,-330.6916,1.566534,0.0044,-1.0203,0.0,1.0203,0.0,0.0,0.0,0.0,0.0,0.0,5,0,-1,53.86,Driving,False,0.123,,,,,,,0.0043,-1.0,1.02,,,,
109,8.6881,3.75,373,Vehicle 4,vehicle,vehicle.tesla.model3,hero_3,33.8941,330.5795,0.0018,0.0059,0.0163,0.43,33.8941,-330.5795,-0.007505,5.9524,0.0252,-0.0,5.9524,0.4429,-0.1562,0.0002,-0.0219,0.061,-0.8959,5,0,-1,23.89,Driving,False,0.027,0.133,-0.007,0.0,False,False,1,,,,NONE,False,Green,30.0
109,8.6881,3.75,372,Vehicle 3,vehicle,vehicle.tesla.model3,hero_2,17.7902,330.5448,0.0014,0.0004,0.0481,0.1276,17.7902,-330.5448,-0.002227,2.557,0.003,0.0,2.557,3.2669,0.0077,0.0,0.0002,0.0464,-0.2933,5,0,-1,7.78,Driving,False,0.001,0.75,-0.001,0.0,False,False,1,,,,NONE,False,Green,30.0
109,8.6881,3.75,371,Vehicle 2,vehicle,vehicle.tesla.model3,hero_1,68.2941,326.558,0.002,0.0001,-0.0539,-179.6392,68.2941,-326.558,3.135296,-3.8556,-0.0264,-0.0037,3.8557,26.8363,0.1754,-0.0729,0.0073,-1.1764,0.0993,5,0,1,58.28,Driving,False,0.013,0.0,0.001,0.7,False,False,1,,,,NONE,False,Green,30.0
109,8.6881,3.75,370,Vehicle 1,vehicle,vehicle.tesla.model3,hero_0,9.2929,330.5399,0.001,-0.0154,0.0259,0.032,9.2929,-330.5399,-0.000559,-0.0,-0.0,0.0,0.0,0.0,-0.0,0.0,0.0,0.0,0.0,20,0,1,0.7,Driving,False,0.0,0.525,-0.006,0.3,False,False,0,,,,NONE,False,Green,30.0
110,8.7381,3.8,375,entity_1,vehicle,vehicle.audi.a2,entity_1,61.009,331.442,-0.0073,0.0,0.0,0.0286,61.009,-331.442,-0.000499,0.0,0.0,0.0,0.0,0.0,0.0,0.0,0.0,0.0,0.0,5,0,-1,51.0,Driving,False,0.875,0.0,0.0,0.0,False,False,0,,,,NONE,False,Green,30.0
110,8.7381,3.8,374,entity_2,pedestrian,walker.pedestrian.0001,entity_2,63.8648,330.6406,0.9515,0.0,0.0,-89.7558,63.8648,-330.6406,1.566534,0.0044,-1.0203,0.0,1.0203,0.0,0.0,0.0,0.0,0.0,0.0,5,0,-1,53.86,Driving,False,0.072,,,,,,,0.0043,-1.0,1.02,,,,
110,8.7381,3.8,373,Vehicle 4,vehicle,vehicle.tesla.model3,hero_3,34.1904,330.5809,0.0018,0.0062,0.0116,0.3853,34.1904,-330.5809,-0.006725,5.9064,0.0204,-0.0,5.9064,-0.9196,-0.0965,0.0001,0.0007,0.1135,-0.8848,5,0,-1,24.18,Driving,False,0.028,0.133,-0.007,0.0,False,False,1,,,,NONE,False,Green,30.0
110,8.7381,3.8,372,Vehicle 3,vehicle,vehicle.tesla.model3,hero_2,17.9217,330.545,0.0014,0.0003,0.0451,0.135,17.9217,-330.545,-0.002356,2.6798,0.0033,-0.0,2.6798,2.4566,0.007,-0.0,0.0034,0.0703,0.4301,5,0,-1,7.91,Driving,False,0.001,0.75,-0.001,0.0,False,False,1,,,,NONE,False,Green,30.0
110,8.7381,3.8,371,Vehicle 2,vehicle,vehicle.tesla.model3,hero_1,68.1421,326.557,0.0022,0.0001,-0.1145,-179.6353,68.1421,-326.557,3.135227,-2.5108,-0.0175,-0.0012,2.5109,26.8962,0.1789,0.0489,0.009,-1.1855,0.0664,5,0,1,58.13,Driving,False,0.014,0.0,0.001,0.7,False,False,1,,,,NONE,False,Green,30.0
110,8.7381,3.8,370,Vehicle 1,vehicle,vehicle.tesla.model3,hero_0,9.2929,330.5399,0.001,-0.0154,0.0259,0.032,9.2929,-330.5399,-0.000559,-0.0,-0.0,0.0,0.0,-0.0,0.0,0.0,0.0,0.0,0.0,20,0,1,0.7,Driving,False,0.0,0.525,-0.006,0.3,False,False,0,,,,NONE,False,Green,30.0
111,8.7881,3.85,375,entity_1,vehicle,vehicle.audi.a2,entity_1,61.009,331.442,-0.0073,0.0,0.0,0.0286,61.009,-331.442,-0.000499,0.0,0.0,0.0,0.0,0.0,0.0,0.0,0.0,0.0,0.0,5,0,-1,51.0,Driving,False,0.875,0.0,0.0,0.0,False,False,0,,,,NONE,False,Green,30.0
111,8.7881,3.85,374,entity_2,pedestrian,walker.pedestrian.0001,entity_2,63.8651,330.5896,0.9515,0.0,0.0,-89.7558,63.8651,-330.5896,1.566534,0.0044,-1.0203,0.0,1.0203,0.0,0.0,0.0,0.0,0.0,0.0,5,0,-1,53.86,Driving,False,0.021,,,,,,,0.0043,-1.0,1.02,,,,
111,8.7881,3.85,373,Vehicle 4,vehicle,vehicle.tesla.model3,hero_3,34.4851,330.5815,0.0018,0.0091,0.007,0.3145,34.4851,-330.5815,-0.005489,5.8871,-0.0043,-0.0,5.8871,-0.3858,-0.495,0.0001,-0.0719,0.0742,-1.6799,5,0,-1,24.48,Driving,False,0.028,0.134,-0.016,0.0,False,False,1,,,,NONE,False,Green,30.0
111,8.7881,3.85,372,Vehicle 3,vehicle,vehicle.tesla.model3,hero_2,18.0604,330.545,0.0014,0.0014,0.0429,0.1228,18.0604,-330.545,-0.002143,2.8358,-0.0043,0.0,2.8358,3.1192,-0.1533,0.0,-0.0232,0.0277,-0.603,5,0,-1,8.05,Driving,False,0.001,0.75,-0.007,0.0,False,False,1,,,,NONE,False,Green,30.0
111,8.7881,3.85,371,Vehicle 2,vehicle,vehicle.tesla.model3,hero_1,68.057,326.5565,0.0025,0.0006,-0.1681,-179.637,68.057,-326.5565,3.135257,-1.1756,-0.0059,-0.0001,1.1757,26.7031,0.2321,0.0226,0.0144,-0.9846,-0.0611,5,0,1,58.05,Driving,False,0.015,0.75,-0.006,0.0,False,False,1,,,,NONE,False,Green,30.0
111,8.7881,3.85,370,Vehicle 1,vehicle,vehicle.tesla.model3,hero_0,9.2929,330.5399,0.001,-0.0154,0.0259,0.032,9.2929,-330.5399,-0.000559,-0.0,-0.0,0.0,0.0,0.0,0.0,0.0,0.0,-0.0,0.0,20,0,1,0.7,Driving,False,0.0,0.525,0.0,0.3,False,False,0,,,,NONE,False,Green,30.0
112,8.8381,3.9,375,entity_1,vehicle,vehicle.audi.a2,entity_1,61.009,331.442,-0.0073,0.0,0.0,0.0286,61.009,-331.442,-0.000499,0.0,0.0,0.0,0.0,0.0,0.0,0.0,0.0,0.0,0.0,5,0,-1,51.0,Driving,False,0.875,0.0,0.0,0.0,False,False,0,,,,NONE,False,Green,30.0
112,8.8381,3.9,374,entity_2,pedestrian,walker.pedestrian.0001,entity_2,63.8653,330.5385,0.9515,0.0,0.0,-89.7558,63.8653,-330.5385,1.566534,0.0044,-1.0203,0.0,1.0203,0.0,0.0,0.0,0.0,0.0,0.0,5,0,-1,53.86,Driving,False,-0.03,,,,,,,0.0043,-1.0,1.02,,,,
112,8.8381,3.9,373,Vehicle 4,vehicle,vehicle.tesla.model3,hero_3,34.7772,330.5815,0.0018,0.0112,0.0023,0.2256,34.7772,-330.5815,-0.003937,5.811,-0.0167,-0.0,5.8111,-1.5215,-0.2468,-0.0,-0.0209,0.1097,-1.8089,5,0,-1,24.77,Driving,False,0.028,0.134,-0.016,0.0,False,False,1,,,,NONE,False,Green,30.0
112,8.8381,3.9,372,Vehicle 3,vehicle,vehicle.tesla.model3,hero_2,18.2058,330.5447,0.0014,0.0021,0.0408,0.111,18.2058,-330.5447,-0.001937,2.9579,-0.0067,0.0,2.9579,2.4429,-0.0468,0.0,-0.0075,0.0487,0.0025,5,0,-1,8.2,Driving,False,0.0,0.75,-0.007,0.0,False,False,1,,,,NONE,False,Green,30.0
112,8.8381,3.9,371,Vehicle 2,vehicle,vehicle.tesla.model3,hero_1,68.0072,326.5563,0.0026,0.0011,-0.1762,-179.6427,68.0072,-326.5563,3.135357,-1.0853,-0.0026,0.0004,1.0853,1.806,0.0654,0.0093,0.0074,0.4038,-0.1503,5,0,1,58.0,Driving,False,0.015,0.75,-0.006,0.0,False,False,1,,,,NONE,False,Green,30.0
112,8.8381,3.9,370,Vehicle 1,vehicle,vehicle.tesla.model3,hero_0,9.2929,330.5399,0.001,-0.0154,0.0259,0.032,9.2929,-330.5399,-0.000559,-0.0,-0.0,0.0,0.0,-0.0,-0.0,0.0,0.0,-0.0,0.0,20,0,1,0.7,Driving,False,0.0,0.525,0.0,0.3,False,False,0,,,,NONE,False,Green,30.0
113,8.8881,3.95,375,entity_1,vehicle,vehicle.audi.a2,entity_1,61.009,331.442,-0.0073,0.0,0.0,0.0286,61.009,-331.442,-0.000499,0.0,0.0,0.0,0.0,0.0,0.0,0.0,0.0,0.0,0.0,5,0,-1,51.0,Driving,False,0.875,0.0,0.0,0.0,False,False,0,,,,NONE,False,Green,30.0
113,8.8881,3.95,374,entity_2,pedestrian,walker.pedestrian.0001,entity_2,63.8655,330.4875,0.9515,0.0,0.0,-89.7558,63.8655,-330.4875,1.566534,0.0044,-1.0203,0.0,1.0203,0.0,0.0,0.0,0.0,0.0,0.0,5,0,-1,53.86,Driving,False,-0.081,,,,,,,0.0043,-1.0,1.02,,,,
113,8.8881,3.95,373,Vehicle 4,vehicle,vehicle.tesla.model3,hero_3,35.0666,330.5807,0.0019,0.0121,-0.0016,0.129,35.0666,-330.5807,-0.002251,5.7724,-0.0307,-0.0,5.7725,-0.7722,-0.2812,0.0,-0.0199,0.0556,-2.0013,5,0,-1,25.06,Driving,False,0.027,0.134,-0.016,0.0,False,False,1,,,,NONE,False,Green,30.0
113,8.8881,3.95,372,Vehicle 3,vehicle,vehicle.tesla.model3,hero_2,18.3582,330.5444,0.0014,0.0022,0.0394,0.0902,18.3582,-330.5444,-0.001574,3.1081,-0.008,0.0,3.1081,3.0032,-0.0273,0.0,-0.0014,0.0152,-0.681,5,0,-1,8.35,Driving,False,-0.0,0.75,-0.007,0.0,False,False,1,,,,NONE,False,Green,30.0
113,8.8881,3.95,371,Vehicle 2,vehicle,vehicle.tesla.model3,hero_1,67.9485,326.5562,0.0024,0.0013,-0.1428,-179.649,67.9485,-326.5562,3.135467,-1.2324,-0.0027,0.0005,1.2324,-2.9412,-0.0018,0.0029,-0.0024,0.7557,-0.0681,5,0,1,57.94,Driving,False,0.015,0.75,-0.006,0.0,False,False,1,,,,NONE,False,Green,30.0
113,8.8881,3.95,370,Vehicle 1,vehicle,vehicle.tesla.model3,hero_0,9.2929,330.5399,0.001,-0.0154,0.0259,0.032,9.2929,-330.5399,-0.000559,-0.0,-0.0,0.0,0.0,-0.0,-0.0,0.0,0.0,-0.0,0.0,20,0,1,0.7,Driving,False,0.0,0.525,0.0,0.3,False,False,0,,,,NONE,False,Green,30.0
114,8.9381,4.0,375,entity_1,vehicle,vehicle.audi.a2,entity_1,61.009,331.442,-0.0073,0.0,0.0,0.0286,61.009,-331.442,-0.000499,0.0,0.0,0.0,0.0,0.0,0.0,0.0,0.0,0.0,0.0,5,0,-1,51.0,Driving,False,0.875,0.0,0.0,0.0,False,False,0,,,,NONE,False,Green,30.0
114,8.9381,4.0,374,entity_2,pedestrian,walker.pedestrian.0001,entity_2,63.8657,330.4365,0.9515,0.0,0.0,-89.7558,63.8657,-330.4365,1.566534,0.0044,-1.0203,0.0,1.0203,0.0,0.0,0.0,0.0,0.0,0.0,5,0,-1,53.86,Driving,False,-0.132,,,,,,,0.0043,-1.0,1.02,,,,
114,8.9381,4.0,373,Vehicle 4,vehicle,vehicle.tesla.model3,hero_3,35.3525,330.5794,0.0019,0.0121,-0.0054,0.0318,35.3525,-330.5794,-0.000555,5.6813,-0.0387,-0.0,5.6814,-1.8226,-0.16,-0.0,0.0119,0.0901,-1.8998,5,0,-1,25.34,Driving,False,0.026,0.134,-0.016,0.0,False,False,1,,,,NONE,False,Green,30.0
114,8.9381,4.0,372,Vehicle 3,vehicle,vehicle.tesla.model3,hero_2,18.5173,330.5441,0.0015,0.0022,0.0381,0.0735,18.5173,-330.5441,-0.001283,3.2314,-0.0095,0.0,3.2314,2.466,-0.0295,0.0,0.0019,0.0328,-0.1168,5,0,-1,8.51,Driving,False,-0.0,0.75,-0.007,0.0,False,False,1,,,,NONE,False,Green,30.0
114,8.9381,4.0,371,Vehicle 2,vehicle,vehicle.tesla.model3,hero_1,67.8803,326.556,0.0022,0.0014,-0.1024,-179.6497,67.8803,-326.556,3.135479,-1.4534,-0.0031,0.0005,1.4534,-4.4205,-0.0091,-0.0003,-0.0025,0.8314,-0.1104,5,0,1,57.87,Driving,False,0.015,0.75,-0.006,0.0,False,False,1,,,,NONE,False,Green,30.0
114,8.9381,4.0,370,Vehicle 1,vehicle,vehicle.tesla.model3,hero_0,9.2929,330.5399,0.001,-0.0154,0.0259,0.032,9.2929,-330.5399,-0.000559,-0.0,-0.0,0.0,0.0,0.0,0.0,-0.0,-0.0,0.0,0.0,20,0,1,0.7,Driving,False,0.0,0.525,0.0,0.3,False,False,0,,,,NONE,False,Green,30.0
115,8.9881,4.05,375,entity_1,vehicle,vehicle.audi.a2,entity_1,61.009,331.442,-0.0073,0.0,0.0,0.0286,61.009,-331.442,-0.000499,0.0,0.0,0.0,0.0,0.0,0.0,0.0,0.0,0.0,0.0,5,0,-1,51.0,Driving,False,0.875,0.0,0.0,0.0,False,False,0,,,,NONE,False,Green,30.0
115,8.9881,4.05,374,entity_2,pedestrian,walker.pedestrian.0001,entity_2,63.8659,330.3855,0.9515,0.0,0.0,-89.7558,63.8659,-330.3855,1.566534,0.0044,-1.0203,0.0,1.0203,0.0,0.0,0.0,0.0,0.0,0.0,5,0,-1,53.86,Driving,False,-0.183,,,,,,,0.0043,-1.0,1.02,,,,
115,8.9881,4.05,373,Vehicle 4,vehicle,vehicle.tesla.model3,hero_3,35.6351,330.5786,0.0019,0.0062,-0.0082,-0.017,35.6351,-330.5786,0.000297,5.6339,-0.0138,-0.0,5.6339,-0.9481,0.4981,0.0001,0.1318,0.0315,-0.5399,5,0,-1,25.63,Driving,False,0.025,0.149,0.002,0.0,False,False,1,,,,NONE,False,Green,30.0
115,8.9881,4.05,372,Vehicle 3,vehicle,vehicle.tesla.model3,hero_2,18.6832,330.5435,0.0015,0.0033,0.0372,0.0384,18.6832,-330.5435,-0.00067,3.3758,-0.019,0.0,3.3758,2.8883,-0.1906,-0.0,-0.0237,0.009,-1.0015,5,0,-1,8.67,Driving,False,-0.001,0.75,-0.011,0.0,False,False,1,,,,NONE,False,Green,30.0
115,8.9881,4.05,371,Vehicle 2,vehicle,vehicle.tesla.model3,hero_1,67.804,326.5558,0.002,0.0016,-0.0681,-179.6606,67.804,-326.5558,3.135669,-1.5622,-0.0021,0.0004,1.5622,-2.1749,0.0206,-0.0015,-0.0025,0.5809,-0.2437,5,0,1,57.79,Driving,False,0.015,0.75,-0.007,0.0,False,False,1,,,,NONE,False,Green,30.0
115,8.9881,4.05,370,Vehicle 1,vehicle,vehicle.tesla.model3,hero_0,9.2929,330.5399,0.001,-0.0154,0.0259,0.032,9.2929,-330.5399,-0.000559,-0.0,-0.0,0.0,0.0,0.0,-0.0,0.0,-0.0,0.0,0.0,20,0,1,0.7,Driving,False,0.0,0.525,0.006,0.3,False,False,0,,,,NONE,False,Green,30.0
116,9.0381,4.1,375,entity_1,vehicle,vehicle.audi.a2,entity_1,61.009,331.442,-0.0073,0.0,0.0,0.0286,61.009,-331.442,-0.000499,0.0,0.0,0.0,0.0,0.0,0.0,0.0,0.0,0.0,0.0,5,0,-1,51.0,Driving,False,0.875,0.0,0.0,0.0,False,False,0,,,,NONE,False,Green,30.0
116,9.0381,4.1,374,entity_2,pedestrian,walker.pedestrian.0001,entity_2,63.8661,330.3345,0.9515,0.0,0.0,-89.7558,63.8661,-330.3345,1.566534,0.0044,-1.0203,0.0,1.0203,0.0,0.0,0.0,0.0,0.0,0.0,5,0,-1,53.86,Driving,False,-0.234,,,,,,,0.0043,-1.0,1.02,,,,
116,9.0381,4.1,373,Vehicle 4,vehicle,vehicle.tesla.model3,hero_3,35.9139,330.5784,0.0019,0.0014,-0.0109,-0.0278,35.9139,-330.5784,0.000485,5.5366,-0.0046,-0.0,5.5366,-1.9464,0.1842,-0.0,0.0724,0.0691,-0.0621,5,0,-1,25.9,Driving,False,0.025,0.149,0.002,0.0,False,False,1,,,,NONE,False,Green,30.0
116,9.0381,4.1,372,Vehicle 3,vehicle,vehicle.tesla.model3,hero_2,18.8557,330.5427,0.0015,0.0041,0.0364,0.0019,18.8557,-330.5427,-3.3e-05,3.5009,-0.0236,-0.0,3.501,2.5029,-0.0906,-0.0,-0.0091,0.0215,-0.5577,5,0,-1,8.85,Driving,False,-0.002,0.75,-0.011,0.0,False,False,1,,,,NONE,False,Green,30.0
116,9.0381,4.1,371,Vehicle 2,vehicle,vehicle.tesla.model3,hero_1,67.7194,326.5556,0.0019,0.0016,-0.0404,-179.674,67.7194,-326.5556,3.135903,-1.773,-0.0019,0.0003,1.773,-4.217,0.0047,-0.0018,-0.0023,0.5365,-0.284,5,0,1,57.71,Driving,False,0.015,0.75,-0.007,0.0,False,False,1,,,,NONE,False,Green,30.0
116,9.0381,4.1,370,Vehicle 1,vehicle,vehicle.tesla.model3,hero_0,9.2929,330.5399,0.001,-0.0154,0.0259,0.032,9.2929,-330.5399,-0.000559,-0.0,-0.0,0.0,0.0,0.0,-0.0,0.0,0.0,0.0,0.0,20,0,1,0.7,Driving,False,0.0,0.525,0.006,0.3,False,False,0,,,,NONE,False,Green,30.0
117,9.0881,4.15,375,entity_1,vehicle,vehicle.audi.a2,entity_1,61.009,331.442,-0.0073,0.0,0.0,0.0286,61.009,-331.442,-0.000499,0.0,0.0,0.0,0.0,0.0,0.0,0.0,0.0,0.0,0.0,5,0,-1,51.0,Driving,False,0.875,0.0,0.0,0.0,False,False,0,,,,NONE,False,Green,30.0
117,9.0881,4.15,374,entity_2,pedestrian,walker.pedestrian.0001,entity_2,63.8664,330.2835,0.9515,0.0,0.0,-89.7558,63.8664,-330.2835,1.566534,0.0044,-1.0203,0.0,1.0203,0.0,0.0,0.0,0.0,0.0,0.0,5,0,-1,53.86,Driving,False,-0.285,,,,,,,0.0043,-1.0,1.02,,,,
117,9.0881,4.15,373,Vehicle 4,vehicle,vehicle.tesla.model3,hero_3,36.1892,330.5783,0.0019,-0.0009,-0.0126,-0.0241,36.1892,-330.5783,0.000421,5.4866,0.0003,-0.0,5.4866,-1.0005,0.0974,0.0,0.0327,0.0102,0.1382,5,0,-1,26.18,Driving,False,0.024,0.149,0.002,0.0,False,False,1,,,,NONE,False,Green,30.0
117,9.0881,4.15,372,Vehicle 3,vehicle,vehicle.tesla.model3,hero_2,19.035,330.5416,0.0015,0.0043,0.0358,-0.0424,19.035,-330.5416,0.00074,3.6396,-0.0272,0.0,3.6397,2.7731,-0.0732,0.0,-0.0024,0.0072,-1.0944,5,0,-1,9.03,Driving,False,-0.003,0.75,-0.011,0.0,False,False,1,,,,NONE,False,Green,30.0
117,9.0881,4.15,371,Vehicle 2,vehicle,vehicle.tesla.model3,hero_1,67.6277,326.5555,0.0018,0.0015,-0.0206,-179.6886,67.6277,-326.5555,3.136158,-1.8684,-0.0015,0.0003,1.8684,-1.908,0.0069,-0.0017,-0.004,0.3097,-0.298,5,0,1,57.62,Driving,False,0.015,0.75,-0.007,0.0,False,False,1,,,,NONE,False,Green,30.0
117,9.0881,4.15,370,Vehicle 1,vehicle,vehicle.tesla.model3,hero_0,9.2929,330.5399,0.001,-0.0154,0.0259,0.032,9.2929,-330.5399,-0.000559,-0.0,-0.0,0.0,0.0,-0.0,0.0,-0.0,-0.0,0.0,0.0,20,0,1,0.7,Driving,False,0.0,0.525,0.006,0.3,False,False,0,,,,NONE,False,Green,30.0
118,9.1381,4.2,375,entity_1,vehicle,vehicle.audi.a2,entity_1,61.009,331.442,-0.0073,0.0,0.0,0.0286,61.009,-331.442,-0.000499,0.0,0.0,0.0,0.0,0.0,0.0,0.0,0.0,0.0,0.0,5,0,-1,51.0,Driving,False,0.875,0.0,0.0,0.0,False,False,0,,,,NONE,False,Green,30.0
118,9.1381,4.2,374,entity_2,pedestrian,walker.pedestrian.0001,entity_2,63.8666,330.2325,0.9515,0.0,0.0,-89.7558,63.8666,-330.2325,1.566534,0.0044,-1.0203,0.0,1.0203,0.0,0.0,0.0,0.0,0.0,0.0,5,0,-1,53.86,Driving,False,-0.336,,,,,,,0.0043,-1.0,1.02,,,,
118,9.1381,4.2,373,Vehicle 4,vehicle,vehicle.tesla.model3,hero_3,36.4605,330.5783,0.0019,-0.0018,-0.0143,-0.0155,36.4605,-330.5783,0.000271,5.3867,0.0024,-0.0,5.3867,-1.9964,0.0434,0.0,0.0085,0.0531,0.1882,5,0,-1,26.45,Driving,False,0.024,0.149,0.002,0.0,False,False,1,,,,NONE,False,Green,30.0
118,9.1381,4.2,372,Vehicle 3,vehicle,vehicle.tesla.model3,hero_2,19.2208,330.5403,0.0015,0.0043,0.0352,-0.0838,19.2208,-330.5403,0.001463,3.7679,-0.031,0.0,3.7681,2.567,-0.0752,-0.0,0.0011,0.0114,-0.615,5,0,-1,9.21,Driving,False,-0.005,0.75,-0.011,0.0,False,False,1,,,,NONE,False,Green,30.0
118,9.1381,4.2,371,Vehicle 2,vehicle,vehicle.tesla.model3,hero_1,67.5283,326.5553,0.0017,0.0015,-0.0052,-179.7044,67.5283,-326.5553,3.136433,-2.0645,-0.0012,0.0002,2.0645,-3.9219,0.0073,-0.0014,-0.0015,0.3102,-0.3282,5,0,1,57.52,Driving,False,0.016,0.75,-0.007,0.0,False,False,1,,,,NONE,False,Green,30.0
118,9.1381,4.2,370,Vehicle 1,vehicle,vehicle.tesla.model3,hero_0,9.2929,330.5399,0.001,-0.0154,0.0259,0.032,9.2929,-330.5399,-0.000559,-0.0,-0.0,0.0,0.0,-0.0,-0.0,-0.0,0.0,-0.0,0.0,20,0,1,0.7,Driving,False,0.0,0.525,0.006,0.3,False,False,0,,,,NONE,False,Green,30.0
119,9.1881,4.25,375,entity_1,vehicle,vehicle.audi.a2,entity_1,61.009,331.442,-0.0073,0.0,0.0,0.0286,61.009,-331.442,-0.000499,0.0,0.0,0.0,0.0,0.0,0.0,0.0,0.0,0.0,0.0,5,0,-1,51.0,Driving,False,0.875,0.0,0.0,0.0,False,False,0,,,,NONE,False,Green,30.0
119,9.1881,4.25,374,entity_2,pedestrian,walker.pedestrian.0001,entity_2,63.8668,330.1814,0.9515,0.0,0.0,-89.7558,63.8668,-330.1814,1.566534,0.0044,-1.0203,0.0,1.0203,0.0,0.0,0.0,0.0,0.0,0.0,5,0,-1,53.86,Driving,False,-0.387,,,,,,,0.0043,-1.0,1.02,,,,
119,9.1881,4.25,373,Vehicle 4,vehicle,vehicle.tesla.model3,hero_3,36.7283,330.5789,0.0019,-0.0049,-0.0153,0.0198,36.7283,-330.5789,-0.000346,5.3368,0.0228,-0.0,5.3369,-0.9987,0.4069,0.0,0.0706,-0.0056,0.9549,5,0,-1,26.72,Driving,False,0.025,0.194,0.012,0.0,False,False,1,,,,NONE,False,Green,30.0
119,9.1881,4.25,372,Vehicle 3,vehicle,vehicle.tesla.model3,hero_2,19.413,330.5393,0.0015,0.0027,0.0347,-0.1182,19.413,-330.5393,0.002063,3.8968,-0.0242,-0.0,3.8969,2.5773,0.1349,-0.0,0.0324,0.0103,-0.8014,5,0,-1,9.4,Driving,False,-0.006,0.75,-0.006,0.0,False,False,1,,,,NONE,False,Green,30.0
119,9.1881,4.25,371,Vehicle 2,vehicle,vehicle.tesla.model3,hero_1,67.4222,326.5551,0.0016,0.0011,0.0053,-179.718,67.4222,-326.5551,3.136671,-2.158,-0.003,0.0001,2.158,-1.8702,-0.0358,-0.001,-0.0088,0.147,-0.2594,5,0,1,57.41,Driving,False,0.016,0.75,-0.005,0.0,False,False,1,,,,NONE,False,Green,30.0
119,9.1881,4.25,370,Vehicle 1,vehicle,vehicle.tesla.model3,hero_0,9.2929,330.5399,0.001,-0.0154,0.0259,0.032,9.2929,-330.5399,-0.000559,-0.0,-0.0,0.0,0.0,0.0,0.0,0.0,0.0,-0.0,0.0,20,0,1,0.7,Driving,False,0.0,0.525,0.007,0.3,False,False,0,,,,NONE,False,Green,30.0
120,9.2381,4.3,375,entity_1,vehicle,vehicle.audi.a2,entity_1,61.009,331.442,-0.0073,0.0,0.0,0.0286,61.009,-331.442,-0.000499,0.0,0.0,0.0,0.0,0.0,0.0,0.0,0.0,0.0,0.0,5,0,-1,51.0,Driving,False,0.875,0.0,0.0,0.0,False,False,0,,,,NONE,False,Green,30.0
120,9.2381,4.3,374,entity_2,pedestrian,walker.pedestrian.0001,entity_2,63.867,330.1304,0.9515,0.0,0.0,-89.7558,63.867,-330.1304,1.566534,0.0044,-1.0203,0.0,1.0203,0.0,0.0,0.0,0.0,0.0,0.0,5,0,-1,53.86,Driving,False,-0.438,,,,,,,0.0043,-1.0,1.02,,,,
120,9.2381,4.3,373,Vehicle 4,vehicle,vehicle.tesla.model3,hero_3,36.9922,330.58,0.0019,-0.007,-0.0163,0.073,36.9922,-330.58,-0.001274,5.2397,0.0313,-0.0,5.2397,-1.943,0.1705,0.0,0.0223,0.0386,1.1051,5,0,-1,26.98,Driving,False,0.026,0.194,0.012,0.0,False,False,1,,,,NONE,False,Green,30.0
120,9.2381,4.3,372,Vehicle 3,vehicle,vehicle.tesla.model3,hero_2,19.6117,330.5383,0.0015,0.0016,0.0342,-0.1421,19.6117,-330.5383,0.00248,4.026,-0.0248,-0.0,4.0261,2.5848,-0.0102,-0.0,0.0139,0.008,-0.3256,5,0,-1,9.6,Driving,False,-0.007,0.75,-0.006,0.0,False,False,1,,,,NONE,False,Green,30.0
120,9.2381,4.3,371,Vehicle 2,vehicle,vehicle.tesla.model3,hero_1,67.3086,326.5548,0.0016,0.0009,0.0137,-179.7314,67.3086,-326.5548,3.136905,-2.3445,-0.003,0.0001,2.3445,-3.7293,-0.0015,-0.0008,-0.0026,0.1812,-0.2741,5,0,1,57.3,Driving,False,0.016,0.75,-0.005,0.0,False,False,1,,,,NONE,False,Green,30.0
120,9.2381,4.3,370,Vehicle 1,vehicle,vehicle.tesla.model3,hero_0,9.2929,330.5399,0.001,-0.0154,0.0259,0.032,9.2929,-330.5399,-0.000559,-0.0,-0.0,0.0,0.0,0.0,-0.0,0.0,0.0,-0.0,0.0,20,0,1,0.7,Driving,False,0.0,0.525,0.007,0.3,False,False,0,,,,NONE,False,Green,30.0
121,9.2881,4.35,375,entity_1,vehicle,vehicle.audi.a2,entity_1,61.009,331.442,-0.0073,0.0,0.0,0.0286,61.009,-331.442,-0.000499,0.0,0.0,0.0,0.0,0.0,0.0,0.0,0.0,0.0,0.0,5,0,-1,51.0,Driving,False,0.875,0.0,0.0,0.0,False,False,0,,,,NONE,False,Green,30.0
121,9.2881,4.35,374,entity_2,pedestrian,walker.pedestrian.0001,entity_2,63.8672,330.0794,0.9515,0.0,0.0,-89.7558,63.8672,-330.0794,1.566534,0.0044,-1.0203,0.0,1.0203,0.0,0.0,0.0,0.0,0.0,0.0,5,0,-1,53.86,Driving,False,-0.489,,,,,,,0.0043,-1.0,1.02,,,,
121,9.2881,4.35,373,Vehicle 4,vehicle,vehicle.tesla.model3,hero_3,37.2529,330.5815,0.0019,-0.0078,-0.0165,0.1335,37.2529,-330.5815,-0.00233,5.1943,0.0405,-0.0,5.1944,-0.9076,0.185,-0.0,0.016,-0.0189,1.2687,5,0,-1,27.24,Driving,False,0.027,0.194,0.012,0.0,False,False,1,,,,NONE,False,Green,30.0
121,9.2881,4.35,372,Vehicle 3,vehicle,vehicle.tesla.model3,hero_2,19.8169,330.5371,0.0015,0.0013,0.0339,-0.1696,19.8169,-330.5371,0.00296,4.1547,-0.0268,0.0,4.1548,2.5735,-0.0409,0.0001,0.0012,0.0066,-0.6518,5,0,-1,9.81,Driving,False,-0.008,0.75,-0.006,0.0,False,False,1,,,,NONE,False,Green,30.0
121,9.2881,4.35,371,Vehicle 2,vehicle,vehicle.tesla.model3,hero_1,67.1885,326.5546,0.0016,0.0008,0.019,-179.7454,67.1885,-326.5546,3.137149,-2.44,-0.0027,0.0001,2.44,-1.9096,0.007,-0.0006,-0.0008,0.0616,-0.2844,5,0,1,57.18,Driving,False,0.016,0.75,-0.005,0.0,False,False,1,,,,NONE,False,Green,30.0
121,9.2881,4.35,370,Vehicle 1,vehicle,vehicle.tesla.model3,hero_0,9.2929,330.5399,0.001,-0.0154,0.0259,0.032,9.2929,-330.5399,-0.000559,-0.0,-0.0,0.0,0.0,0.0,0.0,0.0,-0.0,0.0,0.0,20,0,1,0.7,Driving,False,0.0,0.525,0.007,0.3,False,False,0,,,,NONE,False,Green,30.0
122,9.3381,4.4,375,entity_1,vehicle,vehicle.audi.a2,entity_1,61.009,331.442,-0.0073,0.0,0.0,0.0286,61.009,-331.442,-0.000499,0.0,0.0,0.0,0.0,0.0,0.0,0.0,0.0,0.0,0.0,5,0,-1,51.0,Driving,False,0.875,0.0,0.0,0.0,False,False,0,,,,NONE,False,Green,30.0
122,9.3381,4.4,374,entity_2,pedestrian,walker.pedestrian.0001,entity_2,63.8675,330.0284,0.9515,0.0,0.0,-89.7558,63.8675,-330.0284,1.566534,0.0044,-1.0203,0.0,1.0203,0.0,0.0,0.0,0.0,0.0,0.0,5,0,-1,53.86,Driving,False,-0.54,,,,,,,0.0043,-1.0,1.02,,,,
122,9.3381,4.4,373,Vehicle 4,vehicle,vehicle.tesla.model3,hero_3,37.5097,330.5833,0.0019,-0.0078,-0.017,0.1951,37.5097,-330.5833,-0.003405,5.1004,0.0448,0.0,5.1006,-1.8777,0.0845,0.0001,-0.0102,0.0295,1.2006,5,0,-1,27.5,Driving,False,0.029,0.194,0.012,0.0,False,False,1,,,,NONE,False,Green,30.0
122,9.3381,4.4,372,Vehicle 3,vehicle,vehicle.tesla.model3,hero_2,20.0285,330.5359,0.0015,0.0014,0.0336,-0.1953,20.0285,-330.5359,0.003409,4.2826,-0.0294,-0.0,4.2827,2.5575,-0.0515,-0.0,-0.0031,0.0059,-0.4661,5,0,-1,10.02,Driving,False,-0.009,0.75,-0.006,0.0,False,False,1,,,,NONE,False,Green,30.0
122,9.3381,4.4,371,Vehicle 2,vehicle,vehicle.tesla.model3,hero_1,67.0611,326.5544,0.0015,0.0009,0.0236,-179.7602,67.0611,-326.5544,3.137407,-2.6179,-0.0023,0.0,2.6179,-3.5578,0.0085,-0.0004,0.0013,0.109,-0.3027,5,0,1,57.05,Driving,False,0.016,0.75,-0.005,0.0,False,False,1,,,,NONE,False,Green,30.0
122,9.3381,4.4,370,Vehicle 1,vehicle,vehicle.tesla.model3,hero_0,9.2929,330.5399,0.001,-0.0154,0.0259,0.032,9.2929,-330.5399,-0.000559,0.0,0.0,0.0,0.0,0.0,0.0,-0.0,0.0,0.0,0.0,20,0,1,0.7,Driving,False,0.0,0.525,0.007,0.3,False,False,0,,,,NONE,False,Green,30.0
123,9.3881,4.45,375,entity_1,vehicle,vehicle.audi.a2,entity_1,61.009,331.442,-0.0073,0.0,0.0,0.0286,61.009,-331.442,-0.000499,0.0,0.0,0.0,0.0,0.0,0.0,0.0,0.0,0.0,0.0,5,0,-1,51.0,Driving,False,0.875,0.0,0.0,0.0,False,False,0,,,,NONE,False,Green,30.0
123,9.3881,4.45,374,entity_2,pedestrian,walker.pedestrian.0001,entity_2,63.8677,329.9774,0.9515,0.0,0.0,-89.7558,63.8677,-329.9774,1.566534,0.0044,-1.0203,0.0,1.0203,0.0,0.0,0.0,0.0,0.0,0.0,5,0,-1,53.86,Driving,False,-0.591,,,,,,,0.0043,-1.0,1.02,,,,
123,9.3881,4.45,373,Vehicle 4,vehicle,vehicle.tesla.model3,hero_3,37.7635,330.5851,0.0019,-0.0056,-0.0168,0.2396,37.7635,-330.5851,-0.004182,5.0606,0.0387,0.0,5.0607,-0.796,-0.1215,-0.0,-0.0475,-0.029,0.7506,5,0,-1,27.75,Driving,False,0.03,0.75,0.004,0.0,False,False,1,,,,NONE,False,Green,30.0
123,9.3881,4.45,372,Vehicle 3,vehicle,vehicle.tesla.model3,hero_2,20.2464,330.5353,0.0015,-0.0027,0.0333,-0.1835,20.2464,-330.5353,0.003203,4.4091,-0.0027,0.0,4.4091,2.5295,0.5341,0.0,0.0861,0.0056,0.4893,5,0,-1,10.24,Driving,False,-0.01,0.75,0.007,0.0,False,False,1,,,,NONE,False,Green,30.0
123,9.3881,4.45,371,Vehicle 2,vehicle,vehicle.tesla.model3,hero_1,66.9272,326.5543,0.0015,0.0014,0.0263,-179.7794,66.9272,-326.5543,3.137742,-2.7178,0.001,0.0,2.7178,-1.998,0.0661,-0.0003,0.0088,0.0201,-0.4147,5,0,1,56.92,Driving,False,0.016,0.75,-0.007,0.0,False,False,1,,,,NONE,False,Green,30.0
123,9.3881,4.45,370,Vehicle 1,vehicle,vehicle.tesla.model3,hero_0,9.2929,330.5399,0.001,-0.0154,0.0259,0.032,9.2929,-330.5399,-0.000559,-0.0,-0.0,0.0,0.0,-0.0,-0.0,0.0,-0.0,0.0,0.0,20,0,1,0.7,Driving,False,0.0,0.75,0.005,0.0,False,False,0,,,,NONE,False,Green,30.0
124,9.4381,4.5,375,entity_1,vehicle,vehicle.audi.a2,entity_1,61.009,331.442,-0.0073,0.0,0.0,0.0286,61.009,-331.442,-0.000499,0.0,0.0,0.0,0.0,0.0,0.0,0.0,0.0,0.0,0.0,5,0,-1,51.0,Driving,False,0.875,0.0,0.0,0.0,False,False,0,,,,NONE,False,Green,30.0
124,9.4381,4.5,374,entity_2,pedestrian,walker.pedestrian.0001,entity_2,63.8679,329.9264,0.9515,0.0,0.0,-89.7558,63.8679,-329.9264,1.566534,0.0044,-1.0203,0.0,1.0203,0.0,0.0,0.0,0.0,0.0,0.0,5,0,-1,53.86,Driving,False,-0.642,,,,,,,0.0043,-1.0,1.02,,,,
124,9.4381,4.5,373,Vehicle 4,vehicle,vehicle.tesla.model3,hero_3,38.0143,330.5868,0.0019,-0.0036,-0.0163,0.2703,38.0143,-330.5868,-0.004718,4.9902,0.0367,0.0,4.9903,-1.4081,-0.0408,0.0,-0.0324,0.0017,0.5463,5,0,-1,28.01,Driving,False,0.032,0.75,0.004,0.0,False,False,1,,,,NONE,False,Green,30.0
124,9.4381,4.5,372,Vehicle 3,vehicle,vehicle.tesla.model3,hero_2,20.4706,330.5353,0.0015,-0.0055,0.033,-0.1513,20.4706,-330.5353,0.002641,4.5343,0.0054,0.0,4.5343,2.5049,0.161,-0.0,0.0361,0.0058,0.6932,5,0,-1,10.46,Driving,False,-0.01,0.75,0.007,0.0,False,False,1,,,,NONE,False,Green,30.0
124,9.4381,4.5,371,Vehicle 2,vehicle,vehicle.tesla.model3,hero_1,66.7862,326.5543,0.0015,0.0017,0.0287,-179.8009,66.7862,-326.5543,3.138118,-2.8854,0.0026,0.0,2.8854,-3.3523,0.0312,-0.0002,0.005,0.0644,-0.4071,5,0,1,56.78,Driving,False,0.016,0.75,-0.007,0.0,False,False,1,,,,NONE,False,Green,30.0
124,9.4381,4.5,370,Vehicle 1,vehicle,vehicle.tesla.model3,hero_0,9.2929,330.5399,0.001,-0.0154,0.0259,0.032,9.2929,-330.5399,-0.000559,-0.0,-0.0,0.0,0.0,0.0,-0.0,0.0,-0.0,0.0,0.0,20,0,1,0.7,Driving,False,0.0,0.75,0.005,0.0,False,False,0,,,,NONE,False,Green,30.0
125,9.4881,4.55,375,entity_1,vehicle,vehicle.audi.a2,entity_1,61.009,331.442,-0.0073,0.0,0.0,0.0286,61.009,-331.442,-0.000499,0.0,0.0,0.0,0.0,0.0,0.0,0.0,0.0,0.0,0.0,5,0,-1,51.0,Driving,False,0.875,0.0,0.0,0.0,False,False,0,,,,NONE,False,Green,30.0
125,9.4881,4.55,374,entity_2,pedestrian,walker.pedestrian.0001,entity_2,63.8681,329.8753,0.9515,0.0,0.0,-89.7558,63.8681,-329.8753,1.566534,0.0044,-1.0203,0.0,1.0203,0.0,0.0,0.0,0.0,0.0,0.0,5,0,-1,53.86,Driving,False,-0.693,,,,,,,0.0043,-1.0,1.02,,,,
125,9.4881,4.55,373,Vehicle 4,vehicle,vehicle.tesla.model3,hero_3,38.2699,330.5886,0.0019,-0.0028,-0.0081,0.2963,38.2699,-330.5886,-0.005171,5.1461,0.0396,0.0007,5.1462,3.1177,0.0598,0.0135,-0.0078,-0.1607,0.5253,5,0,-1,28.26,Driving,False,0.033,0.75,0.004,0.0,False,False,1,,,,NONE,False,Green,30.0
125,9.4881,4.55,372,Vehicle 3,vehicle,vehicle.tesla.model3,hero_2,20.701,330.5355,0.0015,-0.0063,0.0327,-0.1156,20.701,-330.5355,0.002018,4.6585,0.0098,0.0,4.6585,2.4831,0.088,0.0,0.0058,0.0058,0.7276,5,0,-1,10.69,Driving,False,-0.01,0.75,0.007,0.0,False,False,1,,,,NONE,False,Green,30.0
125,9.4881,4.55,371,Vehicle 2,vehicle,vehicle.tesla.model3,hero_1,66.6392,326.5543,0.0015,0.0018,0.0295,-179.8262,66.6392,-326.5543,3.138559,-2.9795,0.0039,0.0,2.9795,-1.8826,0.026,-0.0001,0.0018,-0.0061,-0.7788,5,0,1,56.63,Driving,False,0.016,0.75,-0.007,0.0,False,False,1,,,,NONE,False,Green,30.0
125,9.4881,4.55,370,Vehicle 1,vehicle,vehicle.tesla.model3,hero_0,9.2929,330.5399,0.001,-0.0154,0.0259,0.032,9.2929,-330.5399,-0.000559,-0.0,-0.0,0.0,0.0,0.0,-0.0,0.0,-0.0,0.0,0.0,20,0,1,0.7,Driving,False,0.0,0.75,0.005,0.0,False,False,0,,,,NONE,False,Green,30.0
126,9.5381,4.6,375,entity_1,vehicle,vehicle.audi.a2,entity_1,61.009,331.442,-0.0073,0.0,0.0,0.0286,61.009,-331.442,-0.000499,0.0,0.0,0.0,0.0,0.0,0.0,0.0,0.0,0.0,0.0,5,0,-1,51.0,Driving,False,0.875,0.0,0.0,0.0,False,False,0,,,,NONE,False,Green,30.0
126,9.5381,4.6,374,entity_2,pedestrian,walker.pedestrian.0001,entity_2,63.8683,329.8243,0.9515,0.0,0.0,-89.7558,63.8683,-329.8243,1.566534,0.0044,-1.0203,0.0,1.0203,0.0,0.0,0.0,0.0,0.0,0.0,5,0,-1,53.86,Driving,False,-0.744,,,,,,,0.0043,-1.0,1.02,,,,
126,9.5381,4.6,373,Vehicle 4,vehicle,vehicle.tesla.model3,hero_3,38.5253,330.5903,0.0019,-0.0024,-0.0056,0.319,38.5253,-330.5903,-0.005568,5.0977,0.0401,0.0003,5.0978,-0.9682,0.0081,-0.0079,-0.0086,-0.0192,0.4659,5,0,-1,28.52,Driving,False,0.035,0.75,0.004,0.0,False,False,1,,,,NONE,False,Green,30.0
126,9.5381,4.6,372,Vehicle 3,vehicle,vehicle.tesla.model3,hero_2,20.9377,330.5359,0.0015,-0.0062,0.0324,-0.0785,20.9377,-330.5359,0.00137,4.7818,0.0134,-0.0,4.7818,2.467,0.073,-0.0001,-0.0055,0.0055,0.7494,5,0,-1,10.93,Driving,False,-0.01,0.75,0.007,0.0,False,False,1,,,,NONE,False,Green,30.0
126,9.5381,4.6,371,Vehicle 2,vehicle,vehicle.tesla.model3,hero_1,66.4858,326.5544,0.0015,0.0019,0.0302,-179.8507,66.4858,-326.5544,3.138987,-3.1239,0.0056,0.0,3.1239,-2.8883,0.033,-0.0001,0.0017,0.0272,-0.305,5,0,1,56.47,Driving,False,0.016,0.75,-0.007,0.0,False,False,1,,,,NONE,False,Green,30.0
126,9.5381,4.6,370,Vehicle 1,vehicle,vehicle.tesla.model3,hero_0,9.2929,330.5399,0.001,-0.0154,0.0259,0.032,9.2929,-330.5399,-0.000559,-0.0,-0.0,0.0,0.0,0.0,0.0,0.0,-0.0,0.0,0.0,20,0,1,0.7,Driving,False,0.0,0.75,0.005,0.0,False,False,0,,,,NONE,False,Green,30.0
127,9.5881,4.65,375,entity_1,vehicle,vehicle.audi.a2,entity_1,61.009,331.442,-0.0073,0.0,0.0,0.0286,61.009,-331.442,-0.000499,0.0,0.0,0.0,0.0,0.0,0.0,0.0,0.0,0.0,0.0,5,0,-1,51.0,Driving,False,0.875,0.0,0.0,0.0,False,False,0,,,,NONE,False,Green,30.0
127,9.5881,4.65,374,entity_2,pedestrian,walker.pedestrian.0001,entity_2,63.8686,329.7733,0.9515,0.0,0.0,-89.7558,63.8686,-329.7733,1.566534,0.0044,-1.0203,0.0,1.0203,0.0,0.0,0.0,0.0,0.0,0.0,5,0,-1,53.86,Driving,False,-0.796,,,,,,,0.0043,-1.0,1.02,,,,
127,9.5881,4.65,373,Vehicle 4,vehicle,vehicle.tesla.model3,hero_3,38.7806,330.5914,0.0019,0.003,-0.0043,0.2975,38.7806,-330.5914,-0.005192,5.1021,0.0091,0.0001,5.1021,0.0879,-0.6198,-0.0036,-0.122,-0.0243,-0.8346,5,0,-1,28.77,Driving,False,0.036,0.0,-0.013,0.7,False,False,1,,,,NONE,False,Green,30.0
127,9.5881,4.65,372,Vehicle 3,vehicle,vehicle.tesla.model3,hero_2,21.1788,330.5364,0.0015,-0.0056,0.0303,-0.0427,21.1788,-330.5364,0.000745,4.8299,0.0154,-0.0,4.8299,0.962,0.0387,0.0,-0.0135,0.0832,0.7022,5,0,-1,11.17,Driving,False,-0.01,0.0,0.007,0.7,False,False,1,,,,NONE,False,Green,30.0
127,9.5881,4.65,371,Vehicle 2,vehicle,vehicle.tesla.model3,hero_1,66.3264,326.5547,0.0015,0.0027,0.0306,-179.8869,66.3264,-326.5547,3.139619,-3.2346,0.012,0.0,3.2347,-2.2145,0.1287,-0.0,0.0159,-0.0047,-0.9408,5,0,1,56.32,Driving,False,0.015,0.75,-0.01,0.0,False,False,1,,,,NONE,False,Green,30.0
127,9.5881,4.65,370,Vehicle 1,vehicle,vehicle.tesla.model3,hero_0,9.2929,330.5399,0.001,-0.0154,0.0259,0.032,9.2929,-330.5399,-0.000559,-0.0,-0.0,0.0,0.0,-0.0,0.0,0.0,-0.0,0.0,0.0,20,0,1,0.7,Driving,False,0.0,0.75,-0.004,0.0,False,False,0,,,,NONE,False,Green,30.0
128,9.6381,4.7,375,entity_1,vehicle,vehicle.audi.a2,entity_1,61.009,331.442,-0.0073,0.0,0.0,0.0286,61.009,-331.442,-0.000499,0.0,0.0,0.0,0.0,0.0,0.0,0.0,0.0,0.0,0.0,5,0,-1,51.0,Driving,False,0.875,0.0,0.0,0.0,False,False,0,,,,NONE,False,Green,30.0
128,9.6381,4.7,374,entity_2,pedestrian,walker.pedestrian.0001,entity_2,63.8688,329.7223,0.9515,0.0,0.0,-89.7558,63.8688,-329.7223,1.566534,0.0044,-1.0203,0.0,1.0203,0.0,0.0,0.0,0.0,0.0,0.0,5,0,-1,53.86,Driving,False,-0.847,,,,,,,0.0043,-1.0,1.02,,,,
128,9.6381,4.7,373,Vehicle 4,vehicle,vehicle.tesla.model3,hero_3,39.0303,330.5918,0.0019,0.0067,-0.0103,0.2459,39.0303,-330.5918,-0.004292,4.7676,-0.0031,0.0,4.7676,-6.6888,-0.2435,-0.0015,-0.0429,0.458,-1.1059,5,0,-1,29.02,Driving,False,0.036,0.0,-0.013,0.7,False,False,1,,,,NONE,False,Green,30.0
128,9.6381,4.7,372,Vehicle 3,vehicle,vehicle.tesla.model3,hero_2,21.4173,330.537,0.0016,-0.0049,0.0217,-0.0084,21.4173,-330.537,0.000147,4.7093,0.0176,-0.0,4.7093,-2.4124,0.0443,0.0,-0.0133,0.2348,0.6755,5,0,-1,11.41,Driving,False,-0.009,0.0,0.007,0.7,False,False,1,,,,NONE,False,Green,30.0
128,9.6381,4.7,371,Vehicle 2,vehicle,vehicle.tesla.model3,hero_1,66.1602,326.5552,0.0015,0.0033,0.0313,-179.9218,66.1602,-326.5552,3.140228,-3.3809,0.0156,0.0,3.3809,-2.9242,0.0718,-0.0001,0.0076,0.024,-0.5496,5,0,1,56.15,Driving,False,0.015,0.75,-0.01,0.0,False,False,1,,,,NONE,False,Green,30.0
128,9.6381,4.7,370,Vehicle 1,vehicle,vehicle.tesla.model3,hero_0,9.2929,330.5399,0.001,-0.0154,0.0259,0.032,9.2929,-330.5399,-0.000559,-0.0,-0.0,0.0,0.0,-0.0,-0.0,-0.0,0.0,-0.0,0.0,20,0,1,0.7,Driving,False,0.0,0.75,-0.004,0.0,False,False,0,,,,NONE,False,Green,30.0
129,9.6881,4.75,375,entity_1,vehicle,vehicle.audi.a2,entity_1,61.009,331.442,-0.0073,0.0,0.0,0.0286,61.009,-331.442,-0.000499,0.0,0.0,0.0,0.0,0.0,0.0,0.0,0.0,0.0,0.0,5,0,-1,51.0,Driving,False,0.875,0.0,0.0,0.0,False,False,0,,,,NONE,False,Green,30.0
129,9.6881,4.75,374,entity_2,pedestrian,walker.pedestrian.0001,entity_2,63.869,329.6713,0.9515,0.0,0.0,-89.7558,63.869,-329.6713,1.566534,0.0044,-1.0203,0.0,1.0203,0.0,0.0,0.0,0.0,0.0,0.0,5,0,-1,53.86,Driving,False,-0.898,,,,,,,0.0043,-1.0,1.02,,,,
129,9.6881,4.75,373,Vehicle 4,vehicle,vehicle.tesla.model3,hero_3,39.2527,330.5916,0.0018,0.0081,-0.0336,0.1814,39.2527,-330.5916,-0.003166,4.1943,-0.0149,-0.003,4.1944,-11.4657,-0.2367,-0.0608,-0.0154,0.5427,-1.3263,5,0,-1,29.24,Driving,False,0.036,0.0,-0.013,0.7,False,False,1,,,,NONE,False,Green,30.0
129,9.6881,4.75,372,Vehicle 3,vehicle,vehicle.tesla.model3,hero_2,21.6453,330.5378,0.0016,-0.0043,0.0063,0.0243,21.6453,-330.5378,-0.000424,4.4549,0.0193,0.0,4.455,-5.0875,0.0338,0.0,-0.0128,0.3363,0.6394,5,0,-1,11.64,Driving,False,-0.008,0.0,0.007,0.7,False,False,1,,,,NONE,False,Green,30.0
129,9.6881,4.75,371,Vehicle 2,vehicle,vehicle.tesla.model3,hero_1,65.9876,326.5558,0.0015,0.0035,0.0317,-179.9613,65.9876,-326.5558,3.140917,-3.4991,0.0184,0.0,3.4991,-2.3647,0.0568,-0.0,0.002,-0.0014,-0.929,5,0,1,55.98,Driving,False,0.014,0.75,-0.01,0.0,False,False,1,,,,NONE,False,Green,30.0
129,9.6881,4.75,370,Vehicle 1,vehicle,vehicle.tesla.model3,hero_0,9.2929,330.5399,0.001,-0.0154,0.0259,0.032,9.2929,-330.5399,-0.000559,-0.0,-0.0,0.0,0.0,-0.0,-0.0,0.0,0.0,-0.0,0.0,20,0,1,0.7,Driving,False,0.0,0.75,-0.004,0.0,False,False,0,,,,NONE,False,Green,30.0
130,9.7381,4.8,375,entity_1,vehicle,vehicle.audi.a2,entity_1,61.009,331.442,-0.0073,0.0,0.0,0.0286,61.009,-331.442,-0.000499,0.0,0.0,0.0,0.0,0.0,0.0,0.0,0.0,0.0,0.0,5,0,-1,51.0,Driving,False,0.875,0.0,0.0,0.0,False,False,0,,,,NONE,False,Green,30.0
130,9.7381,4.8,374,entity_2,pedestrian,walker.pedestrian.0001,entity_2,63.8692,329.6203,0.9515,0.0,0.0,-89.7558,63.8692,-329.6203,1.566534,0.0044,-1.0203,0.0,1.0203,0.0,0.0,0.0,0.0,0.0,0.0,5,0,-1,53.86,Driving,False,-0.949,,,,,,,0.0042,-1.0,1.02,,,,
130,9.7381,4.8,373,Vehicle 4,vehicle,vehicle.tesla.model3,hero_3,39.4425,330.5911,0.0019,0.0078,-0.0611,0.1189,39.4425,-330.5911,-0.002075,3.5406,-0.0189,-0.0009,3.5406,-13.0752,-0.0801,0.0421,0.0152,0.526,-1.1465,5,0,-1,29.43,Driving,False,0.035,0.0,-0.013,0.7,False,False,1,,,,NONE,False,Green,30.0
130,9.7381,4.8,372,Vehicle 3,vehicle,vehicle.tesla.model3,hero_2,21.8594,330.5386,0.0017,-0.0037,-0.0106,0.0552,21.8594,-330.5386,-0.000963,4.1672,0.0205,-0.0,4.1673,-5.7535,0.0248,-0.0,-0.0117,0.3319,0.601,5,0,-1,11.85,Driving,False,-0.008,0.0,0.007,0.7,False,False,1,,,,NONE,False,Green,30.0
130,9.7381,4.8,371,Vehicle 2,vehicle,vehicle.tesla.model3,hero_1,65.8084,326.5566,0.0015,0.0035,0.0322,-179.9981,65.8084,-326.5566,3.141559,-3.6424,0.0217,0.0,3.6425,-2.8668,0.0647,-0.0001,0.0009,0.0173,-0.6451,5,0,1,55.8,Driving,False,0.013,0.75,-0.01,0.0,False,False,1,,,,NONE,False,Green,30.0
130,9.7381,4.8,370,Vehicle 1,vehicle,vehicle.tesla.model3,hero_0,9.2929,330.5399,0.001,-0.0154,0.0259,0.032,9.2929,-330.5399,-0.000559,-0.0,-0.0,0.0,0.0,-0.0,-0.0,0.0,0.0,-0.0,0.0,20,0,1,0.7,Driving,False,0.0,0.75,-0.004,0.0,False,False,0,,,,NONE,False,Green,30.0
131,9.7881,4.85,375,entity_1,vehicle,vehicle.audi.a2,entity_1,61.009,331.442,-0.0073,0.0,0.0,0.0286,61.009,-331.442,-0.000499,0.0,0.0,0.0,0.0,0.0,0.0,0.0,0.0,0.0,0.0,5,0,-1,51.0,Driving,False,0.875,0.0,0.0,0.0,False,False,0,,,,NONE,False,Green,30.0
131,9.7881,4.85,374,entity_2,pedestrian,walker.pedestrian.0001,entity_2,63.8694,329.5692,0.9515,0.0,0.0,-89.7558,63.8694,-329.5692,1.566534,0.0044,-1.0203,0.0,1.0203,0.0,0.0,0.0,0.0,0.0,0.0,5,0,-1,53.86,Driving,False,-1.0,,,,,,,0.0042,-1.0,1.02,,,,
131,9.7881,4.85,373,Vehicle 4,vehicle,vehicle.tesla.model3,hero_3,39.5997,330.5903,0.002,0.0076,-0.0846,0.0548,39.5997,-330.5903,-0.000956,2.8933,-0.0266,0.0,2.8934,-12.9454,-0.1533,0.0191,0.0106,0.4255,-1.2578,5,0,-1,29.59,Driving,False,0.034,0.75,-0.017,0.0,False,False,1,,,,NONE,False,Green,30.0
131,9.7881,4.85,372,Vehicle 3,vehicle,vehicle.tesla.model3,hero_2,22.0611,330.5396,0.0018,-0.0035,-0.0232,0.0873,22.0611,-330.5396,-0.001524,3.9748,0.024,-0.0,3.9749,-3.8483,0.0693,-0.0,-0.0021,0.1739,0.6553,5,0,-1,12.05,Driving,False,-0.007,0.75,0.008,0.0,False,False,1,,,,NONE,False,Green,30.0
131,9.7881,4.85,371,Vehicle 2,vehicle,vehicle.tesla.model3,hero_1,65.6226,326.5572,0.0015,0.0015,0.0325,179.9797,65.6226,-326.5572,-3.141238,-3.7665,0.0113,0.0,3.7665,-2.4814,-0.2072,0.0,-0.0405,0.0007,-0.3881,5,0,1,55.61,Driving,False,0.013,0.75,-0.003,0.0,False,False,1,,,,NONE,False,Green,30.0
131,9.7881,4.85,370,Vehicle 1,vehicle,vehicle.tesla.model3,hero_0,9.2929,330.5399,0.001,-0.0154,0.0259,0.032,9.2929,-330.5399,-0.000559,-0.0,-0.0,0.0,0.0,0.0,0.0,-0.0,-0.0,0.0,0.0,20,0,1,0.7,Driving,False,0.0,0.75,-0.008,0.0,False,False,0,,,,NONE,False,Green,30.0
132,9.8381,4.9,375,entity_1,vehicle,vehicle.audi.a2,entity_1,61.009,331.442,-0.0073,0.0,0.0,0.0286,61.009,-331.442,-0.000499,0.0,0.0,0.0,0.0,0.0,0.0,0.0,0.0,0.0,0.0,5,0,-1,51.0,Driving,False,0.875,0.0,0.0,0.0,False,False,0,,,,NONE,False,Green,30.0
132,9.8381,4.9,374,entity_2,pedestrian,walker.pedestrian.0001,entity_2,63.8697,329.5182,0.9515,0.0,0.0,-89.7558,63.8697,-329.5182,1.566534,0.0044,-1.0203,0.0,1.0203,0.0,0.0,0.0,0.0,0.0,0.0,5,0,-1,53.86,Driving,False,-1.051,,,,,,,0.0042,-1.0,1.02,,,,
132,9.8381,4.9,373,Vehicle 4,vehicle,vehicle.tesla.model3,hero_3,39.74,330.5891,0.0021,0.007,-0.087,-0.0034,39.74,-330.5891,5.9e-05,2.8522,-0.0311,0.0004,2.8524,-0.822,-0.0897,0.0075,0.009,-0.2355,-1.1123,5,0,-1,29.73,Driving,False,0.033,0.75,-0.017,0.0,False,False,1,,,,NONE,False,Green,30.0
132,9.8381,4.9,372,Vehicle 3,vehicle,vehicle.tesla.model3,hero_2,22.2588,330.5406,0.0018,-0.0034,-0.0253,0.1203,22.2588,-330.5406,-0.0021,3.9518,0.0266,0.0,3.9519,-0.4606,0.0531,0.0001,-0.0019,-0.0276,0.6644,5,0,-1,12.25,Driving,False,-0.006,0.75,0.008,0.0,False,False,1,,,,NONE,False,Green,30.0
132,9.8381,4.9,371,Vehicle 2,vehicle,vehicle.tesla.model3,hero_1,65.4302,326.5576,0.0015,0.0002,0.0328,179.9661,65.4302,-326.5576,-3.141001,-3.9008,0.0102,0.0,3.9008,-2.6865,-0.0227,0.0,-0.016,0.0051,-0.2608,5,0,1,55.42,Driving,False,0.012,0.75,-0.003,0.0,False,False,1,,,,NONE,False,Green,30.0
132,9.8381,4.9,370,Vehicle 1,vehicle,vehicle.tesla.model3,hero_0,9.2929,330.5399,0.001,-0.0154,0.0259,0.032,9.2929,-330.5399,-0.000559,-0.0,-0.0,0.0,0.0,0.0,-0.0,0.0,-0.0,0.0,0.0,20,0,1,0.7,Driving,False,0.0,0.75,-0.008,0.0,False,False,0,,,,NONE,False,Green,30.0
133,9.8881,4.95,375,entity_1,vehicle,vehicle.audi.a2,entity_1,61.009,331.442,-0.0073,0.0,0.0,0.0286,61.009,-331.442,-0.000499,0.0,0.0,0.0,0.0,0.0,0.0,0.0,0.0,0.0,0.0,5,0,-1,51.0,Driving,False,0.875,0.0,0.0,0.0,False,False,0,,,,NONE,False,Green,30.0
133,9.8881,4.95,374,entity_2,pedestrian,walker.pedestrian.0001,entity_2,63.8699,329.4672,0.9515,0.0,0.0,-89.7558,63.8699,-329.4672,1.566534,0.0044,-1.0203,0.0,1.0203,0.0,0.0,0.0,0.0,0.0,0.0,5,0,-1,53.86,Driving,False,-1.102,,,,,,,0.0042,-1.0,1.02,,,,
133,9.8881,4.95,373,Vehicle 4,vehicle,vehicle.tesla.model3,hero_3,39.8847,330.5878,0.002,0.0064,-0.0696,-0.06,39.8847,-330.5878,0.001047,2.9222,-0.0348,0.0005,2.9224,1.4004,-0.0732,0.0019,0.0126,-0.3838,-1.2257,5,0,-1,29.88,Driving,False,0.032,0.75,-0.017,0.0,False,False,1,,,,NONE,False,Green,30.0
133,9.8881,4.95,372,Vehicle 3,vehicle,vehicle.tesla.model3,hero_2,22.4569,330.5418,0.0018,-0.0033,-0.0211,0.1535,22.4569,-330.5418,-0.002679,3.9761,0.029,-0.0,3.9762,0.4858,0.048,-0.0,-0.0027,-0.1121,0.6665,5,0,-1,12.45,Driving,False,-0.005,0.75,0.008,0.0,False,False,1,,,,NONE,False,Green,30.0
133,9.8881,4.95,371,Vehicle 2,vehicle,vehicle.tesla.model3,hero_1,65.2314,326.558,0.0015,-0.0001,0.0328,179.9529,65.2314,-326.558,-3.140771,-4.0263,0.0107,-0.0,4.0263,-2.5095,0.011,-0.0001,-0.0021,-0.002,-0.2633,5,0,1,55.22,Driving,False,0.012,0.75,-0.003,0.0,False,False,1,,,,NONE,False,Green,30.0
133,9.8881,4.95,370,Vehicle 1,vehicle,vehicle.tesla.model3,hero_0,9.2929,330.5399,0.001,-0.0154,0.0259,0.032,9.2929,-330.5399,-0.000559,-0.0,-0.0,0.0,0.0,0.0,0.0,0.0,-0.0,0.0,0.0,20,0,1,0.7,Driving,False,0.0,0.75,-0.008,0.0,False,False,0,,,,NONE,False,Green,30.0
134,9.9381,5.0,375,entity_1,vehicle,vehicle.audi.a2,entity_1,61.009,331.442,-0.0073,0.0,0.0,0.0286,61.009,-331.442,-0.000499,0.0,0.0,0.0,0.0,0.0,0.0,0.0,0.0,0.0,0.0,5,0,-1,51.0,Driving,False,0.875,0.0,0.0,0.0,False,False,0,,,,NONE,False,Green,30.0
134,9.9381,5.0,374,entity_2,pedestrian,walker.pedestrian.0001,entity_2,63.8701,329.4162,0.9515,0.0,0.0,-89.7558,63.8701,-329.4162,1.566534,0.0044,-1.0203,0.0,1.0203,0.0,0.0,0.0,0.0,0.0,0.0,5,0,-1,53.86,Driving,False,-1.153,,,,,,,0.0042,-1.0,1.02,,,,
134,9.9381,5.0,373,Vehicle 4,vehicle,vehicle.tesla.model3,hero_3,40.0345,330.5863,0.0019,0.006,-0.049,-0.1164,40.0345,-330.5863,0.002032,3.0438,-0.0394,0.0005,3.0441,2.4324,-0.0919,-0.0008,0.0053,-0.4164,-0.9738,5,0,-1,30.03,Driving,False,0.03,0.75,-0.017,0.0,False,False,1,,,,NONE,False,Green,30.0
134,9.9381,5.0,372,Vehicle 3,vehicle,vehicle.tesla.model3,hero_2,22.6578,330.5432,0.0018,-0.0032,-0.0141,0.1873,22.6578,-330.5432,-0.003269,4.0463,0.032,-0.0,4.0464,1.4032,0.0593,-0.0,-0.0006,-0.1548,0.6817,5,0,-1,12.65,Driving,False,-0.004,0.75,0.008,0.0,False,False,1,,,,NONE,False,Green,30.0
134,9.9381,5.0,371,Vehicle 2,vehicle,vehicle.tesla.model3,hero_1,65.0261,326.5585,0.0015,0.0,0.0328,179.9396,65.0261,-326.5585,-3.140538,-4.157,0.0118,0.0,4.1571,-2.6148,0.0222,0.0,0.0037,0.0015,-0.2695,5,0,1,55.02,Driving,False,0.011,0.75,-0.003,0.0,False,False,1,,,,NONE,False,Green,30.0
134,9.9381,5.0,370,Vehicle 1,vehicle,vehicle.tesla.model3,hero_0,9.2929,330.5399,0.001,-0.0154,0.0259,0.032,9.2929,-330.5399,-0.000559,-0.0,-0.0,0.0,0.0,0.0,-0.0,0.0,-0.0,0.0,0.0,20,0,1,0.7,Driving,False,0.0,0.75,-0.008,0.0,False,False,0,,,,NONE,False,Green,30.0
135,9.9881,5.05,375,entity_1,vehicle,vehicle.audi.a2,entity_1,61.009,331.442,-0.0073,0.0,0.0,0.0286,61.009,-331.442,-0.000499,0.0,0.0,0.0,0.0,0.0,0.0,0.0,0.0,0.0,0.0,5,0,-1,51.0,Driving,False,0.875,0.0,0.0,0.0,False,False,0,,,,NONE,False,Green,30.0
135,9.9881,5.05,374,entity_2,pedestrian,walker.pedestrian.0001,entity_2,63.8703,329.3652,0.9515,0.0,0.0,-89.7558,63.8703,-329.3652,1.566534,0.0044,-1.0203,0.0,1.0203,0.0,0.0,0.0,0.0,0.0,0.0,5,0,-1,53.86,Driving,False,-1.204,,,,,,,0.0042,-1.0,1.02,,,,
135,9.9881,5.05,373,Vehicle 4,vehicle,vehicle.tesla.model3,hero_3,40.1896,330.5853,0.0018,0.0017,-0.031,-0.146,40.1896,-330.5853,0.002548,3.1378,-0.0179,0.0004,3.1378,1.8787,0.4298,-0.0015,0.0834,-0.3223,-0.567,5,0,-1,30.18,Driving,False,0.029,0.75,-0.002,0.0,False,False,1,,,,NONE,False,Green,30.0
135,9.9881,5.05,372,Vehicle 3,vehicle,vehicle.tesla.model3,hero_2,22.8628,330.5438,0.0017,0.0013,-0.0063,0.1822,22.8628,-330.5438,-0.00318,4.1362,0.0057,0.0,4.1362,1.7985,-0.526,0.0001,-0.0902,-0.1547,-0.3708,5,0,-1,12.85,Driving,False,-0.003,0.75,-0.006,0.0,False,False,1,,,,NONE,False,Green,30.0
135,9.9881,5.05,371,Vehicle 2,vehicle,vehicle.tesla.model3,hero_1,64.8145,326.5594,0.0015,0.002,0.0327,179.9102,64.8145,-326.5594,-3.140025,-4.2827,0.0248,0.0,4.2828,-2.5135,0.2591,0.0,0.0407,-0.0025,-0.7006,5,0,1,54.8,Driving,False,0.01,0.75,-0.008,0.0,False,False,1,,,,NONE,False,Green,30.0
135,9.9881,5.05,370,Vehicle 1,vehicle,vehicle.tesla.model3,hero_0,9.2929,330.5399,0.001,-0.0154,0.0259,0.032,9.2929,-330.5399,-0.000559,-0.0,-0.0,0.0,0.0,0.0,0.0,0.0,-0.0,0.0,0.0,20,0,1,0.7,Driving,False,0.0,0.75,-0.002,0.0,False,False,0,,,,NONE,False,Green,30.0
136,10.0381,5.1,375,entity_1,vehicle,vehicle.audi.a2,entity_1,61.009,331.442,-0.0073,0.0,0.0,0.0286,61.009,-331.442,-0.000499,0.0,0.0,0.0,0.0,0.0,0.0,0.0,0.0,0.0,0.0,5,0,-1,51.0,Driving,False,0.875,0.0,0.0,0.0,False,False,0,,,,NONE,False,Green,30.0
136,10.0381,5.1,374,entity_2,pedestrian,walker.pedestrian.0001,entity_2,63.8705,329.3142,0.9515,0.0,0.0,-89.7558,63.8705,-329.3142,1.566534,0.0044,-1.0203,0.0,1.0203,0.0,0.0,0.0,0.0,0.0,0.0,5,0,-1,53.86,Driving,False,-1.255,,,,,,,0.0042,-1.0,1.02,,,,
136,10.0381,5.1,373,Vehicle 4,vehicle,vehicle.tesla.model3,hero_3,40.3508,330.5846,0.0017,-0.0009,-0.0158,-0.1559,40.3508,-330.5846,0.002721,3.2769,-0.0148,0.0003,3.2769,2.7824,0.0611,-0.0018,0.0313,-0.2902,0.0068,5,0,-1,30.34,Driving,False,0.028,0.75,-0.002,0.0,False,False,1,,,,NONE,False,Green,30.0
136,10.0381,5.1,372,Vehicle 3,vehicle,vehicle.tesla.model3,hero_2,23.0728,330.544,0.0017,0.0042,0.0012,0.1577,23.0728,-330.544,-0.002752,4.2451,-0.0017,0.0,4.2451,2.1778,-0.1476,-0.0,-0.0388,-0.1453,-0.534,5,0,-1,13.06,Driving,False,-0.003,0.75,-0.006,0.0,False,False,1,,,,NONE,False,Green,30.0
136,10.0381,5.1,371,Vehicle 2,vehicle,vehicle.tesla.model3,hero_1,64.5965,326.5607,0.0015,0.0034,0.0327,179.8724,64.5965,-326.5607,-3.139366,-4.4099,0.0305,0.0,4.41,-2.5438,0.114,-0.0,0.0206,-0.002,-0.7765,5,0,1,54.59,Driving,False,0.009,0.75,-0.008,0.0,False,False,1,,,,NONE,False,Green,30.0
136,10.0381,5.1,370,Vehicle 1,vehicle,vehicle.tesla.model3,hero_0,9.2929,330.5399,0.001,-0.0154,0.0259,0.032,9.2929,-330.5399,-0.000559,-0.0,-0.0,0.0,0.0,0.0,0.0,0.0,-0.0,0.0,0.0,20,0,1,0.7,Driving,False,0.0,0.75,-0.002,0.0,False,False,0,,,,NONE,False,Green,30.0
137,10.0881,5.15,375,entity_1,vehicle,vehicle.audi.a2,entity_1,61.009,331.442,-0.0073,0.0,0.0,0.0286,61.009,-331.442,-0.000499,0.0,0.0,0.0,0.0,0.0,0.0,0.0,0.0,0.0,0.0,5,0,-1,51.0,Driving,False,0.875,0.0,0.0,0.0,False,False,0,,,,NONE,False,Green,30.0
137,10.0881,5.15,374,entity_2,pedestrian,walker.pedestrian.0001,entity_2,63.8708,329.2632,0.9515,0.0,0.0,-89.7558,63.8708,-329.2632,1.566534,0.0044,-1.0203,0.0,1.0203,0.0,0.0,0.0,0.0,0.0,0.0,5,0,-1,53.86,Driving,False,-1.306,,,,,,,0.0042,-1.0,1.02,,,,
137,10.0881,5.15,373,Vehicle 4,vehicle,vehicle.tesla.model3,hero_3,40.518,330.5839,0.0017,-0.0016,-0.004,-0.1678,40.518,-330.5839,0.002929,3.388,-0.0148,0.0002,3.388,2.2212,0.0009,-0.0016,0.004,-0.2021,-0.3871,5,0,-1,30.51,Driving,False,0.028,0.75,-0.002,0.0,False,False,1,,,,NONE,False,Green,30.0
137,10.0881,5.15,372,Vehicle 3,vehicle,vehicle.tesla.model3,hero_2,23.2885,330.5439,0.0016,0.0051,0.0078,0.1298,23.2885,-330.5439,-0.002265,4.3585,-0.0052,-0.0,4.3585,2.2682,-0.0706,-0.0,-0.0072,-0.1214,-0.5702,5,0,-1,13.28,Driving,False,-0.003,0.75,-0.006,0.0,False,False,1,,,,NONE,False,Green,60.0
137,10.0881,5.15,371,Vehicle 2,vehicle,vehicle.tesla.model3,hero_1,64.3723,326.5621,0.0015,0.004,0.0325,179.8326,64.3723,-326.5621,-3.138671,-4.5347,0.0349,-0.0,4.5348,-2.4952,0.0883,-0.0,0.0079,-0.0034,-0.8069,5,0,1,54.36,Driving,False,0.007,0.75,-0.008,0.0,False,False,1,,,,NONE,False,Green,30.0
137,10.0881,5.15,370,Vehicle 1,vehicle,vehicle.tesla.model3,hero_0,9.2929,330.5399,0.001,-0.0154,0.0259,0.032,9.2929,-330.5399,-0.000559,-0.0,-0.0,0.0,0.0,-0.0,0.0,0.0,-0.0,0.0,0.0,20,0,1,0.7,Driving,False,0.0,0.75,-0.002,0.0,False,False,0,,,,NONE,False,Green,30.0
138,10.1381,5.2,375,entity_1,vehicle,vehicle.audi.a2,entity_1,61.009,331.442,-0.0073,0.0,0.0,0.0286,61.009,-331.442,-0.000499,0.0,0.0,0.0,0.0,0.0,0.0,0.0,0.0,0.0,0.0,5,0,-1,51.0,Driving,False,0.875,0.0,0.0,0.0,False,False,0,,,,NONE,False,Green,30.0
138,10.1381,5.2,374,entity_2,pedestrian,walker.pedestrian.0001,entity_2,63.871,329.2121,0.9515,0.0,0.0,-89.7558,63.871,-329.2121,1.566534,0.0044,-1.0203,0.0,1.0203,0.0,0.0,0.0,0.0,0.0,0.0,5,0,-1,53.86,Driving,False,-1.357,,,,,,,0.0042,-1.0,1.02,,,,
138,10.1381,5.2,373,Vehicle 4,vehicle,vehicle.tesla.model3,hero_3,40.6918,330.5831,0.0016,-0.0014,0.0054,-0.1751,40.6918,-330.5831,0.003056,3.5303,-0.0157,0.0002,3.5304,2.8474,-0.0177,-0.0013,-0.0066,-0.1774,-0.0082,5,0,-1,30.68,Driving,False,0.027,0.75,-0.002,0.0,False,False,1,,,,NONE,False,Green,30.0
138,10.1381,5.2,372,Vehicle 3,vehicle,vehicle.tesla.model3,hero_2,23.5101,330.5438,0.0016,0.0051,0.0132,0.1008,23.5101,-330.5438,-0.001759,4.4779,-0.008,-0.0,4.4779,2.3891,-0.0549,-0.0001,0.0047,-0.0997,-0.586,5,0,-1,13.5,Driving,False,-0.003,0.75,-0.006,0.0,False,False,1,,,,NONE,False,Green,60.0
138,10.1381,5.2,371,Vehicle 2,vehicle,vehicle.tesla.model3,hero_1,64.1418,326.5637,0.0015,0.0042,0.0323,179.7916,64.1418,-326.5637,-3.137955,-4.6586,0.0392,0.0,4.6588,-2.4794,0.0858,0.0,0.0028,-0.0039,-0.8278,5,0,1,54.13,Driving,False,0.005,0.75,-0.008,0.0,False,False,1,,,,NONE,False,Green,30.0
138,10.1381,5.2,370,Vehicle 1,vehicle,vehicle.tesla.model3,hero_0,9.3071,330.5399,0.0009,-0.0149,0.0407,0.0312,9.3071,-330.5399,-0.000545,0.5557,-0.0004,0.0002,0.5557,11.1149,-0.0079,0.0033,-0.0205,-0.5048,-0.0103,20,0,1,0.69,Driving,False,0.0,0.75,-0.002,0.0,False,False,0,,,,NONE,False,Green,30.0
139,10.1881,5.25,375,entity_1,vehicle,vehicle.audi.a2,entity_1,61.009,331.442,-0.0073,0.0,0.0,0.0286,61.009,-331.442,-0.000499,0.0,0.0,0.0,0.0,0.0,0.0,0.0,0.0,0.0,0.0,5,0,-1,51.0,Driving,False,0.875,0.0,0.0,0.0,False,False,0,,,,NONE,False,Green,30.0
139,10.1881,5.25,374,entity_2,pedestrian,walker.pedestrian.0001,entity_2,63.8712,329.1611,0.9515,0.0,0.0,-89.7558,63.8712,-329.1611,1.566534,0.0044,-1.0203,0.0,1.0203,0.0,0.0,0.0,0.0,0.0,0.0,5,0,-1,53.86,Driving,False,-1.408,,,,,,,0.0042,-1.0,1.02,,,,
139,10.1881,5.25,373,Vehicle 4,vehicle,vehicle.tesla.model3,hero_3,40.8719,330.5825,0.0016,-0.0016,0.0124,-0.1803,40.8719,-330.5825,0.003147,3.6506,-0.013,0.0001,3.6506,2.4054,0.0528,-0.0009,0.0023,-0.1183,-0.1661,5,0,-1,30.86,Driving,False,0.026,0.75,-0.0,0.0,False,False,1,,,,NONE,False,Green,30.0
139,10.1881,5.25,372,Vehicle 3,vehicle,vehicle.tesla.model3,hero_2,23.7376,330.5432,0.0016,0.0059,0.0175,0.0604,23.7376,-330.5432,-0.001054,4.5982,-0.0184,-0.0,4.5982,2.4046,-0.2096,0.0,-0.0168,-0.0781,-0.8878,5,0,-1,13.73,Driving,False,-0.004,0.75,-0.01,0.0,False,False,1,,,,NONE,False,Green,60.0
139,10.1881,5.25,371,Vehicle 2,vehicle,vehicle.tesla.model3,hero_1,63.9055,326.5643,0.0015,-0.0024,0.0318,179.8105,63.9055,-326.5643,-3.138285,-4.7666,-0.0021,0.0,4.7666,-2.159,-0.8249,0.0,-0.1409,-0.0206,0.8138,5,0,1,53.89,Driving,False,0.005,0.283,0.011,0.0,False,False,1,,,,NONE,False,Green,30.0
139,10.1881,5.25,370,Vehicle 1,vehicle,vehicle.tesla.model3,hero_0,9.3502,330.5399,0.0007,-0.0135,0.0649,0.0262,9.3502,-330.5399,-0.000457,1.0248,-0.0008,0.0003,1.0248,9.381,-0.0079,0.002,-0.0248,-0.4107,-0.1442,20,0,1,0.65,Driving,False,0.0,0.75,-0.003,0.0,False,False,1,,,,NONE,False,Green,30.0
140,10.2381,5.3,375,entity_1,vehicle,vehicle.audi.a2,entity_1,61.009,331.442,-0.0073,0.0,0.0,0.0286,61.009,-331.442,-0.000499,0.0,0.0,0.0,0.0,0.0,0.0,0.0,0.0,0.0,0.0,5,0,-1,51.0,Driving,False,0.875,0.0,0.0,0.0,False,False,0,,,,NONE,False,Green,30.0
140,10.2381,5.3,374,entity_2,pedestrian,walker.pedestrian.0001,entity_2,63.8714,329.1101,0.9515,0.0,0.0,-89.7569,63.8714,-329.1101,1.566553,0.0044,-1.0203,0.0,1.0203,0.0,0.0,0.0,0.0,0.0,0.0,5,0,-1,53.86,Driving,False,-1.459,,,,,,,0.0042,-1.0,1.02,,,,
140,10.2381,5.3,373,Vehicle 4,vehicle,vehicle.tesla.model3,hero_3,41.0587,330.5819,0.0016,-0.0015,0.0178,-0.1811,41.0587,-330.5819,0.003161,3.789,-0.0129,0.0001,3.7891,2.769,0.0013,-0.0008,-0.0036,-0.1004,0.0342,5,0,-1,31.05,Driving,False,0.025,0.75,-0.0,0.0,False,False,1,,,,NONE,False,Green,30.0
140,10.2381,5.3,372,Vehicle 3,vehicle,vehicle.tesla.model3,hero_2,23.9711,330.5424,0.0016,0.0064,0.0209,0.0138,23.9711,-330.5424,-0.000241,4.7194,-0.0242,-0.0,4.7194,2.4243,-0.1146,0.0,-0.0045,-0.0601,-0.9532,5,0,-1,13.96,Driving,False,-0.005,0.75,-0.01,0.0,False,False,1,,,,NONE,False,Green,60.0
140,10.2381,5.3,371,Vehicle 2,vehicle,vehicle.tesla.model3,hero_1,63.6652,326.564,0.0015,-0.0072,0.0295,179.8616,63.6652,-326.564,-3.139177,-4.8279,-0.0156,0.0,4.8279,-1.2253,-0.2711,-0.0,-0.0657,-0.0613,1.0966,5,0,1,53.65,Driving,False,0.005,0.283,0.011,0.0,False,False,1,,,,NONE,False,Green,30.0
140,10.2381,5.3,370,Vehicle 1,vehicle,vehicle.tesla.model3,hero_0,9.4125,330.5399,0.0007,-0.012,0.0804,0.0163,9.4125,-330.5399,-0.000284,1.3906,-0.0022,0.0004,1.3906,7.3153,-0.0275,0.002,-0.0369,-0.2638,0.0328,20,0,1,0.58,Driving,False,0.0,0.75,-0.003,0.0,False,False,1,,,,NONE,False,Green,30.0
141,10.2881,5.35,375,entity_1,vehicle,vehicle.audi.a2,entity_1,61.009,331.442,-0.0073,0.0,0.0,0.0286,61.009,-331.442,-0.000499,0.0,0.0,0.0,0.0,0.0,0.0,0.0,0.0,0.0,0.0,5,0,-1,51.0,Driving,False,0.875,0.0,0.0,0.0,False,False,0,,,,NONE,False,Green,30.0
141,10.2881,5.35,374,entity_2,pedestrian,walker.pedestrian.0001,entity_2,63.8716,329.0591,0.9515,0.0,0.0,-89.7569,63.8716,-329.0591,1.566553,0.0044,-1.0203,0.0,1.0203,0.0,0.0,0.0,0.0,0.0,0.0,5,0,-1,53.86,Driving,False,-1.51,,,,,,,0.0042,-1.0,1.02,,,,
141,10.2881,5.35,373,Vehicle 4,vehicle,vehicle.tesla.model3,hero_3,41.2519,330.5813,0.0015,-0.0013,0.0217,-0.183,41.2519,-330.5813,0.003194,3.9135,-0.0133,0.0001,3.9135,2.4889,-0.0067,-0.0005,-0.0059,-0.0663,-0.0373,5,0,-1,31.24,Driving,False,0.025,0.75,-0.0,0.0,False,False,1,,,,NONE,False,Green,30.0
141,10.2881,5.35,372,Vehicle 3,vehicle,vehicle.tesla.model3,hero_2,24.2108,330.5414,0.0015,0.0064,0.0235,-0.0348,24.2108,-330.5414,0.000607,4.8409,-0.0291,-0.0,4.841,2.431,-0.0989,0.0,0.0021,-0.0456,-0.9826,5,0,-1,14.2,Driving,False,-0.006,0.75,-0.01,0.0,False,False,1,,,,NONE,False,Green,60.0
141,10.2881,5.35,371,Vehicle 2,vehicle,vehicle.tesla.model3,hero_1,63.4229,326.5633,0.0015,-0.0089,0.0255,179.9183,63.4229,-326.5633,-3.140167,-4.8572,-0.023,-0.0,4.8572,-0.5859,-0.1474,-0.0,-0.0159,-0.0872,1.1474,5,0,1,53.41,Driving,False,0.005,0.283,0.011,0.0,False,False,1,,,,NONE,False,Green,30.0
141,10.2881,5.35,370,Vehicle 1,vehicle,vehicle.tesla.model3,hero_0,9.4897,330.5398,0.0007,-0.0107,0.0866,-0.0079,9.4897,-330.5398,0.000138,1.6349,-0.0026,0.0006,1.6349,4.8878,-0.0083,0.0049,-0.011,-0.0386,-0.4762,20,0,1,0.51,Driving,False,0.0,0.75,-0.003,0.0,False,False,1,,,,NONE,False,Green,30.0
142,10.3381,5.4,375,entity_1,vehicle,vehicle.audi.a2,entity_1,61.009,331.442,-0.0073,0.0,0.0,0.0286,61.009,-331.442,-0.000499,0.0,0.0,0.0,0.0,0.0,0.0,0.0,0.0,0.0,0.0,5,0,-1,51.0,Driving,False,0.875,0.0,0.0,0.0,False,False,0,,,,NONE,False,Green,30.0
142,10.3381,5.4,374,entity_2,pedestrian,walker.pedestrian.0001,entity_2,63.8719,329.0081,0.9515,0.0,0.0,-89.7569,63.8719,-329.0081,1.566553,0.0044,-1.0203,0.0,1.0203,0.0,0.0,0.0,0.0,0.0,0.0,5,0,-1,53.86,Driving,False,-1.561,,,,,,,0.0042,-1.0,1.02,,,,
142,10.3381,5.4,373,Vehicle 4,vehicle,vehicle.tesla.model3,hero_3,41.4515,330.5807,0.0015,-0.001,0.0246,-0.1845,41.4515,-330.5807,0.00322,4.0445,-0.0138,0.0,4.0445,2.6205,-0.0099,-0.0004,-0.0059,-0.0526,-0.0292,5,0,-1,31.44,Driving,False,0.024,0.75,-0.0,0.0,False,False,1,,,,NONE,False,Green,30.0
142,10.3381,5.4,372,Vehicle 3,vehicle,vehicle.tesla.model3,hero_2,24.4565,330.5401,0.0015,0.0062,0.0254,-0.0846,24.4565,-330.5401,0.001477,4.9626,-0.0341,-0.0,4.9627,2.4324,-0.0992,-0.0,0.0036,-0.0342,-1.0061,5,0,-1,14.45,Driving,False,-0.008,0.75,-0.01,0.0,False,False,1,,,,NONE,False,Green,60.0
142,10.3381,5.4,371,Vehicle 2,vehicle,vehicle.tesla.model3,hero_1,63.1796,326.5623,0.0016,-0.0089,0.0209,179.976,63.1796,-326.5623,-3.141174,-4.8683,-0.0287,0.0,4.8684,-0.2232,-0.1144,0.0,0.0051,-0.094,1.157,5,0,1,53.17,Driving,False,0.006,0.283,0.011,0.0,False,False,1,,,,NONE,False,Green,30.0
142,10.3381,5.4,370,Vehicle 1,vehicle,vehicle.tesla.model3,hero_0,9.578,330.5396,0.0007,-0.0104,0.0851,-0.0093,9.578,-330.5396,0.000162,1.8345,-0.0039,0.0009,1.8345,3.9901,-0.0272,0.0049,0.0023,0.0797,-0.0528,20,0,1,0.42,Driving,False,-0.0,0.75,-0.003,0.0,False,False,1,,,,NONE,False,Green,30.0
143,10.3881,5.45,375,entity_1,vehicle,vehicle.audi.a2,entity_1,61.009,331.442,-0.0073,0.0,0.0,0.0286,61.009,-331.442,-0.000499,0.0,0.0,0.0,0.0,0.0,0.0,0.0,0.0,0.0,0.0,5,0,-1,51.0,Driving,False,0.875,0.0,0.0,0.0,False,False,0,,,,NONE,False,Green,30.0
143,10.3881,5.45,374,entity_2,pedestrian,walker.pedestrian.0001,entity_2,63.8721,328.9571,0.9515,0.0,0.0,-89.7569,63.8721,-328.9571,1.566553,0.0044,-1.0203,0.0,1.0203,0.0,0.0,0.0,0.0,0.0,0.0,5,0,-1,53.86,Driving,False,-1.612,,,,,,,0.0042,-1.0,1.02,,,,
143,10.3881,5.45,373,Vehicle 4,vehicle,vehicle.tesla.model3,hero_3,41.6575,330.5803,0.0015,-0.0022,0.0267,-0.1725,41.6575,-330.5803,0.003011,4.1701,-0.0043,0.0,4.1701,2.5117,0.1899,-0.0003,0.0255,-0.0349,0.3326,5,0,-1,31.65,Driving,False,0.023,0.75,0.004,0.0,False,False,1,,,,NONE,False,Green,30.0
143,10.3881,5.45,372,Vehicle 3,vehicle,vehicle.tesla.model3,hero_2,24.708,330.5392,0.0017,0.0025,0.0266,-0.106,24.708,-330.5392,0.00185,5.071,-0.017,0.0048,5.0711,2.1696,0.3423,0.0951,0.0807,-0.0127,-0.2042,5,0,-1,14.7,Driving,False,-0.009,0.327,-0.001,0.0,False,False,1,,,,NONE,False,Green,60.0
143,10.3881,5.45,371,Vehicle 2,vehicle,vehicle.tesla.model3,hero_1,62.9378,326.5619,0.0016,-0.004,0.0145,179.994,62.9378,-326.5619,-3.141488,-4.7969,-0.0041,-0.0,4.7969,1.429,0.4922,-0.0,0.1041,-0.1631,0.0737,5,0,1,52.93,Driving,False,0.006,0.0,-0.001,0.7,False,False,1,,,,NONE,False,Green,30.0
143,10.3881,5.45,370,Vehicle 1,vehicle,vehicle.tesla.model3,hero_0,9.6747,330.5397,0.0008,-0.012,0.0796,-0.004,9.6747,-330.5397,7e-05,2.0011,0.0048,0.001,2.0011,3.3332,0.1741,0.0028,0.029,0.1232,0.1212,20,0,1,0.32,Driving,False,-0.0,0.75,0.005,0.0,False,False,1,,,,NONE,False,Green,30.0
144,10.4381,5.5,375,entity_1,vehicle,vehicle.audi.a2,entity_1,61.009,331.442,-0.0073,0.0,0.0,0.0286,61.009,-331.442,-0.000499,0.0,0.0,0.0,0.0,0.0,0.0,0.0,0.0,0.0,0.0,5,0,-1,51.0,Driving,False,0.875,0.0,0.0,0.0,False,False,0,,,,NONE,False,Green,30.0
144,10.4381,5.5,374,entity_2,pedestrian,walker.pedestrian.0001,entity_2,63.8723,328.906,0.9515,0.0,0.0,-89.7569,63.8723,-328.906,1.566553,0.0044,-1.0203,0.0,1.0203,0.0,0.0,0.0,0.0,0.0,0.0,5,0,-1,53.86,Driving,False,-1.663,,,,,,,0.0042,-1.0,1.02,,,,
144,10.4381,5.5,373,Vehicle 4,vehicle,vehicle.tesla.model3,hero_3,41.8699,330.5801,0.0015,-0.003,0.0282,-0.1537,41.8699,-330.5801,0.002683,4.2992,-0.0012,0.0,4.2992,2.5825,0.0623,-0.0002,0.0095,-0.0276,0.3919,5,0,-1,31.86,Driving,False,0.023,0.75,0.004,0.0,False,False,1,,,,NONE,False,Green,30.0
144,10.4381,5.5,372,Vehicle 3,vehicle,vehicle.tesla.model3,hero_2,24.9631,330.5386,0.0018,0.0,0.0248,-0.13,24.9631,-330.5386,0.002269,5.0832,-0.0131,0.0014,5.0832,0.2439,0.0782,-0.0672,0.0291,0.1272,-2.4668,5,0,-1,14.95,Driving,False,-0.009,0.327,-0.001,0.0,False,False,1,,,,NONE,False,Green,60.0
144,10.4381,5.5,371,Vehicle 2,vehicle,vehicle.tesla.model3,hero_1,62.7038,326.5619,0.0017,-0.0003,0.0032,179.9911,62.7038,-326.5619,-3.141437,-4.5881,0.0021,0.0,4.5881,4.175,0.1237,0.0,0.0536,-0.268,-0.1056,5,0,1,52.69,Driving,False,0.006,0.0,-0.001,0.7,False,False,1,,,,NONE,False,Green,30.0
144,10.4381,5.5,370,Vehicle 1,vehicle,vehicle.tesla.model3,hero_0,9.7795,330.54,0.0009,-0.0131,0.0731,0.0085,9.7795,-330.54,-0.000148,2.1596,0.0069,0.0011,2.1596,3.1699,0.0424,0.002,0.0174,0.1313,0.337,20,0,1,0.22,Driving,False,0.0,0.75,0.005,0.0,False,False,1,,,,NONE,False,Green,30.0
145,10.4881,5.55,375,entity_1,vehicle,vehicle.audi.a2,entity_1,61.009,331.442,-0.0073,0.0,0.0,0.0286,61.009,-331.442,-0.000499,0.0,0.0,0.0,0.0,0.0,0.0,0.0,0.0,0.0,0.0,5,0,-1,51.0,Driving,False,0.875,0.0,0.0,0.0,False,False,0,,,,NONE,False,Green,30.0
145,10.4881,5.55,374,entity_2,pedestrian,walker.pedestrian.0001,entity_2,63.8725,328.855,0.9515,0.0,0.0,-89.7569,63.8725,-328.855,1.566553,0.0044,-1.0203,0.0,1.0203,0.0,0.0,0.0,0.0,0.0,0.0,5,0,-1,53.86,Driving,False,-1.714,,,,,,,0.0042,-1.0,1.02,,,,
145,10.4881,5.55,373,Vehicle 4,vehicle,vehicle.tesla.model3,hero_3,42.0886,330.58,0.0015,-0.0032,0.0293,-0.1335,42.0886,-330.58,0.00233,4.4246,0.0007,0.0,4.4246,2.5083,0.0382,-0.0001,-0.0,-0.018,0.411,5,0,-1,32.08,Driving,False,0.023,0.75,0.004,0.0,False,False,1,,,,NONE,False,Green,30.0
145,10.4881,5.55,372,Vehicle 3,vehicle,vehicle.tesla.model3,hero_2,25.2156,330.5378,0.0019,-0.0006,0.0171,-0.1025,25.2156,-330.5378,0.001789,5.0224,-0.0132,0.0,5.0224,-1.2172,-0.0024,-0.0276,0.0103,0.1693,3.1,5,0,-1,15.21,Driving,False,-0.01,0.327,-0.001,0.0,False,False,1,,,,NONE,False,Green,60.0
145,10.4881,5.55,371,Vehicle 2,vehicle,vehicle.tesla.model3,hero_1,62.4835,326.5621,0.0018,0.0012,-0.0122,179.9849,62.4835,-326.5621,-3.141329,-4.2853,0.004,0.0,4.2853,6.0568,0.0386,0.0,0.0185,-0.3199,-0.1287,5,0,1,52.47,Driving,False,0.006,0.0,-0.001,0.7,False,False,1,,,,NONE,False,Green,30.0
145,10.4881,5.55,370,Vehicle 1,vehicle,vehicle.tesla.model3,hero_0,9.892,330.5403,0.001,-0.0133,0.0667,0.0205,9.892,-330.5403,-0.000358,2.311,0.0081,0.001,2.311,3.0271,0.0253,-0.0011,-0.0118,0.1195,0.1792,20,0,1,0.1,Driving,False,0.0,0.75,0.005,0.0,False,False,1,,,,NONE,False,Green,30.0
146,10.5381,5.6,375,entity_1,vehicle,vehicle.audi.a2,entity_1,61.009,331.442,-0.0073,0.0,0.0,0.0286,61.009,-331.442,-0.000499,0.0,0.0,0.0,0.0,0.0,0.0,0.0,0.0,0.0,0.0,5,0,-1,51.0,Driving,False,0.875,0.0,0.0,0.0,False,False,0,,,,NONE,False,Green,30.0
146,10.5381,5.6,374,entity_2,pedestrian,walker.pedestrian.0001,entity_2,63.8727,328.804,0.9515,0.0,0.0,-89.7569,63.8727,-328.804,1.566553,0.0044,-1.0203,0.0,1.0203,0.0,0.0,0.0,0.0,0.0,0.0,5,0,-1,53.86,Driving,False,-1.765,,,,,,,0.0042,-1.0,1.02,,,,
146,10.5381,5.6,373,Vehicle 4,vehicle,vehicle.tesla.model3,hero_3,42.3136,330.5799,0.0015,-0.0031,0.03,-0.1126,42.3136,-330.5799,0.001965,4.5496,0.0025,0.0,4.5496,2.5,0.0346,-0.0001,-0.0032,-0.012,0.4217,5,0,-1,32.3,Driving,False,0.023,0.75,0.004,0.0,False,False,1,,,,NONE,False,Green,30.0
146,10.5381,5.6,372,Vehicle 3,vehicle,vehicle.tesla.model3,hero_2,25.4669,330.5372,0.0019,-0.0007,0.0123,-0.1101,25.4669,-330.5372,0.001922,5.0622,-0.0121,0.0005,5.0623,0.7976,0.0207,0.0091,0.0045,0.0256,-0.6259,5,0,-1,15.46,Driving,False,-0.011,0.327,-0.001,0.0,False,False,1,,,,NONE,False,Green,60.0
146,10.5381,5.6,371,Vehicle 2,vehicle,vehicle.tesla.model3,hero_1,62.2787,326.5622,0.0018,0.0016,-0.0274,179.9785,62.2787,-326.5622,-3.141217,-3.9718,0.0047,-0.0,3.9718,6.2696,0.0143,-0.0,0.0024,-0.2871,-0.1246,5,0,1,52.27,Driving,False,0.006,0.0,-0.001,0.7,False,False,1,,,,NONE,False,Green,30.0
146,10.5381,5.6,370,Vehicle 1,vehicle,vehicle.tesla.model3,hero_0,10.0119,330.5406,0.001,-0.0117,0.0615,0.0348,10.0119,-330.5406,-0.000607,2.4577,0.0095,0.0007,2.4577,2.9351,0.0269,-0.0059,-0.0419,0.0945,0.3561,5,0,-1,0.0,Driving,False,0.001,0.75,0.005,0.0,False,False,1,,,,NONE,False,Green,30.0
147,10.5881,5.65,375,entity_1,vehicle,vehicle.audi.a2,entity_1,61.009,331.442,-0.0073,0.0,0.0,0.0286,61.009,-331.442,-0.000499,0.0,0.0,0.0,0.0,0.0,0.0,0.0,0.0,0.0,0.0,5,0,-1,51.0,Driving,False,0.875,0.0,0.0,0.0,False,False,0,,,,NONE,False,Green,30.0
147,10.5881,5.65,374,entity_2,pedestrian,walker.pedestrian.0001,entity_2,63.873,328.753,0.9515,0.0,0.0,-89.7569,63.873,-328.753,1.566553,0.0044,-1.0203,0.0,1.0203,0.0,0.0,0.0,0.0,0.0,0.0,5,0,-1,53.86,Driving,False,-1.816,,,,,,,0.0042,-1.0,1.02,,,,
147,10.5881,5.65,373,Vehicle 4,vehicle,vehicle.tesla.model3,hero_3,42.5445,330.5792,0.0015,0.001,0.0301,-0.1261,42.5445,-330.5792,0.002201,4.6587,-0.0218,0.0,4.6587,2.1809,-0.4856,-0.0001,-0.0842,0.0092,-0.5153,5,0,-1,32.54,Driving,False,0.022,0.365,-0.007,0.0,False,False,1,,,,NONE,False,Green,30.0
147,10.5881,5.65,372,Vehicle 3,vehicle,vehicle.tesla.model3,hero_2,25.7181,330.5364,0.0018,0.0,0.0086,-0.1057,25.7181,-330.5364,0.001845,5.0406,-0.017,0.0009,5.0406,-0.4337,-0.0969,0.0095,-0.0215,0.0297,0.2076,5,0,-1,15.71,Driving,False,-0.012,0.283,-0.003,0.0,False,False,1,,,,NONE,False,Green,60.0
147,10.5881,5.65,371,Vehicle 2,vehicle,vehicle.tesla.model3,hero_1,62.0872,326.5623,0.0019,0.0008,-0.0374,179.979,62.0872,-326.5623,-3.141226,-3.7666,0.0003,-0.0,3.7666,4.1039,-0.088,-0.0,-0.0176,-0.1194,0.0545,5,0,1,52.08,Driving,False,0.006,0.75,0.001,0.0,False,False,1,,,,NONE,False,Green,30.0
147,10.5881,5.65,370,Vehicle 1,vehicle,vehicle.tesla.model3,hero_0,10.1391,330.5405,0.0011,-0.0077,0.0578,0.0255,10.1391,-330.5405,-0.000445,2.6014,-0.006,0.0003,2.6014,2.8728,-0.3107,-0.0096,-0.0673,0.0602,-0.3878,5,0,-1,0.13,Driving,False,0.0,0.75,-0.007,0.0,False,False,1,,,,NONE,False,Green,30.0
148,10.6381,5.7,375,entity_1,vehicle,vehicle.audi.a2,entity_1,61.009,331.442,-0.0073,0.0,0.0,0.0286,61.009,-331.442,-0.000499,0.0,0.0,0.0,0.0,0.0,0.0,0.0,0.0,0.0,0.0,5,0,-1,51.0,Driving,False,0.875,0.0,0.0,0.0,False,False,0,,,,NONE,False,Green,30.0
148,10.6381,5.7,374,entity_2,pedestrian,walker.pedestrian.0001,entity_2,63.8732,328.702,0.9515,0.0,0.0,-89.7569,63.8732,-328.702,1.566553,0.0044,-1.0203,0.0,1.0203,0.0,0.0,0.0,0.0,0.0,0.0,5,0,-1,53.86,Driving,False,-1.867,,,,,,,0.0042,-1.0,1.02,,,,
148,10.6381,5.7,373,Vehicle 4,vehicle,vehicle.tesla.model3,hero_3,42.7797,330.578,0.0015,0.0038,0.0285,-0.1576,42.7797,-330.578,0.002751,4.7283,-0.0299,0.0,4.7284,1.3914,-0.1611,-0.0,-0.0398,0.0457,-0.6713,5,0,-1,32.77,Driving,False,0.021,0.365,-0.007,0.0,False,False,1,,,,NONE,False,Green,30.0
148,10.6381,5.7,372,Vehicle 3,vehicle,vehicle.tesla.model3,hero_2,25.9689,330.5354,0.0018,0.0007,0.0057,-0.0986,25.9689,-330.5354,0.001721,5.0183,-0.0187,-0.0061,5.0183,-0.4454,-0.0348,-0.1408,-0.007,0.019,-0.0972,5,0,-1,15.96,Driving,False,-0.013,0.283,-0.003,0.0,False,False,1,,,,NONE,False,Green,60.0
148,10.6381,5.7,371,Vehicle 2,vehicle,vehicle.tesla.model3,hero_1,61.9001,326.5623,0.0019,0.0002,-0.0368,179.9824,61.9001,-326.5623,-3.141285,-3.7368,-0.0007,-0.0,3.7368,0.5965,-0.0208,0.0,-0.0094,0.0808,0.075,5,0,1,51.89,Driving,False,0.005,0.75,0.001,0.0,False,False,1,,,,NONE,False,Green,30.0
148,10.6381,5.7,370,Vehicle 1,vehicle,vehicle.tesla.model3,hero_0,10.2734,330.5402,0.0011,-0.0057,0.0554,0.0078,10.2734,-330.5402,-0.000136,2.7429,-0.0102,-0.0,2.7429,2.8309,-0.0821,-0.0057,-0.0225,0.0402,-0.3162,5,0,-1,0.26,Driving,False,0.0,0.75,-0.007,0.0,False,False,1,,,,NONE,False,Green,30.0
149,10.6881,5.75,375,entity_1,vehicle,vehicle.audi.a2,entity_1,61.009,331.442,-0.0073,0.0,0.0,0.0286,61.009,-331.442,-0.000499,0.0,0.0,0.0,0.0,0.0,0.0,0.0,0.0,0.0,0.0,5,0,-1,51.0,Driving,False,0.875,0.0,0.0,0.0,False,False,0,,,,NONE,False,Green,30.0
149,10.6881,5.75,374,entity_2,pedestrian,walker.pedestrian.0001,entity_2,63.8734,328.651,0.9515,0.0,0.0,-89.7569,63.8734,-328.651,1.566553,0.0044,-1.0203,0.0,1.0203,0.0,0.0,0.0,0.0,0.0,0.0,5,0,-1,53.86,Driving,False,-1.918,,,,,,,0.0042,-1.0,1.02,,,,
149,10.6881,5.75,373,Vehicle 4,vehicle,vehicle.tesla.model3,hero_3,43.0175,330.5766,0.0015,0.0049,0.0255,-0.1922,43.0175,-330.5766,0.003355,4.7725,-0.0344,0.0,4.7726,0.8839,-0.0902,-0.0,-0.0106,0.0679,-0.7006,5,0,-1,33.01,Driving,False,0.019,0.365,-0.007,0.0,False,False,1,,,,NONE,False,Green,30.0
149,10.6881,5.75,372,Vehicle 3,vehicle,vehicle.tesla.model3,hero_2,26.2195,330.5345,0.0018,0.0009,0.0039,-0.1101,26.2195,-330.5345,0.001922,5.0143,-0.0194,-0.0059,5.0143,-0.0801,-0.013,0.0048,-0.0016,0.0084,-0.1909,5,0,-1,16.21,Driving,False,-0.014,0.283,-0.003,0.0,False,False,1,,,,NONE,False,Green,60.0
149,10.6881,5.75,371,Vehicle 2,vehicle,vehicle.tesla.model3,hero_1,61.7128,326.5623,0.0019,-0.0001,-0.0302,179.9863,61.7128,-326.5623,-3.141354,-3.7564,-0.0012,-0.0,3.7564,-0.3931,-0.0088,-0.0,-0.0039,0.1568,0.0775,5,0,1,51.7,Driving,False,0.005,0.75,0.001,0.0,False,False,1,,,,NONE,False,Green,30.0
149,10.6881,5.75,370,Vehicle 1,vehicle,vehicle.tesla.model3,hero_0,10.4148,330.5397,0.0011,-0.0053,0.0538,-0.0131,10.4148,-330.5397,0.000229,2.8827,-0.0123,-0.0001,2.8827,2.7959,-0.0438,-0.0022,-0.002,0.0296,-0.484,5,0,-1,0.41,Driving,False,-0.0,0.75,-0.007,0.0,False,False,1,,,,NONE,False,Green,30.0
150,10.7381,5.8,375,entity_1,vehicle,vehicle.audi.a2,entity_1,61.009,331.442,-0.0073,0.0,0.0,0.0286,61.009,-331.442,-0.000499,0.0,0.0,0.0,0.0,0.0,0.0,0.0,0.0,0.0,0.0,5,0,-1,51.0,Driving,False,0.875,0.0,0.0,0.0,False,False,0,,,,NONE,False,Green,30.0
150,10.7381,5.8,374,entity_2,pedestrian,walker.pedestrian.0001,entity_2,63.8736,328.5999,0.9515,0.0,0.0,-89.7569,63.8736,-328.5999,1.566553,0.0044,-1.0203,0.0,1.0203,0.0,0.0,0.0,0.0,0.0,0.0,5,0,-1,53.86,Driving,False,-1.969,,,,,,,0.0042,-1.0,1.02,,,,
150,10.7381,5.8,373,Vehicle 4,vehicle,vehicle.tesla.model3,hero_3,43.257,330.575,0.0016,0.005,0.0219,-0.2274,43.257,-330.575,0.003969,4.8021,-0.0379,0.0,4.8022,0.5925,-0.0714,0.0001,0.0015,0.0741,-0.7082,5,0,-1,33.25,Driving,False,0.017,0.365,-0.007,0.0,False,False,1,,,,NONE,False,Green,30.0
150,10.7381,5.8,372,Vehicle 3,vehicle,vehicle.tesla.model3,hero_2,26.4699,330.5335,0.0018,0.0009,0.0025,-0.1176,26.4699,-330.5335,0.002053,5.007,-0.02,-0.0057,5.007,-0.1462,-0.0131,0.0028,-0.0001,0.0067,-0.1889,5,0,-1,16.46,Driving,False,-0.015,0.283,-0.003,0.0,False,False,1,,,,NONE,False,Green,60.0
150,10.7381,5.8,371,Vehicle 2,vehicle,vehicle.tesla.model3,hero_1,61.523,326.5622,0.0018,-0.0002,-0.0211,179.9902,61.523,-326.5622,-3.141422,-3.8246,-0.0015,-0.0,3.8246,-1.3633,-0.0072,0.0,-0.0017,0.1929,0.0799,5,0,1,51.51,Driving,False,0.005,0.75,0.001,0.0,False,False,1,,,,NONE,False,Green,30.0
150,10.7381,5.8,370,Vehicle 1,vehicle,vehicle.tesla.model3,hero_0,10.5631,330.5392,0.0011,-0.0055,0.0525,-0.0337,10.5631,-330.5392,0.000588,3.0213,-0.0142,-0.0002,3.0213,2.7722,-0.0371,-0.0005,0.0054,0.0227,-0.3656,5,0,-1,0.55,Driving,False,-0.001,0.75,-0.007,0.0,False,False,1,,,,NONE,False,Green,30.0
151,10.7881,5.85,375,entity_1,vehicle,vehicle.audi.a2,entity_1,61.009,331.442,-0.0073,0.0,0.0,0.0286,61.009,-331.442,-0.000499,0.0,0.0,0.0,0.0,0.0,0.0,0.0,0.0,0.0,0.0,5,0,-1,51.0,Driving,False,0.875,0.0,0.0,0.0,False,False,0,,,,NONE,False,Green,30.0
151,10.7881,5.85,374,entity_2,pedestrian,walker.pedestrian.0001,entity_2,63.8738,328.549,0.9515,0.0,0.0,-89.7569,63.8738,-328.549,1.566553,0.0044,-1.0203,0.0,1.0203,0.0,0.0,0.0,0.0,0.0,0.0,5,0,1,53.86,Driving,False,-1.98,,,,,,,0.0042,-1.0,1.02,,,,
151,10.7881,5.85,373,Vehicle 4,vehicle,vehicle.tesla.model3,hero_3,43.4977,330.5732,0.0016,0.0045,0.0182,-0.2598,43.4977,-330.5732,0.004534,4.8232,-0.0389,0.0,4.8234,0.4228,-0.0181,-0.0,0.0127,0.0702,-0.6254,5,0,-1,33.49,Driving,False,0.015,0.362,-0.006,0.0,False,False,1,,,,NONE,False,Green,30.0
151,10.7881,5.85,372,Vehicle 3,vehicle,vehicle.tesla.model3,hero_2,26.7166,330.5329,0.0018,-0.0008,-0.0029,-0.1217,26.7166,-330.5329,0.002124,4.7691,-0.0101,-0.0046,4.7691,-4.7575,0.1994,0.0214,0.0279,0.3055,-0.5056,5,0,-1,16.71,Driving,False,-0.016,0.0,0.002,0.7,False,False,1,,,,NONE,False,Green,60.0
151,10.7881,5.85,371,Vehicle 2,vehicle,vehicle.tesla.model3,hero_1,61.3291,326.5623,0.0017,0.0006,-0.0116,179.9863,61.3291,-326.5623,-3.141354,-3.9133,0.0041,-0.0,3.9133,-1.7748,0.1126,-0.0,0.0175,0.1845,-0.1344,5,0,1,51.32,Driving,False,0.005,0.75,-0.002,0.0,False,False,1,,,,NONE,False,Green,30.0
151,10.7881,5.85,370,Vehicle 1,vehicle,vehicle.tesla.model3,hero_0,10.7182,330.5387,0.0011,-0.0057,0.0511,-0.0495,10.7182,-330.5387,0.000864,3.1587,-0.0107,0.0002,3.1588,2.7488,0.0704,0.0074,-0.0162,0.0389,-0.3289,5,0,-1,0.71,Driving,False,-0.002,0.75,-0.003,0.0,False,False,1,,,,NONE,False,Green,30.0
152,10.8381,5.9,375,entity_1,vehicle,vehicle.audi.a2,entity_1,61.009,331.442,-0.0073,0.0,0.0,0.0286,61.009,-331.442,-0.000499,0.0,0.0,0.0,0.0,0.0,0.0,0.0,0.0,0.0,0.0,5,0,-1,51.0,Driving,False,0.875,0.0,0.0,0.0,False,False,0,,,,NONE,False,Green,30.0
152,10.8381,5.9,374,entity_2,pedestrian,walker.pedestrian.0001,entity_2,63.8741,328.4979,0.9515,0.0,0.0,-89.7569,63.8741,-328.4979,1.566553,0.0044,-1.0203,0.0,1.0203,0.0,0.0,0.0,0.0,0.0,0.0,5,0,1,53.86,Driving,False,-1.929,,,,,,,0.0042,-1.0,1.02,,,,
152,10.8381,5.9,373,Vehicle 4,vehicle,vehicle.tesla.model3,hero_3,43.7394,330.5714,0.0016,0.004,0.015,-0.2906,43.7394,-330.5714,0.005072,4.8393,-0.0411,-0.0,4.8395,0.3219,-0.0456,-0.0001,0.0091,0.0615,-0.6133,5,0,-1,33.73,Driving,False,0.013,0.362,-0.006,0.0,False,False,1,,,,NONE,False,Green,30.0
152,10.8381,5.9,372,Vehicle 3,vehicle,vehicle.tesla.model3,hero_2,26.9327,330.5329,0.0018,-0.0017,-0.0314,-0.1801,26.9327,-330.5329,0.003143,4.022,-0.0059,-0.0018,4.022,-14.9413,0.0829,0.0565,0.0126,0.6758,-1.497,5,0,-1,16.92,Driving,False,-0.016,0.0,0.002,0.7,False,False,1,,,,NONE,False,Green,60.0
152,10.8381,5.9,371,Vehicle 2,vehicle,vehicle.tesla.model3,hero_1,61.1301,326.5625,0.0017,0.0012,-0.0028,179.9782,61.1301,-326.5625,-3.141212,-4.0232,0.0059,0.0,4.0232,-2.1976,0.0365,0.0,0.0076,0.1702,-0.1689,5,0,1,51.12,Driving,False,0.005,0.75,-0.002,0.0,False,False,1,,,,NONE,False,Green,30.0
152,10.8381,5.9,370,Vehicle 1,vehicle,vehicle.tesla.model3,hero_0,10.8803,330.5381,0.0011,-0.0037,0.0487,-0.0615,10.8803,-330.5381,0.001073,3.2953,-0.0106,0.0006,3.2953,2.7303,0.0011,0.0074,-0.0522,0.0503,-0.1878,5,0,-1,0.87,Driving,False,-0.002,0.75,-0.003,0.0,False,False,1,,,,NONE,False,Green,30.0
153,10.8881,5.95,375,entity_1,vehicle,vehicle.audi.a2,entity_1,61.009,331.442,-0.0073,0.0,0.0,0.0286,61.009,-331.442,-0.000499,0.0,0.0,0.0,0.0,0.0,0.0,0.0,0.0,0.0,0.0,5,0,-1,51.0,Driving,False,0.875,0.0,0.0,0.0,False,False,0,,,,NONE,False,Green,30.0
153,10.8881,5.95,374,entity_2,pedestrian,walker.pedestrian.0001,entity_2,63.8743,328.4469,0.9515,0.0,0.0,-89.7569,63.8743,-328.4469,1.566553,0.0044,-1.0203,0.0,1.0203,0.0,0.0,0.0,0.0,0.0,0.0,5,0,1,53.86,Driving,False,-1.878,,,,,,,0.0042,-1.0,1.02,,,,
153,10.8881,5.95,373,Vehicle 4,vehicle,vehicle.tesla.model3,hero_3,43.9817,330.5694,0.0016,0.0036,0.0122,-0.3212,43.9817,-330.5694,0.005606,4.8525,-0.0437,-0.0,4.8527,0.2635,-0.0514,0.0,0.0058,0.0512,-0.6125,5,0,-1,33.97,Driving,False,0.011,0.362,-0.006,0.0,False,False,1,,,,NONE,False,Green,30.0
153,10.8881,5.95,372,Vehicle 3,vehicle,vehicle.tesla.model3,hero_2,27.1096,330.5331,0.002,-0.0016,-0.067,-0.2594,27.1096,-330.5331,0.004527,3.2209,-0.0052,-0.0005,3.2209,-16.0229,0.014,0.0272,-0.0073,0.7063,-1.4215,5,0,-1,17.1,Driving,False,-0.016,0.0,0.002,0.7,False,False,1,,,,NONE,False,Green,60.0
153,10.8881,5.95,371,Vehicle 2,vehicle,vehicle.tesla.model3,hero_1,60.9256,326.5628,0.0017,0.0013,0.0048,179.9696,60.9256,-326.5628,-3.141062,-4.1365,0.007,0.0,4.1365,-2.2661,0.0209,0.0,0.0013,0.1394,-0.1769,5,0,1,50.91,Driving,False,0.004,0.75,-0.002,0.0,False,False,1,,,,NONE,False,Green,30.0
153,10.8881,5.95,370,Vehicle 1,vehicle,vehicle.tesla.model3,hero_0,11.0491,330.5376,0.0012,-0.0005,0.0461,-0.075,11.0491,-330.5376,0.001309,3.4311,-0.0114,0.0008,3.4311,2.7162,-0.0157,0.0043,-0.0703,0.0535,-0.3235,5,0,-1,1.04,Driving,False,-0.003,0.75,-0.003,0.0,False,False,1,,,,NONE,False,Green,30.0
154,10.9381,6.0,375,entity_1,vehicle,vehicle.audi.a2,entity_1,61.009,331.442,-0.0073,0.0,0.0,0.0286,61.009,-331.442,-0.000499,0.0,0.0,0.0,0.0,0.0,0.0,0.0,0.0,0.0,0.0,5,0,-1,51.0,Driving,False,0.875,0.0,0.0,0.0,False,False,0,,,,NONE,False,Green,30.0
154,10.9381,6.0,374,entity_2,pedestrian,walker.pedestrian.0001,entity_2,63.8745,328.3959,0.9515,0.0,0.0,-89.7569,63.8745,-328.3959,1.566553,0.0044,-1.0203,0.0,1.0203,0.0,0.0,0.0,0.0,0.0,0.0,5,0,1,53.86,Driving,False,-1.827,,,,,,,0.0042,-1.0,1.02,,,,
154,10.9381,6.0,373,Vehicle 4,vehicle,vehicle.tesla.model3,hero_3,44.2247,330.5673,0.0016,0.0034,0.01,-0.3519,44.2247,-330.5673,0.006142,4.864,-0.0464,-0.0,4.8642,0.2294,-0.053,0.0,0.0037,0.0413,-0.6134,5,0,-1,34.22,Driving,False,0.009,0.362,-0.006,0.0,False,False,1,,,,NONE,False,Green,30.0
154,10.9381,6.0,372,Vehicle 3,vehicle,vehicle.tesla.model3,hero_2,27.2465,330.5335,0.0021,-0.001,-0.0989,-0.351,27.2465,-330.5335,0.006126,2.4238,-0.0048,0.0001,2.4238,-15.9414,0.009,0.0121,-0.0052,0.5862,-2.1489,5,0,-1,17.24,Driving,False,-0.016,0.0,0.002,0.7,False,False,1,,,,NONE,False,Green,60.0
154,10.9381,6.0,371,Vehicle 2,vehicle,vehicle.tesla.model3,hero_1,60.715,326.5631,0.0016,0.0013,0.0111,179.9605,60.715,-326.5631,-3.140903,-4.2592,0.0079,0.0,4.2592,-2.453,0.0189,0.0,-0.0009,0.1165,-0.1826,5,0,1,50.7,Driving,False,0.004,0.75,-0.002,0.0,False,False,1,,,,NONE,False,Green,30.0
154,10.9381,6.0,370,Vehicle 1,vehicle,vehicle.tesla.model3,hero_0,11.2247,330.537,0.0013,0.0016,0.0426,-0.0875,11.2247,-330.537,0.001527,3.5662,-0.0127,0.0014,3.5662,2.7023,-0.0255,0.0128,-0.0215,0.0826,-0.1997,5,0,-1,1.22,Driving,False,-0.004,0.75,-0.003,0.0,False,False,1,,,,NONE,False,Green,30.0
155,10.9881,6.05,375,entity_1,vehicle,vehicle.audi.a2,entity_1,61.009,331.442,-0.0073,0.0,0.0,0.0286,61.009,-331.442,-0.000499,0.0,0.0,0.0,0.0,0.0,0.0,0.0,0.0,0.0,0.0,5,0,-1,51.0,Driving,False,0.875,0.0,0.0,0.0,False,False,0,,,,NONE,False,Green,30.0
155,10.9881,6.05,374,entity_2,pedestrian,walker.pedestrian.0001,entity_2,63.8747,328.3449,0.9515,0.0,0.0,-89.7569,63.8747,-328.3449,1.566553,0.0044,-1.0203,0.0,1.0203,0.0,0.0,0.0,0.0,0.0,0.0,5,0,1,53.86,Driving,False,-1.776,,,,,,,0.0042,-1.0,1.02,,,,
155,10.9881,6.05,373,Vehicle 4,vehicle,vehicle.tesla.model3,hero_3,44.4681,330.5656,0.0016,0.0009,0.0081,-0.3615,44.4681,-330.5656,0.006309,4.8706,-0.0332,-0.0,4.8707,0.1321,0.2622,-0.0,0.0516,0.0364,-0.0407,5,0,-1,34.46,Driving,False,0.007,0.3,0.001,0.0,False,False,1,,,,NONE,False,Green,30.0
155,10.9881,6.05,372,Vehicle 3,vehicle,vehicle.tesla.model3,hero_2,27.3426,330.5338,0.0023,-0.0009,-0.1261,-0.4026,27.3426,-330.5338,0.007027,1.5392,0.0002,0.0004,1.5392,-17.6919,0.0994,0.0042,-0.0138,0.5951,0.0951,5,0,-1,17.33,Driving,False,-0.016,0.75,0.009,0.0,False,False,1,,,,NONE,False,Green,60.0
155,10.9881,6.05,371,Vehicle 2,vehicle,vehicle.tesla.model3,hero_1,60.4984,326.5638,0.0016,0.0025,0.0161,179.9398,60.4984,-326.5638,-3.140542,-4.3806,0.0174,0.0,4.3806,-2.4279,0.1893,-0.0,0.0248,0.0896,-0.4976,5,0,1,50.49,Driving,False,0.003,0.75,-0.006,0.0,False,False,1,,,,NONE,False,Green,30.0
155,10.9881,6.05,370,Vehicle 1,vehicle,vehicle.tesla.model3,hero_0,11.407,330.5359,0.0014,0.0052,0.038,-0.13,11.407,-330.5359,0.002269,3.7007,-0.0352,0.0018,3.7008,2.6896,-0.4495,0.0078,-0.0685,0.0948,-1.1098,5,0,-1,1.4,Driving,False,-0.005,0.75,-0.014,0.0,False,False,1,,,,NONE,False,Green,30.0
156,11.0381,6.1,375,entity_1,vehicle,vehicle.audi.a2,entity_1,61.009,331.442,-0.0073,0.0,0.0,0.0286,61.009,-331.442,-0.000499,0.0,0.0,0.0,0.0,0.0,0.0,0.0,0.0,0.0,0.0,5,0,-1,51.0,Driving,False,0.875,0.0,0.0,0.0,False,False,0,,,,NONE,False,Green,30.0
156,11.0381,6.1,374,entity_2,pedestrian,walker.pedestrian.0001,entity_2,63.8749,328.2939,0.9515,0.0,0.0,-89.7569,63.8749,-328.2939,1.566553,0.0044,-1.0203,0.0,1.0203,0.0,0.0,0.0,0.0,0.0,0.0,5,0,1,53.86,Driving,False,-1.725,,,,,,,0.0042,-1.0,1.02,,,,
156,11.0381,6.1,373,Vehicle 4,vehicle,vehicle.tesla.model3,hero_3,44.7116,330.564,0.0016,-0.0008,0.0063,-0.36,44.7116,-330.564,0.006283,4.8709,-0.0299,0.0,4.871,0.0076,0.0674,0.0001,0.0242,0.034,0.0551,5,0,-1,34.7,Driving,False,0.005,0.3,0.001,0.0,False,False,1,,,,NONE,False,Green,30.0
156,11.0381,6.1,372,Vehicle 3,vehicle,vehicle.tesla.model3,hero_2,27.4077,330.5337,0.0024,-0.0001,-0.1333,-0.3959,27.4077,-330.5337,0.00691,1.3518,-0.0003,0.0004,1.3518,-3.7488,-0.0108,0.0008,-0.0061,-0.2727,-0.1456,5,0,-1,17.4,Driving,False,-0.016,0.75,0.009,0.0,False,False,1,,,,NONE,False,Green,60.0
156,11.0381,6.1,371,Vehicle 2,vehicle,vehicle.tesla.model3,hero_1,60.2756,326.5646,0.0016,0.0033,0.0199,179.9129,60.2756,-326.5646,-3.140072,-4.5039,0.0215,0.0,4.504,-2.4674,0.0827,0.0,0.0106,0.0689,-0.5538,5,0,1,50.26,Driving,False,0.002,0.75,-0.006,0.0,False,False,1,,,,NONE,False,Green,30.0
156,11.0381,6.1,370,Vehicle 1,vehicle,vehicle.tesla.model3,hero_0,11.596,330.5342,0.0015,0.0073,0.0345,-0.1858,11.596,-330.5342,0.003243,3.8342,-0.0441,0.001,3.8344,2.6698,-0.1791,-0.0168,-0.0265,0.0406,-1.1008,5,0,-1,1.59,Driving,False,-0.007,0.75,-0.014,0.0,False,False,1,,,,NONE,False,Green,30.0
157,11.0881,6.15,375,entity_1,vehicle,vehicle.audi.a2,entity_1,61.009,331.442,-0.0073,0.0,0.0,0.0286,61.009,-331.442,-0.000499,0.0,0.0,0.0,0.0,0.0,0.0,0.0,0.0,0.0,0.0,5,0,-1,51.0,Driving,False,0.875,0.0,0.0,0.0,False,False,0,,,,NONE,False,Green,30.0
157,11.0881,6.15,374,entity_2,pedestrian,walker.pedestrian.0001,entity_2,63.8752,328.2429,0.9515,0.0,0.0,-89.7569,63.8752,-328.2429,1.566553,0.0044,-1.0203,0.0,1.0203,0.0,0.0,0.0,0.0,0.0,0.0,5,0,1,53.86,Driving,False,-1.674,,,,,,,0.0042,-1.0,1.02,,,,
157,11.0881,6.15,373,Vehicle 4,vehicle,vehicle.tesla.model3,hero_3,44.9551,330.5625,0.0017,-0.0014,0.0047,-0.3567,44.9551,-330.5625,0.006226,4.8679,-0.0287,0.0,4.8679,-0.0618,0.0237,0.0,0.0063,0.0305,0.0713,5,0,-1,34.95,Driving,False,0.004,0.3,0.001,0.0,False,False,1,,,,NONE,False,Green,30.0
157,11.0881,6.15,372,Vehicle 3,vehicle,vehicle.tesla.model3,hero_2,27.4782,330.5335,0.0023,0.0003,-0.1091,-0.3634,27.4782,-330.5335,0.006343,1.4405,-0.0005,0.0004,1.4405,1.7737,-0.004,-0.0007,-0.0108,-0.5438,0.7675,5,0,-1,17.47,Driving,False,-0.016,0.75,0.009,0.0,False,False,1,,,,NONE,False,Green,60.0
157,11.0881,6.15,371,Vehicle 2,vehicle,vehicle.tesla.model3,hero_1,60.0467,326.5656,0.0015,0.0036,0.0228,179.8845,60.0467,-326.5656,-3.139577,-4.6267,0.0247,-0.0,4.6268,-2.4557,0.0637,-0.0001,0.0021,0.0516,-0.5746,5,0,1,50.04,Driving,False,0.001,0.75,-0.006,0.0,False,False,1,,,,NONE,False,Green,30.0
157,11.0881,6.15,370,Vehicle 1,vehicle,vehicle.tesla.model3,hero_0,11.7917,330.5321,0.0015,0.0079,0.0335,-0.2466,11.7917,-330.5321,0.004304,3.9666,-0.0506,0.0003,3.9669,2.6484,-0.1305,-0.0134,-0.0032,0.0118,-1.2816,5,0,-1,1.78,Driving,False,-0.009,0.75,-0.014,0.0,False,False,1,,,,NONE,False,Green,30.0
158,11.1381,6.2,375,entity_1,vehicle,vehicle.audi.a2,entity_1,61.009,331.442,-0.0073,0.0,0.0,0.0286,61.009,-331.442,-0.000499,0.0,0.0,0.0,0.0,0.0,0.0,0.0,0.0,0.0,0.0,5,0,-1,51.0,Driving,False,0.875,0.0,0.0,0.0,False,False,0,,,,NONE,False,Green,30.0
158,11.1381,6.2,374,entity_2,pedestrian,walker.pedestrian.0001,entity_2,63.8754,328.1918,0.9515,0.0,0.0,-89.7569,63.8754,-328.1918,1.566553,0.0044,-1.0203,0.0,1.0203,0.0,0.0,0.0,0.0,0.0,0.0,5,0,1,53.87,Driving,False,-1.623,,,,,,,0.0042,-1.0,1.02,,,,
158,11.1381,6.2,373,Vehicle 4,vehicle,vehicle.tesla.model3,hero_3,45.1983,330.5612,0.0017,-0.0015,0.0033,-0.353,45.1983,-330.5612,0.006161,4.8628,-0.0281,0.0,4.8629,-0.1003,0.0123,0.0,-0.0012,0.026,0.0738,5,0,-1,35.19,Driving,False,0.002,0.3,0.001,0.0,False,False,1,,,,NONE,False,Green,30.0
158,11.1381,6.2,372,Vehicle 3,vehicle,vehicle.tesla.model3,hero_2,27.5555,330.5334,0.0021,0.0002,-0.0787,-0.3319,27.5555,-330.5334,0.005793,1.6198,0.0004,0.0003,1.6198,3.5871,0.0187,-0.0012,0.0025,-0.6414,0.4256,5,0,-1,17.55,Driving,False,-0.016,0.75,0.009,0.0,False,False,1,,,,NONE,False,Green,60.0
158,11.1381,6.2,371,Vehicle 2,vehicle,vehicle.tesla.model3,hero_1,59.8117,326.5668,0.0015,0.0036,0.025,179.8553,59.8117,-326.5668,-3.139067,-4.7493,0.0278,-0.0,4.7494,-2.4524,0.0616,-0.0,-0.0009,0.0383,-0.5894,5,0,1,49.8,Driving,False,-0.0,0.75,-0.006,0.0,False,False,1,,,,NONE,False,Green,30.0
158,11.1381,6.2,370,Vehicle 1,vehicle,vehicle.tesla.model3,hero_0,11.9939,330.5297,0.0015,0.0078,0.0332,-0.3083,11.9939,-330.5297,0.005381,4.0974,-0.0569,0.0,4.0978,2.6168,-0.1247,-0.0063,0.0048,0.0034,-1.1968,5,0,-1,1.98,Driving,False,-0.011,0.75,-0.014,0.0,False,False,1,,,,NONE,False,Green,30.0
159,11.1881,6.25,375,entity_1,vehicle,vehicle.audi.a2,entity_1,61.009,331.442,-0.0073,0.0,0.0,0.0286,61.009,-331.442,-0.000499,0.0,0.0,0.0,0.0,0.0,0.0,0.0,0.0,0.0,0.0,5,0,-1,51.0,Driving,False,0.875,0.0,0.0,0.0,False,False,0,,,,NONE,False,Green,30.0
159,11.1881,6.25,374,entity_2,pedestrian,walker.pedestrian.0001,entity_2,63.8756,328.1408,0.9515,0.0,0.0,-89.7569,63.8756,-328.1408,1.566553,0.0044,-1.0203,0.0,1.0203,0.0,0.0,0.0,0.0,0.0,0.0,5,0,1,53.87,Driving,False,-1.572,,,,,,,0.0042,-1.0,1.02,,,,
159,11.1881,6.25,373,Vehicle 4,vehicle,vehicle.tesla.model3,hero_3,45.4413,330.56,0.0017,-0.0028,0.0021,-0.3361,45.4413,-330.56,0.005866,4.8568,-0.0177,0.0,4.8568,-0.1212,0.2068,-0.0,0.0273,0.0211,0.4343,5,0,-1,35.43,Driving,False,0.001,0.3,0.005,0.0,False,False,1,,,,NONE,False,Green,30.0
159,11.1881,6.25,372,Vehicle 3,vehicle,vehicle.tesla.model3,hero_2,27.6392,330.5331,0.002,0.0006,-0.0524,-0.3195,27.6392,-330.5331,0.005576,1.7043,-0.0033,0.0002,1.7043,1.6887,-0.0739,-0.0013,-0.0094,-0.4464,0.1971,5,0,-1,17.63,Driving,False,-0.016,0.75,0.005,0.0,False,False,1,,,,NONE,False,Green,60.0
159,11.1881,6.25,371,Vehicle 2,vehicle,vehicle.tesla.model3,hero_1,59.5708,326.5673,0.0015,-0.0008,0.0263,179.8644,59.5708,-326.5673,-3.139226,-4.8566,0.0017,-0.0,4.8566,-2.1457,-0.5211,0.0001,-0.0924,0.0114,0.4611,5,0,1,49.56,Driving,False,-0.001,0.292,0.007,0.0,False,False,1,,,,NONE,False,Green,30.0
159,11.1881,6.25,370,Vehicle 1,vehicle,vehicle.tesla.model3,hero_0,12.2027,330.5277,0.0015,0.0043,0.0331,-0.3443,12.2027,-330.5277,0.006009,4.2267,-0.0416,-0.0001,4.2269,2.5849,0.3048,-0.0024,0.0718,0.0017,-0.5859,5,0,-1,2.19,Driving,False,-0.013,0.75,-0.004,0.0,False,False,1,,,,NONE,False,Green,30.0
160,11.2381,6.3,375,entity_1,vehicle,vehicle.audi.a2,entity_1,61.009,331.442,-0.0073,0.0,0.0,0.0286,61.009,-331.442,-0.000499,0.0,0.0,0.0,0.0,0.0,0.0,0.0,0.0,0.0,0.0,5,0,-1,51.0,Driving,False,0.875,0.0,0.0,0.0,False,False,0,,,,NONE,False,Green,30.0
160,11.2381,6.3,374,entity_2,pedestrian,walker.pedestrian.0001,entity_2,63.8758,328.0898,0.9515,0.0,0.0,-89.7569,63.8758,-328.0898,1.566553,0.0044,-1.0203,0.0,1.0203,0.0,0.0,0.0,0.0,0.0,0.0,5,0,1,53.87,Driving,False,-1.521,,,,,,,0.0042,-1.0,1.02,,,,
160,11.2381,6.3,373,Vehicle 4,vehicle,vehicle.tesla.model3,hero_3,45.6839,330.5591,0.0017,-0.0036,0.0012,-0.3122,45.6839,-330.5591,0.005449,4.8502,-0.0136,0.0,4.8502,-0.1325,0.0822,-0.0,0.0101,0.0169,0.4936,5,0,-1,35.67,Driving,False,0.0,0.3,0.005,0.0,False,False,1,,,,NONE,False,Green,30.0
160,11.2381,6.3,372,Vehicle 3,vehicle,vehicle.tesla.model3,hero_2,27.7305,330.5328,0.0018,0.0006,-0.0301,-0.3088,27.7305,-330.5328,0.00539,1.8995,-0.0039,0.0002,1.8995,3.9045,-0.012,-0.0012,0.0003,-0.4433,0.2178,5,0,-1,17.72,Driving,False,-0.017,0.75,0.005,0.0,False,False,1,,,,NONE,False,Green,60.0
160,11.2381,6.3,371,Vehicle 2,vehicle,vehicle.tesla.model3,hero_1,59.326,326.5672,0.0015,-0.004,0.0254,179.8942,59.326,-326.5672,-3.139746,-4.918,-0.0068,-0.0,4.918,-1.2269,-0.17,0.0,-0.0443,-0.0364,0.6453,5,0,1,49.31,Driving,False,-0.001,0.292,0.007,0.0,False,False,1,,,,NONE,False,Green,30.0
160,11.2381,6.3,370,Vehicle 1,vehicle,vehicle.tesla.model3,hero_0,12.4179,330.5259,0.0015,0.0018,0.033,-0.3662,12.4179,-330.5259,0.006391,4.3541,-0.0404,-0.0002,4.3543,2.5489,0.0246,-0.0007,0.0337,0.0025,-0.3839,5,0,-1,2.41,Driving,False,-0.015,0.75,-0.004,0.0,False,False,1,,,,NONE,False,Green,30.0
161,11.2881,6.35,375,entity_1,vehicle,vehicle.audi.a2,entity_1,61.009,331.442,-0.0073,0.0,0.0,0.0286,61.009,-331.442,-0.000499,0.0,0.0,0.0,0.0,0.0,0.0,0.0,0.0,0.0,0.0,5,0,-1,51.0,Driving,False,0.875,0.0,0.0,0.0,False,False,0,,,,NONE,False,Green,30.0
161,11.2881,6.35,374,entity_2,pedestrian,walker.pedestrian.0001,entity_2,63.876,328.0388,0.9515,0.0,0.0,-89.7579,63.876,-328.0388,1.566571,0.0044,-1.0203,0.0,1.0203,0.0,0.0,0.0,0.0,0.0,0.0,5,0,1,53.87,Driving,False,-1.47,,,,,,,0.0042,-1.0,1.02,,,,
161,11.2881,6.35,373,Vehicle 4,vehicle,vehicle.tesla.model3,hero_3,45.9262,330.5584,0.0017,-0.0038,0.0005,-0.2871,45.9262,-330.5584,0.005011,4.8432,-0.0109,0.0,4.8433,-0.1382,0.0539,0.0,-0.0002,0.0132,0.5033,5,0,-1,35.92,Driving,False,-0.001,0.3,0.005,0.0,False,False,1,,,,NONE,False,Green,30.0
161,11.2881,6.35,372,Vehicle 3,vehicle,vehicle.tesla.model3,hero_2,27.8282,330.5326,0.0017,0.0004,-0.0138,-0.2977,27.8282,-330.5326,0.005196,1.9879,-0.0038,0.0001,1.9879,1.7688,0.0014,-0.001,0.0029,-0.2515,0.2257,5,0,-1,17.82,Driving,False,-0.017,0.75,0.005,0.0,False,False,1,,,,NONE,False,Green,60.0
161,11.2881,6.35,371,Vehicle 2,vehicle,vehicle.tesla.model3,hero_1,59.0791,326.5669,0.0015,-0.0052,0.0225,179.9277,59.0791,-326.5669,-3.140331,-4.9481,-0.0113,-0.0,4.9481,-0.6024,-0.0911,-0.0,-0.0121,-0.0677,0.6791,5,0,1,49.07,Driving,False,-0.001,0.292,0.007,0.0,False,False,1,,,,NONE,False,Green,30.0
161,11.2881,6.35,370,Vehicle 1,vehicle,vehicle.tesla.model3,hero_0,12.6393,330.524,0.0015,0.001,0.0328,-0.3874,12.6393,-330.524,0.006761,4.48,-0.0421,-0.0001,4.4802,2.5178,-0.0333,0.0002,0.0093,0.0037,-0.4328,5,0,-1,2.63,Driving,False,-0.017,0.75,-0.004,0.0,False,False,1,,,,NONE,False,Green,30.0
162,11.3381,6.4,375,entity_1,vehicle,vehicle.audi.a2,entity_1,61.009,331.442,-0.0073,0.0,0.0,0.0286,61.009,-331.442,-0.000499,0.0,0.0,0.0,0.0,0.0,0.0,0.0,0.0,0.0,0.0,5,0,-1,51.0,Driving,False,0.875,0.0,0.0,0.0,False,False,0,,,,NONE,False,Green,30.0
162,11.3381,6.4,374,entity_2,pedestrian,walker.pedestrian.0001,entity_2,63.8763,327.9878,0.9515,0.0,0.0,-89.7579,63.8763,-327.9878,1.566571,0.0044,-1.0203,0.0,1.0203,0.0,0.0,0.0,0.0,0.0,0.0,5,0,1,53.87,Driving,False,-1.419,,,,,,,0.0042,-1.0,1.02,,,,
162,11.3381,6.4,373,Vehicle 4,vehicle,vehicle.tesla.model3,hero_3,46.1682,330.5578,0.0017,-0.0036,-0.0001,-0.2619,46.1682,-330.5578,0.004571,4.8362,-0.0086,0.0,4.8362,-0.1406,0.0464,-0.0,-0.0042,0.01,0.504,5,0,-1,36.16,Driving,False,-0.002,0.3,0.005,0.0,False,False,1,,,,NONE,False,Green,30.0
162,11.3381,6.4,372,Vehicle 3,vehicle,vehicle.tesla.model3,hero_2,27.9334,330.5323,0.0017,0.0001,-0.0007,-0.2858,27.9334,-330.5323,0.004988,2.1771,-0.0038,0.0001,2.1771,3.7827,0.0008,-0.0007,0.0047,-0.2694,0.2464,5,0,-1,17.92,Driving,False,-0.017,0.75,0.005,0.0,False,False,1,,,,NONE,False,Green,60.0
162,11.3381,6.4,371,Vehicle 2,vehicle,vehicle.tesla.model3,hero_1,58.8313,326.5664,0.0016,-0.0053,0.0187,179.9618,58.8313,-326.5664,-3.140926,-4.9605,-0.0148,0.0,4.9605,-0.2473,-0.0699,0.0001,0.0017,-0.0789,0.6857,5,0,1,48.82,Driving,False,-0.0,0.292,0.007,0.0,False,False,1,,,,NONE,False,Green,30.0
162,11.3381,6.4,370,Vehicle 1,vehicle,vehicle.tesla.model3,hero_0,12.8671,330.5219,0.0015,0.0009,0.0326,-0.4086,12.8671,-330.5219,0.007131,4.6046,-0.0445,-0.0001,4.6048,2.4928,-0.0493,0.0005,-0.001,0.0045,-0.427,5,0,-1,2.86,Driving,False,-0.02,0.75,-0.004,0.0,False,False,1,,,,NONE,False,Green,30.0
163,11.3881,6.45,375,entity_1,vehicle,vehicle.audi.a2,entity_1,61.009,331.442,-0.0073,0.0,0.0,0.0286,61.009,-331.442,-0.000499,0.0,0.0,0.0,0.0,0.0,0.0,0.0,0.0,0.0,0.0,5,0,-1,51.0,Driving,False,0.875,0.0,0.0,0.0,False,False,0,,,,NONE,False,Green,30.0
163,11.3881,6.45,374,entity_2,pedestrian,walker.pedestrian.0001,entity_2,63.8765,327.9367,0.9515,0.0,0.0,-89.7579,63.8765,-327.9367,1.566571,0.0044,-1.0203,0.0,1.0203,0.0,0.0,0.0,0.0,0.0,0.0,5,0,1,53.87,Driving,False,-1.368,,,,,,,0.0042,-1.0,1.02,,,,
163,11.3881,6.45,373,Vehicle 4,vehicle,vehicle.tesla.model3,hero_3,46.4081,330.5574,0.0017,-0.0038,-0.0023,-0.2324,46.4081,-330.5574,0.004056,4.7564,-0.003,0.0,4.7564,-1.5965,0.1126,0.0,0.0048,0.0827,0.6182,5,0,-1,36.4,Driving,False,-0.002,0.0,0.006,0.7,False,False,1,,,,NONE,False,Green,30.0
163,11.3881,6.45,372,Vehicle 3,vehicle,vehicle.tesla.model3,hero_2,28.045,330.5321,0.0016,-0.0002,0.0082,-0.2724,28.045,-330.5321,0.004754,2.2691,-0.0029,0.0001,2.2691,1.8409,0.0172,-0.0006,0.0052,-0.1235,0.2762,5,0,-1,18.04,Driving,False,-0.018,0.75,0.005,0.0,False,False,1,,,,NONE,False,Green,60.0
163,11.3881,6.45,371,Vehicle 2,vehicle,vehicle.tesla.model3,hero_1,58.5849,326.5654,0.0016,-0.0069,0.013,-179.9865,58.5849,-326.5654,3.141357,-4.8901,-0.0307,-0.0,4.8902,1.4065,-0.3176,-0.0,-0.0325,-0.1517,1.1514,5,0,1,48.57,Driving,False,0.001,0.0,0.012,0.7,False,False,1,,,,NONE,False,Green,30.0
163,11.3881,6.45,370,Vehicle 1,vehicle,vehicle.tesla.model3,hero_0,13.1007,330.5209,0.0015,-0.0049,0.032,-0.3771,13.1007,-330.5209,0.006582,4.7131,-0.0073,-0.0001,4.7131,2.1686,0.7439,0.0005,0.1195,0.0212,1.0122,5,0,-1,3.09,Driving,False,-0.021,0.21,0.013,0.0,False,False,1,,,,NONE,False,Green,30.0
164,11.4381,6.5,375,entity_1,vehicle,vehicle.audi.a2,entity_1,61.009,331.442,-0.0073,0.0,0.0,0.0286,61.009,-331.442,-0.000499,0.0,0.0,0.0,0.0,0.0,0.0,0.0,0.0,0.0,0.0,5,0,-1,51.0,Driving,False,0.875,0.0,0.0,0.0,False,False,0,,,,NONE,False,Green,30.0
164,11.4381,6.5,374,entity_2,pedestrian,walker.pedestrian.0001,entity_2,63.8767,327.8857,0.9515,0.0,0.0,-89.7579,63.8767,-327.8857,1.566571,0.0044,-1.0203,0.0,1.0203,0.0,0.0,0.0,0.0,0.0,0.0,5,0,1,53.87,Driving,False,-1.317,,,,,,,0.0042,-1.0,1.02,,,,
164,11.4381,6.5,373,Vehicle 4,vehicle,vehicle.tesla.model3,hero_3,46.64,330.5572,0.0017,-0.0038,-0.01,-0.2015,46.64,-330.5572,0.003517,4.5433,0.0004,0.0,4.5433,-4.261,0.0672,-0.0,-0.0023,0.1988,0.6113,5,0,-1,36.63,Driving,False,-0.002,0.0,0.006,0.7,False,False,1,,,,NONE,False,Green,30.0
164,11.4381,6.5,372,Vehicle 3,vehicle,vehicle.tesla.model3,hero_2,28.164,330.5317,0.0016,-0.0005,0.0156,-0.2579,28.164,-330.5317,0.004501,2.4513,-0.0025,0.0,2.4513,3.6435,0.0088,-0.0004,0.0046,-0.1624,0.2986,5,0,-1,18.16,Driving,False,-0.018,0.75,0.005,0.0,False,False,1,,,,NONE,False,Green,60.0
164,11.4381,6.5,371,Vehicle 2,vehicle,vehicle.tesla.model3,hero_1,58.3462,326.564,0.0017,-0.0078,0.0021,-179.9272,58.3462,-326.564,3.140322,-4.6818,-0.0371,0.0,4.6819,4.1668,-0.1276,0.0,-0.0055,-0.2602,1.1846,5,0,1,48.34,Driving,False,0.002,0.0,0.012,0.7,False,False,1,,,,NONE,False,Green,30.0
164,11.4381,6.5,370,Vehicle 1,vehicle,vehicle.tesla.model3,hero_0,13.3382,330.5206,0.0015,-0.0088,0.0295,-0.3175,13.3382,-330.5206,0.005541,4.7694,0.0055,-0.0001,4.7694,1.1258,0.2576,0.0004,0.0524,0.0672,1.2568,5,0,-1,3.33,Driving,False,-0.021,0.21,0.013,0.0,False,False,1,,,,NONE,False,Green,30.0
165,11.4881,6.55,375,entity_1,vehicle,vehicle.audi.a2,entity_1,61.009,331.442,-0.0073,0.0,0.0,0.0286,61.009,-331.442,-0.000499,0.0,0.0,0.0,0.0,0.0,0.0,0.0,0.0,0.0,0.0,5,0,-1,51.0,Driving,False,0.875,0.0,0.0,0.0,False,False,0,,,,NONE,False,Green,30.0
165,11.4881,6.55,374,entity_2,pedestrian,walker.pedestrian.0001,entity_2,63.8769,327.8347,0.9515,0.0,0.0,-89.7579,63.8769,-327.8347,1.566571,0.0044,-1.0203,0.0,1.0203,0.0,0.0,0.0,0.0,0.0,0.0,5,0,1,53.87,Driving,False,-1.266,,,,,,,0.0042,-1.0,1.02,,,,
165,11.4881,6.55,373,Vehicle 4,vehicle,vehicle.tesla.model3,hero_3,46.858,330.5571,0.0018,-0.0035,-0.0223,-0.1719,46.858,-330.5571,0.003,4.2383,0.0029,-0.0,4.2383,-6.1001,0.0513,-0.0,-0.007,0.2635,0.5758,5,0,-1,36.85,Driving,False,-0.003,0.0,0.006,0.7,False,False,1,,,,NONE,False,Green,30.0
165,11.4881,6.55,372,Vehicle 3,vehicle,vehicle.tesla.model3,hero_2,28.2895,330.5315,0.0016,-0.0007,0.0203,-0.2426,28.2895,-330.5315,0.004234,2.5475,-0.0019,0.0,2.5475,1.9247,0.0109,-0.0002,0.0025,-0.0529,0.3106,5,0,-1,18.28,Driving,False,-0.018,0.75,0.005,0.0,False,False,1,,,,NONE,False,Green,60.0
165,11.4881,6.55,371,Vehicle 2,vehicle,vehicle.tesla.model3,hero_1,58.1212,326.5624,0.0018,-0.0075,-0.013,-179.8697,58.1212,-326.5624,3.139318,-4.3787,-0.0402,-0.0,4.3789,6.0609,-0.0632,-0.0001,0.012,-0.3149,1.1263,5,0,1,48.11,Driving,False,0.003,0.0,0.012,0.7,False,False,1,,,,NONE,False,Green,30.0
165,11.4881,6.55,370,Vehicle 1,vehicle,vehicle.tesla.model3,hero_0,13.5773,330.5207,0.0015,-0.01,0.0251,-0.2531,13.5773,-330.5207,0.004417,4.7875,0.0131,-0.0,4.7876,0.3639,0.1508,0.0005,0.0091,0.0984,1.2983,5,0,-1,3.57,Driving,False,-0.021,0.21,0.013,0.0,False,False,1,,,,NONE,False,Green,30.0
166,11.5381,6.6,375,entity_1,vehicle,vehicle.audi.a2,entity_1,61.009,331.442,-0.0073,0.0,0.0,0.0286,61.009,-331.442,-0.000499,0.0,0.0,0.0,0.0,0.0,0.0,0.0,0.0,0.0,0.0,5,0,-1,51.0,Driving,False,0.875,0.0,0.0,0.0,False,False,0,,,,NONE,False,Green,30.0
166,11.5381,6.6,374,entity_2,pedestrian,walker.pedestrian.0001,entity_2,63.8771,327.7837,0.9515,0.0,0.0,-89.7579,63.8771,-327.7837,1.566571,0.0044,-1.0203,0.0,1.0203,0.0,0.0,0.0,0.0,0.0,0.0,5,0,1,53.87,Driving,False,-1.215,,,,,,,0.0042,-1.0,1.02,,,,
166,11.5381,6.6,373,Vehicle 4,vehicle,vehicle.tesla.model3,hero_3,47.0604,330.5571,0.0019,-0.0031,-0.0351,-0.1443,47.0604,-330.5571,0.002519,3.924,0.005,-0.0,3.924,-6.2871,0.0403,-0.0,-0.0085,0.2424,0.5367,5,0,-1,37.05,Driving,False,-0.003,0.0,0.006,0.7,False,False,1,,,,NONE,False,Green,30.0
166,11.5381,6.6,372,Vehicle 3,vehicle,vehicle.tesla.model3,hero_2,28.4222,330.5314,0.0015,-0.0008,0.0244,-0.2265,28.4222,-330.5314,0.003953,2.7216,-0.0013,0.0,2.7216,3.4826,0.0122,-0.0002,0.003,-0.099,0.3281,5,0,-1,18.41,Driving,False,-0.018,0.75,0.005,0.0,False,False,1,,,,NONE,False,Green,60.0
166,11.5381,6.6,371,Vehicle 2,vehicle,vehicle.tesla.model3,hero_1,57.9118,326.5607,0.0018,-0.0067,-0.028,-179.8155,57.9118,-326.5607,3.138373,-4.0645,-0.042,0.0,4.0647,6.2851,-0.035,0.0001,0.0185,-0.284,1.0537,5,0,1,47.9,Driving,False,0.005,0.0,0.012,0.7,False,False,1,,,,NONE,False,Green,30.0
166,11.5381,6.6,370,Vehicle 1,vehicle,vehicle.tesla.model3,hero_0,13.8166,330.5212,0.0016,-0.0098,0.0199,-0.188,13.8166,-330.5212,0.003281,4.7844,0.0192,-0.0,4.7845,-0.0626,0.122,0.0002,-0.0086,0.1072,1.3034,5,0,-1,3.81,Driving,False,-0.021,0.21,0.013,0.0,False,False,1,,,,NONE,False,Green,30.0
167,11.5881,6.65,375,entity_1,vehicle,vehicle.audi.a2,entity_1,61.009,331.442,-0.0073,0.0,0.0,0.0286,61.009,-331.442,-0.000499,0.0,0.0,0.0,0.0,0.0,0.0,0.0,0.0,0.0,0.0,5,0,-1,51.0,Driving,False,0.875,0.0,0.0,0.0,False,False,0,,,,NONE,False,Green,30.0
167,11.5881,6.65,374,entity_2,pedestrian,walker.pedestrian.0001,entity_2,63.8774,327.7327,0.9515,0.0,0.0,-89.7579,63.8774,-327.7327,1.566571,0.0044,-1.0203,0.0,1.0203,0.0,0.0,0.0,0.0,0.0,0.0,5,0,1,53.87,Driving,False,-1.164,,,,,,,0.0042,-1.0,1.02,,,,
167,11.5881,6.65,373,Vehicle 4,vehicle,vehicle.tesla.model3,hero_3,47.2496,330.5572,0.0019,-0.0022,-0.0431,-0.1225,47.2496,-330.5572,0.002138,3.7187,0.0036,-0.0,3.7187,-4.106,-0.0276,-0.0,-0.0166,0.0852,0.4059,5,0,-1,37.24,Driving,False,-0.003,0.3,0.005,0.0,False,False,1,,,,NONE,False,Green,30.0
167,11.5881,6.65,372,Vehicle 3,vehicle,vehicle.tesla.model3,hero_2,28.5613,330.5313,0.0015,-0.0008,0.0268,-0.2112,28.5613,-330.5313,0.003686,2.8242,-0.0018,0.0,2.8242,2.0512,-0.0093,-0.0001,-0.0018,-0.0189,0.3125,5,0,-1,18.55,Driving,False,-0.019,0.75,0.005,0.0,False,False,1,,,,NONE,False,Green,60.0
167,11.5881,6.65,371,Vehicle 2,vehicle,vehicle.tesla.model3,hero_1,57.7156,326.5599,0.0019,-0.0001,-0.0379,-179.8166,57.7156,-326.5599,3.138392,-3.8582,-0.0054,-0.0,3.8582,4.1264,0.7321,-0.0001,0.1336,-0.1169,-0.391,5,0,1,47.7,Driving,False,0.006,0.75,-0.007,0.0,False,False,1,,,,NONE,False,Green,30.0
167,11.5881,6.65,370,Vehicle 1,vehicle,vehicle.tesla.model3,hero_0,14.0538,330.5215,0.0016,-0.007,0.0129,-0.1427,14.0538,-330.5215,0.002491,4.6989,0.0101,-0.0,4.6989,-1.7097,-0.1813,0.0002,-0.0597,0.1737,0.7614,5,0,-1,4.04,Driving,False,-0.021,0.0,0.007,1.0,False,False,1,,,,NONE,False,Green,30.0
168,11.6381,6.7,375,entity_1,vehicle,vehicle.audi.a2,entity_1,61.009,331.442,-0.0073,0.0,0.0,0.0286,61.009,-331.442,-0.000499,0.0,0.0,0.0,0.0,0.0,0.0,0.0,0.0,0.0,0.0,5,0,-1,51.0,Driving,False,0.875,0.0,0.0,0.0,False,False,0,,,,NONE,False,Green,30.0
168,11.6381,6.7,374,entity_2,pedestrian,walker.pedestrian.0001,entity_2,63.8776,327.6817,0.9515,0.0,0.0,-89.7579,63.8776,-327.6817,1.566571,0.0044,-1.0203,0.0,1.0203,0.0,0.0,0.0,0.0,0.0,0.0,5,0,1,53.87,Driving,False,-1.113,,,,,,,0.0042,-1.0,1.02,,,,
168,11.6381,6.7,373,Vehicle 4,vehicle,vehicle.tesla.model3,hero_3,47.4342,330.5573,0.0019,-0.0016,-0.0412,-0.103,47.4342,-330.5573,0.001798,3.6816,0.0043,-0.0,3.6816,-0.7412,0.0149,0.0,-0.0078,-0.0988,0.3876,5,0,-1,37.43,Driving,False,-0.003,0.3,0.005,0.0,False,False,1,,,,NONE,False,Green,30.0
168,11.6381,6.7,372,Vehicle 3,vehicle,vehicle.tesla.model3,hero_2,28.7072,330.5312,0.0015,-0.0008,0.0287,-0.1973,28.7072,-330.5312,0.003444,2.9734,-0.0012,0.0,2.9734,2.9831,0.0117,-0.0001,0.0009,-0.0414,0.0887,5,0,-1,18.7,Driving,False,-0.019,0.75,0.005,0.0,False,False,1,,,,NONE,False,Green,60.0
168,11.6381,6.7,371,Vehicle 2,vehicle,vehicle.tesla.model3,hero_1,57.524,326.5599,0.0019,0.0042,-0.0372,-179.8429,57.524,-326.5599,3.138851,-3.8277,0.0036,-0.0,3.8277,0.6091,0.1803,0.0,0.0552,0.0825,-0.5709,5,0,1,47.51,Driving,False,0.006,0.75,-0.007,0.0,False,False,1,,,,NONE,False,Green,30.0
168,11.6381,6.7,370,Vehicle 1,vehicle,vehicle.tesla.model3,hero_0,14.2827,330.5218,0.0017,-0.0047,0.0013,-0.1086,14.2827,-330.5218,0.001895,4.4823,0.0097,-0.0,4.4823,-4.3323,-0.0084,0.0001,-0.0365,0.271,0.6445,5,0,-1,4.27,Driving,False,-0.021,0.0,0.007,1.0,False,False,1,,,,NONE,False,Green,30.0
169,11.6881,6.75,375,entity_1,vehicle,vehicle.audi.a2,entity_1,61.009,331.442,-0.0073,0.0,0.0,0.0286,61.009,-331.442,-0.000499,0.0,0.0,0.0,0.0,0.0,0.0,0.0,0.0,0.0,0.0,5,0,-1,51.0,Driving,False,0.875,0.0,0.0,0.0,False,False,0,,,,NONE,False,Green,30.0
169,11.6881,6.75,374,entity_2,pedestrian,walker.pedestrian.0001,entity_2,63.8778,327.6307,0.9515,0.0,0.0,-89.7579,63.8778,-327.6307,1.566571,0.0044,-1.0199,0.0,1.0199,0.0,0.0078,0.0,0.0,0.0,0.0,5,0,1,53.87,Driving,False,-1.062,,,,,,,0.0042,-1.0,1.02,,,,
169,11.6881,6.75,373,Vehicle 4,vehicle,vehicle.tesla.model3,hero_3,47.6177,330.5573,0.0019,-0.0014,-0.0347,-0.0839,47.6177,-330.5573,0.001464,3.6625,0.0053,-0.0,3.6625,-0.3829,0.0191,0.0,-0.004,-0.1389,0.3801,5,0,-1,37.61,Driving,False,-0.003,0.3,0.005,0.0,False,False,1,,,,NONE,False,Green,30.0
169,11.6881,6.75,372,Vehicle 3,vehicle,vehicle.tesla.model3,hero_2,28.8589,330.5311,0.0015,-0.0009,0.0293,-0.1757,28.8589,-330.5311,0.003067,3.0759,-0.0005,0.0,3.0759,2.0509,0.0151,-0.0001,0.0024,0.0036,0.6327,5,0,-1,18.85,Driving,False,-0.019,0.75,0.005,0.0,False,False,1,,,,NONE,False,Green,60.0
169,11.6881,6.75,371,Vehicle 2,vehicle,vehicle.tesla.model3,hero_1,57.3321,326.56,0.0019,0.0055,-0.0306,-179.8723,57.3321,-326.56,3.139364,-3.8471,0.0072,0.0,3.8471,-0.387,0.0724,0.0001,0.0098,0.1585,-0.5939,5,0,1,47.32,Driving,False,0.005,0.75,-0.007,0.0,False,False,1,,,,NONE,False,Green,30.0
169,11.6881,6.75,370,Vehicle 1,vehicle,vehicle.tesla.model3,hero_0,14.4971,330.5222,0.0018,-0.0033,-0.0148,-0.0782,14.4971,-330.5222,0.001365,4.1472,0.0107,-0.0,4.1472,-6.7022,0.0196,0.0002,-0.0207,0.3503,0.585,5,0,-1,4.49,Driving,False,-0.02,0.0,0.007,1.0,False,False,1,,,,NONE,False,Green,30.0
170,11.7381,6.8,375,entity_1,vehicle,vehicle.audi.a2,entity_1,61.009,331.442,-0.0073,0.0,0.0,0.0286,61.009,-331.442,-0.000499,0.0,0.0,0.0,0.0,0.0,0.0,0.0,0.0,0.0,0.0,5,0,-1,51.0,Driving,False,0.875,0.0,0.0,0.0,False,False,0,,,,NONE,False,Green,30.0
170,11.7381,6.8,374,entity_2,pedestrian,walker.pedestrian.0001,entity_2,63.878,327.5797,0.9515,0.0,0.0,-89.7579,63.878,-327.5797,1.566571,0.0044,-1.0199,0.0,1.0199,0.0,0.0,0.0,0.0,0.0,0.0,5,0,1,53.87,Driving,False,-1.011,,,,,,,0.0042,-1.0,1.02,,,,
170,11.7381,6.8,373,Vehicle 4,vehicle,vehicle.tesla.model3,hero_3,47.8008,330.5576,0.0018,-0.0013,-0.0276,-0.0648,47.8008,-330.5576,0.001131,3.659,0.0065,-0.0,3.659,-0.0693,0.0252,0.0,-0.0008,-0.1426,0.3838,5,0,-1,37.79,Driving,False,-0.003,0.3,0.005,0.0,False,False,1,,,,NONE,False,Green,30.0
170,11.7381,6.8,372,Vehicle 3,vehicle,vehicle.tesla.model3,hero_2,29.0171,330.531,0.0015,-0.001,0.0301,-0.1587,29.0171,-330.531,0.00277,3.2217,0.0006,0.0,3.2217,2.9153,0.0211,-0.0001,0.0026,-0.029,0.1587,5,0,-1,19.01,Driving,False,-0.019,0.75,0.005,0.0,False,False,1,,,,NONE,False,Green,60.0
170,11.7381,6.8,371,Vehicle 2,vehicle,vehicle.tesla.model3,hero_1,57.1378,326.5603,0.0018,0.0055,-0.0214,-179.9025,57.1378,-326.5603,3.139891,-3.9148,0.0101,-0.0,3.9148,-1.355,0.0564,-0.0001,-0.0054,0.1939,-0.6116,5,0,1,47.13,Driving,False,0.005,0.75,-0.007,0.0,False,False,1,,,,NONE,False,Green,30.0
170,11.7381,6.8,370,Vehicle 1,vehicle,vehicle.tesla.model3,hero_0,14.6918,330.5226,0.0019,-0.0025,-0.0334,-0.0507,14.6918,-330.5226,0.000885,3.7286,0.0115,-0.0,3.7286,-8.3731,0.0163,0.0001,-0.0137,0.3733,0.5271,5,0,-1,4.68,Driving,False,-0.02,0.0,0.007,1.0,False,False,1,,,,NONE,False,Green,30.0
171,11.7881,6.85,375,entity_1,vehicle,vehicle.audi.a2,entity_1,61.009,331.442,-0.0073,0.0,0.0,0.0286,61.009,-331.442,-0.000499,0.0,0.0,0.0,0.0,0.0,0.0,0.0,0.0,0.0,0.0,5,0,-1,51.0,Driving,False,0.875,0.0,0.0,0.0,False,False,0,,,,NONE,False,Green,30.0
171,11.7881,6.85,374,entity_2,pedestrian,walker.pedestrian.0001,entity_2,63.8782,327.5287,0.9515,0.0,0.0,-89.7579,63.8782,-327.5287,1.566571,0.0044,-1.0199,0.0,1.0199,0.0,0.0,0.0,0.0,0.0,0.0,5,0,1,53.87,Driving,False,-0.96,,,,,,,0.0042,-1.0,1.02,,,,
171,11.7881,6.85,373,Vehicle 4,vehicle,vehicle.tesla.model3,hero_3,47.9837,330.558,0.0018,-0.0027,-0.0211,-0.0328,47.9837,-330.558,0.000572,3.6615,0.0171,0.0,3.6616,0.0504,0.2117,0.0,0.0281,-0.1239,0.725,5,0,-1,37.97,Driving,False,-0.002,0.75,0.01,0.0,False,False,1,,,,NONE,False,Green,30.0
171,11.7881,6.85,372,Vehicle 3,vehicle,vehicle.tesla.model3,hero_2,29.1816,330.5308,0.0015,-0.0,0.0307,-0.1476,29.1816,-330.5308,0.002576,3.3356,-0.0057,0.0,3.3356,2.2778,-0.1261,0.0,-0.0193,0.0011,0.3176,5,0,-1,19.17,Driving,False,-0.019,0.75,0.001,0.0,False,False,1,,,,NONE,False,Green,60.0
171,11.7881,6.85,371,Vehicle 2,vehicle,vehicle.tesla.model3,hero_1,56.9394,326.5608,0.0017,0.006,-0.0119,-179.9422,56.9394,-326.5608,3.140584,-4.0033,0.019,-0.0,4.0033,-1.7697,0.1793,0.0,0.0101,0.1854,-0.8588,5,0,1,46.93,Driving,False,0.004,0.75,-0.01,0.0,False,False,1,,,,NONE,False,Green,30.0
171,11.7881,6.85,370,Vehicle 1,vehicle,vehicle.tesla.model3,hero_0,14.8679,330.5226,0.002,-0.0001,-0.0478,-0.0429,14.8679,-330.5226,0.000749,3.4154,-0.0002,-0.0,3.4154,-6.2621,-0.2343,-0.0,-0.0461,0.2073,0.0318,5,0,-1,4.86,Driving,False,-0.02,0.75,-0.0,0.0,False,False,1,,,,NONE,False,Green,30.0
172,11.8381,6.9,375,entity_1,vehicle,vehicle.audi.a2,entity_1,61.009,331.442,-0.0073,0.0,0.0,0.0286,61.009,-331.442,-0.000499,0.0,0.0,0.0,0.0,0.0,0.0,0.0,0.0,0.0,0.0,5,0,-1,51.0,Driving,False,0.875,0.0,0.0,0.0,False,False,0,,,,NONE,False,Green,30.0
172,11.8381,6.9,374,entity_2,pedestrian,walker.pedestrian.0001,entity_2,63.8785,327.4777,0.9515,0.0,0.0,-89.7579,63.8785,-327.4777,1.566571,0.0044,-1.0199,0.0,1.0199,0.0,0.0,0.0,0.0,0.0,0.0,5,0,1,53.87,Driving,False,-0.909,,,,,,,0.0042,-1.0,1.02,,,,
172,11.8381,6.9,373,Vehicle 4,vehicle,vehicle.tesla.model3,hero_3,48.168,330.5588,0.0018,-0.0037,-0.0145,0.0058,48.168,-330.5588,-0.000101,3.7059,0.0219,-0.0,3.7059,0.8863,0.0949,-0.0,0.0135,-0.1376,0.7911,5,0,-1,38.16,Driving,False,-0.002,0.75,0.01,0.0,False,False,1,,,,NONE,False,Green,30.0
172,11.8381,6.9,372,Vehicle 3,vehicle,vehicle.tesla.model3,hero_2,29.3527,330.5304,0.0015,0.0005,0.0314,-0.1454,29.3527,-330.5304,0.002538,3.4809,-0.007,-0.0,3.4809,2.9071,-0.0254,-0.0001,-0.0071,-0.0234,-0.1121,5,0,-1,19.34,Driving,False,-0.02,0.75,0.001,0.0,False,False,1,,,,NONE,False,Green,60.0
172,11.8381,6.9,371,Vehicle 2,vehicle,vehicle.tesla.model3,hero_1,56.736,326.5617,0.0017,0.0062,-0.003,-179.9872,56.736,-326.5617,3.141369,-4.1122,0.0241,-0.0,4.1123,-2.1781,0.101,-0.0,0.0004,0.1703,-0.9177,5,0,1,46.72,Driving,False,0.003,0.75,-0.01,0.0,False,False,1,,,,NONE,False,Green,30.0
172,11.8381,6.9,370,Vehicle 1,vehicle,vehicle.tesla.model3,hero_0,15.0351,330.5226,0.002,0.0013,-0.0502,-0.043,15.0351,-330.5226,0.00075,3.321,-0.0024,-0.0,3.321,-1.8881,-0.0435,0.0001,-0.0165,-0.0576,-0.017,5,0,-1,5.03,Driving,False,-0.02,0.75,-0.0,0.0,False,False,1,,,,NONE,False,Green,30.0
173,11.8881,6.95,375,entity_1,vehicle,vehicle.audi.a2,entity_1,61.009,331.442,-0.0073,0.0,0.0,0.0286,61.009,-331.442,-0.000499,0.0,0.0,0.0,0.0,0.0,0.0,0.0,0.0,0.0,0.0,5,0,-1,51.0,Driving,False,0.875,0.0,0.0,0.0,False,False,0,,,,NONE,False,Green,30.0
173,11.8881,6.95,374,entity_2,pedestrian,walker.pedestrian.0001,entity_2,63.8787,327.4267,0.9515,0.0,0.0,-89.7579,63.8787,-327.4267,1.566571,0.0044,-1.0199,0.0,1.0199,0.0,0.0,0.0,0.0,0.0,0.0,5,0,1,53.87,Driving,False,-0.858,,,,,,,0.0042,-1.0,1.02,,,,
173,11.8881,6.95,373,Vehicle 4,vehicle,vehicle.tesla.model3,hero_3,48.3554,330.5598,0.0017,-0.004,-0.0075,0.0458,48.3554,-330.5598,-0.000799,3.7789,0.0252,0.0,3.779,1.4613,0.0664,0.0,0.0024,-0.139,0.8056,5,0,-1,38.35,Driving,False,-0.001,0.75,0.01,0.0,False,False,1,,,,NONE,False,Green,30.0
173,11.8881,6.95,372,Vehicle 3,vehicle,vehicle.tesla.model3,hero_2,29.5304,330.53,0.0015,0.0006,0.0318,-0.1411,29.5304,-330.53,0.002463,3.6016,-0.0074,-0.0,3.6016,2.4133,-0.0076,0.0,0.0005,-0.0008,0.1889,5,0,-1,19.52,Driving,False,-0.02,0.75,0.001,0.0,False,False,1,,,,NONE,False,Green,60.0
173,11.8881,6.95,371,Vehicle 2,vehicle,vehicle.tesla.model3,hero_1,56.527,326.5627,0.0017,0.0061,0.0046,179.9662,56.527,-326.5627,-3.141003,-4.2252,0.0283,-0.0,4.2253,-2.2597,0.0846,0.0,-0.0049,0.1399,-0.9433,5,0,1,46.52,Driving,False,0.002,0.75,-0.01,0.0,False,False,1,,,,NONE,False,Green,30.0
173,11.8881,6.95,370,Vehicle 1,vehicle,vehicle.tesla.model3,hero_0,15.2016,330.5224,0.0019,0.0016,-0.0427,-0.0442,15.2016,-330.5224,0.000771,3.3405,-0.0031,-0.0,3.3405,0.3888,-0.0132,0.0001,-0.0013,-0.1939,-0.0237,5,0,-1,5.19,Driving,False,-0.02,0.75,-0.0,0.0,False,False,1,,,,NONE,False,Green,30.0
174,11.9381,7.0,375,entity_1,vehicle,vehicle.audi.a2,entity_1,61.009,331.442,-0.0073,0.0,0.0,0.0286,61.009,-331.442,-0.000499,0.0,0.0,0.0,0.0,0.0,0.0,0.0,0.0,0.0,0.0,5,0,-1,51.0,Driving,False,0.875,0.0,0.0,0.0,False,False,0,,,,NONE,False,Green,30.0
174,11.9381,7.0,374,entity_2,pedestrian,walker.pedestrian.0001,entity_2,63.8789,327.3757,0.9515,0.0,0.0,-89.7579,63.8789,-327.3757,1.566571,0.0044,-1.0199,0.0,1.0199,0.0,0.0,0.0,0.0,0.0,0.0,5,0,1,53.87,Driving,False,-0.807,,,,,,,0.0042,-1.0,1.02,,,,
174,11.9381,7.0,373,Vehicle 4,vehicle,vehicle.tesla.model3,hero_3,48.5474,330.5609,0.0017,-0.004,-0.0005,0.0869,48.5474,-330.5609,-0.001517,3.8806,0.0288,-0.0,3.8807,2.0343,0.0732,-0.0001,0.0007,-0.1411,0.8323,5,0,-1,38.54,Driving,False,0.0,0.75,0.01,0.0,False,False,1,,,,NONE,False,Green,30.0
174,11.9381,7.0,372,Vehicle 3,vehicle,vehicle.tesla.model3,hero_2,29.7147,330.5296,0.0015,0.0006,0.0323,-0.1396,29.7147,-330.5296,0.002436,3.7424,-0.0076,0.0,3.7424,2.8164,-0.0041,0.0,0.0024,-0.0142,-0.0343,5,0,-1,19.71,Driving,False,-0.021,0.75,0.001,0.0,False,False,1,,,,NONE,False,Green,60.0
174,11.9381,7.0,371,Vehicle 2,vehicle,vehicle.tesla.model3,hero_1,56.312,326.564,0.0016,0.0058,0.0109,179.9182,56.312,-326.564,-3.140165,-4.3465,0.0327,0.0,4.3466,-2.4268,0.0884,0.0,-0.0049,0.1158,-0.9681,5,0,1,46.3,Driving,False,0.001,0.75,-0.01,0.0,False,False,1,,,,NONE,False,Green,30.0
174,11.9381,7.0,370,Vehicle 1,vehicle,vehicle.tesla.model3,hero_0,15.3706,330.5222,0.0019,0.0015,-0.0312,-0.0454,15.3706,-330.5222,0.000792,3.4097,-0.0034,-0.0,3.4097,1.3836,-0.0065,-0.0,0.004,-0.2427,-0.0254,5,0,-1,5.36,Driving,False,-0.021,0.75,-0.0,0.0,False,False,1,,,,NONE,False,Green,30.0
175,11.9881,7.05,375,entity_1,vehicle,vehicle.audi.a2,entity_1,61.009,331.442,-0.0073,0.0,0.0,0.0286,61.009,-331.442,-0.000499,0.0,0.0,0.0,0.0,0.0,0.0,0.0,0.0,0.0,0.0,5,0,-1,51.0,Driving,False,0.875,0.0,0.0,0.0,False,False,0,,,,NONE,False,Green,30.0
175,11.9881,7.05,374,entity_2,pedestrian,walker.pedestrian.0001,entity_2,63.8791,327.3247,0.9515,0.0,0.0,-89.759,63.8791,-327.3247,1.56659,0.0044,-1.0199,0.0,1.0199,0.0,0.0,0.0,0.0,0.0,0.0,5,0,1,53.87,Driving,False,-0.756,,,,,,,0.0042,-1.0,1.02,,,,
175,11.9881,7.05,373,Vehicle 4,vehicle,vehicle.tesla.model3,hero_3,48.743,330.5613,0.0017,0.001,0.0041,0.0838,48.743,-330.5613,-0.001463,3.913,-0.001,-0.0,3.913,0.6484,-0.5964,0.0,-0.1015,-0.0426,-0.3555,5,0,-1,38.73,Driving,False,0.001,0.0,-0.007,0.7,False,False,1,,,,NONE,False,Green,30.0
175,11.9881,7.05,372,Vehicle 3,vehicle,vehicle.tesla.model3,hero_2,29.9056,330.5291,0.0015,0.001,0.0326,-0.1414,29.9056,-330.5291,0.002468,3.8674,-0.0115,0.0,3.8674,2.4993,-0.0782,0.0,-0.0084,-0.0011,-0.0635,5,0,-1,19.9,Driving,False,-0.022,0.75,-0.001,0.0,False,False,1,,,,NONE,False,Green,60.0
175,11.9881,7.05,371,Vehicle 2,vehicle,vehicle.tesla.model3,hero_1,56.0913,326.5645,0.0016,0.0005,0.0155,179.9151,56.0913,-326.5645,-3.140111,-4.4525,0.0028,0.0,4.4525,-2.1198,-0.5984,0.0,-0.1101,0.073,0.2521,5,0,1,46.08,Driving,False,0.0,0.286,0.005,0.0,False,False,1,,,,NONE,False,Green,30.0
175,11.9881,7.05,370,Vehicle 1,vehicle,vehicle.tesla.model3,hero_0,15.5437,330.5217,0.0018,0.0029,-0.0194,-0.0613,15.5437,-330.5217,0.00107,3.4972,-0.0143,-0.0,3.4972,1.7501,-0.2192,-0.0001,-0.0275,-0.2263,-0.4164,5,0,-1,5.53,Driving,False,-0.021,0.75,-0.006,0.0,False,False,1,,,,NONE,False,Green,30.0
176,12.0381,7.1,375,entity_1,vehicle,vehicle.audi.a2,entity_1,61.009,331.442,-0.0073,0.0,0.0,0.0286,61.009,-331.442,-0.000499,0.0,0.0,0.0,0.0,0.0,0.0,0.0,0.0,0.0,0.0,5,0,-1,51.0,Driving,False,0.875,0.0,0.0,0.0,False,False,0,,,,NONE,False,Green,30.0
176,12.0381,7.1,374,entity_2,pedestrian,walker.pedestrian.0001,entity_2,63.8793,327.2737,0.9515,0.0,0.0,-89.759,63.8793,-327.2737,1.56659,0.0044,-1.0199,0.0,1.0199,0.0,0.0,0.0,0.0,0.0,0.0,5,0,1,53.87,Driving,False,-0.705,,,,,,,0.0042,-1.0,1.02,,,,
176,12.0381,7.1,373,Vehicle 4,vehicle,vehicle.tesla.model3,hero_3,48.9358,330.5611,0.0017,0.0042,0.0016,0.0601,48.9358,-330.5611,-0.001049,3.7973,-0.0086,0.0,3.7973,-2.3143,-0.1533,0.0,-0.0414,0.115,-0.512,5,0,-1,38.93,Driving,False,0.0,0.0,-0.007,0.7,False,False,1,,,,NONE,False,Green,30.0
176,12.0381,7.1,372,Vehicle 3,vehicle,vehicle.tesla.model3,hero_2,30.1029,330.5285,0.0015,0.0012,0.0327,-0.1462,30.1029,-330.5285,0.002552,3.999,-0.0129,-0.0,3.999,2.6323,-0.0289,-0.0001,-0.0023,-0.0036,-0.1025,5,0,-1,20.09,Driving,False,-0.022,0.75,-0.001,0.0,False,False,1,,,,NONE,False,Green,60.0
176,12.0381,7.1,371,Vehicle 2,vehicle,vehicle.tesla.model3,hero_1,55.8667,326.5644,0.0016,-0.0032,0.0173,179.9347,55.8667,-326.5644,-3.140453,-4.5147,-0.0053,-0.0,4.5147,-1.2441,-0.1622,-0.0001,-0.0498,0.0126,0.4432,5,0,1,45.86,Driving,False,0.0,0.286,0.005,0.0,False,False,1,,,,NONE,False,Green,30.0
176,12.0381,7.1,370,Vehicle 1,vehicle,vehicle.tesla.model3,hero_0,15.722,330.521,0.0017,0.0037,-0.0087,-0.0846,15.722,-330.521,0.001477,3.6088,-0.0184,0.0,3.6089,2.2332,-0.0816,0.0001,-0.0098,-0.2068,-0.4863,5,0,-1,5.71,Driving,False,-0.022,0.75,-0.006,0.0,False,False,1,,,,NONE,False,Green,30.0
177,12.0881,7.15,375,entity_1,vehicle,vehicle.audi.a2,entity_1,61.009,331.442,-0.0073,0.0,0.0,0.0286,61.009,-331.442,-0.000499,0.0,0.0,0.0,0.0,0.0,0.0,0.0,0.0,0.0,0.0,5,0,-1,51.0,Driving,False,0.875,0.0,0.0,0.0,False,False,0,,,,NONE,False,Green,30.0
177,12.0881,7.15,374,entity_2,pedestrian,walker.pedestrian.0001,entity_2,63.8796,327.2227,0.9515,0.0,0.0,-89.759,63.8796,-327.2227,1.56659,0.0044,-1.0199,0.0,1.0199,0.0,0.0,0.0,0.0,0.0,0.0,5,0,1,53.87,Driving,False,-0.654,,,,,,,0.0042,-1.0,1.02,,,,
177,12.0881,7.15,373,Vehicle 4,vehicle,vehicle.tesla.model3,hero_3,49.1184,330.5607,0.0017,0.005,-0.0085,0.0348,49.1184,-330.5607,-0.000607,3.5489,-0.0112,-0.0,3.5489,-4.9686,-0.0504,-0.0,-0.002,0.2416,-0.4953,5,0,-1,39.11,Driving,False,-0.0,0.0,-0.007,0.7,False,False,1,,,,NONE,False,Green,30.0
177,12.0881,7.15,372,Vehicle 3,vehicle,vehicle.tesla.model3,hero_2,30.3066,330.5278,0.0015,0.0012,0.0327,-0.1516,30.3066,-330.5278,0.002646,4.1247,-0.0139,0.0,4.1247,2.5139,-0.0188,0.0,0.0012,0.002,-0.1082,5,0,-1,20.3,Driving,False,-0.023,0.75,-0.001,0.0,False,False,1,,,,NONE,False,Green,60.0
177,12.0881,7.15,371,Vehicle 2,vehicle,vehicle.tesla.model3,hero_1,55.6399,326.5641,0.0016,-0.0045,0.0166,179.9578,55.6399,-326.5641,-3.140856,-4.5459,-0.0089,-0.0,4.5459,-0.6236,-0.0713,0.0,-0.0119,-0.0301,0.4637,5,0,1,45.63,Driving,False,0.0,0.286,0.005,0.0,False,False,1,,,,NONE,False,Green,30.0
177,12.0881,7.15,370,Vehicle 1,vehicle,vehicle.tesla.model3,hero_0,15.9059,330.5201,0.0017,0.0038,0.0005,-0.1095,15.9059,-330.5201,0.001911,3.7232,-0.021,-0.0,3.7233,2.288,-0.0509,-0.0,0.0015,-0.1671,-0.5033,5,0,-1,5.9,Driving,False,-0.023,0.75,-0.006,0.0,False,False,1,,,,NONE,False,Green,30.0
178,12.1381,7.2,375,entity_1,vehicle,vehicle.audi.a2,entity_1,61.009,331.442,-0.0073,0.0,0.0,0.0286,61.009,-331.442,-0.000499,0.0,0.0,0.0,0.0,0.0,0.0,0.0,0.0,0.0,0.0,5,0,-1,51.0,Driving,False,0.875,0.0,0.0,0.0,False,False,0,,,,NONE,False,Green,30.0
178,12.1381,7.2,374,entity_2,pedestrian,walker.pedestrian.0001,entity_2,63.8798,327.1717,0.9515,0.0,0.0,-89.759,63.8798,-327.1717,1.56659,0.0044,-1.0199,0.0,1.0199,0.0,0.0,0.0,0.0,0.0,0.0,5,0,1,53.87,Driving,False,-0.603,,,,,,,0.0042,-1.0,1.02,,,,
178,12.1381,7.2,373,Vehicle 4,vehicle,vehicle.tesla.model3,hero_3,49.2879,330.5602,0.0018,0.0046,-0.0208,0.0107,49.2879,-330.5602,-0.000187,3.284,-0.0125,-0.0,3.2841,-5.2976,-0.0273,-0.0,0.0113,0.2406,-0.472,5,0,-1,39.28,Driving,False,-0.001,0.0,-0.007,0.7,False,False,1,,,,NONE,False,Green,30.0
178,12.1381,7.2,372,Vehicle 3,vehicle,vehicle.tesla.model3,hero_2,30.5168,330.5271,0.0015,0.0011,0.0327,-0.1571,30.5168,-330.5271,0.002742,4.2545,-0.0147,0.0,4.2546,2.597,-0.0177,0.0,0.0022,-0.0007,-0.112,5,0,-1,20.51,Driving,False,-0.024,0.75,-0.001,0.0,False,False,1,,,,NONE,False,Green,60.0
178,12.1381,7.2,371,Vehicle 2,vehicle,vehicle.tesla.model3,hero_1,55.4121,326.5638,0.0016,-0.0045,0.0144,179.9816,55.4121,-326.5638,-3.141272,-4.5605,-0.0113,-0.0,4.5605,-0.2927,-0.0485,0.0,0.0035,-0.0494,0.4841,5,0,1,45.4,Driving,False,0.001,0.286,0.005,0.0,False,False,1,,,,NONE,False,Green,30.0
178,12.1381,7.2,370,Vehicle 1,vehicle,vehicle.tesla.model3,hero_0,16.0959,330.5191,0.0016,0.0036,0.008,-0.1353,16.0959,-330.5191,0.002361,3.8508,-0.0236,0.0,3.8509,2.5515,-0.0522,0.0,0.0037,-0.1412,-0.5236,5,0,-1,6.09,Driving,False,-0.024,0.75,-0.006,0.0,False,False,1,,,,NONE,False,Green,30.0
179,12.1881,7.25,375,entity_1,vehicle,vehicle.audi.a2,entity_1,61.009,331.442,-0.0073,0.0,0.0,0.0286,61.009,-331.442,-0.000499,0.0,0.0,0.0,0.0,0.0,0.0,0.0,0.0,0.0,0.0,5,0,-1,51.0,Driving,False,0.875,0.0,0.0,0.0,False,False,0,,,,NONE,False,Green,30.0
179,12.1881,7.25,374,entity_2,pedestrian,walker.pedestrian.0001,entity_2,63.88,327.1207,0.9515,0.0,0.0,-89.759,63.88,-327.1207,1.56659,0.0044,-1.0199,0.0,1.0199,0.0,0.0,0.0,0.0,0.0,0.0,5,0,1,53.87,Driving,False,-0.552,,,,,,,0.0042,-1.0,1.02,,,,
179,12.1881,7.25,373,Vehicle 4,vehicle,vehicle.tesla.model3,hero_3,49.4454,330.5598,0.0019,0.0034,-0.0301,-0.0075,49.4454,-330.5598,0.000131,3.0903,-0.0099,-0.0,3.0903,-3.8745,0.0521,0.0,0.0251,0.1258,-0.3224,5,0,-1,39.44,Driving,False,-0.001,0.3,-0.005,0.0,False,False,1,,,,NONE,False,Green,30.0
179,12.1881,7.25,372,Vehicle 3,vehicle,vehicle.tesla.model3,hero_2,30.7332,330.5266,0.0015,-0.0,0.0326,-0.1535,30.7332,-330.5266,0.002679,4.3802,-0.0087,-0.0,4.3802,2.5129,0.1208,-0.0,0.0233,0.0022,0.1343,5,0,-1,20.72,Driving,False,-0.025,0.75,0.002,0.0,False,False,1,,,,NONE,False,Green,60.0
179,12.1881,7.25,371,Vehicle 2,vehicle,vehicle.tesla.model3,hero_1,55.184,326.564,0.0016,-0.0002,0.0118,179.9694,55.184,-326.564,-3.141059,-4.5651,0.0134,-0.0,4.5652,-0.0924,0.4938,0.0,0.0906,-0.0544,-0.4997,5,0,1,45.17,Driving,False,0.0,0.3,-0.007,0.0,False,False,1,,,,NONE,False,Green,30.0
179,12.1881,7.25,370,Vehicle 1,vehicle,vehicle.tesla.model3,hero_0,16.2922,330.5182,0.0016,0.0023,0.014,-0.1519,16.2922,-330.5182,0.002651,3.9744,-0.0188,0.0,3.9744,2.4716,0.0963,0.0,0.0267,-0.106,-0.2724,5,0,-1,6.28,Driving,False,-0.025,0.75,-0.003,0.0,False,False,1,,,,NONE,False,Green,30.0
180,12.2381,7.3,375,entity_1,vehicle,vehicle.audi.a2,entity_1,61.009,331.442,-0.0073,0.0,0.0,0.0286,61.009,-331.442,-0.000499,0.0,0.0,0.0,0.0,0.0,0.0,0.0,0.0,0.0,0.0,5,0,-1,51.0,Driving,False,0.875,0.0,0.0,0.0,False,False,0,,,,NONE,False,Green,30.0
180,12.2381,7.3,374,entity_2,pedestrian,walker.pedestrian.0001,entity_2,63.8802,327.0697,0.9515,0.0,0.0,-89.759,63.8802,-327.0697,1.56659,0.0043,-1.0199,0.0,1.0199,-0.002,0.0,0.0,0.0,0.0,0.0,5,0,1,53.87,Driving,False,-0.501,,,,,,,0.0042,-1.0,1.02,,,,
180,12.2381,7.3,373,Vehicle 4,vehicle,vehicle.tesla.model3,hero_3,49.5988,330.5593,0.0019,0.0025,-0.0305,-0.023,49.5988,-330.5593,0.000401,3.0609,-0.0102,-0.0,3.0609,-0.5888,-0.0047,0.0,0.0146,-0.0547,-0.3085,5,0,-1,39.59,Driving,False,-0.002,0.3,-0.005,0.0,False,False,1,,,,NONE,False,Green,30.0
180,12.2381,7.3,372,Vehicle 3,vehicle,vehicle.tesla.model3,hero_2,30.956,330.5262,0.0015,-0.0008,0.0325,-0.1454,30.956,-330.5262,0.002538,4.5058,-0.007,-0.0,4.5058,2.5121,0.0334,-0.0,0.0111,0.0028,0.1737,5,0,-1,20.95,Driving,False,-0.025,0.75,0.002,0.0,False,False,1,,,,NONE,False,Green,60.0
180,12.2381,7.3,371,Vehicle 2,vehicle,vehicle.tesla.model3,hero_1,54.9557,326.5648,0.0016,0.0029,0.0092,179.939,54.9557,-326.5648,-3.140528,-4.567,0.0211,-0.0,4.5671,-0.0381,0.1544,-0.0,0.0444,-0.0484,-0.645,5,0,1,44.94,Driving,False,-0.001,0.3,-0.007,0.0,False,False,1,,,,NONE,False,Green,30.0
180,12.2381,7.3,370,Vehicle 1,vehicle,vehicle.tesla.model3,hero_0,16.4948,330.5173,0.0016,0.0014,0.0187,-0.1645,16.4948,-330.5173,0.002871,4.1043,-0.0189,0.0,4.1044,2.5994,-0.0024,-0.0,0.0126,-0.0853,-0.2459,5,0,-1,6.49,Driving,False,-0.026,0.75,-0.003,0.0,False,False,1,,,,NONE,False,Green,30.0
181,12.2881,7.35,375,entity_1,vehicle,vehicle.audi.a2,entity_1,61.009,331.442,-0.0073,0.0,0.0,0.0286,61.009,-331.442,-0.000499,0.0,0.0,0.0,0.0,0.0,0.0,0.0,0.0,0.0,0.0,5,0,-1,51.0,Driving,False,0.875,0.0,0.0,0.0,False,False,0,,,,NONE,False,Green,30.0
181,12.2881,7.35,374,entity_2,pedestrian,walker.pedestrian.0001,entity_2,63.8804,327.0187,0.9515,0.0,0.0,-89.759,63.8804,-327.0187,1.56659,0.0043,-1.0199,0.0,1.0199,0.0,0.0,0.0,0.0,0.0,0.0,5,0,1,53.87,Driving,False,-0.45,,,,,,,0.0042,-1.0,1.02,,,,
181,12.2881,7.35,373,Vehicle 4,vehicle,vehicle.tesla.model3,hero_3,49.7514,330.5588,0.0018,0.0019,-0.0261,-0.0382,49.7514,-330.5588,0.000667,3.0469,-0.0106,-0.0,3.0469,-0.2796,-0.0092,-0.0,0.0095,-0.098,-0.2995,5,0,-1,39.74,Driving,False,-0.003,0.3,-0.005,0.0,False,False,1,,,,NONE,False,Green,30.0
181,12.2881,7.35,372,Vehicle 3,vehicle,vehicle.tesla.model3,hero_2,31.185,330.5257,0.0015,-0.0011,0.0323,-0.1364,31.185,-330.5257,0.002381,4.6299,-0.0062,0.0,4.6299,2.483,0.0168,0.0,0.0036,0.0037,0.1833,5,0,-1,21.18,Driving,False,-0.026,0.75,0.002,0.0,False,False,1,,,,NONE,False,Green,60.0
181,12.2881,7.35,371,Vehicle 2,vehicle,vehicle.tesla.model3,hero_1,54.7274,326.5658,0.0016,0.0041,0.007,179.9059,54.7274,-326.5658,-3.13995,-4.5651,0.0251,0.0,4.5652,0.039,0.0802,0.0,0.0134,-0.0423,-0.6701,5,0,1,44.72,Driving,False,-0.002,0.3,-0.007,0.0,False,False,1,,,,NONE,False,Green,30.0
181,12.2881,7.35,370,Vehicle 1,vehicle,vehicle.tesla.model3,hero_0,16.7038,330.5164,0.0015,0.001,0.0222,-0.1768,16.7038,-330.5164,0.003086,4.2295,-0.02,0.0,4.2296,2.5035,-0.0215,0.0,0.0041,-0.0608,-0.2475,5,0,-1,6.69,Driving,False,-0.027,0.75,-0.003,0.0,False,False,1,,,,NONE,False,Green,30.0
182,12.3381,7.4,375,entity_1,vehicle,vehicle.audi.a2,entity_1,61.009,331.442,-0.0073,0.0,0.0,0.0286,61.009,-331.442,-0.000499,0.0,0.0,0.0,0.0,0.0,0.0,0.0,0.0,0.0,0.0,5,0,-1,51.0,Driving,False,0.875,0.0,0.0,0.0,False,False,0,,,,NONE,False,Green,30.0
182,12.3381,7.4,374,entity_2,pedestrian,walker.pedestrian.0001,entity_2,63.8806,326.9677,0.9515,0.0,0.0,-89.759,63.8806,-326.9677,1.56659,0.0043,-1.0199,0.0,1.0199,0.0,0.0,0.0,0.0,0.0,0.0,5,0,1,53.87,Driving,False,-0.399,,,,,,,0.0042,-1.0,1.02,,,,
182,12.3381,7.4,373,Vehicle 4,vehicle,vehicle.tesla.model3,hero_3,49.9039,330.5583,0.0018,0.0016,-0.0207,-0.0533,49.9039,-330.5583,0.00093,3.0506,-0.0115,-0.0,3.0506,0.0735,-0.0177,-0.0,0.0047,-0.112,-0.3053,5,0,-1,39.89,Driving,False,-0.003,0.3,-0.005,0.0,False,False,1,,,,NONE,False,Green,30.0
182,12.3381,7.4,372,Vehicle 3,vehicle,vehicle.tesla.model3,hero_2,31.4202,330.5254,0.0015,-0.0012,0.0321,-0.127,31.4202,-330.5254,0.002217,4.7533,-0.0055,0.0,4.7533,2.4682,0.0136,0.0,0.0005,0.0039,0.1886,5,0,-1,21.41,Driving,False,-0.026,0.75,0.002,0.0,False,False,1,,,,NONE,False,Green,60.0
182,12.3381,7.4,371,Vehicle 2,vehicle,vehicle.tesla.model3,hero_1,54.4992,326.567,0.0016,0.0044,0.0051,179.8722,54.4992,-326.567,-3.139362,-4.5635,0.0283,0.0,4.5636,0.0314,0.0628,-0.0,0.0005,-0.0328,-0.6741,5,0,1,44.49,Driving,False,-0.003,0.3,-0.007,0.0,False,False,1,,,,NONE,False,Green,30.0
182,12.3381,7.4,370,Vehicle 1,vehicle,vehicle.tesla.model3,hero_0,16.9192,330.5155,0.0015,0.0009,0.0248,-0.1894,16.9192,-330.5155,0.003306,4.3574,-0.0214,-0.0,4.3575,2.5581,-0.0282,-0.0,0.0002,-0.0466,-0.2529,5,0,-1,6.91,Driving,False,-0.028,0.75,-0.003,0.0,False,False,1,,,,NONE,False,Green,30.0
183,12.3881,7.45,375,entity_1,vehicle,vehicle.audi.a2,entity_1,61.009,331.442,-0.0073,0.0,0.0,0.0286,61.009,-331.442,-0.000499,0.0,0.0,0.0,0.0,0.0,0.0,0.0,0.0,0.0,0.0,5,0,-1,51.0,Driving,False,0.875,0.0,0.0,0.0,False,False,0,,,,NONE,False,Green,30.0
183,12.3881,7.45,374,entity_2,pedestrian,walker.pedestrian.0001,entity_2,63.8809,326.9167,0.9515,0.0,0.0,-89.759,63.8809,-326.9167,1.56659,0.0043,-1.0199,0.0,1.0199,0.0,0.0,0.0,0.0,0.0,0.0,5,0,1,53.87,Driving,False,-0.348,,,,,,,0.0042,-1.0,1.02,,,,
183,12.3881,7.45,373,Vehicle 4,vehicle,vehicle.tesla.model3,hero_3,50.0566,330.5578,0.0018,0.0012,-0.0156,-0.0665,50.0566,-330.5578,0.001161,3.057,-0.0108,0.0,3.0571,0.1296,0.0144,0.0,0.0079,-0.0975,-0.2497,5,0,-1,40.05,Driving,False,-0.004,0.75,-0.004,0.0,False,False,1,,,,NONE,False,Green,30.0
183,12.3881,7.45,372,Vehicle 3,vehicle,vehicle.tesla.model3,hero_2,31.6616,330.525,0.0015,-0.0006,0.032,-0.1227,31.6616,-330.525,0.002142,4.8762,-0.0087,-0.0,4.8762,2.4562,-0.0647,-0.0,-0.0126,0.0038,0.0507,5,0,-1,21.65,Driving,False,-0.027,0.75,0.0,0.0,False,False,1,,,,NONE,False,Green,60.0
183,12.3881,7.45,371,Vehicle 2,vehicle,vehicle.tesla.model3,hero_1,54.2728,326.5678,0.0017,0.0016,0.0018,179.8626,54.2728,-326.5678,-3.139195,-4.4868,0.013,0.0,4.4868,1.5347,-0.3058,0.0,-0.0594,-0.1026,-0.0234,5,0,1,44.26,Driving,False,-0.004,0.0,0.001,0.7,False,False,1,,,,NONE,False,Green,30.0
183,12.3881,7.45,370,Vehicle 1,vehicle,vehicle.tesla.model3,hero_0,17.1405,330.5144,0.0015,0.0011,0.0264,-0.2033,17.1405,-330.5144,0.003548,4.4676,-0.0236,-0.0,4.4677,2.2042,-0.0452,-0.0,-0.0035,-0.0161,-0.2889,5,0,-1,7.13,Driving,False,-0.029,0.346,-0.003,0.0,False,False,1,,,,NONE,False,Green,30.0
184,12.4381,7.5,375,entity_1,vehicle,vehicle.audi.a2,entity_1,61.009,331.442,-0.0073,0.0,0.0,0.0286,61.009,-331.442,-0.000499,0.0,0.0,0.0,0.0,0.0,0.0,0.0,0.0,0.0,0.0,5,0,-1,51.0,Driving,False,0.875,0.0,0.0,0.0,False,False,0,,,,NONE,False,Green,30.0
184,12.4381,7.5,374,entity_2,pedestrian,walker.pedestrian.0001,entity_2,63.8811,326.8657,0.9515,0.0,0.0,-89.759,63.8811,-326.8657,1.56659,0.0043,-1.0199,0.0,1.0199,0.0,0.0,0.0,0.0,0.0,0.0,5,0,1,53.87,Driving,False,-0.297,,,,,,,0.0042,-1.0,1.02,,,,
184,12.4381,7.5,373,Vehicle 4,vehicle,vehicle.tesla.model3,hero_3,50.2108,330.5573,0.0017,0.0009,-0.0101,-0.079,50.2108,-330.5573,0.001379,3.1056,-0.0114,-0.0,3.1056,0.9716,-0.0129,-0.0,0.0027,-0.1177,-0.2513,5,0,-1,40.2,Driving,False,-0.004,0.75,-0.004,0.0,False,False,1,,,,NONE,False,Green,30.0
184,12.4381,7.5,372,Vehicle 3,vehicle,vehicle.tesla.model3,hero_2,31.9091,330.5246,0.0015,-0.0002,0.0318,-0.121,31.9091,-330.5246,0.002112,4.9985,-0.0096,-0.0,4.9985,2.4469,-0.0176,-0.0,-0.0065,0.0035,0.0277,5,0,-1,21.9,Driving,False,-0.027,0.75,0.0,0.0,False,False,1,,,,NONE,False,Green,60.0
184,12.4381,7.5,371,Vehicle 2,vehicle,vehicle.tesla.model3,hero_1,54.0542,326.5683,0.0017,-0.0005,-0.0066,179.8652,54.0542,-326.5683,-3.13924,-4.2779,0.0088,0.0,4.278,4.1769,-0.0832,-0.0,-0.029,-0.2131,0.0774,5,0,1,44.04,Driving,False,-0.005,0.0,0.001,0.7,False,False,1,,,,NONE,False,Green,30.0
184,12.4381,7.5,370,Vehicle 1,vehicle,vehicle.tesla.model3,hero_0,17.3661,330.5134,0.0015,0.0012,0.0258,-0.218,17.3661,-330.5134,0.003805,4.537,-0.0253,0.0,4.5371,1.3872,-0.0328,0.0001,-0.0021,0.0284,-0.2957,5,0,-1,7.36,Driving,False,-0.031,0.346,-0.003,0.0,False,False,1,,,,NONE,False,Green,30.0
185,12.4881,7.55,375,entity_1,vehicle,vehicle.audi.a2,entity_1,61.009,331.442,-0.0073,0.0,0.0,0.0286,61.009,-331.442,-0.000499,0.0,0.0,0.0,0.0,0.0,0.0,0.0,0.0,0.0,0.0,5,0,-1,51.0,Driving,False,0.875,0.0,0.0,0.0,False,False,0,,,,NONE,False,Green,30.0
185,12.4881,7.55,374,entity_2,pedestrian,walker.pedestrian.0001,entity_2,63.8813,326.8147,0.9515,0.0,0.0,-89.759,63.8813,-326.8147,1.56659,0.0043,-1.0199,0.0,1.0199,0.0,0.0,0.0,0.0,0.0,0.0,5,0,1,53.87,Driving,False,-0.246,,,,,,,0.0042,-1.0,1.02,,,,
185,12.4881,7.55,373,Vehicle 4,vehicle,vehicle.tesla.model3,hero_3,50.3682,330.5568,0.0017,0.0008,-0.0042,-0.0916,50.3682,-330.5568,0.001599,3.1791,-0.0122,0.0,3.1791,1.47,-0.0154,0.0001,0.001,-0.1203,-0.252,5,0,-1,40.36,Driving,False,-0.005,0.75,-0.004,0.0,False,False,1,,,,NONE,False,Green,30.0
185,12.4881,7.55,372,Vehicle 3,vehicle,vehicle.tesla.model3,hero_2,32.1627,330.524,0.0017,0.0,0.0316,-0.1197,32.1627,-330.524,0.002089,5.12,-0.01,0.0038,5.12,2.4303,-0.0072,0.0767,-0.0022,0.0043,0.0238,5,0,-1,22.15,Driving,False,-0.028,0.75,0.0,0.0,False,False,1,,,,NONE,False,Green,60.0
185,12.4881,7.55,371,Vehicle 2,vehicle,vehicle.tesla.model3,hero_1,53.8494,326.5687,0.0018,-0.0012,-0.0197,179.8694,53.8494,-326.5687,-3.139313,-3.9747,0.007,-0.0,3.9747,6.065,-0.0362,-0.0,-0.0084,-0.2762,0.085,5,0,1,43.84,Driving,False,-0.005,0.0,0.001,0.7,False,False,1,,,,NONE,False,Green,30.0
185,12.4881,7.55,370,Vehicle 1,vehicle,vehicle.tesla.model3,hero_0,17.5943,330.5121,0.0015,0.0013,0.0234,-0.2329,17.5943,-330.5121,0.004065,4.5795,-0.0267,-0.0,4.5795,0.8494,-0.0289,-0.0001,-0.0011,0.0569,-0.3006,5,0,-1,7.59,Driving,False,-0.032,0.346,-0.003,0.0,False,False,1,,,,NONE,False,Green,30.0
186,12.5381,7.6,375,entity_1,vehicle,vehicle.audi.a2,entity_1,61.009,331.442,-0.0073,0.0,0.0,0.0286,61.009,-331.442,-0.000499,0.0,0.0,0.0,0.0,0.0,0.0,0.0,0.0,0.0,0.0,5,0,-1,51.0,Driving,False,0.875,0.0,0.0,0.0,False,False,0,,,,NONE,False,Green,30.0
186,12.5381,7.6,374,entity_2,pedestrian,walker.pedestrian.0001,entity_2,63.8815,326.7637,0.9515,0.0,0.0,-89.759,63.8815,-326.7637,1.56659,0.0043,-1.0199,0.0,1.0199,0.0,0.0,0.0,0.0,0.0,0.0,5,0,1,53.87,Driving,False,-0.195,,,,,,,0.0042,-1.0,1.02,,,,
186,12.5381,7.6,373,Vehicle 4,vehicle,vehicle.tesla.model3,hero_3,50.5302,330.5562,0.0017,0.0008,0.0022,-0.1045,50.5302,-330.5562,0.001824,3.2832,-0.0134,0.0,3.2833,2.0824,-0.0235,-0.0,-0.0011,-0.1283,-0.2635,5,0,-1,40.52,Driving,False,-0.005,0.75,-0.004,0.0,False,False,1,,,,NONE,False,Green,30.0
186,12.5381,7.6,372,Vehicle 3,vehicle,vehicle.tesla.model3,hero_2,32.4209,330.5234,0.0018,0.0001,0.0294,-0.1186,32.4209,-330.5234,0.00207,5.1404,-0.01,0.001,5.1404,0.4068,-0.0007,-0.0565,-0.0,0.1476,0.0225,5,0,-1,22.41,Driving,False,-0.029,0.75,0.0,0.0,False,False,1,,,,NONE,False,Green,60.0
186,12.5381,7.6,371,Vehicle 2,vehicle,vehicle.tesla.model3,hero_1,53.6601,326.569,0.0019,-0.0013,-0.0328,179.8737,53.6601,-326.569,-3.139388,-3.6669,0.0059,-0.0,3.6669,6.1562,-0.0226,-0.0,0.0004,-0.246,0.0932,5,0,1,43.65,Driving,False,-0.006,0.0,0.001,0.7,False,False,1,,,,NONE,False,Green,30.0
186,12.5381,7.6,370,Vehicle 1,vehicle,vehicle.tesla.model3,hero_0,17.8241,330.5108,0.0016,0.0013,0.0202,-0.2479,17.8241,-330.5108,0.004327,4.6069,-0.0281,0.0,4.607,0.5492,-0.0274,0.0001,-0.0004,0.0669,-0.2987,5,0,-1,7.82,Driving,False,-0.033,0.346,-0.003,0.0,False,False,1,,,,NONE,False,Green,30.0
187,12.5881,7.65,375,entity_1,vehicle,vehicle.audi.a2,entity_1,61.009,331.442,-0.0073,0.0,0.0,0.0286,61.009,-331.442,-0.000499,0.0,0.0,0.0,0.0,0.0,0.0,0.0,0.0,0.0,0.0,5,0,-1,51.0,Driving,False,0.875,0.0,0.0,0.0,False,False,0,,,,NONE,False,Green,30.0
187,12.5881,7.65,374,entity_2,pedestrian,walker.pedestrian.0001,entity_2,63.8817,326.7127,0.9515,0.0,0.0,-89.759,63.8817,-326.7127,1.56659,0.0043,-1.0199,0.0,1.0199,0.0,0.0,0.0,0.0,0.0,0.0,5,0,1,53.87,Driving,False,-0.144,,,,,,,0.0042,-1.0,1.02,,,,
187,12.5881,7.65,373,Vehicle 4,vehicle,vehicle.tesla.model3,hero_3,50.696,330.5561,0.0016,-0.0013,0.0062,-0.0977,50.696,-330.5561,0.001705,3.3172,0.0003,-0.0,3.3172,0.6798,0.2734,-0.0,0.0429,-0.0329,0.2643,5,0,-1,40.69,Driving,False,-0.006,0.0,0.005,0.7,False,False,1,,,,NONE,False,Green,30.0
187,12.5881,7.65,372,Vehicle 3,vehicle,vehicle.tesla.model3,hero_2,32.6777,330.5229,0.0019,-0.0004,0.0221,-0.1109,32.6777,-330.5229,0.001936,5.136,-0.0073,-0.0001,5.136,-0.0869,0.0553,-0.0229,0.0108,0.1286,0.1551,5,0,-1,22.67,Driving,False,-0.029,0.265,0.002,0.0,False,False,1,,,,NONE,False,Green,60.0
187,12.5881,7.65,371,Vehicle 2,vehicle,vehicle.tesla.model3,hero_1,53.4836,326.5695,0.0019,0.0,-0.041,179.8668,53.4836,-326.5695,-3.139268,-3.4649,0.013,-0.0,3.4649,4.0394,0.1424,0.0,0.0267,-0.0936,-0.2053,5,0,1,43.47,Driving,False,-0.006,0.75,-0.003,0.0,False,False,1,,,,NONE,False,Green,30.0
187,12.5881,7.65,370,Vehicle 1,vehicle,vehicle.tesla.model3,hero_0,18.055,330.5095,0.0016,0.0011,0.0168,-0.2612,18.055,-330.5095,0.004559,4.6225,-0.028,0.0,4.6226,0.3124,0.0014,-0.0,0.0041,0.0686,-0.2571,5,0,-1,8.05,Driving,False,-0.035,0.3,-0.002,0.0,False,False,1,,,,NONE,False,Green,30.0
188,12.6381,7.7,375,entity_1,vehicle,vehicle.audi.a2,entity_1,61.009,331.442,-0.0073,0.0,0.0,0.0286,61.009,-331.442,-0.000499,0.0,0.0,0.0,0.0,0.0,0.0,0.0,0.0,0.0,0.0,5,0,-1,51.0,Driving,False,0.875,0.0,0.0,0.0,False,False,0,,,,NONE,False,Green,30.0
188,12.6381,7.7,374,entity_2,pedestrian,walker.pedestrian.0001,entity_2,63.8819,326.6617,0.9515,0.0,0.0,-89.759,63.8819,-326.6617,1.56659,0.0043,-1.0199,0.0,1.0199,0.0,0.0,0.0,0.0,0.0,0.0,5,0,1,53.87,Driving,False,-0.093,,,,,,,0.0042,-1.0,1.02,,,,
188,12.6381,7.7,373,Vehicle 4,vehicle,vehicle.tesla.model3,hero_3,50.8593,330.5561,0.0017,-0.0026,0.0035,-0.0819,50.8593,-330.5561,0.001429,3.2128,0.004,-0.0,3.2128,-2.0885,0.0733,0.0,0.0157,0.1133,0.3304,5,0,-1,40.85,Driving,False,-0.006,0.0,0.005,0.7,False,False,1,,,,NONE,False,Green,30.0
188,12.6381,7.7,372,Vehicle 3,vehicle,vehicle.tesla.model3,hero_2,32.9329,330.5225,0.0019,-0.0007,0.0151,-0.1024,32.9329,-330.5225,0.001787,5.0847,-0.0059,-0.0005,5.0847,-1.0265,0.0274,-0.0075,0.0049,0.1469,0.169,5,0,-1,22.92,Driving,False,-0.03,0.265,0.002,0.0,False,False,1,,,,NONE,False,Green,60.0
188,12.6381,7.7,371,Vehicle 2,vehicle,vehicle.tesla.model3,hero_1,53.3115,326.5702,0.0019,0.001,-0.0394,179.8549,53.3115,-326.5702,-3.13906,-3.4359,0.0153,0.0,3.4359,0.5804,0.046,0.0,0.0135,0.0998,-0.2506,5,0,1,43.3,Driving,False,-0.007,0.75,-0.003,0.0,False,False,1,,,,NONE,False,Green,30.0
188,12.6381,7.7,370,Vehicle 1,vehicle,vehicle.tesla.model3,hero_0,18.2863,330.5082,0.0016,0.001,0.0135,-0.2735,18.2863,-330.5082,0.004773,4.6295,-0.0288,-0.0,4.6296,0.1393,-0.0154,-0.0,0.002,0.0643,-0.2365,5,0,-1,8.28,Driving,False,-0.036,0.3,-0.002,0.0,False,False,1,,,,NONE,False,Green,30.0
189,12.6881,7.75,375,entity_1,vehicle,vehicle.audi.a2,entity_1,61.009,331.442,-0.0073,0.0,0.0,0.0286,61.009,-331.442,-0.000499,0.0,0.0,0.0,0.0,0.0,0.0,0.0,0.0,0.0,0.0,5,0,-1,51.0,Driving,False,0.875,0.0,0.0,0.0,False,False,0,,,,NONE,False,Green,30.0
189,12.6881,7.75,374,entity_2,pedestrian,walker.pedestrian.0001,entity_2,63.8821,326.6107,0.9515,0.0,0.0,-89.759,63.8821,-326.6107,1.56659,0.0043,-1.0199,0.0,1.0199,0.0,0.0,0.0,0.0,0.0,0.0,5,0,1,53.87,Driving,False,-0.042,,,,,,,0.0042,-1.0,1.02,,,,
189,12.6881,7.75,373,Vehicle 4,vehicle,vehicle.tesla.model3,hero_3,51.013,330.5562,0.0017,-0.0028,-0.0064,-0.0659,51.013,-330.5562,0.00115,2.9762,0.0051,-0.0,2.9762,-4.7322,0.0227,0.0,-0.0029,0.2385,0.3086,5,0,-1,41.0,Driving,False,-0.006,0.0,0.005,0.7,False,False,1,,,,NONE,False,Green,30.0
189,12.6881,7.75,372,Vehicle 3,vehicle,vehicle.tesla.model3,hero_2,33.1869,330.5223,0.0019,-0.0009,0.0098,-0.0937,33.1869,-330.5223,0.001635,5.0766,-0.0045,-0.0006,5.0766,-0.1617,0.0273,-0.0011,0.0035,0.0809,0.178,5,0,-1,23.18,Driving,False,-0.03,0.265,0.002,0.0,False,False,1,,,,NONE,False,Green,60.0
189,12.6881,7.75,371,Vehicle 2,vehicle,vehicle.tesla.model3,hero_1,53.1393,326.5709,0.0019,0.0013,-0.0321,179.8422,53.1393,-326.5709,-3.138839,-3.4553,0.0165,0.0,3.4553,-0.3882,0.0237,0.0,0.0039,0.1687,-0.2546,5,0,1,43.13,Driving,False,-0.008,0.75,-0.003,0.0,False,False,1,,,,NONE,False,Green,30.0
189,12.6881,7.75,370,Vehicle 1,vehicle,vehicle.tesla.model3,hero_0,18.5178,330.5068,0.0016,0.001,0.0105,-0.2857,18.5178,-330.5068,0.004986,4.6308,-0.0297,0.0,4.6309,0.026,-0.0183,0.0001,0.0005,0.0572,-0.2519,5,0,-1,8.51,Driving,False,-0.038,0.3,-0.002,0.0,False,False,1,,,,NONE,False,Green,30.0
190,12.7381,7.8,375,entity_1,vehicle,vehicle.audi.a2,entity_1,61.009,331.442,-0.0073,0.0,0.0,0.0286,61.009,-331.442,-0.000499,0.0,0.0,0.0,0.0,0.0,0.0,0.0,0.0,0.0,0.0,5,0,-1,51.0,Driving,False,0.875,0.0,0.0,0.0,False,False,0,,,,NONE,False,Green,30.0
190,12.7381,7.8,374,entity_2,pedestrian,walker.pedestrian.0001,entity_2,63.8824,326.5598,0.9515,0.0,0.0,-89.759,63.8824,-326.5598,1.56659,0.0043,-1.0199,0.0,1.0199,0.0,0.0,0.0,0.0,0.0,0.0,5,0,1,53.87,Driving,False,0.009,,,,,,,0.0042,-1.0,1.02,,,,
190,12.7381,7.8,373,Vehicle 4,vehicle,vehicle.tesla.model3,hero_3,51.1543,330.5564,0.0018,-0.0025,-0.0185,-0.051,51.1543,-330.5564,0.00089,2.7259,0.0059,-0.0,2.7259,-5.0059,0.0151,-0.0,-0.0077,0.2342,0.2925,5,0,-1,41.15,Driving,False,-0.006,0.0,0.005,0.7,False,False,1,,,,NONE,False,Green,30.0
190,12.7381,7.8,372,Vehicle 3,vehicle,vehicle.tesla.model3,hero_2,33.4389,330.5221,0.0019,-0.001,0.005,-0.0852,33.4389,-330.5221,0.001487,5.0172,-0.0038,-0.0005,5.0172,-1.1879,0.0152,0.0014,-0.0004,0.1042,0.1653,5,0,-1,23.43,Driving,False,-0.03,0.265,0.002,0.0,False,False,1,,,,NONE,False,Green,60.0
190,12.7381,7.8,371,Vehicle 2,vehicle,vehicle.tesla.model3,hero_1,52.9646,326.5717,0.0018,0.0014,-0.0225,179.8292,52.9646,-326.5717,-3.138612,-3.5241,0.0178,-0.0,3.5242,-1.3762,0.0261,-0.0001,0.0012,0.2024,-0.2634,5,0,1,42.95,Driving,False,-0.009,0.75,-0.003,0.0,False,False,1,,,,NONE,False,Green,30.0
190,12.7381,7.8,370,Vehicle 1,vehicle,vehicle.tesla.model3,hero_0,18.7493,330.5053,0.0016,0.001,0.0079,-0.2979,18.7493,-330.5053,0.005199,4.6301,-0.0307,-0.0,4.6302,-0.0145,-0.0192,-0.0,-0.0001,0.047,-0.2377,5,0,-1,8.74,Driving,False,-0.039,0.3,-0.002,0.0,False,False,1,,,,NONE,False,Green,30.0
191,12.7881,7.85,375,entity_1,vehicle,vehicle.audi.a2,entity_1,61.009,331.442,-0.0073,0.0,0.0,0.0286,61.009,-331.442,-0.000499,0.0,0.0,0.0,0.0,0.0,0.0,0.0,0.0,0.0,0.0,5,0,-1,51.0,Driving,False,0.875,0.0,0.0,0.0,False,False,0,,,,NONE,False,Green,30.0
191,12.7881,7.85,374,entity_2,pedestrian,walker.pedestrian.0001,entity_2,63.8826,326.5088,0.9515,0.0,0.0,-89.759,63.8826,-326.5088,1.56659,0.0043,-1.0199,0.0,1.0199,0.0,0.0,0.0,0.0,0.0,0.0,5,0,1,53.87,Driving,False,0.06,,,,,,,0.0042,-1.0,1.02,,,,
191,12.7881,7.85,373,Vehicle 4,vehicle,vehicle.tesla.model3,hero_3,51.284,330.5563,0.0018,-0.0007,-0.0278,-0.0493,51.284,-330.5563,0.00086,2.5337,-0.0027,-0.0,2.5337,-3.8441,-0.1715,0.0,-0.0359,0.1319,-0.0561,5,0,-1,41.28,Driving,False,-0.006,0.75,-0.002,0.0,False,False,1,,,,NONE,False,Green,30.0
191,12.7881,7.85,372,Vehicle 3,vehicle,vehicle.tesla.model3,hero_2,33.6907,330.5224,0.0018,-0.0045,0.0036,-0.0479,33.6907,-330.5224,0.000836,5.0701,0.021,0.0005,5.0702,1.0583,0.4943,0.0206,0.0957,-0.0348,1.0428,5,0,-1,23.68,Driving,False,-0.03,0.0,0.012,0.7,False,False,1,,,,NONE,False,Green,60.0
191,12.7881,7.85,371,Vehicle 2,vehicle,vehicle.tesla.model3,hero_1,52.7857,326.5723,0.0018,0.0,-0.0127,179.8282,52.7857,-326.5723,-3.138594,-3.6119,0.01,0.0,3.6119,-1.7554,-0.1566,0.0,-0.0279,0.1899,0.062,5,0,1,42.77,Driving,False,-0.009,0.75,0.001,0.0,False,False,1,,,,NONE,False,Green,30.0
191,12.7881,7.85,370,Vehicle 1,vehicle,vehicle.tesla.model3,hero_0,18.9791,330.5042,0.0017,-0.0011,0.004,-0.291,18.9791,-330.5042,0.005079,4.5538,-0.0171,0.0,4.5538,-1.5257,0.2712,0.0001,0.0436,0.1143,0.2653,5,0,-1,8.97,Driving,False,-0.041,0.0,0.004,0.7,False,False,1,,,,NONE,False,Green,30.0
192,12.8381,7.9,375,entity_1,vehicle,vehicle.audi.a2,entity_1,61.009,331.442,-0.0073,0.0,0.0,0.0286,61.009,-331.442,-0.000499,0.0,0.0,0.0,0.0,0.0,0.0,0.0,0.0,0.0,0.0,5,0,-1,51.0,Driving,False,0.875,0.0,0.0,0.0,False,False,0,,,,NONE,False,Green,30.0
192,12.8381,7.9,374,entity_2,pedestrian,walker.pedestrian.0001,entity_2,63.8828,326.4578,0.9515,0.0,0.0,-89.759,63.8828,-326.4578,1.56659,0.0043,-1.0199,0.0,1.0199,0.0,0.0,0.0,0.0,0.0,0.0,5,0,1,53.87,Driving,False,0.111,,,,,,,0.0042,-1.0,1.02,,,,
192,12.8381,7.9,373,Vehicle 4,vehicle,vehicle.tesla.model3,hero_3,51.4097,330.5562,0.0018,0.0006,-0.0285,-0.0541,51.4097,-330.5562,0.000944,2.5105,-0.005,-0.0,2.5105,-0.4641,-0.0458,0.0,-0.0168,-0.0535,-0.11,5,0,-1,41.4,Driving,False,-0.006,0.75,-0.002,0.0,False,False,1,,,,NONE,False,Green,30.0
192,12.8381,7.9,372,Vehicle 3,vehicle,vehicle.tesla.model3,hero_2,33.9389,330.5234,0.0017,-0.0071,-0.0013,0.0101,33.9389,-330.5234,-0.000176,4.9065,0.0314,-0.0036,4.9066,-3.2721,0.2093,-0.0817,0.0361,0.1349,1.2092,5,0,-1,23.93,Driving,False,-0.029,0.0,0.012,0.7,False,False,1,,,,NONE,False,Green,60.0
192,12.8381,7.9,371,Vehicle 2,vehicle,vehicle.tesla.model3,hero_1,52.6018,326.5728,0.0017,-0.0009,-0.0035,179.833,52.6018,-326.5728,-3.138678,-3.7233,0.0082,-0.0,3.7233,-2.2274,-0.0354,-0.0,-0.0119,0.1764,0.1097,5,0,1,42.59,Driving,False,-0.01,0.75,0.001,0.0,False,False,1,,,,NONE,False,Green,30.0
192,12.8381,7.9,370,Vehicle 1,vehicle,vehicle.tesla.model3,hero_0,19.2009,330.5034,0.0017,-0.0025,-0.005,-0.2748,19.2009,-330.5034,0.004796,4.3441,-0.0123,-0.0,4.3442,-4.1934,0.0953,-0.0001,0.018,0.2235,0.3387,5,0,-1,9.19,Driving,False,-0.041,0.0,0.004,0.7,False,False,1,,,,NONE,False,Green,30.0
193,12.8881,7.95,375,entity_1,vehicle,vehicle.audi.a2,entity_1,61.009,331.442,-0.0073,0.0,0.0,0.0286,61.009,-331.442,-0.000499,0.0,0.0,0.0,0.0,0.0,0.0,0.0,0.0,0.0,0.0,5,0,-1,51.0,Driving,False,0.875,0.0,0.0,0.0,False,False,0,,,,NONE,False,Green,30.0
193,12.8881,7.95,374,entity_2,pedestrian,walker.pedestrian.0001,entity_2,63.883,326.4068,0.9515,0.0,0.0,-89.759,63.883,-326.4068,1.56659,0.0043,-1.0199,0.0,1.0199,0.0,0.0,0.0,0.0,0.0,0.0,5,0,1,53.87,Driving,False,0.162,,,,,,,0.0042,-1.0,1.02,,,,
193,12.8881,7.95,373,Vehicle 4,vehicle,vehicle.tesla.model3,hero_3,51.5356,330.556,0.0018,0.001,-0.0235,-0.0597,51.5356,-330.556,0.001042,2.5306,-0.0057,-0.0,2.5306,0.4021,-0.0143,0.0,-0.004,-0.1227,-0.1137,5,0,-1,41.53,Driving,False,-0.006,0.75,-0.002,0.0,False,False,1,,,,NONE,False,Green,30.0
193,12.8881,7.95,372,Vehicle 3,vehicle,vehicle.tesla.model3,hero_2,34.1767,330.5248,0.0016,-0.0079,-0.0117,0.0705,34.1767,-330.5248,-0.00123,4.6512,0.0371,-0.0012,4.6514,-5.1059,0.1128,0.0461,0.0036,0.2406,1.1948,5,0,-1,24.17,Driving,False,-0.028,0.0,0.012,0.7,False,False,1,,,,NONE,False,Green,60.0
193,12.8881,7.95,371,Vehicle 2,vehicle,vehicle.tesla.model3,hero_1,52.4122,326.5732,0.0017,-0.0012,0.0043,179.8388,52.4122,-326.5732,-3.138779,-3.8381,0.0077,0.0,3.8381,-2.2963,-0.0108,0.0,-0.002,0.1443,0.1181,5,0,1,42.4,Driving,False,-0.01,0.75,0.001,0.0,False,False,1,,,,NONE,False,Green,30.0
193,12.8881,7.95,370,Vehicle 1,vehicle,vehicle.tesla.model3,hero_0,19.409,330.5028,0.0018,-0.0027,-0.0185,-0.2582,19.409,-330.5028,0.004506,4.0413,-0.0095,-0.0,4.0413,-6.057,0.0572,0.0,0.0015,0.2833,0.3253,5,0,-1,9.4,Driving,False,-0.042,0.0,0.004,0.7,False,False,1,,,,NONE,False,Green,30.0
194,12.9381,8.0,375,entity_1,vehicle,vehicle.audi.a2,entity_1,61.009,331.442,-0.0073,0.0,0.0,0.0286,61.009,-331.442,-0.000499,0.0,0.0,0.0,0.0,0.0,0.0,0.0,0.0,0.0,0.0,5,0,-1,51.0,Driving,False,0.875,0.0,0.0,0.0,False,False,0,,,,NONE,False,Green,30.0
194,12.9381,8.0,374,entity_2,pedestrian,walker.pedestrian.0001,entity_2,63.8832,326.3558,0.9515,0.0,0.0,-89.759,63.8832,-326.3558,1.56659,0.0043,-1.0199,0.0,1.0199,0.0,0.0,0.0,0.0,0.0,0.0,5,0,1,53.87,Driving,False,0.213,,,,,,,0.0042,-1.0,1.02,,,,
194,12.9381,8.0,373,Vehicle 4,vehicle,vehicle.tesla.model3,hero_3,51.6643,330.5556,0.0018,0.001,-0.0158,-0.0656,51.6643,-330.5556,0.001145,2.6021,-0.0064,0.0,2.6022,1.4309,-0.0126,0.0,0.0001,-0.1672,-0.1203,5,0,-1,41.66,Driving,False,-0.007,0.75,-0.002,0.0,False,False,1,,,,NONE,False,Green,30.0
194,12.9381,8.0,372,Vehicle 3,vehicle,vehicle.tesla.model3,hero_2,34.4006,330.5264,0.0017,-0.0076,-0.0243,0.1285,34.4006,-330.5264,-0.002243,4.3619,0.0403,-0.0002,4.3621,-5.7868,0.065,0.0216,-0.0124,0.2537,1.1342,5,0,-1,24.39,Driving,False,-0.027,0.0,0.012,0.7,False,False,1,,,,NONE,False,Green,60.0
194,12.9381,8.0,371,Vehicle 2,vehicle,vehicle.tesla.model3,hero_1,52.2164,326.5736,0.0016,-0.0012,0.0109,179.8449,52.2164,-326.5736,-3.138886,-3.9642,0.0074,0.0,3.9643,-2.5235,-0.0059,0.0,0.0016,0.1222,0.1231,5,0,1,42.21,Driving,False,-0.011,0.75,0.001,0.0,False,False,1,,,,NONE,False,Green,30.0
194,12.9381,8.0,370,Vehicle 1,vehicle,vehicle.tesla.model3,hero_0,19.6017,330.5023,0.0019,-0.0025,-0.032,-0.2425,19.6017,-330.5023,0.004232,3.7301,-0.0073,-0.0,3.7301,-6.224,0.0426,0.0,-0.0053,0.2565,0.3121,5,0,-1,9.59,Driving,False,-0.043,0.0,0.004,0.7,False,False,1,,,,NONE,False,Green,30.0
195,12.9881,8.05,375,entity_1,vehicle,vehicle.audi.a2,entity_1,61.009,331.442,-0.0073,0.0,0.0,0.0286,61.009,-331.442,-0.000499,0.0,0.0,0.0,0.0,0.0,0.0,0.0,0.0,0.0,0.0,5,0,-1,51.0,Driving,False,0.875,0.0,0.0,0.0,False,False,0,,,,NONE,False,Green,30.0
195,12.9881,8.05,374,entity_2,pedestrian,walker.pedestrian.0001,entity_2,63.8834,326.3048,0.9515,0.0,0.0,-89.759,63.8834,-326.3048,1.56659,0.0043,-1.0199,0.0,1.0199,0.0,0.0,0.0,0.0,0.0,0.0,5,0,1,53.87,Driving,False,0.264,,,,,,,0.0042,-1.0,1.02,,,,
195,12.9881,8.05,373,Vehicle 4,vehicle,vehicle.tesla.model3,hero_3,51.7953,330.5555,0.0017,0.0005,-0.0094,-0.0672,51.7953,-330.5555,0.001173,2.6181,-0.0035,-0.0,2.6181,0.3181,0.0562,-0.0,0.0114,-0.0858,-0.0053,5,0,-1,41.79,Driving,False,-0.007,0.026,0.0,0.3,False,False,1,,,,NONE,False,Green,30.0
195,12.9881,8.05,372,Vehicle 3,vehicle,vehicle.tesla.model3,hero_2,34.612,330.5277,0.0018,-0.0042,-0.0335,0.1601,34.612,-330.5277,-0.002794,4.1668,0.0258,0.0003,4.1669,-3.9021,-0.2912,0.009,-0.0687,0.1143,0.4541,5,0,-1,24.6,Driving,False,-0.025,0.325,0.004,0.0,False,False,1,,,,NONE,False,Green,60.0
195,12.9881,8.05,371,Vehicle 2,vehicle,vehicle.tesla.model3,hero_1,52.0145,326.574,0.0016,-0.001,0.0161,179.8499,52.0145,-326.574,-3.138973,-4.0869,0.0081,-0.0,4.0869,-2.4523,0.014,-0.0,0.0053,0.0919,0.0929,5,0,1,42.0,Driving,False,-0.012,0.75,0.001,0.0,False,False,1,,,,NONE,False,Green,30.0
195,12.9881,8.05,370,Vehicle 1,vehicle,vehicle.tesla.model3,hero_0,19.7813,330.5024,0.0019,-0.0047,-0.0406,-0.2052,19.7813,-330.5024,0.003581,3.5279,0.0104,0.0,3.5279,-4.0441,0.3542,0.0,0.0402,0.0974,0.872,5,0,-1,9.77,Driving,False,-0.043,0.75,0.013,0.0,False,False,1,,,,NONE,False,Green,30.0
196,13.0381,8.1,375,entity_1,vehicle,vehicle.audi.a2,entity_1,61.009,331.442,-0.0073,0.0,0.0,0.0286,61.009,-331.442,-0.000499,0.0,0.0,0.0,0.0,0.0,0.0,0.0,0.0,0.0,0.0,5,0,-1,51.0,Driving,False,0.875,0.0,0.0,0.0,False,False,0,,,,NONE,False,Green,30.0
196,13.0381,8.1,374,entity_2,pedestrian,walker.pedestrian.0001,entity_2,63.8836,326.2538,0.9515,0.0,0.0,-89.759,63.8836,-326.2538,1.56659,0.0043,-1.0199,0.0,1.0199,0.0,0.0,0.0,0.0,0.0,0.0,5,0,1,53.87,Driving,False,0.315,,,,,,,0.0042,-1.0,1.02,,,,
196,13.0381,8.1,373,Vehicle 4,vehicle,vehicle.tesla.model3,hero_3,51.9248,330.5553,0.0017,0.0001,-0.0078,-0.067,51.9248,-330.5553,0.001169,2.5643,-0.0029,-0.0,2.5643,-1.0747,0.0126,0.0,0.0055,-0.0029,0.0084,5,0,-1,41.92,Driving,False,-0.007,0.026,0.0,0.3,False,False,1,,,,NONE,False,Green,30.0
196,13.0381,8.1,372,Vehicle 3,vehicle,vehicle.tesla.model3,hero_2,34.8191,330.5287,0.0018,-0.0019,-0.0333,0.1792,34.8191,-330.5287,-0.003128,4.1352,0.0236,0.0004,4.1352,-0.6322,-0.0433,0.0028,-0.0329,-0.0653,0.3576,5,0,-1,24.81,Driving,False,-0.025,0.325,0.004,0.0,False,False,1,,,,NONE,False,Green,60.0
196,13.0381,8.1,371,Vehicle 2,vehicle,vehicle.tesla.model3,hero_1,51.8063,326.5744,0.0016,-0.0008,0.0201,179.8545,51.8063,-326.5744,-3.139053,-4.2154,0.0081,-0.0,4.2154,-2.5706,0.0018,-0.0,0.0035,0.0742,0.0912,5,0,1,41.8,Driving,False,-0.012,0.75,0.001,0.0,False,False,1,,,,NONE,False,Green,30.0
196,13.0381,8.1,370,Vehicle 1,vehicle,vehicle.tesla.model3,hero_0,19.9565,330.5029,0.0019,-0.0059,-0.0391,-0.1583,19.9565,-330.5029,0.002763,3.4991,0.0164,-0.0,3.4991,-0.5758,0.1215,-0.0,0.0133,-0.0975,0.9611,5,0,-1,9.95,Driving,False,-0.042,0.75,0.013,0.0,False,False,1,,,,NONE,False,Green,30.0
197,13.0881,8.15,375,entity_1,vehicle,vehicle.audi.a2,entity_1,61.009,331.442,-0.0073,0.0,0.0,0.0286,61.009,-331.442,-0.000499,0.0,0.0,0.0,0.0,0.0,0.0,0.0,0.0,0.0,0.0,5,0,-1,51.0,Driving,False,0.875,0.0,0.0,0.0,False,False,0,,,,NONE,False,Green,30.0
197,13.0881,8.15,374,entity_2,pedestrian,walker.pedestrian.0001,entity_2,63.8839,326.2028,0.9515,0.0,0.0,-89.759,63.8839,-326.2028,1.56659,0.0043,-1.0199,0.0,1.0199,0.0,0.0,0.0,0.0,0.0,0.0,5,0,1,53.87,Driving,False,0.366,,,,,,,0.0042,-1.0,1.02,,,,
197,13.0881,8.15,373,Vehicle 4,vehicle,vehicle.tesla.model3,hero_3,52.0501,330.5551,0.0017,-0.0001,-0.0097,-0.0665,52.0501,-330.5551,0.001161,2.4625,-0.0026,0.0,2.4625,-2.0362,0.0053,0.0,0.0018,0.0628,0.0095,5,0,-1,42.04,Driving,False,-0.007,0.026,0.0,0.3,False,False,1,,,,NONE,False,Green,30.0
197,13.0881,8.15,372,Vehicle 3,vehicle,vehicle.tesla.model3,hero_2,35.0255,330.5298,0.0018,-0.0009,-0.0284,0.1965,35.0255,-330.5298,-0.00343,4.1216,0.0239,0.0004,4.1217,-0.2711,0.0055,-0.0001,-0.0111,-0.111,0.3421,5,0,-1,25.02,Driving,False,-0.024,0.325,0.004,0.0,False,False,1,,,,NONE,False,Green,60.0
197,13.0881,8.15,371,Vehicle 2,vehicle,vehicle.tesla.model3,hero_1,51.5917,326.5749,0.0015,-0.0006,0.0232,179.8591,51.5917,-326.5749,-3.139133,-4.3401,0.0081,0.0,4.3401,-2.4947,-0.0009,0.0001,0.002,0.0537,0.0933,5,0,1,41.58,Driving,False,-0.013,0.75,0.001,0.0,False,False,1,,,,NONE,False,Green,30.0
197,13.0881,8.15,370,Vehicle 1,vehicle,vehicle.tesla.model3,hero_0,20.1319,330.5035,0.0019,-0.0059,-0.0318,-0.1101,20.1319,-330.5035,0.001922,3.5189,0.02,-0.0,3.519,0.3962,0.0706,-0.0,-0.0044,-0.1676,0.9655,5,0,-1,10.12,Driving,False,-0.042,0.75,0.013,0.0,False,False,1,,,,NONE,False,Green,30.0
198,13.1381,8.2,375,entity_1,vehicle,vehicle.audi.a2,entity_1,61.009,331.442,-0.0073,0.0,0.0,0.0286,61.009,-331.442,-0.000499,0.0,0.0,0.0,0.0,0.0,0.0,0.0,0.0,0.0,0.0,5,0,-1,51.0,Driving,False,0.875,0.0,0.0,0.0,False,False,0,,,,NONE,False,Green,30.0
198,13.1381,8.2,374,entity_2,pedestrian,walker.pedestrian.0001,entity_2,63.8841,326.1518,0.9515,0.0,0.0,-89.759,63.8841,-326.1518,1.56659,0.0043,-1.0199,0.0,1.0199,0.0,0.0,0.0,0.0,0.0,0.0,5,0,1,53.87,Driving,False,0.417,,,,,,,0.0042,-1.0,1.02,,,,
198,13.1381,8.2,373,Vehicle 4,vehicle,vehicle.tesla.model3,hero_3,52.1699,330.5549,0.0018,-0.0001,-0.0133,-0.066,52.1699,-330.5549,0.001152,2.3517,-0.0025,0.0,2.3517,-2.2155,0.0038,0.0,0.0003,0.0716,0.0096,5,0,-1,42.16,Driving,False,-0.008,0.026,0.0,0.3,False,False,1,,,,NONE,False,Green,30.0
198,13.1381,8.2,372,Vehicle 3,vehicle,vehicle.tesla.model3,hero_2,35.2315,330.5309,0.0018,-0.0007,-0.0225,0.2136,35.2315,-330.5309,-0.003728,4.1201,0.0249,0.0004,4.1202,-0.0303,0.0199,-0.0011,-0.0012,-0.1167,0.3424,5,0,-1,25.22,Driving,False,-0.023,0.325,0.004,0.0,False,False,1,,,,NONE,False,Green,60.0
198,13.1381,8.2,371,Vehicle 2,vehicle,vehicle.tesla.model3,hero_1,51.3709,326.5753,0.0015,-0.0006,0.0255,179.8638,51.3709,-326.5753,-3.139216,-4.4658,0.008,-0.0,4.4658,-2.514,-0.002,-0.0,0.0012,0.0399,0.0953,5,0,1,41.36,Driving,False,-0.013,0.75,0.001,0.0,False,False,1,,,,NONE,False,Green,30.0
198,13.1381,8.2,370,Vehicle 1,vehicle,vehicle.tesla.model3,hero_0,20.3098,330.5043,0.0018,-0.0057,-0.0223,-0.0609,20.3098,-330.5043,0.001063,3.5878,0.0239,-0.0,3.5879,1.3775,0.0776,0.0,-0.0057,-0.2013,0.9959,5,0,-1,10.3,Driving,False,-0.041,0.75,0.013,0.0,False,False,1,,,,NONE,False,Green,30.0
199,13.1881,8.25,375,entity_1,vehicle,vehicle.audi.a2,entity_1,61.009,331.442,-0.0073,0.0,0.0,0.0286,61.009,-331.442,-0.000499,0.0,0.0,0.0,0.0,0.0,0.0,0.0,0.0,0.0,0.0,5,0,-1,51.0,Driving,False,0.875,0.0,0.0,0.0,False,False,0,,,,NONE,False,Green,30.0
199,13.1881,8.25,374,entity_2,pedestrian,walker.pedestrian.0001,entity_2,63.8843,326.1008,0.9515,0.0,0.0,-89.759,63.8843,-326.1008,1.56659,0.0043,-1.0199,0.0,1.0199,0.0,0.0,0.0,0.0,0.0,0.0,5,0,1,53.87,Driving,False,0.468,,,,,,,0.0042,-1.0,1.02,,,,
199,13.1881,8.25,373,Vehicle 4,vehicle,vehicle.tesla.model3,hero_3,52.2824,330.5547,0.0018,0.0002,-0.0186,-0.0682,52.2824,-330.5547,0.00119,2.1668,-0.0041,0.0,2.1668,-3.6992,-0.0322,0.0,-0.0054,0.1397,-0.0583,5,0,-1,42.27,Driving,False,-0.008,0.0,-0.001,1.0,False,False,1,,,,NONE,False,Green,30.0
199,13.1881,8.25,372,Vehicle 3,vehicle,vehicle.tesla.model3,hero_2,35.4377,330.531,0.0017,0.0048,-0.0171,0.1809,35.4377,-330.531,-0.003157,4.1266,-0.0109,0.0003,4.1266,0.1298,-0.7146,-0.0015,-0.1115,-0.1063,-0.9996,5,0,-1,25.43,Driving,False,-0.023,0.601,-0.014,0.0,False,False,1,,,,NONE,False,Green,60.0
199,13.1881,8.25,371,Vehicle 2,vehicle,vehicle.tesla.model3,hero_1,51.1442,326.5754,0.0015,-0.0019,0.0267,179.881,51.1442,-326.5754,-3.139516,-4.575,-0.0014,-0.0,4.575,-2.1843,-0.1877,0.0,-0.0278,0.0117,0.4323,5,0,1,41.13,Driving,False,-0.013,0.3,0.005,0.0,False,False,1,,,,NONE,False,Green,30.0
199,13.1881,8.25,370,Vehicle 1,vehicle,vehicle.tesla.model3,hero_0,20.4918,330.5051,0.0018,-0.0043,-0.0125,-0.0204,20.4918,-330.5051,0.000356,3.6759,0.0203,0.0,3.6759,1.762,-0.0714,0.0,-0.0286,-0.1893,0.7517,5,0,-1,10.48,Driving,False,-0.041,0.75,0.009,0.0,False,False,1,,,,NONE,False,Green,30.0
200,13.2381,8.3,375,entity_1,vehicle,vehicle.audi.a2,entity_1,61.009,331.442,-0.0073,0.0,0.0,0.0286,61.009,-331.442,-0.000499,0.0,0.0,0.0,0.0,0.0,0.0,0.0,0.0,0.0,0.0,5,0,-1,51.0,Driving,False,0.875,0.0,0.0,0.0,False,False,0,,,,NONE,False,Green,30.0
200,13.2381,8.3,374,entity_2,pedestrian,walker.pedestrian.0001,entity_2,63.8845,326.0498,0.9515,0.0,0.0,-89.759,63.8845,-326.0498,1.56659,0.0043,-1.0199,0.0,1.0199,0.0,0.0,0.0,0.0,0.0,0.0,5,0,1,53.87,Driving,False,0.519,,,,,,,0.0042,-1.0,1.02,,,,
200,13.2381,8.3,373,Vehicle 4,vehicle,vehicle.tesla.model3,hero_3,52.3622,330.5545,0.002,0.0002,-0.0496,-0.0703,52.3622,-330.5545,0.001227,1.0859,-0.0022,-0.0,1.0859,-21.6178,0.0377,-0.0001,0.0032,0.9591,-0.0263,5,0,-1,42.35,Driving,False,-0.008,0.0,-0.001,1.0,False,False,1,,,,NONE,False,Green,30.0
200,13.2381,8.3,372,Vehicle 3,vehicle,vehicle.tesla.model3,hero_2,35.6451,330.5304,0.0017,0.0084,-0.0115,0.1229,35.6451,-330.5304,-0.002145,4.1652,-0.0228,0.0002,4.1653,0.7727,-0.2384,-0.0013,-0.0466,-0.1138,-1.2192,5,0,-1,25.64,Driving,False,-0.023,0.601,-0.014,0.0,False,False,1,,,,NONE,False,Green,60.0
200,13.2381,8.3,371,Vehicle 2,vehicle,vehicle.tesla.model3,hero_1,50.9134,326.5754,0.0015,-0.0028,0.0259,179.9047,50.9134,-326.5754,-3.139929,-4.6392,-0.0051,-0.0,4.6392,-1.2824,-0.0739,0.0,-0.0122,-0.0355,0.4884,5,0,1,40.9,Driving,False,-0.013,0.3,0.005,0.0,False,False,1,,,,NONE,False,Green,30.0
200,13.2381,8.3,370,Vehicle 1,vehicle,vehicle.tesla.model3,hero_0,20.679,330.5059,0.0017,-0.0033,-0.0034,0.0167,20.679,-330.5059,-0.000291,3.7872,0.022,-0.0,3.7873,2.2269,0.0349,-0.0,-0.0123,-0.1756,0.7432,5,0,-1,10.67,Driving,False,-0.04,0.75,0.009,0.0,False,False,1,,,,NONE,False,Green,30.0
201,13.2881,8.35,375,entity_1,vehicle,vehicle.audi.a2,entity_1,61.009,331.442,-0.0073,0.0,0.0,0.0286,61.009,-331.442,-0.000499,0.0,0.0,0.0,0.0,0.0,0.0,0.0,0.0,0.0,0.0,5,0,-1,51.0,Driving,False,0.875,0.0,0.0,0.0,False,False,0,,,,NONE,False,Green,30.0
201,13.2881,8.35,374,entity_2,pedestrian,walker.pedestrian.0001,entity_2,63.8847,325.9988,0.9515,0.0,0.0,-89.76,63.8847,-325.9988,1.566608,0.0043,-1.0199,0.0,1.0199,0.0,0.0,0.0,0.0,0.0,0.0,5,0,1,53.87,Driving,False,0.57,,,,,,,0.0042,-1.0,1.02,,,,
201,13.2881,8.35,373,Vehicle 4,vehicle,vehicle.tesla.model3,hero_3,52.3819,330.5545,0.0023,0.0,-0.0976,-0.0707,52.3819,-330.5545,0.001234,0.119,-0.0003,-0.0,0.119,-19.3377,0.0378,-0.0001,0.004,0.6845,-0.0036,5,0,-1,42.37,Driving,False,-0.008,0.0,-0.001,1.0,False,False,1,,,,NONE,False,Green,30.0
201,13.2881,8.35,372,Vehicle 3,vehicle,vehicle.tesla.model3,hero_2,35.8549,330.5294,0.0017,0.0094,-0.006,0.0605,35.8549,-330.5294,-0.001056,4.2189,-0.0294,0.0002,4.219,1.0734,-0.1329,-0.0012,-0.0055,-0.1073,-1.2591,5,0,-1,25.85,Driving,False,-0.024,0.601,-0.014,0.0,False,False,1,,,,NONE,False,Green,60.0
201,13.2881,8.35,371,Vehicle 2,vehicle,vehicle.tesla.model3,hero_1,50.6803,326.5752,0.0015,-0.0031,0.0231,179.9295,50.6803,-326.5752,-3.140362,-4.673,-0.0076,-0.0,4.673,-0.676,-0.0502,-0.0,-0.0024,-0.0661,0.4994,5,0,1,40.67,Driving,False,-0.013,0.3,0.005,0.0,False,False,1,,,,NONE,False,Green,30.0
201,13.2881,8.35,370,Vehicle 1,vehicle,vehicle.tesla.model3,hero_0,20.8718,330.5068,0.0017,-0.003,0.0044,0.0541,20.8718,-330.5068,-0.000944,3.902,0.0247,0.0,3.9021,2.2955,0.0529,0.0001,-0.004,-0.1436,0.7542,5,0,-1,10.86,Driving,False,-0.039,0.75,0.009,0.0,False,False,1,,,,NONE,False,Green,30.0
202,13.3381,8.4,375,entity_1,vehicle,vehicle.audi.a2,entity_1,61.009,331.442,-0.0073,0.0,0.0,0.0286,61.009,-331.442,-0.000499,0.0,0.0,0.0,0.0,0.0,0.0,0.0,0.0,0.0,0.0,5,0,-1,51.0,Driving,False,0.875,0.0,0.0,0.0,False,False,0,,,,NONE,False,Green,30.0
202,13.3381,8.4,374,entity_2,pedestrian,walker.pedestrian.0001,entity_2,63.8849,325.9478,0.9515,0.0,0.0,-89.76,63.8849,-325.9478,1.566608,0.0043,-1.0199,0.0,1.0199,0.0,0.0,0.0,0.0,0.0,0.0,5,0,1,53.87,Driving,False,0.621,,,,,,,0.0042,-1.0,1.02,,,,
202,13.3381,8.4,373,Vehicle 4,vehicle,vehicle.tesla.model3,hero_3,52.3818,330.5545,0.0023,-0.0001,-0.1072,-0.0709,52.3818,-330.5545,0.001237,-0.0001,-0.0,-0.0,0.0001,-2.3816,0.0056,0.0,0.0008,-0.1213,-0.0,5,0,-1,42.37,Driving,False,-0.008,0.0,-0.001,1.0,False,False,1,,,,NONE,False,Green,30.0
202,13.3381,8.4,372,Vehicle 3,vehicle,vehicle.tesla.model3,hero_2,36.0679,330.5281,0.0017,0.0092,-0.0008,-0.0033,36.0679,-330.5281,5.8e-05,4.2873,-0.0353,0.0001,4.2875,1.3689,-0.117,-0.0009,0.0081,-0.1006,-1.2865,5,0,-1,26.06,Driving,False,-0.026,0.601,-0.014,0.0,False,False,1,,,,NONE,False,Green,60.0
202,13.3381,8.4,371,Vehicle 2,vehicle,vehicle.tesla.model3,hero_1,50.4462,326.5749,0.0016,-0.0031,0.0194,179.9545,50.4462,-326.5749,-3.140799,-4.6896,-0.0098,-0.0,4.6896,-0.3327,-0.0442,-0.0,0.0016,-0.0769,0.5019,5,0,1,40.44,Driving,False,-0.013,0.3,0.005,0.0,False,False,1,,,,NONE,False,Green,30.0
202,13.3381,8.4,370,Vehicle 1,vehicle,vehicle.tesla.model3,hero_0,21.0707,330.508,0.0016,-0.003,0.0109,0.0926,21.0707,-330.508,-0.001616,4.0273,0.028,0.0,4.0274,2.506,0.0672,-0.0001,0.0014,-0.121,0.7793,5,0,-1,11.06,Driving,False,-0.038,0.75,0.009,0.0,False,False,1,,,,NONE,False,Green,30.0
203,13.3881,8.45,375,entity_1,vehicle,vehicle.audi.a2,entity_1,61.009,331.442,-0.0073,0.0,0.0,0.0286,61.009,-331.442,-0.000499,0.0,0.0,0.0,0.0,0.0,0.0,0.0,0.0,0.0,0.0,5,0,-1,51.0,Driving,False,0.875,0.0,0.0,0.0,False,False,0,,,,NONE,False,Green,30.0
203,13.3881,8.45,374,entity_2,pedestrian,walker.pedestrian.0001,entity_2,63.8852,325.8968,0.9515,0.0,0.0,-89.76,63.8852,-325.8968,1.566608,0.0043,-1.0199,0.0,1.0199,0.0,0.0,0.0,0.0,0.0,0.0,5,0,1,53.87,Driving,False,0.672,,,,,,,0.0042,-1.0,1.02,,,,
203,13.3881,8.45,373,Vehicle 4,vehicle,vehicle.tesla.model3,hero_3,52.3819,330.5545,0.0022,-0.0001,-0.092,-0.0709,52.3819,-330.5545,0.001237,-0.0003,-0.0,-0.0,0.0003,-0.0033,0.0,0.0001,-0.0004,-0.3731,-0.0001,5,0,-1,42.37,Driving,False,-0.008,0.525,-0.005,0.3,False,False,1,,,,NONE,False,Green,30.0
203,13.3881,8.45,372,Vehicle 3,vehicle,vehicle.tesla.model3,hero_2,36.2842,330.5269,0.0016,0.0066,0.0034,-0.0498,36.2842,-330.5269,0.000869,4.3465,-0.0272,0.0001,4.3465,1.1823,0.1627,-0.0006,0.0538,-0.0701,-0.8099,5,0,-1,26.28,Driving,False,-0.027,0.337,-0.008,0.0,False,False,1,,,,NONE,False,Green,60.0
203,13.3881,8.45,371,Vehicle 2,vehicle,vehicle.tesla.model3,hero_1,50.2115,326.5749,0.0016,-0.0006,0.0156,179.9583,50.2115,-326.5749,-3.140865,-4.6965,0.004,0.0,4.6965,-0.1377,0.2769,0.0,0.0521,-0.0747,-0.0765,5,0,1,40.2,Driving,False,-0.013,0.3,-0.002,0.0,False,False,1,,,,NONE,False,Green,30.0
203,13.3881,8.45,370,Vehicle 1,vehicle,vehicle.tesla.model3,hero_0,21.2756,330.5088,0.0016,-0.0007,0.0159,0.1103,21.2756,-330.5088,-0.001925,4.1415,0.0153,0.0,4.1415,2.2834,-0.2543,-0.0,-0.047,-0.0829,0.2132,5,0,-1,11.27,Driving,False,-0.037,0.62,0.001,0.0,False,False,1,,,,NONE,False,Green,30.0
204,13.4381,8.5,375,entity_1,vehicle,vehicle.audi.a2,entity_1,61.009,331.442,-0.0073,0.0,0.0,0.0286,61.009,-331.442,-0.000499,0.0,0.0,0.0,0.0,0.0,0.0,0.0,0.0,0.0,0.0,5,0,-1,51.0,Driving,False,0.875,0.0,0.0,0.0,False,False,0,,,,NONE,False,Green,30.0
204,13.4381,8.5,374,entity_2,pedestrian,walker.pedestrian.0001,entity_2,63.8854,325.8458,0.9515,0.0,0.0,-89.76,63.8854,-325.8458,1.566608,0.0043,-1.0199,0.0,1.0199,0.0,0.0,0.0,0.0,0.0,0.0,5,0,1,53.87,Driving,False,0.723,,,,,,,0.0042,-1.0,1.02,,,,
204,13.4381,8.5,373,Vehicle 4,vehicle,vehicle.tesla.model3,hero_3,52.382,330.5545,0.0021,-0.0001,-0.0727,-0.0709,52.382,-330.5545,0.001237,-0.0003,-0.0,0.0,0.0003,-0.0001,0.0,0.0001,-0.0008,-0.3795,-0.0,5,0,-1,42.37,Driving,False,-0.008,0.525,-0.005,0.3,False,False,1,,,,NONE,False,Green,30.0
204,13.4381,8.5,372,Vehicle 3,vehicle,vehicle.tesla.model3,hero_2,36.5028,330.5258,0.0016,0.0047,0.0058,-0.0879,36.5028,-330.5258,0.001534,4.3862,-0.0277,0.0001,4.3862,0.794,-0.0114,-0.0006,0.0291,-0.0355,-0.7458,5,0,-1,26.49,Driving,False,-0.028,0.337,-0.008,0.0,False,False,1,,,,NONE,False,Green,60.0
204,13.4381,8.5,371,Vehicle 2,vehicle,vehicle.tesla.model3,hero_1,49.9766,326.5752,0.0016,0.0012,0.0121,179.9511,49.9766,-326.5752,-3.140739,-4.6979,0.0078,0.0,4.6979,-0.029,0.0752,0.0,0.0245,-0.066,-0.167,5,0,1,39.97,Driving,False,-0.014,0.3,-0.002,0.0,False,False,1,,,,NONE,False,Green,30.0
204,13.4381,8.5,370,Vehicle 1,vehicle,vehicle.tesla.model3,hero_0,21.4859,330.5094,0.0016,0.0008,0.0191,0.1182,21.4859,-330.5094,-0.002063,4.248,0.0132,-0.0,4.248,2.1311,-0.0422,-0.0,-0.0184,-0.0538,0.1381,5,0,-1,11.48,Driving,False,-0.037,0.62,0.001,0.0,False,False,1,,,,NONE,False,Green,30.0
205,13.4881,8.55,375,entity_1,vehicle,vehicle.audi.a2,entity_1,61.009,331.442,-0.0073,0.0,0.0,0.0286,61.009,-331.442,-0.000499,0.0,0.0,0.0,0.0,0.0,0.0,0.0,0.0,0.0,0.0,5,0,-1,51.0,Driving,False,0.875,0.0,0.0,0.0,False,False,0,,,,NONE,False,Green,30.0
205,13.4881,8.55,374,entity_2,pedestrian,walker.pedestrian.0001,entity_2,63.8856,325.7948,0.9515,0.0,0.0,-89.76,63.8856,-325.7948,1.566608,0.0043,-1.0199,0.0,1.0199,0.0,0.0,0.0,0.0,0.0,0.0,5,0,1,53.87,Driving,False,0.774,,,,,,,0.0042,-1.0,1.02,,,,
205,13.4881,8.55,373,Vehicle 4,vehicle,vehicle.tesla.model3,hero_3,52.3822,330.5545,0.002,-0.0001,-0.0554,-0.0709,52.3822,-330.5545,0.001237,-0.0002,-0.0,0.0,0.0002,0.0008,0.0,-0.0,-0.0008,-0.3185,-0.0,5,0,-1,42.37,Driving,False,-0.008,0.525,-0.005,0.3,False,False,1,,,,NONE,False,Green,30.0
205,13.4881,8.55,372,Vehicle 3,vehicle,vehicle.tesla.model3,hero_2,36.7229,330.5246,0.0016,0.0037,0.0067,-0.1248,36.7229,-330.5246,0.002178,4.4097,-0.0299,0.0,4.4098,0.4718,-0.0443,-0.0003,0.013,-0.007,-0.7364,5,0,-1,26.71,Driving,False,-0.03,0.337,-0.008,0.0,False,False,1,,,,NONE,False,Green,60.0
205,13.4881,8.55,371,Vehicle 2,vehicle,vehicle.tesla.model3,hero_1,49.7418,326.5756,0.0016,0.0018,0.0091,179.9422,49.7418,-326.5756,-3.140584,-4.6963,0.0094,-0.0,4.6963,0.0327,0.0314,-0.0,0.0065,-0.0551,-0.1837,5,0,1,39.73,Driving,False,-0.014,0.3,-0.002,0.0,False,False,1,,,,NONE,False,Green,30.0
205,13.4881,8.55,370,Vehicle 1,vehicle,vehicle.tesla.model3,hero_0,21.7012,330.5099,0.0016,0.0012,0.021,0.1247,21.7012,-330.5099,-0.002176,4.3435,0.0132,-0.0,4.3435,1.9089,-0.0003,0.0,-0.0015,-0.0276,0.1289,5,0,-1,11.69,Driving,False,-0.036,0.62,0.001,0.0,False,False,1,,,,NONE,False,Green,30.0
206,13.5381,8.6,375,entity_1,vehicle,vehicle.audi.a2,entity_1,61.009,331.442,-0.0073,0.0,0.0,0.0286,61.009,-331.442,-0.000499,0.0,0.0,0.0,0.0,0.0,0.0,0.0,0.0,0.0,0.0,5,0,-1,51.0,Driving,False,0.875,0.0,0.0,0.0,False,False,0,,,,NONE,False,Green,30.0
206,13.5381,8.6,374,entity_2,pedestrian,walker.pedestrian.0001,entity_2,63.8858,325.7438,0.9515,0.0,0.0,-89.76,63.8858,-325.7438,1.566608,0.0043,-1.0199,0.0,1.0199,0.0,0.0,0.0,0.0,0.0,0.0,5,0,1,53.87,Driving,False,0.825,,,,,,,0.0042,-1.0,1.02,,,,
206,13.5381,8.6,373,Vehicle 4,vehicle,vehicle.tesla.model3,hero_3,52.3823,330.5545,0.0019,-0.0,-0.0416,-0.0709,52.3823,-330.5545,0.001237,-0.0002,-0.0,0.0,0.0002,0.0009,0.0,-0.0,-0.0006,-0.2494,-0.0,5,0,-1,42.37,Driving,False,-0.008,0.525,-0.005,0.3,False,False,1,,,,NONE,False,Green,30.0
206,13.5381,8.6,372,Vehicle 3,vehicle,vehicle.tesla.model3,hero_2,36.9439,330.5232,0.0016,0.0034,0.0067,-0.1617,36.9439,-330.5232,0.002822,4.4283,-0.0327,0.0,4.4284,0.3705,-0.0557,-0.0002,0.0046,0.0051,-0.7394,5,0,-1,26.93,Driving,False,-0.031,0.337,-0.008,0.0,False,False,1,,,,NONE,False,Green,60.0
206,13.5381,8.6,371,Vehicle 2,vehicle,vehicle.tesla.model3,hero_1,49.5071,326.576,0.0016,0.0019,0.0067,179.933,49.5071,-326.576,-3.140423,-4.693,0.0104,-0.0,4.693,0.066,0.0201,0.0,-0.001,-0.0443,-0.1807,5,0,1,39.5,Driving,False,-0.015,0.3,-0.002,0.0,False,False,1,,,,NONE,False,Green,30.0
206,13.5381,8.6,370,Vehicle 1,vehicle,vehicle.tesla.model3,hero_0,21.9212,330.5105,0.0016,0.001,0.022,0.1312,21.9212,-330.5105,-0.00229,4.4372,0.0137,-0.0,4.4372,1.8746,0.0108,-0.0,0.0048,-0.015,0.1296,5,0,-1,11.91,Driving,False,-0.036,0.62,0.001,0.0,False,False,1,,,,NONE,False,Green,30.0
207,13.5881,8.65,375,entity_1,vehicle,vehicle.audi.a2,entity_1,61.009,331.442,-0.0073,0.0,0.0,0.0286,61.009,-331.442,-0.000499,0.0,0.0,0.0,0.0,0.0,0.0,0.0,0.0,0.0,0.0,5,0,-1,51.0,Driving,False,0.875,0.0,0.0,0.0,False,False,0,,,,NONE,False,Green,30.0
207,13.5881,8.65,374,entity_2,pedestrian,walker.pedestrian.0001,entity_2,63.886,325.6928,0.9515,0.0,0.0,-89.76,63.886,-325.6928,1.566608,0.0043,-1.0199,0.0,1.0199,0.0,0.0,0.0,0.0,0.0,0.0,5,0,1,53.87,Driving,False,0.876,,,,,,,0.0042,-1.0,1.02,,,,
207,13.5881,8.65,373,Vehicle 4,vehicle,vehicle.tesla.model3,hero_3,52.3823,330.5545,0.0019,-0.0,-0.031,-0.0709,52.3823,-330.5545,0.001237,-0.0001,-0.0,0.0,0.0001,0.0008,0.0,-0.0,-0.0005,-0.1894,-0.0,5,0,-1,42.37,Driving,False,-0.008,0.525,-0.004,0.3,False,False,1,,,,NONE,False,Green,30.0
207,13.5881,8.65,372,Vehicle 3,vehicle,vehicle.tesla.model3,hero_2,37.1641,330.522,0.0017,0.0018,0.0043,-0.1861,37.1641,-330.522,0.003248,4.3671,-0.0259,0.0,4.3671,-1.2241,0.1371,-0.0002,0.0313,0.0893,-0.3959,5,0,-1,27.16,Driving,False,-0.033,0.0,-0.004,0.7,False,False,1,,,,NONE,False,Green,60.0
207,13.5881,8.65,371,Vehicle 2,vehicle,vehicle.tesla.model3,hero_1,49.2742,326.5764,0.0017,0.0007,0.0029,179.9331,49.2742,-326.5764,-3.140425,-4.6157,0.0042,-0.0,4.6157,1.5467,-0.1238,0.0,-0.0247,-0.1103,0.0647,5,0,1,39.26,Driving,False,-0.015,0.0,0.001,0.7,False,False,1,,,,NONE,False,Green,30.0
207,13.5881,8.65,370,Vehicle 1,vehicle,vehicle.tesla.model3,hero_0,22.1441,330.511,0.0016,0.0016,0.0205,0.1301,22.1441,-330.511,-0.002271,4.4503,0.0086,-0.0,4.4503,0.262,-0.1026,0.0,-0.0112,0.0741,-0.0723,5,0,-1,12.14,Driving,False,-0.035,0.0,-0.001,0.7,False,False,1,,,,NONE,False,Green,30.0
208,13.6381,8.7,375,entity_1,vehicle,vehicle.audi.a2,entity_1,61.009,331.442,-0.0073,0.0,0.0,0.0286,61.009,-331.442,-0.000499,0.0,0.0,0.0,0.0,0.0,0.0,0.0,0.0,0.0,0.0,5,0,-1,51.0,Driving,False,0.875,0.0,0.0,0.0,False,False,0,,,,NONE,False,Green,30.0
208,13.6381,8.7,374,entity_2,pedestrian,walker.pedestrian.0001,entity_2,63.8862,325.6418,0.9515,0.0,0.0,-89.76,63.8862,-325.6418,1.566608,0.0043,-1.0199,0.0,1.0199,0.0,0.0,0.0,0.0,0.0,0.0,5,0,1,53.87,Driving,False,0.927,,,,,,,0.0042,-1.0,1.02,,,,
208,13.6381,8.7,373,Vehicle 4,vehicle,vehicle.tesla.model3,hero_3,52.3824,330.5545,0.0018,0.0,-0.023,-0.0709,52.3824,-330.5545,0.001237,-0.0001,-0.0,0.0,0.0001,0.0007,0.0,0.0,-0.0003,-0.1419,-0.0,5,0,-1,42.37,Driving,False,-0.008,0.525,-0.004,0.3,False,False,1,,,,NONE,False,Green,30.0
208,13.6381,8.7,372,Vehicle 3,vehicle,vehicle.tesla.model3,hero_2,37.377,330.5209,0.0017,0.0008,-0.0038,-0.2035,37.377,-330.5209,0.003552,4.1705,-0.0243,0.0,4.1706,-3.9309,0.0315,-0.0001,0.0153,0.2076,-0.3281,5,0,-1,27.37,Driving,False,-0.034,0.0,-0.004,0.7,False,False,1,,,,NONE,False,Green,60.0
208,13.6381,8.7,371,Vehicle 2,vehicle,vehicle.tesla.model3,hero_1,49.0493,326.5765,0.0017,-0.0002,-0.0059,179.9379,49.0493,-326.5765,-3.140509,-4.4044,0.0023,-0.0,4.4044,4.2242,-0.0372,-0.0,-0.0126,-0.2206,0.1037,5,0,1,39.04,Driving,False,-0.016,0.0,0.001,0.7,False,False,1,,,,NONE,False,Green,30.0
208,13.6381,8.7,370,Vehicle 1,vehicle,vehicle.tesla.model3,hero_0,22.3628,330.5114,0.0016,0.0018,0.0124,0.1255,22.3628,-330.5114,-0.00219,4.3029,0.0069,0.0,4.3029,-2.9485,-0.0341,0.0,-0.0019,0.2207,-0.0997,5,0,-1,12.35,Driving,False,-0.035,0.0,-0.001,0.7,False,False,1,,,,NONE,False,Green,30.0
209,13.6881,8.75,375,entity_1,vehicle,vehicle.audi.a2,entity_1,61.009,331.442,-0.0073,0.0,0.0,0.0286,61.009,-331.442,-0.000499,0.0,0.0,0.0,0.0,0.0,0.0,0.0,0.0,0.0,0.0,5,0,-1,51.0,Driving,False,0.875,0.0,0.0,0.0,False,False,0,,,,NONE,False,Green,30.0
209,13.6881,8.75,374,entity_2,pedestrian,walker.pedestrian.0001,entity_2,63.8864,325.5908,0.9515,0.0,0.0,-89.76,63.8864,-325.5908,1.566608,0.0043,-1.0199,0.0,1.0199,0.0,0.0,0.0,0.0,0.0,0.0,5,0,1,53.87,Driving,False,0.978,,,,,,,0.0042,-1.0,1.02,,,,
209,13.6881,8.75,373,Vehicle 4,vehicle,vehicle.tesla.model3,hero_3,52.3824,330.5545,0.0018,0.0,-0.017,-0.0709,52.3824,-330.5545,0.001237,-0.0001,-0.0,0.0,0.0001,0.0005,0.0,-0.0,-0.0003,-0.1056,-0.0,5,0,-1,42.37,Driving,False,-0.008,0.525,-0.004,0.3,False,False,1,,,,NONE,False,Green,30.0
209,13.6881,8.75,372,Vehicle 3,vehicle,vehicle.tesla.model3,hero_2,37.5766,330.5198,0.0018,0.0004,-0.0169,-0.219,37.5766,-330.5198,0.003822,3.8711,-0.0232,0.0,3.8712,-5.9883,0.0214,-0.0001,0.0063,0.2829,-0.3033,5,0,-1,27.57,Driving,False,-0.035,0.0,-0.004,0.7,False,False,1,,,,NONE,False,Green,60.0
209,13.6881,8.75,371,Vehicle 2,vehicle,vehicle.tesla.model3,hero_1,48.8382,326.5766,0.0018,-0.0005,-0.0192,179.943,48.8382,-326.5766,-3.140598,-4.1011,0.0014,-0.0,4.1011,6.0673,-0.0182,-0.0,-0.0043,-0.2801,0.1022,5,0,1,38.83,Driving,False,-0.016,0.0,0.001,0.7,False,False,1,,,,NONE,False,Green,30.0
209,13.6881,8.75,370,Vehicle 1,vehicle,vehicle.tesla.model3,hero_0,22.5699,330.5118,0.0017,0.0017,-0.002,0.1205,22.5699,-330.5118,-0.002103,4.0319,0.0058,-0.0,4.0319,-5.4198,-0.0215,-0.0,0.0034,0.316,-0.0975,5,0,-1,12.56,Driving,False,-0.035,0.0,-0.001,0.7,False,False,1,,,,NONE,False,Green,30.0
210,13.7381,8.8,375,entity_1,vehicle,vehicle.audi.a2,entity_1,61.009,331.442,-0.0073,0.0,0.0,0.0286,61.009,-331.442,-0.000499,0.0,0.0,0.0,0.0,0.0,0.0,0.0,0.0,0.0,0.0,5,0,-1,51.0,Driving,False,0.875,0.0,0.0,0.0,False,False,0,,,,NONE,False,Green,30.0
210,13.7381,8.8,374,entity_2,pedestrian,walker.pedestrian.0001,entity_2,63.8867,325.5398,0.9515,0.0,0.0,-89.76,63.8867,-325.5398,1.566608,0.0043,-1.0199,0.0,1.0199,0.0,0.0,0.0,0.0,0.0,0.0,5,0,1,53.88,Driving,False,1.029,,,,,,,0.0042,-1.0,1.02,,,,
210,13.7381,8.8,373,Vehicle 4,vehicle,vehicle.tesla.model3,hero_3,52.3825,330.5545,0.0018,-0.0,-0.0148,-0.0709,52.3825,-330.5545,0.001237,-0.0,-0.0,-0.0,0.0,0.0008,0.0,-0.0,-0.0001,-0.049,-0.0,5,0,-1,42.37,Driving,False,-0.008,0.525,-0.004,0.3,False,False,1,,,,NONE,False,Green,30.0
210,13.7381,8.8,372,Vehicle 3,vehicle,vehicle.tesla.model3,hero_2,37.7612,330.5187,0.0019,0.0002,-0.0301,-0.2332,37.7612,-330.5187,0.00407,3.5777,-0.0224,0.0,3.5778,-5.8677,0.0169,-0.0001,0.0019,0.2433,-0.2781,5,0,-1,27.75,Driving,False,-0.036,0.0,-0.004,0.7,False,False,1,,,,NONE,False,Green,60.0
210,13.7381,8.8,371,Vehicle 2,vehicle,vehicle.tesla.model3,hero_1,48.6426,326.5767,0.0019,-0.0006,-0.0326,179.948,48.6426,-326.5767,-3.140685,-3.7886,0.0008,-0.0,3.7886,6.2491,-0.0119,0.0,-0.0004,-0.2547,0.0972,5,0,1,38.63,Driving,False,-0.016,0.0,0.001,0.7,False,False,1,,,,NONE,False,Green,30.0
210,13.7381,8.8,370,Vehicle 1,vehicle,vehicle.tesla.model3,hero_0,22.7627,330.5121,0.0018,0.0015,-0.0176,0.1158,22.7627,-330.5121,-0.002021,3.7457,0.005,-0.0,3.7457,-5.7229,-0.017,-0.0,0.005,0.2941,-0.0906,5,0,-1,12.75,Driving,False,-0.035,0.0,-0.001,0.7,False,False,1,,,,NONE,False,Green,30.0
211,13.7881,8.85,375,entity_1,vehicle,vehicle.audi.a2,entity_1,61.009,331.442,-0.0073,0.0,0.0,0.0286,61.009,-331.442,-0.000499,0.0,0.0,0.0,0.0,0.0,0.0,0.0,0.0,0.0,0.0,5,0,-1,51.0,Driving,False,0.875,0.0,0.0,0.0,False,False,0,,,,NONE,False,Green,30.0
211,13.7881,8.85,374,entity_2,pedestrian,walker.pedestrian.0001,entity_2,63.8869,325.4888,0.9515,0.0,0.0,-89.76,63.8869,-325.4888,1.566608,0.0043,-1.0199,0.0,1.0199,0.0,0.0,0.0,0.0,0.0,0.0,5,0,2,53.88,Shoulder,False,-1.07,,,,,,,0.0042,-1.0,1.02,,,,
211,13.7881,8.85,373,Vehicle 4,vehicle,vehicle.tesla.model3,hero_3,52.3825,330.5545,0.0017,0.0,-0.0119,-0.0709,52.3825,-330.5545,0.001237,-0.0,0.0,0.0,0.0,-0.0001,0.0,0.0,-0.0001,-0.0585,-0.0,5,0,-1,42.37,Driving,False,-0.008,0.525,-0.002,0.3,False,False,1,,,,NONE,False,Green,30.0
211,13.7881,8.85,372,Vehicle 3,vehicle,vehicle.tesla.model3,hero_2,37.9308,330.5175,0.0019,0.0015,-0.0413,-0.258,37.9308,-330.5175,0.004503,3.2711,-0.0295,0.0,3.2712,-6.1324,-0.1431,-0.0,-0.023,0.2098,-0.5553,5,0,-1,27.92,Driving,False,-0.037,0.0,-0.009,0.7,False,False,1,,,,NONE,False,Green,60.0
211,13.7881,8.85,371,Vehicle 2,vehicle,vehicle.tesla.model3,hero_1,48.4601,326.5774,0.0019,0.0029,-0.0411,179.9214,48.4601,-326.5774,-3.140221,-3.5858,0.0229,-0.0,3.5859,4.0558,0.4413,-0.0,0.0675,-0.0941,-0.7866,5,0,1,38.45,Driving,False,-0.017,0.75,-0.011,0.0,False,False,1,,,,NONE,False,Green,30.0
211,13.7881,8.85,370,Vehicle 1,vehicle,vehicle.tesla.model3,hero_0,22.9433,330.5124,0.0018,0.0009,-0.0285,0.1139,22.9433,-330.5124,-0.001988,3.5507,0.0063,-0.0,3.5507,-3.9007,0.0257,0.0,0.0106,0.148,-0.0199,5,0,-1,12.93,Driving,False,-0.035,0.325,-0.0,0.0,False,False,1,,,,NONE,False,Green,30.0
212,13.8381,8.9,375,entity_1,vehicle,vehicle.audi.a2,entity_1,61.009,331.442,-0.0073,0.0,0.0,0.0286,61.009,-331.442,-0.000499,0.0,0.0,0.0,0.0,0.0,0.0,0.0,0.0,0.0,0.0,5,0,-1,51.0,Driving,False,0.875,0.0,0.0,0.0,False,False,0,,,,NONE,False,Green,30.0
212,13.8381,8.9,374,entity_2,pedestrian,walker.pedestrian.0001,entity_2,63.8871,325.4378,0.9515,0.0,0.0,-89.76,63.8871,-325.4378,1.566608,0.0043,-1.0199,0.0,1.0199,0.0,0.0,0.0,0.0,0.0,0.0,5,0,2,53.88,Shoulder,False,-1.019,,,,,,,0.0042,-1.0,1.02,,,,
212,13.8381,8.9,373,Vehicle 4,vehicle,vehicle.tesla.model3,hero_3,52.3825,330.5545,0.0017,0.0,-0.0092,-0.0709,52.3825,-330.5545,0.001237,-0.0,-0.0,-0.0,0.0,0.0001,-0.0,-0.0,-0.0001,-0.0514,-0.0,5,0,-1,42.37,Driving,False,-0.008,0.525,-0.002,0.3,False,False,1,,,,NONE,False,Green,30.0
212,13.8381,8.9,372,Vehicle 3,vehicle,vehicle.tesla.model3,hero_2,38.0856,330.5161,0.002,0.0022,-0.0498,-0.2864,38.0856,-330.5161,0.004999,2.9823,-0.0306,0.0,2.9824,-5.7764,-0.0209,0.0,-0.0073,0.143,-0.5678,5,0,-1,28.08,Driving,False,-0.039,0.0,-0.009,0.7,False,False,1,,,,NONE,False,Green,60.0
212,13.8381,8.9,371,Vehicle 2,vehicle,vehicle.tesla.model3,hero_1,48.2821,326.5786,0.0019,0.005,-0.0395,179.882,48.2821,-326.5786,-3.139533,-3.5564,0.0292,-0.0,3.5565,0.5882,0.126,0.0,0.0262,0.0995,-0.819,5,0,1,38.27,Driving,False,-0.018,0.75,-0.011,0.0,False,False,1,,,,NONE,False,Green,30.0
212,13.8381,8.9,370,Vehicle 1,vehicle,vehicle.tesla.model3,hero_0,23.1197,330.5128,0.0019,0.0005,-0.0296,0.1133,23.1197,-330.5128,-0.001977,3.5205,0.0066,-0.0,3.5205,-0.6037,0.006,0.0,0.0063,-0.0437,-0.0095,5,0,-1,13.11,Driving,False,-0.034,0.325,-0.0,0.0,False,False,1,,,,NONE,False,Green,60.0
213,13.8881,8.95,375,entity_1,vehicle,vehicle.audi.a2,entity_1,61.009,331.442,-0.0073,0.0,0.0,0.0286,61.009,-331.442,-0.000499,0.0,0.0,0.0,0.0,0.0,0.0,0.0,0.0,0.0,0.0,5,0,-1,51.0,Driving,False,0.875,0.0,0.0,0.0,False,False,0,,,,NONE,False,Green,30.0
213,13.8881,8.95,374,entity_2,pedestrian,walker.pedestrian.0001,entity_2,63.8873,325.3868,0.9515,0.0,0.0,-89.76,63.8873,-325.3868,1.566608,0.0043,-1.0199,0.0,1.0199,0.0,0.0,0.0,0.0,0.0,0.0,5,0,2,53.88,Shoulder,False,-0.968,,,,,,,0.0042,-1.0,1.02,,,,
213,13.8881,8.95,373,Vehicle 4,vehicle,vehicle.tesla.model3,hero_3,52.3825,330.5545,0.0017,0.0,-0.0069,-0.0709,52.3825,-330.5545,0.001237,-0.0,-0.0,0.0,0.0,0.0001,-0.0,0.0,-0.0,-0.041,-0.0,5,0,-1,42.37,Driving,False,-0.008,0.525,-0.002,0.3,False,False,1,,,,NONE,False,Green,30.0
213,13.8881,8.95,372,Vehicle 3,vehicle,vehicle.tesla.model3,hero_2,38.2255,330.5147,0.002,0.0021,-0.0563,-0.313,38.2255,-330.5147,0.005463,2.6773,-0.0291,0.0,2.6774,-6.1002,0.0304,-0.0,0.0069,0.1238,-0.505,5,0,-1,28.22,Driving,False,-0.04,0.0,-0.009,0.7,False,False,1,,,,NONE,False,Green,60.0
213,13.8881,8.95,371,Vehicle 2,vehicle,vehicle.tesla.model3,hero_1,48.1038,326.5799,0.0019,0.0054,-0.0322,179.8408,48.1038,-326.5799,-3.138814,-3.5761,0.0327,-0.0,3.5763,-0.3944,0.07,0.0,0.0015,0.1694,-0.8278,5,0,1,38.09,Driving,False,-0.02,0.75,-0.011,0.0,False,False,1,,,,NONE,False,Green,30.0
213,13.8881,8.95,370,Vehicle 1,vehicle,vehicle.tesla.model3,hero_0,23.2953,330.5132,0.0018,0.0003,-0.0255,0.1129,23.2953,-330.5132,-0.00197,3.5084,0.0066,-0.0,3.5084,-0.242,0.0012,-0.0,0.0034,-0.0949,-0.008,5,0,-1,13.29,Driving,False,-0.034,0.325,-0.0,0.0,False,False,1,,,,NONE,False,Green,60.0
214,13.9381,9.0,375,entity_1,vehicle,vehicle.audi.a2,entity_1,61.009,331.442,-0.0073,0.0,0.0,0.0286,61.009,-331.442,-0.000499,0.0,0.0,0.0,0.0,0.0,0.0,0.0,0.0,0.0,0.0,5,0,-1,51.0,Driving,False,0.875,0.0,0.0,0.0,False,False,0,,,,NONE,False,Green,30.0
214,13.9381,9.0,374,entity_2,pedestrian,walker.pedestrian.0001,entity_2,63.8875,325.3358,0.9515,0.0,0.0,-89.76,63.8875,-325.3358,1.566608,0.0043,-1.0199,0.0,1.0199,0.0,0.0,0.0,0.0,0.0,0.0,5,0,2,53.88,Shoulder,False,-0.917,,,,,,,0.0042,-1.0,1.02,,,,
214,13.9381,9.0,373,Vehicle 4,vehicle,vehicle.tesla.model3,hero_3,52.3825,330.5545,0.0017,0.0,-0.0052,-0.0709,52.3825,-330.5545,0.001237,-0.0,-0.0,0.0,0.0,0.0001,0.0,-0.0,-0.0001,-0.0314,-0.0,5,0,-1,42.37,Driving,False,-0.008,0.525,-0.002,0.3,False,False,1,,,,NONE,False,Green,30.0
214,13.9381,9.0,372,Vehicle 3,vehicle,vehicle.tesla.model3,hero_2,38.351,330.5135,0.002,0.0018,-0.0607,-0.3372,38.351,-330.5135,0.005885,2.3988,-0.0277,0.0,2.399,-5.5686,0.0277,0.0,0.0075,0.0649,-0.4702,5,0,-1,28.34,Driving,False,-0.042,0.0,-0.009,0.7,False,False,1,,,,NONE,False,Green,60.0
214,13.9381,9.0,371,Vehicle 2,vehicle,vehicle.tesla.model3,hero_1,47.923,326.5814,0.0018,0.0053,-0.0225,179.7986,47.923,-326.5814,-3.138078,-3.6448,0.0365,0.0,3.645,-1.3733,0.0752,0.0,-0.0036,0.2026,-0.8537,5,0,1,37.91,Driving,False,-0.021,0.75,-0.011,0.0,False,False,1,,,,NONE,False,Green,30.0
214,13.9381,9.0,370,Vehicle 1,vehicle,vehicle.tesla.model3,hero_0,23.4709,330.5136,0.0018,0.0002,-0.0202,0.1125,23.4709,-330.5136,-0.001963,3.5127,0.0067,0.0,3.5127,0.0865,0.0003,0.0001,0.0019,-0.1095,-0.0079,5,0,-1,13.46,Driving,False,-0.034,0.325,-0.0,0.0,False,False,1,,,,NONE,False,Green,60.0
215,13.9881,9.05,375,entity_1,vehicle,vehicle.audi.a2,entity_1,61.009,331.442,-0.0073,0.0,0.0,0.0286,61.009,-331.442,-0.000499,0.0,0.0,0.0,0.0,0.0,0.0,0.0,0.0,0.0,0.0,5,0,-1,51.0,Driving,False,0.875,0.0,0.0,0.0,False,False,0,,,,NONE,False,Green,30.0
215,13.9881,9.05,374,entity_2,pedestrian,walker.pedestrian.0001,entity_2,63.8877,325.2849,0.9515,0.0,0.0,-89.76,63.8877,-325.2849,1.566608,0.0043,-1.0199,0.0,1.0199,0.0,0.0,0.0,0.0,0.0,0.0,5,0,2,53.88,Shoulder,False,-0.866,,,,,,,0.0042,-1.0,1.02,,,,
215,13.9881,9.05,373,Vehicle 4,vehicle,vehicle.tesla.model3,hero_3,52.3825,330.5545,0.0017,0.0,-0.0038,-0.0709,52.3825,-330.5545,0.001237,-0.0,0.0,0.0,0.0,0.0001,0.0,0.0,-0.0001,-0.0236,0.0,5,0,-1,42.37,Driving,False,-0.008,0.525,-0.003,0.3,False,False,1,,,,NONE,False,Green,30.0
215,13.9881,9.05,372,Vehicle 3,vehicle,vehicle.tesla.model3,hero_2,38.4638,330.5126,0.002,-0.0005,-0.0619,-0.3425,38.4638,-330.5126,0.005978,2.1859,-0.0139,0.0,2.186,-4.2583,0.275,-0.0,0.0449,-0.0247,0.0236,5,0,-1,28.45,Driving,False,-0.043,0.75,0.002,0.0,False,False,1,,,,NONE,False,Green,60.0
215,13.9881,9.05,371,Vehicle 2,vehicle,vehicle.tesla.model3,hero_1,47.7384,326.5824,0.0018,0.0016,-0.013,179.7859,47.7384,-326.5824,-3.137856,-3.72,0.0175,-0.0,3.72,-1.503,-0.3786,-0.0,-0.0742,0.1762,-0.053,5,0,1,37.73,Driving,False,-0.022,0.413,0.001,0.0,False,False,1,,,,NONE,False,Green,30.0
215,13.9881,9.05,370,Vehicle 1,vehicle,vehicle.tesla.model3,hero_0,23.6468,330.5137,0.0018,0.0014,-0.0151,0.1011,23.6468,-330.5137,-0.001765,3.5224,-0.0014,-0.0,3.5224,0.1934,-0.1613,-0.0001,-0.0233,-0.0987,-0.3018,5,0,-1,13.64,Driving,False,-0.034,0.75,-0.005,0.0,False,False,1,,,,NONE,False,Green,60.0
216,14.0381,9.1,375,entity_1,vehicle,vehicle.audi.a2,entity_1,61.009,331.442,-0.0073,0.0,0.0,0.0286,61.009,-331.442,-0.000499,0.0,0.0,0.0,0.0,0.0,0.0,0.0,0.0,0.0,0.0,5,0,-1,51.0,Driving,False,0.875,0.0,0.0,0.0,False,False,0,,,,NONE,False,Green,30.0
216,14.0381,9.1,374,entity_2,pedestrian,walker.pedestrian.0001,entity_2,63.8879,325.2339,0.9515,0.0,0.0,-89.7611,63.8879,-325.2339,1.566627,0.0043,-1.0199,0.0,1.0199,0.0,0.0,0.0,0.0,0.0,0.0,5,0,2,53.88,Shoulder,False,-0.815,,,,,,,0.0042,-1.0,1.02,,,,
216,14.0381,9.1,373,Vehicle 4,vehicle,vehicle.tesla.model3,hero_3,52.3825,330.5545,0.0017,0.0,-0.0028,-0.0709,52.3825,-330.5545,0.001237,-0.0,0.0,0.0,0.0,0.0001,-0.0,-0.0,-0.0,-0.0176,0.0,5,0,-1,42.37,Driving,False,-0.008,0.525,-0.003,0.3,False,False,1,,,,NONE,False,Green,30.0
216,14.0381,9.1,372,Vehicle 3,vehicle,vehicle.tesla.model3,hero_2,38.5716,330.5121,0.002,-0.0019,-0.0554,-0.3385,38.5716,-330.5121,0.005908,2.1474,-0.0106,0.0,2.1474,-0.7705,0.0668,0.0,0.016,-0.1876,0.0961,5,0,-1,28.56,Driving,False,-0.043,0.75,0.002,0.0,False,False,1,,,,NONE,False,Green,60.0
216,14.0381,9.1,371,Vehicle 2,vehicle,vehicle.tesla.model3,hero_1,47.5503,326.5831,0.0017,-0.0009,-0.0055,179.7875,47.5503,-326.5831,-3.137884,-3.7846,0.0134,-0.0,3.7847,-1.2936,-0.0817,0.0,-0.0332,0.1332,0.0584,5,0,1,37.54,Driving,False,-0.023,0.413,0.001,0.0,False,False,1,,,,NONE,False,Green,30.0
216,14.0381,9.1,370,Vehicle 1,vehicle,vehicle.tesla.model3,hero_0,23.8243,330.5136,0.0017,0.0021,-0.0096,0.0842,23.8243,-330.5136,-0.00147,3.5738,-0.0042,0.0,3.5738,1.0275,-0.055,0.0001,-0.0099,-0.1185,-0.3515,5,0,-1,13.82,Driving,False,-0.034,0.75,-0.005,0.0,False,False,1,,,,NONE,False,Green,60.0
217,14.0881,9.15,375,entity_1,vehicle,vehicle.audi.a2,entity_1,61.009,331.442,-0.0073,0.0,0.0,0.0286,61.009,-331.442,-0.000499,0.0,0.0,0.0,0.0,0.0,0.0,0.0,0.0,0.0,0.0,5,0,-1,51.0,Driving,False,0.875,0.0,0.0,0.0,False,False,0,,,,NONE,False,Green,30.0
217,14.0881,9.15,374,entity_2,pedestrian,walker.pedestrian.0001,entity_2,63.8882,325.1829,0.9515,0.0,0.0,-89.7611,63.8882,-325.1829,1.566627,0.0043,-1.0199,0.0,1.0199,0.0,0.0,0.0,0.0,0.0,0.0,5,0,2,53.88,Shoulder,False,-0.764,,,,,,,0.0042,-1.0,1.02,,,,
217,14.0881,9.15,373,Vehicle 4,vehicle,vehicle.tesla.model3,hero_3,52.3825,330.5545,0.0017,0.0,-0.0021,-0.0709,52.3825,-330.5545,0.001237,-0.0,0.0,-0.0,0.0,0.0001,0.0,-0.0,-0.0001,-0.0131,0.0,5,0,-1,42.37,Driving,False,-0.008,0.525,-0.003,0.3,False,False,1,,,,NONE,False,Green,30.0
217,14.0881,9.15,372,Vehicle 3,vehicle,vehicle.tesla.model3,hero_2,38.6791,330.5114,0.0019,-0.0022,-0.0445,-0.3336,38.6791,-330.5114,0.005822,2.1562,-0.0098,0.0,2.1562,0.1756,0.0149,-0.0,-0.0017,-0.2288,0.1002,5,0,-1,28.67,Driving,False,-0.044,0.75,0.002,0.0,False,False,1,,,,NONE,False,Green,60.0
217,14.0881,9.15,371,Vehicle 2,vehicle,vehicle.tesla.model3,hero_1,47.3596,326.5838,0.0017,-0.0017,-0.0003,179.7909,47.3596,-326.5838,-3.137943,-3.8315,0.0123,-0.0,3.8315,-0.9368,-0.0229,0.0,-0.0079,0.0835,0.0741,5,0,1,37.35,Driving,False,-0.024,0.413,0.001,0.0,False,False,1,,,,NONE,False,Green,30.0
217,14.0881,9.15,370,Vehicle 1,vehicle,vehicle.tesla.model3,hero_0,24.0053,330.5135,0.0017,0.0023,-0.0036,0.0663,24.0053,-330.5135,-0.001157,3.6508,-0.0057,-0.0,3.6508,1.5402,-0.0303,-0.0001,-0.0006,-0.122,-0.3606,5,0,-1,14.0,Driving,False,-0.034,0.75,-0.005,0.0,False,False,1,,,,NONE,False,Green,60.0
218,14.1381,9.2,375,entity_1,vehicle,vehicle.audi.a2,entity_1,61.009,331.442,-0.0073,0.0,0.0,0.0286,61.009,-331.442,-0.000499,0.0,0.0,0.0,0.0,0.0,0.0,0.0,0.0,0.0,0.0,5,0,-1,51.0,Driving,False,0.875,0.0,0.0,0.0,False,False,0,,,,NONE,False,Green,30.0
218,14.1381,9.2,374,entity_2,pedestrian,walker.pedestrian.0001,entity_2,63.8884,325.1319,0.9515,0.0,0.0,-89.7611,63.8884,-325.1319,1.566627,0.0043,-1.0199,0.0,1.0199,0.0,0.0,0.0,0.0,0.0,0.0,5,0,2,53.88,Shoulder,False,-0.713,,,,,,,0.0042,-1.0,1.02,,,,
218,14.1381,9.2,373,Vehicle 4,vehicle,vehicle.tesla.model3,hero_3,52.3826,330.5545,0.0017,0.0,-0.0017,-0.0709,52.3826,-330.5545,0.001237,-0.0,0.0,0.0,0.0,0.0001,-0.0,0.0,-0.0,-0.0037,-0.0,5,0,-1,42.37,Driving,False,-0.008,0.525,-0.003,0.3,False,False,1,,,,NONE,False,Green,30.0
218,14.1381,9.2,372,Vehicle 3,vehicle,vehicle.tesla.model3,hero_2,38.7888,330.511,0.0019,-0.002,-0.0322,-0.3284,38.7888,-330.511,0.005732,2.2208,-0.0097,0.0,2.2208,1.2923,0.0032,0.0,-0.0066,-0.2541,0.1068,5,0,-1,28.78,Driving,False,-0.044,0.75,0.002,0.0,False,False,1,,,,NONE,False,Green,60.0
218,14.1381,9.2,371,Vehicle 2,vehicle,vehicle.tesla.model3,hero_1,47.1666,326.5844,0.0017,-0.0018,0.003,179.7948,47.1666,-326.5844,-3.138011,-3.8772,0.0118,-0.0,3.8772,-0.9142,-0.0091,-0.0,0.0021,0.0572,0.0777,5,0,1,37.16,Driving,False,-0.025,0.413,0.001,0.0,False,False,1,,,,NONE,False,Green,30.0
218,14.1381,9.2,370,Vehicle 1,vehicle,vehicle.tesla.model3,hero_0,24.1909,330.5132,0.0017,0.0023,0.0027,0.0479,24.1909,-330.5132,-0.000836,3.7553,-0.0072,-0.0,3.7554,2.0911,-0.0305,0.0,0.0015,-0.1268,-0.3742,5,0,-1,14.18,Driving,False,-0.034,0.75,-0.005,0.0,False,False,1,,,,NONE,False,Green,60.0
219,14.1881,9.25,375,entity_1,vehicle,vehicle.audi.a2,entity_1,61.009,331.442,-0.0073,0.0,0.0,0.0286,61.009,-331.442,-0.000499,0.0,0.0,0.0,0.0,0.0,0.0,0.0,0.0,0.0,0.0,5,0,-1,51.0,Driving,False,0.875,0.0,0.0,0.0,False,False,0,,,,NONE,False,Green,30.0
219,14.1881,9.25,374,entity_2,pedestrian,walker.pedestrian.0001,entity_2,63.8886,325.0809,0.9515,0.0,0.0,-89.7611,63.8886,-325.0809,1.566627,0.0043,-1.0199,0.0,1.0199,0.0,0.0,0.0,0.0,0.0,0.0,5,0,2,53.88,Shoulder,False,-0.662,,,,,,,0.0042,-1.0,1.02,,,,
219,14.1881,9.25,373,Vehicle 4,vehicle,vehicle.tesla.model3,hero_3,52.3826,330.5545,0.0017,0.0,-0.0014,-0.0709,52.3826,-330.5545,0.001237,-0.0,0.0,-0.0,0.0,-0.0,0.0,-0.0,-0.0,-0.0063,0.0,5,0,-1,42.37,Driving,False,-0.008,0.525,-0.004,0.3,False,False,1,,,,NONE,False,Green,30.0
219,14.1881,9.25,372,Vehicle 3,vehicle,vehicle.tesla.model3,hero_2,38.9023,330.5104,0.0018,-0.0015,-0.0202,-0.3242,38.9023,-330.5104,0.005658,2.3033,-0.0107,0.0,2.3034,1.6512,-0.0208,-0.0,-0.0104,-0.227,0.0763,5,0,-1,28.89,Driving,False,-0.045,0.75,0.001,0.0,False,False,1,,,,NONE,False,Green,60.0
219,14.1881,9.25,371,Vehicle 2,vehicle,vehicle.tesla.model3,hero_1,46.9718,326.5847,0.0017,-0.0029,0.0049,179.8107,46.9718,-326.5847,-3.138289,-3.9083,0.0027,-0.0,3.9083,-0.6218,-0.1824,-0.0,-0.0218,0.0264,0.4,5,0,1,36.96,Driving,False,-0.025,0.334,0.005,0.0,False,False,1,,,,NONE,False,Green,30.0
219,14.1881,9.25,370,Vehicle 1,vehicle,vehicle.tesla.model3,hero_0,24.3817,330.5132,0.0016,0.0008,0.0082,0.0416,24.3817,-330.5132,-0.000726,3.8514,0.0008,-0.0,3.8514,1.9202,0.1593,-0.0,0.0309,-0.0936,-0.0418,5,0,-1,14.37,Driving,False,-0.034,0.3,0.0,0.0,False,False,1,,,,NONE,False,Green,60.0
220,14.2381,9.3,375,entity_1,vehicle,vehicle.audi.a2,entity_1,61.009,331.442,-0.0073,0.0,0.0,0.0286,61.009,-331.442,-0.000499,0.0,0.0,0.0,0.0,0.0,0.0,0.0,0.0,0.0,0.0,5,0,-1,51.0,Driving,False,0.875,0.0,0.0,0.0,False,False,0,,,,NONE,False,Green,30.0
220,14.2381,9.3,374,entity_2,pedestrian,walker.pedestrian.0001,entity_2,63.8888,325.0299,0.9515,0.0,0.0,-89.7611,63.8888,-325.0299,1.566627,0.0043,-1.0199,0.0,1.0199,0.0,0.0,0.0,0.0,0.0,0.0,5,0,2,53.88,Shoulder,False,-0.611,,,,,,,0.0042,-1.0,1.02,,,,
220,14.2381,9.3,373,Vehicle 4,vehicle,vehicle.tesla.model3,hero_3,52.3826,330.5545,0.0017,0.0,-0.0011,-0.0709,52.3826,-330.5545,0.001237,-0.0,0.0,-0.0,0.0,0.0,0.0,-0.0,-0.0001,-0.0061,0.0,5,0,-1,42.37,Driving,False,-0.008,0.525,-0.004,0.3,False,False,1,,,,NONE,False,Green,30.0
220,14.2381,9.3,372,Vehicle 3,vehicle,vehicle.tesla.model3,hero_2,39.0209,330.5098,0.0017,-0.0012,-0.0093,-0.3203,39.0209,-330.5098,0.00559,2.4166,-0.0112,0.0,2.4167,2.2659,-0.0093,0.0001,-0.0073,-0.2118,0.0789,5,0,-1,29.01,Driving,False,-0.046,0.75,0.001,0.0,False,False,1,,,,NONE,False,Green,60.0
220,14.2381,9.3,371,Vehicle 2,vehicle,vehicle.tesla.model3,hero_1,46.7755,326.5849,0.0016,-0.0035,0.0058,179.8326,46.7755,-326.5849,-3.138671,-3.9353,-0.0006,-0.0,3.9353,-0.5412,-0.0665,0.0,-0.0063,0.0121,0.4527,5,0,1,36.76,Driving,False,-0.025,0.334,0.005,0.0,False,False,1,,,,NONE,False,Green,30.0
220,14.2381,9.3,370,Vehicle 1,vehicle,vehicle.tesla.model3,hero_0,24.5764,330.5133,0.0016,-0.0003,0.0114,0.0412,24.5764,-330.5133,-0.000719,3.9161,0.0025,-0.0,3.9161,1.2952,0.0349,0.0,0.0139,-0.044,0.0036,5,0,-1,14.57,Driving,False,-0.034,0.3,0.0,0.0,False,False,1,,,,NONE,False,Green,60.0
221,14.2881,9.35,375,entity_1,vehicle,vehicle.audi.a2,entity_1,61.009,331.442,-0.0073,0.0,0.0,0.0286,61.009,-331.442,-0.000499,0.0,0.0,0.0,0.0,0.0,0.0,0.0,0.0,0.0,0.0,5,0,-1,51.0,Driving,False,0.875,0.0,0.0,0.0,False,False,0,,,,NONE,False,Green,30.0
221,14.2881,9.35,374,entity_2,pedestrian,walker.pedestrian.0001,entity_2,63.889,324.9789,0.9515,0.0,0.0,-89.7611,63.889,-324.9789,1.566627,0.0043,-1.0199,0.0,1.0199,0.0,0.0,0.0,0.0,0.0,0.0,5,0,2,53.88,Shoulder,False,-0.56,,,,,,,0.0042,-1.0,1.02,,,,
221,14.2881,9.35,373,Vehicle 4,vehicle,vehicle.tesla.model3,hero_3,52.3826,330.5545,0.0017,0.0,-0.0009,-0.0709,52.3826,-330.5545,0.001237,-0.0,0.0,-0.0,0.0,0.0,-0.0,-0.0,-0.0,-0.005,0.0,5,0,-1,42.37,Driving,False,-0.008,0.525,-0.004,0.3,False,False,1,,,,NONE,False,Green,30.0
221,14.2881,9.35,372,Vehicle 3,vehicle,vehicle.tesla.model3,hero_2,39.1451,330.5092,0.0017,-0.0009,0.0,-0.3163,39.1451,-330.5092,0.00552,2.5301,-0.0116,-0.0,2.5301,2.2695,-0.009,-0.0001,-0.0054,-0.1686,0.0801,5,0,-1,29.14,Driving,False,-0.046,0.75,0.001,0.0,False,False,1,,,,NONE,False,Green,60.0
221,14.2881,9.35,371,Vehicle 2,vehicle,vehicle.tesla.model3,hero_1,46.5782,326.585,0.0016,-0.0035,0.0059,179.8554,46.5782,-326.585,-3.139069,-3.9516,-0.0025,0.0,3.9516,-0.3247,-0.0388,0.0,0.0033,-0.0038,0.4577,5,0,1,36.57,Driving,False,-0.025,0.334,0.005,0.0,False,False,1,,,,NONE,False,Green,30.0
221,14.2881,9.35,370,Vehicle 1,vehicle,vehicle.tesla.model3,hero_0,24.7733,330.5135,0.0016,-0.0006,0.0122,0.0417,24.7733,-330.5135,-0.000728,3.9499,0.003,-0.0,3.9499,0.6753,0.0099,-0.0,0.0035,0.0022,0.0101,5,0,-1,14.76,Driving,False,-0.034,0.3,0.0,0.0,False,False,1,,,,NONE,False,Green,60.0
222,14.3381,9.4,375,entity_1,vehicle,vehicle.audi.a2,entity_1,61.009,331.442,-0.0073,0.0,0.0,0.0286,61.009,-331.442,-0.000499,0.0,0.0,0.0,0.0,0.0,0.0,0.0,0.0,0.0,0.0,5,0,-1,51.0,Driving,False,0.875,0.0,0.0,0.0,False,False,0,,,,NONE,False,Green,30.0
222,14.3381,9.4,374,entity_2,pedestrian,walker.pedestrian.0001,entity_2,63.8892,324.9279,0.9515,0.0,0.0,-89.7611,63.8892,-324.9279,1.566627,0.0043,-1.0199,0.0,1.0199,0.0,0.0,0.0,0.0,0.0,0.0,5,0,2,53.88,Shoulder,False,-0.509,,,,,,,0.0042,-1.0,1.02,,,,
222,14.3381,9.4,373,Vehicle 4,vehicle,vehicle.tesla.model3,hero_3,52.3826,330.5545,0.0017,0.0,-0.0006,-0.0709,52.3826,-330.5545,0.001237,-0.0,0.0,-0.0,0.0,0.0,0.0,-0.0,-0.0,-0.0038,0.0,5,0,-1,42.37,Driving,False,-0.008,0.525,-0.004,0.3,False,False,1,,,,NONE,False,Green,30.0
222,14.3381,9.4,372,Vehicle 3,vehicle,vehicle.tesla.model3,hero_2,39.2757,330.5086,0.0016,-0.0007,0.0078,-0.3122,39.2757,-330.5086,0.005449,2.6621,-0.012,-0.0,2.6621,2.6387,-0.008,0.0,-0.0035,-0.1473,0.0859,5,0,-1,29.27,Driving,False,-0.047,0.75,0.001,0.0,False,False,1,,,,NONE,False,Green,60.0
222,14.3381,9.4,371,Vehicle 2,vehicle,vehicle.tesla.model3,hero_1,46.3801,326.5849,0.0016,-0.0033,0.0056,179.8785,46.3801,-326.5849,-3.139472,-3.9698,-0.0044,0.0,3.9698,-0.3638,-0.0362,0.0,0.0054,-0.0044,0.464,5,0,1,36.37,Driving,False,-0.025,0.334,0.005,0.0,False,False,1,,,,NONE,False,Green,30.0
222,14.3381,9.4,370,Vehicle 1,vehicle,vehicle.tesla.model3,hero_0,24.9715,330.5137,0.0016,-0.0006,0.0115,0.0422,24.9715,-330.5137,-0.000737,3.9743,0.0032,-0.0,3.9743,0.4888,0.0039,0.0,-0.0008,0.0203,0.0112,5,0,-1,14.96,Driving,False,-0.034,0.3,0.0,0.0,False,False,1,,,,NONE,False,Green,60.0
223,14.3881,9.45,375,entity_1,vehicle,vehicle.audi.a2,entity_1,61.009,331.442,-0.0073,0.0,0.0,0.0286,61.009,-331.442,-0.000499,0.0,0.0,0.0,0.0,0.0,0.0,0.0,0.0,0.0,0.0,5,0,-1,51.0,Driving,False,0.875,0.0,0.0,0.0,False,False,0,,,,NONE,False,Green,30.0
223,14.3881,9.45,374,entity_2,pedestrian,walker.pedestrian.0001,entity_2,63.8894,324.8769,0.9515,0.0,0.0,-89.7611,63.8894,-324.8769,1.566627,0.0043,-1.0199,0.0,1.0199,0.0,0.0,0.0,0.0,0.0,0.0,5,0,2,53.88,Shoulder,False,-0.458,,,,,,,0.0042,-1.0,1.02,,,,
223,14.3881,9.45,373,Vehicle 4,vehicle,vehicle.tesla.model3,hero_3,52.3826,330.5545,0.0017,0.0,-0.0006,-0.0709,52.3826,-330.5545,0.001237,-0.0,-0.0,-0.0,0.0,0.0,-0.0,0.0,0.0,-0.0029,0.0,5,0,-1,42.37,Driving,False,-0.008,0.525,-0.005,0.3,False,False,1,,,,NONE,False,Green,30.0
223,14.3881,9.45,372,Vehicle 3,vehicle,vehicle.tesla.model3,hero_2,39.4123,330.5083,0.0016,-0.0027,0.0137,-0.2884,39.4123,-330.5083,0.005034,2.7747,0.0016,0.0,2.7747,2.2526,0.2737,0.0,0.0385,-0.0951,0.5975,5,0,-1,29.4,Driving,False,-0.047,0.3,0.011,0.0,False,False,1,,,,NONE,False,Green,60.0
223,14.3881,9.45,371,Vehicle 2,vehicle,vehicle.tesla.model3,hero_1,46.1811,326.5852,0.0016,-0.0006,0.0054,179.8802,46.1811,-326.5852,-3.139502,-3.9886,0.01,-0.0,3.9886,-0.3765,0.2862,-0.0001,0.0546,-0.0023,-0.1149,5,0,1,36.17,Driving,False,-0.026,0.564,-0.002,0.0,False,False,1,,,,NONE,False,Green,30.0
223,14.3881,9.45,370,Vehicle 1,vehicle,vehicle.tesla.model3,hero_0,25.169,330.5142,0.0016,-0.0019,0.0082,0.055,25.169,-330.5142,-0.00096,3.9141,0.0121,0.0,3.9141,-1.204,0.1788,0.0,0.0246,0.1076,0.3351,5,0,-1,15.16,Driving,False,-0.034,0.0,0.005,0.7,False,False,1,,,,NONE,False,Green,60.0
224,14.4381,9.5,375,entity_1,vehicle,vehicle.audi.a2,entity_1,61.009,331.442,-0.0073,0.0,0.0,0.0286,61.009,-331.442,-0.000499,0.0,0.0,0.0,0.0,0.0,0.0,0.0,0.0,0.0,0.0,5,0,-1,51.0,Driving,False,0.875,0.0,0.0,0.0,False,False,0,,,,NONE,False,Green,30.0
224,14.4381,9.5,374,entity_2,pedestrian,walker.pedestrian.0001,entity_2,63.8897,324.8259,0.9515,0.0,0.0,-89.7611,63.8897,-324.8259,1.566627,0.0043,-1.0199,0.0,1.0199,0.0,0.0,0.0,0.0,0.0,0.0,5,0,2,53.88,Shoulder,False,-0.407,,,,,,,0.0042,-1.0,1.02,,,,
224,14.4381,9.5,373,Vehicle 4,vehicle,vehicle.tesla.model3,hero_3,52.3826,330.5545,0.0017,0.0,-0.0003,-0.0709,52.3826,-330.5545,0.001237,-0.0,-0.0,-0.0,0.0,0.0,0.0,0.0,0.0,-0.0022,0.0,5,0,-1,42.37,Driving,False,-0.008,0.525,-0.005,0.3,False,False,1,,,,NONE,False,Green,30.0
224,14.4381,9.5,372,Vehicle 3,vehicle,vehicle.tesla.model3,hero_2,39.5537,330.5084,0.0016,-0.004,0.0169,-0.2554,39.5537,-330.5084,0.004458,2.8597,0.0061,-0.0,2.8597,1.7002,0.0881,-0.0001,0.0151,-0.0436,0.6848,5,0,-1,29.54,Driving,False,-0.047,0.3,0.011,0.0,False,False,1,,,,NONE,False,Green,60.0
224,14.4381,9.5,371,Vehicle 2,vehicle,vehicle.tesla.model3,hero_1,45.9804,326.5858,0.0016,0.0012,0.006,179.8712,45.9804,-326.5858,-3.139345,-4.0325,0.0139,0.0,4.0325,-0.8778,0.0788,0.0,0.0254,0.0206,-0.2031,5,0,1,35.97,Driving,False,-0.027,0.564,-0.002,0.0,False,False,1,,,,NONE,False,Green,30.0
224,14.4381,9.5,370,Vehicle 1,vehicle,vehicle.tesla.model3,hero_0,25.3595,330.5148,0.0017,-0.0026,-0.0005,0.0732,25.3595,-330.5148,-0.001278,3.727,0.0146,-0.0,3.727,-3.743,0.0495,-0.0,0.0073,0.2153,0.3704,5,0,-1,15.35,Driving,False,-0.033,0.0,0.005,0.7,False,False,1,,,,NONE,False,Green,60.0
225,14.4881,9.55,375,entity_1,vehicle,vehicle.audi.a2,entity_1,61.009,331.442,-0.0073,0.0,0.0,0.0286,61.009,-331.442,-0.000499,0.0,0.0,0.0,0.0,0.0,0.0,0.0,0.0,0.0,0.0,5,0,-1,51.0,Driving,False,0.875,0.0,0.0,0.0,False,False,0,,,,NONE,False,Green,30.0
225,14.4881,9.55,374,entity_2,pedestrian,walker.pedestrian.0001,entity_2,63.8899,324.7749,0.9515,0.0,0.0,-89.7611,63.8899,-324.7749,1.566627,0.0043,-1.0199,0.0,1.0199,0.0,0.0,0.0,0.0,0.0,0.0,5,0,2,53.88,Shoulder,False,-0.356,,,,,,,0.0042,-1.0,1.02,,,,
225,14.4881,9.55,373,Vehicle 4,vehicle,vehicle.tesla.model3,hero_3,52.3826,330.5545,0.0017,0.0,-0.0003,-0.0709,52.3826,-330.5545,0.001237,-0.0,0.0,-0.0,0.0,0.0,0.0,-0.0,-0.0001,-0.0016,0.0,5,0,-1,42.37,Driving,False,-0.008,0.525,-0.005,0.3,False,False,1,,,,NONE,False,Green,30.0
225,14.4881,9.55,372,Vehicle 3,vehicle,vehicle.tesla.model3,hero_2,39.6983,330.5086,0.0016,-0.0042,0.0174,-0.221,39.6983,-330.5086,0.003857,2.9079,0.0081,0.0,2.9079,0.964,0.0413,0.0001,-0.0024,0.0086,0.688,5,0,-1,29.69,Driving,False,-0.047,0.3,0.011,0.0,False,False,1,,,,NONE,False,Green,60.0
225,14.4881,9.55,371,Vehicle 2,vehicle,vehicle.tesla.model3,hero_1,45.7773,326.5865,0.0016,0.0019,0.0073,179.8605,45.7773,-326.5865,-3.139158,-4.0846,0.0156,0.0,4.0846,-1.0424,0.0346,-0.0,0.0067,0.0285,-0.2169,5,0,1,35.77,Driving,False,-0.027,0.564,-0.002,0.0,False,False,1,,,,NONE,False,Green,30.0
225,14.4881,9.55,370,Vehicle 1,vehicle,vehicle.tesla.model3,hero_0,25.5372,330.5154,0.0018,-0.0026,-0.0139,0.091,25.5372,-330.5154,-0.001588,3.4373,0.015,-0.0,3.4373,-5.7944,0.0078,-0.0,-0.0051,0.2882,0.3441,5,0,-1,15.53,Driving,False,-0.033,0.0,0.005,0.7,False,False,1,,,,NONE,False,Green,60.0
226,14.5381,9.6,375,entity_1,vehicle,vehicle.audi.a2,entity_1,61.009,331.442,-0.0073,0.0,0.0,0.0286,61.009,-331.442,-0.000499,0.0,0.0,0.0,0.0,0.0,0.0,0.0,0.0,0.0,0.0,5,0,-1,51.0,Driving,False,0.875,0.0,0.0,0.0,False,False,0,,,,NONE,False,Green,30.0
226,14.5381,9.6,374,entity_2,pedestrian,walker.pedestrian.0001,entity_2,63.8901,324.7239,0.9779,0.0,0.0,-89.7611,63.8901,-324.7239,1.566627,0.0043,-1.0199,0.0,1.0199,0.0,0.0,0.0,0.0,0.0,0.0,5,0,2,53.88,Shoulder,False,-0.305,,,,,,,0.0042,-1.0,1.02,,,,
226,14.5381,9.6,373,Vehicle 4,vehicle,vehicle.tesla.model3,hero_3,52.3826,330.5545,0.0017,0.0,-0.0003,-0.0709,52.3826,-330.5545,0.001237,-0.0,0.0,0.0,0.0,0.0,0.0,0.0,-0.0001,-0.0012,0.0,5,0,-1,42.37,Driving,False,-0.008,0.525,-0.005,0.3,False,False,1,,,,NONE,False,Green,30.0
226,14.5381,9.6,372,Vehicle 3,vehicle,vehicle.tesla.model3,hero_2,39.8449,330.5088,0.0016,-0.0039,0.0164,-0.1859,39.8449,-330.5088,0.003245,2.9494,0.0105,-0.0,2.9495,0.831,0.0475,-0.0,-0.0045,0.0245,0.7116,5,0,-1,29.84,Driving,False,-0.047,0.3,0.011,0.0,False,False,1,,,,NONE,False,Green,60.0
226,14.5381,9.6,371,Vehicle 2,vehicle,vehicle.tesla.model3,hero_1,45.5711,326.5872,0.0016,0.002,0.009,179.8494,45.5711,-326.5872,-3.138964,-4.1487,0.0169,0.0,4.1487,-1.2816,0.0261,-0.0,-0.0006,0.0364,-0.2229,5,0,1,35.56,Driving,False,-0.028,0.564,-0.002,0.0,False,False,1,,,,NONE,False,Green,30.0
226,14.5381,9.6,370,Vehicle 1,vehicle,vehicle.tesla.model3,hero_0,25.7004,330.5161,0.0018,-0.0023,-0.0273,0.1076,25.7004,-330.5161,-0.001878,3.1525,0.015,-0.0,3.1525,-5.696,0.001,-0.0,-0.0078,0.2475,0.324,5,0,-1,15.69,Driving,False,-0.032,0.0,0.005,0.7,False,False,1,,,,NONE,False,Green,60.0
227,14.5881,9.65,375,entity_1,vehicle,vehicle.audi.a2,entity_1,61.009,331.442,-0.0073,0.0,0.0,0.0286,61.009,-331.442,-0.000499,0.0,0.0,0.0,0.0,0.0,0.0,0.0,0.0,0.0,0.0,5,0,-1,51.0,Driving,False,0.875,0.0,0.0,0.0,False,False,0,,,,NONE,False,Green,30.0
227,14.5881,9.65,374,entity_2,pedestrian,walker.pedestrian.0001,entity_2,63.8903,324.6729,1.024,0.0,0.0,-89.7611,63.8903,-324.6729,1.566627,0.0043,-1.0199,0.0,1.0199,0.0,0.0,0.0,0.0,0.0,0.0,5,0,2,53.88,Shoulder,False,-0.254,,,,,,,0.0042,-1.0,1.02,,,,
227,14.5881,9.65,373,Vehicle 4,vehicle,vehicle.tesla.model3,hero_3,52.3826,330.5545,0.0017,0.0,-0.0002,-0.0709,52.3826,-330.5545,0.001237,-0.0,0.0,0.0,0.0,0.0,-0.0,0.0,0.0,-0.0006,0.0,5,0,-1,42.37,Driving,False,-0.008,0.525,-0.004,0.3,False,False,1,,,,NONE,False,Green,30.0
227,14.5881,9.65,372,Vehicle 3,vehicle,vehicle.tesla.model3,hero_2,39.9916,330.5088,0.0016,-0.0017,0.0129,-0.1674,39.9916,-330.5088,0.002922,2.904,0.0001,0.0,2.904,-0.9092,-0.2077,0.0001,-0.0442,0.1123,0.2578,5,0,-1,29.98,Driving,False,-0.047,0.0,0.003,0.7,False,False,1,,,,NONE,False,Green,60.0
227,14.5881,9.65,371,Vehicle 2,vehicle,vehicle.tesla.model3,hero_1,45.3616,326.5877,0.0016,-0.0003,0.0108,179.8579,45.3616,-326.5877,-3.139113,-4.2206,0.0035,-0.0,4.2206,-1.4386,-0.2688,-0.0,-0.0478,0.0403,0.3037,5,0,1,35.35,Driving,False,-0.029,0.75,0.004,0.0,False,False,1,,,,NONE,False,Green,30.0
227,14.5881,9.65,370,Vehicle 1,vehicle,vehicle.tesla.model3,hero_0,25.851,330.5165,0.0019,-0.0008,-0.0364,0.1134,25.851,-330.5165,-0.001979,2.9463,0.0079,-0.0,2.9463,-4.1228,-0.143,0.0,-0.0294,0.1161,0.0439,5,0,-1,15.84,Driving,False,-0.032,0.75,-0.0,0.0,False,False,1,,,,NONE,False,Green,60.0
228,14.6381,9.7,375,entity_1,vehicle,vehicle.audi.a2,entity_1,61.009,331.442,-0.0073,0.0,0.0,0.0286,61.009,-331.442,-0.000499,0.0,0.0,0.0,0.0,0.0,0.0,0.0,0.0,0.0,0.0,5,0,-1,51.0,Driving,False,0.875,0.0,0.0,0.0,False,False,0,,,,NONE,False,Green,30.0
228,14.6381,9.7,374,entity_2,pedestrian,walker.pedestrian.0001,entity_2,63.8905,324.6219,1.048,0.0,0.0,-89.7611,63.8905,-324.6219,1.566627,0.0043,-1.0199,0.0,1.0199,0.0,0.0,0.0,0.0,0.0,0.0,5,0,2,53.88,Shoulder,False,-0.203,,,,,,,0.0042,-1.0,1.02,,,,
228,14.6381,9.7,373,Vehicle 4,vehicle,vehicle.tesla.model3,hero_3,52.3826,330.5545,0.0017,0.0,-0.0002,-0.0709,52.3826,-330.5545,0.001237,-0.0,-0.0,0.0,0.0,-0.0,-0.0,-0.0,0.0,-0.0007,0.0,5,0,-1,42.37,Driving,False,-0.008,0.525,-0.004,0.3,False,False,1,,,,NONE,False,Green,30.0
228,14.6381,9.7,372,Vehicle 3,vehicle,vehicle.tesla.model3,hero_2,40.1323,330.5087,0.0017,-0.0002,0.0043,-0.1568,40.1323,-330.5087,0.002737,2.7428,-0.0014,0.0,2.7428,-3.2242,-0.0298,-0.0,-0.0199,0.2085,0.1937,5,0,-1,30.12,Driving,False,-0.047,0.0,0.003,0.7,False,False,1,,,,NONE,False,Green,60.0
228,14.6381,9.7,371,Vehicle 2,vehicle,vehicle.tesla.model3,hero_1,45.1477,326.5878,0.0016,-0.002,0.0133,179.8762,45.1477,-326.5878,-3.139432,-4.3174,-0.0007,-0.0,4.3174,-1.9363,-0.0829,-0.0,-0.0229,0.0555,0.3889,5,0,1,35.14,Driving,False,-0.029,0.75,0.004,0.0,False,False,1,,,,NONE,False,Green,30.0
228,14.6381,9.7,370,Vehicle 1,vehicle,vehicle.tesla.model3,hero_0,25.9971,330.5169,0.0019,0.0002,-0.0358,0.1141,25.9971,-330.5169,-0.001991,2.916,0.0063,0.0,2.916,-0.6069,-0.0323,0.0,-0.0131,-0.0791,0.0031,5,0,-1,15.99,Driving,False,-0.032,0.75,-0.0,0.0,False,False,1,,,,NONE,False,Green,60.0
229,14.6881,9.75,375,entity_1,vehicle,vehicle.audi.a2,entity_1,61.009,331.442,-0.0073,0.0,0.0,0.0286,61.009,-331.442,-0.000499,0.0,0.0,0.0,0.0,0.0,0.0,0.0,0.0,0.0,0.0,5,0,-1,51.0,Driving,False,0.875,0.0,0.0,0.0,False,False,0,,,,NONE,False,Green,30.0
229,14.6881,9.75,374,entity_2,pedestrian,walker.pedestrian.0001,entity_2,63.8907,324.5709,1.0558,0.0,0.0,-89.7611,63.8907,-324.5709,1.566627,0.0043,-1.0199,0.0,1.0199,0.0,0.0,0.0,0.0,0.0,0.0,5,0,2,53.88,Shoulder,False,-0.152,,,,,,,0.0042,-1.0,1.02,,,,
229,14.6881,9.75,373,Vehicle 4,vehicle,vehicle.tesla.model3,hero_3,52.3826,330.5545,0.0017,0.0,-0.0002,-0.0709,52.3826,-330.5545,0.001237,-0.0,-0.0,0.0,0.0,0.0,0.0,0.0,0.0001,-0.0006,0.0,5,0,-1,42.37,Driving,False,-0.008,0.525,-0.004,0.3,False,False,1,,,,NONE,False,Green,30.0
229,14.6881,9.75,372,Vehicle 3,vehicle,vehicle.tesla.model3,hero_2,40.2615,330.5087,0.0017,0.0003,-0.0088,-0.1481,40.2615,-330.5087,0.002585,2.476,-0.0014,0.0,2.476,-5.3353,-0.0013,0.0,-0.0072,0.2854,0.1636,5,0,-1,30.25,Driving,False,-0.047,0.0,0.003,0.7,False,False,1,,,,NONE,False,Green,60.0
229,14.6881,9.75,371,Vehicle 2,vehicle,vehicle.tesla.model3,hero_1,44.9287,326.5878,0.0016,-0.0026,0.0162,179.8963,44.9287,-326.5878,-3.139783,-4.4239,-0.0029,-0.0,4.4239,-2.1301,-0.0448,0.0,-0.0068,0.0575,0.41,5,0,1,34.92,Driving,False,-0.029,0.75,0.004,0.0,False,False,1,,,,NONE,False,Green,30.0
229,14.6881,9.75,370,Vehicle 1,vehicle,vehicle.tesla.model3,hero_0,26.1432,330.5173,0.0019,0.0005,-0.0295,0.114,26.1432,-330.5173,-0.00199,2.9326,0.0059,-0.0,2.9326,0.3326,-0.0072,-0.0,-0.0032,-0.1498,-0.0019,5,0,-1,16.13,Driving,False,-0.031,0.75,-0.0,0.0,False,False,1,,,,NONE,False,Green,60.0
230,14.7381,9.8,375,entity_1,vehicle,vehicle.audi.a2,entity_1,61.009,331.442,-0.0073,0.0,0.0,0.0286,61.009,-331.442,-0.000499,0.0,0.0,0.0,0.0,0.0,0.0,0.0,0.0,0.0,0.0,5,0,-1,51.0,Driving,False,0.875,0.0,0.0,0.0,False,False,0,,,,NONE,False,Green,30.0
230,14.7381,9.8,374,entity_2,pedestrian,walker.pedestrian.0001,entity_2,63.8909,324.5199,1.0558,0.0,0.0,-89.7611,63.8909,-324.5199,1.566627,0.0043,-1.0199,0.0,1.0199,0.0,0.0,0.0,0.0,0.0,0.0,5,0,2,53.88,Shoulder,False,-0.101,,,,,,,0.0042,-1.0,1.02,,,,
230,14.7381,9.8,373,Vehicle 4,vehicle,vehicle.tesla.model3,hero_3,52.3826,330.5545,0.0017,0.0,-0.0002,-0.0709,52.3826,-330.5545,0.001237,-0.0,0.0,0.0,0.0,0.0,0.0,-0.0,-0.0,-0.0005,0.0,5,0,-1,42.37,Driving,False,-0.008,0.525,-0.004,0.3,False,False,1,,,,NONE,False,Green,30.0
230,14.7381,9.8,372,Vehicle 3,vehicle,vehicle.tesla.model3,hero_2,40.3714,330.5087,0.0019,0.0006,-0.0296,-0.1411,40.3714,-330.5087,0.002463,1.8688,-0.0012,-0.0,1.8688,-12.1448,0.0045,-0.0001,-0.0051,0.6536,0.1072,5,0,-1,30.36,Driving,False,-0.048,0.0,0.003,0.7,False,False,1,,,,NONE,False,Green,60.0
230,14.7381,9.8,371,Vehicle 2,vehicle,vehicle.tesla.model3,hero_1,44.704,326.5877,0.0016,-0.0027,0.019,179.9171,44.704,-326.5877,-3.140146,-4.5387,-0.0048,-0.0,4.5387,-2.2961,-0.0375,-0.0,-0.0003,0.055,0.4204,5,0,1,34.69,Driving,False,-0.029,0.75,0.004,0.0,False,False,1,,,,NONE,False,Green,30.0
230,14.7381,9.8,370,Vehicle 1,vehicle,vehicle.tesla.model3,hero_0,26.2919,330.5177,0.0018,0.0006,-0.0206,0.1139,26.2919,-330.5177,-0.001988,3.001,0.0059,0.0,3.001,1.3674,0.0002,0.0,0.001,-0.19,-0.0025,5,0,-1,16.28,Driving,False,-0.031,0.75,-0.0,0.0,False,False,1,,,,NONE,False,Green,60.0
231,14.7881,9.85,375,entity_1,vehicle,vehicle.audi.a2,entity_1,61.009,331.442,-0.0073,0.0,0.0,0.0286,61.009,-331.442,-0.000499,0.0,0.0,0.0,0.0,0.0,0.0,0.0,0.0,0.0,0.0,5,0,-1,51.0,Driving,False,0.875,0.0,0.0,0.0,False,False,0,,,,NONE,False,Green,30.0
231,14.7881,9.85,374,entity_2,pedestrian,walker.pedestrian.0001,entity_2,63.8912,324.4689,1.0558,0.0,0.0,-89.7611,63.8912,-324.4689,1.566627,0.0043,-1.0199,0.0,1.0199,0.0,0.0,0.0,0.0,0.0,0.0,5,0,2,53.88,Shoulder,False,-0.05,,,,,,,0.0042,-1.0,1.02,,,,
231,14.7881,9.85,373,Vehicle 4,vehicle,vehicle.tesla.model3,hero_3,52.3826,330.5545,0.0017,0.0,-0.0002,-0.0709,52.3826,-330.5545,0.001237,-0.0,-0.0,0.0,0.0,0.0,-0.0,-0.0,-0.0,-0.0003,0.0,5,0,-1,42.37,Driving,False,-0.008,0.525,-0.003,0.3,False,False,1,,,,NONE,False,Green,30.0
231,14.7881,9.85,372,Vehicle 3,vehicle,vehicle.tesla.model3,hero_2,40.4245,330.5087,0.0022,0.0006,-0.0806,-0.1337,40.4245,-330.5087,0.002334,0.5401,0.0018,-0.0,0.5401,-26.573,0.0609,-0.0,-0.0041,1.1335,0.0935,5,0,-1,30.42,Driving,False,-0.048,0.75,0.018,0.0,False,False,1,,,,NONE,False,Green,60.0
231,14.7881,9.85,371,Vehicle 2,vehicle,vehicle.tesla.model3,hero_1,44.4752,326.588,0.0016,-0.0007,0.0197,179.9212,44.4752,-326.588,-3.140217,-4.5812,0.0062,-0.0,4.5812,-0.8489,0.219,0.0,0.0414,-0.0311,-0.0368,5,0,1,34.46,Driving,False,-0.03,0.0,-0.001,0.7,False,False,1,,,,NONE,False,Green,30.0
231,14.7881,9.85,370,Vehicle 1,vehicle,vehicle.tesla.model3,hero_0,26.4445,330.5179,0.0017,0.0015,-0.0114,0.1047,26.4445,-330.5179,-0.001827,3.087,-0.0006,0.0,3.087,1.7209,-0.1297,0.0,-0.0177,-0.1794,-0.2431,5,0,-1,16.44,Driving,False,-0.031,0.75,-0.004,0.0,False,False,1,,,,NONE,False,Green,60.0
232,14.8381,9.9,375,entity_1,vehicle,vehicle.audi.a2,entity_1,61.009,331.442,-0.0073,0.0,0.0,0.0286,61.009,-331.442,-0.000499,0.0,0.0,0.0,0.0,0.0,0.0,0.0,0.0,0.0,0.0,5,0,-1,51.0,Driving,False,0.875,0.0,0.0,0.0,False,False,0,,,,NONE,False,Green,30.0
232,14.8381,9.9,374,entity_2,pedestrian,walker.pedestrian.0001,entity_2,63.8914,324.4179,1.0558,0.0,0.0,-89.7611,63.8914,-324.4179,1.566627,0.0043,-1.0199,0.0,1.0199,0.0,0.0,0.0,0.0,0.0,0.0,5,0,2,53.88,Shoulder,False,0.001,,,,,,,0.0042,-1.0,1.02,,,,
232,14.8381,9.9,373,Vehicle 4,vehicle,vehicle.tesla.model3,hero_3,52.3826,330.5545,0.0017,0.0,-0.0002,-0.0709,52.3826,-330.5545,0.001237,-0.0,-0.0,0.0,0.0,0.0,-0.0,-0.0,0.0,-0.0003,0.0,5,0,-1,42.37,Driving,False,-0.008,0.525,-0.003,0.3,False,False,1,,,,NONE,False,Green,30.0
232,14.8381,9.9,372,Vehicle 3,vehicle,vehicle.tesla.model3,hero_2,40.4415,330.5088,0.0023,0.0005,-0.1039,-0.1275,40.4415,-330.5088,0.002225,0.3655,0.0039,-0.0,0.3655,-3.4927,0.042,-0.0001,0.0104,0.031,0.1816,5,0,-1,30.43,Driving,False,-0.047,0.75,0.018,0.0,False,False,1,,,,NONE,False,Green,60.0
232,14.8381,9.9,371,Vehicle 2,vehicle,vehicle.tesla.model3,hero_1,44.2492,326.5883,0.0016,0.0007,0.0134,179.9168,44.2492,-326.5883,-3.140141,-4.4577,0.0087,-0.0,4.4578,2.4685,0.0507,0.0,0.019,-0.1911,-0.1041,5,0,1,34.24,Driving,False,-0.03,0.0,-0.001,0.7,False,False,1,,,,NONE,False,Green,30.0
232,14.8381,9.9,370,Vehicle 1,vehicle,vehicle.tesla.model3,hero_0,26.6022,330.5178,0.0017,0.002,-0.0026,0.0911,26.6022,-330.5178,-0.00159,3.1994,-0.0027,0.0,3.1994,2.2476,-0.0421,0.0,-0.0064,-0.1711,-0.2858,5,0,-1,16.59,Driving,False,-0.031,0.75,-0.004,0.0,False,False,1,,,,NONE,False,Green,60.0
233,14.8881,9.95,375,entity_1,vehicle,vehicle.audi.a2,entity_1,61.009,331.442,-0.0073,0.0,0.0,0.0286,61.009,-331.442,-0.000499,0.0,0.0,0.0,0.0,0.0,0.0,0.0,0.0,0.0,0.0,5,0,-1,51.0,Driving,False,0.875,0.0,0.0,0.0,False,False,0,,,,NONE,False,Green,30.0
233,14.8881,9.95,374,entity_2,pedestrian,walker.pedestrian.0001,entity_2,63.8916,324.3669,1.0558,0.0,0.0,-89.7611,63.8916,-324.3669,1.566627,0.0043,-1.0199,0.0,1.0199,0.0,0.0,0.0,0.0,0.0,0.0,5,0,2,53.88,Shoulder,False,0.052,,,,,,,0.0042,-1.0,1.02,,,,
233,14.8881,9.95,373,Vehicle 4,vehicle,vehicle.tesla.model3,hero_3,52.3826,330.5545,0.0017,0.0,-0.0002,-0.0709,52.3826,-330.5545,0.001237,-0.0,-0.0,0.0,0.0,0.0,-0.0,-0.0,-0.0,-0.0002,-0.0,5,0,-1,42.37,Driving,False,-0.008,0.525,-0.003,0.3,False,False,1,,,,NONE,False,Green,30.0
233,14.8881,9.95,372,Vehicle 3,vehicle,vehicle.tesla.model3,hero_2,40.4668,330.509,0.0022,-0.0001,-0.0856,-0.1195,40.4668,-330.509,0.002086,0.5872,0.0057,-0.0,0.5873,4.435,0.0345,0.0001,0.0136,-0.5106,0.0253,5,0,-1,30.46,Driving,False,-0.047,0.75,0.018,0.0,False,False,1,,,,NONE,False,Green,60.0
233,14.8881,9.95,371,Vehicle 2,vehicle,vehicle.tesla.model3,hero_1,44.0339,326.5888,0.0017,0.0012,0.0,179.9115,44.0339,-326.5888,-3.140048,-4.2027,0.0092,-0.0,4.2027,5.1004,0.0106,-0.0,0.0044,-0.3002,-0.108,5,0,1,34.02,Driving,False,-0.031,0.0,-0.001,0.7,False,False,1,,,,NONE,False,Green,30.0
233,14.8881,9.95,370,Vehicle 1,vehicle,vehicle.tesla.model3,hero_0,26.7656,330.5177,0.0017,0.0021,0.005,0.0765,26.7656,-330.5177,-0.001335,3.3132,-0.0038,-0.0,3.3132,2.2752,-0.0221,-0.0001,0.0011,-0.139,-0.2949,5,0,-1,16.76,Driving,False,-0.031,0.75,-0.004,0.0,False,False,1,,,,NONE,False,Green,60.0
234,14.9381,10.0,375,entity_1,vehicle,vehicle.audi.a2,entity_1,61.009,331.442,-0.0073,0.0,0.0,0.0286,61.009,-331.442,-0.000499,0.0,0.0,0.0,0.0,0.0,0.0,0.0,0.0,0.0,0.0,5,0,-1,51.0,Driving,False,0.875,0.0,0.0,0.0,False,False,0,,,,NONE,False,Green,30.0
234,14.9381,10.0,374,entity_2,pedestrian,walker.pedestrian.0001,entity_2,63.8918,324.3159,1.0558,0.0,0.0,-89.7611,63.8918,-324.3159,1.566627,0.0043,-1.0199,0.0,1.0199,0.0,0.0,0.0,0.0,0.0,0.0,5,0,2,53.88,Shoulder,False,0.103,,,,,,,0.0042,-1.0,1.02,,,,
234,14.9381,10.0,373,Vehicle 4,vehicle,vehicle.tesla.model3,hero_3,52.3826,330.5545,0.0017,0.0,-0.0002,-0.0709,52.3826,-330.5545,0.001237,-0.0,-0.0,0.0,0.0,0.0,0.0,0.0,0.0001,-0.0001,0.0,5,0,-1,42.37,Driving,False,-0.008,0.525,-0.003,0.3,False,False,1,,,,NONE,False,Green,30.0
234,14.9381,10.0,372,Vehicle 3,vehicle,vehicle.tesla.model3,hero_2,40.4984,330.5091,0.002,-0.0005,-0.0623,-0.0944,40.4984,-330.5091,0.001648,0.6404,0.0065,0.0,0.6405,1.0643,0.0176,0.0001,0.0025,-0.3939,0.4864,5,0,-1,30.49,Driving,False,-0.047,0.75,0.018,0.0,False,False,1,,,,NONE,False,Green,60.0
234,14.9381,10.0,371,Vehicle 2,vehicle,vehicle.tesla.model3,hero_1,43.8323,326.5892,0.0018,0.0012,-0.0153,179.9061,43.8323,-326.5892,-3.139954,-3.9164,0.0092,0.0,3.9164,5.7267,-0.0007,0.0,-0.0018,-0.3021,-0.1035,5,0,1,33.82,Driving,False,-0.031,0.0,-0.001,0.7,False,False,1,,,,NONE,False,Green,30.0
234,14.9381,10.0,370,Vehicle 1,vehicle,vehicle.tesla.model3,hero_0,26.9352,330.5176,0.0016,0.002,0.0114,0.0613,26.9352,-330.5176,-0.00107,3.4419,-0.0049,-0.0,3.4419,2.5747,-0.0237,0.0,0.0022,-0.1215,-0.3097,5,0,-1,16.93,Driving,False,-0.031,0.75,-0.004,0.0,False,False,1,,,,NONE,False,Green,60.0
235,14.9881,10.05,375,entity_1,vehicle,vehicle.audi.a2,entity_1,61.009,331.442,-0.0073,0.0,0.0,0.0286,61.009,-331.442,-0.000499,0.0,0.0,0.0,0.0,0.0,0.0,0.0,0.0,0.0,0.0,5,0,-1,51.0,Driving,False,0.875,0.0,0.0,0.0,False,False,0,,,,NONE,False,Green,30.0
235,14.9881,10.05,374,entity_2,pedestrian,walker.pedestrian.0001,entity_2,63.892,324.2649,1.0558,0.0,0.0,-89.7611,63.892,-324.2649,1.566627,0.0043,-1.0199,0.0,1.0199,0.0,0.0,0.0,0.0,0.0,0.0,5,0,2,53.88,Shoulder,False,0.154,,,,,,,0.0042,-1.0,1.02,,,,
235,14.9881,10.05,373,Vehicle 4,vehicle,vehicle.tesla.model3,hero_3,52.3826,330.5545,0.0017,0.0,-0.0002,-0.0709,52.3826,-330.5545,0.001237,-0.0,0.0,-0.0,0.0,0.0,0.0,-0.0,-0.0,-0.0001,0.0,5,0,-1,42.37,Driving,False,-0.008,0.525,-0.003,0.3,False,False,1,,,,NONE,False,Green,30.0
235,14.9881,10.05,372,Vehicle 3,vehicle,vehicle.tesla.model3,hero_2,40.538,330.5095,0.0019,-0.0013,-0.0384,-0.072,40.538,-330.5095,0.001257,0.856,0.0108,0.0,0.856,4.3103,0.0859,0.0,0.0127,-0.4567,0.7442,5,0,-1,30.53,Driving,False,-0.047,0.75,0.021,0.0,False,False,1,,,,NONE,False,Green,60.0
235,14.9881,10.05,371,Vehicle 2,vehicle,vehicle.tesla.model3,hero_1,43.6431,326.5901,0.0018,0.0033,-0.0265,179.8808,43.6431,-326.5901,-3.139512,-3.7266,0.0241,-0.0,3.7267,3.7961,0.2988,-0.0001,0.0417,-0.151,-0.6256,5,0,1,33.63,Driving,False,-0.032,0.75,-0.009,0.0,False,False,1,,,,NONE,False,Green,30.0
235,14.9881,10.05,370,Vehicle 1,vehicle,vehicle.tesla.model3,hero_0,27.1093,330.5176,0.0016,0.0006,0.0147,0.0572,27.1093,-330.5176,-0.000998,3.4899,0.0024,0.0,3.4899,0.9594,0.1479,0.0,0.0285,-0.0122,-0.0072,5,0,-1,17.1,Driving,False,-0.032,0.0,0.001,0.7,False,False,1,,,,NONE,False,Green,60.0
236,15.0381,10.1,375,entity_1,vehicle,vehicle.audi.a2,entity_1,61.009,331.442,-0.0073,0.0,0.0,0.0286,61.009,-331.442,-0.000499,0.0,0.0,0.0,0.0,0.0,0.0,0.0,0.0,0.0,0.0,5,0,-1,51.0,Driving,False,0.875,0.0,0.0,0.0,False,False,0,,,,NONE,False,Green,30.0
236,15.0381,10.1,374,entity_2,pedestrian,walker.pedestrian.0001,entity_2,63.8922,324.2139,1.0558,0.0,0.0,-89.7611,63.8922,-324.2139,1.566627,0.0043,-1.0199,0.0,1.0199,0.0,0.0,0.0,0.0,0.0,0.0,5,0,2,53.88,Shoulder,False,0.205,,,,,,,0.0042,-1.0,1.02,,,,
236,15.0381,10.1,373,Vehicle 4,vehicle,vehicle.tesla.model3,hero_3,52.3826,330.5545,0.0017,0.0,-0.0002,-0.0709,52.3826,-330.5545,0.001237,-0.0,0.0,-0.0,0.0,-0.0,0.0,-0.0,0.0,-0.0001,-0.0,5,0,-1,42.37,Driving,False,-0.008,0.525,-0.003,0.3,False,False,1,,,,NONE,False,Green,30.0
236,15.0381,10.1,372,Vehicle 3,vehicle,vehicle.tesla.model3,hero_2,40.5838,330.5099,0.0018,-0.0017,-0.0207,-0.032,40.5838,-330.5099,0.000559,0.9824,0.0134,0.0,0.9825,2.5286,0.0515,-0.0001,0.009,-0.3528,0.5579,5,0,-1,30.57,Driving,False,-0.046,0.75,0.021,0.0,False,False,1,,,,NONE,False,Green,60.0
236,15.0381,10.1,371,Vehicle 2,vehicle,vehicle.tesla.model3,hero_1,43.4577,326.5912,0.0018,0.0045,-0.0277,179.8463,43.4577,-326.5912,-3.13891,-3.7049,0.029,-0.0,3.705,0.4339,0.0967,0.0,0.0146,0.0449,-0.7087,5,0,1,33.45,Driving,False,-0.033,0.75,-0.009,0.0,False,False,1,,,,NONE,False,Green,30.0
236,15.0381,10.1,370,Vehicle 1,vehicle,vehicle.tesla.model3,hero_0,27.2814,330.5178,0.0016,-0.0003,0.0107,0.0584,27.2814,-330.5178,-0.001019,3.3905,0.004,-0.0,3.3905,-1.988,0.0306,-0.0,0.0126,0.1424,0.0337,5,0,-1,17.27,Driving,False,-0.031,0.0,0.001,0.7,False,False,1,,,,NONE,False,Green,60.0
237,15.0881,10.15,375,entity_1,vehicle,vehicle.audi.a2,entity_1,61.009,331.442,-0.0073,0.0,0.0,0.0286,61.009,-331.442,-0.000499,0.0,0.0,0.0,0.0,0.0,0.0,0.0,0.0,0.0,0.0,5,0,-1,51.0,Driving,False,0.875,0.0,0.0,0.0,False,False,0,,,,NONE,False,Green,30.0
237,15.0881,10.15,374,entity_2,pedestrian,walker.pedestrian.0001,entity_2,63.8925,324.1629,1.0558,0.0,0.0,-89.7611,63.8925,-324.1629,1.566627,0.0043,-1.0199,0.0,1.0199,0.0,0.0,0.0,0.0,0.0,0.0,5,0,2,53.88,Shoulder,False,0.256,,,,,,,0.0042,-1.0,1.02,,,,
237,15.0881,10.15,373,Vehicle 4,vehicle,vehicle.tesla.model3,hero_3,52.3826,330.5545,0.0017,0.0,-0.0002,-0.0709,52.3826,-330.5545,0.001237,-0.0,0.0,0.0,0.0,0.0,0.0,0.0,-0.0,-0.0001,-0.0,5,0,-1,42.37,Driving,False,-0.008,0.525,-0.003,0.3,False,False,1,,,,NONE,False,Green,30.0
237,15.0881,10.15,372,Vehicle 3,vehicle,vehicle.tesla.model3,hero_2,40.6354,330.5105,0.0017,-0.0018,-0.0078,-0.0228,40.6354,-330.5105,0.000398,1.0641,0.0143,0.0,1.0642,1.6342,0.018,-0.0,-0.0014,-0.1943,-0.1546,5,0,-1,30.63,Driving,False,-0.046,0.75,0.021,0.0,False,False,1,,,,NONE,False,Green,60.0
237,15.0881,10.15,371,Vehicle 2,vehicle,vehicle.tesla.model3,hero_1,43.2719,326.5926,0.0018,0.0047,-0.0228,179.8107,43.2719,-326.5926,-3.138289,-3.7296,0.032,-0.0,3.7298,-0.495,0.0601,-0.0,-0.0013,0.1236,-0.7158,5,0,1,33.26,Driving,False,-0.035,0.75,-0.009,0.0,False,False,1,,,,NONE,False,Green,30.0
237,15.0881,10.15,370,Vehicle 1,vehicle,vehicle.tesla.model3,hero_0,27.444,330.518,0.0017,-0.0006,-0.0007,0.0602,27.444,-330.518,-0.001051,3.1551,0.0042,0.0,3.1551,-4.7079,0.004,0.0,0.0026,0.2671,0.0363,5,0,-1,17.44,Driving,False,-0.031,0.0,0.001,0.7,False,False,1,,,,NONE,False,Green,60.0
238,15.1381,10.2,375,entity_1,vehicle,vehicle.audi.a2,entity_1,61.009,331.442,-0.0073,0.0,0.0,0.0286,61.009,-331.442,-0.000499,0.0,0.0,0.0,0.0,0.0,0.0,0.0,0.0,0.0,0.0,5,0,-1,51.0,Driving,False,0.875,0.0,0.0,0.0,False,False,0,,,,NONE,False,Green,30.0
238,15.1381,10.2,374,entity_2,pedestrian,walker.pedestrian.0001,entity_2,63.8927,324.1119,1.0558,0.0,0.0,-89.7611,63.8927,-324.1119,1.566627,0.0043,-1.0199,0.0,1.0199,0.0,0.0,0.0,0.0,0.0,0.0,5,0,2,53.88,Shoulder,False,0.307,,,,,,,0.0042,-1.0,1.02,,,,
238,15.1381,10.2,373,Vehicle 4,vehicle,vehicle.tesla.model3,hero_3,52.3826,330.5545,0.0017,0.0,-0.0002,-0.0709,52.3826,-330.5545,0.001237,-0.0,-0.0,-0.0,0.0,0.0,-0.0,-0.0,0.0,-0.0,-0.0,5,0,-1,42.37,Driving,False,-0.008,0.525,-0.003,0.3,False,False,1,,,,NONE,False,Green,30.0
238,15.1381,10.2,372,Vehicle 3,vehicle,vehicle.tesla.model3,hero_2,40.6942,330.5112,0.0017,-0.002,0.0031,-0.0016,40.6942,-330.5112,2.8e-05,1.2553,0.0177,0.0,1.2554,3.8242,0.0684,-0.0,0.0084,-0.25,0.5667,5,0,-1,30.69,Driving,False,-0.045,0.75,0.021,0.0,False,False,1,,,,NONE,False,Green,60.0
238,15.1381,10.2,371,Vehicle 2,vehicle,vehicle.tesla.model3,hero_1,43.0833,326.5941,0.0018,0.0045,-0.0153,179.7742,43.0833,-326.5941,-3.137652,-3.801,0.0353,-0.0,3.8012,-1.4279,0.0666,-0.0,-0.0037,0.1642,-0.7364,5,0,1,33.07,Driving,False,-0.036,0.75,-0.009,0.0,False,False,1,,,,NONE,False,Green,30.0
238,15.1381,10.2,370,Vehicle 1,vehicle,vehicle.tesla.model3,hero_0,27.5942,330.5182,0.0018,-0.0006,-0.0142,0.062,27.5942,-330.5182,-0.001082,2.9027,0.0041,-0.0,2.9027,-5.0483,-0.0018,-0.0,-0.0012,0.2613,0.0353,5,0,-1,17.59,Driving,False,-0.031,0.0,0.001,0.7,False,False,1,,,,NONE,False,Green,60.0
239,15.1881,10.25,375,entity_1,vehicle,vehicle.audi.a2,entity_1,61.009,331.442,-0.0073,0.0,0.0,0.0286,61.009,-331.442,-0.000499,0.0,0.0,0.0,0.0,0.0,0.0,0.0,0.0,0.0,0.0,5,0,-1,51.0,Driving,False,0.875,0.0,0.0,0.0,False,False,0,,,,NONE,False,Green,30.0
239,15.1881,10.25,374,entity_2,pedestrian,walker.pedestrian.0001,entity_2,63.8929,324.0609,1.0558,0.0,0.0,-89.7611,63.8929,-324.0609,1.566627,0.0043,-1.0199,0.0,1.0199,0.0,0.0,0.0,0.0,0.0,0.0,5,0,2,53.88,Shoulder,False,0.358,,,,,,,0.0042,-1.0,1.02,,,,
239,15.1881,10.25,373,Vehicle 4,vehicle,vehicle.tesla.model3,hero_3,52.3826,330.5545,0.0017,0.0,-0.0002,-0.0709,52.3826,-330.5545,0.001237,-0.0,0.0,-0.0,0.0,-0.0,0.0,0.0,-0.0,-0.0001,0.0,5,0,-1,42.37,Driving,False,-0.008,0.525,-0.003,0.3,False,False,1,,,,NONE,False,Green,30.0
239,15.1881,10.25,372,Vehicle 3,vehicle,vehicle.tesla.model3,hero_2,40.7594,330.5117,0.0016,-0.0009,0.0108,0.0188,40.7594,-330.5117,-0.000328,1.3353,0.0114,-0.0,1.3354,1.6004,-0.1261,-0.0,-0.0217,-0.0896,0.3563,5,0,-1,30.75,Driving,False,-0.045,0.75,0.011,0.0,False,False,1,,,,NONE,False,Green,60.0
239,15.1881,10.25,371,Vehicle 2,vehicle,vehicle.tesla.model3,hero_1,42.8906,326.5948,0.0017,-0.0003,-0.0071,179.7782,42.8906,-326.5948,-3.137722,-3.8917,0.0081,-0.0,3.8917,-1.8133,-0.5439,0.0,-0.0978,0.1612,0.3552,5,0,1,32.88,Driving,False,-0.037,0.75,0.006,0.0,False,False,1,,,,NONE,False,Green,30.0
239,15.1881,10.25,370,Vehicle 1,vehicle,vehicle.tesla.model3,hero_0,27.7328,330.5185,0.0018,-0.0013,-0.0246,0.07,27.7328,-330.5185,-0.001222,2.7115,0.0085,0.0,2.7115,-3.8239,0.0892,0.0,0.0114,0.1506,0.2021,5,0,-1,17.72,Driving,False,-0.031,0.3,0.004,0.0,False,False,1,,,,NONE,False,Green,60.0
240,15.2381,10.3,375,entity_1,vehicle,vehicle.audi.a2,entity_1,61.009,331.442,-0.0073,0.0,0.0,0.0286,61.009,-331.442,-0.000499,0.0,0.0,0.0,0.0,0.0,0.0,0.0,0.0,0.0,0.0,5,0,-1,51.0,Driving,False,0.875,0.0,0.0,0.0,False,False,0,,,,NONE,False,Green,30.0
240,15.2381,10.3,374,entity_2,pedestrian,walker.pedestrian.0001,entity_2,63.8931,324.0099,1.0558,0.0,0.0,-89.7611,63.8931,-324.0099,1.566627,0.0043,-1.0199,0.0,1.0199,0.0,0.0,0.0,0.0,0.0,0.0,5,0,2,53.88,Shoulder,False,0.409,,,,,,,0.0042,-1.0,1.02,,,,
240,15.2381,10.3,373,Vehicle 4,vehicle,vehicle.tesla.model3,hero_3,52.3826,330.5545,0.0017,0.0,-0.0002,-0.0709,52.3826,-330.5545,0.001237,-0.0,-0.0,-0.0,0.0,0.0,-0.0,-0.0,0.0,-0.0,-0.0,5,0,-1,42.37,Driving,False,-0.008,0.525,-0.003,0.3,False,False,1,,,,NONE,False,Green,30.0
240,15.2381,10.3,372,Vehicle 3,vehicle,vehicle.tesla.model3,hero_2,40.8323,330.5122,0.0016,-0.0005,0.0177,0.0378,40.8323,-330.5122,-0.00066,1.5373,0.0127,0.0,1.5373,4.0392,0.0255,0.0001,-0.0019,-0.1697,0.3971,5,0,-1,30.82,Driving,False,-0.044,0.75,0.011,0.0,False,False,1,,,,NONE,False,Green,60.0
240,15.2381,10.3,371,Vehicle 2,vehicle,vehicle.tesla.model3,hero_1,42.6927,326.5951,0.0017,-0.0035,0.0007,179.802,42.6927,-326.5951,-3.138137,-4.0029,0.0008,-0.0,4.0029,-2.2249,-0.147,-0.0,-0.0436,0.1515,0.5215,5,0,1,32.68,Driving,False,-0.038,0.75,0.006,0.0,False,False,1,,,,NONE,False,Green,30.0
240,15.2381,10.3,370,Vehicle 1,vehicle,vehicle.tesla.model3,hero_0,27.8672,330.5189,0.0018,-0.0016,-0.0262,0.0812,27.8672,-330.5189,-0.001417,2.6835,0.0102,-0.0,2.6836,-0.5585,0.0334,-0.0,0.004,-0.033,0.2338,5,0,-1,17.86,Driving,False,-0.031,0.3,0.004,0.0,False,False,1,,,,NONE,False,Green,60.0
241,15.2881,10.35,375,entity_1,vehicle,vehicle.audi.a2,entity_1,61.009,331.442,-0.0073,0.0,0.0,0.0286,61.009,-331.442,-0.000499,0.0,0.0,0.0,0.0,0.0,0.0,0.0,0.0,0.0,0.0,5,0,-1,51.0,Driving,False,0.875,0.0,0.0,0.0,False,False,0,,,,NONE,False,Green,30.0
241,15.2881,10.35,374,entity_2,pedestrian,walker.pedestrian.0001,entity_2,63.8933,323.959,1.0558,0.0,0.0,-89.7611,63.8933,-323.959,1.566627,0.0043,-1.0199,0.0,1.0199,0.0,0.0,0.0,0.0,0.0,0.0,5,0,2,53.88,Shoulder,False,0.46,,,,,,,0.0042,-1.0,1.02,,,,
241,15.2881,10.35,373,Vehicle 4,vehicle,vehicle.tesla.model3,hero_3,52.3826,330.5545,0.0017,0.0,-0.0002,-0.0709,52.3826,-330.5545,0.001237,-0.0,-0.0,0.0,0.0,0.0,0.0,0.0,0.0,-0.0,0.0,5,0,-1,42.37,Driving,False,-0.008,0.525,-0.003,0.3,False,False,1,,,,NONE,False,Green,30.0
241,15.2881,10.35,372,Vehicle 3,vehicle,vehicle.tesla.model3,hero_2,40.9117,330.5127,0.0016,-0.0005,0.0219,0.058,40.9117,-330.5127,-0.001012,1.6208,0.0137,0.0,1.6208,1.6701,0.021,-0.0001,0.001,-0.0309,0.3921,5,0,-1,30.9,Driving,False,-0.044,0.75,0.011,0.0,False,False,1,,,,NONE,False,Green,60.0
241,15.2881,10.35,371,Vehicle 2,vehicle,vehicle.tesla.model3,hero_1,42.4891,326.5952,0.0016,-0.0046,0.0075,179.8292,42.4891,-326.5952,-3.138612,-4.117,-0.0025,0.0,4.117,-2.281,-0.0661,0.0,-0.0097,0.1245,0.5548,5,0,1,32.48,Driving,False,-0.038,0.75,0.006,0.0,False,False,1,,,,NONE,False,Green,30.0
241,15.2881,10.35,370,Vehicle 1,vehicle,vehicle.tesla.model3,hero_0,28.001,330.5194,0.0018,-0.0016,-0.0228,0.0929,28.001,-330.5194,-0.001621,2.6708,0.0108,-0.0,2.6708,-0.2546,0.0125,-0.0,-0.0023,-0.0802,0.2303,5,0,-1,17.99,Driving,False,-0.03,0.3,0.004,0.0,False,False,1,,,,NONE,False,Green,60.0
242,15.3381,10.4,375,entity_1,vehicle,vehicle.audi.a2,entity_1,61.009,331.442,-0.0073,0.0,0.0,0.0286,61.009,-331.442,-0.000499,0.0,0.0,0.0,0.0,0.0,0.0,0.0,0.0,0.0,0.0,5,0,-1,51.0,Driving,False,0.875,0.0,0.0,0.0,False,False,0,,,,NONE,False,Green,30.0
242,15.3381,10.4,374,entity_2,pedestrian,walker.pedestrian.0001,entity_2,63.8935,323.908,1.0558,0.0,0.0,-89.7611,63.8935,-323.908,1.566627,0.0043,-1.0199,0.0,1.0199,0.0,0.0,0.0,0.0,0.0,0.0,5,0,2,53.88,Shoulder,False,0.511,,,,,,,0.0042,-1.0,1.02,,,,
242,15.3381,10.4,373,Vehicle 4,vehicle,vehicle.tesla.model3,hero_3,52.3826,330.5545,0.0017,0.0,-0.0002,-0.0709,52.3826,-330.5545,0.001237,-0.0,-0.0,-0.0,0.0,0.0,-0.0,-0.0,0.0,-0.0,0.0,5,0,-1,42.37,Driving,False,-0.008,0.525,-0.003,0.3,False,False,1,,,,NONE,False,Green,30.0
242,15.3381,10.4,372,Vehicle 3,vehicle,vehicle.tesla.model3,hero_2,40.9987,330.5134,0.0015,-0.0007,0.026,0.0804,40.9987,-330.5134,-0.001403,1.8173,0.016,-0.0,1.8174,3.9305,0.0454,-0.0,0.0068,-0.1143,0.4737,5,0,-1,30.99,Driving,False,-0.043,0.75,0.011,0.0,False,False,1,,,,NONE,False,Green,60.0
242,15.3381,10.4,371,Vehicle 2,vehicle,vehicle.tesla.model3,hero_1,42.2795,326.5951,0.0016,-0.0047,0.0131,179.8576,42.2795,-326.5951,-3.139107,-4.2403,-0.0051,-0.0,4.2403,-2.4654,-0.0514,-0.0001,0.0029,0.105,0.574,5,0,1,32.27,Driving,False,-0.038,0.75,0.006,0.0,False,False,1,,,,NONE,False,Green,30.0
242,15.3381,10.4,370,Vehicle 1,vehicle,vehicle.tesla.model3,hero_0,28.1348,330.5199,0.0018,-0.0015,-0.0181,0.1046,28.1348,-330.5199,-0.001826,2.6773,0.0116,0.0,2.6773,0.1299,0.0154,0.0001,-0.0027,-0.0997,0.2368,5,0,-1,18.13,Driving,False,-0.03,0.3,0.004,0.0,False,False,1,,,,NONE,False,Green,60.0
243,15.3881,10.45,375,entity_1,vehicle,vehicle.audi.a2,entity_1,61.009,331.442,-0.0073,0.0,0.0,0.0286,61.009,-331.442,-0.000499,0.0,0.0,0.0,0.0,0.0,0.0,0.0,0.0,0.0,0.0,5,0,-1,51.0,Driving,False,0.875,0.0,0.0,0.0,False,False,0,,,,NONE,False,Green,30.0
243,15.3881,10.45,374,entity_2,pedestrian,walker.pedestrian.0001,entity_2,63.8937,323.857,1.0558,0.0,0.0,-89.7611,63.8937,-323.857,1.566627,0.0043,-1.0199,0.0,1.0199,0.0,0.0,0.0,0.0,0.0,0.0,5,0,2,53.88,Shoulder,False,0.562,,,,,,,0.0042,-1.0,1.02,,,,
243,15.3881,10.45,373,Vehicle 4,vehicle,vehicle.tesla.model3,hero_3,52.3826,330.5545,0.0017,0.0,-0.0002,-0.0709,52.3826,-330.5545,0.001237,0.0,0.0,0.0,0.0,0.0,0.0,0.0,0.0,0.0,0.0,5,0,-1,42.37,Driving,False,-0.008,0.525,-0.002,0.3,False,False,1,,,,NONE,False,Green,30.0
243,15.3881,10.45,372,Vehicle 3,vehicle,vehicle.tesla.model3,hero_2,41.0921,330.514,0.0015,-0.0009,0.0281,0.1033,41.0921,-330.514,-0.001803,1.9044,0.0168,-0.0,1.9045,1.7412,0.0153,-0.0,0.0013,0.0032,0.4654,5,0,-1,31.08,Driving,False,-0.043,0.75,0.011,0.0,False,False,1,,,,NONE,False,Green,60.0
243,15.3881,10.45,371,Vehicle 2,vehicle,vehicle.tesla.model3,hero_1,42.0638,326.5943,0.0016,-0.0079,0.0176,179.9179,42.0638,-326.5943,-3.14016,-4.3617,-0.0307,0.0,4.3618,-2.4284,-0.5115,0.0001,-0.0648,0.0805,1.4318,5,0,1,32.05,Driving,False,-0.037,0.75,0.017,0.0,False,False,1,,,,NONE,False,Green,30.0
243,15.3881,10.45,370,Vehicle 1,vehicle,vehicle.tesla.model3,hero_0,28.2688,330.5204,0.0018,-0.0009,-0.0135,0.1129,28.2688,-330.5204,-0.00197,2.6854,0.0096,-0.0,2.6855,0.1628,-0.0394,-0.0,-0.011,-0.0874,0.143,5,0,-1,18.26,Driving,False,-0.029,0.75,0.002,0.0,False,False,1,,,,NONE,False,Green,60.0
244,15.4381,10.5,375,entity_1,vehicle,vehicle.audi.a2,entity_1,61.009,331.442,-0.0073,0.0,0.0,0.0286,61.009,-331.442,-0.000499,0.0,0.0,0.0,0.0,0.0,0.0,0.0,0.0,0.0,0.0,5,0,-1,51.0,Driving,False,0.875,0.0,0.0,0.0,False,False,0,,,,NONE,False,Green,30.0
244,15.4381,10.5,374,entity_2,pedestrian,walker.pedestrian.0001,entity_2,63.894,323.806,1.0558,0.0,0.0,-89.7611,63.894,-323.806,1.566627,0.0043,-1.0199,0.0,1.0199,0.0,0.0,0.0,0.0,0.0,0.0,5,0,2,53.88,Shoulder,False,0.613,,,,,,,0.0042,-1.0,1.02,,,,
244,15.4381,10.5,373,Vehicle 4,vehicle,vehicle.tesla.model3,hero_3,52.3826,330.5545,0.0017,0.0,-0.0002,-0.0709,52.3826,-330.5545,0.001237,-0.0,0.0,-0.0,0.0,-0.0,0.0,-0.0,-0.0,-0.0,0.0,5,0,-1,42.37,Driving,False,-0.008,0.525,-0.002,0.3,False,False,1,,,,NONE,False,Green,30.0
244,15.4381,10.5,372,Vehicle 3,vehicle,vehicle.tesla.model3,hero_2,41.1931,330.5148,0.0015,-0.001,0.0305,0.1276,41.1931,-330.5148,-0.002227,2.0953,0.0192,0.0,2.0953,3.8175,0.0484,0.0,0.0056,-0.0802,0.5039,5,0,-1,31.18,Driving,False,-0.042,0.75,0.011,0.0,False,False,1,,,,NONE,False,Green,60.0
244,15.4381,10.5,371,Vehicle 2,vehicle,vehicle.tesla.model3,hero_1,41.842,326.5929,0.0016,-0.0099,0.0211,179.9951,41.842,-326.5929,-3.141507,-4.4854,-0.0418,-0.0,4.4856,-2.4737,-0.2218,-0.0,-0.0258,0.0623,1.5866,5,0,1,31.83,Driving,False,-0.036,0.75,0.017,0.0,False,False,1,,,,NONE,False,Green,30.0
244,15.4381,10.5,370,Vehicle 1,vehicle,vehicle.tesla.model3,hero_0,28.4045,330.5208,0.0017,-0.0005,-0.0085,0.1198,28.4045,-330.5208,-0.002091,2.7359,0.0098,0.0,2.736,1.0103,0.0023,0.0,-0.0047,-0.1105,0.138,5,0,-1,18.4,Driving,False,-0.029,0.75,0.002,0.0,False,False,1,,,,NONE,False,Green,60.0
245,15.4881,10.55,375,entity_1,vehicle,vehicle.audi.a2,entity_1,61.009,331.442,-0.0073,0.0,0.0,0.0286,61.009,-331.442,-0.000499,0.0,0.0,0.0,0.0,0.0,0.0,0.0,0.0,0.0,0.0,5,0,-1,51.0,Driving,False,0.875,0.0,0.0,0.0,False,False,0,,,,NONE,False,Green,30.0
245,15.4881,10.55,374,entity_2,pedestrian,walker.pedestrian.0001,entity_2,63.8942,323.755,1.0558,0.0,0.0,-89.7611,63.8942,-323.755,1.566627,0.0043,-1.0199,0.0,1.0199,0.0,0.0,0.0,0.0,0.0,0.0,5,0,2,53.88,Shoulder,False,0.664,,,,,,,0.0042,-1.0,1.02,,,,
245,15.4881,10.55,373,Vehicle 4,vehicle,vehicle.tesla.model3,hero_3,52.3826,330.5545,0.0017,0.0,-0.0002,-0.0709,52.3826,-330.5545,0.001237,-0.0,0.0,-0.0,0.0,0.0,0.0,-0.0,-0.0001,-0.0,-0.0,5,0,-1,42.37,Driving,False,-0.008,0.525,-0.002,0.3,False,False,1,,,,NONE,False,Green,30.0
245,15.4881,10.55,372,Vehicle 3,vehicle,vehicle.tesla.model3,hero_2,41.3006,330.5157,0.0015,-0.0013,0.0314,0.1534,41.3006,-330.5157,-0.002677,2.186,0.0209,-0.0,2.1861,1.8157,0.0342,-0.0,0.0025,0.0203,0.5238,5,0,-1,31.29,Driving,False,-0.041,0.75,0.011,0.0,False,False,1,,,,NONE,False,Green,60.0
245,15.4881,10.55,371,Vehicle 2,vehicle,vehicle.tesla.model3,hero_1,41.614,326.591,0.0015,-0.0104,0.0237,-179.9237,41.614,-326.591,3.140261,-4.6083,-0.0503,-0.0,4.6086,-2.4583,-0.17,-0.0,-0.0031,0.0465,1.6459,5,0,1,31.6,Driving,False,-0.034,0.75,0.017,0.0,False,False,1,,,,NONE,False,Green,30.0
245,15.4881,10.55,370,Vehicle 1,vehicle,vehicle.tesla.model3,hero_0,28.5434,330.5213,0.0017,-0.0004,-0.0028,0.1266,28.5434,-330.5213,-0.00221,2.8098,0.0102,-0.0,2.8098,1.4773,0.008,-0.0,-0.0017,-0.1134,0.1374,5,0,-1,18.53,Driving,False,-0.029,0.75,0.002,0.0,False,False,1,,,,NONE,False,Green,60.0
246,15.5381,10.6,375,entity_1,vehicle,vehicle.audi.a2,entity_1,61.009,331.442,-0.0073,0.0,0.0,0.0286,61.009,-331.442,-0.000499,0.0,0.0,0.0,0.0,0.0,0.0,0.0,0.0,0.0,0.0,5,0,-1,51.0,Driving,False,0.875,0.0,0.0,0.0,False,False,0,,,,NONE,False,Green,30.0
246,15.5381,10.6,374,entity_2,pedestrian,walker.pedestrian.0001,entity_2,63.8944,323.704,1.0558,0.0,0.0,-89.7611,63.8944,-323.704,1.566627,0.0043,-1.0199,0.0,1.0199,0.0,0.0,0.0,0.0,0.0,0.0,5,0,2,53.88,Shoulder,False,0.715,,,,,,,0.0042,-1.0,1.02,,,,
246,15.5381,10.6,373,Vehicle 4,vehicle,vehicle.tesla.model3,hero_3,52.3826,330.5545,0.0017,0.0,-0.0002,-0.0709,52.3826,-330.5545,0.001237,-0.0,0.0,-0.0,0.0,-0.0,0.0,-0.0,-0.0,-0.0,0.0,5,0,-1,42.37,Driving,False,-0.008,0.525,-0.002,0.3,False,False,1,,,,NONE,False,Green,30.0
246,15.5381,10.6,372,Vehicle 3,vehicle,vehicle.tesla.model3,hero_2,41.4155,330.5167,0.0015,-0.0015,0.0328,0.1809,41.4155,-330.5167,-0.003157,2.3703,0.0237,-0.0,2.3704,3.6846,0.0567,0.0,0.0055,-0.0583,0.5657,5,0,-1,31.41,Driving,False,-0.04,0.75,0.011,0.0,False,False,1,,,,NONE,False,Green,60.0
246,15.5381,10.6,371,Vehicle 2,vehicle,vehicle.tesla.model3,hero_1,41.3799,326.5888,0.0015,-0.0103,0.0257,-179.8401,41.3799,-326.5888,3.138802,-4.731,-0.0585,0.0,4.7313,-2.4539,-0.1647,0.0001,0.0043,0.0344,1.6882,5,0,1,31.37,Driving,False,-0.032,0.75,0.017,0.0,False,False,1,,,,NONE,False,Green,30.0
246,15.5381,10.6,370,Vehicle 1,vehicle,vehicle.tesla.model3,hero_0,28.6871,330.5218,0.0017,-0.0004,0.0032,0.1337,28.6871,-330.5218,-0.002334,2.9156,0.0109,0.0,2.9156,2.1149,0.0151,0.0,0.0006,-0.1241,0.1449,5,0,-1,18.68,Driving,False,-0.028,0.75,0.002,0.0,False,False,1,,,,NONE,False,Green,60.0
247,15.5881,10.65,375,entity_1,vehicle,vehicle.audi.a2,entity_1,61.009,331.442,-0.0073,0.0,0.0,0.0286,61.009,-331.442,-0.000499,0.0,0.0,0.0,0.0,0.0,0.0,0.0,0.0,0.0,0.0,5,0,-1,51.0,Driving,False,0.875,0.0,0.0,0.0,False,False,0,,,,NONE,False,Green,30.0
247,15.5881,10.65,374,entity_2,pedestrian,walker.pedestrian.0001,entity_2,63.8946,323.653,1.0558,0.0,0.0,-89.7611,63.8946,-323.653,1.566627,0.0043,-1.0199,0.0,1.0199,0.0,0.0,0.0,0.0,0.0,0.0,5,0,2,53.88,Shoulder,False,0.766,,,,,,,0.0042,-1.0,1.02,,,,
247,15.5881,10.65,373,Vehicle 4,vehicle,vehicle.tesla.model3,hero_3,52.3826,330.5545,0.0017,0.0,-0.0002,-0.0709,52.3826,-330.5545,0.001237,0.0,-0.0,-0.0,0.0,0.0,-0.0,0.0,-0.0,0.0,0.0,5,0,-1,42.37,Driving,False,-0.008,0.525,-0.003,0.3,False,False,1,,,,NONE,False,Green,30.0
247,15.5881,10.65,372,Vehicle 3,vehicle,vehicle.tesla.model3,hero_2,41.535,330.5175,0.0015,-0.0005,0.0311,0.1996,41.535,-330.5175,-0.003484,2.3824,0.0181,-0.0,2.3824,0.2419,-0.1129,-0.0,-0.02,0.1174,0.3195,5,0,-1,31.53,Driving,False,-0.039,0.0,0.006,0.7,False,False,1,,,,NONE,False,Green,60.0
247,15.5881,10.65,371,Vehicle 2,vehicle,vehicle.tesla.model3,hero_1,41.1397,326.5869,0.0015,-0.006,0.0271,-179.7911,41.1397,-326.5869,3.137947,-4.8536,-0.0396,-0.0,4.8538,-2.4532,0.3785,-0.0001,0.0906,0.0256,0.7276,5,0,1,31.13,Driving,False,-0.03,0.75,0.005,0.0,False,False,1,,,,NONE,False,Green,30.0
247,15.5881,10.65,370,Vehicle 1,vehicle,vehicle.tesla.model3,hero_0,28.8361,330.5224,0.0016,-0.0002,0.0089,0.139,28.8361,-330.5224,-0.002426,3.0248,0.0101,0.0,3.0248,2.1853,-0.0164,-0.0,-0.0039,-0.1064,0.0923,5,0,-1,18.83,Driving,False,-0.028,0.75,0.001,0.0,False,False,1,,,,NONE,False,Green,60.0
248,15.6381,10.7,375,entity_1,vehicle,vehicle.audi.a2,entity_1,61.009,331.442,-0.0073,0.0,0.0,0.0286,61.009,-331.442,-0.000499,0.0,0.0,0.0,0.0,0.0,0.0,0.0,0.0,0.0,0.0,5,0,-1,51.0,Driving,False,0.875,0.0,0.0,0.0,False,False,0,,,,NONE,False,Green,30.0
248,15.6381,10.7,374,entity_2,pedestrian,walker.pedestrian.0001,entity_2,63.8948,323.602,1.0558,0.0,0.0,-89.7611,63.8948,-323.602,1.566627,0.0043,-1.0199,0.0,1.0199,0.0,0.0,0.0,0.0,0.0,0.0,5,0,2,53.88,Shoulder,False,0.817,,,,,,,0.0042,-1.0,1.02,,,,
248,15.6381,10.7,373,Vehicle 4,vehicle,vehicle.tesla.model3,hero_3,52.3826,330.5545,0.0017,0.0,-0.0002,-0.0709,52.3826,-330.5545,0.001237,-0.0,-0.0,-0.0,0.0,-0.0,-0.0,0.0,0.0,-0.0,-0.0,5,0,-1,42.37,Driving,False,-0.008,0.525,-0.003,0.3,False,False,1,,,,NONE,False,Green,30.0
248,15.6381,10.7,372,Vehicle 3,vehicle,vehicle.tesla.model3,hero_2,41.6534,330.5183,0.0015,0.0001,0.0239,0.2146,41.6534,-330.5183,-0.003745,2.3429,0.0174,-0.0,2.343,-0.7887,-0.0132,-0.0,-0.0074,0.1567,0.2908,5,0,-1,31.64,Driving,False,-0.039,0.0,0.006,0.7,False,False,1,,,,NONE,False,Green,60.0
248,15.6381,10.7,371,Vehicle 2,vehicle,vehicle.tesla.model3,hero_1,40.8933,326.5852,0.0015,-0.0029,0.0282,-179.7604,40.8933,-326.5852,3.137411,-4.9758,-0.0374,-0.0,4.976,-2.4442,0.0431,0.0,0.0446,0.0185,0.5747,5,0,1,30.88,Driving,False,-0.029,0.75,0.005,0.0,False,False,1,,,,NONE,False,Green,30.0
248,15.6381,10.7,370,Vehicle 1,vehicle,vehicle.tesla.model3,hero_0,28.9912,330.5229,0.0016,-0.0001,0.0141,0.1435,28.9912,-330.5229,-0.002505,3.152,0.0105,0.0,3.1521,2.5442,0.0082,0.0,-0.0006,-0.1007,0.0907,5,0,-1,18.98,Driving,False,-0.027,0.75,0.001,0.0,False,False,1,,,,NONE,False,Green,60.0
249,15.6881,10.75,375,entity_1,vehicle,vehicle.audi.a2,entity_1,61.009,331.442,-0.0073,0.0,0.0,0.0286,61.009,-331.442,-0.000499,0.0,0.0,0.0,0.0,0.0,0.0,0.0,0.0,0.0,0.0,5,0,-1,51.0,Driving,False,0.875,0.0,0.0,0.0,False,False,0,,,,NONE,False,Green,30.0
249,15.6881,10.75,374,entity_2,pedestrian,walker.pedestrian.0001,entity_2,63.895,323.551,1.0558,0.0,0.0,-89.7611,63.895,-323.551,1.566627,0.0043,-1.0199,0.0,1.0199,0.0,0.0,0.0,0.0,0.0,0.0,5,0,2,53.88,Shoulder,False,0.868,,,,,,,0.0042,-1.0,1.02,,,,
249,15.6881,10.75,373,Vehicle 4,vehicle,vehicle.tesla.model3,hero_3,52.3826,330.5545,0.0017,0.0,-0.0002,-0.0709,52.3826,-330.5545,0.001237,-0.0,-0.0,0.0,0.0,-0.0,-0.0,0.0,0.0,-0.0,-0.0,5,0,-1,42.37,Driving,False,-0.008,0.525,-0.003,0.3,False,False,1,,,,NONE,False,Green,30.0
249,15.6881,10.75,372,Vehicle 3,vehicle,vehicle.tesla.model3,hero_2,41.7624,330.519,0.0016,0.0003,0.0094,0.228,41.7624,-330.519,-0.003979,2.0636,0.0157,0.0,2.0636,-5.5867,-0.0353,0.0001,-0.0054,0.3654,0.2523,5,0,-1,31.75,Driving,False,-0.038,0.0,0.006,0.7,False,False,1,,,,NONE,False,Green,60.0
249,15.6881,10.75,371,Vehicle 2,vehicle,vehicle.tesla.model3,hero_1,40.6409,326.5834,0.0017,-0.0015,0.029,-179.7324,40.6409,-326.5834,3.136922,-5.0973,-0.0391,0.0038,5.0974,-2.4286,-0.0331,0.0767,0.0134,0.0132,0.5556,5,0,1,30.63,Driving,False,-0.027,0.75,0.005,0.0,False,False,1,,,,NONE,False,Green,30.0
249,15.6881,10.75,370,Vehicle 1,vehicle,vehicle.tesla.model3,hero_0,29.1525,330.5235,0.0016,-0.0001,0.0184,0.148,29.1525,-330.5235,-0.002583,3.2748,0.0111,0.0,3.2748,2.455,0.0111,-0.0,0.0006,-0.077,0.0918,5,0,-1,19.14,Driving,False,-0.027,0.75,0.001,0.0,False,False,1,,,,NONE,False,Green,60.0
250,15.7381,10.8,375,entity_1,vehicle,vehicle.audi.a2,entity_1,61.009,331.442,-0.0073,0.0,0.0,0.0286,61.009,-331.442,-0.000499,0.0,0.0,0.0,0.0,0.0,0.0,0.0,0.0,0.0,0.0,5,0,-1,51.0,Driving,False,0.875,0.0,0.0,0.0,False,False,0,,,,NONE,False,Green,30.0
250,15.7381,10.8,374,entity_2,pedestrian,walker.pedestrian.0001,entity_2,63.8952,323.5,1.0558,0.0,0.0,-89.7611,63.8952,-323.5,1.566627,0.0043,-1.0199,0.0,1.0199,0.0,0.0,0.0,0.0,0.0,0.0,5,0,2,53.88,Shoulder,False,0.919,,,,,,,0.0042,-1.0,1.02,,,,
250,15.7381,10.8,373,Vehicle 4,vehicle,vehicle.tesla.model3,hero_3,52.3826,330.5545,0.0017,0.0,-0.0002,-0.0709,52.3826,-330.5545,0.001237,0.0,0.0,-0.0,0.0,0.0,0.0,-0.0,-0.0,0.0,0.0,5,0,-1,42.37,Driving,False,-0.008,0.525,-0.003,0.3,False,False,1,,,,NONE,False,Green,30.0
250,15.7381,10.8,372,Vehicle 3,vehicle,vehicle.tesla.model3,hero_2,41.8517,330.5197,0.0018,0.0006,-0.0161,0.2385,41.8517,-330.5197,-0.004163,1.367,0.0105,-0.0,1.367,-13.9318,-0.1033,-0.0,-0.0149,0.8705,0.1485,5,0,-1,31.84,Driving,False,-0.037,0.0,0.006,0.7,False,False,1,,,,NONE,False,Green,60.0
250,15.7381,10.8,371,Vehicle 2,vehicle,vehicle.tesla.model3,hero_1,40.3838,326.5816,0.0018,-0.0013,0.0274,-179.7048,40.3838,-326.5816,3.13644,-5.1178,-0.0404,0.001,5.118,-0.4105,-0.0263,-0.0566,0.0064,-0.1359,0.5203,5,0,1,30.37,Driving,False,-0.025,0.75,0.005,0.0,False,False,1,,,,NONE,False,Green,30.0
250,15.7381,10.8,370,Vehicle 1,vehicle,vehicle.tesla.model3,hero_0,29.3203,330.524,0.0016,-0.0001,0.022,0.1528,29.3203,-330.524,-0.002667,3.4093,0.0118,-0.0,3.4093,2.6899,0.0146,-0.0,0.0015,-0.0689,0.0964,5,0,-1,19.31,Driving,False,-0.026,0.75,0.001,0.0,False,False,1,,,,NONE,False,Green,60.0
251,15.7881,10.85,375,entity_1,vehicle,vehicle.audi.a2,entity_1,61.009,331.442,-0.0073,0.0,0.0,0.0286,61.009,-331.442,-0.000499,0.0,0.0,0.0,0.0,0.0,0.0,0.0,0.0,0.0,0.0,5,0,-1,51.0,Driving,False,0.875,0.0,0.0,0.0,False,False,0,,,,NONE,False,Green,30.0
251,15.7881,10.85,374,entity_2,pedestrian,walker.pedestrian.0001,entity_2,63.8955,323.449,1.0558,0.0,0.0,-89.7611,63.8955,-323.449,1.566627,0.0043,-1.0199,0.0,1.0199,0.0,0.0,0.0,0.0,0.0,0.0,5,0,2,53.88,Shoulder,False,0.97,,,,,,,0.0042,-1.0,1.02,,,,
251,15.7881,10.85,373,Vehicle 4,vehicle,vehicle.tesla.model3,hero_3,52.3826,330.5545,0.0017,0.0,-0.0002,-0.0709,52.3826,-330.5545,0.001237,-0.0,-0.0,-0.0,0.0,-0.0,-0.0,0.0,0.0,-0.0,0.0,5,0,-1,42.37,Driving,False,-0.008,0.525,-0.002,0.3,False,False,1,,,,NONE,False,Green,30.0
251,15.7881,10.85,372,Vehicle 3,vehicle,vehicle.tesla.model3,hero_2,41.881,330.5199,0.0021,0.0014,-0.0716,0.2412,41.881,-330.5199,-0.00421,0.1425,0.0012,-0.0,0.1425,-24.4898,-0.1861,-0.0,-0.0188,1.0643,0.0092,5,0,-1,31.87,Driving,False,-0.037,0.0,0.005,0.7,False,False,1,,,,NONE,False,Green,60.0
251,15.7881,10.85,371,Vehicle 2,vehicle,vehicle.tesla.model3,hero_1,40.128,326.5805,0.0019,0.0038,0.0208,-179.7215,40.128,-326.5805,3.136732,-5.1183,-0.0097,-0.0001,5.1183,-0.0104,0.6146,-0.0228,0.117,-0.1133,-0.7416,5,0,1,30.12,Driving,False,-0.024,0.737,-0.012,0.0,False,False,1,,,,NONE,False,Green,30.0
251,15.7881,10.85,370,Vehicle 1,vehicle,vehicle.tesla.model3,hero_0,29.4943,330.5244,0.0015,0.0009,0.0245,0.1476,29.4943,-330.5244,-0.002576,3.5238,0.0051,-0.0,3.5238,2.2894,-0.1347,-0.0,-0.021,-0.0339,-0.1695,5,0,-1,19.49,Driving,False,-0.026,0.439,-0.003,0.0,False,False,1,,,,NONE,False,Green,60.0
252,15.8381,10.9,375,entity_1,vehicle,vehicle.audi.a2,entity_1,61.009,331.442,-0.0073,0.0,0.0,0.0286,61.009,-331.442,-0.000499,0.0,0.0,0.0,0.0,0.0,0.0,0.0,0.0,0.0,0.0,5,0,-1,51.0,Driving,False,0.875,0.0,0.0,0.0,False,False,0,,,,NONE,False,Green,30.0
252,15.8381,10.9,374,entity_2,pedestrian,walker.pedestrian.0001,entity_2,63.8957,323.398,1.0558,0.0,0.0,-89.7611,63.8957,-323.398,1.566627,0.0043,-1.0199,0.0,1.0199,0.0,0.0,0.0,0.0,0.0,0.0,5,0,2,53.88,Shoulder,False,1.021,,,,,,,0.0042,-1.0,1.02,,,,
252,15.8381,10.9,373,Vehicle 4,vehicle,vehicle.tesla.model3,hero_3,52.3826,330.5545,0.0017,0.0,-0.0002,-0.0709,52.3826,-330.5545,0.001237,-0.0,0.0,-0.0,0.0,0.0,0.0,0.0,-0.0,-0.0,-0.0,5,0,-1,42.37,Driving,False,-0.008,0.525,-0.002,0.3,False,False,1,,,,NONE,False,Green,30.0
252,15.8381,10.9,372,Vehicle 3,vehicle,vehicle.tesla.model3,hero_2,41.8809,330.5199,0.0022,0.0016,-0.0938,0.2409,41.8809,-330.5199,-0.004204,0.0,0.0,-0.0,0.0,-2.8496,-0.0239,-0.0001,0.0003,0.0519,-0.0,5,0,-1,31.87,Driving,False,-0.037,0.0,0.005,0.7,False,False,1,,,,NONE,False,Green,60.0
252,15.8381,10.9,371,Vehicle 2,vehicle,vehicle.tesla.model3,hero_1,39.8727,326.5802,0.0019,0.0076,0.0154,-179.7702,39.8727,-326.5802,3.137582,-5.1028,0.0031,-0.0005,5.1028,0.3113,0.2556,-0.0075,0.0475,-0.1028,-1.0747,5,0,1,29.86,Driving,False,-0.024,0.737,-0.012,0.0,False,False,1,,,,NONE,False,Green,30.0
252,15.8381,10.9,370,Vehicle 1,vehicle,vehicle.tesla.model3,hero_0,29.6734,330.5246,0.0015,0.0016,0.0252,0.1376,29.6734,-330.5246,-0.002402,3.6156,0.0031,-0.0,3.6156,1.837,-0.0382,-0.0,-0.0084,-0.0015,-0.2107,5,0,-1,19.66,Driving,False,-0.026,0.439,-0.003,0.0,False,False,1,,,,NONE,False,Green,60.0
253,15.8881,10.95,375,entity_1,vehicle,vehicle.audi.a2,entity_1,61.009,331.442,-0.0073,0.0,0.0,0.0286,61.009,-331.442,-0.000499,0.0,0.0,0.0,0.0,0.0,0.0,0.0,0.0,0.0,0.0,5,0,-1,51.0,Driving,False,0.875,0.0,0.0,0.0,False,False,0,,,,NONE,False,Green,30.0
253,15.8881,10.95,374,entity_2,pedestrian,walker.pedestrian.0001,entity_2,63.8959,323.347,1.0558,0.0,0.0,-89.7611,63.8959,-323.347,1.566627,0.0043,-1.0199,0.0,1.0199,0.0,0.0,0.0,0.0,0.0,0.0,5,0,2,53.88,Shoulder,False,1.072,,,,,,,0.0042,-1.0,1.02,,,,
253,15.8881,10.95,373,Vehicle 4,vehicle,vehicle.tesla.model3,hero_3,52.3826,330.5545,0.0017,0.0,-0.0002,-0.0709,52.3826,-330.5545,0.001237,-0.0,0.0,-0.0,0.0,-0.0,0.0,-0.0,-0.0,-0.0,0.0,5,0,-1,42.37,Driving,False,-0.008,0.525,-0.002,0.3,False,False,1,,,,NONE,False,Green,30.0
253,15.8881,10.95,372,Vehicle 3,vehicle,vehicle.tesla.model3,hero_2,41.8809,330.5199,0.0022,0.0014,-0.0841,0.2409,41.8809,-330.5199,-0.004204,-0.0002,-0.0,0.0,0.0002,-0.0045,-0.0007,0.0001,0.0064,-0.2912,0.0,5,0,-1,31.87,Driving,False,-0.037,0.0,0.005,0.7,False,False,1,,,,NONE,False,Green,60.0
253,15.8881,10.95,371,Vehicle 2,vehicle,vehicle.tesla.model3,hero_1,39.6159,326.5804,0.0019,0.0092,0.013,-179.8313,39.6159,-326.5804,3.138648,-5.161,0.0143,-0.0006,5.161,-1.1639,0.2243,-0.0011,0.0249,-0.0122,-1.2962,5,0,1,29.6,Driving,False,-0.025,0.737,-0.012,0.0,False,False,1,,,,NONE,False,Green,30.0
253,15.8881,10.95,370,Vehicle 1,vehicle,vehicle.tesla.model3,hero_0,29.8562,330.5249,0.0015,0.0017,0.0243,0.1269,29.8562,-330.5249,-0.002215,3.6812,0.0022,-0.0,3.6812,1.3112,-0.0182,0.0,-0.0002,0.0293,-0.2167,5,0,-1,19.85,Driving,False,-0.026,0.439,-0.003,0.0,False,False,1,,,,NONE,False,Green,60.0
254,15.9381,11.0,375,entity_1,vehicle,vehicle.audi.a2,entity_1,61.009,331.442,-0.0073,0.0,0.0,0.0286,61.009,-331.442,-0.000499,0.0,0.0,0.0,0.0,0.0,0.0,0.0,0.0,0.0,0.0,5,0,-1,51.0,Driving,False,0.875,0.0,0.0,0.0,False,False,0,,,,NONE,False,Green,30.0
254,15.9381,11.0,374,entity_2,pedestrian,walker.pedestrian.0001,entity_2,63.8961,323.296,1.0558,0.0,0.0,-89.7611,63.8961,-323.296,1.566627,0.0043,-1.0199,0.0,1.0199,0.0,0.0,0.0,0.0,0.0,0.0,5,0,3,53.88,Sidewalk,False,-1.027,,,,,,,0.0042,-1.0,1.02,,,,
254,15.9381,11.0,373,Vehicle 4,vehicle,vehicle.tesla.model3,hero_3,52.3826,330.5545,0.0017,0.0,-0.0002,-0.0709,52.3826,-330.5545,0.001237,-0.0,0.0,-0.0,0.0,0.0,-0.0,-0.0,-0.0,-0.0,-0.0,5,0,-1,42.37,Driving,False,-0.008,0.525,-0.002,0.3,False,False,1,,,,NONE,False,Green,30.0
254,15.9381,11.0,372,Vehicle 3,vehicle,vehicle.tesla.model3,hero_2,41.881,330.5199,0.0021,0.0011,-0.0676,0.2409,41.881,-330.5199,-0.004204,-0.0002,-0.0,0.0,0.0002,-0.0006,-0.0001,-0.0,0.0071,-0.3359,0.0,5,0,-1,31.87,Driving,False,-0.037,0.0,0.005,0.7,False,False,1,,,,NONE,False,Green,60.0
254,15.9381,11.0,371,Vehicle 2,vehicle,vehicle.tesla.model3,hero_1,39.3569,326.5809,0.0019,0.0094,0.0123,-179.8957,39.3569,-326.5809,3.139772,-5.1957,0.0203,-0.0005,5.1957,-0.6943,0.1192,0.0013,-0.0074,-0.0164,-1.2801,5,0,1,29.35,Driving,False,-0.025,0.737,-0.012,0.0,False,False,1,,,,NONE,False,Green,30.0
254,15.9381,11.0,370,Vehicle 1,vehicle,vehicle.tesla.model3,hero_0,30.0421,330.525,0.0015,0.0017,0.0226,0.1158,30.0421,-330.525,-0.002021,3.7419,0.0014,-0.0,3.7419,1.2157,-0.0163,-0.0,0.0021,0.0355,-0.2227,5,0,-1,20.03,Driving,False,-0.026,0.439,-0.003,0.0,False,False,1,,,,NONE,False,Green,60.0
255,15.9881,11.05,375,entity_1,vehicle,vehicle.audi.a2,entity_1,61.009,331.442,-0.0073,0.0,0.0,0.0286,61.009,-331.442,-0.000499,0.0,0.0,0.0,0.0,0.0,0.0,0.0,0.0,0.0,0.0,5,0,-1,51.0,Driving,False,0.875,0.0,0.0,0.0,False,False,0,,,,NONE,False,Green,30.0
255,15.9881,11.05,374,entity_2,pedestrian,walker.pedestrian.0001,entity_2,63.8963,323.245,1.0558,0.0,0.0,-89.7611,63.8963,-323.245,1.566627,0.0043,-1.0199,0.0,1.0199,0.0,0.0,0.0,0.0,0.0,0.0,5,0,3,53.88,Sidewalk,False,-0.976,,,,,,,0.0042,-1.0,1.02,,,,
255,15.9881,11.05,373,Vehicle 4,vehicle,vehicle.tesla.model3,hero_3,52.3826,330.5545,0.0017,0.0,-0.0002,-0.0709,52.3826,-330.5545,0.001237,0.0,0.0,-0.0,0.0,0.0,0.0,-0.0,-0.0,0.0,-0.0,5,0,-1,42.37,Driving,False,-0.008,0.525,-0.004,0.3,False,False,1,,,,NONE,False,Green,30.0
255,15.9881,11.05,372,Vehicle 3,vehicle,vehicle.tesla.model3,hero_2,41.8812,330.5199,0.002,0.0009,-0.0519,0.2409,41.8812,-330.5199,-0.004204,-0.0002,-0.0,0.0,0.0002,0.0006,0.0001,0.0001,0.0061,-0.2924,0.0,5,0,-1,31.87,Driving,False,-0.037,0.75,0.006,0.0,False,False,1,,,,NONE,False,Green,60.0
255,15.9881,11.05,371,Vehicle 2,vehicle,vehicle.tesla.model3,hero_1,39.0943,326.5813,0.0018,0.0066,0.0134,-179.9401,39.0943,-326.5813,3.140547,-5.2931,0.012,-0.0004,5.2931,-1.9493,-0.1655,0.002,-0.0603,0.0459,-0.712,5,0,1,29.08,Driving,False,-0.026,0.732,-0.004,0.0,False,False,1,,,,NONE,False,Green,30.0
255,15.9881,11.05,370,Vehicle 1,vehicle,vehicle.tesla.model3,hero_0,30.229,330.5251,0.0016,0.0016,0.0187,0.1036,30.229,-330.5251,-0.001808,3.7167,-0.0001,0.0,3.7167,-0.5041,-0.0308,0.0,0.001,0.1186,-0.2493,5,0,-1,20.22,Driving,False,-0.026,0.0,-0.003,1.0,False,False,1,,,,NONE,False,Green,60.0
256,16.0381,11.1,375,entity_1,vehicle,vehicle.audi.a2,entity_1,61.009,331.442,-0.0073,0.0,0.0,0.0286,61.009,-331.442,-0.000499,0.0,0.0,0.0,0.0,0.0,0.0,0.0,0.0,0.0,0.0,5,0,-1,51.0,Driving,False,0.875,0.0,0.0,0.0,False,False,0,,,,NONE,False,Green,30.0
256,16.0381,11.1,374,entity_2,pedestrian,walker.pedestrian.0001,entity_2,63.8965,323.194,1.0558,0.0,0.0,-89.7611,63.8965,-323.194,1.566627,0.0043,-1.0199,0.0,1.0199,0.0,0.0,0.0,0.0,0.0,0.0,5,0,3,53.88,Sidewalk,False,-0.925,,,,,,,0.0042,-1.0,1.02,,,,
256,16.0381,11.1,373,Vehicle 4,vehicle,vehicle.tesla.model3,hero_3,52.3826,330.5545,0.0017,0.0,-0.0002,-0.0709,52.3826,-330.5545,0.001237,-0.0,-0.0,-0.0,0.0,-0.0,-0.0,0.0,0.0,-0.0,-0.0,5,0,-1,42.37,Driving,False,-0.008,0.525,-0.004,0.3,False,False,1,,,,NONE,False,Green,30.0
256,16.0381,11.1,372,Vehicle 3,vehicle,vehicle.tesla.model3,hero_2,41.8829,330.5199,0.0019,0.0006,-0.0373,0.2412,41.8829,-330.5199,-0.00421,0.0895,0.0007,0.0,0.0895,1.7938,0.0154,-0.0,0.0076,-0.3471,0.0155,5,0,-1,31.87,Driving,False,-0.037,0.75,0.006,0.0,False,False,1,,,,NONE,False,Green,60.0
256,16.0381,11.1,371,Vehicle 2,vehicle,vehicle.tesla.model3,hero_1,38.8277,326.5817,0.0018,0.0042,0.0149,-179.9685,38.8277,-326.5817,3.141043,-5.3579,0.0096,-0.0003,5.3579,-1.2947,-0.0477,0.0018,-0.0395,0.0171,-0.4998,5,0,1,28.82,Driving,False,-0.026,0.732,-0.004,0.0,False,False,1,,,,NONE,False,Green,30.0
256,16.0381,11.1,370,Vehicle 1,vehicle,vehicle.tesla.model3,hero_0,30.4104,330.5251,0.0016,0.0015,0.0093,0.0912,30.4104,-330.5251,-0.001592,3.5552,-0.0012,0.0,3.5552,-3.2312,-0.0207,0.0,0.0026,0.2322,-0.2457,5,0,-1,20.4,Driving,False,-0.026,0.0,-0.003,1.0,False,False,1,,,,NONE,False,Green,60.0
257,16.0881,11.15,375,entity_1,vehicle,vehicle.audi.a2,entity_1,61.009,331.442,-0.0073,0.0,0.0,0.0286,61.009,-331.442,-0.000499,0.0,0.0,0.0,0.0,0.0,0.0,0.0,0.0,0.0,0.0,5,0,-1,51.0,Driving,False,0.875,0.0,0.0,0.0,False,False,0,,,,NONE,False,Green,30.0
257,16.0881,11.15,374,entity_2,pedestrian,walker.pedestrian.0001,entity_2,63.8968,323.143,1.0558,0.0,0.0,-89.7611,63.8968,-323.143,1.566627,0.0043,-1.0199,0.0,1.0199,0.0,0.0,0.0,0.0,0.0,0.0,5,0,3,53.88,Sidewalk,False,-0.874,,,,,,,0.0042,-1.0,1.02,,,,
257,16.0881,11.15,373,Vehicle 4,vehicle,vehicle.tesla.model3,hero_3,52.3826,330.5545,0.0017,0.0,-0.0002,-0.0709,52.3826,-330.5545,0.001237,0.0,0.0,-0.0,0.0,0.0,0.0,-0.0,-0.0,0.0,-0.0,5,0,-1,42.37,Driving,False,-0.008,0.525,-0.004,0.3,False,False,1,,,,NONE,False,Green,30.0
257,16.0881,11.15,372,Vehicle 3,vehicle,vehicle.tesla.model3,hero_2,41.8844,330.5199,0.0018,0.0005,-0.0278,0.2414,41.8844,-330.5199,-0.004213,-0.0108,-0.0001,0.0,0.0108,-2.0064,-0.0167,0.0001,0.0016,-0.0899,-0.0028,5,0,-1,31.88,Driving,False,-0.037,0.75,0.006,0.0,False,False,1,,,,NONE,False,Green,60.0
257,16.0881,11.15,371,Vehicle 2,vehicle,vehicle.tesla.model3,hero_1,38.5563,326.582,0.0018,0.003,0.0171,-179.9922,38.5563,-326.582,3.141457,-5.4767,0.0108,-0.0002,5.4767,-2.3759,0.0232,0.0016,-0.0142,0.0598,-0.4671,5,0,1,28.55,Driving,False,-0.027,0.732,-0.004,0.0,False,False,1,,,,NONE,False,Green,30.0
257,16.0881,11.15,370,Vehicle 1,vehicle,vehicle.tesla.model3,hero_0,30.5796,330.5252,0.0017,0.0013,-0.0057,0.0796,30.5796,-330.5252,-0.001389,3.2546,-0.0018,-0.0,3.2546,-6.0112,-0.012,-0.0001,0.0048,0.3435,-0.2215,5,0,-1,20.57,Driving,False,-0.026,0.0,-0.003,1.0,False,False,1,,,,NONE,False,Green,60.0
258,16.1381,11.2,375,entity_1,vehicle,vehicle.audi.a2,entity_1,61.009,331.442,-0.0073,0.0,0.0,0.0286,61.009,-331.442,-0.000499,0.0,0.0,0.0,0.0,0.0,0.0,0.0,0.0,0.0,0.0,5,0,-1,51.0,Driving,False,0.875,0.0,0.0,0.0,False,False,0,,,,NONE,False,Green,30.0
258,16.1381,11.2,374,entity_2,pedestrian,walker.pedestrian.0001,entity_2,63.897,323.092,1.0558,0.0,0.0,-89.7611,63.897,-323.092,1.566627,0.0043,-1.0199,0.0,1.0199,0.0,0.0,0.0,0.0,0.0,0.0,5,0,3,53.88,Sidewalk,False,-0.823,,,,,,,0.0042,-1.0,1.02,,,,
258,16.1381,11.2,373,Vehicle 4,vehicle,vehicle.tesla.model3,hero_3,52.3826,330.5545,0.0017,0.0,-0.0002,-0.0709,52.3826,-330.5545,0.001237,0.0,0.0,-0.0,0.0,-0.0,-0.0,0.0,0.0,0.0,-0.0,5,0,-1,42.37,Driving,False,-0.008,0.525,-0.004,0.3,False,False,1,,,,NONE,False,Green,30.0
258,16.1381,11.2,372,Vehicle 3,vehicle,vehicle.tesla.model3,hero_2,41.8894,330.5199,0.0018,0.0003,-0.0176,0.2433,41.8894,-330.5199,-0.004246,0.0816,0.0004,0.0,0.0816,1.8486,0.0106,0.0,-0.0002,-0.112,0.5876,5,0,-1,31.88,Driving,False,-0.037,0.75,0.006,0.0,False,False,1,,,,NONE,False,Green,60.0
258,16.1381,11.2,371,Vehicle 2,vehicle,vehicle.tesla.model3,hero_1,38.28,326.5825,0.0018,0.0025,0.0189,179.9855,38.28,-326.5825,-3.14134,-5.5576,0.0119,-0.0002,5.5576,-1.6183,0.0213,0.0013,-0.0086,0.0209,-0.4339,5,0,1,28.27,Driving,False,-0.027,0.732,-0.004,0.0,False,False,1,,,,NONE,False,Green,30.0
258,16.1381,11.2,370,Vehicle 1,vehicle,vehicle.tesla.model3,hero_0,30.7312,330.5251,0.0018,0.001,-0.0237,0.0691,30.7312,-330.5251,-0.001206,2.8866,-0.0023,0.0,2.8866,-7.3595,-0.0106,0.0,0.0045,0.355,-0.2012,5,0,-1,20.72,Driving,False,-0.026,0.0,-0.003,1.0,False,False,1,,,,NONE,False,Green,60.0
259,16.1881,11.25,375,entity_1,vehicle,vehicle.audi.a2,entity_1,61.009,331.442,-0.0073,0.0,0.0,0.0286,61.009,-331.442,-0.000499,0.0,0.0,0.0,0.0,0.0,0.0,0.0,0.0,0.0,0.0,5,0,-1,51.0,Driving,False,0.875,0.0,0.0,0.0,False,False,0,,,,NONE,False,Green,30.0
259,16.1881,11.25,374,entity_2,pedestrian,walker.pedestrian.0001,entity_2,63.8972,323.041,1.0558,0.0,0.0,-89.7611,63.8972,-323.041,1.566627,0.0043,-1.0199,0.0,1.0199,0.0,0.0,0.0,0.0,0.0,0.0,5,0,3,53.88,Sidewalk,False,-0.772,,,,,,,0.0042,-1.0,1.02,,,,
259,16.1881,11.25,373,Vehicle 4,vehicle,vehicle.tesla.model3,hero_3,52.3826,330.5545,0.0017,0.0,-0.0002,-0.0709,52.3826,-330.5545,0.001237,0.0,0.0,-0.0,0.0,-0.0,0.0,0.0,0.0,0.0,-0.0,5,0,-1,42.37,Driving,False,-0.008,0.525,-0.001,0.3,False,False,1,,,,NONE,False,Green,30.0
259,16.1881,11.25,372,Vehicle 3,vehicle,vehicle.tesla.model3,hero_2,41.8988,330.5199,0.0017,0.0002,-0.0078,0.2426,41.8988,-330.5199,-0.004234,0.2225,0.0015,0.0,0.2226,2.8191,0.0221,-0.0001,0.0035,-0.1892,-0.647,5,0,-1,31.89,Driving,False,-0.037,0.75,0.005,0.0,False,False,1,,,,NONE,False,Green,60.0
259,16.1881,11.25,371,Vehicle 2,vehicle,vehicle.tesla.model3,hero_1,37.9983,326.5823,0.0017,-0.0019,0.0209,179.9991,37.9983,-326.5823,-3.141577,-5.6844,-0.0126,-0.0001,5.6845,-2.5373,-0.4893,0.0009,-0.0987,0.0514,0.605,5,0,1,27.99,Driving,False,-0.027,0.679,0.009,0.0,False,False,1,,,,NONE,False,Green,30.0
259,16.1881,11.25,370,Vehicle 1,vehicle,vehicle.tesla.model3,hero_0,30.8652,330.5253,0.0019,-0.0008,-0.039,0.0744,30.8652,-330.5253,-0.001299,2.5609,0.008,-0.0,2.5609,-6.5149,0.2057,-0.0,0.0357,0.2615,0.2063,5,0,-1,20.86,Driving,False,-0.026,0.0,0.005,0.7,False,False,1,,,,NONE,False,Green,60.0
260,16.2381,11.3,375,entity_1,vehicle,vehicle.audi.a2,entity_1,61.009,331.442,-0.0073,0.0,0.0,0.0286,61.009,-331.442,-0.000499,0.0,0.0,0.0,0.0,0.0,0.0,0.0,0.0,0.0,0.0,5,0,-1,51.0,Driving,False,0.875,0.0,0.0,0.0,False,False,0,,,,NONE,False,Green,30.0
260,16.2381,11.3,374,entity_2,pedestrian,walker.pedestrian.0001,entity_2,63.8974,322.99,1.0558,0.0,0.0,-89.7611,63.8974,-322.99,1.566627,0.0043,-1.0199,0.0,1.0199,0.0,0.0,0.0,0.0,0.0,0.0,5,0,3,53.88,Sidewalk,False,-0.721,,,,,,,0.0042,-1.0,1.02,,,,
260,16.2381,11.3,373,Vehicle 4,vehicle,vehicle.tesla.model3,hero_3,52.3826,330.5545,0.0017,0.0,-0.0002,-0.0709,52.3826,-330.5545,0.001237,0.0,0.0,-0.0,0.0,-0.0,0.0,-0.0,-0.0,0.0,0.0,5,0,-1,42.37,Driving,False,-0.008,0.525,-0.001,0.3,False,False,1,,,,NONE,False,Green,30.0
260,16.2381,11.3,372,Vehicle 3,vehicle,vehicle.tesla.model3,hero_2,41.9126,330.52,0.0017,0.0001,0.0002,0.2464,41.9126,-330.52,-0.0043,0.3466,0.0024,0.0,0.3467,2.482,0.0173,0.0,0.0035,-0.2004,0.2243,5,0,-1,31.9,Driving,False,-0.037,0.75,0.005,0.0,False,False,1,,,,NONE,False,Green,60.0
260,16.2381,11.3,371,Vehicle 2,vehicle,vehicle.tesla.model3,hero_1,37.7116,326.5815,0.0017,-0.0053,0.0221,-179.9603,37.7116,-326.5815,3.1409,-5.7653,-0.0236,-0.0001,5.7654,-1.618,-0.2202,0.0007,-0.046,0.0055,0.9039,5,0,1,27.7,Driving,False,-0.027,0.679,0.009,0.0,False,False,1,,,,NONE,False,Green,30.0
260,16.2381,11.3,370,Vehicle 1,vehicle,vehicle.tesla.model3,hero_0,30.9843,330.5257,0.002,-0.0019,-0.0497,0.0865,30.9843,-330.5257,-0.00151,2.2135,0.0096,-0.0,2.2135,-6.9488,0.0322,-0.0,0.0086,0.2737,0.2333,5,0,-1,20.98,Driving,False,-0.026,0.0,0.005,0.7,False,False,1,,,,NONE,False,Green,60.0
261,16.2881,11.35,375,entity_1,vehicle,vehicle.audi.a2,entity_1,61.009,331.442,-0.0073,0.0,0.0,0.0286,61.009,-331.442,-0.000499,0.0,0.0,0.0,0.0,0.0,0.0,0.0,0.0,0.0,0.0,5,0,-1,51.0,Driving,False,0.875,0.0,0.0,0.0,False,False,0,,,,NONE,False,Green,30.0
261,16.2881,11.35,374,entity_2,pedestrian,walker.pedestrian.0001,entity_2,63.8976,322.939,1.0558,0.0,0.0,-89.7611,63.8976,-322.939,1.566627,0.0043,-1.0199,0.0,1.0199,0.0,0.0,0.0,0.0,0.0,0.0,5,0,3,53.88,Sidewalk,False,-0.67,,,,,,,0.0042,-1.0,1.02,,,,
261,16.2881,11.35,373,Vehicle 4,vehicle,vehicle.tesla.model3,hero_3,52.3826,330.5545,0.0017,0.0,-0.0002,-0.0709,52.3826,-330.5545,0.001237,0.0,0.0,-0.0,0.0,0.0,-0.0,-0.0,-0.0,0.0,-0.0,5,0,-1,42.37,Driving,False,-0.008,0.525,-0.001,0.3,False,False,1,,,,NONE,False,Green,30.0
261,16.2881,11.35,372,Vehicle 3,vehicle,vehicle.tesla.model3,hero_2,41.9333,330.5201,0.0016,-0.0001,0.0078,0.252,41.9333,-330.5201,-0.004398,0.4549,0.0028,-0.0,0.4549,2.1644,0.0076,-0.0001,-0.0026,-0.1334,-0.9087,5,0,-1,31.92,Driving,False,-0.037,0.75,0.005,0.0,False,False,1,,,,NONE,False,Green,60.0
261,16.2881,11.35,371,Vehicle 2,vehicle,vehicle.tesla.model3,hero_1,37.4197,326.5803,0.0017,-0.0069,0.0232,-179.9097,37.4197,-326.5803,3.140017,-5.8877,-0.0333,-0.0001,5.8878,-2.447,-0.1926,0.0005,-0.0253,0.0336,1.0718,5,0,1,27.41,Driving,False,-0.026,0.679,0.009,0.0,False,False,1,,,,NONE,False,Green,30.0
261,16.2881,11.35,370,Vehicle 1,vehicle,vehicle.tesla.model3,hero_0,31.0615,330.526,0.0022,-0.0015,-0.084,0.0937,31.0615,-330.526,-0.001635,1.027,0.0047,-0.0,1.027,-23.7289,-0.0984,-0.0001,-0.0171,0.9304,0.0887,5,0,-1,21.05,Driving,False,-0.025,0.0,0.005,0.7,False,False,1,,,,NONE,False,Green,60.0
262,16.3381,11.4,375,entity_1,vehicle,vehicle.audi.a2,entity_1,61.009,331.442,-0.0073,0.0,0.0,0.0286,61.009,-331.442,-0.000499,0.0,0.0,0.0,0.0,0.0,0.0,0.0,0.0,0.0,0.0,5,0,-1,51.0,Driving,False,0.875,0.0,0.0,0.0,False,False,0,,,,NONE,False,Green,30.0
262,16.3381,11.4,374,entity_2,pedestrian,walker.pedestrian.0001,entity_2,63.8978,322.888,1.0558,0.0,0.0,-89.7611,63.8978,-322.888,1.566627,0.0043,-1.0199,0.0,1.0199,0.0,0.0,0.0,0.0,0.0,0.0,5,0,3,53.88,Sidewalk,False,-0.619,,,,,,,0.0042,-1.0,1.02,,,,
262,16.3381,11.4,373,Vehicle 4,vehicle,vehicle.tesla.model3,hero_3,52.3826,330.5545,0.0017,0.0,-0.0002,-0.0709,52.3826,-330.5545,0.001237,0.0,0.0,-0.0,0.0,0.0,0.0,-0.0,-0.0,0.0,-0.0,5,0,-1,42.37,Driving,False,-0.008,0.525,-0.001,0.3,False,False,1,,,,NONE,False,Green,30.0
262,16.3381,11.4,372,Vehicle 3,vehicle,vehicle.tesla.model3,hero_2,41.9607,330.5201,0.0016,-0.0001,0.0149,0.2716,41.9607,-330.5201,-0.00474,0.6132,0.0047,-0.0,0.6132,3.1672,0.0389,0.0,0.0062,-0.1461,-0.1483,5,0,-1,31.95,Driving,False,-0.037,0.75,0.005,0.0,False,False,1,,,,NONE,False,Green,60.0
262,16.3381,11.4,371,Vehicle 2,vehicle,vehicle.tesla.model3,hero_1,37.123,326.5788,0.0017,-0.0073,0.0236,-179.8556,37.123,-326.5788,3.139072,-5.9658,-0.0392,-0.0,5.9659,-1.5613,-0.1196,0.0003,-0.0006,-0.0075,1.0792,5,0,1,27.11,Driving,False,-0.024,0.679,0.009,0.0,False,False,1,,,,NONE,False,Green,30.0
262,16.3381,11.4,370,Vehicle 1,vehicle,vehicle.tesla.model3,hero_0,31.0778,330.526,0.0024,-0.0005,-0.1285,0.0947,31.0778,-330.526,-0.001653,0.0046,0.0,-0.0,0.0046,-20.4478,-0.093,-0.0001,-0.0198,0.6926,-0.0152,5,0,-1,21.07,Driving,False,-0.025,0.0,0.005,0.7,False,False,1,,,,NONE,False,Green,60.0
263,16.3881,11.45,375,entity_1,vehicle,vehicle.audi.a2,entity_1,61.009,331.442,-0.0073,0.0,0.0,0.0286,61.009,-331.442,-0.000499,0.0,0.0,0.0,0.0,0.0,0.0,0.0,0.0,0.0,0.0,5,0,-1,51.0,Driving,False,0.875,0.0,0.0,0.0,False,False,0,,,,NONE,False,Green,30.0
263,16.3881,11.45,374,entity_2,pedestrian,walker.pedestrian.0001,entity_2,63.898,322.837,1.0558,0.0,0.0,-89.7611,63.898,-322.837,1.566627,0.0043,-1.0199,0.0,1.0199,0.0,0.0,0.0,0.0,0.0,0.0,5,0,3,53.88,Sidewalk,False,-0.568,,,,,,,0.0042,-1.0,1.02,,,,
263,16.3881,11.45,373,Vehicle 4,vehicle,vehicle.tesla.model3,hero_3,52.3826,330.5545,0.0017,0.0,-0.0002,-0.0709,52.3826,-330.5545,0.001237,-0.0,-0.0,-0.0,0.0,-0.0,-0.0,0.0,0.0,-0.0,-0.0,5,0,-1,42.37,Driving,False,-0.008,0.525,-0.003,0.3,False,False,1,,,,NONE,False,Green,30.0
263,16.3881,11.45,372,Vehicle 3,vehicle,vehicle.tesla.model3,hero_2,41.9957,330.5203,0.0016,-0.0001,0.0206,0.2787,41.9957,-330.5203,-0.004864,0.7419,0.0044,-0.0,0.7419,2.5732,-0.0058,-0.0,-0.0011,-0.0772,0.2798,5,0,-1,31.99,Driving,False,-0.037,0.75,0.002,0.0,False,False,1,,,,NONE,False,Green,60.0
263,16.3881,11.45,371,Vehicle 2,vehicle,vehicle.tesla.model3,hero_1,36.8212,326.5779,0.0017,-0.0017,0.0239,-179.8481,36.8212,-326.5779,3.138941,-6.0758,-0.0104,-0.0,6.0758,-2.2002,0.5768,0.0002,0.1303,0.0109,-0.2914,5,0,1,26.81,Driving,False,-0.023,0.126,-0.008,0.0,False,False,1,,,,NONE,False,Green,30.0
263,16.3881,11.45,370,Vehicle 1,vehicle,vehicle.tesla.model3,hero_0,31.0778,330.526,0.0024,-0.0001,-0.1286,0.0947,31.0778,-330.526,-0.001653,-0.0002,0.0001,-0.0,0.0002,-0.0961,0.0005,0.0001,-0.0049,-0.273,0.0,5,0,-1,21.07,Driving,False,-0.025,0.75,0.017,0.0,False,False,1,,,,NONE,False,Green,60.0
264,16.4381,11.5,375,entity_1,vehicle,vehicle.audi.a2,entity_1,61.009,331.442,-0.0073,0.0,0.0,0.0286,61.009,-331.442,-0.000499,0.0,0.0,0.0,0.0,0.0,0.0,0.0,0.0,0.0,0.0,5,0,-1,51.0,Driving,False,0.875,0.0,0.0,0.0,False,False,0,,,,NONE,False,Green,30.0
264,16.4381,11.5,374,entity_2,pedestrian,walker.pedestrian.0001,entity_2,63.8983,322.786,1.0558,0.0,0.0,-89.7611,63.8983,-322.786,1.566627,0.0043,-1.0199,0.0,1.0199,0.0,0.0,0.0,0.0,0.0,0.0,5,0,3,53.89,Sidewalk,False,-0.517,,,,,,,0.0042,-1.0,1.02,,,,
264,16.4381,11.5,373,Vehicle 4,vehicle,vehicle.tesla.model3,hero_3,52.3826,330.5545,0.0017,0.0,-0.0002,-0.0709,52.3826,-330.5545,0.001237,0.0,0.0,-0.0,0.0,0.0,0.0,-0.0,-0.0,0.0,-0.0,5,0,-1,42.37,Driving,False,-0.008,0.525,-0.003,0.3,False,False,1,,,,NONE,False,Green,30.0
264,16.4381,11.5,372,Vehicle 3,vehicle,vehicle.tesla.model3,hero_2,42.0354,330.5204,0.0015,0.0,0.0222,0.2866,42.0354,-330.5204,-0.005002,0.84,0.0045,-0.0,0.84,1.9617,0.0011,0.0,-0.0018,-0.0374,-0.1694,5,0,-1,32.03,Driving,False,-0.037,0.75,0.002,0.0,False,False,1,,,,NONE,False,Green,60.0
264,16.4381,11.5,371,Vehicle 2,vehicle,vehicle.tesla.model3,hero_1,36.5166,326.5776,0.0017,0.003,0.0221,-179.8774,36.5166,-326.5776,3.139453,-6.0974,0.002,-0.0,6.0974,-0.432,0.2469,0.0002,0.068,-0.0708,-0.7152,5,0,1,26.51,Driving,False,-0.023,0.126,-0.008,0.0,False,False,1,,,,NONE,False,Green,30.0
264,16.4381,11.5,370,Vehicle 1,vehicle,vehicle.tesla.model3,hero_0,31.08,330.526,0.0023,-0.0,-0.1051,0.0959,31.08,-330.526,-0.001674,0.1074,0.0014,0.0,0.1074,2.1513,0.0269,0.0002,0.0064,-0.6056,0.06,5,0,-1,21.07,Driving,False,-0.025,0.75,0.017,0.0,False,False,1,,,,NONE,False,Green,60.0
265,16.4881,11.55,375,entity_1,vehicle,vehicle.audi.a2,entity_1,61.009,331.442,-0.0073,0.0,0.0,0.0286,61.009,-331.442,-0.000499,0.0,0.0,0.0,0.0,0.0,0.0,0.0,0.0,0.0,0.0,5,0,-1,51.0,Driving,False,0.875,0.0,0.0,0.0,False,False,0,,,,NONE,False,Green,30.0
265,16.4881,11.55,374,entity_2,pedestrian,walker.pedestrian.0001,entity_2,63.8985,322.735,1.0558,0.0,0.0,-89.7611,63.8985,-322.735,1.566627,0.0043,-1.0199,0.0,1.0199,0.0,0.0,0.0,0.0,0.0,0.0,5,0,3,53.89,Sidewalk,False,-0.466,,,,,,,0.0042,-1.0,1.02,,,,
265,16.4881,11.55,373,Vehicle 4,vehicle,vehicle.tesla.model3,hero_3,52.3826,330.5545,0.0017,0.0,-0.0002,-0.0709,52.3826,-330.5545,0.001237,0.0,0.0,-0.0,0.0,-0.0,-0.0,0.0,0.0,0.0,-0.0,5,0,-1,42.37,Driving,False,-0.008,0.525,-0.003,0.3,False,False,1,,,,NONE,False,Green,30.0
265,16.4881,11.55,372,Vehicle 3,vehicle,vehicle.tesla.model3,hero_2,42.0812,330.5207,0.0015,-0.0001,0.0244,0.298,42.0812,-330.5207,-0.005201,0.9722,0.0059,-0.0,0.9722,2.6451,0.0281,-0.0,0.0005,-0.0497,0.6937,5,0,-1,32.07,Driving,False,-0.036,0.75,0.002,0.0,False,False,1,,,,NONE,False,Green,60.0
265,16.4881,11.55,371,Vehicle 2,vehicle,vehicle.tesla.model3,hero_1,36.2109,326.5778,0.0017,0.0053,0.0184,-179.9202,36.2109,-326.5778,3.1402,-6.1207,0.0113,-0.0,6.1207,-0.4666,0.1862,0.0001,0.0355,-0.0709,-0.9285,5,0,1,26.2,Driving,False,-0.024,0.126,-0.008,0.0,False,False,1,,,,NONE,False,Green,30.0
265,16.4881,11.55,370,Vehicle 1,vehicle,vehicle.tesla.model3,hero_0,31.0866,330.5259,0.0021,0.0,-0.0776,0.1139,31.0866,-330.5259,-0.001988,0.1565,0.0012,0.0,0.1565,0.9827,-0.0048,0.0001,-0.0001,-0.5236,0.4607,5,0,-1,21.08,Driving,False,-0.025,0.75,0.017,0.0,False,False,1,,,,NONE,False,Green,60.0
266,16.5381,11.6,375,entity_1,vehicle,vehicle.audi.a2,entity_1,61.009,331.442,-0.0073,0.0,0.0,0.0286,61.009,-331.442,-0.000499,0.0,0.0,0.0,0.0,0.0,0.0,0.0,0.0,0.0,0.0,5,0,-1,51.0,Driving,False,0.875,0.0,0.0,0.0,False,False,0,,,,NONE,False,Green,30.0
266,16.5381,11.6,374,entity_2,pedestrian,walker.pedestrian.0001,entity_2,63.8987,322.6841,1.0558,0.0,0.0,-89.7611,63.8987,-322.6841,1.566627,0.0043,-1.0199,0.0,1.0199,0.0,0.0,0.0,0.0,0.0,0.0,5,0,3,53.89,Sidewalk,False,-0.415,,,,,,,0.0042,-1.0,1.02,,,,
266,16.5381,11.6,373,Vehicle 4,vehicle,vehicle.tesla.model3,hero_3,52.3826,330.5545,0.0017,0.0,-0.0002,-0.0709,52.3826,-330.5545,0.001237,0.0,0.0,-0.0,0.0,-0.0,0.0,0.0,0.0,0.0,-0.0,5,0,-1,42.37,Driving,False,-0.008,0.525,-0.003,0.3,False,False,1,,,,NONE,False,Green,30.0
266,16.5381,11.6,372,Vehicle 3,vehicle,vehicle.tesla.model3,hero_2,42.1333,330.521,0.0015,-0.0002,0.026,0.308,42.1333,-330.521,-0.005376,1.0896,0.0069,0.0,1.0896,2.3477,0.0209,0.0001,0.0016,-0.0355,-0.488,5,0,-1,32.12,Driving,False,-0.036,0.75,0.002,0.0,False,False,1,,,,NONE,False,Green,60.0
266,16.5381,11.6,371,Vehicle 2,vehicle,vehicle.tesla.model3,hero_1,35.9062,326.5782,0.0018,0.0061,0.0133,-179.9671,35.9062,-326.5782,3.141018,-6.075,0.0166,-0.0,6.075,0.9143,0.1066,0.0002,0.0054,-0.1221,-0.9364,5,0,1,25.9,Driving,False,-0.024,0.126,-0.008,0.0,False,False,1,,,,NONE,False,Green,30.0
266,16.5381,11.6,370,Vehicle 1,vehicle,vehicle.tesla.model3,hero_0,31.0977,330.5261,0.002,-0.0003,-0.0535,0.1116,31.0977,-330.5261,-0.001948,0.2323,0.0025,0.0,0.2323,1.5153,0.0275,-0.0,0.0049,-0.3873,-0.8588,5,0,-1,21.09,Driving,False,-0.025,0.75,0.017,0.0,False,False,1,,,,NONE,False,Green,60.0
267,16.5881,11.65,375,entity_1,vehicle,vehicle.audi.a2,entity_1,61.009,331.442,-0.0073,0.0,0.0,0.0286,61.009,-331.442,-0.000499,0.0,0.0,0.0,0.0,0.0,0.0,0.0,0.0,0.0,0.0,5,0,-1,51.0,Driving,False,0.875,0.0,0.0,0.0,False,False,0,,,,NONE,False,Green,30.0
267,16.5881,11.65,374,entity_2,pedestrian,walker.pedestrian.0001,entity_2,63.8989,322.6331,1.0558,0.0,0.0,-89.7611,63.8989,-322.6331,1.566627,0.0043,-1.0199,0.0,1.0199,0.0,0.0,0.0,0.0,0.0,0.0,5,0,3,53.89,Sidewalk,False,-0.364,,,,,,,0.0042,-1.0,1.02,,,,
267,16.5881,11.65,373,Vehicle 4,vehicle,vehicle.tesla.model3,hero_3,52.3826,330.5545,0.0017,0.0,-0.0002,-0.0709,52.3826,-330.5545,0.001237,0.0,0.0,-0.0,0.0,-0.0,0.0,0.0,0.0,0.0,-0.0,5,0,-1,42.37,Driving,False,-0.008,0.525,-0.002,0.3,False,False,1,,,,NONE,False,Green,30.0
267,16.5881,11.65,372,Vehicle 3,vehicle,vehicle.tesla.model3,hero_2,42.1914,330.5214,0.0015,-0.0001,0.0272,0.3053,42.1914,-330.5214,-0.005328,1.2256,0.0074,0.0,1.2256,2.7193,0.0099,0.0,-0.0005,-0.0505,0.095,5,0,-1,32.18,Driving,False,-0.036,0.75,0.001,0.0,False,False,1,,,,NONE,False,Green,60.0
267,16.5881,11.65,371,Vehicle 2,vehicle,vehicle.tesla.model3,hero_1,35.6031,326.5785,0.0018,0.0039,0.0083,-179.9953,35.6031,-326.5785,3.141511,-6.0547,0.0077,-0.0,6.0547,0.4065,-0.1781,-0.0,-0.0514,-0.083,-0.3857,5,0,1,25.59,Driving,False,-0.025,0.135,-0.0,0.0,False,False,1,,,,NONE,False,Green,30.0
267,16.5881,11.65,370,Vehicle 1,vehicle,vehicle.tesla.model3,hero_0,31.1137,330.5262,0.0019,-0.0005,-0.0345,0.1242,31.1137,-330.5262,-0.002168,0.3198,0.0043,0.0,0.3198,1.7498,0.0352,-0.0001,0.0016,-0.2742,0.3372,5,0,-1,21.1,Driving,False,-0.025,0.75,0.02,0.0,False,False,1,,,,NONE,False,Green,60.0
268,16.6381,11.7,375,entity_1,vehicle,vehicle.audi.a2,entity_1,61.009,331.442,-0.0073,0.0,0.0,0.0286,61.009,-331.442,-0.000499,0.0,0.0,0.0,0.0,0.0,0.0,0.0,0.0,0.0,0.0,5,0,-1,51.0,Driving,False,0.875,0.0,0.0,0.0,False,False,0,,,,NONE,False,Green,30.0
268,16.6381,11.7,374,entity_2,pedestrian,walker.pedestrian.0001,entity_2,63.8991,322.5821,1.0558,0.0,0.0,-89.7611,63.8991,-322.5821,1.566627,0.0043,-1.0199,0.0,1.0199,0.0,0.0,0.0,0.0,0.0,0.0,5,0,3,53.89,Sidewalk,False,-0.313,,,,,,,0.0042,-1.0,1.02,,,,
268,16.6381,11.7,373,Vehicle 4,vehicle,vehicle.tesla.model3,hero_3,52.3826,330.5545,0.0017,0.0,-0.0002,-0.0709,52.3826,-330.5545,0.001237,0.0,0.0,-0.0,0.0,-0.0,0.0,0.0,0.0,0.0,-0.0,5,0,-1,42.37,Driving,False,-0.008,0.525,-0.002,0.3,False,False,1,,,,NONE,False,Green,30.0
268,16.6381,11.7,372,Vehicle 3,vehicle,vehicle.tesla.model3,hero_2,42.256,330.5219,0.0015,0.0,0.0285,0.2883,42.256,-330.5219,-0.005032,1.3266,0.0074,-0.0,1.3266,2.0195,0.0,-0.0001,-0.0049,0.0153,-0.3861,5,0,-1,32.25,Driving,False,-0.035,0.75,0.001,0.0,False,False,1,,,,NONE,False,Green,60.0
268,16.6381,11.7,371,Vehicle 2,vehicle,vehicle.tesla.model3,hero_1,35.3026,326.5787,0.0018,0.0019,0.0032,179.9925,35.3026,-326.5787,-3.141462,-5.9779,0.0046,-0.0,5.9779,1.5344,-0.0614,0.0001,-0.0317,-0.1158,-0.1756,5,0,1,25.29,Driving,False,-0.025,0.135,-0.0,0.0,False,False,1,,,,NONE,False,Green,30.0
268,16.6381,11.7,370,Vehicle 1,vehicle,vehicle.tesla.model3,hero_0,31.1358,330.5265,0.0018,-0.0009,-0.0186,0.1378,31.1358,-330.5265,-0.002405,0.4464,0.0067,0.0,0.4465,2.533,0.049,-0.0,0.0027,-0.2097,0.5323,5,0,-1,21.13,Driving,False,-0.025,0.75,0.02,0.0,False,False,1,,,,NONE,False,Green,60.0
269,16.6881,11.75,375,entity_1,vehicle,vehicle.audi.a2,entity_1,61.009,331.442,-0.0073,0.0,0.0,0.0286,61.009,-331.442,-0.000499,0.0,0.0,0.0,0.0,0.0,0.0,0.0,0.0,0.0,0.0,5,0,-1,51.0,Driving,False,0.875,0.0,0.0,0.0,False,False,0,,,,NONE,False,Green,30.0
269,16.6881,11.75,374,entity_2,pedestrian,walker.pedestrian.0001,entity_2,63.8993,322.5311,1.0558,0.0,0.0,-89.7611,63.8993,-322.5311,1.566627,0.0043,-1.0199,0.0,1.0199,0.0,0.0,0.0,0.0,0.0,0.0,5,0,3,53.89,Sidewalk,False,-0.262,,,,,,,0.0042,-1.0,1.02,,,,
269,16.6881,11.75,373,Vehicle 4,vehicle,vehicle.tesla.model3,hero_3,52.3826,330.5545,0.0017,0.0,-0.0002,-0.0709,52.3826,-330.5545,0.001237,-0.0,0.0,-0.0,0.0,-0.0,0.0,0.0,-0.0,-0.0,-0.0,5,0,-1,42.37,Driving,False,-0.008,0.525,-0.002,0.3,False,False,1,,,,NONE,False,Green,30.0
269,16.6881,11.75,372,Vehicle 3,vehicle,vehicle.tesla.model3,hero_2,42.328,330.5223,0.0015,0.0002,0.0306,0.2747,42.328,-330.5223,-0.004794,1.5252,0.0082,-0.0,1.5253,3.9738,0.0158,-0.0,-0.0014,-0.0948,-0.2611,5,0,-1,32.32,Driving,False,-0.035,0.75,0.001,0.0,False,False,1,,,,NONE,False,Green,60.0
269,16.6881,11.75,371,Vehicle 2,vehicle,vehicle.tesla.model3,hero_1,35.0049,326.5789,0.0019,0.0009,-0.001,179.9864,35.0049,-326.5789,-3.141355,-5.9379,0.0036,-0.0,5.9379,0.8011,-0.0199,0.0,-0.0145,-0.0612,-0.0983,5,0,1,24.99,Driving,False,-0.025,0.135,-0.0,0.0,False,False,1,,,,NONE,False,Green,30.0
269,16.6881,11.75,370,Vehicle 1,vehicle,vehicle.tesla.model3,hero_0,31.1651,330.5267,0.0017,-0.0012,-0.0047,0.1713,31.1651,-330.5267,-0.00299,0.6336,0.0091,0.0,0.6336,3.7428,0.0478,-0.0,0.0028,-0.2397,1.1923,5,0,-1,21.16,Driving,False,-0.025,0.75,0.02,0.0,False,False,1,,,,NONE,False,Green,60.0
270,16.7381,11.8,375,entity_1,vehicle,vehicle.audi.a2,entity_1,61.009,331.442,-0.0073,0.0,0.0,0.0286,61.009,-331.442,-0.000499,0.0,0.0,0.0,0.0,0.0,0.0,0.0,0.0,0.0,0.0,5,0,-1,51.0,Driving,False,0.875,0.0,0.0,0.0,False,False,0,,,,NONE,False,Green,30.0
270,16.7381,11.8,374,entity_2,pedestrian,walker.pedestrian.0001,entity_2,63.8995,322.4801,1.0558,0.0,0.0,-89.7611,63.8995,-322.4801,1.566627,0.0043,-1.0199,0.0,1.0199,0.0,0.0,0.0,0.0,0.0,0.0,5,0,3,53.89,Sidewalk,False,-0.211,,,,,,,0.0042,-1.0,1.02,,,,
270,16.7381,11.8,373,Vehicle 4,vehicle,vehicle.tesla.model3,hero_3,52.3826,330.5545,0.0017,0.0,-0.0002,-0.0709,52.3826,-330.5545,0.001237,-0.0,0.0,-0.0,0.0,-0.0,0.0,-0.0,-0.0,-0.0,0.0,5,0,-1,42.37,Driving,False,-0.008,0.525,-0.002,0.3,False,False,1,,,,NONE,False,Green,30.0
270,16.7381,11.8,372,Vehicle 3,vehicle,vehicle.tesla.model3,hero_2,42.407,330.5228,0.0015,0.0002,0.0318,0.2717,42.407,-330.5228,-0.004742,1.6174,0.0086,-0.0,1.6175,1.8439,0.0082,0.0,0.0002,0.0206,0.0192,5,0,-1,32.4,Driving,False,-0.035,0.75,0.001,0.0,False,False,1,,,,NONE,False,Green,60.0
270,16.7381,11.8,371,Vehicle 2,vehicle,vehicle.tesla.model3,hero_1,34.7108,326.579,0.0019,0.0005,-0.005,179.9825,34.7108,-326.579,-3.141287,-5.8459,0.0033,-0.0,5.8459,1.8394,-0.0068,0.0,-0.0063,-0.0937,-0.0653,5,0,1,24.7,Driving,False,-0.026,0.135,-0.0,0.0,False,False,1,,,,NONE,False,Green,30.0
270,16.7381,11.8,370,Vehicle 1,vehicle,vehicle.tesla.model3,hero_0,31.2007,330.5272,0.0016,-0.0014,0.0053,0.1693,31.2007,-330.5272,-0.002955,0.7722,0.0124,0.0,0.7723,2.7722,0.0647,-0.0,0.0095,-0.1938,-0.0352,5,0,-1,21.19,Driving,False,-0.024,0.75,0.02,0.0,False,False,1,,,,NONE,False,Green,60.0
271,16.7881,11.85,375,entity_1,vehicle,vehicle.audi.a2,entity_1,61.009,331.442,-0.0073,0.0,0.0,0.0286,61.009,-331.442,-0.000499,0.0,0.0,0.0,0.0,0.0,0.0,0.0,0.0,0.0,0.0,5,0,-1,51.0,Driving,False,0.875,0.0,0.0,0.0,False,False,0,,,,NONE,False,Green,30.0
271,16.7881,11.85,374,entity_2,pedestrian,walker.pedestrian.0001,entity_2,63.8998,322.4291,1.0558,0.0,0.0,-89.7611,63.8998,-322.4291,1.566627,0.0043,-1.0199,0.0,1.0199,0.0,0.0,0.0,0.0,0.0,0.0,5,0,3,53.89,Sidewalk,False,-0.16,,,,,,,0.0042,-1.0,1.02,,,,
271,16.7881,11.85,373,Vehicle 4,vehicle,vehicle.tesla.model3,hero_3,52.3826,330.5545,0.0017,0.0,-0.0002,-0.0709,52.3826,-330.5545,0.001237,-0.0,0.0,-0.0,0.0,-0.0,0.0,-0.0,-0.0,-0.0,0.0,5,0,-1,42.37,Driving,False,-0.008,0.525,-0.005,0.3,False,False,1,,,,NONE,False,Green,30.0
271,16.7881,11.85,372,Vehicle 3,vehicle,vehicle.tesla.model3,hero_2,42.4938,330.5229,0.0015,0.0016,0.0335,0.2608,42.4938,-330.5229,-0.004552,1.8124,0.0007,-0.0,1.8124,3.8994,-0.1588,-0.0,-0.0248,-0.0684,-0.2867,5,0,-1,32.48,Driving,False,-0.034,0.612,-0.007,0.0,False,False,1,,,,NONE,False,Green,60.0
271,16.7881,11.85,371,Vehicle 2,vehicle,vehicle.tesla.model3,hero_1,34.42,326.5789,0.0019,-0.0016,-0.008,179.9954,34.42,-326.5789,-3.141512,-5.797,-0.0085,-0.0,5.797,0.9777,-0.2356,0.0,-0.0459,-0.0347,0.4138,5,0,1,24.41,Driving,False,-0.026,0.158,0.005,0.0,False,False,1,,,,NONE,False,Green,30.0
271,16.7881,11.85,370,Vehicle 1,vehicle,vehicle.tesla.model3,hero_0,31.2437,330.5278,0.0016,-0.0016,0.0134,0.1815,31.2437,-330.5278,-0.003168,0.8952,0.0141,-0.0,0.8953,2.4599,0.0351,-0.0,0.0045,-0.106,0.0521,5,0,-1,21.23,Driving,False,-0.024,0.75,0.018,0.0,False,False,1,,,,NONE,False,Green,60.0
272,16.8381,11.9,375,entity_1,vehicle,vehicle.audi.a2,entity_1,61.009,331.442,-0.0073,0.0,0.0,0.0286,61.009,-331.442,-0.000499,0.0,0.0,0.0,0.0,0.0,0.0,0.0,0.0,0.0,0.0,5,0,-1,51.0,Driving,False,0.875,0.0,0.0,0.0,False,False,0,,,,NONE,False,Green,30.0
272,16.8381,11.9,374,entity_2,pedestrian,walker.pedestrian.0001,entity_2,63.9,322.3781,1.0558,0.0,0.0,-89.7611,63.9,-322.3781,1.566627,0.0043,-1.0199,0.0,1.0199,0.0,0.0,0.0,0.0,0.0,0.0,5,0,3,53.89,Sidewalk,False,-0.109,,,,,,,0.0042,-1.0,1.02,,,,
272,16.8381,11.9,373,Vehicle 4,vehicle,vehicle.tesla.model3,hero_3,52.3826,330.5545,0.0017,0.0,-0.0002,-0.0709,52.3826,-330.5545,0.001237,-0.0,0.0,-0.0,0.0,0.0,-0.0,-0.0,-0.0,-0.0,-0.0,5,0,-1,42.37,Driving,False,-0.008,0.525,-0.005,0.3,False,False,1,,,,NONE,False,Green,30.0
272,16.8381,11.9,372,Vehicle 3,vehicle,vehicle.tesla.model3,hero_2,42.5865,330.523,0.0015,0.0022,0.0332,0.2455,42.5865,-330.523,-0.004285,1.8811,-0.0008,-0.0,1.8811,1.3736,-0.0301,0.0,-0.0058,0.0547,-0.3134,5,0,-1,32.58,Driving,False,-0.034,0.612,-0.007,0.0,False,False,1,,,,NONE,False,Green,60.0
272,16.8381,11.9,371,Vehicle 2,vehicle,vehicle.tesla.model3,hero_1,34.1331,326.5784,0.0019,-0.0031,-0.0108,-179.9796,34.1331,-326.5784,3.141237,-5.6995,-0.0136,-0.0,5.6995,1.9508,-0.1029,-0.0,-0.0189,-0.0704,0.5344,5,0,1,24.12,Driving,False,-0.026,0.158,0.005,0.0,False,False,1,,,,NONE,False,Green,30.0
272,16.8381,11.9,370,Vehicle 1,vehicle,vehicle.tesla.model3,hero_0,31.2919,330.5283,0.0016,-0.0017,0.0177,0.2295,31.2919,-330.5283,-0.004006,1.0147,0.0161,0.0,1.0148,2.3906,0.0394,0.0,0.0025,-0.0802,1.1409,5,0,-1,21.28,Driving,False,-0.023,0.75,0.018,0.0,False,False,1,,,,NONE,False,Green,60.0
273,16.8881,11.95,375,entity_1,vehicle,vehicle.audi.a2,entity_1,61.009,331.442,-0.0073,0.0,0.0,0.0286,61.009,-331.442,-0.000499,0.0,0.0,0.0,0.0,0.0,0.0,0.0,0.0,0.0,0.0,5,0,-1,51.0,Driving,False,0.875,0.0,0.0,0.0,False,False,0,,,,NONE,False,Green,30.0
273,16.8881,11.95,374,entity_2,pedestrian,walker.pedestrian.0001,entity_2,63.9002,322.3271,1.0558,0.0,0.0,-89.7611,63.9002,-322.3271,1.566627,0.0043,-1.0199,0.0,1.0199,0.0,0.0,0.0,0.0,0.0,0.0,5,0,3,53.89,Sidewalk,False,-0.058,,,,,,,0.0042,-1.0,1.02,,,,
273,16.8881,11.95,373,Vehicle 4,vehicle,vehicle.tesla.model3,hero_3,52.3826,330.5545,0.0017,0.0,-0.0002,-0.0709,52.3826,-330.5545,0.001237,-0.0,0.0,-0.0,0.0,0.0,0.0,-0.0,-0.0,-0.0,-0.0,5,0,-1,42.37,Driving,False,-0.008,0.525,-0.005,0.3,False,False,1,,,,NONE,False,Green,30.0
273,16.8881,11.95,372,Vehicle 3,vehicle,vehicle.tesla.model3,hero_2,42.6857,330.5231,0.0015,0.0023,0.0331,0.229,42.6857,-330.5231,-0.003997,2.0488,-0.0017,-0.0,2.0488,3.3547,-0.017,0.0,0.0002,-0.0337,-0.3425,5,0,-1,32.68,Driving,False,-0.034,0.612,-0.007,0.0,False,False,1,,,,NONE,False,Green,60.0
273,16.8881,11.95,371,Vehicle 2,vehicle,vehicle.tesla.model3,hero_1,33.8496,326.5777,0.0019,-0.0038,-0.0125,-179.9498,33.8496,-326.5777,3.140716,-5.6488,-0.0187,0.0,5.6488,1.0141,-0.1003,0.0,-0.0118,-0.0115,0.6292,5,0,1,23.84,Driving,False,-0.025,0.158,0.005,0.0,False,False,1,,,,NONE,False,Green,30.0
273,16.8881,11.95,370,Vehicle 1,vehicle,vehicle.tesla.model3,hero_0,31.3465,330.5291,0.0016,-0.0018,0.0212,0.2614,31.3465,-330.5291,-0.004562,1.1348,0.0193,0.0,1.135,2.4029,0.0637,0.0,0.0057,-0.0518,0.2428,5,0,-1,21.34,Driving,False,-0.022,0.75,0.018,0.0,False,False,1,,,,NONE,False,Green,60.0
274,16.9381,12.0,375,entity_1,vehicle,vehicle.audi.a2,entity_1,61.009,331.442,-0.0073,0.0,0.0,0.0286,61.009,-331.442,-0.000499,0.0,0.0,0.0,0.0,0.0,0.0,0.0,0.0,0.0,0.0,5,0,-1,51.0,Driving,False,0.875,0.0,0.0,0.0,False,False,0,,,,NONE,False,Green,30.0
274,16.9381,12.0,374,entity_2,pedestrian,walker.pedestrian.0001,entity_2,63.9004,322.2761,1.0558,0.0,0.0,-89.7611,63.9004,-322.2761,1.566627,0.0043,-1.0199,0.0,1.0199,0.0,0.0,0.0,0.0,0.0,0.0,5,0,3,53.89,Sidewalk,False,-0.007,,,,,,,0.0042,-1.0,1.02,,,,
274,16.9381,12.0,373,Vehicle 4,vehicle,vehicle.tesla.model3,hero_3,52.3826,330.5545,0.0017,0.0,-0.0002,-0.0709,52.3826,-330.5545,0.001237,-0.0,-0.0,-0.0,0.0,-0.0,-0.0,0.0,0.0,-0.0,-0.0,5,0,-1,42.37,Driving,False,-0.008,0.525,-0.005,0.3,False,False,1,,,,NONE,False,Green,30.0
274,16.9381,12.0,372,Vehicle 3,vehicle,vehicle.tesla.model3,hero_2,42.7898,330.523,0.0015,0.0021,0.0317,0.2116,42.7898,-330.523,-0.003693,2.1055,-0.0024,-0.0,2.1055,1.1342,-0.0138,0.0,0.0041,0.0688,-0.3506,5,0,-1,32.78,Driving,False,-0.034,0.612,-0.007,0.0,False,False,1,,,,NONE,False,Green,60.0
274,16.9381,12.0,371,Vehicle 2,vehicle,vehicle.tesla.model3,hero_1,33.5702,326.5769,0.0019,-0.0039,-0.0143,-179.9189,33.5702,-326.5769,3.140177,-5.5494,-0.0212,-0.0,5.5495,1.9872,-0.0513,-0.0,0.0023,-0.0529,0.6056,5,0,1,23.56,Driving,False,-0.024,0.158,0.005,0.0,False,False,1,,,,NONE,False,Green,30.0
274,16.9381,12.0,370,Vehicle 1,vehicle,vehicle.tesla.model3,hero_0,31.4076,330.53,0.0015,-0.0018,0.0242,0.2712,31.4076,-330.53,-0.004733,1.2782,0.0211,0.0,1.2784,2.8674,0.0365,-0.0,-0.0012,-0.0616,-0.2738,5,0,-1,21.4,Driving,False,-0.021,0.75,0.018,0.0,False,False,1,,,,NONE,False,Green,60.0
275,16.9881,12.05,375,entity_1,vehicle,vehicle.audi.a2,entity_1,61.009,331.442,-0.0073,0.0,0.0,0.0286,61.009,-331.442,-0.000499,0.0,0.0,0.0,0.0,0.0,0.0,0.0,0.0,0.0,0.0,5,0,-1,51.0,Driving,False,0.875,0.0,0.0,0.0,False,False,0,,,,NONE,False,Green,30.0
275,16.9881,12.05,374,entity_2,pedestrian,walker.pedestrian.0001,entity_2,63.9006,322.2251,1.0558,0.0,0.0,-89.7611,63.9006,-322.2251,1.566627,0.0043,-1.0199,0.0,1.0199,0.0,0.0,0.0,0.0,0.0,0.0,5,0,3,53.89,Sidewalk,False,0.044,,,,,,,0.0042,-1.0,1.02,,,,
275,16.9881,12.05,373,Vehicle 4,vehicle,vehicle.tesla.model3,hero_3,52.3826,330.5545,0.0017,0.0,-0.0002,-0.0709,52.3826,-330.5545,0.001237,0.0,0.0,-0.0,0.0,0.0,0.0,-0.0,-0.0,0.0,-0.0,5,0,-1,42.37,Driving,False,-0.008,0.525,-0.004,0.3,False,False,1,,,,NONE,False,Green,30.0
275,16.9881,12.05,372,Vehicle 3,vehicle,vehicle.tesla.model3,hero_2,42.8981,330.5232,0.0015,0.0014,0.0293,0.198,42.8981,-330.5232,-0.003456,2.1919,0.0,-0.0,2.1919,1.728,0.0479,-0.0,0.0127,0.0427,-0.2495,5,0,-1,32.89,Driving,False,-0.034,0.0,-0.005,1.0,False,False,1,,,,NONE,False,Green,60.0
275,16.9881,12.05,371,Vehicle 2,vehicle,vehicle.tesla.model3,hero_1,33.2942,326.5762,0.0019,-0.0019,-0.0152,-179.9046,33.2942,-326.5762,3.139928,-5.5011,-0.0123,-0.0,5.5011,0.9661,0.1786,-0.0,0.0454,0.0077,0.137,5,0,1,23.28,Driving,False,-0.024,0.696,-0.001,0.0,False,False,1,,,,NONE,False,Green,30.0
275,16.9881,12.05,370,Vehicle 1,vehicle,vehicle.tesla.model3,hero_0,31.4748,330.5305,0.0015,0.0007,0.0259,0.268,31.4748,-330.5305,-0.004677,1.4004,0.007,0.0,1.4005,2.4444,-0.2824,0.0,-0.0457,-0.0405,0.0496,5,0,-1,21.47,Driving,False,-0.021,0.75,-0.002,0.0,False,False,1,,,,NONE,False,Green,60.0
276,17.0381,12.1,375,entity_1,vehicle,vehicle.audi.a2,entity_1,61.009,331.442,-0.0073,0.0,0.0,0.0286,61.009,-331.442,-0.000499,0.0,0.0,0.0,0.0,0.0,0.0,0.0,0.0,0.0,0.0,5,0,-1,51.0,Driving,False,0.875,0.0,0.0,0.0,False,False,0,,,,NONE,False,Green,30.0
276,17.0381,12.1,374,entity_2,pedestrian,walker.pedestrian.0001,entity_2,63.9008,322.1741,1.0558,0.0,0.0,-89.7611,63.9008,-322.1741,1.566627,0.0043,-1.0199,0.0,1.0199,0.0,0.0,0.0,0.0,0.0,0.0,5,0,3,53.89,Sidewalk,False,0.095,,,,,,,0.0042,-1.0,1.02,,,,
276,17.0381,12.1,373,Vehicle 4,vehicle,vehicle.tesla.model3,hero_3,52.3826,330.5545,0.0017,0.0,-0.0002,-0.0709,52.3826,-330.5545,0.001237,0.0,0.0,-0.0,0.0,-0.0,-0.0,0.0,0.0,0.0,-0.0,5,0,-1,42.37,Driving,False,-0.008,0.525,-0.004,0.3,False,False,1,,,,NONE,False,Green,30.0
276,17.0381,12.1,372,Vehicle 3,vehicle,vehicle.tesla.model3,hero_2,43.0029,330.5232,0.0016,0.0009,0.0199,0.1865,43.0029,-330.5232,-0.003255,2.0109,0.0,0.0,2.0109,-3.6212,-0.0003,0.0001,0.0088,0.2885,-0.2181,5,0,-1,32.99,Driving,False,-0.034,0.0,-0.005,1.0,False,False,1,,,,NONE,False,Green,60.0
276,17.0381,12.1,371,Vehicle 2,vehicle,vehicle.tesla.model3,hero_1,33.0216,326.5757,0.0019,-0.0002,-0.0156,-179.9032,33.0216,-326.5757,3.139903,-5.4236,-0.0088,-0.0,5.4236,1.551,0.0693,0.0,0.0249,-0.0168,-0.024,5,0,1,23.01,Driving,False,-0.023,0.696,-0.001,0.0,False,False,1,,,,NONE,False,Green,30.0
276,17.0381,12.1,370,Vehicle 1,vehicle,vehicle.tesla.model3,hero_0,31.5492,330.5308,0.0015,0.002,0.0281,0.2636,31.5492,-330.5308,-0.004601,1.5467,0.0055,-0.0,1.5467,2.9257,-0.0304,-0.0,-0.0138,-0.0442,-0.1805,5,0,-1,21.54,Driving,False,-0.021,0.75,-0.002,0.0,False,False,1,,,,NONE,False,Green,60.0
277,17.0881,12.15,375,entity_1,vehicle,vehicle.audi.a2,entity_1,61.009,331.442,-0.0073,0.0,0.0,0.0286,61.009,-331.442,-0.000499,0.0,0.0,0.0,0.0,0.0,0.0,0.0,0.0,0.0,0.0,5,0,-1,51.0,Driving,False,0.875,0.0,0.0,0.0,False,False,0,,,,NONE,False,Green,30.0
277,17.0881,12.15,374,entity_2,pedestrian,walker.pedestrian.0001,entity_2,63.901,322.1231,1.0558,0.0,0.0,-89.7611,63.901,-322.1231,1.566627,0.0043,-1.0199,0.0,1.0199,0.0,0.0,0.0,0.0,0.0,0.0,5,0,3,53.89,Sidewalk,False,0.146,,,,,,,0.0042,-1.0,1.02,,,,
277,17.0881,12.15,373,Vehicle 4,vehicle,vehicle.tesla.model3,hero_3,52.3826,330.5545,0.0017,0.0,-0.0002,-0.0709,52.3826,-330.5545,0.001237,-0.0,0.0,0.0,0.0,-0.0,0.0,0.0,-0.0,-0.0,-0.0,5,0,-1,42.37,Driving,False,-0.008,0.525,-0.004,0.3,False,False,1,,,,NONE,False,Green,30.0
277,17.0881,12.15,372,Vehicle 3,vehicle,vehicle.tesla.model3,hero_2,43.0902,330.5233,0.0017,0.0004,-0.0045,0.1775,43.0902,-330.5233,-0.003098,1.3277,-0.0001,0.0,1.3277,-13.6641,-0.0019,-0.0,0.0123,0.8815,-0.1266,5,0,-1,33.08,Driving,False,-0.034,0.0,-0.005,1.0,False,False,1,,,,NONE,False,Green,60.0
277,17.0881,12.15,371,Vehicle 2,vehicle,vehicle.tesla.model3,hero_1,32.7505,326.5753,0.0019,0.0006,-0.014,-179.9068,32.7505,-326.5753,3.139966,-5.424,-0.0069,0.0,5.424,-0.0089,0.039,0.0001,0.0116,0.0639,-0.0947,5,0,1,22.74,Driving,False,-0.023,0.696,-0.001,0.0,False,False,1,,,,NONE,False,Green,30.0
277,17.0881,12.15,370,Vehicle 1,vehicle,vehicle.tesla.model3,hero_0,31.6306,330.531,0.0015,0.0022,0.0298,0.2608,31.6306,-330.531,-0.004552,1.6753,0.0054,-0.0,1.6753,2.5722,-0.0011,-0.0,0.0018,-0.0227,0.0195,5,0,-1,21.62,Driving,False,-0.021,0.75,-0.002,0.0,False,False,1,,,,NONE,False,Green,60.0
278,17.1381,12.2,375,entity_1,vehicle,vehicle.audi.a2,entity_1,61.009,331.442,-0.0073,0.0,0.0,0.0286,61.009,-331.442,-0.000499,0.0,0.0,0.0,0.0,0.0,0.0,0.0,0.0,0.0,0.0,5,0,-1,51.0,Driving,False,0.875,0.0,0.0,0.0,False,False,0,,,,NONE,False,Green,30.0
278,17.1381,12.2,374,entity_2,pedestrian,walker.pedestrian.0001,entity_2,63.9013,322.0721,1.0558,0.0,0.0,-89.7611,63.9013,-322.0721,1.566627,0.0043,-1.0199,0.0,1.0199,0.0,0.0,0.0,0.0,0.0,0.0,5,0,3,53.89,Sidewalk,False,0.197,,,,,,,0.0042,-1.0,1.02,,,,
278,17.1381,12.2,373,Vehicle 4,vehicle,vehicle.tesla.model3,hero_3,52.3826,330.5545,0.0017,0.0,-0.0002,-0.0709,52.3826,-330.5545,0.001237,-0.0,0.0,-0.0,0.0,-0.0,0.0,-0.0,-0.0,-0.0,0.0,5,0,-1,42.37,Driving,False,-0.008,0.525,-0.004,0.3,False,False,1,,,,NONE,False,Green,30.0
278,17.1381,12.2,372,Vehicle 3,vehicle,vehicle.tesla.model3,hero_2,43.1183,330.5233,0.002,-0.0005,-0.0604,0.1751,43.1183,-330.5233,-0.003056,0.1842,-0.0002,-0.0,0.1842,-22.8696,-0.002,-0.0001,0.012,0.9848,-0.0169,5,0,-1,33.11,Driving,False,-0.034,0.0,-0.005,1.0,False,False,1,,,,NONE,False,Green,60.0
278,17.1381,12.2,371,Vehicle 2,vehicle,vehicle.tesla.model3,hero_1,32.4799,326.575,0.0019,0.0009,-0.0114,-179.912,32.4799,-326.575,3.140057,-5.4079,-0.0059,0.0,5.4079,0.3217,0.0193,-0.0,0.0029,0.0431,-0.1101,5,0,1,22.47,Driving,False,-0.023,0.696,-0.001,0.0,False,False,1,,,,NONE,False,Green,30.0
278,17.1381,12.2,370,Vehicle 1,vehicle,vehicle.tesla.model3,hero_0,31.7179,330.5312,0.0015,0.0019,0.0304,0.2557,31.7179,-330.5312,-0.004463,1.7944,0.0056,0.0,1.7944,2.3813,0.003,0.0,0.0057,-0.0076,-0.1822,5,0,-1,21.71,Driving,False,-0.02,0.75,-0.002,0.0,False,False,1,,,,NONE,False,Green,60.0
279,17.1881,12.25,375,entity_1,vehicle,vehicle.audi.a2,entity_1,61.009,331.442,-0.0073,0.0,0.0,0.0286,61.009,-331.442,-0.000499,0.0,0.0,0.0,0.0,0.0,0.0,0.0,0.0,0.0,0.0,5,0,-1,51.0,Driving,False,0.875,0.0,0.0,0.0,False,False,0,,,,NONE,False,Green,30.0
279,17.1881,12.25,374,entity_2,pedestrian,walker.pedestrian.0001,entity_2,63.9015,322.0211,1.0558,0.0,0.0,-89.7611,63.9015,-322.0211,1.566627,0.0043,-1.0199,0.0,1.0199,0.0,0.0,0.0,0.0,0.0,0.0,5,0,3,53.89,Sidewalk,False,0.248,,,,,,,0.0042,-1.0,1.02,,,,
279,17.1881,12.25,373,Vehicle 4,vehicle,vehicle.tesla.model3,hero_3,52.3826,330.5545,0.0017,0.0,-0.0002,-0.0709,52.3826,-330.5545,0.001237,-0.0,0.0,-0.0,0.0,-0.0,0.0,-0.0,-0.0,-0.0,-0.0,5,0,-1,42.37,Driving,False,-0.008,0.525,-0.004,0.3,False,False,1,,,,NONE,False,Green,30.0
279,17.1881,12.25,372,Vehicle 3,vehicle,vehicle.tesla.model3,hero_2,43.1182,330.5233,0.0022,-0.0009,-0.084,0.1748,43.1182,-330.5233,-0.003051,0.0001,-0.0,-0.0,0.0001,-3.6827,0.0027,0.0,0.0026,0.0884,-0.0,5,0,-1,33.11,Driving,False,-0.034,0.525,-0.001,0.3,False,False,1,,,,NONE,False,Green,60.0
279,17.1881,12.25,371,Vehicle 2,vehicle,vehicle.tesla.model3,hero_1,32.208,326.5746,0.0019,0.0001,-0.0074,-179.9107,32.208,-326.5746,3.140034,-5.4594,-0.0106,0.0,5.4594,-1.0301,-0.0929,0.0,-0.0193,0.1014,0.0935,5,0,1,22.2,Driving,False,-0.023,0.672,0.002,0.0,False,False,1,,,,NONE,False,Green,30.0
279,17.1881,12.25,370,Vehicle 1,vehicle,vehicle.tesla.model3,hero_0,31.8114,330.5316,0.0015,0.0009,0.0307,0.2583,31.8114,-330.5316,-0.004508,1.9214,0.0102,-0.0,1.9214,2.5401,0.0928,-0.0,0.0194,-0.0086,0.1613,5,0,-1,21.8,Driving,False,-0.02,0.75,0.002,0.0,False,False,1,,,,NONE,False,Green,60.0
280,17.2381,12.3,375,entity_1,vehicle,vehicle.audi.a2,entity_1,61.009,331.442,-0.0073,0.0,0.0,0.0286,61.009,-331.442,-0.000499,0.0,0.0,0.0,0.0,0.0,0.0,0.0,0.0,0.0,0.0,5,0,-1,51.0,Driving,False,0.875,0.0,0.0,0.0,False,False,0,,,,NONE,False,Green,30.0
280,17.2381,12.3,374,entity_2,pedestrian,walker.pedestrian.0001,entity_2,63.9017,321.9701,1.0558,0.0,0.0,-89.7611,63.9017,-321.9701,1.566627,0.0043,-1.0199,0.0,1.0199,0.0,0.0,0.0,0.0,0.0,0.0,5,0,3,53.89,Sidewalk,False,0.299,,,,,,,0.0042,-1.0,1.02,,,,
280,17.2381,12.3,373,Vehicle 4,vehicle,vehicle.tesla.model3,hero_3,52.3826,330.5545,0.0017,0.0,-0.0002,-0.0709,52.3826,-330.5545,0.001237,0.0,0.0,-0.0,0.0,0.0,0.0,-0.0,-0.0,-0.0,0.0,5,0,-1,42.37,Driving,False,-0.008,0.525,-0.004,0.3,False,False,1,,,,NONE,False,Green,30.0
280,17.2381,12.3,372,Vehicle 3,vehicle,vehicle.tesla.model3,hero_2,43.1182,330.5233,0.0021,-0.0009,-0.0764,0.1748,43.1182,-330.5233,-0.003051,-0.0002,0.0,-0.0,0.0002,-0.0045,0.0008,0.0,-0.0015,-0.2519,-0.0,5,0,-1,33.11,Driving,False,-0.034,0.525,-0.001,0.3,False,False,1,,,,NONE,False,Green,60.0
280,17.2381,12.3,371,Vehicle 2,vehicle,vehicle.tesla.model3,hero_1,31.9343,326.574,0.0019,-0.0006,-0.0036,-179.904,31.9343,-326.574,3.139917,-5.4833,-0.0125,0.0,5.4833,-0.4769,-0.0396,0.0,-0.0099,0.0609,0.1518,5,0,1,21.92,Driving,False,-0.022,0.672,0.002,0.0,False,False,1,,,,NONE,False,Green,30.0
280,17.2381,12.3,370,Vehicle 1,vehicle,vehicle.tesla.model3,hero_0,31.9114,330.5322,0.0015,0.0003,0.0313,0.2615,31.9114,-330.5322,-0.004564,2.0534,0.0117,-0.0,2.0535,2.6405,0.0298,0.0,0.0097,-0.0115,-0.0031,5,0,-1,21.9,Driving,False,-0.02,0.75,0.002,0.0,False,False,1,,,,NONE,False,Green,60.0
281,17.2881,12.35,375,entity_1,vehicle,vehicle.audi.a2,entity_1,61.009,331.442,-0.0073,0.0,0.0,0.0286,61.009,-331.442,-0.000499,0.0,0.0,0.0,0.0,0.0,0.0,0.0,0.0,0.0,0.0,5,0,-1,51.0,Driving,False,0.875,0.0,0.0,0.0,False,False,0,,,,NONE,False,Green,30.0
281,17.2881,12.35,374,entity_2,pedestrian,walker.pedestrian.0001,entity_2,63.9019,321.9191,1.0558,0.0,0.0,-89.7611,63.9019,-321.9191,1.566627,0.0043,-1.0199,0.0,1.0199,0.0,0.0,0.0,0.0,0.0,0.0,5,0,3,53.89,Sidewalk,False,0.35,,,,,,,0.0042,-1.0,1.02,,,,
281,17.2881,12.35,373,Vehicle 4,vehicle,vehicle.tesla.model3,hero_3,52.3826,330.5545,0.0017,0.0,-0.0002,-0.0709,52.3826,-330.5545,0.001237,-0.0,0.0,-0.0,0.0,-0.0,-0.0,-0.0,-0.0,0.0,0.0,5,0,-1,42.37,Driving,False,-0.008,0.525,-0.004,0.3,False,False,1,,,,NONE,False,Green,30.0
281,17.2881,12.35,372,Vehicle 3,vehicle,vehicle.tesla.model3,hero_2,43.1183,330.5233,0.002,-0.0007,-0.0617,0.1748,43.1183,-330.5233,-0.003051,-0.0002,0.0,0.0,0.0002,-0.0007,0.0002,0.0001,-0.0024,-0.3023,-0.0,5,0,-1,33.11,Driving,False,-0.034,0.525,-0.001,0.3,False,False,1,,,,NONE,False,Green,60.0
281,17.2881,12.35,371,Vehicle 2,vehicle,vehicle.tesla.model3,hero_1,31.6578,326.5734,0.0018,-0.0009,0.0007,-179.8953,31.6578,-326.5734,3.139765,-5.564,-0.0144,0.0,5.564,-1.6141,-0.0361,-0.0,-0.0059,0.1003,0.1854,5,0,1,21.65,Driving,False,-0.022,0.672,0.002,0.0,False,False,1,,,,NONE,False,Green,30.0
281,17.2881,12.35,370,Vehicle 1,vehicle,vehicle.tesla.model3,hero_0,32.0181,330.5328,0.0015,-0.0,0.0319,0.2668,32.0181,-330.5328,-0.004657,2.1885,0.0128,-0.0,2.1886,2.702,0.0215,-0.0,0.0047,-0.0128,0.1769,5,0,-1,22.01,Driving,False,-0.019,0.75,0.002,0.0,False,False,1,,,,NONE,False,Green,60.0
282,17.3381,12.4,375,entity_1,vehicle,vehicle.audi.a2,entity_1,61.009,331.442,-0.0073,0.0,0.0,0.0286,61.009,-331.442,-0.000499,0.0,0.0,0.0,0.0,0.0,0.0,0.0,0.0,0.0,0.0,5,0,-1,51.0,Driving,False,0.875,0.0,0.0,0.0,False,False,0,,,,NONE,False,Green,30.0
282,17.3381,12.4,374,entity_2,pedestrian,walker.pedestrian.0001,entity_2,63.9021,321.8681,1.0558,0.0,0.0,-89.7611,63.9021,-321.8681,1.566627,0.0043,-1.0199,0.0,1.0199,0.0,0.0,0.0,0.0,0.0,0.0,5,0,3,53.89,Sidewalk,False,0.401,,,,,,,0.0042,-1.0,1.02,,,,
282,17.3381,12.4,373,Vehicle 4,vehicle,vehicle.tesla.model3,hero_3,52.3826,330.5545,0.0017,0.0,-0.0002,-0.0709,52.3826,-330.5545,0.001237,0.0,0.0,-0.0,0.0,0.0,-0.0,-0.0,-0.0,0.0,0.0,5,0,-1,42.37,Driving,False,-0.008,0.525,-0.004,0.3,False,False,1,,,,NONE,False,Green,30.0
282,17.3381,12.4,372,Vehicle 3,vehicle,vehicle.tesla.model3,hero_2,43.1185,330.5233,0.002,-0.0005,-0.0475,0.1748,43.1185,-330.5233,-0.003051,-0.0002,0.0,0.0,0.0002,0.0005,-0.0,0.0,-0.0023,-0.266,-0.0,5,0,-1,33.11,Driving,False,-0.034,0.525,-0.001,0.3,False,False,1,,,,NONE,False,Green,60.0
282,17.3381,12.4,371,Vehicle 2,vehicle,vehicle.tesla.model3,hero_1,31.3782,326.5727,0.0018,-0.0011,0.0043,-179.8859,31.3782,-326.5727,3.139601,-5.6104,-0.0154,-0.0,5.6104,-0.9289,-0.0208,-0.0,-0.0009,0.0525,0.1858,5,0,1,21.37,Driving,False,-0.021,0.672,0.002,0.0,False,False,1,,,,NONE,False,Green,30.0
282,17.3381,12.4,370,Vehicle 1,vehicle,vehicle.tesla.model3,hero_0,32.1317,330.5334,0.0015,-0.0002,0.0325,0.2708,32.1317,-330.5334,-0.004726,2.3254,0.0138,-0.0,2.3254,2.7376,0.0205,0.0001,0.002,-0.0124,0.0159,5,0,-1,22.12,Driving,False,-0.018,0.75,0.002,0.0,False,False,1,,,,NONE,False,Green,60.0
283,17.3881,12.45,375,entity_1,vehicle,vehicle.audi.a2,entity_1,61.009,331.442,-0.0073,0.0,0.0,0.0286,61.009,-331.442,-0.000499,0.0,0.0,0.0,0.0,0.0,0.0,0.0,0.0,0.0,0.0,5,0,-1,51.0,Driving,False,0.875,0.0,0.0,0.0,False,False,0,,,,NONE,False,Green,30.0
283,17.3881,12.45,374,entity_2,pedestrian,walker.pedestrian.0001,entity_2,63.9023,321.8171,1.0558,0.0,0.0,-89.7611,63.9023,-321.8171,1.566627,0.0043,-1.0199,0.0,1.0199,0.0,0.0,0.0,0.0,0.0,0.0,5,0,3,53.89,Sidewalk,False,0.452,,,,,,,0.0042,-1.0,1.02,,,,
283,17.3881,12.45,373,Vehicle 4,vehicle,vehicle.tesla.model3,hero_3,52.3826,330.5545,0.0017,0.0,-0.0002,-0.0709,52.3826,-330.5545,0.001237,0.0,-0.0,-0.0,0.0,0.0,-0.0,0.0,0.0,0.0,-0.0,5,0,-1,42.37,Driving,False,-0.008,0.525,-0.004,0.3,False,False,1,,,,NONE,False,Green,30.0
283,17.3881,12.45,372,Vehicle 3,vehicle,vehicle.tesla.model3,hero_2,43.1185,330.5233,0.0019,-0.0004,-0.0358,0.1748,43.1185,-330.5233,-0.003051,-0.0001,0.0,0.0,0.0001,0.0007,-0.0001,0.0,-0.0019,-0.2121,-0.0,5,0,-1,33.11,Driving,False,-0.034,0.525,-0.001,0.3,False,False,1,,,,NONE,False,Green,60.0
283,17.3881,12.45,371,Vehicle 2,vehicle,vehicle.tesla.model3,hero_1,31.0947,326.5721,0.0018,-0.0004,0.0079,-179.8824,31.0947,-326.5721,3.13954,-5.7081,-0.0123,0.0,5.7081,-1.9534,0.0619,0.0,0.0152,0.085,0.0187,5,0,1,21.08,Driving,False,-0.021,0.684,-0.001,0.0,False,False,1,,,,NONE,False,Green,30.0
283,17.3881,12.45,370,Vehicle 1,vehicle,vehicle.tesla.model3,hero_0,32.2519,330.5342,0.0015,-0.0009,0.0328,0.2828,32.2519,-330.5342,-0.004936,2.4517,0.0193,0.0,2.4518,2.5258,0.1099,0.0,0.0147,0.0018,0.3429,5,0,-1,22.24,Driving,False,-0.018,0.444,0.005,0.0,False,False,1,,,,NONE,False,Green,60.0
284,17.4381,12.5,375,entity_1,vehicle,vehicle.audi.a2,entity_1,61.009,331.442,-0.0073,0.0,0.0,0.0286,61.009,-331.442,-0.000499,0.0,0.0,0.0,0.0,0.0,0.0,0.0,0.0,0.0,0.0,5,0,-1,51.0,Driving,False,0.875,0.0,0.0,0.0,False,False,0,,,,NONE,False,Green,30.0
284,17.4381,12.5,374,entity_2,pedestrian,walker.pedestrian.0001,entity_2,63.9026,321.7661,1.0558,0.0,0.0,-89.7611,63.9026,-321.7661,1.566627,0.0043,-1.0199,0.0,1.0199,0.0,0.0,0.0,0.0,0.0,0.0,5,0,3,53.89,Sidewalk,False,0.503,,,,,,,0.0042,-1.0,1.02,,,,
284,17.4381,12.5,373,Vehicle 4,vehicle,vehicle.tesla.model3,hero_3,52.3826,330.5545,0.0017,0.0,-0.0002,-0.0709,52.3826,-330.5545,0.001237,0.0,0.0,-0.0,0.0,-0.0,0.0,0.0,0.0,0.0,-0.0,5,0,-1,42.37,Driving,False,-0.008,0.525,-0.004,0.3,False,False,1,,,,NONE,False,Green,30.0
284,17.4381,12.5,372,Vehicle 3,vehicle,vehicle.tesla.model3,hero_2,43.1186,330.5233,0.0018,-0.0003,-0.0267,0.1748,43.1186,-330.5233,-0.003051,-0.0001,0.0,0.0,0.0001,0.0007,-0.0001,-0.0,-0.0014,-0.1625,-0.0,5,0,-1,33.11,Driving,False,-0.034,0.525,-0.001,0.3,False,False,1,,,,NONE,False,Green,60.0
284,17.4381,12.5,371,Vehicle 2,vehicle,vehicle.tesla.model3,hero_1,30.8075,326.5715,0.0018,0.0001,0.0107,-179.8833,30.8075,-326.5715,3.139556,-5.7688,-0.0111,0.0,5.7688,-1.2136,0.024,0.0,0.0082,0.038,-0.0354,5,0,1,20.8,Driving,False,-0.02,0.684,-0.001,0.0,False,False,1,,,,NONE,False,Green,30.0
284,17.4381,12.5,370,Vehicle 1,vehicle,vehicle.tesla.model3,hero_0,32.3775,330.5351,0.0015,-0.0014,0.032,0.2963,32.3775,-330.5351,-0.005171,2.5501,0.0214,-0.0,2.5502,1.968,0.0426,-0.0001,0.0049,0.0281,0.2192,5,0,-1,22.37,Driving,False,-0.017,0.444,0.005,0.0,False,False,1,,,,NONE,False,Green,60.0
285,17.4881,12.55,375,entity_1,vehicle,vehicle.audi.a2,entity_1,61.009,331.442,-0.0073,0.0,0.0,0.0286,61.009,-331.442,-0.000499,0.0,0.0,0.0,0.0,0.0,0.0,0.0,0.0,0.0,0.0,5,0,-1,51.0,Driving,False,0.875,0.0,0.0,0.0,False,False,0,,,,NONE,False,Green,30.0
285,17.4881,12.55,374,entity_2,pedestrian,walker.pedestrian.0001,entity_2,63.9028,321.7151,1.0558,0.0,0.0,-89.7611,63.9028,-321.7151,1.566627,0.0043,-1.0199,0.0,1.0199,0.0,0.0,0.0,0.0,0.0,0.0,5,0,3,53.89,Sidewalk,False,0.554,,,,,,,0.0042,-1.0,1.02,,,,
285,17.4881,12.55,373,Vehicle 4,vehicle,vehicle.tesla.model3,hero_3,52.3826,330.5545,0.0017,0.0,-0.0002,-0.0709,52.3826,-330.5545,0.001237,0.0,0.0,0.0,0.0,-0.0,-0.0,0.0,0.0,0.0,0.0,5,0,-1,42.37,Driving,False,-0.008,0.525,-0.004,0.3,False,False,1,,,,NONE,False,Green,30.0
285,17.4881,12.55,372,Vehicle 3,vehicle,vehicle.tesla.model3,hero_2,43.1187,330.5233,0.0018,-0.0002,-0.0198,0.1748,43.1187,-330.5233,-0.003051,-0.0001,0.0,0.0,0.0001,0.0006,-0.0001,0.0,-0.0011,-0.1222,-0.0,5,0,-1,33.11,Driving,False,-0.034,0.525,-0.001,0.3,False,False,1,,,,NONE,False,Green,60.0
285,17.4881,12.55,371,Vehicle 2,vehicle,vehicle.tesla.model3,hero_1,30.5158,326.5709,0.0018,0.0004,0.0135,-179.8858,30.5158,-326.5709,3.139599,-5.8771,-0.0105,-0.0,5.8771,-2.1669,0.012,-0.0001,0.0037,0.0683,-0.058,5,0,1,20.5,Driving,False,-0.02,0.684,-0.001,0.0,False,False,1,,,,NONE,False,Green,30.0
285,17.4881,12.55,370,Vehicle 1,vehicle,vehicle.tesla.model3,hero_0,32.5074,330.5362,0.0015,-0.0015,0.03,0.312,32.5074,-330.5362,-0.005445,2.6302,0.0229,-0.0,2.6303,1.6031,0.0301,0.0,0.0004,0.0451,0.3738,5,0,-1,22.5,Driving,False,-0.016,0.444,0.005,0.0,False,False,1,,,,NONE,False,Green,60.0
286,17.5381,12.6,375,entity_1,vehicle,vehicle.audi.a2,entity_1,61.009,331.442,-0.0073,0.0,0.0,0.0286,61.009,-331.442,-0.000499,0.0,0.0,0.0,0.0,0.0,0.0,0.0,0.0,0.0,0.0,5,0,-1,51.0,Driving,False,0.875,0.0,0.0,0.0,False,False,0,,,,NONE,False,Green,30.0
286,17.5381,12.6,374,entity_2,pedestrian,walker.pedestrian.0001,entity_2,63.903,321.6918,1.0558,0.0,0.0,-89.7611,63.903,-321.6918,1.566627,0.0043,-0.4656,0.0,0.4656,0.0,11.0859,0.0,0.0,0.0,0.0,5,0,3,53.89,Sidewalk,False,0.577,,,,,,,0.0042,-1.0,1.02,,,,
286,17.5381,12.6,373,Vehicle 4,vehicle,vehicle.tesla.model3,hero_3,52.3826,330.5545,0.0017,0.0,-0.0002,-0.0709,52.3826,-330.5545,0.001237,-0.0,0.0,-0.0,0.0,-0.0,0.0,-0.0,-0.0,-0.0,0.0,5,0,-1,42.37,Driving,False,-0.008,0.525,-0.004,0.3,False,False,1,,,,NONE,False,Green,30.0
286,17.5381,12.6,372,Vehicle 3,vehicle,vehicle.tesla.model3,hero_2,43.1187,330.5233,0.0018,-0.0002,-0.0147,0.1748,43.1187,-330.5233,-0.003051,-0.0001,0.0,0.0,0.0001,0.0004,-0.0,-0.0,-0.0008,-0.0911,-0.0,5,0,-1,33.11,Driving,False,-0.034,0.525,-0.001,0.3,False,False,1,,,,NONE,False,Green,60.0
286,17.5381,12.6,371,Vehicle 2,vehicle,vehicle.tesla.model3,hero_1,30.2199,326.5704,0.0018,0.0005,0.0156,-179.8889,30.2199,-326.5704,3.139654,-5.9459,-0.0102,-0.0,5.9459,-1.3757,0.0064,-0.0,0.0007,0.0231,-0.0626,5,0,1,20.21,Driving,False,-0.02,0.684,-0.001,0.0,False,False,1,,,,NONE,False,Green,30.0
286,17.5381,12.6,370,Vehicle 1,vehicle,vehicle.tesla.model3,hero_0,32.641,330.5373,0.0015,-0.0014,0.0275,0.3267,32.641,-330.5373,-0.005702,2.6991,0.0243,0.0,2.6993,1.3781,0.027,0.0001,-0.0017,0.0512,0.2416,5,0,-1,22.63,Driving,False,-0.015,0.444,0.005,0.0,False,False,1,,,,NONE,False,Green,60.0
287,17.5881,12.65,375,entity_1,vehicle,vehicle.audi.a2,entity_1,61.009,331.442,-0.0073,0.0,0.0,0.0286,61.009,-331.442,-0.000499,0.0,0.0,0.0,0.0,0.0,0.0,0.0,0.0,0.0,0.0,5,0,-1,51.0,Driving,False,0.875,0.0,0.0,0.0,False,False,0,,,,NONE,False,Green,30.0
287,17.5881,12.65,374,entity_2,pedestrian,walker.pedestrian.0001,entity_2,63.9032,321.6915,1.0558,0.0,0.0,-89.7611,63.9032,-321.6915,1.566627,0.0036,-0.0062,0.0,0.0072,-0.0137,9.1875,0.0,0.0,0.0,0.0,5,0,3,53.89,Sidewalk,False,0.577,,,,,,,0.0042,-1.0,1.02,,,,
287,17.5881,12.65,373,Vehicle 4,vehicle,vehicle.tesla.model3,hero_3,52.3826,330.5545,0.0017,0.0,-0.0002,-0.0709,52.3826,-330.5545,0.001237,-0.0,0.0,-0.0,0.0,-0.0,0.0,0.0,-0.0,-0.0,0.0,5,0,-1,42.37,Driving,False,-0.008,0.525,-0.007,0.3,False,False,1,,,,NONE,False,Green,30.0
287,17.5881,12.65,372,Vehicle 3,vehicle,vehicle.tesla.model3,hero_2,43.1187,330.5233,0.0018,-0.0002,-0.0128,0.1748,43.1187,-330.5233,-0.003051,-0.0,0.0,-0.0,0.0,0.0007,-0.0001,-0.0,-0.0003,-0.0423,-0.0,5,0,-1,33.11,Driving,False,-0.034,0.525,-0.002,0.3,False,False,1,,,,NONE,False,Green,60.0
287,17.5881,12.65,371,Vehicle 2,vehicle,vehicle.tesla.model3,hero_1,29.9194,326.5703,0.0017,0.003,0.0174,-179.9127,29.9194,-326.5703,3.140069,-6.0501,0.0056,0.0,6.0501,-2.0842,0.3158,0.0001,0.0574,0.0401,-0.6769,5,0,1,19.91,Driving,False,-0.02,0.295,-0.008,0.0,False,False,1,,,,NONE,False,Green,30.0
287,17.5881,12.65,370,Vehicle 1,vehicle,vehicle.tesla.model3,hero_0,32.7763,330.5382,0.0015,-0.0003,0.0232,0.3339,32.7763,-330.5382,-0.005828,2.6918,0.0184,-0.0,2.6919,-0.1464,-0.1166,-0.0001,-0.0223,0.1213,0.1479,5,0,-1,22.77,Driving,False,-0.014,0.0,0.001,0.7,False,False,1,,,,NONE,False,Green,60.0
288,17.6381,12.7,375,entity_1,vehicle,vehicle.audi.a2,entity_1,61.009,331.442,-0.0073,0.0,0.0,0.0286,61.009,-331.442,-0.000499,0.0,0.0,0.0,0.0,0.0,0.0,0.0,0.0,0.0,0.0,5,0,-1,51.0,Driving,False,0.875,0.0,0.0,0.0,False,False,0,,,,NONE,False,Green,30.0
288,17.6381,12.7,374,entity_2,pedestrian,walker.pedestrian.0001,entity_2,63.9033,321.6898,1.0558,0.0,0.0,-89.7611,63.9033,-321.6898,1.566627,0.0025,-0.034,0.0,0.0341,-0.0215,-0.5547,0.0,0.0,0.0,0.0,5,0,3,53.89,Sidewalk,False,0.579,,,,,,,0.0042,-1.0,1.02,,,,
288,17.6381,12.7,373,Vehicle 4,vehicle,vehicle.tesla.model3,hero_3,52.3826,330.5545,0.0017,0.0,-0.0002,-0.0709,52.3826,-330.5545,0.001237,-0.0,0.0,-0.0,0.0,-0.0,0.0,-0.0,-0.0,-0.0,-0.0,5,0,-1,42.37,Driving,False,-0.008,0.525,-0.007,0.3,False,False,1,,,,NONE,False,Green,30.0
288,17.6381,12.7,372,Vehicle 3,vehicle,vehicle.tesla.model3,hero_2,43.1187,330.5233,0.0017,-0.0001,-0.0103,0.1748,43.1187,-330.5233,-0.003051,-0.0,0.0,0.0,0.0,-0.0001,0.0,0.0,-0.0005,-0.0506,-0.0,5,0,-1,33.11,Driving,False,-0.034,0.525,-0.002,0.3,False,False,1,,,,NONE,False,Green,60.0
288,17.6381,12.7,371,Vehicle 2,vehicle,vehicle.tesla.model3,hero_1,29.6159,326.5706,0.0017,0.0049,0.0171,-179.9523,29.6159,-326.5706,3.14076,-6.0775,0.0132,-0.0,6.0775,-0.5481,0.1519,-0.0,0.0249,-0.0363,-0.8383,5,0,1,19.6,Driving,False,-0.02,0.295,-0.008,0.0,False,False,1,,,,NONE,False,Green,30.0
288,17.6381,12.7,370,Vehicle 1,vehicle,vehicle.tesla.model3,hero_0,32.907,330.539,0.0016,0.0003,0.0138,0.3354,32.907,-330.539,-0.005854,2.5484,0.0165,-0.0,2.5485,-2.8683,-0.0395,0.0,-0.0105,0.2329,-0.0694,5,0,-1,22.9,Driving,False,-0.013,0.0,0.001,0.7,False,False,1,,,,NONE,False,Green,60.0
289,17.6881,12.75,375,entity_1,vehicle,vehicle.audi.a2,entity_1,61.009,331.442,-0.0073,0.0,0.0,0.0286,61.009,-331.442,-0.000499,0.0,0.0,0.0,0.0,0.0,0.0,0.0,0.0,0.0,0.0,5,0,-1,51.0,Driving,False,0.875,0.0,0.0,0.0,False,False,0,,,,NONE,False,Green,30.0
289,17.6881,12.75,374,entity_2,pedestrian,walker.pedestrian.0001,entity_2,63.9034,321.6898,1.0558,0.0,0.0,-89.7611,63.9034,-321.6898,1.566627,0.0019,0.0,0.0,0.0019,-0.0137,0.6797,0.0,0.0,0.0,0.0,5,0,3,53.89,Sidewalk,False,0.579,,,,,,,0.0042,-1.0,1.02,,,,
289,17.6881,12.75,373,Vehicle 4,vehicle,vehicle.tesla.model3,hero_3,52.3826,330.5545,0.0017,0.0,-0.0002,-0.0709,52.3826,-330.5545,0.001237,0.0,0.0,-0.0,0.0,0.0,0.0,-0.0,-0.0,-0.0,0.0,5,0,-1,42.37,Driving,False,-0.008,0.525,-0.007,0.3,False,False,1,,,,NONE,False,Green,30.0
289,17.6881,12.75,372,Vehicle 3,vehicle,vehicle.tesla.model3,hero_2,43.1187,330.5233,0.0017,-0.0001,-0.0079,0.1748,43.1187,-330.5233,-0.003051,-0.0,0.0,0.0,0.0,0.0001,-0.0,0.0,-0.0004,-0.0444,-0.0,5,0,-1,33.11,Driving,False,-0.034,0.525,-0.002,0.3,False,False,1,,,,NONE,False,Green,60.0
289,17.6881,12.75,371,Vehicle 2,vehicle,vehicle.tesla.model3,hero_1,29.3107,326.5712,0.0018,0.0058,0.0154,-179.998,29.3107,-326.5712,3.141558,-6.1203,0.0207,-0.0,6.1203,-0.8557,0.1493,0.0,0.0162,-0.0286,-0.9569,5,0,1,19.3,Driving,False,-0.021,0.295,-0.008,0.0,False,False,1,,,,NONE,False,Green,30.0
289,17.6881,12.75,370,Vehicle 1,vehicle,vehicle.tesla.model3,hero_0,33.0269,330.5398,0.0017,0.0006,-0.0008,0.3297,33.0269,-330.5398,-0.005754,2.2701,0.0144,0.0,2.2701,-5.567,-0.0407,0.0,-0.0045,0.3605,-0.6994,5,0,-1,23.02,Driving,False,-0.012,0.0,0.001,0.7,False,False,1,,,,NONE,False,Green,60.0
290,17.7381,12.8,375,entity_1,vehicle,vehicle.audi.a2,entity_1,61.009,331.442,-0.0073,0.0,0.0,0.0286,61.009,-331.442,-0.000499,0.0,0.0,0.0,0.0,0.0,0.0,0.0,0.0,0.0,0.0,5,0,-1,51.0,Driving,False,0.875,0.0,0.0,0.0,False,False,0,,,,NONE,False,Green,30.0
290,17.7381,12.8,374,entity_2,pedestrian,walker.pedestrian.0001,entity_2,63.9035,321.6898,1.0558,0.0,0.0,-89.7611,63.9035,-321.6898,1.566627,0.0015,0.0,0.0,0.0015,-0.0078,0.0,0.0,0.0,0.0,0.0,5,0,3,53.89,Sidewalk,False,0.579,,,,,,,0.0042,-1.0,1.02,,,,
290,17.7381,12.8,373,Vehicle 4,vehicle,vehicle.tesla.model3,hero_3,52.3826,330.5545,0.0017,0.0,-0.0002,-0.0709,52.3826,-330.5545,0.001237,0.0,0.0,-0.0,0.0,0.0,-0.0,-0.0,-0.0,0.0,-0.0,5,0,-1,42.37,Driving,False,-0.008,0.525,-0.007,0.3,False,False,1,,,,NONE,False,Green,30.0
290,17.7381,12.8,372,Vehicle 3,vehicle,vehicle.tesla.model3,hero_2,43.1187,330.5233,0.0017,-0.0001,-0.006,0.1748,43.1187,-330.5233,-0.003051,-0.0,0.0,0.0,0.0,0.0001,-0.0,-0.0,-0.0003,-0.0355,-0.0,5,0,-1,33.11,Driving,False,-0.034,0.525,-0.002,0.3,False,False,1,,,,NONE,False,Green,60.0
290,17.7381,12.8,371,Vehicle 2,vehicle,vehicle.tesla.model3,hero_1,29.0051,326.5721,0.0018,0.0061,0.0125,179.9546,29.0051,-326.5721,-3.1408,-6.103,0.0253,0.0,6.103,0.3467,0.0916,0.0001,-0.0015,-0.0786,-0.9376,5,0,1,18.99,Driving,False,-0.022,0.295,-0.008,0.0,False,False,1,,,,NONE,False,Green,30.0
290,17.7381,12.8,370,Vehicle 1,vehicle,vehicle.tesla.model3,hero_0,33.1075,330.5404,0.0019,0.0008,-0.0426,0.3212,33.1075,-330.5404,-0.005606,1.0873,0.0066,-0.0,1.0873,-23.6546,-0.1556,-0.0001,-0.0076,1.1116,-0.0012,5,0,-1,23.1,Driving,False,-0.012,0.0,0.001,0.7,False,False,1,,,,NONE,False,Green,60.0
291,17.7881,12.85,375,entity_1,vehicle,vehicle.audi.a2,entity_1,61.009,331.442,-0.0073,0.0,0.0,0.0286,61.009,-331.442,-0.000499,0.0,0.0,0.0,0.0,0.0,0.0,0.0,0.0,0.0,0.0,5,0,-1,51.0,Driving,False,0.875,0.0,0.0,0.0,False,False,0,,,,NONE,False,Green,30.0
291,17.7881,12.85,374,entity_2,pedestrian,walker.pedestrian.0001,entity_2,63.9035,321.6898,1.0558,0.0,0.0,-89.7611,63.9035,-321.6898,1.566627,0.0012,0.0,0.0,0.0012,-0.0059,0.0,0.0,0.0,0.0,0.0,5,0,3,53.89,Sidewalk,False,0.579,,,,,,,0.0042,-1.0,1.02,,,,
291,17.7881,12.85,373,Vehicle 4,vehicle,vehicle.tesla.model3,hero_3,52.3826,330.5545,0.0017,0.0,-0.0002,-0.0709,52.3826,-330.5545,0.001237,0.0,0.0,-0.0,0.0,-0.0,0.0,-0.0,-0.0,0.0,0.0,5,0,-1,42.37,Driving,False,-0.008,0.525,-0.004,0.3,False,False,1,,,,NONE,False,Green,30.0
291,17.7881,12.85,372,Vehicle 3,vehicle,vehicle.tesla.model3,hero_2,43.1188,330.5233,0.0017,-0.0,-0.0045,0.1748,43.1188,-330.5233,-0.003051,-0.0,0.0,0.0,0.0,0.0001,-0.0,0.0,-0.0002,-0.0271,-0.0,5,0,-1,33.11,Driving,False,-0.034,0.525,-0.001,0.3,False,False,1,,,,NONE,False,Green,60.0
291,17.7881,12.85,371,Vehicle 2,vehicle,vehicle.tesla.model3,hero_1,28.6997,326.5728,0.0018,0.0029,0.0094,179.9338,28.6997,-326.5728,-3.140437,-6.1115,0.0107,0.0,6.1115,-0.1713,-0.2907,-0.0,-0.0731,-0.0483,-0.1662,5,0,1,18.69,Driving,False,-0.023,0.182,0.002,0.0,False,False,1,,,,NONE,False,Green,30.0
291,17.7881,12.85,370,Vehicle 1,vehicle,vehicle.tesla.model3,hero_0,33.1252,330.5405,0.0023,0.0008,-0.0978,0.3215,33.1252,-330.5405,-0.005611,0.0042,-0.0002,-0.0,0.0042,-21.6634,-0.1364,-0.0001,-0.0086,0.9104,-0.0129,5,0,-1,23.12,Driving,False,-0.012,0.0,0.008,0.771,False,False,1,,,,NONE,False,Green,60.0
292,17.8381,12.9,375,entity_1,vehicle,vehicle.audi.a2,entity_1,61.009,331.442,-0.0073,0.0,0.0,0.0286,61.009,-331.442,-0.000499,0.0,0.0,0.0,0.0,0.0,0.0,0.0,0.0,0.0,0.0,5,0,-1,51.0,Driving,False,0.875,0.0,0.0,0.0,False,False,0,,,,NONE,False,Green,30.0
292,17.8381,12.9,374,entity_2,pedestrian,walker.pedestrian.0001,entity_2,63.9036,321.6898,1.0558,0.0,0.0,-89.7611,63.9036,-321.6898,1.566627,0.001,0.0,0.0,0.001,-0.0039,0.0,0.0,0.0,0.0,0.0,5,0,3,53.89,Sidewalk,False,0.579,,,,,,,0.0042,-1.0,1.02,,,,
292,17.8381,12.9,373,Vehicle 4,vehicle,vehicle.tesla.model3,hero_3,52.3826,330.5545,0.0017,0.0,-0.0002,-0.0709,52.3826,-330.5545,0.001237,0.0,0.0,-0.0,0.0,0.0,-0.0,0.0,0.0,0.0,-0.0,5,0,-1,42.37,Driving,False,-0.008,0.525,-0.004,0.3,False,False,1,,,,NONE,False,Green,30.0
292,17.8381,12.9,372,Vehicle 3,vehicle,vehicle.tesla.model3,hero_2,43.1188,330.5233,0.0017,-0.0,-0.0033,0.1748,43.1188,-330.5233,-0.003051,-0.0,0.0,0.0,0.0,0.0001,-0.0,0.0,-0.0002,-0.0204,-0.0,5,0,-1,33.11,Driving,False,-0.034,0.525,-0.001,0.3,False,False,1,,,,NONE,False,Green,60.0
292,17.8381,12.9,371,Vehicle 2,vehicle,vehicle.tesla.model3,hero_1,28.3956,326.5731,0.0018,0.0002,0.0057,179.9346,28.3956,-326.5731,-3.140451,-6.0599,0.0049,0.0,6.06,1.0317,-0.1157,-0.0,-0.0405,-0.0921,0.1001,5,0,1,18.38,Driving,False,-0.023,0.182,0.002,0.0,False,False,1,,,,NONE,False,Green,30.0
292,17.8381,12.9,370,Vehicle 1,vehicle,vehicle.tesla.model3,hero_0,33.1252,330.5405,0.0023,0.0007,-0.1067,0.3215,33.1252,-330.5405,-0.005611,-0.0001,-0.0,-0.0,0.0001,-0.085,0.0033,0.0,0.0031,-0.1241,-0.0,5,0,-1,23.12,Driving,False,-0.012,0.0,0.008,0.771,False,False,1,,,,NONE,False,Green,60.0
293,17.8881,12.95,375,entity_1,vehicle,vehicle.audi.a2,entity_1,61.009,331.442,-0.0073,0.0,0.0,0.0286,61.009,-331.442,-0.000499,0.0,0.0,0.0,0.0,0.0,0.0,0.0,0.0,0.0,0.0,5,0,-1,51.0,Driving,False,0.875,0.0,0.0,0.0,False,False,0,,,,NONE,False,Green,30.0
293,17.8881,12.95,374,entity_2,pedestrian,walker.pedestrian.0001,entity_2,63.9036,321.6898,1.0558,0.0,0.0,-89.7611,63.9036,-321.6898,1.566627,0.0009,0.0,0.0,0.0009,-0.002,0.0,0.0,0.0,0.0,0.0,5,0,3,53.89,Sidewalk,False,0.579,,,,,,,0.0042,-1.0,1.02,,,,
293,17.8881,12.95,373,Vehicle 4,vehicle,vehicle.tesla.model3,hero_3,52.3826,330.5545,0.0017,0.0,-0.0002,-0.0709,52.3826,-330.5545,0.001237,0.0,0.0,-0.0,0.0,-0.0,-0.0,0.0,-0.0,0.0,-0.0,5,0,-1,42.37,Driving,False,-0.008,0.525,-0.004,0.3,False,False,1,,,,NONE,False,Green,30.0
293,17.8881,12.95,372,Vehicle 3,vehicle,vehicle.tesla.model3,hero_2,43.1188,330.5233,0.0017,-0.0,-0.0024,0.1748,43.1188,-330.5233,-0.003051,-0.0,0.0,0.0,0.0,0.0001,-0.0,-0.0,-0.0001,-0.0152,-0.0,5,0,-1,33.11,Driving,False,-0.034,0.525,-0.001,0.3,False,False,1,,,,NONE,False,Green,60.0
293,17.8881,12.95,371,Vehicle 2,vehicle,vehicle.tesla.model3,hero_1,28.0932,326.5733,0.0018,-0.0012,0.0023,179.9436,28.0932,-326.5733,-3.140608,-6.0397,0.0014,-0.0,6.0397,0.4044,-0.071,-0.0001,-0.0196,-0.0498,0.2192,5,0,1,18.08,Driving,False,-0.024,0.182,0.002,0.0,False,False,1,,,,NONE,False,Green,30.0
293,17.8881,12.95,370,Vehicle 1,vehicle,vehicle.tesla.model3,hero_0,33.1253,330.5405,0.0022,0.0005,-0.0915,0.3215,33.1253,-330.5405,-0.005611,-0.0003,-0.0,0.0,0.0003,-0.0033,0.0001,0.0001,0.0048,-0.3719,0.0,5,0,-1,23.12,Driving,False,-0.012,0.0,0.008,0.771,False,False,1,,,,NONE,False,Green,60.0
294,17.9381,13.0,375,entity_1,vehicle,vehicle.audi.a2,entity_1,61.009,331.442,-0.0073,0.0,0.0,0.0286,61.009,-331.442,-0.000499,0.0,0.0,0.0,0.0,0.0,0.0,0.0,0.0,0.0,0.0,5,0,-1,51.0,Driving,False,0.875,0.0,0.0,0.0,False,False,0,,,,NONE,False,Green,30.0
294,17.9381,13.0,374,entity_2,pedestrian,walker.pedestrian.0001,entity_2,63.9037,321.6898,1.0558,0.0,0.0,-89.7611,63.9037,-321.6898,1.566627,0.0009,0.0,0.0,0.0009,0.0,0.0,0.0,0.0,0.0,0.0,5,0,3,53.89,Sidewalk,False,0.579,,,,,,,0.0042,-1.0,1.02,,,,
294,17.9381,13.0,373,Vehicle 4,vehicle,vehicle.tesla.model3,hero_3,52.3826,330.5545,0.0017,0.0,-0.0002,-0.0709,52.3826,-330.5545,0.001237,-0.0,0.0,-0.0,0.0,-0.0,0.0,0.0,-0.0,-0.0,-0.0,5,0,-1,42.37,Driving,False,-0.008,0.525,-0.004,0.3,False,False,1,,,,NONE,False,Green,30.0
294,17.9381,13.0,372,Vehicle 3,vehicle,vehicle.tesla.model3,hero_2,43.1188,330.5233,0.0017,-0.0,-0.0018,0.1748,43.1188,-330.5233,-0.003051,-0.0,0.0,0.0,0.0,0.0001,-0.0,-0.0,-0.0001,-0.0113,-0.0,5,0,-1,33.11,Driving,False,-0.034,0.525,-0.001,0.3,False,False,1,,,,NONE,False,Green,60.0
294,17.9381,13.0,371,Vehicle 2,vehicle,vehicle.tesla.model3,hero_1,27.7934,326.5734,0.0019,-0.0017,-0.0013,179.9554,27.7934,-326.5734,-3.140814,-5.9667,-0.0005,0.0,5.9667,1.46,-0.0374,0.0001,-0.0051,-0.0864,0.2423,5,0,1,17.78,Driving,False,-0.024,0.182,0.002,0.0,False,False,1,,,,NONE,False,Green,30.0
294,17.9381,13.0,370,Vehicle 1,vehicle,vehicle.tesla.model3,hero_0,33.1254,330.5405,0.0021,0.0004,-0.0722,0.3215,33.1254,-330.5405,-0.005611,-0.0003,-0.0,0.0,0.0003,-0.0001,0.0001,0.0,0.0044,-0.3775,0.0,5,0,-1,23.12,Driving,False,-0.012,0.0,0.008,0.771,False,False,1,,,,NONE,False,Green,60.0
295,17.9881,13.05,375,entity_1,vehicle,vehicle.audi.a2,entity_1,61.009,331.442,-0.0073,0.0,0.0,0.0286,61.009,-331.442,-0.000499,0.0,0.0,0.0,0.0,0.0,0.0,0.0,0.0,0.0,0.0,5,0,-1,51.0,Driving,False,0.875,0.0,0.0,0.0,False,False,0,,,,NONE,False,Green,30.0
295,17.9881,13.05,374,entity_2,pedestrian,walker.pedestrian.0001,entity_2,63.9037,321.6898,1.0558,0.0,0.0,-89.7611,63.9037,-321.6898,1.566627,0.0009,0.0,0.0,0.0009,0.0,0.0,0.0,0.0,0.0,0.0,5,0,3,53.89,Sidewalk,False,0.579,,,,,,,0.0042,-1.0,1.02,,,,
295,17.9881,13.05,373,Vehicle 4,vehicle,vehicle.tesla.model3,hero_3,52.3826,330.5545,0.0017,0.0,-0.0002,-0.0709,52.3826,-330.5545,0.001237,-0.0,0.0,-0.0,0.0,-0.0,0.0,-0.0,-0.0,-0.0,0.0,5,0,-1,42.37,Driving,False,-0.008,0.525,-0.007,0.3,False,False,1,,,,NONE,False,Green,30.0
295,17.9881,13.05,372,Vehicle 3,vehicle,vehicle.tesla.model3,hero_2,43.1188,330.5233,0.0017,0.0,-0.0015,0.1748,43.1188,-330.5233,-0.003051,-0.0,0.0,-0.0,0.0,0.0001,-0.0,-0.0,-0.0001,-0.0032,-0.0,5,0,-1,33.11,Driving,False,-0.034,0.525,-0.001,0.3,False,False,1,,,,NONE,False,Green,60.0
295,17.9881,13.05,371,Vehicle 2,vehicle,vehicle.tesla.model3,hero_1,27.4961,326.574,0.0019,0.0019,-0.0041,179.9367,27.4961,-326.574,-3.140488,-5.9311,0.0213,-0.0,5.9311,0.7136,0.4348,-0.0001,0.0853,-0.0368,-0.6724,5,0,1,17.49,Driving,False,-0.025,0.135,-0.009,0.0,False,False,1,,,,NONE,False,Green,30.0
295,17.9881,13.05,370,Vehicle 1,vehicle,vehicle.tesla.model3,hero_0,33.1255,330.5405,0.002,0.0003,-0.0551,0.3215,33.1255,-330.5405,-0.005611,-0.0002,0.0,0.0,0.0002,0.0008,0.0001,0.0,0.0036,-0.3166,0.0,5,0,-1,23.12,Driving,False,-0.012,0.525,0.012,0.3,False,False,1,,,,NONE,False,Green,60.0
296,18.0381,13.1,375,entity_1,vehicle,vehicle.audi.a2,entity_1,61.009,331.442,-0.0073,0.0,0.0,0.0286,61.009,-331.442,-0.000499,0.0,0.0,0.0,0.0,0.0,0.0,0.0,0.0,0.0,0.0,5,0,-1,51.0,Driving,False,0.875,0.0,0.0,0.0,False,False,0,,,,NONE,False,Green,30.0
296,18.0381,13.1,374,entity_2,pedestrian,walker.pedestrian.0001,entity_2,63.9037,321.6898,1.0558,0.0,0.0,-89.7611,63.9037,-321.6898,1.566627,0.0009,0.0,0.0,0.0009,0.0,0.0,0.0,0.0,0.0,0.0,5,0,3,53.89,Sidewalk,False,0.579,,,,,,,0.0042,-1.0,1.02,,,,
296,18.0381,13.1,373,Vehicle 4,vehicle,vehicle.tesla.model3,hero_3,52.3826,330.5545,0.0017,0.0,-0.0002,-0.0709,52.3826,-330.5545,0.001237,-0.0,-0.0,-0.0,0.0,-0.0,-0.0,-0.0,0.0,-0.0,-0.0,5,0,-1,42.37,Driving,False,-0.008,0.525,-0.007,0.3,False,False,1,,,,NONE,False,Green,30.0
296,18.0381,13.1,372,Vehicle 3,vehicle,vehicle.tesla.model3,hero_2,43.1188,330.5233,0.0017,0.0,-0.0012,0.1748,43.1188,-330.5233,-0.003051,-0.0,0.0,0.0,0.0,-0.0,-0.0,0.0,-0.0001,-0.0055,0.0,5,0,-1,33.11,Driving,False,-0.034,0.525,-0.001,0.3,False,False,1,,,,NONE,False,Green,60.0
296,18.0381,13.1,371,Vehicle 2,vehicle,vehicle.tesla.model3,hero_1,27.2022,326.5751,0.0019,0.0048,-0.0071,179.8945,27.2022,-326.5751,-3.139751,-5.8426,0.0307,-0.0,5.8427,1.7694,0.1887,0.0,0.0391,-0.0764,-0.9181,5,0,1,17.19,Driving,False,-0.026,0.135,-0.009,0.0,False,False,1,,,,NONE,False,Green,30.0
296,18.0381,13.1,370,Vehicle 1,vehicle,vehicle.tesla.model3,hero_0,33.1256,330.5405,0.0019,0.0002,-0.0413,0.3215,33.1256,-330.5405,-0.005611,-0.0002,0.0,0.0,0.0002,0.0009,0.0,-0.0,0.0028,-0.2478,0.0,5,0,-1,23.12,Driving,False,-0.012,0.525,0.012,0.3,False,False,1,,,,NONE,False,Green,60.0
297,18.0881,13.15,375,entity_1,vehicle,vehicle.audi.a2,entity_1,61.009,331.442,-0.0073,0.0,0.0,0.0286,61.009,-331.442,-0.000499,0.0,0.0,0.0,0.0,0.0,0.0,0.0,0.0,0.0,0.0,5,0,-1,51.0,Driving,False,0.875,0.0,0.0,0.0,False,False,0,,,,NONE,False,Green,30.0
297,18.0881,13.15,374,entity_2,pedestrian,walker.pedestrian.0001,entity_2,63.9038,321.6898,1.0558,0.0,0.0,-89.7611,63.9038,-321.6898,1.566627,0.0009,0.0,0.0,0.0009,0.0,0.0,0.0,0.0,0.0,0.0,5,0,3,53.89,Sidewalk,False,0.579,,,,,,,0.0042,-1.0,1.02,,,,
297,18.0881,13.15,373,Vehicle 4,vehicle,vehicle.tesla.model3,hero_3,52.3826,330.5545,0.0017,0.0,-0.0002,-0.0709,52.3826,-330.5545,0.001237,-0.0,0.0,-0.0,0.0,0.0,0.0,-0.0,-0.0,-0.0,0.0,5,0,-1,42.37,Driving,False,-0.008,0.525,-0.007,0.3,False,False,1,,,,NONE,False,Green,30.0
297,18.0881,13.15,372,Vehicle 3,vehicle,vehicle.tesla.model3,hero_2,43.1188,330.5233,0.0017,0.0,-0.001,0.1748,43.1188,-330.5233,-0.003051,-0.0,0.0,0.0,0.0,0.0,0.0,0.0,-0.0001,-0.0052,0.0,5,0,-1,33.11,Driving,False,-0.034,0.525,-0.001,0.3,False,False,1,,,,NONE,False,Green,60.0
297,18.0881,13.15,371,Vehicle 2,vehicle,vehicle.tesla.model3,hero_1,26.9115,326.5766,0.0019,0.0063,-0.0094,179.8428,26.9115,-326.5766,-3.138849,-5.7955,0.0396,0.0,5.7956,0.9423,0.1785,0.0001,0.0243,-0.0232,-1.0943,5,0,1,16.9,Driving,False,-0.028,0.135,-0.009,0.0,False,False,1,,,,NONE,False,Green,30.0
297,18.0881,13.15,370,Vehicle 1,vehicle,vehicle.tesla.model3,hero_0,33.1257,330.5405,0.0019,0.0002,-0.0308,0.3215,33.1257,-330.5405,-0.005611,-0.0001,0.0,0.0,0.0001,0.0008,0.0,0.0,0.0021,-0.1881,0.0,5,0,-1,23.12,Driving,False,-0.012,0.525,0.012,0.3,False,False,1,,,,NONE,False,Green,60.0
298,18.1381,13.2,375,entity_1,vehicle,vehicle.audi.a2,entity_1,61.009,331.442,-0.0073,0.0,0.0,0.0286,61.009,-331.442,-0.000499,0.0,0.0,0.0,0.0,0.0,0.0,0.0,0.0,0.0,0.0,5,0,-1,51.0,Driving,False,0.875,0.0,0.0,0.0,False,False,0,,,,NONE,False,Green,30.0
298,18.1381,13.2,374,entity_2,pedestrian,walker.pedestrian.0001,entity_2,63.9038,321.6898,1.0558,0.0,0.0,-89.7611,63.9038,-321.6898,1.566627,0.0009,0.0,0.0,0.0009,0.0,0.0,0.0,0.0,0.0,0.0,5,0,3,53.89,Sidewalk,False,0.579,,,,,,,0.0042,-1.0,1.02,,,,
298,18.1381,13.2,373,Vehicle 4,vehicle,vehicle.tesla.model3,hero_3,52.3826,330.5545,0.0017,0.0,-0.0002,-0.0709,52.3826,-330.5545,0.001237,-0.0,0.0,-0.0,0.0,-0.0,0.0,-0.0,-0.0,0.0,0.0,5,0,-1,42.37,Driving,False,-0.008,0.525,-0.007,0.3,False,False,1,,,,NONE,False,Green,30.0
298,18.1381,13.2,372,Vehicle 3,vehicle,vehicle.tesla.model3,hero_2,43.1188,330.5233,0.0017,0.0,-0.0007,0.1748,43.1188,-330.5233,-0.003051,-0.0,-0.0,0.0,0.0,0.0,-0.0,0.0,-0.0,-0.0043,0.0,5,0,-1,33.11,Driving,False,-0.034,0.525,-0.001,0.3,False,False,1,,,,NONE,False,Green,60.0
298,18.1381,13.2,371,Vehicle 2,vehicle,vehicle.tesla.model3,hero_1,26.6247,326.5785,0.0019,0.0067,-0.0117,179.7889,26.6247,-326.5785,-3.137908,-5.6978,0.0442,0.0,5.6979,1.9541,0.0921,0.0,-0.0013,-0.0643,-1.0606,5,0,1,16.61,Driving,False,-0.03,0.135,-0.009,0.0,False,False,1,,,,NONE,False,Green,30.0
298,18.1381,13.2,370,Vehicle 1,vehicle,vehicle.tesla.model3,hero_0,33.1257,330.5405,0.0018,0.0001,-0.0228,0.3215,33.1257,-330.5405,-0.005611,-0.0001,0.0,0.0,0.0001,0.0006,-0.0,-0.0,0.0015,-0.1409,0.0,5,0,-1,23.12,Driving,False,-0.012,0.525,0.012,0.3,False,False,1,,,,NONE,False,Green,60.0
299,18.1881,13.25,375,entity_1,vehicle,vehicle.audi.a2,entity_1,61.009,331.442,-0.0073,0.0,0.0,0.0286,61.009,-331.442,-0.000499,0.0,0.0,0.0,0.0,0.0,0.0,0.0,0.0,0.0,0.0,5,0,-1,51.0,Driving,False,0.875,0.0,0.0,0.0,False,False,0,,,,NONE,False,Green,30.0
299,18.1881,13.25,374,entity_2,pedestrian,walker.pedestrian.0001,entity_2,63.9039,321.6898,1.0558,0.0,0.0,-89.7611,63.9039,-321.6898,1.566627,0.0009,0.0,0.0,0.0009,0.0,0.0,0.0,0.0,0.0,0.0,5,0,3,53.89,Sidewalk,False,0.579,,,,,,,0.0042,-1.0,1.02,,,,
299,18.1881,13.25,373,Vehicle 4,vehicle,vehicle.tesla.model3,hero_3,52.3826,330.5545,0.0017,0.0,-0.0002,-0.0709,52.3826,-330.5545,0.001237,0.0,0.0,-0.0,0.0,0.0,-0.0,-0.0,-0.0,0.0,-0.0,5,0,-1,42.37,Driving,False,-0.008,0.525,-0.005,0.3,False,False,1,,,,NONE,False,Green,30.0
299,18.1881,13.25,372,Vehicle 3,vehicle,vehicle.tesla.model3,hero_2,43.1188,330.5233,0.0017,0.0,-0.0006,0.1748,43.1188,-330.5233,-0.003051,-0.0,-0.0,0.0,0.0,0.0,-0.0,-0.0,-0.0,-0.0033,-0.0,5,0,-1,33.11,Driving,False,-0.034,0.525,0.002,0.3,False,False,1,,,,NONE,False,Green,60.0
299,18.1881,13.25,371,Vehicle 2,vehicle,vehicle.tesla.model3,hero_1,26.3413,326.5807,0.0019,0.0075,-0.0132,179.7279,26.3413,-326.5807,-3.136844,-5.6481,0.0554,-0.0,5.6484,0.9933,0.2243,-0.0001,0.0214,-0.0052,-1.3045,5,0,1,16.33,Driving,False,-0.032,0.682,-0.011,0.0,False,False,1,,,,NONE,False,Green,30.0
299,18.1881,13.25,370,Vehicle 1,vehicle,vehicle.tesla.model3,hero_0,33.1258,330.5405,0.0018,0.0001,-0.0169,0.3215,33.1258,-330.5405,-0.005611,-0.0001,0.0,0.0,0.0001,0.0005,-0.0,-0.0,0.0012,-0.1048,0.0,5,0,-1,23.12,Driving,False,-0.012,0.525,0.012,0.3,False,False,1,,,,NONE,False,Green,60.0
300,18.2381,13.3,375,entity_1,vehicle,vehicle.audi.a2,entity_1,61.009,331.442,-0.0073,0.0,0.0,0.0286,61.009,-331.442,-0.000499,0.0,0.0,0.0,0.0,0.0,0.0,0.0,0.0,0.0,0.0,5,0,-1,51.0,Driving,False,0.875,0.0,0.0,0.0,False,False,0,,,,NONE,False,Green,30.0
300,18.2381,13.3,374,entity_2,pedestrian,walker.pedestrian.0001,entity_2,63.9039,321.6898,1.0558,0.0,0.0,-89.7611,63.9039,-321.6898,1.566627,0.0009,0.0,0.0,0.0009,0.0,0.0,0.0,0.0,0.0,0.0,5,0,3,53.89,Sidewalk,False,0.579,,,,,,,0.0042,-1.0,1.02,,,,
300,18.2381,13.3,373,Vehicle 4,vehicle,vehicle.tesla.model3,hero_3,52.3826,330.5545,0.0017,0.0,-0.0002,-0.0709,52.3826,-330.5545,0.001237,-0.0,-0.0,-0.0,0.0,-0.0,-0.0,0.0,0.0,-0.0,-0.0,5,0,-1,42.37,Driving,False,-0.008,0.525,-0.005,0.3,False,False,1,,,,NONE,False,Green,30.0
300,18.2381,13.3,372,Vehicle 3,vehicle,vehicle.tesla.model3,hero_2,43.1188,330.5233,0.0017,0.0,-0.0004,0.1748,43.1188,-330.5233,-0.003051,-0.0,0.0,0.0,0.0,0.0,0.0,0.0,-0.0001,-0.0025,-0.0,5,0,-1,33.11,Driving,False,-0.034,0.525,0.002,0.3,False,False,1,,,,NONE,False,Green,60.0
300,18.2381,13.3,371,Vehicle 2,vehicle,vehicle.tesla.model3,hero_1,26.0614,326.5832,0.0019,0.0078,-0.0142,179.6632,26.0614,-326.5832,-3.135714,-5.5687,0.0611,0.0,5.569,1.5887,0.1124,0.0,-0.002,-0.0272,-1.2784,5,0,1,16.05,Driving,False,-0.035,0.682,-0.011,0.0,False,False,1,,,,NONE,False,Green,30.0
300,18.2381,13.3,370,Vehicle 1,vehicle,vehicle.tesla.model3,hero_0,33.1258,330.5405,0.0018,0.0001,-0.015,0.3215,33.1258,-330.5405,-0.005611,-0.0,0.0,0.0,0.0,0.0007,-0.0,-0.0,0.0006,-0.0565,0.0,5,0,-1,23.12,Driving,False,-0.012,0.525,0.012,0.3,False,False,1,,,,NONE,False,Green,60.0
301,18.2881,13.35,375,entity_1,vehicle,vehicle.audi.a2,entity_1,61.009,331.442,-0.0073,0.0,0.0,0.0286,61.009,-331.442,-0.000499,0.0,0.0,0.0,0.0,0.0,0.0,0.0,0.0,0.0,0.0,5,0,-1,51.0,Driving,False,0.875,0.0,0.0,0.0,False,False,0,,,,NONE,False,Green,30.0
301,18.2881,13.35,374,entity_2,pedestrian,walker.pedestrian.0001,entity_2,63.904,321.6898,1.0558,0.0,0.0,-89.7611,63.904,-321.6898,1.566627,0.0009,0.0,0.0,0.0009,0.0,0.0,0.0,0.0,0.0,0.0,5,0,3,53.89,Sidewalk,False,0.579,,,,,,,0.0042,-1.0,1.02,,,,
301,18.2881,13.35,373,Vehicle 4,vehicle,vehicle.tesla.model3,hero_3,52.3826,330.5545,0.0017,0.0,-0.0002,-0.0709,52.3826,-330.5545,0.001237,0.0,0.0,-0.0,0.0,0.0,0.0,0.0,0.0,0.0,-0.0,5,0,-1,42.37,Driving,False,-0.008,0.525,-0.005,0.3,False,False,1,,,,NONE,False,Green,30.0
301,18.2881,13.35,372,Vehicle 3,vehicle,vehicle.tesla.model3,hero_2,43.1188,330.5233,0.0017,0.0,-0.0004,0.1748,43.1188,-330.5233,-0.003051,-0.0,0.0,0.0,0.0,0.0,0.0,0.0,0.0,-0.0019,-0.0,5,0,-1,33.11,Driving,False,-0.034,0.525,0.002,0.3,False,False,1,,,,NONE,False,Green,60.0
301,18.2881,13.35,371,Vehicle 2,vehicle,vehicle.tesla.model3,hero_1,25.7832,326.5862,0.0019,0.008,-0.0131,179.5963,25.7832,-326.5862,-3.134547,-5.566,0.0699,-0.0,5.5664,0.0531,0.1767,-0.0,0.0089,0.0543,-1.3742,5,0,1,15.77,Driving,False,-0.038,0.682,-0.011,0.0,False,False,1,,,,NONE,False,Green,30.0
301,18.2881,13.35,370,Vehicle 1,vehicle,vehicle.tesla.model3,hero_0,33.1258,330.5405,0.0017,0.0001,-0.012,0.3215,33.1258,-330.5405,-0.005611,-0.0,0.0,0.0,0.0,-0.0001,0.0,0.0,0.0006,-0.061,0.0,5,0,-1,23.12,Driving,False,-0.012,0.525,0.012,0.3,False,False,1,,,,NONE,False,Green,60.0
302,18.3381,13.4,375,entity_1,vehicle,vehicle.audi.a2,entity_1,61.009,331.442,-0.0073,0.0,0.0,0.0286,61.009,-331.442,-0.000499,0.0,0.0,0.0,0.0,0.0,0.0,0.0,0.0,0.0,0.0,5,0,-1,51.0,Driving,False,0.875,0.0,0.0,0.0,False,False,0,,,,NONE,False,Green,30.0
302,18.3381,13.4,374,entity_2,pedestrian,walker.pedestrian.0001,entity_2,63.904,321.6898,1.0558,0.0,0.0,-89.7611,63.904,-321.6898,1.566627,0.0009,0.0,0.0,0.0009,0.0,0.0,0.0,0.0,0.0,0.0,5,0,3,53.89,Sidewalk,False,0.579,,,,,,,0.0042,-1.0,1.02,,,,
302,18.3381,13.4,373,Vehicle 4,vehicle,vehicle.tesla.model3,hero_3,52.3826,330.5545,0.0017,0.0,-0.0002,-0.0709,52.3826,-330.5545,0.001237,-0.0,0.0,0.0,0.0,-0.0,0.0,0.0,-0.0,-0.0,-0.0,5,0,-1,42.37,Driving,False,-0.008,0.525,-0.005,0.3,False,False,1,,,,NONE,False,Green,30.0
302,18.3381,13.4,372,Vehicle 3,vehicle,vehicle.tesla.model3,hero_2,43.1188,330.5233,0.0017,0.0,-0.0002,0.1748,43.1188,-330.5233,-0.003051,-0.0,-0.0,0.0,0.0,0.0,-0.0,-0.0,0.0,-0.0014,-0.0,5,0,-1,33.11,Driving,False,-0.034,0.525,0.002,0.3,False,False,1,,,,NONE,False,Green,60.0
302,18.3381,13.4,371,Vehicle 2,vehicle,vehicle.tesla.model3,hero_1,25.5055,326.5894,0.0019,0.008,-0.0109,179.5296,25.5055,-326.5894,-3.133383,-5.5467,0.0751,0.0,5.5472,0.3859,0.1033,0.0,-0.0077,0.0357,-1.3086,5,0,1,15.49,Driving,False,-0.041,0.682,-0.011,0.0,False,False,1,,,,NONE,False,Green,30.0
302,18.3381,13.4,370,Vehicle 1,vehicle,vehicle.tesla.model3,hero_0,33.1258,330.5405,0.0017,0.0001,-0.0092,0.3215,33.1258,-330.5405,-0.005611,-0.0,0.0,-0.0,0.0,0.0001,0.0,-0.0,0.0006,-0.0521,0.0,5,0,-1,23.12,Driving,False,-0.012,0.525,0.012,0.3,False,False,1,,,,NONE,False,Green,60.0
303,18.3881,13.45,375,entity_1,vehicle,vehicle.audi.a2,entity_1,61.009,331.442,-0.0073,0.0,0.0,0.0286,61.009,-331.442,-0.000499,0.0,0.0,0.0,0.0,0.0,0.0,0.0,0.0,0.0,0.0,5,0,-1,51.0,Driving,False,0.875,0.0,0.0,0.0,False,False,0,,,,NONE,False,Green,30.0
303,18.3881,13.45,374,entity_2,pedestrian,walker.pedestrian.0001,entity_2,63.904,321.6898,1.0558,0.0,0.0,-89.7611,63.904,-321.6898,1.566627,0.0009,0.0,0.0,0.0009,0.0,0.0,0.0,0.0,0.0,0.0,5,0,3,53.89,Sidewalk,False,0.579,,,,,,,0.0042,-1.0,1.02,,,,
303,18.3881,13.45,373,Vehicle 4,vehicle,vehicle.tesla.model3,hero_3,52.3826,330.5545,0.0017,0.0,-0.0002,-0.0709,52.3826,-330.5545,0.001237,-0.0,0.0,-0.0,0.0,-0.0,0.0,-0.0,-0.0,-0.0,0.0,5,0,-1,42.37,Driving,False,-0.008,0.525,-0.006,0.3,False,False,1,,,,NONE,False,Green,30.0
303,18.3881,13.45,372,Vehicle 3,vehicle,vehicle.tesla.model3,hero_2,43.1188,330.5233,0.0017,0.0,-0.0002,0.1748,43.1188,-330.5233,-0.003051,-0.0,-0.0,0.0,0.0,0.0,-0.0,0.0,0.0,-0.001,0.0,5,0,-1,33.11,Driving,False,-0.034,0.525,-0.002,0.3,False,False,1,,,,NONE,False,Green,60.0
303,18.3881,13.45,371,Vehicle 2,vehicle,vehicle.tesla.model3,hero_1,25.2268,326.5919,0.0019,0.0012,-0.0073,179.5192,25.2268,-326.5919,-3.133201,-5.596,0.041,0.0,5.5962,-0.9867,-0.6819,0.0,-0.1523,0.0982,0.3126,5,0,1,15.22,Driving,False,-0.044,0.714,0.009,0.0,False,False,1,,,,NONE,False,Green,30.0
303,18.3881,13.45,370,Vehicle 1,vehicle,vehicle.tesla.model3,hero_0,33.1258,330.5405,0.0017,0.0001,-0.0069,0.3215,33.1258,-330.5405,-0.005611,-0.0,0.0,-0.0,0.0,0.0002,-0.0,0.0,0.0004,-0.0411,0.0,5,0,-1,23.12,Driving,False,-0.012,0.525,0.013,0.3,False,False,1,,,,NONE,False,Green,60.0
304,18.4381,13.5,375,entity_1,vehicle,vehicle.audi.a2,entity_1,61.009,331.442,-0.0073,0.0,0.0,0.0286,61.009,-331.442,-0.000499,0.0,0.0,0.0,0.0,0.0,0.0,0.0,0.0,0.0,0.0,5,0,-1,51.0,Driving,False,0.875,0.0,0.0,0.0,False,False,0,,,,NONE,False,Green,30.0
304,18.4381,13.5,374,entity_2,pedestrian,walker.pedestrian.0001,entity_2,63.9041,321.6898,1.0558,0.0,0.0,-89.7611,63.9041,-321.6898,1.566627,0.0009,0.0,0.0,0.0009,0.0,0.0,0.0,0.0,0.0,0.0,5,0,3,53.89,Sidewalk,False,0.579,,,,,,,0.0042,-1.0,1.02,,,,
304,18.4381,13.5,373,Vehicle 4,vehicle,vehicle.tesla.model3,hero_3,52.3826,330.5545,0.0017,0.0,-0.0002,-0.0709,52.3826,-330.5545,0.001237,-0.0,0.0,-0.0,0.0,-0.0,0.0,-0.0,-0.0,-0.0,0.0,5,0,-1,42.37,Driving,False,-0.008,0.525,-0.006,0.3,False,False,1,,,,NONE,False,Green,30.0
304,18.4381,13.5,372,Vehicle 3,vehicle,vehicle.tesla.model3,hero_2,43.1188,330.5233,0.0017,0.0,-0.0002,0.1748,43.1188,-330.5233,-0.003051,-0.0,-0.0,-0.0,0.0,0.0,-0.0,-0.0,0.0,-0.0006,-0.0,5,0,-1,33.11,Driving,False,-0.034,0.525,-0.002,0.3,False,False,1,,,,NONE,False,Green,60.0
304,18.4381,13.5,371,Vehicle 2,vehicle,vehicle.tesla.model3,hero_1,24.9462,326.5937,0.0019,-0.0042,-0.0034,179.5521,24.9462,-326.5937,-3.133775,-5.6229,0.0266,0.0,5.623,-0.5379,-0.2865,-0.0,-0.0763,0.0635,0.8145,5,0,1,14.94,Driving,False,-0.046,0.714,0.009,0.0,False,False,1,,,,NONE,False,Green,30.0
304,18.4381,13.5,370,Vehicle 1,vehicle,vehicle.tesla.model3,hero_0,33.1259,330.5405,0.0017,0.0,-0.0051,0.3215,33.1259,-330.5405,-0.005611,-0.0,0.0,0.0,0.0,0.0001,-0.0,0.0,0.0004,-0.0313,0.0,5,0,-1,23.12,Driving,False,-0.012,0.525,0.013,0.3,False,False,1,,,,NONE,False,Green,60.0
305,18.4881,13.55,375,entity_1,vehicle,vehicle.audi.a2,entity_1,61.009,331.442,-0.0073,0.0,0.0,0.0286,61.009,-331.442,-0.000499,0.0,0.0,0.0,0.0,0.0,0.0,0.0,0.0,0.0,0.0,5,0,-1,51.0,Driving,False,0.875,0.0,0.0,0.0,False,False,0,,,,NONE,False,Green,30.0
305,18.4881,13.55,374,entity_2,pedestrian,walker.pedestrian.0001,entity_2,63.9041,321.6898,1.0558,0.0,0.0,-89.7611,63.9041,-321.6898,1.566627,0.0009,0.0,0.0,0.0009,0.0,0.0,0.0,0.0,0.0,0.0,5,0,3,53.89,Sidewalk,False,0.579,,,,,,,0.0042,-1.0,1.02,,,,
305,18.4881,13.55,373,Vehicle 4,vehicle,vehicle.tesla.model3,hero_3,52.3826,330.5545,0.0017,0.0,-0.0002,-0.0709,52.3826,-330.5545,0.001237,-0.0,0.0,-0.0,0.0,0.0,0.0,-0.0,-0.0,-0.0,0.0,5,0,-1,42.37,Driving,False,-0.008,0.525,-0.006,0.3,False,False,1,,,,NONE,False,Green,30.0
305,18.4881,13.55,372,Vehicle 3,vehicle,vehicle.tesla.model3,hero_2,43.1188,330.5233,0.0017,0.0,-0.0002,0.1748,43.1188,-330.5233,-0.003051,-0.0,0.0,-0.0,0.0,-0.0,0.0,0.0,-0.0001,-0.0006,0.0,5,0,-1,33.11,Driving,False,-0.034,0.525,-0.002,0.3,False,False,1,,,,NONE,False,Green,60.0
305,18.4881,13.55,371,Vehicle 2,vehicle,vehicle.tesla.model3,hero_1,24.6625,326.5949,0.0018,-0.0068,0.0011,179.6012,24.6625,-326.5949,-3.134632,-5.7099,0.0162,0.0,5.71,-1.7402,-0.2088,-0.0,-0.0382,0.1064,1.067,5,0,1,14.65,Driving,False,-0.047,0.714,0.009,0.0,False,False,1,,,,NONE,False,Green,30.0
305,18.4881,13.55,370,Vehicle 1,vehicle,vehicle.tesla.model3,hero_0,33.1259,330.5405,0.0017,0.0,-0.0038,0.3215,33.1259,-330.5405,-0.005611,-0.0,0.0,-0.0,0.0,0.0001,-0.0,-0.0,0.0002,-0.0235,0.0,5,0,-1,23.12,Driving,False,-0.012,0.525,0.013,0.3,False,False,1,,,,NONE,False,Green,60.0
306,18.5381,13.6,375,entity_1,vehicle,vehicle.audi.a2,entity_1,61.009,331.442,-0.0073,0.0,0.0,0.0286,61.009,-331.442,-0.000499,0.0,0.0,0.0,0.0,0.0,0.0,0.0,0.0,0.0,0.0,5,0,-1,51.0,Driving,False,0.875,0.0,0.0,0.0,False,False,0,,,,NONE,False,Green,30.0
306,18.5381,13.6,374,entity_2,pedestrian,walker.pedestrian.0001,entity_2,63.9042,321.6898,1.0558,0.0,0.0,-89.7611,63.9042,-321.6898,1.566627,0.0009,0.0,0.0,0.0009,0.0,0.0,0.0,0.0,0.0,0.0,5,0,3,53.89,Sidewalk,False,0.579,,,,,,,0.0042,-1.0,1.02,,,,
306,18.5381,13.6,373,Vehicle 4,vehicle,vehicle.tesla.model3,hero_3,52.3826,330.5545,0.0017,0.0,-0.0002,-0.0709,52.3826,-330.5545,0.001237,-0.0,0.0,-0.0,0.0,0.0,-0.0,-0.0,-0.0,-0.0,0.0,5,0,-1,42.37,Driving,False,-0.008,0.525,-0.006,0.3,False,False,1,,,,NONE,False,Green,30.0
306,18.5381,13.6,372,Vehicle 3,vehicle,vehicle.tesla.model3,hero_2,43.1188,330.5233,0.0017,0.0,-0.0002,0.1748,43.1188,-330.5233,-0.003051,-0.0,0.0,-0.0,0.0,0.0,-0.0,0.0,-0.0,-0.0005,0.0,5,0,-1,33.11,Driving,False,-0.034,0.525,-0.002,0.3,False,False,1,,,,NONE,False,Green,60.0
306,18.5381,13.6,371,Vehicle 2,vehicle,vehicle.tesla.model3,hero_1,24.3753,326.5959,0.0018,-0.0076,0.005,179.6556,24.3753,-326.5959,-3.135582,-5.7661,0.0102,0.0,5.7661,-1.1237,-0.1194,-0.0,-0.0041,0.0613,1.0929,5,0,1,14.36,Driving,False,-0.048,0.714,0.009,0.0,False,False,1,,,,NONE,False,Green,30.0
306,18.5381,13.6,370,Vehicle 1,vehicle,vehicle.tesla.model3,hero_0,33.1259,330.5405,0.0017,0.0,-0.0028,0.3215,33.1259,-330.5405,-0.005611,-0.0,0.0,-0.0,0.0,0.0001,0.0,0.0,0.0002,-0.0175,0.0,5,0,-1,23.12,Driving,False,-0.012,0.525,0.013,0.3,False,False,1,,,,NONE,False,Green,60.0
307,18.5881,13.65,375,entity_1,vehicle,vehicle.audi.a2,entity_1,61.009,331.442,-0.0073,0.0,0.0,0.0286,61.009,-331.442,-0.000499,0.0,0.0,0.0,0.0,0.0,0.0,0.0,0.0,0.0,0.0,5,0,-1,51.0,Driving,False,0.875,0.0,0.0,0.0,False,False,0,,,,NONE,False,Green,30.0
307,18.5881,13.65,374,entity_2,pedestrian,walker.pedestrian.0001,entity_2,63.9042,321.6898,1.0558,0.0,0.0,-89.7611,63.9042,-321.6898,1.566627,0.0009,0.0,0.0,0.0009,0.0,0.0,0.0,0.0,0.0,0.0,5,0,3,53.89,Sidewalk,False,0.579,,,,,,,0.0042,-1.0,1.02,,,,
307,18.5881,13.65,373,Vehicle 4,vehicle,vehicle.tesla.model3,hero_3,52.3826,330.5545,0.0017,0.0,-0.0002,-0.0709,52.3826,-330.5545,0.001237,0.0,0.0,-0.0,0.0,0.0,0.0,-0.0,-0.0,0.0,-0.0,5,0,-1,42.37,Driving,False,-0.008,0.525,-0.004,0.3,False,False,1,,,,NONE,False,Green,30.0
307,18.5881,13.65,372,Vehicle 3,vehicle,vehicle.tesla.model3,hero_2,43.1188,330.5233,0.0017,0.0,-0.0002,0.1748,43.1188,-330.5233,-0.003051,-0.0,0.0,0.0,0.0,0.0,0.0,0.0,-0.0001,-0.0004,0.0,5,0,-1,33.11,Driving,False,-0.034,0.525,-0.001,0.3,False,False,1,,,,NONE,False,Green,60.0
307,18.5881,13.65,371,Vehicle 2,vehicle,vehicle.tesla.model3,hero_1,24.0839,326.5966,0.0018,-0.0071,0.0089,179.7065,24.0839,-326.5966,-3.13647,-5.8656,0.0076,0.0,5.8656,-1.9895,-0.0533,0.0,0.012,0.081,0.9892,5,0,1,14.07,Driving,False,-0.049,0.133,0.007,0.0,False,False,1,,,,NONE,False,Green,30.0
307,18.5881,13.65,370,Vehicle 1,vehicle,vehicle.tesla.model3,hero_0,33.1259,330.5405,0.0017,0.0,-0.0021,0.3215,33.1259,-330.5405,-0.005611,-0.0,-0.0,0.0,0.0,0.0001,-0.0,0.0,0.0002,-0.013,-0.0,5,0,-1,23.12,Driving,False,-0.012,0.525,0.011,0.3,False,False,1,,,,NONE,False,Green,60.0
308,18.6381,13.7,375,entity_1,vehicle,vehicle.audi.a2,entity_1,61.009,331.442,-0.0073,0.0,0.0,0.0286,61.009,-331.442,-0.000499,0.0,0.0,0.0,0.0,0.0,0.0,0.0,0.0,0.0,0.0,5,0,-1,51.0,Driving,False,0.875,0.0,0.0,0.0,False,False,0,,,,NONE,False,Green,30.0
308,18.6381,13.7,374,entity_2,pedestrian,walker.pedestrian.0001,entity_2,63.9043,321.6898,1.0558,0.0,0.0,-89.7611,63.9043,-321.6898,1.566627,0.0009,0.0,0.0,0.0009,0.0,0.0,0.0,0.0,0.0,0.0,5,0,3,53.89,Sidewalk,False,0.579,,,,,,,0.0042,-1.0,1.02,,,,
308,18.6381,13.7,373,Vehicle 4,vehicle,vehicle.tesla.model3,hero_3,52.3826,330.5545,0.0017,0.0,-0.0002,-0.0709,52.3826,-330.5545,0.001237,-0.0,-0.0,-0.0,0.0,-0.0,-0.0,0.0,0.0,-0.0,-0.0,5,0,-1,42.37,Driving,False,-0.008,0.525,-0.004,0.3,False,False,1,,,,NONE,False,Green,30.0
308,18.6381,13.7,372,Vehicle 3,vehicle,vehicle.tesla.model3,hero_2,43.1188,330.5233,0.0017,0.0,-0.0002,0.1748,43.1188,-330.5233,-0.003051,-0.0,0.0,-0.0,0.0,0.0,0.0,-0.0,-0.0,-0.0003,0.0,5,0,-1,33.11,Driving,False,-0.034,0.525,-0.001,0.3,False,False,1,,,,NONE,False,Green,60.0
308,18.6381,13.7,371,Vehicle 2,vehicle,vehicle.tesla.model3,hero_1,23.7899,326.5972,0.0018,-0.0063,0.0102,179.7532,23.7899,-326.5972,-3.137285,-5.8828,0.005,0.0,5.8828,-0.3436,-0.0521,-0.0,0.0168,-0.012,0.9001,5,0,1,13.78,Driving,False,-0.05,0.133,0.007,0.0,False,False,1,,,,NONE,False,Green,30.0
308,18.6381,13.7,370,Vehicle 1,vehicle,vehicle.tesla.model3,hero_0,33.1259,330.5405,0.0017,0.0,-0.0018,0.3215,33.1259,-330.5405,-0.005611,-0.0,-0.0,0.0,0.0,0.0001,0.0,-0.0,0.0001,-0.0049,-0.0,5,0,-1,23.12,Driving,False,-0.012,0.525,0.011,0.3,False,False,1,,,,NONE,False,Green,60.0
309,18.6881,13.75,375,entity_1,vehicle,vehicle.audi.a2,entity_1,61.009,331.442,-0.0073,0.0,0.0,0.0286,61.009,-331.442,-0.000499,0.0,0.0,0.0,0.0,0.0,0.0,0.0,0.0,0.0,0.0,5,0,-1,51.0,Driving,False,0.875,0.0,0.0,0.0,False,False,0,,,,NONE,False,Green,30.0
309,18.6881,13.75,374,entity_2,pedestrian,walker.pedestrian.0001,entity_2,63.9043,321.6898,1.0558,0.0,0.0,-89.7611,63.9043,-321.6898,1.566627,0.0009,0.0,0.0,0.0009,0.0,0.0,0.0,0.0,0.0,0.0,5,0,3,53.89,Sidewalk,False,0.579,,,,,,,0.0042,-1.0,1.02,,,,
309,18.6881,13.75,373,Vehicle 4,vehicle,vehicle.tesla.model3,hero_3,52.3826,330.5545,0.0017,0.0,-0.0002,-0.0709,52.3826,-330.5545,0.001237,0.0,0.0,-0.0,0.0,0.0,0.0,0.0,0.0,0.0,-0.0,5,0,-1,42.37,Driving,False,-0.008,0.525,-0.004,0.3,False,False,1,,,,NONE,False,Green,30.0
309,18.6881,13.75,372,Vehicle 3,vehicle,vehicle.tesla.model3,hero_2,43.1188,330.5233,0.0017,0.0,-0.0,0.1748,43.1188,-330.5233,-0.003051,-0.0,0.0,0.0,0.0,0.0,0.0,0.0,-0.0001,-0.0002,0.0,5,0,-1,33.11,Driving,False,-0.034,0.525,-0.001,0.3,False,False,1,,,,NONE,False,Green,60.0
309,18.6881,13.75,371,Vehicle 2,vehicle,vehicle.tesla.model3,hero_1,23.495,326.5976,0.0018,-0.0059,0.0093,179.7988,23.495,-326.5976,-3.138081,-5.9052,-0.0001,0.0,5.9052,-0.4491,-0.1011,0.0,0.0035,-0.0187,0.9271,5,0,1,13.48,Driving,False,-0.05,0.133,0.007,0.0,False,False,1,,,,NONE,False,Green,30.0
309,18.6881,13.75,370,Vehicle 1,vehicle,vehicle.tesla.model3,hero_0,33.1259,330.5405,0.0017,0.0,-0.0014,0.3215,33.1259,-330.5405,-0.005611,-0.0,-0.0,-0.0,0.0,-0.0,-0.0,-0.0,0.0001,-0.0068,-0.0,5,0,-1,23.12,Driving,False,-0.012,0.525,0.011,0.3,False,False,1,,,,NONE,False,Green,60.0
310,18.7381,13.8,375,entity_1,vehicle,vehicle.audi.a2,entity_1,61.009,331.442,-0.0073,0.0,0.0,0.0286,61.009,-331.442,-0.000499,0.0,0.0,0.0,0.0,0.0,0.0,0.0,0.0,0.0,0.0,5,0,-1,51.0,Driving,False,0.875,0.0,0.0,0.0,False,False,0,,,,NONE,False,Green,30.0
310,18.7381,13.8,374,entity_2,pedestrian,walker.pedestrian.0001,entity_2,63.9044,321.6898,1.0558,0.0,0.0,-89.7611,63.9044,-321.6898,1.566627,0.0009,0.0,0.0,0.0009,0.0,0.0,0.0,0.0,0.0,0.0,5,0,3,53.89,Sidewalk,False,0.579,,,,,,,0.0042,-1.0,1.02,,,,
310,18.7381,13.8,373,Vehicle 4,vehicle,vehicle.tesla.model3,hero_3,52.3826,330.5545,0.0017,0.0,-0.0002,-0.0709,52.3826,-330.5545,0.001237,0.0,0.0,-0.0,0.0,-0.0,0.0,0.0,-0.0,0.0,-0.0,5,0,-1,42.37,Driving,False,-0.008,0.525,-0.004,0.3,False,False,1,,,,NONE,False,Green,30.0
310,18.7381,13.8,372,Vehicle 3,vehicle,vehicle.tesla.model3,hero_2,43.1188,330.5233,0.0017,0.0,-0.0,0.1748,43.1188,-330.5233,-0.003051,-0.0,-0.0,-0.0,0.0,0.0,-0.0,-0.0,0.0001,-0.0002,-0.0,5,0,-1,33.11,Driving,False,-0.034,0.525,-0.001,0.3,False,False,1,,,,NONE,False,Green,60.0
310,18.7381,13.8,371,Vehicle 2,vehicle,vehicle.tesla.model3,hero_1,23.2011,326.5977,0.0018,-0.0056,0.0064,179.8435,23.2011,-326.5977,-3.138861,-5.8596,-0.0035,-0.0,5.8596,0.9129,-0.0674,-0.0,0.0095,-0.0825,0.8716,5,0,1,13.19,Driving,False,-0.051,0.133,0.007,0.0,False,False,1,,,,NONE,False,Green,30.0
310,18.7381,13.8,370,Vehicle 1,vehicle,vehicle.tesla.model3,hero_0,33.1259,330.5405,0.0017,0.0,-0.0011,0.3215,33.1259,-330.5405,-0.005611,-0.0,-0.0,-0.0,0.0,0.0,0.0,-0.0,0.0001,-0.0062,-0.0,5,0,-1,23.12,Driving,False,-0.012,0.525,0.011,0.3,False,False,1,,,,NONE,False,Green,60.0
311,18.7881,13.85,375,entity_1,vehicle,vehicle.audi.a2,entity_1,61.009,331.442,-0.0073,0.0,0.0,0.0286,61.009,-331.442,-0.000499,0.0,0.0,0.0,0.0,0.0,0.0,0.0,0.0,0.0,0.0,5,0,-1,51.0,Driving,False,0.875,0.0,0.0,0.0,False,False,0,,,,NONE,False,Green,30.0
311,18.7881,13.85,374,entity_2,pedestrian,walker.pedestrian.0001,entity_2,63.9044,321.6898,1.0558,0.0,0.0,-89.7611,63.9044,-321.6898,1.566627,0.0009,0.0,0.0,0.0009,0.0,0.0,0.0,0.0,0.0,0.0,5,0,3,53.89,Sidewalk,False,0.579,,,,,,,0.0042,-1.0,1.02,,,,
311,18.7881,13.85,373,Vehicle 4,vehicle,vehicle.tesla.model3,hero_3,52.3826,330.5545,0.0017,0.0,-0.0002,-0.0709,52.3826,-330.5545,0.001237,-0.0,0.0,-0.0,0.0,-0.0,0.0,0.0,-0.0,-0.0,0.0,5,0,-1,42.37,Driving,False,-0.008,0.525,-0.006,0.3,False,False,1,,,,NONE,False,Green,30.0
311,18.7881,13.85,372,Vehicle 3,vehicle,vehicle.tesla.model3,hero_2,43.1188,330.5233,0.0017,0.0,-0.0,0.1748,43.1188,-330.5233,-0.003051,-0.0,-0.0,-0.0,0.0,0.0,-0.0,0.0,0.0001,-0.0001,-0.0,5,0,-1,33.11,Driving,False,-0.034,0.525,-0.001,0.3,False,False,1,,,,NONE,False,Green,60.0
311,18.7881,13.85,371,Vehicle 2,vehicle,vehicle.tesla.model3,hero_1,22.9086,326.5983,0.0018,-0.0017,0.0031,179.857,22.9086,-326.5983,-3.139097,-5.8406,0.0146,-0.0,5.8406,0.3794,0.3623,-0.0,0.0859,-0.0504,-0.0183,5,0,1,12.9,Driving,False,-0.051,0.124,-0.004,0.0,False,False,1,,,,NONE,False,Green,30.0
311,18.7881,13.85,370,Vehicle 1,vehicle,vehicle.tesla.model3,hero_0,33.1259,330.5405,0.0017,0.0,-0.0009,0.3215,33.1259,-330.5405,-0.005611,-0.0,0.0,0.0,0.0,0.0,0.0,0.0,0.0,-0.005,-0.0,5,0,-1,23.12,Driving,False,-0.012,0.525,0.011,0.3,False,False,1,,,,NONE,False,Green,60.0
312,18.8381,13.9,375,entity_1,vehicle,vehicle.audi.a2,entity_1,61.009,331.442,-0.0073,0.0,0.0,0.0286,61.009,-331.442,-0.000499,0.0,0.0,0.0,0.0,0.0,0.0,0.0,0.0,0.0,0.0,5,0,-1,51.0,Driving,False,0.875,0.0,0.0,0.0,False,False,0,,,,NONE,False,Green,30.0
312,18.8381,13.9,374,entity_2,pedestrian,walker.pedestrian.0001,entity_2,63.9044,321.6898,1.0558,0.0,0.0,-89.7611,63.9044,-321.6898,1.566627,0.0009,0.0,0.0,0.0009,0.0,0.0,0.0,0.0,0.0,0.0,5,0,3,53.89,Sidewalk,False,0.579,,,,,,,0.0042,-1.0,1.02,,,,
312,18.8381,13.9,373,Vehicle 4,vehicle,vehicle.tesla.model3,hero_3,52.3826,330.5545,0.0017,0.0,-0.0002,-0.0709,52.3826,-330.5545,0.001237,-0.0,0.0,-0.0,0.0,-0.0,0.0,-0.0,-0.0,-0.0,0.0,5,0,-1,42.37,Driving,False,-0.008,0.525,-0.006,0.3,False,False,1,,,,NONE,False,Green,30.0
312,18.8381,13.9,372,Vehicle 3,vehicle,vehicle.tesla.model3,hero_2,43.1188,330.5233,0.0017,0.0,-0.0,0.1748,43.1188,-330.5233,-0.003051,-0.0,-0.0,-0.0,0.0,0.0,0.0,0.0,-0.0,-0.0,-0.0,5,0,-1,33.11,Driving,False,-0.034,0.525,-0.001,0.3,False,False,1,,,,NONE,False,Green,60.0
312,18.8381,13.9,371,Vehicle 2,vehicle,vehicle.tesla.model3,hero_1,22.6189,326.5992,0.0018,0.0013,-0.0007,179.8463,22.6189,-326.5992,-3.13891,-5.764,0.0217,-0.0,5.7641,1.5322,0.142,0.0,0.0435,-0.0933,-0.3033,5,0,1,12.61,Driving,False,-0.052,0.124,-0.004,0.0,False,False,1,,,,NONE,False,Green,30.0
312,18.8381,13.9,370,Vehicle 1,vehicle,vehicle.tesla.model3,hero_0,33.1259,330.5405,0.0017,0.0,-0.0006,0.3215,33.1259,-330.5405,-0.005611,-0.0,0.0,-0.0,0.0,0.0,0.0,-0.0,-0.0,-0.0038,-0.0,5,0,-1,23.12,Driving,False,-0.012,0.525,0.011,0.3,False,False,1,,,,NONE,False,Green,60.0
313,18.8881,13.95,375,entity_1,vehicle,vehicle.audi.a2,entity_1,61.009,331.442,-0.0073,0.0,0.0,0.0286,61.009,-331.442,-0.000499,0.0,0.0,0.0,0.0,0.0,0.0,0.0,0.0,0.0,0.0,5,0,-1,51.0,Driving,False,0.875,0.0,0.0,0.0,False,False,0,,,,NONE,False,Green,30.0
313,18.8881,13.95,374,entity_2,pedestrian,walker.pedestrian.0001,entity_2,63.9045,321.6898,1.0558,0.0,0.0,-89.7611,63.9045,-321.6898,1.566627,0.0009,0.0,0.0,0.0009,0.0,0.0,0.0,0.0,0.0,0.0,5,0,3,53.89,Sidewalk,False,0.579,,,,,,,0.0042,-1.0,1.02,,,,
313,18.8881,13.95,373,Vehicle 4,vehicle,vehicle.tesla.model3,hero_3,52.3826,330.5545,0.0017,0.0,-0.0002,-0.0709,52.3826,-330.5545,0.001237,-0.0,0.0,-0.0,0.0,-0.0,0.0,-0.0,-0.0,-0.0,-0.0,5,0,-1,42.37,Driving,False,-0.008,0.525,-0.006,0.3,False,False,1,,,,NONE,False,Green,30.0
313,18.8881,13.95,372,Vehicle 3,vehicle,vehicle.tesla.model3,hero_2,43.1188,330.5233,0.0017,0.0,-0.0,0.1748,43.1188,-330.5233,-0.003051,-0.0,0.0,0.0,0.0,-0.0,0.0,0.0,0.0,-0.0001,-0.0,5,0,-1,33.11,Driving,False,-0.034,0.525,-0.001,0.3,False,False,1,,,,NONE,False,Green,60.0
313,18.8881,13.95,371,Vehicle 2,vehicle,vehicle.tesla.model3,hero_1,22.3319,326.6003,0.0019,0.0028,-0.0038,179.8263,22.3319,-326.6003,-3.138561,-5.7247,0.0269,0.0,5.7248,0.7863,0.1025,0.0,0.0214,-0.043,-0.4477,5,0,1,12.32,Driving,False,-0.054,0.124,-0.004,0.0,False,False,1,,,,NONE,False,Green,30.0
313,18.8881,13.95,370,Vehicle 1,vehicle,vehicle.tesla.model3,hero_0,33.1259,330.5405,0.0017,0.0,-0.0005,0.3215,33.1259,-330.5405,-0.005611,-0.0,-0.0,0.0,0.0,0.0,-0.0,0.0,0.0,-0.0029,-0.0,5,0,-1,23.12,Driving,False,-0.012,0.525,0.011,0.3,False,False,1,,,,NONE,False,Green,60.0
314,18.9381,14.0,375,entity_1,vehicle,vehicle.audi.a2,entity_1,61.009,331.442,-0.0073,0.0,0.0,0.0286,61.009,-331.442,-0.000499,0.0,0.0,0.0,0.0,0.0,0.0,0.0,0.0,0.0,0.0,5,0,-1,51.0,Driving,False,0.875,0.0,0.0,0.0,False,False,0,,,,NONE,False,Green,30.0
314,18.9381,14.0,374,entity_2,pedestrian,walker.pedestrian.0001,entity_2,63.9045,321.6898,1.0558,0.0,0.0,-89.7611,63.9045,-321.6898,1.566627,0.0009,0.0,0.0,0.0009,0.0,0.0,0.0,0.0,0.0,0.0,5,0,3,53.89,Sidewalk,False,0.579,,,,,,,0.0042,-1.0,1.02,,,,
314,18.9381,14.0,373,Vehicle 4,vehicle,vehicle.tesla.model3,hero_3,52.3826,330.5545,0.0017,0.0,-0.0002,-0.0709,52.3826,-330.5545,0.001237,-0.0,0.0,-0.0,0.0,0.0,-0.0,-0.0,-0.0,-0.0,-0.0,5,0,-1,42.37,Driving,False,-0.008,0.525,-0.006,0.3,False,False,1,,,,NONE,False,Green,30.0
314,18.9381,14.0,372,Vehicle 3,vehicle,vehicle.tesla.model3,hero_2,43.1188,330.5233,0.0017,0.0,-0.0,0.1748,43.1188,-330.5233,-0.003051,-0.0,-0.0,-0.0,0.0,0.0,-0.0,-0.0,0.0,-0.0,-0.0,5,0,-1,33.11,Driving,False,-0.034,0.525,-0.001,0.3,False,False,1,,,,NONE,False,Green,60.0
314,18.9381,14.0,371,Vehicle 2,vehicle,vehicle.tesla.model3,hero_1,22.0484,326.6016,0.0019,0.0033,-0.0071,179.8035,22.0484,-326.6016,-3.138163,-5.6322,0.0292,-0.0,5.6323,1.8492,0.047,-0.0001,0.0023,-0.0818,-0.4563,5,0,1,12.04,Driving,False,-0.055,0.124,-0.004,0.0,False,False,1,,,,NONE,False,Green,30.0
314,18.9381,14.0,370,Vehicle 1,vehicle,vehicle.tesla.model3,hero_0,33.1259,330.5405,0.0017,0.0,-0.0005,0.3215,33.1259,-330.5405,-0.005611,-0.0,-0.0,0.0,0.0,0.0,-0.0,-0.0,0.0001,-0.0022,-0.0,5,0,-1,23.12,Driving,False,-0.012,0.525,0.011,0.3,False,False,1,,,,NONE,False,Green,60.0
315,18.9881,14.05,375,entity_1,vehicle,vehicle.audi.a2,entity_1,61.009,331.442,-0.0073,0.0,0.0,0.0286,61.009,-331.442,-0.000499,0.0,0.0,0.0,0.0,0.0,0.0,0.0,0.0,0.0,0.0,5,0,-1,51.0,Driving,False,0.875,0.0,0.0,0.0,False,False,0,,,,NONE,False,Green,30.0
315,18.9881,14.05,374,entity_2,pedestrian,walker.pedestrian.0001,entity_2,63.9046,321.6898,1.0558,0.0,0.0,-89.7611,63.9046,-321.6898,1.566627,0.0009,0.0,0.0,0.0009,0.0,0.0,0.0,0.0,0.0,0.0,5,0,3,53.89,Sidewalk,False,0.579,,,,,,,0.0042,-1.0,1.02,,,,
315,18.9881,14.05,373,Vehicle 4,vehicle,vehicle.tesla.model3,hero_3,52.3826,330.5545,0.0017,0.0,-0.0002,-0.0709,52.3826,-330.5545,0.001237,0.0,0.0,-0.0,0.0,0.0,0.0,-0.0,-0.0,0.0,-0.0,5,0,-1,42.37,Driving,False,-0.008,0.525,-0.004,0.3,False,False,1,,,,NONE,False,Green,30.0
315,18.9881,14.05,372,Vehicle 3,vehicle,vehicle.tesla.model3,hero_2,43.1188,330.5233,0.0017,0.0,-0.0,0.1748,43.1188,-330.5233,-0.003051,-0.0,-0.0,0.0,0.0,-0.0,0.0,0.0,-0.0,-0.0,0.0,5,0,-1,33.11,Driving,False,-0.034,0.525,-0.001,0.3,False,False,1,,,,NONE,False,Green,60.0
315,18.9881,14.05,371,Vehicle 2,vehicle,vehicle.tesla.model3,hero_1,21.7682,326.6027,0.0019,0.0012,-0.0095,179.7983,21.7682,-326.6027,-3.138072,-5.5856,0.0183,0.0,5.5856,0.9337,-0.2186,0.0001,-0.0499,-0.0223,0.0624,5,0,1,11.76,Driving,False,-0.056,0.25,0.003,0.0,False,False,1,,,,NONE,False,Green,30.0
315,18.9881,14.05,370,Vehicle 1,vehicle,vehicle.tesla.model3,hero_0,33.1259,330.5405,0.0017,0.0,-0.0002,0.3215,33.1259,-330.5405,-0.005611,-0.0,-0.0,-0.0,0.0,0.0,-0.0,-0.0,0.0001,-0.0016,-0.0,5,0,-1,23.12,Driving,False,-0.012,0.525,0.013,0.3,False,False,1,,,,NONE,False,Green,60.0
316,19.0381,14.1,375,entity_1,vehicle,vehicle.audi.a2,entity_1,61.009,331.442,-0.0073,0.0,0.0,0.0286,61.009,-331.442,-0.000499,0.0,0.0,0.0,0.0,0.0,0.0,0.0,0.0,0.0,0.0,5,0,-1,51.0,Driving,False,0.875,0.0,0.0,0.0,False,False,0,,,,NONE,False,Green,30.0
316,19.0381,14.1,374,entity_2,pedestrian,walker.pedestrian.0001,entity_2,63.9046,321.6898,1.0558,0.0,0.0,-89.7611,63.9046,-321.6898,1.566627,0.0009,0.0,0.0,0.0009,0.0,0.0,0.0,0.0,0.0,0.0,5,0,3,53.89,Sidewalk,False,0.579,,,,,,,0.0042,-1.0,1.02,,,,
316,19.0381,14.1,373,Vehicle 4,vehicle,vehicle.tesla.model3,hero_3,52.3826,330.5545,0.0017,0.0,-0.0002,-0.0709,52.3826,-330.5545,0.001237,0.0,0.0,-0.0,0.0,0.0,0.0,-0.0,-0.0,0.0,0.0,5,0,-1,42.37,Driving,False,-0.008,0.525,-0.004,0.3,False,False,1,,,,NONE,False,Green,30.0
316,19.0381,14.1,372,Vehicle 3,vehicle,vehicle.tesla.model3,hero_2,43.1188,330.5233,0.0017,0.0,-0.0,0.1748,43.1188,-330.5233,-0.003051,-0.0,0.0,-0.0,0.0,0.0,0.0,-0.0,-0.0,-0.0,0.0,5,0,-1,33.11,Driving,False,-0.034,0.525,-0.001,0.3,False,False,1,,,,NONE,False,Green,60.0
316,19.0381,14.1,371,Vehicle 2,vehicle,vehicle.tesla.model3,hero_1,21.4917,326.6034,0.0019,-0.0006,-0.0116,179.8069,21.4917,-326.6034,-3.138222,-5.4954,0.0137,-0.0,5.4954,1.8039,-0.0914,-0.0,-0.0262,-0.0559,0.2223,5,0,1,11.48,Driving,False,-0.057,0.25,0.003,0.0,False,False,1,,,,NONE,False,Green,30.0
316,19.0381,14.1,370,Vehicle 1,vehicle,vehicle.tesla.model3,hero_0,33.1259,330.5405,0.0017,0.0,-0.0002,0.3215,33.1259,-330.5405,-0.005611,0.0,0.0,0.0,0.0,0.0,0.0,0.0,0.0,0.0,0.0,5,0,-1,23.12,Driving,False,-0.012,0.525,0.013,0.3,False,False,1,,,,NONE,False,Green,60.0
317,19.0881,14.15,375,entity_1,vehicle,vehicle.audi.a2,entity_1,61.009,331.442,-0.0073,0.0,0.0,0.0286,61.009,-331.442,-0.000499,0.0,0.0,0.0,0.0,0.0,0.0,0.0,0.0,0.0,0.0,5,0,-1,51.0,Driving,False,0.875,0.0,0.0,0.0,False,False,0,,,,NONE,False,Green,30.0
317,19.0881,14.15,374,entity_2,pedestrian,walker.pedestrian.0001,entity_2,63.9047,321.6898,1.0558,0.0,0.0,-89.7611,63.9047,-321.6898,1.566627,0.0009,0.0,0.0,0.0009,0.0,0.0,0.0,0.0,0.0,0.0,5,0,3,53.89,Sidewalk,False,0.579,,,,,,,0.0042,-1.0,1.02,,,,
317,19.0881,14.15,373,Vehicle 4,vehicle,vehicle.tesla.model3,hero_3,52.3826,330.5545,0.0017,0.0,-0.0002,-0.0709,52.3826,-330.5545,0.001237,0.0,0.0,-0.0,0.0,0.0,-0.0,0.0,0.0,0.0,-0.0,5,0,-1,42.37,Driving,False,-0.008,0.525,-0.004,0.3,False,False,1,,,,NONE,False,Green,30.0
317,19.0881,14.15,372,Vehicle 3,vehicle,vehicle.tesla.model3,hero_2,43.1188,330.5233,0.0017,0.0,-0.0,0.1748,43.1188,-330.5233,-0.003051,-0.0,0.0,-0.0,0.0,0.0,-0.0,-0.0,-0.0,-0.0,-0.0,5,0,-1,33.11,Driving,False,-0.034,0.525,-0.001,0.3,False,False,1,,,,NONE,False,Green,60.0
317,19.0881,14.15,371,Vehicle 2,vehicle,vehicle.tesla.model3,hero_1,21.2181,326.6041,0.0019,-0.0016,-0.0126,179.8209,21.2181,-326.6041,-3.138467,-5.4567,0.0103,-0.0,5.4567,0.7725,-0.0681,0.0,-0.0141,0.0051,0.3093,5,0,1,11.21,Driving,False,-0.058,0.25,0.003,0.0,False,False,1,,,,NONE,False,Green,30.0
317,19.0881,14.15,370,Vehicle 1,vehicle,vehicle.tesla.model3,hero_0,33.1259,330.5405,0.0017,0.0,-0.0002,0.3215,33.1259,-330.5405,-0.005611,-0.0,-0.0,-0.0,0.0,-0.0,-0.0,-0.0,0.0001,-0.0007,-0.0,5,0,-1,23.12,Driving,False,-0.012,0.525,0.013,0.3,False,False,1,,,,NONE,False,Green,60.0
318,19.1381,14.2,375,entity_1,vehicle,vehicle.audi.a2,entity_1,61.009,331.442,-0.0073,0.0,0.0,0.0286,61.009,-331.442,-0.000499,0.0,0.0,0.0,0.0,0.0,0.0,0.0,0.0,0.0,0.0,5,0,-1,51.0,Driving,False,0.875,0.0,0.0,0.0,False,False,0,,,,NONE,False,Green,30.0
318,19.1381,14.2,374,entity_2,pedestrian,walker.pedestrian.0001,entity_2,63.9047,321.6898,1.0558,0.0,0.0,-89.7611,63.9047,-321.6898,1.566627,0.0009,0.0,0.0,0.0009,0.0,0.0,0.0,0.0,0.0,0.0,5,0,3,53.89,Sidewalk,False,0.579,,,,,,,0.0042,-1.0,1.02,,,,
318,19.1381,14.2,373,Vehicle 4,vehicle,vehicle.tesla.model3,hero_3,52.3826,330.5545,0.0017,0.0,-0.0002,-0.0709,52.3826,-330.5545,0.001237,0.0,0.0,-0.0,0.0,-0.0,-0.0,0.0,-0.0,0.0,-0.0,5,0,-1,42.37,Driving,False,-0.008,0.525,-0.004,0.3,False,False,1,,,,NONE,False,Green,30.0
318,19.1381,14.2,372,Vehicle 3,vehicle,vehicle.tesla.model3,hero_2,43.1188,330.5233,0.0017,0.0,-0.0,0.1748,43.1188,-330.5233,-0.003051,-0.0,0.0,-0.0,0.0,-0.0,0.0,0.0,-0.0001,-0.0,-0.0,5,0,-1,33.11,Driving,False,-0.034,0.525,-0.001,0.3,False,False,1,,,,NONE,False,Green,60.0
318,19.1381,14.2,371,Vehicle 2,vehicle,vehicle.tesla.model3,hero_1,20.9478,326.6046,0.0019,-0.0019,-0.0135,179.8365,20.9478,-326.6046,-3.138739,-5.373,0.0085,-0.0,5.373,1.675,-0.0373,-0.0,-0.0023,-0.0356,0.3101,5,0,1,10.94,Driving,False,-0.059,0.25,0.003,0.0,False,False,1,,,,NONE,False,Green,30.0
318,19.1381,14.2,370,Vehicle 1,vehicle,vehicle.tesla.model3,hero_0,33.1259,330.5405,0.0017,0.0,-0.0001,0.3215,33.1259,-330.5405,-0.005611,-0.0,-0.0,0.0,0.0,-0.0,0.0,0.0,0.0,-0.0007,-0.0,5,0,-1,23.12,Driving,False,-0.012,0.525,0.013,0.3,False,False,1,,,,NONE,False,Green,60.0
319,19.1881,14.25,375,entity_1,vehicle,vehicle.audi.a2,entity_1,61.009,331.442,-0.0073,0.0,0.0,0.0286,61.009,-331.442,-0.000499,0.0,0.0,0.0,0.0,0.0,0.0,0.0,0.0,0.0,0.0,5,0,-1,51.0,Driving,False,0.875,0.0,0.0,0.0,False,False,0,,,,NONE,False,Green,30.0
319,19.1881,14.25,374,entity_2,pedestrian,walker.pedestrian.0001,entity_2,63.9048,321.6898,1.0558,0.0,0.0,-89.7611,63.9048,-321.6898,1.566627,0.0009,0.0,0.0,0.0009,0.0,0.0,0.0,0.0,0.0,0.0,5,0,3,53.89,Sidewalk,False,0.579,,,,,,,0.0042,-1.0,1.02,,,,
319,19.1881,14.25,373,Vehicle 4,vehicle,vehicle.tesla.model3,hero_3,52.3826,330.5545,0.0017,0.0,-0.0002,-0.0709,52.3826,-330.5545,0.001237,-0.0,0.0,0.0,0.0,-0.0,0.0,0.0,-0.0,-0.0,-0.0,5,0,-1,42.37,Driving,False,-0.008,0.525,-0.005,0.3,False,False,1,,,,NONE,False,Green,30.0
319,19.1881,14.25,372,Vehicle 3,vehicle,vehicle.tesla.model3,hero_2,43.1188,330.5233,0.0017,0.0,-0.0,0.1748,43.1188,-330.5233,-0.003051,-0.0,-0.0,-0.0,0.0,0.0,-0.0,-0.0,0.0,-0.0,-0.0,5,0,-1,33.11,Driving,False,-0.034,0.525,-0.002,0.3,False,False,1,,,,NONE,False,Green,60.0
319,19.1881,14.25,371,Vehicle 2,vehicle,vehicle.tesla.model3,hero_1,20.6801,326.6046,0.0019,-0.0044,-0.0136,179.8733,20.6801,-326.6046,-3.139381,-5.3421,-0.0091,-0.0,5.3421,0.6185,-0.3518,0.0,-0.0591,0.0232,0.9444,5,0,1,10.67,Driving,False,-0.059,0.676,0.011,0.0,False,False,1,,,,NONE,False,Green,30.0
319,19.1881,14.25,370,Vehicle 1,vehicle,vehicle.tesla.model3,hero_0,33.1259,330.5405,0.0017,0.0,-0.0001,0.3215,33.1259,-330.5405,-0.005611,-0.0,-0.0,-0.0,0.0,0.0,-0.0,-0.0,0.0,-0.0006,-0.0,5,0,-1,23.12,Driving,False,-0.012,0.525,0.012,0.3,False,False,1,,,,NONE,False,Green,60.0
320,19.2381,14.3,375,entity_1,vehicle,vehicle.audi.a2,entity_1,61.009,331.442,-0.0073,0.0,0.0,0.0286,61.009,-331.442,-0.000499,0.0,0.0,0.0,0.0,0.0,0.0,0.0,0.0,0.0,0.0,5,0,-1,51.0,Driving,False,0.875,0.0,0.0,0.0,False,False,0,,,,NONE,False,Green,30.0
320,19.2381,14.3,374,entity_2,pedestrian,walker.pedestrian.0001,entity_2,63.9048,321.6898,1.0558,0.0,0.0,-89.7611,63.9048,-321.6898,1.566627,0.0009,0.0,0.0,0.0009,0.0,0.0,0.0,0.0,0.0,0.0,5,0,3,53.89,Sidewalk,False,0.579,,,,,,,0.0042,-1.0,1.02,,,,
320,19.2381,14.3,373,Vehicle 4,vehicle,vehicle.tesla.model3,hero_3,52.3826,330.5545,0.0017,0.0,-0.0002,-0.0709,52.3826,-330.5545,0.001237,-0.0,0.0,-0.0,0.0,-0.0,0.0,-0.0,-0.0,-0.0,0.0,5,0,-1,42.37,Driving,False,-0.008,0.525,-0.005,0.3,False,False,1,,,,NONE,False,Green,30.0
320,19.2381,14.3,372,Vehicle 3,vehicle,vehicle.tesla.model3,hero_2,43.1188,330.5233,0.0017,0.0,-0.0,0.1748,43.1188,-330.5233,-0.003051,0.0,0.0,0.0,0.0,0.0,0.0,0.0,0.0,0.0,0.0,5,0,-1,33.11,Driving,False,-0.034,0.525,-0.002,0.3,False,False,1,,,,NONE,False,Green,60.0
320,19.2381,14.3,371,Vehicle 2,vehicle,vehicle.tesla.model3,hero_1,20.4148,326.6042,0.0019,-0.0062,-0.0132,179.925,20.4148,-326.6042,-3.140284,-5.2851,-0.017,0.0,5.2852,1.1386,-0.158,0.0001,-0.0202,-0.0012,1.0681,5,0,1,10.4,Driving,False,-0.059,0.676,0.011,0.0,False,False,1,,,,NONE,False,Green,30.0
320,19.2381,14.3,370,Vehicle 1,vehicle,vehicle.tesla.model3,hero_0,33.1259,330.5405,0.0017,0.0,-0.0001,0.3215,33.1259,-330.5405,-0.005611,-0.0,-0.0,-0.0,0.0,0.0,-0.0,0.0,0.0,-0.0004,-0.0,5,0,-1,23.12,Driving,False,-0.012,0.525,0.012,0.3,False,False,1,,,,NONE,False,Green,60.0
321,19.2881,14.35,375,entity_1,vehicle,vehicle.audi.a2,entity_1,61.009,331.442,-0.0073,0.0,0.0,0.0286,61.009,-331.442,-0.000499,0.0,0.0,0.0,0.0,0.0,0.0,0.0,0.0,0.0,0.0,5,0,-1,51.0,Driving,False,0.875,0.0,0.0,0.0,False,False,0,,,,NONE,False,Green,30.0
321,19.2881,14.35,374,entity_2,pedestrian,walker.pedestrian.0001,entity_2,63.9048,321.6898,1.0558,0.0,0.0,-89.7611,63.9048,-321.6898,1.566627,0.0009,0.0,0.0,0.0009,0.0,0.0,0.0,0.0,0.0,0.0,5,0,3,53.89,Sidewalk,False,0.579,,,,,,,0.0042,-1.0,1.02,,,,
321,19.2881,14.35,373,Vehicle 4,vehicle,vehicle.tesla.model3,hero_3,52.3826,330.5545,0.0017,0.0,-0.0002,-0.0709,52.3826,-330.5545,0.001237,-0.0,0.0,-0.0,0.0,-0.0,0.0,-0.0,-0.0,-0.0,0.0,5,0,-1,42.37,Driving,False,-0.008,0.525,-0.005,0.3,False,False,1,,,,NONE,False,Green,30.0
321,19.2881,14.35,372,Vehicle 3,vehicle,vehicle.tesla.model3,hero_2,43.1188,330.5233,0.0017,0.0,-0.0,0.1748,43.1188,-330.5233,-0.003051,-0.0,-0.0,0.0,0.0,-0.0,-0.0,0.0,0.0,-0.0,-0.0,5,0,-1,33.11,Driving,False,-0.034,0.525,-0.002,0.3,False,False,1,,,,NONE,False,Green,60.0
321,19.2881,14.35,371,Vehicle 2,vehicle,vehicle.tesla.model3,hero_1,20.1501,326.6034,0.0019,-0.007,-0.0111,179.9831,20.1501,-326.6034,-3.141298,-5.3027,-0.0259,-0.0,5.3028,-0.3512,-0.1781,-0.0,-0.017,0.0722,1.2113,5,0,1,10.14,Driving,False,-0.058,0.676,0.011,0.0,False,False,1,,,,NONE,False,Green,30.0
321,19.2881,14.35,370,Vehicle 1,vehicle,vehicle.tesla.model3,hero_0,33.1259,330.5405,0.0017,0.0,-0.0001,0.3215,33.1259,-330.5405,-0.005611,-0.0,-0.0,-0.0,0.0,0.0,-0.0,-0.0,0.0,-0.0003,-0.0,5,0,-1,23.12,Driving,False,-0.012,0.525,0.012,0.3,False,False,1,,,,NONE,False,Green,60.0
322,19.3381,14.4,375,entity_1,vehicle,vehicle.audi.a2,entity_1,61.009,331.442,-0.0073,0.0,0.0,0.0286,61.009,-331.442,-0.000499,0.0,0.0,0.0,0.0,0.0,0.0,0.0,0.0,0.0,0.0,5,0,-1,51.0,Driving,False,0.875,0.0,0.0,0.0,False,False,0,,,,NONE,False,Green,30.0
322,19.3381,14.4,374,entity_2,pedestrian,walker.pedestrian.0001,entity_2,63.9049,321.6898,1.0558,0.0,0.0,-89.7611,63.9049,-321.6898,1.566627,0.0009,0.0,0.0,0.0009,0.0,0.0,0.0,0.0,0.0,0.0,5,0,3,53.89,Sidewalk,False,0.579,,,,,,,0.0042,-1.0,1.02,,,,
322,19.3381,14.4,373,Vehicle 4,vehicle,vehicle.tesla.model3,hero_3,52.3826,330.5545,0.0017,0.0,-0.0002,-0.0709,52.3826,-330.5545,0.001237,0.0,0.0,-0.0,0.0,0.0,0.0,-0.0,-0.0,-0.0,0.0,5,0,-1,42.37,Driving,False,-0.008,0.525,-0.005,0.3,False,False,1,,,,NONE,False,Green,30.0
322,19.3381,14.4,372,Vehicle 3,vehicle,vehicle.tesla.model3,hero_2,43.1188,330.5233,0.0017,0.0,-0.0,0.1748,43.1188,-330.5233,-0.003051,-0.0,0.0,0.0,0.0,-0.0,0.0,0.0,0.0,-0.0,0.0,5,0,-1,33.11,Driving,False,-0.034,0.525,-0.002,0.3,False,False,1,,,,NONE,False,Green,60.0
322,19.3381,14.4,371,Vehicle 2,vehicle,vehicle.tesla.model3,hero_1,19.8852,326.6023,0.0019,-0.0072,-0.0082,-179.9575,19.8852,-326.6023,3.140851,-5.2989,-0.0308,-0.0,5.299,0.0753,-0.0981,0.0,0.005,0.0447,1.1701,5,0,1,9.87,Driving,False,-0.057,0.676,0.011,0.0,False,False,1,,,,NONE,False,Green,30.0
322,19.3381,14.4,370,Vehicle 1,vehicle,vehicle.tesla.model3,hero_0,33.1259,330.5405,0.0017,0.0,-0.0001,0.3215,33.1259,-330.5405,-0.005611,-0.0,-0.0,0.0,0.0,0.0,0.0,0.0,-0.0,-0.0002,-0.0,5,0,-1,23.12,Driving,False,-0.012,0.525,0.012,0.3,False,False,1,,,,NONE,False,Green,60.0
323,19.3881,14.45,375,entity_1,vehicle,vehicle.audi.a2,entity_1,61.009,331.442,-0.0073,0.0,0.0,0.0286,61.009,-331.442,-0.000499,0.0,0.0,0.0,0.0,0.0,0.0,0.0,0.0,0.0,0.0,5,0,-1,51.0,Driving,False,0.875,0.0,0.0,0.0,False,False,0,,,,NONE,False,Green,30.0
323,19.3881,14.45,374,entity_2,pedestrian,walker.pedestrian.0001,entity_2,63.9049,321.6898,1.0558,0.0,0.0,-89.7611,63.9049,-321.6898,1.566627,0.0009,0.0,0.0,0.0009,0.0,0.0,0.0,0.0,0.0,0.0,5,0,3,53.89,Sidewalk,False,0.579,,,,,,,0.0042,-1.0,1.02,,,,
323,19.3881,14.45,373,Vehicle 4,vehicle,vehicle.tesla.model3,hero_3,52.3826,330.5545,0.0017,0.0,-0.0002,-0.0709,52.3826,-330.5545,0.001237,-0.0,-0.0,-0.0,0.0,-0.0,-0.0,-0.0,0.0001,-0.0,-0.0,5,0,-1,42.37,Driving,False,-0.008,0.525,-0.005,0.3,False,False,1,,,,NONE,False,Green,30.0
323,19.3881,14.45,372,Vehicle 3,vehicle,vehicle.tesla.model3,hero_2,43.1188,330.5233,0.0017,0.0,-0.0,0.1748,43.1188,-330.5233,-0.003051,-0.0,0.0,0.0,0.0,-0.0,0.0,0.0,-0.0,-0.0,0.0,5,0,-1,33.11,Driving,False,-0.034,0.525,-0.001,0.3,False,False,1,,,,NONE,False,Green,60.0
323,19.3881,14.45,371,Vehicle 2,vehicle,vehicle.tesla.model3,hero_1,19.6186,326.6013,0.0019,-0.0049,-0.0045,-179.9169,19.6186,-326.6013,3.140142,-5.3523,-0.0235,0.0,5.3524,-1.0683,0.1475,0.0,0.0502,0.0883,0.6527,5,0,1,9.61,Driving,False,-0.056,0.155,0.003,0.0,False,False,1,,,,NONE,False,Green,30.0
323,19.3881,14.45,370,Vehicle 1,vehicle,vehicle.tesla.model3,hero_0,33.1259,330.5405,0.0017,0.0,-0.0001,0.3215,33.1259,-330.5405,-0.005611,-0.0,0.0,-0.0,0.0,0.0,0.0,-0.0,-0.0,-0.0002,-0.0,5,0,-1,23.12,Driving,False,-0.012,0.525,0.011,0.3,False,False,1,,,,NONE,False,Green,60.0
324,19.4381,14.5,375,entity_1,vehicle,vehicle.audi.a2,entity_1,61.009,331.442,-0.0073,0.0,0.0,0.0286,61.009,-331.442,-0.000499,0.0,0.0,0.0,0.0,0.0,0.0,0.0,0.0,0.0,0.0,5,0,-1,51.0,Driving,False,0.875,0.0,0.0,0.0,False,False,0,,,,NONE,False,Green,30.0
324,19.4381,14.5,374,entity_2,pedestrian,walker.pedestrian.0001,entity_2,63.905,321.6898,1.0558,0.0,0.0,-89.7611,63.905,-321.6898,1.566627,0.0009,0.0,0.0,0.0009,0.0,0.0,0.0,0.0,0.0,0.0,5,0,3,53.89,Sidewalk,False,0.579,,,,,,,0.0042,-1.0,1.02,,,,
324,19.4381,14.5,373,Vehicle 4,vehicle,vehicle.tesla.model3,hero_3,52.3826,330.5545,0.0017,0.0,-0.0002,-0.0709,52.3826,-330.5545,0.001237,0.0,0.0,-0.0,0.0,0.0,0.0,-0.0,-0.0,0.0,-0.0,5,0,-1,42.37,Driving,False,-0.008,0.525,-0.005,0.3,False,False,1,,,,NONE,False,Green,30.0
324,19.4381,14.5,372,Vehicle 3,vehicle,vehicle.tesla.model3,hero_2,43.1188,330.5233,0.0017,0.0,-0.0,0.1748,43.1188,-330.5233,-0.003051,-0.0,-0.0,-0.0,0.0,0.0,-0.0,-0.0,0.0,-0.0,-0.0,5,0,-1,33.11,Driving,False,-0.034,0.525,-0.001,0.3,False,False,1,,,,NONE,False,Green,60.0
324,19.4381,14.5,371,Vehicle 2,vehicle,vehicle.tesla.model3,hero_1,19.3513,326.6004,0.0019,-0.0029,-0.0025,-179.891,19.3513,-326.6004,3.13969,-5.3372,-0.0212,-0.0,5.3373,0.3023,0.0454,-0.0001,0.032,0.0079,0.451,5,0,1,9.34,Driving,False,-0.055,0.155,0.003,0.0,False,False,1,,,,NONE,False,Green,30.0
324,19.4381,14.5,370,Vehicle 1,vehicle,vehicle.tesla.model3,hero_0,33.1259,330.5405,0.0017,0.0,-0.0001,0.3215,33.1259,-330.5405,-0.005611,-0.0,0.0,0.0,0.0,0.0,-0.0,0.0,-0.0,-0.0001,-0.0,5,0,-1,23.12,Driving,False,-0.012,0.525,0.011,0.3,False,False,1,,,,NONE,False,Green,60.0
325,19.4881,14.55,375,entity_1,vehicle,vehicle.audi.a2,entity_1,61.009,331.442,-0.0073,0.0,0.0,0.0286,61.009,-331.442,-0.000499,0.0,0.0,0.0,0.0,0.0,0.0,0.0,0.0,0.0,0.0,5,0,-1,51.0,Driving,False,0.875,0.0,0.0,0.0,False,False,0,,,,NONE,False,Green,30.0
325,19.4881,14.55,374,entity_2,pedestrian,walker.pedestrian.0001,entity_2,63.905,321.6898,1.0558,0.0,0.0,-89.7611,63.905,-321.6898,1.566627,0.0009,0.0,0.0,0.0009,0.0,0.0,0.0,0.0,0.0,0.0,5,0,3,53.89,Sidewalk,False,0.579,,,,,,,0.0042,-1.0,1.02,,,,
325,19.4881,14.55,373,Vehicle 4,vehicle,vehicle.tesla.model3,hero_3,52.3826,330.5545,0.0017,0.0,-0.0002,-0.0709,52.3826,-330.5545,0.001237,0.0,0.0,-0.0,0.0,0.0,0.0,0.0,-0.0,0.0,-0.0,5,0,-1,42.37,Driving,False,-0.008,0.525,-0.005,0.3,False,False,1,,,,NONE,False,Green,30.0
325,19.4881,14.55,372,Vehicle 3,vehicle,vehicle.tesla.model3,hero_2,43.1188,330.5233,0.0017,0.0,-0.0,0.1748,43.1188,-330.5233,-0.003051,-0.0,-0.0,-0.0,0.0,-0.0,0.0,0.0,0.0,-0.0,0.0,5,0,-1,33.11,Driving,False,-0.034,0.525,-0.001,0.3,False,False,1,,,,NONE,False,Green,60.0
325,19.4881,14.55,371,Vehicle 2,vehicle,vehicle.tesla.model3,hero_1,19.0841,326.5995,0.0019,-0.002,-0.0018,-179.87,19.0841,-326.5995,3.139324,-5.3439,-0.022,-0.0,5.344,-0.1339,-0.0161,-0.0,0.0105,0.0184,0.4098,5,0,1,9.07,Driving,False,-0.055,0.155,0.003,0.0,False,False,1,,,,NONE,False,Green,30.0
325,19.4881,14.55,370,Vehicle 1,vehicle,vehicle.tesla.model3,hero_0,33.1259,330.5405,0.0017,0.0,-0.0001,0.3215,33.1259,-330.5405,-0.005611,-0.0,-0.0,-0.0,0.0,0.0,-0.0,-0.0,0.0,-0.0001,-0.0,5,0,-1,23.12,Driving,False,-0.012,0.525,0.011,0.3,False,False,1,,,,NONE,False,Green,60.0
326,19.5381,14.6,375,entity_1,vehicle,vehicle.audi.a2,entity_1,61.009,331.442,-0.0073,0.0,0.0,0.0286,61.009,-331.442,-0.000499,0.0,0.0,0.0,0.0,0.0,0.0,0.0,0.0,0.0,0.0,5,0,-1,51.0,Driving,False,0.875,0.0,0.0,0.0,False,False,0,,,,NONE,False,Green,30.0
326,19.5381,14.6,374,entity_2,pedestrian,walker.pedestrian.0001,entity_2,63.9051,321.6898,1.0558,0.0,0.0,-89.7611,63.9051,-321.6898,1.566627,0.0009,0.0,0.0,0.0009,0.0,0.0,0.0,0.0,0.0,0.0,5,0,3,53.89,Sidewalk,False,0.579,,,,,,,0.0042,-1.0,1.02,,,,
326,19.5381,14.6,373,Vehicle 4,vehicle,vehicle.tesla.model3,hero_3,52.3826,330.5545,0.0017,0.0,-0.0002,-0.0709,52.3826,-330.5545,0.001237,0.0,0.0,-0.0,0.0,0.0,-0.0,0.0,0.0,0.0,-0.0,5,0,-1,42.37,Driving,False,-0.008,0.525,-0.005,0.3,False,False,1,,,,NONE,False,Green,30.0
326,19.5381,14.6,372,Vehicle 3,vehicle,vehicle.tesla.model3,hero_2,43.1188,330.5233,0.0017,0.0,-0.0,0.1748,43.1188,-330.5233,-0.003051,-0.0,0.0,-0.0,0.0,0.0,0.0,0.0,0.0,-0.0,0.0,5,0,-1,33.11,Driving,False,-0.034,0.525,-0.001,0.3,False,False,1,,,,NONE,False,Green,60.0
326,19.5381,14.6,371,Vehicle 2,vehicle,vehicle.tesla.model3,hero_1,18.8185,326.5985,0.0019,-0.0016,-0.0029,-179.8509,18.8185,-326.5985,3.13899,-5.2884,-0.0224,-0.0,5.2885,1.1103,-0.0088,0.0,0.0066,-0.047,0.3647,5,0,1,8.81,Driving,False,-0.054,0.155,0.003,0.0,False,False,1,,,,NONE,False,Green,30.0
326,19.5381,14.6,370,Vehicle 1,vehicle,vehicle.tesla.model3,hero_0,33.1259,330.5405,0.0017,0.0,-0.0001,0.3215,33.1259,-330.5405,-0.005611,-0.0,-0.0,-0.0,0.0,0.0,-0.0,-0.0,0.0001,-0.0001,-0.0,5,0,-1,23.12,Driving,False,-0.012,0.525,0.011,0.3,False,False,1,,,,NONE,False,Green,60.0
327,19.5881,14.65,375,entity_1,vehicle,vehicle.audi.a2,entity_1,61.009,331.442,-0.0073,0.0,0.0,0.0286,61.009,-331.442,-0.000499,0.0,0.0,0.0,0.0,0.0,0.0,0.0,0.0,0.0,0.0,5,0,-1,51.0,Driving,False,0.875,0.0,0.0,0.0,False,False,0,,,,NONE,False,Green,30.0
327,19.5881,14.65,374,entity_2,pedestrian,walker.pedestrian.0001,entity_2,63.9051,321.6898,1.0558,0.0,0.0,-89.7611,63.9051,-321.6898,1.566627,0.0009,0.0,0.0,0.0009,0.0,0.0,0.0,0.0,0.0,0.0,5,0,3,53.89,Sidewalk,False,0.579,,,,,,,0.0042,-1.0,1.02,,,,
327,19.5881,14.65,373,Vehicle 4,vehicle,vehicle.tesla.model3,hero_3,52.3826,330.5545,0.0017,0.0,-0.0002,-0.0709,52.3826,-330.5545,0.001237,0.0,0.0,0.0,0.0,-0.0,-0.0,0.0,0.0,0.0,0.0,5,0,-1,42.37,Driving,False,-0.008,0.525,-0.006,0.3,False,False,1,,,,NONE,False,Green,30.0
327,19.5881,14.65,372,Vehicle 3,vehicle,vehicle.tesla.model3,hero_2,43.1188,330.5233,0.0017,0.0,-0.0,0.1748,43.1188,-330.5233,-0.003051,-0.0,-0.0,-0.0,0.0,0.0,-0.0,0.0,-0.0,-0.0,0.0,5,0,-1,33.11,Driving,False,-0.034,0.525,-0.001,0.3,False,False,1,,,,NONE,False,Green,60.0
327,19.5881,14.65,371,Vehicle 2,vehicle,vehicle.tesla.model3,hero_1,18.5547,326.5972,0.0019,-0.0028,-0.0042,-179.8216,18.5547,-326.5972,3.138479,-5.268,-0.0322,0.0,5.2681,0.4078,-0.1959,0.0,-0.0308,-0.0113,0.695,5,0,1,8.54,Driving,False,-0.053,0.137,0.007,0.0,False,False,1,,,,NONE,False,Green,30.0
327,19.5881,14.65,370,Vehicle 1,vehicle,vehicle.tesla.model3,hero_0,33.1259,330.5405,0.0017,0.0,-0.0001,0.3215,33.1259,-330.5405,-0.005611,-0.0,0.0,-0.0,0.0,-0.0,0.0,-0.0,-0.0001,-0.0001,-0.0,5,0,-1,23.12,Driving,False,-0.012,0.525,0.012,0.3,False,False,1,,,,NONE,False,Green,60.0
328,19.6381,14.7,375,entity_1,vehicle,vehicle.audi.a2,entity_1,61.009,331.442,-0.0073,0.0,0.0,0.0286,61.009,-331.442,-0.000499,0.0,0.0,0.0,0.0,0.0,0.0,0.0,0.0,0.0,0.0,5,0,-1,51.0,Driving,False,0.875,0.0,0.0,0.0,False,False,0,,,,NONE,False,Green,30.0
328,19.6381,14.7,374,entity_2,pedestrian,walker.pedestrian.0001,entity_2,63.9051,321.6898,1.0558,0.0,0.0,-89.7611,63.9051,-321.6898,1.566627,0.0009,0.0,0.0,0.0009,0.0,0.0,0.0,0.0,0.0,0.0,5,0,3,53.89,Sidewalk,False,0.579,,,,,,,0.0042,-1.0,1.02,,,,
328,19.6381,14.7,373,Vehicle 4,vehicle,vehicle.tesla.model3,hero_3,52.3826,330.5545,0.0017,0.0,-0.0002,-0.0709,52.3826,-330.5545,0.001237,-0.0,0.0,-0.0,0.0,-0.0,0.0,-0.0,-0.0,-0.0,0.0,5,0,-1,42.37,Driving,False,-0.008,0.525,-0.006,0.3,False,False,1,,,,NONE,False,Green,30.0
328,19.6381,14.7,372,Vehicle 3,vehicle,vehicle.tesla.model3,hero_2,43.1188,330.5233,0.0017,0.0,-0.0,0.1748,43.1188,-330.5233,-0.003051,-0.0,0.0,-0.0,0.0,0.0,0.0,0.0,-0.0,-0.0,0.0,5,0,-1,33.11,Driving,False,-0.034,0.525,-0.001,0.3,False,False,1,,,,NONE,False,Green,60.0
328,19.6381,14.7,371,Vehicle 2,vehicle,vehicle.tesla.model3,hero_1,18.2936,326.5956,0.0019,-0.0037,-0.0063,-179.7852,18.2936,-326.5956,3.137844,-5.1907,-0.0362,0.0,5.1908,1.5462,-0.0798,0.0,-0.009,-0.0625,0.7349,5,0,1,8.28,Driving,False,-0.051,0.137,0.007,0.0,False,False,1,,,,NONE,False,Green,30.0
328,19.6381,14.7,370,Vehicle 1,vehicle,vehicle.tesla.model3,hero_0,33.1259,330.5405,0.0017,0.0,-0.0001,0.3215,33.1259,-330.5405,-0.005611,-0.0,0.0,-0.0,0.0,0.0,-0.0,0.0,-0.0,-0.0001,-0.0,5,0,-1,23.12,Driving,False,-0.012,0.525,0.012,0.3,False,False,1,,,,NONE,False,Green,60.0
329,19.6881,14.75,375,entity_1,vehicle,vehicle.audi.a2,entity_1,61.009,331.442,-0.0073,0.0,0.0,0.0286,61.009,-331.442,-0.000499,0.0,0.0,0.0,0.0,0.0,0.0,0.0,0.0,0.0,0.0,5,0,-1,51.0,Driving,False,0.875,0.0,0.0,0.0,False,False,0,,,,NONE,False,Green,30.0
329,19.6881,14.75,374,entity_2,pedestrian,walker.pedestrian.0001,entity_2,63.9052,321.6898,1.0558,0.0,0.0,-89.7611,63.9052,-321.6898,1.566627,0.0009,0.0,0.0,0.0009,0.0,0.0,0.0,0.0,0.0,0.0,5,0,3,53.89,Sidewalk,False,0.579,,,,,,,0.0042,-1.0,1.02,,,,
329,19.6881,14.75,373,Vehicle 4,vehicle,vehicle.tesla.model3,hero_3,52.3826,330.5545,0.0017,0.0,-0.0002,-0.0709,52.3826,-330.5545,0.001237,-0.0,0.0,-0.0,0.0,-0.0,0.0,-0.0,-0.0,-0.0,0.0,5,0,-1,42.37,Driving,False,-0.008,0.525,-0.006,0.3,False,False,1,,,,NONE,False,Green,30.0
329,19.6881,14.75,372,Vehicle 3,vehicle,vehicle.tesla.model3,hero_2,43.1188,330.5233,0.0017,0.0,-0.0,0.1748,43.1188,-330.5233,-0.003051,0.0,-0.0,0.0,0.0,0.0,-0.0,0.0,0.0,0.0,0.0,5,0,-1,33.11,Driving,False,-0.034,0.525,-0.001,0.3,False,False,1,,,,NONE,False,Green,60.0
329,19.6881,14.75,371,Vehicle 2,vehicle,vehicle.tesla.model3,hero_1,18.0351,326.5939,0.0019,-0.0042,-0.008,-179.7459,18.0351,-326.5939,3.137158,-5.1557,-0.0415,0.0,5.1559,0.6997,-0.1046,-0.0,-0.01,-0.0131,0.8166,5,0,1,8.02,Driving,False,-0.05,0.137,0.007,0.0,False,False,1,,,,NONE,False,Green,30.0
329,19.6881,14.75,370,Vehicle 1,vehicle,vehicle.tesla.model3,hero_0,33.1259,330.5405,0.0017,0.0,-0.0001,0.3215,33.1259,-330.5405,-0.005611,-0.0,0.0,0.0,0.0,0.0,-0.0,0.0,-0.0,-0.0,-0.0,5,0,-1,23.12,Driving,False,-0.012,0.525,0.012,0.3,False,False,1,,,,NONE,False,Green,60.0
330,19.7381,14.8,375,entity_1,vehicle,vehicle.audi.a2,entity_1,61.009,331.442,-0.0073,0.0,0.0,0.0286,61.009,-331.442,-0.000499,0.0,0.0,0.0,0.0,0.0,0.0,0.0,0.0,0.0,0.0,5,0,-1,51.0,Driving,False,0.875,0.0,0.0,0.0,False,False,0,,,,NONE,False,Green,30.0
330,19.7381,14.8,374,entity_2,pedestrian,walker.pedestrian.0001,entity_2,63.9052,321.6898,1.0558,0.0,0.0,-89.7611,63.9052,-321.6898,1.566627,0.0009,0.0,0.0,0.0009,0.0,0.0,0.0,0.0,0.0,0.0,5,0,3,53.89,Sidewalk,False,0.579,,,,,,,0.0042,-1.0,1.02,,,,
330,19.7381,14.8,373,Vehicle 4,vehicle,vehicle.tesla.model3,hero_3,52.3826,330.5545,0.0017,0.0,-0.0002,-0.0709,52.3826,-330.5545,0.001237,-0.0,0.0,0.0,0.0,-0.0,0.0,0.0,-0.0,-0.0,-0.0,5,0,-1,42.37,Driving,False,-0.008,0.525,-0.006,0.3,False,False,1,,,,NONE,False,Green,30.0
330,19.7381,14.8,372,Vehicle 3,vehicle,vehicle.tesla.model3,hero_2,43.1188,330.5233,0.0017,0.0,-0.0,0.1748,43.1188,-330.5233,-0.003051,0.0,0.0,0.0,0.0,0.0,0.0,0.0,0.0,0.0,-0.0,5,0,-1,33.11,Driving,False,-0.034,0.525,-0.001,0.3,False,False,1,,,,NONE,False,Green,60.0
330,19.7381,14.8,371,Vehicle 2,vehicle,vehicle.tesla.model3,hero_1,17.78,326.592,0.0019,-0.0042,-0.01,-179.7065,17.78,-326.592,3.13647,-5.0666,-0.0436,-0.0,5.0668,1.782,-0.0431,-0.0001,0.0047,-0.0601,0.7661,5,0,1,7.77,Driving,False,-0.048,0.137,0.007,0.0,False,False,1,,,,NONE,False,Green,30.0
330,19.7381,14.8,370,Vehicle 1,vehicle,vehicle.tesla.model3,hero_0,33.1259,330.5405,0.0017,0.0,-0.0001,0.3215,33.1259,-330.5405,-0.005611,-0.0,-0.0,-0.0,0.0,0.0,-0.0,-0.0,-0.0,-0.0,-0.0,5,0,-1,23.12,Driving,False,-0.012,0.525,0.012,0.3,False,False,1,,,,NONE,False,Green,60.0
331,19.7881,14.85,375,entity_1,vehicle,vehicle.audi.a2,entity_1,61.009,331.442,-0.0073,0.0,0.0,0.0286,61.009,-331.442,-0.000499,0.0,0.0,0.0,0.0,0.0,0.0,0.0,0.0,0.0,0.0,5,0,-1,51.0,Driving,False,0.875,0.0,0.0,0.0,False,False,0,,,,NONE,False,Green,30.0
331,19.7881,14.85,374,entity_2,pedestrian,walker.pedestrian.0001,entity_2,63.9053,321.6898,1.0558,0.0,0.0,-89.7611,63.9053,-321.6898,1.566627,0.0009,0.0,0.0,0.0009,0.0,0.0,0.0,0.0,0.0,0.0,5,0,3,53.89,Sidewalk,False,0.579,,,,,,,0.0042,-1.0,1.02,,,,
331,19.7881,14.85,373,Vehicle 4,vehicle,vehicle.tesla.model3,hero_3,52.3826,330.5545,0.0017,0.0,-0.0002,-0.0709,52.3826,-330.5545,0.001237,-0.0,0.0,0.0,0.0,-0.0,-0.0,0.0,-0.0,-0.0,0.0,5,0,-1,42.37,Driving,False,-0.008,0.525,-0.004,0.3,False,False,1,,,,NONE,False,Green,30.0
331,19.7881,14.85,372,Vehicle 3,vehicle,vehicle.tesla.model3,hero_2,43.1188,330.5233,0.0017,0.0,-0.0,0.1748,43.1188,-330.5233,-0.003051,0.0,0.0,0.0,0.0,0.0,0.0,0.0,-0.0,0.0,0.0,5,0,-1,33.11,Driving,False,-0.034,0.525,0.001,0.3,False,False,1,,,,NONE,False,Green,60.0
331,19.7881,14.85,371,Vehicle 2,vehicle,vehicle.tesla.model3,hero_1,17.5279,326.5903,0.0019,-0.0018,-0.0114,-179.6875,17.5279,-326.5903,3.136138,-5.0248,-0.0325,-0.0,5.0249,0.8356,0.2218,0.0,0.0535,-0.0043,0.2015,5,0,1,7.52,Driving,False,-0.046,0.143,-0.001,0.0,False,False,1,,,,NONE,False,Green,30.0
331,19.7881,14.85,370,Vehicle 1,vehicle,vehicle.tesla.model3,hero_0,33.1259,330.5405,0.0017,0.0,-0.0001,0.3215,33.1259,-330.5405,-0.005611,-0.0,0.0,-0.0,0.0,-0.0,0.0,0.0,-0.0,-0.0,-0.0,5,0,-1,23.12,Driving,False,-0.012,0.525,0.015,0.3,False,False,1,,,,NONE,False,Green,60.0
332,19.8381,14.9,375,entity_1,vehicle,vehicle.audi.a2,entity_1,61.009,331.442,-0.0073,0.0,0.0,0.0286,61.009,-331.442,-0.000499,0.0,0.0,0.0,0.0,0.0,0.0,0.0,0.0,0.0,0.0,5,0,-1,51.0,Driving,False,0.875,0.0,0.0,0.0,False,False,0,,,,NONE,False,Green,30.0
332,19.8381,14.9,374,entity_2,pedestrian,walker.pedestrian.0001,entity_2,63.9053,321.6898,1.0558,0.0,0.0,-89.7611,63.9053,-321.6898,1.566627,0.0009,0.0,0.0,0.0009,0.0,0.0,0.0,0.0,0.0,0.0,5,0,3,53.89,Sidewalk,False,0.579,,,,,,,0.0042,-1.0,1.02,,,,
332,19.8381,14.9,373,Vehicle 4,vehicle,vehicle.tesla.model3,hero_3,52.3826,330.5545,0.0017,0.0,-0.0002,-0.0709,52.3826,-330.5545,0.001237,-0.0,0.0,-0.0,0.0,0.0,0.0,-0.0,-0.0,-0.0,0.0,5,0,-1,42.37,Driving,False,-0.008,0.525,-0.004,0.3,False,False,1,,,,NONE,False,Green,30.0
332,19.8381,14.9,372,Vehicle 3,vehicle,vehicle.tesla.model3,hero_2,43.1188,330.5233,0.0017,0.0,-0.0,0.1748,43.1188,-330.5233,-0.003051,0.0,0.0,0.0,0.0,0.0,-0.0,0.0,-0.0,0.0,0.0,5,0,-1,33.11,Driving,False,-0.034,0.525,0.001,0.3,False,False,1,,,,NONE,False,Green,60.0
332,19.8381,14.9,371,Vehicle 2,vehicle,vehicle.tesla.model3,hero_1,17.2766,326.5889,0.0019,0.0002,-0.0097,-179.685,17.2766,-326.5889,3.136095,-5.0109,-0.0275,0.0008,5.011,0.2786,0.0999,0.016,0.0326,-0.0028,-0.0259,5,0,1,7.27,Driving,False,-0.045,0.143,-0.001,0.0,False,False,1,,,,NONE,False,Green,30.0
332,19.8381,14.9,370,Vehicle 1,vehicle,vehicle.tesla.model3,hero_0,33.1259,330.5405,0.0017,0.0,-0.0001,0.3215,33.1259,-330.5405,-0.005611,0.0,-0.0,0.0,0.0,0.0,-0.0,0.0,0.0,0.0,-0.0,5,0,-1,23.12,Driving,False,-0.012,0.525,0.015,0.3,False,False,1,,,,NONE,False,Green,60.0
333,19.8881,14.95,375,entity_1,vehicle,vehicle.audi.a2,entity_1,61.009,331.442,-0.0073,0.0,0.0,0.0286,61.009,-331.442,-0.000499,0.0,0.0,0.0,0.0,0.0,0.0,0.0,0.0,0.0,0.0,5,0,-1,51.0,Driving,False,0.875,0.0,0.0,0.0,False,False,0,,,,NONE,False,Green,30.0
333,19.8881,14.95,374,entity_2,pedestrian,walker.pedestrian.0001,entity_2,63.9054,321.6898,1.0558,0.0,0.0,-89.7611,63.9054,-321.6898,1.566627,0.0009,0.0,0.0,0.0009,0.0,0.0,0.0,0.0,0.0,0.0,5,0,3,53.89,Sidewalk,False,0.579,,,,,,,0.0042,-1.0,1.02,,,,
333,19.8881,14.95,373,Vehicle 4,vehicle,vehicle.tesla.model3,hero_3,52.3826,330.5545,0.0017,0.0,-0.0002,-0.0709,52.3826,-330.5545,0.001237,-0.0,0.0,-0.0,0.0,0.0,0.0,-0.0,-0.0,-0.0,-0.0,5,0,-1,42.37,Driving,False,-0.008,0.525,-0.004,0.3,False,False,1,,,,NONE,False,Green,30.0
333,19.8881,14.95,372,Vehicle 3,vehicle,vehicle.tesla.model3,hero_2,43.1188,330.5233,0.0017,0.0,-0.0,0.1748,43.1188,-330.5233,-0.003051,0.0,0.0,0.0,0.0,-0.0,-0.0,0.0,-0.0,0.0,-0.0,5,0,-1,33.11,Driving,False,-0.034,0.525,0.001,0.3,False,False,1,,,,NONE,False,Green,60.0
333,19.8881,14.95,371,Vehicle 2,vehicle,vehicle.tesla.model3,hero_1,17.0262,326.5875,0.0018,0.0011,-0.0086,-179.6879,17.0262,-326.5875,3.136145,-5.0184,-0.0257,-0.0051,5.0184,-0.149,0.0361,-0.1174,0.0092,0.0482,-0.0777,5,0,1,7.02,Driving,False,-0.044,0.143,-0.001,0.0,False,False,1,,,,NONE,False,Green,30.0
333,19.8881,14.95,370,Vehicle 1,vehicle,vehicle.tesla.model3,hero_0,33.1259,330.5405,0.0017,0.0,-0.0001,0.3215,33.1259,-330.5405,-0.005611,-0.0,0.0,0.0,0.0,-0.0,0.0,-0.0,-0.0,-0.0,-0.0,5,0,-1,23.12,Driving,False,-0.012,0.525,0.015,0.3,False,False,1,,,,NONE,False,Green,60.0
334,19.9381,15.0,375,entity_1,vehicle,vehicle.audi.a2,entity_1,61.009,331.442,-0.0073,0.0,0.0,0.0286,61.009,-331.442,-0.000499,0.0,0.0,0.0,0.0,0.0,0.0,0.0,0.0,0.0,0.0,5,0,-1,51.0,Driving,False,0.875,0.0,0.0,0.0,False,False,0,,,,NONE,False,Green,30.0
334,19.9381,15.0,374,entity_2,pedestrian,walker.pedestrian.0001,entity_2,63.9054,321.6898,1.0558,0.0,0.0,-89.7611,63.9054,-321.6898,1.566627,0.0009,0.0,0.0,0.0009,0.0,0.0,0.0,0.0,0.0,0.0,5,0,3,53.89,Sidewalk,False,0.579,,,,,,,0.0042,-1.0,1.02,,,,
334,19.9381,15.0,373,Vehicle 4,vehicle,vehicle.tesla.model3,hero_3,52.3826,330.5545,0.0017,0.0,-0.0002,-0.0709,52.3826,-330.5545,0.001237,-0.0,-0.0,-0.0,0.0,-0.0,-0.0,0.0,0.0,-0.0,-0.0,5,0,-1,42.37,Driving,False,-0.008,0.525,-0.004,0.3,False,False,1,,,,NONE,False,Green,30.0
334,19.9381,15.0,372,Vehicle 3,vehicle,vehicle.tesla.model3,hero_2,43.1188,330.5233,0.0017,0.0,-0.0,0.1748,43.1188,-330.5233,-0.003051,0.0,0.0,0.0,0.0,-0.0,-0.0,0.0,-0.0,0.0,-0.0,5,0,-1,33.11,Driving,False,-0.034,0.525,0.001,0.3,False,False,1,,,,NONE,False,Green,60.0
334,19.9381,15.0,371,Vehicle 2,vehicle,vehicle.tesla.model3,hero_1,16.7757,326.5862,0.0018,0.0013,-0.0069,-179.6924,16.7757,-326.5862,3.136224,-4.9992,-0.0246,0.0023,4.9992,0.3838,0.0222,0.1466,0.0017,0.0184,-0.0945,5,0,1,6.76,Driving,False,-0.043,0.143,-0.001,0.0,False,False,1,,,,NONE,False,Green,30.0
334,19.9381,15.0,370,Vehicle 1,vehicle,vehicle.tesla.model3,hero_0,33.1259,330.5405,0.0017,0.0,-0.0001,0.3215,33.1259,-330.5405,-0.005611,-0.0,-0.0,0.0,0.0,-0.0,-0.0,0.0,0.0,-0.0,-0.0,5,0,-1,23.12,Driving,False,-0.012,0.525,0.015,0.3,False,False,1,,,,NONE,False,Green,60.0
335,19.9881,15.05,375,entity_1,vehicle,vehicle.audi.a2,entity_1,61.009,331.442,-0.0073,0.0,0.0,0.0286,61.009,-331.442,-0.000499,0.0,0.0,0.0,0.0,0.0,0.0,0.0,0.0,0.0,0.0,5,0,-1,51.0,Driving,False,0.875,0.0,0.0,0.0,False,False,0,,,,NONE,False,Green,30.0
335,19.9881,15.05,374,entity_2,pedestrian,walker.pedestrian.0001,entity_2,63.9055,321.6898,1.0558,0.0,0.0,-89.7611,63.9055,-321.6898,1.566627,0.0009,0.0,0.0,0.0009,0.0,0.0,0.0,0.0,0.0,0.0,5,0,3,53.89,Sidewalk,False,0.579,,,,,,,0.0042,-1.0,1.02,,,,
335,19.9881,15.05,373,Vehicle 4,vehicle,vehicle.tesla.model3,hero_3,52.3826,330.5545,0.0017,0.0,-0.0002,-0.0709,52.3826,-330.5545,0.001237,0.0,0.0,-0.0,0.0,0.0,0.0,-0.0,-0.0,0.0,0.0,5,0,-1,42.37,Driving,False,-0.008,0.525,-0.005,0.3,False,False,1,,,,NONE,False,Green,30.0
335,19.9881,15.05,372,Vehicle 3,vehicle,vehicle.tesla.model3,hero_2,43.1188,330.5233,0.0017,0.0,-0.0,0.1748,43.1188,-330.5233,-0.003051,-0.0,-0.0,0.0,0.0,-0.0,-0.0,0.0,-0.0,-0.0,-0.0,5,0,-1,33.11,Driving,False,-0.034,0.525,0.001,0.3,False,False,1,,,,NONE,False,Green,60.0
335,19.9881,15.05,371,Vehicle 2,vehicle,vehicle.tesla.model3,hero_1,16.5258,326.585,0.0017,0.0013,-0.0058,-179.6968,16.5258,-326.585,3.136301,-4.9939,-0.024,-0.0038,4.9939,0.1059,0.0126,-0.1204,-0.0019,0.0192,-0.0977,5,0,1,6.51,Driving,False,-0.042,0.143,-0.001,0.0,False,False,1,,,,NONE,False,Green,30.0
335,19.9881,15.05,370,Vehicle 1,vehicle,vehicle.tesla.model3,hero_0,33.1259,330.5405,0.0017,0.0,-0.0001,0.3215,33.1259,-330.5405,-0.005611,0.0,0.0,-0.0,0.0,0.0,0.0,-0.0,-0.0,0.0,0.0,5,0,-1,23.12,Driving,False,-0.012,0.525,0.014,0.3,False,False,1,,,,NONE,False,Green,60.0
336,20.0381,15.1,375,entity_1,vehicle,vehicle.audi.a2,entity_1,61.009,331.442,-0.0073,0.0,0.0,0.0286,61.009,-331.442,-0.000499,0.0,0.0,0.0,0.0,0.0,0.0,0.0,0.0,0.0,0.0,5,0,-1,51.0,Driving,False,0.875,0.0,0.0,0.0,False,False,0,,,,NONE,False,Green,30.0
336,20.0381,15.1,374,entity_2,pedestrian,walker.pedestrian.0001,entity_2,63.9055,321.6898,1.0558,0.0,0.0,-89.7611,63.9055,-321.6898,1.566627,0.0009,0.0,0.0,0.0009,0.0,0.0,0.0,0.0,0.0,0.0,5,0,3,53.89,Sidewalk,False,0.579,,,,,,,0.0042,-1.0,1.02,,,,
336,20.0381,15.1,373,Vehicle 4,vehicle,vehicle.tesla.model3,hero_3,52.3826,330.5545,0.0017,0.0,-0.0002,-0.0709,52.3826,-330.5545,0.001237,0.0,-0.0,0.0,0.0,0.0,-0.0,0.0,0.0,0.0,-0.0,5,0,-1,42.37,Driving,False,-0.008,0.525,-0.005,0.3,False,False,1,,,,NONE,False,Green,30.0
336,20.0381,15.1,372,Vehicle 3,vehicle,vehicle.tesla.model3,hero_2,43.1188,330.5233,0.0017,0.0,-0.0,0.1748,43.1188,-330.5233,-0.003051,-0.0,-0.0,0.0,0.0,-0.0,-0.0,0.0,-0.0,-0.0,-0.0,5,0,-1,33.11,Driving,False,-0.034,0.525,0.001,0.3,False,False,1,,,,NONE,False,Green,60.0
336,20.0381,15.1,371,Vehicle 2,vehicle,vehicle.tesla.model3,hero_1,16.2769,326.5834,0.0016,-0.0008,-0.0055,-179.6843,16.2769,-326.5834,3.136083,-4.9648,-0.0363,-0.0013,4.965,0.5807,-0.2455,0.0488,-0.0431,-0.0024,0.3771,5,0,1,6.27,Driving,False,-0.04,0.103,0.005,0.0,False,False,1,,,,NONE,False,Green,30.0
336,20.0381,15.1,370,Vehicle 1,vehicle,vehicle.tesla.model3,hero_0,33.1259,330.5405,0.0017,0.0,-0.0001,0.3215,33.1259,-330.5405,-0.005611,0.0,0.0,-0.0,0.0,-0.0,-0.0,0.0,-0.0,0.0,0.0,5,0,-1,23.12,Driving,False,-0.012,0.525,0.014,0.3,False,False,1,,,,NONE,False,Green,60.0
337,20.0881,15.15,375,entity_1,vehicle,vehicle.audi.a2,entity_1,61.009,331.442,-0.0073,0.0,0.0,0.0286,61.009,-331.442,-0.000499,0.0,0.0,0.0,0.0,0.0,0.0,0.0,0.0,0.0,0.0,5,0,-1,51.0,Driving,False,0.875,0.0,0.0,0.0,False,False,0,,,,NONE,False,Green,30.0
337,20.0881,15.15,374,entity_2,pedestrian,walker.pedestrian.0001,entity_2,63.9055,321.6898,1.0558,0.0,0.0,-89.7611,63.9055,-321.6898,1.566627,0.0009,0.0,0.0,0.0009,0.0,0.0,0.0,0.0,0.0,0.0,5,0,3,53.89,Sidewalk,False,0.579,,,,,,,0.0042,-1.0,1.02,,,,
337,20.0881,15.15,373,Vehicle 4,vehicle,vehicle.tesla.model3,hero_3,52.3826,330.5545,0.0017,0.0,-0.0002,-0.0709,52.3826,-330.5545,0.001237,0.0,-0.0,0.0,0.0,0.0,-0.0,0.0,0.0,0.0,-0.0,5,0,-1,42.37,Driving,False,-0.008,0.525,-0.005,0.3,False,False,1,,,,NONE,False,Green,30.0
337,20.0881,15.15,372,Vehicle 3,vehicle,vehicle.tesla.model3,hero_2,43.1188,330.5233,0.0017,0.0,-0.0,0.1748,43.1188,-330.5233,-0.003051,-0.0,-0.0,-0.0,0.0,0.0,-0.0,-0.0,0.0,-0.0,-0.0,5,0,-1,33.11,Driving,False,-0.034,0.525,0.001,0.3,False,False,1,,,,NONE,False,Green,60.0
337,20.0881,15.15,371,Vehicle 2,vehicle,vehicle.tesla.model3,hero_1,16.0299,326.5816,0.0016,-0.0023,-0.0061,-179.6626,16.0299,-326.5816,3.135704,-4.9229,-0.0405,-0.0002,4.9231,0.838,-0.0851,0.0229,-0.0211,-0.0179,0.455,5,0,1,6.02,Driving,False,-0.038,0.103,0.005,0.0,False,False,1,,,,NONE,False,Green,30.0
337,20.0881,15.15,370,Vehicle 1,vehicle,vehicle.tesla.model3,hero_0,33.1259,330.5405,0.0017,0.0,-0.0001,0.3215,33.1259,-330.5405,-0.005611,0.0,0.0,-0.0,0.0,-0.0,-0.0,0.0,-0.0,0.0,-0.0,5,0,-1,23.12,Driving,False,-0.012,0.525,0.014,0.3,False,False,1,,,,NONE,False,Green,60.0
338,20.1381,15.2,375,entity_1,vehicle,vehicle.audi.a2,entity_1,61.009,331.442,-0.0073,0.0,0.0,0.0286,61.009,-331.442,-0.000499,0.0,0.0,0.0,0.0,0.0,0.0,0.0,0.0,0.0,0.0,5,0,-1,51.0,Driving,False,0.875,0.0,0.0,0.0,False,False,0,,,,NONE,False,Green,30.0
338,20.1381,15.2,374,entity_2,pedestrian,walker.pedestrian.0001,entity_2,63.9056,321.6898,1.0558,0.0,0.0,-89.7611,63.9056,-321.6898,1.566627,0.0009,0.0,0.0,0.0009,0.0,0.0,0.0,0.0,0.0,0.0,5,0,3,53.89,Sidewalk,False,0.579,,,,,,,0.0042,-1.0,1.02,,,,
338,20.1381,15.2,373,Vehicle 4,vehicle,vehicle.tesla.model3,hero_3,52.3826,330.5545,0.0017,0.0,-0.0002,-0.0709,52.3826,-330.5545,0.001237,0.0,-0.0,0.0,0.0,0.0,-0.0,0.0,0.0,0.0,0.0,5,0,-1,42.37,Driving,False,-0.008,0.525,-0.005,0.3,False,False,1,,,,NONE,False,Green,30.0
338,20.1381,15.2,372,Vehicle 3,vehicle,vehicle.tesla.model3,hero_2,43.1188,330.5233,0.0017,0.0,-0.0,0.1748,43.1188,-330.5233,-0.003051,-0.0,-0.0,-0.0,0.0,-0.0,-0.0,-0.0,0.0,-0.0,-0.0,5,0,-1,33.11,Driving,False,-0.034,0.525,0.001,0.3,False,False,1,,,,NONE,False,Green,60.0
338,20.1381,15.2,371,Vehicle 2,vehicle,vehicle.tesla.model3,hero_1,15.7852,326.5796,0.0016,-0.0028,-0.0073,-179.6394,15.7852,-326.5796,3.135299,-4.8737,-0.0429,0.0003,4.8738,0.9858,-0.0467,0.0096,-0.006,-0.0248,0.4653,5,0,1,5.77,Driving,False,-0.037,0.103,0.005,0.0,False,False,1,,,,NONE,False,Green,30.0
338,20.1381,15.2,370,Vehicle 1,vehicle,vehicle.tesla.model3,hero_0,33.1259,330.5405,0.0017,0.0,-0.0001,0.3215,33.1259,-330.5405,-0.005611,-0.0,-0.0,-0.0,0.0,-0.0,-0.0,0.0,-0.0,-0.0,-0.0,5,0,-1,23.12,Driving,False,-0.012,0.525,0.014,0.3,False,False,1,,,,NONE,False,Green,60.0
339,20.1881,15.25,375,entity_1,vehicle,vehicle.audi.a2,entity_1,61.009,331.442,-0.0073,0.0,0.0,0.0286,61.009,-331.442,-0.000499,0.0,0.0,0.0,0.0,0.0,0.0,0.0,0.0,0.0,0.0,5,0,-1,51.0,Driving,False,0.875,0.0,0.0,0.0,False,False,0,,,,NONE,False,Green,30.0
339,20.1881,15.25,374,entity_2,pedestrian,walker.pedestrian.0001,entity_2,63.9056,321.6898,1.0558,0.0,0.0,-89.7611,63.9056,-321.6898,1.566627,0.0009,0.0,0.0,0.0009,0.0,0.0,0.0,0.0,0.0,0.0,5,0,3,53.89,Sidewalk,False,0.579,,,,,,,0.0042,-1.0,1.02,,,,
339,20.1881,15.25,373,Vehicle 4,vehicle,vehicle.tesla.model3,hero_3,52.3826,330.5545,0.0017,0.0,-0.0002,-0.0709,52.3826,-330.5545,0.001237,-0.0,0.0,-0.0,0.0,-0.0,0.0,-0.0,-0.0,-0.0,0.0,5,0,-1,42.37,Driving,False,-0.008,0.525,-0.005,0.3,False,False,1,,,,NONE,False,Green,30.0
339,20.1881,15.25,372,Vehicle 3,vehicle,vehicle.tesla.model3,hero_2,43.1188,330.5233,0.0017,0.0,-0.0,0.1748,43.1188,-330.5233,-0.003051,-0.0,-0.0,-0.0,0.0,-0.0,-0.0,-0.0,0.0,-0.0,0.0,5,0,-1,33.11,Driving,False,-0.034,0.525,-0.001,0.3,False,False,1,,,,NONE,False,Green,60.0
339,20.1881,15.25,371,Vehicle 2,vehicle,vehicle.tesla.model3,hero_1,15.5429,326.5777,0.0016,-0.0021,-0.0084,-179.6232,15.5429,-326.5777,3.135016,-4.8289,-0.0395,0.0004,4.829,0.8961,0.0674,0.0029,0.0166,-0.0161,0.274,5,0,1,5.53,Driving,False,-0.035,0.644,0.002,0.0,False,False,1,,,,NONE,False,Green,30.0
339,20.1881,15.25,370,Vehicle 1,vehicle,vehicle.tesla.model3,hero_0,33.1259,330.5405,0.0017,0.0,-0.0001,0.3215,33.1259,-330.5405,-0.005611,-0.0,-0.0,-0.0,0.0,-0.0,-0.0,0.0,-0.0,-0.0,-0.0,5,0,-1,23.12,Driving,False,-0.012,0.525,0.012,0.3,False,False,1,,,,NONE,False,Green,60.0
340,20.2381,15.3,375,entity_1,vehicle,vehicle.audi.a2,entity_1,61.009,331.442,-0.0073,0.0,0.0,0.0286,61.009,-331.442,-0.000499,0.0,0.0,0.0,0.0,0.0,0.0,0.0,0.0,0.0,0.0,5,0,-1,51.0,Driving,False,0.875,0.0,0.0,0.0,False,False,0,,,,NONE,False,Green,30.0
340,20.2381,15.3,374,entity_2,pedestrian,walker.pedestrian.0001,entity_2,63.9057,321.6898,1.0558,0.0,0.0,-89.7611,63.9057,-321.6898,1.566627,0.0009,0.0,0.0,0.0009,0.0,0.0,0.0,0.0,0.0,0.0,5,0,3,53.89,Sidewalk,False,0.579,,,,,,,0.0042,-1.0,1.02,,,,
340,20.2381,15.3,373,Vehicle 4,vehicle,vehicle.tesla.model3,hero_3,52.3826,330.5545,0.0017,0.0,-0.0002,-0.0709,52.3826,-330.5545,0.001237,0.0,-0.0,-0.0,0.0,0.0,-0.0,-0.0,0.0,0.0,-0.0,5,0,-1,42.37,Driving,False,-0.008,0.525,-0.005,0.3,False,False,1,,,,NONE,False,Green,30.0
340,20.2381,15.3,372,Vehicle 3,vehicle,vehicle.tesla.model3,hero_2,43.1188,330.5233,0.0017,0.0,-0.0,0.1748,43.1188,-330.5233,-0.003051,-0.0,-0.0,-0.0,0.0,0.0,0.0,-0.0,0.0,-0.0,0.0,5,0,-1,33.11,Driving,False,-0.034,0.525,-0.001,0.3,False,False,1,,,,NONE,False,Green,60.0
340,20.2381,15.3,371,Vehicle 2,vehicle,vehicle.tesla.model3,hero_1,15.302,326.5758,0.0016,-0.0015,-0.0082,-179.6106,15.302,-326.5758,3.134796,-4.8171,-0.0395,0.0004,4.8173,0.2341,0.0005,-0.0001,0.0095,0.0191,0.242,5,0,1,5.29,Driving,False,-0.033,0.644,0.002,0.0,False,False,1,,,,NONE,False,Green,30.0
340,20.2381,15.3,370,Vehicle 1,vehicle,vehicle.tesla.model3,hero_0,33.1259,330.5405,0.0017,0.0,-0.0001,0.3215,33.1259,-330.5405,-0.005611,-0.0,-0.0,-0.0,0.0,-0.0,-0.0,-0.0,0.0,-0.0,-0.0,5,0,-1,23.12,Driving,False,-0.012,0.525,0.012,0.3,False,False,1,,,,NONE,False,Green,60.0
341,20.2881,15.35,375,entity_1,vehicle,vehicle.audi.a2,entity_1,61.009,331.442,-0.0073,0.0,0.0,0.0286,61.009,-331.442,-0.000499,0.0,0.0,0.0,0.0,0.0,0.0,0.0,0.0,0.0,0.0,5,0,-1,51.0,Driving,False,0.875,0.0,0.0,0.0,False,False,0,,,,NONE,False,Green,30.0
341,20.2881,15.35,374,entity_2,pedestrian,walker.pedestrian.0001,entity_2,63.9057,321.6898,1.0558,0.0,0.0,-89.7611,63.9057,-321.6898,1.566627,0.0009,0.0,0.0,0.0009,0.0,0.0,0.0,0.0,0.0,0.0,5,0,3,53.89,Sidewalk,False,0.579,,,,,,,0.0042,-1.0,1.02,,,,
341,20.2881,15.35,373,Vehicle 4,vehicle,vehicle.tesla.model3,hero_3,52.3826,330.5545,0.0017,0.0,-0.0002,-0.0709,52.3826,-330.5545,0.001237,-0.0,-0.0,-0.0,0.0,-0.0,-0.0,0.0,0.0001,-0.0,-0.0,5,0,-1,42.37,Driving,False,-0.008,0.525,-0.005,0.3,False,False,1,,,,NONE,False,Green,30.0
341,20.2881,15.35,372,Vehicle 3,vehicle,vehicle.tesla.model3,hero_2,43.1188,330.5233,0.0017,0.0,-0.0,0.1748,43.1188,-330.5233,-0.003051,-0.0,0.0,-0.0,0.0,0.0,0.0,0.0,0.0,-0.0,0.0,5,0,-1,33.11,Driving,False,-0.034,0.525,-0.001,0.3,False,False,1,,,,NONE,False,Green,60.0
341,20.2881,15.35,371,Vehicle 2,vehicle,vehicle.tesla.model3,hero_1,15.0604,326.5739,0.0017,-0.0012,-0.006,-179.5987,15.0604,-326.5739,3.134589,-4.8461,-0.0404,0.0004,4.8463,-0.5788,-0.0194,-0.0013,0.0035,0.0581,0.238,5,0,1,5.05,Driving,False,-0.031,0.644,0.002,0.0,False,False,1,,,,NONE,False,Green,30.0
341,20.2881,15.35,370,Vehicle 1,vehicle,vehicle.tesla.model3,hero_0,33.1259,330.5405,0.0017,0.0,-0.0001,0.3215,33.1259,-330.5405,-0.005611,0.0,0.0,-0.0,0.0,0.0,0.0,-0.0,-0.0,0.0,0.0,5,0,-1,23.12,Driving,False,-0.012,0.525,0.012,0.3,False,False,1,,,,NONE,False,Green,60.0
342,20.3381,15.4,375,entity_1,vehicle,vehicle.audi.a2,entity_1,61.009,331.442,-0.0073,0.0,0.0,0.0286,61.009,-331.442,-0.000499,0.0,0.0,0.0,0.0,0.0,0.0,0.0,0.0,0.0,0.0,5,0,-1,51.0,Driving,False,0.875,0.0,0.0,0.0,False,False,0,,,,NONE,False,Green,30.0
342,20.3381,15.4,374,entity_2,pedestrian,walker.pedestrian.0001,entity_2,63.9058,321.6898,1.0558,0.0,0.0,-89.7611,63.9058,-321.6898,1.566627,0.0009,0.0,0.0,0.0009,0.0,0.0,0.0,0.0,0.0,0.0,5,0,3,53.89,Sidewalk,False,0.579,,,,,,,0.0042,-1.0,1.02,,,,
342,20.3381,15.4,373,Vehicle 4,vehicle,vehicle.tesla.model3,hero_3,52.3826,330.5545,0.0017,0.0,-0.0002,-0.0709,52.3826,-330.5545,0.001237,-0.0,0.0,-0.0,0.0,0.0,0.0,0.0,-0.0,-0.0,-0.0,5,0,-1,42.37,Driving,False,-0.008,0.525,-0.005,0.3,False,False,1,,,,NONE,False,Green,30.0
342,20.3381,15.4,372,Vehicle 3,vehicle,vehicle.tesla.model3,hero_2,43.1188,330.5233,0.0017,0.0,-0.0,0.1748,43.1188,-330.5233,-0.003051,-0.0,0.0,-0.0,0.0,0.0,0.0,0.0,0.0,-0.0,0.0,5,0,-1,33.11,Driving,False,-0.034,0.525,-0.001,0.3,False,False,1,,,,NONE,False,Green,60.0
342,20.3381,15.4,371,Vehicle 2,vehicle,vehicle.tesla.model3,hero_1,14.8165,326.5719,0.0016,-0.0011,-0.0024,-179.5868,14.8165,-326.5719,3.134381,-4.9002,-0.0418,0.0003,4.9004,-1.0819,-0.0273,-0.0016,0.0006,0.0787,0.2397,5,0,1,4.81,Driving,False,-0.029,0.644,0.002,0.0,False,False,1,,,,NONE,False,Green,30.0
342,20.3381,15.4,370,Vehicle 1,vehicle,vehicle.tesla.model3,hero_0,33.1259,330.5405,0.0017,0.0,-0.0001,0.3215,33.1259,-330.5405,-0.005611,-0.0,-0.0,-0.0,0.0,-0.0,-0.0,0.0,0.0,-0.0,-0.0,5,0,-1,23.12,Driving,False,-0.012,0.525,0.012,0.3,False,False,1,,,,NONE,False,Green,60.0
343,20.3881,15.45,375,entity_1,vehicle,vehicle.audi.a2,entity_1,61.009,331.442,-0.0073,0.0,0.0,0.0286,61.009,-331.442,-0.000499,0.0,0.0,0.0,0.0,0.0,0.0,0.0,0.0,0.0,0.0,5,0,-1,51.0,Driving,False,0.875,0.0,0.0,0.0,False,False,0,,,,NONE,False,Green,30.0
343,20.3881,15.45,374,entity_2,pedestrian,walker.pedestrian.0001,entity_2,63.9058,321.6898,1.0558,0.0,0.0,-89.7611,63.9058,-321.6898,1.566627,0.0009,0.0,0.0,0.0009,0.0,0.0,0.0,0.0,0.0,0.0,5,0,3,53.89,Sidewalk,False,0.579,,,,,,,0.0042,-1.0,1.02,,,,
343,20.3881,15.45,373,Vehicle 4,vehicle,vehicle.tesla.model3,hero_3,52.3826,330.5545,0.0017,0.0,-0.0002,-0.0709,52.3826,-330.5545,0.001237,0.0,-0.0,-0.0,0.0,0.0,-0.0,-0.0,0.0,0.0,-0.0,5,0,-1,42.37,Driving,False,-0.008,0.525,-0.006,0.3,False,False,1,,,,NONE,False,Green,30.0
343,20.3881,15.45,372,Vehicle 3,vehicle,vehicle.tesla.model3,hero_2,43.1188,330.5233,0.0017,0.0,-0.0,0.1748,43.1188,-330.5233,-0.003051,0.0,0.0,-0.0,0.0,0.0,0.0,0.0,-0.0,0.0,0.0,5,0,-1,33.11,Driving,False,-0.034,0.525,-0.0,0.3,False,False,1,,,,NONE,False,Green,60.0
343,20.3881,15.45,371,Vehicle 2,vehicle,vehicle.tesla.model3,hero_1,14.5697,326.5697,0.0016,-0.0018,0.0014,-179.568,14.5697,-326.5697,3.134053,-4.954,-0.0483,0.0002,4.9543,-1.0769,-0.1297,-0.0014,-0.0162,0.0659,0.4255,5,0,1,4.56,Driving,False,-0.027,0.165,0.004,0.0,False,False,1,,,,NONE,False,Green,30.0
343,20.3881,15.45,370,Vehicle 1,vehicle,vehicle.tesla.model3,hero_0,33.1259,330.5405,0.0017,0.0,-0.0001,0.3215,33.1259,-330.5405,-0.005611,-0.0,-0.0,-0.0,0.0,-0.0,-0.0,-0.0,0.0,-0.0,-0.0,5,0,-1,23.12,Driving,False,-0.012,0.525,0.013,0.3,False,False,1,,,,NONE,False,Green,60.0
344,20.4381,15.5,375,entity_1,vehicle,vehicle.audi.a2,entity_1,61.009,331.442,-0.0073,0.0,0.0,0.0286,61.009,-331.442,-0.000499,0.0,0.0,0.0,0.0,0.0,0.0,0.0,0.0,0.0,0.0,5,0,-1,51.0,Driving,False,0.875,0.0,0.0,0.0,False,False,0,,,,NONE,False,Green,30.0
344,20.4381,15.5,374,entity_2,pedestrian,walker.pedestrian.0001,entity_2,63.9058,321.6898,1.0558,0.0,0.0,-89.7611,63.9058,-321.6898,1.566627,0.0009,0.0,0.0,0.0009,0.0,0.0,0.0,0.0,0.0,0.0,5,0,3,53.89,Sidewalk,False,0.579,,,,,,,0.0042,-1.0,1.02,,,,
344,20.4381,15.5,373,Vehicle 4,vehicle,vehicle.tesla.model3,hero_3,52.3826,330.5545,0.0017,0.0,-0.0002,-0.0709,52.3826,-330.5545,0.001237,0.0,-0.0,0.0,0.0,-0.0,0.0,0.0,0.0,0.0,-0.0,5,0,-1,42.37,Driving,False,-0.008,0.525,-0.006,0.3,False,False,1,,,,NONE,False,Green,30.0
344,20.4381,15.5,372,Vehicle 3,vehicle,vehicle.tesla.model3,hero_2,43.1188,330.5233,0.0017,0.0,-0.0,0.1748,43.1188,-330.5233,-0.003051,0.0,0.0,-0.0,0.0,0.0,0.0,0.0,-0.0,0.0,0.0,5,0,-1,33.11,Driving,False,-0.034,0.525,-0.0,0.3,False,False,1,,,,NONE,False,Green,60.0
344,20.4381,15.5,371,Vehicle 2,vehicle,vehicle.tesla.model3,hero_1,14.3214,326.5674,0.0016,-0.0024,0.0033,-179.5455,14.3214,-326.5674,3.13366,-4.9701,-0.0514,0.0002,4.9703,-0.3207,-0.0626,-0.0012,-0.0076,0.0195,0.458,5,0,1,4.31,Driving,False,-0.025,0.165,0.004,0.0,False,False,1,,,,NONE,False,Green,30.0
344,20.4381,15.5,370,Vehicle 1,vehicle,vehicle.tesla.model3,hero_0,33.1259,330.5405,0.0017,0.0,-0.0001,0.3215,33.1259,-330.5405,-0.005611,-0.0,-0.0,-0.0,0.0,-0.0,0.0,0.0,0.0,-0.0,0.0,5,0,-1,23.12,Driving,False,-0.012,0.525,0.013,0.3,False,False,1,,,,NONE,False,Green,60.0
345,20.4881,15.55,375,entity_1,vehicle,vehicle.audi.a2,entity_1,61.009,331.442,-0.0073,0.0,0.0,0.0286,61.009,-331.442,-0.000499,0.0,0.0,0.0,0.0,0.0,0.0,0.0,0.0,0.0,0.0,5,0,-1,51.0,Driving,False,0.875,0.0,0.0,0.0,False,False,0,,,,NONE,False,Green,30.0
345,20.4881,15.55,374,entity_2,pedestrian,walker.pedestrian.0001,entity_2,63.9059,321.6898,1.0558,0.0,0.0,-89.7611,63.9059,-321.6898,1.566627,0.0009,0.0,0.0,0.0009,0.0,0.0,0.0,0.0,0.0,0.0,5,0,3,53.89,Sidewalk,False,0.579,,,,,,,0.0042,-1.0,1.02,,,,
345,20.4881,15.55,373,Vehicle 4,vehicle,vehicle.tesla.model3,hero_3,52.3826,330.5545,0.0017,0.0,-0.0002,-0.0709,52.3826,-330.5545,0.001237,0.0,-0.0,0.0,0.0,0.0,0.0,0.0,0.0,0.0,-0.0,5,0,-1,42.37,Driving,False,-0.008,0.525,-0.006,0.3,False,False,1,,,,NONE,False,Green,30.0
345,20.4881,15.55,372,Vehicle 3,vehicle,vehicle.tesla.model3,hero_2,43.1188,330.5233,0.0017,0.0,-0.0,0.1748,43.1188,-330.5233,-0.003051,0.0,0.0,-0.0,0.0,0.0,0.0,0.0,-0.0,0.0,0.0,5,0,-1,33.11,Driving,False,-0.034,0.525,-0.0,0.3,False,False,1,,,,NONE,False,Green,60.0
345,20.4881,15.55,371,Vehicle 2,vehicle,vehicle.tesla.model3,hero_1,14.0731,326.5648,0.0016,-0.0026,0.0031,-179.5224,14.0731,-326.5648,3.133257,-4.9595,-0.0536,0.0001,4.9598,0.2104,-0.0435,-0.001,-0.0017,-0.0169,0.4624,5,0,1,4.06,Driving,False,-0.023,0.165,0.004,0.0,False,False,1,,,,NONE,False,Green,30.0
345,20.4881,15.55,370,Vehicle 1,vehicle,vehicle.tesla.model3,hero_0,33.1259,330.5405,0.0017,0.0,-0.0001,0.3215,33.1259,-330.5405,-0.005611,-0.0,-0.0,-0.0,0.0,-0.0,-0.0,-0.0,0.0,-0.0,-0.0,5,0,-1,23.12,Driving,False,-0.012,0.525,0.013,0.3,False,False,1,,,,NONE,False,Green,60.0
346,20.5381,15.6,375,entity_1,vehicle,vehicle.audi.a2,entity_1,61.009,331.442,-0.0073,0.0,0.0,0.0286,61.009,-331.442,-0.000499,0.0,0.0,0.0,0.0,0.0,0.0,0.0,0.0,0.0,0.0,5,0,-1,51.0,Driving,False,0.875,0.0,0.0,0.0,False,False,0,,,,NONE,False,Green,30.0
346,20.5381,15.6,374,entity_2,pedestrian,walker.pedestrian.0001,entity_2,63.9059,321.6898,1.0558,0.0,0.0,-89.7611,63.9059,-321.6898,1.566627,0.0009,0.0,0.0,0.0009,0.0,0.0,0.0,0.0,0.0,0.0,5,0,3,53.89,Sidewalk,False,0.579,,,,,,,0.0042,-1.0,1.02,,,,
346,20.5381,15.6,373,Vehicle 4,vehicle,vehicle.tesla.model3,hero_3,52.3826,330.5545,0.0017,0.0,-0.0002,-0.0709,52.3826,-330.5545,0.001237,0.0,-0.0,0.0,0.0,0.0,-0.0,0.0,0.0,0.0,0.0,5,0,-1,42.37,Driving,False,-0.008,0.525,-0.006,0.3,False,False,1,,,,NONE,False,Green,30.0
346,20.5381,15.6,372,Vehicle 3,vehicle,vehicle.tesla.model3,hero_2,43.1188,330.5233,0.0017,0.0,-0.0,0.1748,43.1188,-330.5233,-0.003051,-0.0,0.0,0.0,0.0,-0.0,-0.0,0.0,-0.0,-0.0,-0.0,5,0,-1,33.11,Driving,False,-0.034,0.525,-0.0,0.3,False,False,1,,,,NONE,False,Green,60.0
346,20.5381,15.6,371,Vehicle 2,vehicle,vehicle.tesla.model3,hero_1,13.8259,326.5623,0.0017,-0.0026,0.0016,-179.4993,13.8259,-326.5623,3.132854,-4.9344,-0.0554,0.0001,4.9347,0.5031,-0.0364,-0.0006,0.001,-0.0353,0.4612,5,0,1,3.81,Driving,False,-0.02,0.165,0.004,0.0,False,False,1,,,,NONE,False,Green,30.0
346,20.5381,15.6,370,Vehicle 1,vehicle,vehicle.tesla.model3,hero_0,33.1259,330.5405,0.0017,0.0,-0.0001,0.3215,33.1259,-330.5405,-0.005611,-0.0,-0.0,-0.0,0.0,-0.0,-0.0,-0.0,0.0,-0.0,-0.0,5,0,-1,23.12,Driving,False,-0.012,0.525,0.013,0.3,False,False,1,,,,NONE,False,Green,60.0
347,20.5881,15.65,375,entity_1,vehicle,vehicle.audi.a2,entity_1,61.009,331.442,-0.0073,0.0,0.0,0.0286,61.009,-331.442,-0.000499,0.0,0.0,0.0,0.0,0.0,0.0,0.0,0.0,0.0,0.0,5,0,-1,51.0,Driving,False,0.875,0.0,0.0,0.0,False,False,0,,,,NONE,False,Green,30.0
347,20.5881,15.65,374,entity_2,pedestrian,walker.pedestrian.0001,entity_2,63.906,321.6898,1.0558,0.0,0.0,-89.7611,63.906,-321.6898,1.566627,0.0009,0.0,0.0,0.0009,0.0,0.0,0.0,0.0,0.0,0.0,5,0,3,53.89,Sidewalk,False,0.579,,,,,,,0.0042,-1.0,1.02,,,,
347,20.5881,15.65,373,Vehicle 4,vehicle,vehicle.tesla.model3,hero_3,52.3826,330.5545,0.0017,0.0,-0.0002,-0.0709,52.3826,-330.5545,0.001237,-0.0,0.0,-0.0,0.0,-0.0,0.0,-0.0,-0.0,-0.0,0.0,5,0,-1,42.37,Driving,False,-0.008,0.525,-0.004,0.3,False,False,1,,,,NONE,False,Green,30.0
347,20.5881,15.65,372,Vehicle 3,vehicle,vehicle.tesla.model3,hero_2,43.1188,330.5233,0.0017,0.0,-0.0,0.1748,43.1188,-330.5233,-0.003051,0.0,0.0,-0.0,0.0,0.0,-0.0,-0.0,-0.0,0.0,0.0,5,0,-1,33.11,Driving,False,-0.034,0.525,0.0,0.3,False,False,1,,,,NONE,False,Green,60.0
347,20.5881,15.65,371,Vehicle 2,vehicle,vehicle.tesla.model3,hero_1,13.5802,326.5597,0.0017,-0.0017,-0.0004,-179.4837,13.5802,-326.5597,3.132582,-4.8987,-0.0515,0.0001,4.8989,0.7144,0.078,-0.0005,0.0192,-0.0432,0.2572,5,0,1,3.57,Driving,False,-0.018,0.122,0.002,0.0,False,False,1,,,,NONE,False,Green,30.0
347,20.5881,15.65,370,Vehicle 1,vehicle,vehicle.tesla.model3,hero_0,33.1259,330.5405,0.0017,0.0,-0.0001,0.3215,33.1259,-330.5405,-0.005611,0.0,0.0,-0.0,0.0,0.0,0.0,-0.0,-0.0,0.0,0.0,5,0,-1,23.12,Driving,False,-0.012,0.525,0.013,0.3,False,False,1,,,,NONE,False,Green,60.0
348,20.6381,15.7,375,entity_1,vehicle,vehicle.audi.a2,entity_1,61.009,331.442,-0.0073,0.0,0.0,0.0286,61.009,-331.442,-0.000499,0.0,0.0,0.0,0.0,0.0,0.0,0.0,0.0,0.0,0.0,5,0,-1,51.0,Driving,False,0.875,0.0,0.0,0.0,False,False,0,,,,NONE,False,Green,30.0
348,20.6381,15.7,374,entity_2,pedestrian,walker.pedestrian.0001,entity_2,63.906,321.6898,1.0558,0.0,0.0,-89.7611,63.906,-321.6898,1.566627,0.0009,0.0,0.0,0.0009,0.0,0.0,0.0,0.0,0.0,0.0,5,0,3,53.89,Sidewalk,False,0.579,,,,,,,0.0042,-1.0,1.02,,,,
348,20.6381,15.7,373,Vehicle 4,vehicle,vehicle.tesla.model3,hero_3,52.3826,330.5545,0.0017,0.0,-0.0002,-0.0709,52.3826,-330.5545,0.001237,0.0,-0.0,-0.0,0.0,0.0,-0.0,-0.0,0.0,0.0,0.0,5,0,-1,42.37,Driving,False,-0.008,0.525,-0.004,0.3,False,False,1,,,,NONE,False,Green,30.0
348,20.6381,15.7,372,Vehicle 3,vehicle,vehicle.tesla.model3,hero_2,43.1188,330.5233,0.0017,0.0,-0.0,0.1748,43.1188,-330.5233,-0.003051,0.0,0.0,-0.0,0.0,0.0,-0.0,-0.0,-0.0,0.0,0.0,5,0,-1,33.11,Driving,False,-0.034,0.525,0.0,0.3,False,False,1,,,,NONE,False,Green,60.0
348,20.6381,15.7,371,Vehicle 2,vehicle,vehicle.tesla.model3,hero_1,13.3366,326.5573,0.0017,-0.001,-0.0026,-179.4722,13.3366,-326.5573,3.132381,-4.855,-0.0509,0.0,4.8553,0.8733,0.0119,-0.0004,0.0099,-0.0443,0.2209,5,0,1,3.33,Driving,False,-0.016,0.122,0.002,0.0,False,False,1,,,,NONE,False,Green,30.0
348,20.6381,15.7,370,Vehicle 1,vehicle,vehicle.tesla.model3,hero_0,33.1259,330.5405,0.0017,0.0,-0.0001,0.3215,33.1259,-330.5405,-0.005611,0.0,0.0,-0.0,0.0,-0.0,-0.0,0.0,-0.0,0.0,0.0,5,0,-1,23.12,Driving,False,-0.012,0.525,0.013,0.3,False,False,1,,,,NONE,False,Green,60.0
349,20.6881,15.75,375,entity_1,vehicle,vehicle.audi.a2,entity_1,61.009,331.442,-0.0073,0.0,0.0,0.0286,61.009,-331.442,-0.000499,0.0,0.0,0.0,0.0,0.0,0.0,0.0,0.0,0.0,0.0,5,0,-1,51.0,Driving,False,0.875,0.0,0.0,0.0,False,False,0,,,,NONE,False,Green,30.0
349,20.6881,15.75,374,entity_2,pedestrian,walker.pedestrian.0001,entity_2,63.9061,321.6898,1.0558,0.0,0.0,-89.7611,63.9061,-321.6898,1.566627,0.0009,0.0,0.0,0.0009,0.0,0.0,0.0,0.0,0.0,0.0,5,0,3,53.89,Sidewalk,False,0.579,,,,,,,0.0042,-1.0,1.02,,,,
349,20.6881,15.75,373,Vehicle 4,vehicle,vehicle.tesla.model3,hero_3,52.3826,330.5545,0.0017,0.0,-0.0002,-0.0709,52.3826,-330.5545,0.001237,0.0,-0.0,-0.0,0.0,0.0,-0.0,0.0,0.0,0.0,-0.0,5,0,-1,42.37,Driving,False,-0.008,0.525,-0.004,0.3,False,False,1,,,,NONE,False,Green,30.0
349,20.6881,15.75,372,Vehicle 3,vehicle,vehicle.tesla.model3,hero_2,43.1188,330.5233,0.0017,0.0,-0.0,0.1748,43.1188,-330.5233,-0.003051,0.0,-0.0,-0.0,0.0,0.0,-0.0,-0.0,-0.0,0.0,-0.0,5,0,-1,33.11,Driving,False,-0.034,0.525,0.0,0.3,False,False,1,,,,NONE,False,Green,60.0
349,20.6881,15.75,371,Vehicle 2,vehicle,vehicle.tesla.model3,hero_1,13.0953,326.5548,0.0017,-0.0008,-0.0048,-179.4614,13.0953,-326.5548,3.132192,-4.8073,-0.051,0.0,4.8075,0.955,-0.0022,-0.0002,0.0035,-0.0404,0.2131,5,0,1,3.08,Driving,False,-0.013,0.122,0.002,0.0,False,False,1,,,,NONE,False,Green,30.0
349,20.6881,15.75,370,Vehicle 1,vehicle,vehicle.tesla.model3,hero_0,33.1259,330.5405,0.0017,0.0,-0.0001,0.3215,33.1259,-330.5405,-0.005611,-0.0,-0.0,-0.0,0.0,-0.0,-0.0,0.0,0.0,-0.0,-0.0,5,0,-1,23.12,Driving,False,-0.012,0.525,0.013,0.3,False,False,1,,,,NONE,False,Green,60.0
350,20.7381,15.8,375,entity_1,vehicle,vehicle.audi.a2,entity_1,61.009,331.442,-0.0073,0.0,0.0,0.0286,61.009,-331.442,-0.000499,0.0,0.0,0.0,0.0,0.0,0.0,0.0,0.0,0.0,0.0,5,0,-1,51.0,Driving,False,0.875,0.0,0.0,0.0,False,False,0,,,,NONE,False,Green,30.0
350,20.7381,15.8,374,entity_2,pedestrian,walker.pedestrian.0001,entity_2,63.9061,321.6898,1.0558,0.0,0.0,-89.7611,63.9061,-321.6898,1.566627,0.0009,0.0,0.0,0.0009,0.0,0.0,0.0,0.0,0.0,0.0,5,0,3,53.89,Sidewalk,False,0.579,,,,,,,0.0042,-1.0,1.02,,,,
350,20.7381,15.8,373,Vehicle 4,vehicle,vehicle.tesla.model3,hero_3,52.3826,330.5545,0.0017,0.0,-0.0002,-0.0709,52.3826,-330.5545,0.001237,-0.0,-0.0,-0.0,0.0,-0.0,-0.0,0.0,0.0001,-0.0,-0.0,5,0,-1,42.37,Driving,False,-0.008,0.525,-0.004,0.3,False,False,1,,,,NONE,False,Green,30.0
350,20.7381,15.8,372,Vehicle 3,vehicle,vehicle.tesla.model3,hero_2,43.1188,330.5233,0.0017,0.0,-0.0,0.1748,43.1188,-330.5233,-0.003051,0.0,-0.0,-0.0,0.0,-0.0,-0.0,-0.0,-0.0,0.0,-0.0,5,0,-1,33.11,Driving,False,-0.034,0.525,0.0,0.3,False,False,1,,,,NONE,False,Green,60.0
350,20.7381,15.8,371,Vehicle 2,vehicle,vehicle.tesla.model3,hero_1,12.8564,326.5523,0.0017,-0.0007,-0.0066,-179.4509,12.8564,-326.5523,3.132009,-4.7576,-0.0513,0.0,4.7578,0.9938,-0.0054,-0.0002,0.0007,-0.0342,0.2102,5,0,1,2.85,Driving,False,-0.011,0.122,0.002,0.0,False,False,1,,,,NONE,False,Green,30.0
350,20.7381,15.8,370,Vehicle 1,vehicle,vehicle.tesla.model3,hero_0,33.1259,330.5405,0.0017,0.0,-0.0001,0.3215,33.1259,-330.5405,-0.005611,-0.0,-0.0,-0.0,0.0,0.0,0.0,0.0,0.0,-0.0,-0.0,5,0,-1,23.12,Driving,False,-0.012,0.525,0.013,0.3,False,False,1,,,,NONE,False,Green,60.0
351,20.7881,15.85,375,entity_1,vehicle,vehicle.audi.a2,entity_1,61.009,331.442,-0.0073,0.0,0.0,0.0286,61.009,-331.442,-0.000499,0.0,0.0,0.0,0.0,0.0,0.0,0.0,0.0,0.0,0.0,5,0,-1,51.0,Driving,False,0.875,0.0,0.0,0.0,False,False,0,,,,NONE,False,Green,30.0
351,20.7881,15.85,374,entity_2,pedestrian,walker.pedestrian.0001,entity_2,63.9062,321.6898,1.0558,0.0,0.0,-89.7611,63.9062,-321.6898,1.566627,0.0009,0.0,0.0,0.0009,0.0,0.0,0.0,0.0,0.0,0.0,5,0,3,53.89,Sidewalk,False,0.579,,,,,,,0.0042,-1.0,1.02,,,,
351,20.7881,15.85,373,Vehicle 4,vehicle,vehicle.tesla.model3,hero_3,52.3826,330.5545,0.0017,0.0,-0.0002,-0.0709,52.3826,-330.5545,0.001237,-0.0,0.0,-0.0,0.0,0.0,0.0,0.0,-0.0,-0.0,0.0,5,0,-1,42.37,Driving,False,-0.008,0.525,-0.007,0.3,False,False,1,,,,NONE,False,Green,30.0
351,20.7881,15.85,372,Vehicle 3,vehicle,vehicle.tesla.model3,hero_2,43.1188,330.5233,0.0017,0.0,-0.0,0.1748,43.1188,-330.5233,-0.003051,0.0,-0.0,-0.0,0.0,-0.0,-0.0,-0.0,0.0,0.0,0.0,5,0,-1,33.11,Driving,False,-0.034,0.525,-0.001,0.3,False,False,1,,,,NONE,False,Green,60.0
351,20.7881,15.85,371,Vehicle 2,vehicle,vehicle.tesla.model3,hero_1,12.6216,326.5497,0.0017,-0.0012,-0.0098,-179.4358,12.6216,-326.5497,3.131746,-4.6401,-0.0543,0.0,4.6405,2.3484,-0.0602,-0.0001,-0.0097,-0.0958,0.3308,5,0,1,2.61,Driving,False,-0.008,0.0,0.004,0.81,False,False,1,,,,NONE,False,Green,30.0
351,20.7881,15.85,370,Vehicle 1,vehicle,vehicle.tesla.model3,hero_0,33.1259,330.5405,0.0017,0.0,-0.0001,0.3215,33.1259,-330.5405,-0.005611,-0.0,-0.0,-0.0,0.0,-0.0,-0.0,-0.0,0.0,-0.0,-0.0,5,0,-1,23.12,Driving,False,-0.012,0.525,0.014,0.3,False,False,1,,,,NONE,False,Green,60.0
352,20.8381,15.9,375,entity_1,vehicle,vehicle.audi.a2,entity_1,61.009,331.442,-0.0073,0.0,0.0,0.0286,61.009,-331.442,-0.000499,0.0,0.0,0.0,0.0,0.0,0.0,0.0,0.0,0.0,0.0,5,0,-1,51.0,Driving,False,0.875,0.0,0.0,0.0,False,False,0,,,,NONE,False,Green,30.0
352,20.8381,15.9,374,entity_2,pedestrian,walker.pedestrian.0001,entity_2,63.9062,321.6898,1.0558,0.0,0.0,-89.7611,63.9062,-321.6898,1.566627,0.0009,0.0,0.0,0.0009,0.0,0.0,0.0,0.0,0.0,0.0,5,0,3,53.89,Sidewalk,False,0.579,,,,,,,0.0042,-1.0,1.02,,,,
352,20.8381,15.9,373,Vehicle 4,vehicle,vehicle.tesla.model3,hero_3,52.3826,330.5545,0.0017,0.0,-0.0002,-0.0709,52.3826,-330.5545,0.001237,-0.0,-0.0,-0.0,0.0,-0.0,-0.0,0.0,0.0,-0.0,-0.0,5,0,-1,42.37,Driving,False,-0.008,0.525,-0.007,0.3,False,False,1,,,,NONE,False,Green,30.0
352,20.8381,15.9,372,Vehicle 3,vehicle,vehicle.tesla.model3,hero_2,43.1188,330.5233,0.0017,0.0,-0.0,0.1748,43.1188,-330.5233,-0.003051,-0.0,-0.0,-0.0,0.0,-0.0,0.0,-0.0,0.0,-0.0,-0.0,5,0,-1,33.11,Driving,False,-0.034,0.525,-0.001,0.3,False,False,1,,,,NONE,False,Green,60.0
352,20.8381,15.9,371,Vehicle 2,vehicle,vehicle.tesla.model3,hero_1,12.3962,326.5471,0.0018,-0.0015,-0.0175,-179.419,12.3962,-326.5471,3.131452,-4.4062,-0.0536,0.0,4.4065,4.6791,0.014,-0.0001,-0.0016,-0.193,0.3349,5,0,1,2.39,Driving,False,-0.006,0.0,0.004,0.81,False,False,1,,,,NONE,False,Green,30.0
352,20.8381,15.9,370,Vehicle 1,vehicle,vehicle.tesla.model3,hero_0,33.1259,330.5405,0.0017,0.0,-0.0001,0.3215,33.1259,-330.5405,-0.005611,-0.0,-0.0,-0.0,0.0,-0.0,-0.0,-0.0,0.0,-0.0,-0.0,5,0,-1,23.12,Driving,False,-0.012,0.525,0.014,0.3,False,False,1,,,,NONE,False,Green,60.0
353,20.8881,15.95,375,entity_1,vehicle,vehicle.audi.a2,entity_1,61.009,331.442,-0.0073,0.0,0.0,0.0286,61.009,-331.442,-0.000499,0.0,0.0,0.0,0.0,0.0,0.0,0.0,0.0,0.0,0.0,5,0,-1,51.0,Driving,False,0.875,0.0,0.0,0.0,False,False,0,,,,NONE,False,Green,30.0
353,20.8881,15.95,374,entity_2,pedestrian,walker.pedestrian.0001,entity_2,63.9062,321.6898,1.0558,0.0,0.0,-89.7611,63.9062,-321.6898,1.566627,0.0009,0.0,0.0,0.0009,0.0,0.0,0.0,0.0,0.0,0.0,5,0,3,53.89,Sidewalk,False,0.579,,,,,,,0.0042,-1.0,1.02,,,,
353,20.8881,15.95,373,Vehicle 4,vehicle,vehicle.tesla.model3,hero_3,52.3826,330.5545,0.0017,0.0,-0.0002,-0.0709,52.3826,-330.5545,0.001237,0.0,-0.0,0.0,0.0,0.0,0.0,0.0,0.0,0.0,-0.0,5,0,-1,42.37,Driving,False,-0.008,0.525,-0.007,0.3,False,False,1,,,,NONE,False,Green,30.0
353,20.8881,15.95,372,Vehicle 3,vehicle,vehicle.tesla.model3,hero_2,43.1188,330.5233,0.0017,0.0,-0.0,0.1748,43.1188,-330.5233,-0.003051,-0.0,0.0,-0.0,0.0,-0.0,0.0,0.0,0.0,-0.0,0.0,5,0,-1,33.11,Driving,False,-0.034,0.525,-0.001,0.3,False,False,1,,,,NONE,False,Green,60.0
353,20.8881,15.95,371,Vehicle 2,vehicle,vehicle.tesla.model3,hero_1,12.1858,326.5446,0.0019,-0.0016,-0.0297,-179.4028,12.1858,-326.5446,3.13117,-4.0689,-0.0509,0.0,4.0693,6.7449,0.0529,-0.0001,0.0044,-0.2691,0.3138,5,0,1,2.17,Driving,False,-0.003,0.0,0.004,0.81,False,False,1,,,,NONE,False,Green,30.0
353,20.8881,15.95,370,Vehicle 1,vehicle,vehicle.tesla.model3,hero_0,33.1259,330.5405,0.0017,0.0,-0.0001,0.3215,33.1259,-330.5405,-0.005611,-0.0,-0.0,-0.0,0.0,0.0,0.0,-0.0,0.0,-0.0,-0.0,5,0,-1,23.12,Driving,False,-0.012,0.525,0.014,0.3,False,False,1,,,,NONE,False,Green,60.0
354,20.9381,16.0,375,entity_1,vehicle,vehicle.audi.a2,entity_1,61.009,331.442,-0.0073,0.0,0.0,0.0286,61.009,-331.442,-0.000499,0.0,0.0,0.0,0.0,0.0,0.0,0.0,0.0,0.0,0.0,5,0,-1,51.0,Driving,False,0.875,0.0,0.0,0.0,False,False,0,,,,NONE,False,Green,30.0
354,20.9381,16.0,374,entity_2,pedestrian,walker.pedestrian.0001,entity_2,63.9063,321.6898,1.0558,0.0,0.0,-89.7611,63.9063,-321.6898,1.566627,0.0009,0.0,0.0,0.0009,0.0,0.0,0.0,0.0,0.0,0.0,5,0,3,53.89,Sidewalk,False,0.579,,,,,,,0.0042,-1.0,1.02,,,,
354,20.9381,16.0,373,Vehicle 4,vehicle,vehicle.tesla.model3,hero_3,52.3826,330.5545,0.0017,0.0,-0.0002,-0.0709,52.3826,-330.5545,0.001237,0.0,-0.0,0.0,0.0,0.0,-0.0,0.0,0.0,0.0,-0.0,5,0,-1,42.37,Driving,False,-0.008,0.525,-0.007,0.3,False,False,1,,,,NONE,False,Green,30.0
354,20.9381,16.0,372,Vehicle 3,vehicle,vehicle.tesla.model3,hero_2,43.1188,330.5233,0.0017,0.0,-0.0,0.1748,43.1188,-330.5233,-0.003051,-0.0,0.0,0.0,0.0,0.0,0.0,0.0,-0.0,-0.0,-0.0,5,0,-1,33.11,Driving,False,-0.034,0.525,-0.001,0.3,False,False,1,,,,NONE,False,Green,60.0
354,20.9381,16.0,371,Vehicle 2,vehicle,vehicle.tesla.model3,hero_1,11.9932,326.5422,0.0019,-0.0014,-0.043,-179.3879,11.9932,-326.5422,3.130909,-3.7102,-0.0477,0.0,3.7105,7.1754,0.0659,0.0,0.0065,-0.2554,0.2884,5,0,1,1.98,Driving,False,-0.001,0.0,0.004,0.81,False,False,1,,,,NONE,False,Green,30.0
354,20.9381,16.0,370,Vehicle 1,vehicle,vehicle.tesla.model3,hero_0,33.1259,330.5405,0.0017,0.0,-0.0001,0.3215,33.1259,-330.5405,-0.005611,-0.0,0.0,-0.0,0.0,0.0,0.0,-0.0,0.0,-0.0,-0.0,5,0,-1,23.12,Driving,False,-0.012,0.525,0.014,0.3,False,False,1,,,,NONE,False,Green,60.0
355,20.9881,16.05,375,entity_1,vehicle,vehicle.audi.a2,entity_1,61.009,331.442,-0.0073,0.0,0.0,0.0286,61.009,-331.442,-0.000499,0.0,0.0,0.0,0.0,0.0,0.0,0.0,0.0,0.0,0.0,5,0,-1,51.0,Driving,False,0.875,0.0,0.0,0.0,False,False,0,,,,NONE,False,Green,30.0
355,20.9881,16.05,374,entity_2,pedestrian,walker.pedestrian.0001,entity_2,63.9063,321.6898,1.0558,0.0,0.0,-89.7611,63.9063,-321.6898,1.566627,0.0009,0.0,0.0,0.0009,0.0,0.0,0.0,0.0,0.0,0.0,5,0,3,53.89,Sidewalk,False,0.579,,,,,,,0.0042,-1.0,1.02,,,,
355,20.9881,16.05,373,Vehicle 4,vehicle,vehicle.tesla.model3,hero_3,52.3826,330.5545,0.0017,0.0,-0.0002,-0.0709,52.3826,-330.5545,0.001237,-0.0,0.0,-0.0,0.0,-0.0,0.0,-0.0,-0.0,-0.0,-0.0,5,0,-1,42.37,Driving,False,-0.008,0.525,-0.005,0.3,False,False,1,,,,NONE,False,Green,30.0
355,20.9881,16.05,372,Vehicle 3,vehicle,vehicle.tesla.model3,hero_2,43.1188,330.5233,0.0017,0.0,-0.0,0.1748,43.1188,-330.5233,-0.003051,-0.0,0.0,-0.0,0.0,-0.0,-0.0,-0.0,-0.0,-0.0,-0.0,5,0,-1,33.11,Driving,False,-0.034,0.525,0.002,0.3,False,False,1,,,,NONE,False,Green,60.0
355,20.9881,16.05,371,Vehicle 2,vehicle,vehicle.tesla.model3,hero_1,11.8197,326.5406,0.002,0.0016,-0.0557,-179.3999,11.8197,-326.5406,3.131119,-3.3033,-0.0252,0.0,3.3033,8.1384,0.4487,-0.0,0.0611,-0.254,-0.4032,5,0,1,1.81,Driving,False,0.0,0.0,-0.007,1.0,False,False,1,,,,NONE,False,Green,30.0
355,20.9881,16.05,370,Vehicle 1,vehicle,vehicle.tesla.model3,hero_0,33.1259,330.5405,0.0017,0.0,-0.0001,0.3215,33.1259,-330.5405,-0.005611,0.0,0.0,-0.0,0.0,0.0,-0.0,-0.0,-0.0,0.0,0.0,5,0,-1,23.12,Driving,False,-0.012,0.525,0.013,0.3,False,False,1,,,,NONE,False,Green,60.0
356,21.0381,16.1,375,entity_1,vehicle,vehicle.audi.a2,entity_1,61.009,331.442,-0.0073,0.0,0.0,0.0286,61.009,-331.442,-0.000499,0.0,0.0,0.0,0.0,0.0,0.0,0.0,0.0,0.0,0.0,5,0,-1,51.0,Driving,False,0.875,0.0,0.0,0.0,False,False,0,,,,NONE,False,Green,30.0
356,21.0381,16.1,374,entity_2,pedestrian,walker.pedestrian.0001,entity_2,63.9064,321.6898,1.0558,0.0,0.0,-89.7611,63.9064,-321.6898,1.566627,0.0009,0.0,0.0,0.0009,0.0,0.0,0.0,0.0,0.0,0.0,5,0,3,53.89,Sidewalk,False,0.579,,,,,,,0.0042,-1.0,1.02,,,,
356,21.0381,16.1,373,Vehicle 4,vehicle,vehicle.tesla.model3,hero_3,52.3826,330.5545,0.0017,0.0,-0.0002,-0.0709,52.3826,-330.5545,0.001237,-0.0,0.0,-0.0,0.0,0.0,0.0,0.0,-0.0,-0.0,0.0,5,0,-1,42.37,Driving,False,-0.008,0.525,-0.005,0.3,False,False,1,,,,NONE,False,Green,30.0
356,21.0381,16.1,372,Vehicle 3,vehicle,vehicle.tesla.model3,hero_2,43.1188,330.5233,0.0017,0.0,-0.0,0.1748,43.1188,-330.5233,-0.003051,0.0,0.0,-0.0,0.0,0.0,-0.0,-0.0,-0.0,0.0,0.0,5,0,-1,33.11,Driving,False,-0.034,0.525,0.002,0.3,False,False,1,,,,NONE,False,Green,60.0
356,21.0381,16.1,371,Vehicle 2,vehicle,vehicle.tesla.model3,hero_1,11.667,326.5395,0.0021,0.0032,-0.0671,-179.4212,11.667,-326.5395,3.131491,-2.8965,-0.0179,0.0,2.8966,8.1348,0.1456,-0.0,0.0165,-0.2074,-0.4144,5,0,1,1.66,Driving,False,0.001,0.0,-0.007,1.0,False,False,1,,,,NONE,False,Green,30.0
356,21.0381,16.1,370,Vehicle 1,vehicle,vehicle.tesla.model3,hero_0,33.1259,330.5405,0.0017,0.0,-0.0001,0.3215,33.1259,-330.5405,-0.005611,0.0,0.0,-0.0,0.0,0.0,0.0,-0.0,-0.0,0.0,-0.0,5,0,-1,23.12,Driving,False,-0.012,0.525,0.013,0.3,False,False,1,,,,NONE,False,Green,60.0
357,21.0881,16.15,375,entity_1,vehicle,vehicle.audi.a2,entity_1,61.009,331.442,-0.0073,0.0,0.0,0.0286,61.009,-331.442,-0.000499,0.0,0.0,0.0,0.0,0.0,0.0,0.0,0.0,0.0,0.0,5,0,-1,51.0,Driving,False,0.875,0.0,0.0,0.0,False,False,0,,,,NONE,False,Green,30.0
357,21.0881,16.15,374,entity_2,pedestrian,walker.pedestrian.0001,entity_2,63.9064,321.6898,1.0558,0.0,0.0,-89.7611,63.9064,-321.6898,1.566627,0.0009,0.0,0.0,0.0009,0.0,0.0,0.0,0.0,0.0,0.0,5,0,3,53.89,Sidewalk,False,0.579,,,,,,,0.0042,-1.0,1.02,,,,
357,21.0881,16.15,373,Vehicle 4,vehicle,vehicle.tesla.model3,hero_3,52.3826,330.5545,0.0017,0.0,-0.0002,-0.0709,52.3826,-330.5545,0.001237,-0.0,0.0,-0.0,0.0,0.0,-0.0,0.0,-0.0,-0.0,0.0,5,0,-1,42.37,Driving,False,-0.008,0.525,-0.005,0.3,False,False,1,,,,NONE,False,Green,30.0
357,21.0881,16.15,372,Vehicle 3,vehicle,vehicle.tesla.model3,hero_2,43.1188,330.5233,0.0017,0.0,-0.0,0.1748,43.1188,-330.5233,-0.003051,0.0,-0.0,-0.0,0.0,0.0,-0.0,-0.0,-0.0,0.0,-0.0,5,0,-1,33.11,Driving,False,-0.034,0.525,0.002,0.3,False,False,1,,,,NONE,False,Green,60.0
357,21.0881,16.15,371,Vehicle 2,vehicle,vehicle.tesla.model3,hero_1,11.5335,326.5386,0.0021,0.003,-0.0765,-179.4411,11.5335,-326.5386,3.131838,-2.5235,-0.0137,-0.0011,2.5235,7.4604,0.0852,-0.0216,-0.0077,-0.1672,-0.3844,5,0,1,1.52,Driving,False,0.002,0.0,-0.007,1.0,False,False,1,,,,NONE,False,Green,30.0
357,21.0881,16.15,370,Vehicle 1,vehicle,vehicle.tesla.model3,hero_0,33.1259,330.5405,0.0017,0.0,-0.0001,0.3215,33.1259,-330.5405,-0.005611,0.0,0.0,-0.0,0.0,0.0,0.0,0.0,-0.0,0.0,0.0,5,0,-1,23.12,Driving,False,-0.012,0.525,0.013,0.3,False,False,1,,,,NONE,False,Green,60.0
358,21.1381,16.2,375,entity_1,vehicle,vehicle.audi.a2,entity_1,61.009,331.442,-0.0073,0.0,0.0,0.0286,61.009,-331.442,-0.000499,0.0,0.0,0.0,0.0,0.0,0.0,0.0,0.0,0.0,0.0,5,0,-1,51.0,Driving,False,0.875,0.0,0.0,0.0,False,False,0,,,,NONE,False,Green,30.0
358,21.1381,16.2,374,entity_2,pedestrian,walker.pedestrian.0001,entity_2,63.9065,321.6898,1.0558,0.0,0.0,-89.7611,63.9065,-321.6898,1.566627,0.0009,0.0,0.0,0.0009,0.0,0.0,0.0,0.0,0.0,0.0,5,0,3,53.89,Sidewalk,False,0.579,,,,,,,0.0042,-1.0,1.02,,,,
358,21.1381,16.2,373,Vehicle 4,vehicle,vehicle.tesla.model3,hero_3,52.3826,330.5545,0.0017,0.0,-0.0002,-0.0709,52.3826,-330.5545,0.001237,0.0,-0.0,-0.0,0.0,0.0,-0.0,-0.0,0.0,0.0,-0.0,5,0,-1,42.37,Driving,False,-0.008,0.525,-0.005,0.3,False,False,1,,,,NONE,False,Green,30.0
358,21.1381,16.2,372,Vehicle 3,vehicle,vehicle.tesla.model3,hero_2,43.1188,330.5233,0.0017,0.0,-0.0,0.1748,43.1188,-330.5233,-0.003051,0.0,-0.0,-0.0,0.0,-0.0,-0.0,-0.0,0.0,0.0,-0.0,5,0,-1,33.11,Driving,False,-0.034,0.525,0.002,0.3,False,False,1,,,,NONE,False,Green,60.0
358,21.1381,16.2,371,Vehicle 2,vehicle,vehicle.tesla.model3,hero_1,11.4338,326.5379,0.0022,0.0018,-0.1003,-179.4552,11.4338,-326.5379,3.132084,-1.5332,-0.0083,-0.0009,1.5332,19.8057,0.1065,0.0037,-0.0223,-0.726,-0.1948,5,0,1,1.42,Driving,False,0.003,0.0,-0.007,1.0,False,False,1,,,,NONE,False,Green,30.0
358,21.1381,16.2,370,Vehicle 1,vehicle,vehicle.tesla.model3,hero_0,33.1259,330.5405,0.0017,0.0,-0.0001,0.3215,33.1259,-330.5405,-0.005611,0.0,0.0,0.0,0.0,-0.0,-0.0,0.0,0.0,0.0,0.0,5,0,-1,23.12,Driving,False,-0.012,0.525,0.013,0.3,False,False,1,,,,NONE,False,Green,60.0
359,21.1881,16.25,375,entity_1,vehicle,vehicle.audi.a2,entity_1,61.009,331.442,-0.0073,0.0,0.0,0.0286,61.009,-331.442,-0.000499,0.0,0.0,0.0,0.0,0.0,0.0,0.0,0.0,0.0,0.0,5,0,-1,51.0,Driving,False,0.875,0.0,0.0,0.0,False,False,0,,,,NONE,False,Green,30.0
359,21.1881,16.25,374,entity_2,pedestrian,walker.pedestrian.0001,entity_2,63.9065,321.6898,1.0558,0.0,0.0,-89.7611,63.9065,-321.6898,1.566627,0.0009,0.0,0.0,0.0009,0.0,0.0,0.0,0.0,0.0,0.0,5,0,3,53.89,Sidewalk,False,0.579,,,,,,,0.0042,-1.0,1.02,,,,
359,21.1881,16.25,373,Vehicle 4,vehicle,vehicle.tesla.model3,hero_3,52.3826,330.5545,0.0017,0.0,-0.0002,-0.0709,52.3826,-330.5545,0.001237,-0.0,0.0,-0.0,0.0,-0.0,0.0,0.0,-0.0,-0.0,-0.0,5,0,-1,42.37,Driving,False,-0.008,0.525,-0.006,0.3,False,False,1,,,,NONE,False,Green,30.0
359,21.1881,16.25,372,Vehicle 3,vehicle,vehicle.tesla.model3,hero_2,43.1188,330.5233,0.0017,0.0,-0.0,0.1748,43.1188,-330.5233,-0.003051,-0.0,-0.0,-0.0,0.0,-0.0,-0.0,-0.0,0.0,-0.0,-0.0,5,0,-1,33.11,Driving,False,-0.034,0.525,0.0,0.3,False,False,1,,,,NONE,False,Green,60.0
359,21.1881,16.25,371,Vehicle 2,vehicle,vehicle.tesla.model3,hero_1,11.3971,326.5377,0.0024,0.0001,-0.1447,-179.4581,11.3971,-326.5377,3.132135,-0.22,-0.0012,-0.0003,0.22,26.2633,0.1437,0.0117,-0.0209,-0.9103,-0.0086,5,0,1,1.39,Driving,False,0.003,0.0,-0.0,0.7,False,False,1,,,,NONE,False,Green,30.0
359,21.1881,16.25,370,Vehicle 1,vehicle,vehicle.tesla.model3,hero_0,33.1259,330.5405,0.0017,0.0,-0.0001,0.3215,33.1259,-330.5405,-0.005611,-0.0,-0.0,-0.0,0.0,-0.0,-0.0,-0.0,0.0,-0.0,-0.0,5,0,-1,23.12,Driving,False,-0.012,0.525,0.015,0.3,False,False,1,,,,NONE,False,Green,60.0
360,21.2381,16.3,375,entity_1,vehicle,vehicle.audi.a2,entity_1,61.009,331.442,-0.0073,0.0,0.0,0.0286,61.009,-331.442,-0.000499,0.0,0.0,0.0,0.0,0.0,0.0,0.0,0.0,0.0,0.0,5,0,-1,51.0,Driving,False,0.875,0.0,0.0,0.0,False,False,0,,,,NONE,False,Green,30.0
360,21.2381,16.3,374,entity_2,pedestrian,walker.pedestrian.0001,entity_2,63.9066,321.6898,1.0558,0.0,0.0,-89.7611,63.9066,-321.6898,1.566627,0.0009,0.0,0.0,0.0009,0.0,0.0,0.0,0.0,0.0,0.0,5,0,3,53.89,Sidewalk,False,0.579,,,,,,,0.0042,-1.0,1.02,,,,
360,21.2381,16.3,373,Vehicle 4,vehicle,vehicle.tesla.model3,hero_3,52.3826,330.5545,0.0017,0.0,-0.0002,-0.0709,52.3826,-330.5545,0.001237,-0.0,0.0,-0.0,0.0,0.0,0.0,0.0,-0.0,-0.0,-0.0,5,0,-1,42.37,Driving,False,-0.008,0.525,-0.006,0.3,False,False,1,,,,NONE,False,Green,30.0
360,21.2381,16.3,372,Vehicle 3,vehicle,vehicle.tesla.model3,hero_2,43.1188,330.5233,0.0017,0.0,-0.0,0.1748,43.1188,-330.5233,-0.003051,0.0,-0.0,-0.0,0.0,0.0,0.0,-0.0,0.0,0.0,0.0,5,0,-1,33.11,Driving,False,-0.034,0.525,0.0,0.3,False,False,1,,,,NONE,False,Green,60.0
360,21.2381,16.3,371,Vehicle 2,vehicle,vehicle.tesla.model3,hero_1,11.3958,326.5377,0.0025,-0.0008,-0.1574,-179.4583,11.3958,-326.5377,3.132138,0.0001,0.0001,-0.0002,0.0003,4.403,0.0251,0.0011,-0.0111,0.1546,-0.0,5,0,1,1.38,Driving,False,0.003,0.0,-0.0,0.7,False,False,1,,,,NONE,False,Green,30.0
360,21.2381,16.3,370,Vehicle 1,vehicle,vehicle.tesla.model3,hero_0,33.1259,330.5405,0.0017,0.0,-0.0001,0.3215,33.1259,-330.5405,-0.005611,-0.0,-0.0,-0.0,0.0,0.0,0.0,0.0,0.0,-0.0,-0.0,5,0,-1,23.12,Driving,False,-0.012,0.525,0.015,0.3,False,False,1,,,,NONE,False,Green,60.0
361,21.2881,16.35,375,entity_1,vehicle,vehicle.audi.a2,entity_1,61.009,331.442,-0.0073,0.0,0.0,0.0286,61.009,-331.442,-0.000499,0.0,0.0,0.0,0.0,0.0,0.0,0.0,0.0,0.0,0.0,5,0,-1,51.0,Driving,False,0.875,0.0,0.0,0.0,False,False,0,,,,NONE,False,Green,30.0
361,21.2881,16.35,374,entity_2,pedestrian,walker.pedestrian.0001,entity_2,63.9066,321.6898,1.0558,0.0,0.0,-89.7611,63.9066,-321.6898,1.566627,0.0009,0.0,0.0,0.0009,0.0,0.0,0.0,0.0,0.0,0.0,5,0,3,53.89,Sidewalk,False,0.579,,,,,,,0.0042,-1.0,1.02,,,,
361,21.2881,16.35,373,Vehicle 4,vehicle,vehicle.tesla.model3,hero_3,52.3826,330.5545,0.0017,0.0,-0.0002,-0.0709,52.3826,-330.5545,0.001237,0.0,-0.0,-0.0,0.0,0.0,-0.0,0.0,0.0,0.0,-0.0,5,0,-1,42.37,Driving,False,-0.008,0.525,-0.006,0.3,False,False,1,,,,NONE,False,Green,30.0
361,21.2881,16.35,372,Vehicle 3,vehicle,vehicle.tesla.model3,hero_2,43.1188,330.5233,0.0017,0.0,-0.0,0.1748,43.1188,-330.5233,-0.003051,-0.0,0.0,-0.0,0.0,-0.0,0.0,-0.0,0.0,-0.0,-0.0,5,0,-1,33.11,Driving,False,-0.034,0.525,0.0,0.3,False,False,1,,,,NONE,False,Green,60.0
361,21.2881,16.35,371,Vehicle 2,vehicle,vehicle.tesla.model3,hero_1,11.3957,326.5377,0.0023,-0.0009,-0.1363,-179.4583,11.3957,-326.5377,3.132138,0.0003,0.0,-0.0002,0.0004,0.0047,-0.0014,0.0,-0.0059,0.522,-0.0001,5,0,1,1.38,Driving,False,0.003,0.0,-0.0,0.7,False,False,1,,,,NONE,False,Green,30.0
361,21.2881,16.35,370,Vehicle 1,vehicle,vehicle.tesla.model3,hero_0,33.1259,330.5405,0.0017,0.0,-0.0001,0.3215,33.1259,-330.5405,-0.005611,0.0,0.0,0.0,0.0,0.0,0.0,0.0,-0.0,0.0,0.0,5,0,-1,23.12,Driving,False,-0.012,0.525,0.015,0.3,False,False,1,,,,NONE,False,Green,60.0
362,21.3381,16.4,375,entity_1,vehicle,vehicle.audi.a2,entity_1,61.009,331.442,-0.0073,0.0,0.0,0.0286,61.009,-331.442,-0.000499,0.0,0.0,0.0,0.0,0.0,0.0,0.0,0.0,0.0,0.0,5,0,-1,51.0,Driving,False,0.875,0.0,0.0,0.0,False,False,0,,,,NONE,False,Green,30.0
362,21.3381,16.4,374,entity_2,pedestrian,walker.pedestrian.0001,entity_2,63.9066,321.6898,1.0558,0.0,0.0,-89.7611,63.9066,-321.6898,1.566627,0.0009,0.0,0.0,0.0009,0.0,0.0,0.0,0.0,0.0,0.0,5,0,3,53.89,Sidewalk,False,0.579,,,,,,,0.0042,-1.0,1.02,,,,
362,21.3381,16.4,373,Vehicle 4,vehicle,vehicle.tesla.model3,hero_3,52.3826,330.5545,0.0017,0.0,-0.0002,-0.0709,52.3826,-330.5545,0.001237,0.0,-0.0,-0.0,0.0,0.0,-0.0,-0.0,0.0,0.0,-0.0,5,0,-1,42.37,Driving,False,-0.008,0.525,-0.006,0.3,False,False,1,,,,NONE,False,Green,30.0
362,21.3381,16.4,372,Vehicle 3,vehicle,vehicle.tesla.model3,hero_2,43.1188,330.5233,0.0017,0.0,-0.0,0.1748,43.1188,-330.5233,-0.003051,0.0,0.0,0.0,0.0,0.0,-0.0,0.0,0.0,0.0,0.0,5,0,-1,33.11,Driving,False,-0.034,0.525,0.0,0.3,False,False,1,,,,NONE,False,Green,60.0
362,21.3381,16.4,371,Vehicle 2,vehicle,vehicle.tesla.model3,hero_1,11.3955,326.5377,0.0022,-0.0009,-0.1091,-179.4583,11.3955,-326.5377,3.132138,0.0004,-0.0,-0.0002,0.0004,0.0002,-0.0005,0.0007,-0.0034,0.5352,-0.0,5,0,1,1.38,Driving,False,0.003,0.0,-0.0,0.7,False,False,1,,,,NONE,False,Green,30.0
362,21.3381,16.4,370,Vehicle 1,vehicle,vehicle.tesla.model3,hero_0,33.1259,330.5405,0.0017,0.0,-0.0001,0.3215,33.1259,-330.5405,-0.005611,0.0,0.0,0.0,0.0,0.0,-0.0,0.0,-0.0,0.0,0.0,5,0,-1,23.12,Driving,False,-0.012,0.525,0.015,0.3,False,False,1,,,,NONE,False,Green,60.0
363,21.3881,16.45,375,entity_1,vehicle,vehicle.audi.a2,entity_1,61.009,331.442,-0.0073,0.0,0.0,0.0286,61.009,-331.442,-0.000499,0.0,0.0,0.0,0.0,0.0,0.0,0.0,0.0,0.0,0.0,5,0,-1,51.0,Driving,False,0.875,0.0,0.0,0.0,False,False,0,,,,NONE,False,Green,30.0
363,21.3881,16.45,374,entity_2,pedestrian,walker.pedestrian.0001,entity_2,63.9067,321.6898,1.0558,0.0,0.0,-89.7611,63.9067,-321.6898,1.566627,0.0009,0.0,0.0,0.0009,0.0,0.0,0.0,0.0,0.0,0.0,5,0,3,53.89,Sidewalk,False,0.579,,,,,,,0.0042,-1.0,1.02,,,,
363,21.3881,16.45,373,Vehicle 4,vehicle,vehicle.tesla.model3,hero_3,52.3826,330.5545,0.0017,0.0,-0.0002,-0.0709,52.3826,-330.5545,0.001237,-0.0,-0.0,0.0,0.0,-0.0,-0.0,0.0,0.0001,-0.0,-0.0,5,0,-1,42.37,Driving,False,-0.008,0.525,-0.004,0.3,False,False,1,,,,NONE,False,Green,30.0
363,21.3881,16.45,372,Vehicle 3,vehicle,vehicle.tesla.model3,hero_2,43.1188,330.5233,0.0017,0.0,-0.0,0.1748,43.1188,-330.5233,-0.003051,-0.0,0.0,0.0,0.0,-0.0,0.0,0.0,-0.0,-0.0,-0.0,5,0,-1,33.11,Driving,False,-0.034,0.525,0.001,0.3,False,False,1,,,,NONE,False,Green,60.0
363,21.3881,16.45,371,Vehicle 2,vehicle,vehicle.tesla.model3,hero_1,11.3954,326.5377,0.002,-0.0008,-0.0847,-179.4583,11.3954,-326.5377,3.132138,0.0003,0.0,-0.0002,0.0003,-0.0011,0.0002,0.0009,-0.0022,0.4503,-0.0001,5,0,1,1.38,Driving,False,0.003,0.0,-0.008,0.7,False,False,1,,,,NONE,False,Green,30.0
363,21.3881,16.45,370,Vehicle 1,vehicle,vehicle.tesla.model3,hero_0,33.1259,330.5405,0.0017,0.0,-0.0001,0.3215,33.1259,-330.5405,-0.005611,-0.0,-0.0,-0.0,0.0,-0.0,-0.0,-0.0,0.0,-0.0,-0.0,5,0,-1,23.12,Driving,False,-0.012,0.525,0.015,0.3,False,False,1,,,,NONE,False,Green,60.0
364,21.4381,16.5,375,entity_1,vehicle,vehicle.audi.a2,entity_1,61.009,331.442,-0.0073,0.0,0.0,0.0286,61.009,-331.442,-0.000499,0.0,0.0,0.0,0.0,0.0,0.0,0.0,0.0,0.0,0.0,5,0,-1,51.0,Driving,False,0.875,0.0,0.0,0.0,False,False,0,,,,NONE,False,Green,30.0
364,21.4381,16.5,374,entity_2,pedestrian,walker.pedestrian.0001,entity_2,63.9067,321.6898,1.0558,0.0,0.0,-89.7611,63.9067,-321.6898,1.566627,0.0009,0.0,0.0,0.0009,0.0,0.0,0.0,0.0,0.0,0.0,5,0,3,53.89,Sidewalk,False,0.579,,,,,,,0.0042,-1.0,1.02,,,,
364,21.4381,16.5,373,Vehicle 4,vehicle,vehicle.tesla.model3,hero_3,52.3826,330.5545,0.0017,0.0,-0.0002,-0.0709,52.3826,-330.5545,0.001237,0.0,0.0,-0.0,0.0,0.0,0.0,-0.0,0.0,0.0,-0.0,5,0,-1,42.37,Driving,False,-0.008,0.525,-0.004,0.3,False,False,1,,,,NONE,False,Green,30.0
364,21.4381,16.5,372,Vehicle 3,vehicle,vehicle.tesla.model3,hero_2,43.1188,330.5233,0.0017,0.0,-0.0,0.1748,43.1188,-330.5233,-0.003051,0.0,0.0,-0.0,0.0,0.0,-0.0,-0.0,-0.0,0.0,0.0,5,0,-1,33.11,Driving,False,-0.034,0.525,0.001,0.3,False,False,1,,,,NONE,False,Green,60.0
364,21.4381,16.5,371,Vehicle 2,vehicle,vehicle.tesla.model3,hero_1,11.3952,326.5377,0.0019,-0.0007,-0.0652,-179.4583,11.3952,-326.5377,3.132138,0.0002,0.0,-0.0001,0.0003,-0.0013,-0.0,0.0007,-0.0015,0.3529,-0.0001,5,0,1,1.38,Driving,False,0.003,0.0,-0.008,0.7,False,False,1,,,,NONE,False,Green,30.0
364,21.4381,16.5,370,Vehicle 1,vehicle,vehicle.tesla.model3,hero_0,33.1259,330.5405,0.0017,0.0,-0.0001,0.3215,33.1259,-330.5405,-0.005611,0.0,0.0,0.0,0.0,0.0,0.0,0.0,-0.0,0.0,0.0,5,0,-1,23.12,Driving,False,-0.012,0.525,0.015,0.3,False,False,1,,,,NONE,False,Green,60.0
365,21.4881,16.55,375,entity_1,vehicle,vehicle.audi.a2,entity_1,61.009,331.442,-0.0073,0.0,0.0,0.0286,61.009,-331.442,-0.000499,0.0,0.0,0.0,0.0,0.0,0.0,0.0,0.0,0.0,0.0,5,0,-1,51.0,Driving,False,0.875,0.0,0.0,0.0,False,False,0,,,,NONE,False,Green,30.0
365,21.4881,16.55,374,entity_2,pedestrian,walker.pedestrian.0001,entity_2,63.9068,321.6898,1.0558,0.0,0.0,-89.7611,63.9068,-321.6898,1.566627,0.0009,0.0,0.0,0.0009,0.0,0.0,0.0,0.0,0.0,0.0,5,0,3,53.89,Sidewalk,False,0.579,,,,,,,0.0042,-1.0,1.02,,,,
365,21.4881,16.55,373,Vehicle 4,vehicle,vehicle.tesla.model3,hero_3,52.3826,330.5545,0.0017,0.0,-0.0002,-0.0709,52.3826,-330.5545,0.001237,0.0,-0.0,-0.0,0.0,0.0,-0.0,-0.0,-0.0,0.0,0.0,5,0,-1,42.37,Driving,False,-0.008,0.525,-0.004,0.3,False,False,1,,,,NONE,False,Green,30.0
365,21.4881,16.55,372,Vehicle 3,vehicle,vehicle.tesla.model3,hero_2,43.1188,330.5233,0.0017,0.0,-0.0,0.1748,43.1188,-330.5233,-0.003051,0.0,-0.0,-0.0,0.0,0.0,-0.0,-0.0,-0.0,0.0,-0.0,5,0,-1,33.11,Driving,False,-0.034,0.525,0.001,0.3,False,False,1,,,,NONE,False,Green,60.0
365,21.4881,16.55,371,Vehicle 2,vehicle,vehicle.tesla.model3,hero_1,11.3952,326.5377,0.0018,-0.0006,-0.0501,-179.4583,11.3952,-326.5377,3.132138,0.0002,0.0,-0.0001,0.0002,-0.0011,-0.0,0.0007,-0.0011,0.2682,-0.0,5,0,1,1.38,Driving,False,0.003,0.0,-0.008,0.7,False,False,1,,,,NONE,False,Green,30.0
365,21.4881,16.55,370,Vehicle 1,vehicle,vehicle.tesla.model3,hero_0,33.1259,330.5405,0.0017,0.0,-0.0001,0.3215,33.1259,-330.5405,-0.005611,0.0,0.0,0.0,0.0,0.0,-0.0,0.0,-0.0,0.0,0.0,5,0,-1,23.12,Driving,False,-0.012,0.525,0.015,0.3,False,False,1,,,,NONE,False,Green,60.0
366,21.5381,16.6,375,entity_1,vehicle,vehicle.audi.a2,entity_1,61.009,331.442,-0.0073,0.0,0.0,0.0286,61.009,-331.442,-0.000499,0.0,0.0,0.0,0.0,0.0,0.0,0.0,0.0,0.0,0.0,5,0,-1,51.0,Driving,False,0.875,0.0,0.0,0.0,False,False,0,,,,NONE,False,Green,30.0
366,21.5381,16.6,374,entity_2,pedestrian,walker.pedestrian.0001,entity_2,63.9068,321.6898,1.0558,0.0,0.0,-89.7611,63.9068,-321.6898,1.566627,0.0009,0.0,0.0,0.0009,0.0,0.0,0.0,0.0,0.0,0.0,5,0,3,53.89,Sidewalk,False,0.579,,,,,,,0.0042,-1.0,1.02,,,,
366,21.5381,16.6,373,Vehicle 4,vehicle,vehicle.tesla.model3,hero_3,52.3826,330.5545,0.0017,0.0,-0.0002,-0.0709,52.3826,-330.5545,0.001237,0.0,0.0,-0.0,0.0,0.0,0.0,-0.0,-0.0,0.0,0.0,5,0,-1,42.37,Driving,False,-0.008,0.525,-0.004,0.3,False,False,1,,,,NONE,False,Green,30.0
366,21.5381,16.6,372,Vehicle 3,vehicle,vehicle.tesla.model3,hero_2,43.1188,330.5233,0.0017,0.0,-0.0,0.1748,43.1188,-330.5233,-0.003051,0.0,-0.0,-0.0,0.0,-0.0,-0.0,-0.0,0.0,0.0,-0.0,5,0,-1,33.11,Driving,False,-0.034,0.525,0.001,0.3,False,False,1,,,,NONE,False,Green,60.0
366,21.5381,16.6,371,Vehicle 2,vehicle,vehicle.tesla.model3,hero_1,11.3951,326.5377,0.0017,-0.0005,-0.0388,-179.4583,11.3951,-326.5377,3.132138,0.0001,-0.0,-0.0001,0.0002,-0.0009,-0.0,0.0005,-0.0008,0.2009,-0.0,5,0,1,1.38,Driving,False,0.003,0.0,-0.008,0.7,False,False,1,,,,NONE,False,Green,30.0
366,21.5381,16.6,370,Vehicle 1,vehicle,vehicle.tesla.model3,hero_0,33.1259,330.5405,0.0017,0.0,-0.0001,0.3215,33.1259,-330.5405,-0.005611,-0.0,-0.0,-0.0,0.0,-0.0,-0.0,-0.0,0.0,-0.0,-0.0,5,0,-1,23.12,Driving,False,-0.012,0.525,0.015,0.3,False,False,1,,,,NONE,False,Green,60.0
367,21.5881,16.65,375,entity_1,vehicle,vehicle.audi.a2,entity_1,61.009,331.442,-0.0073,0.0,0.0,0.0286,61.009,-331.442,-0.000499,0.0,0.0,0.0,0.0,0.0,0.0,0.0,0.0,0.0,0.0,5,0,-1,51.0,Driving,False,0.875,0.0,0.0,0.0,False,False,0,,,,NONE,False,Green,30.0
367,21.5881,16.65,374,entity_2,pedestrian,walker.pedestrian.0001,entity_2,63.9069,321.6898,1.0558,0.0,0.0,-89.7611,63.9069,-321.6898,1.566627,0.0009,0.0,0.0,0.0009,0.0,0.0,0.0,0.0,0.0,0.0,5,0,3,53.89,Sidewalk,False,0.579,,,,,,,0.0042,-1.0,1.02,,,,
367,21.5881,16.65,373,Vehicle 4,vehicle,vehicle.tesla.model3,hero_3,52.3826,330.5545,0.0017,0.0,-0.0002,-0.0709,52.3826,-330.5545,0.001237,0.0,-0.0,-0.0,0.0,-0.0,-0.0,-0.0,-0.0,0.0,0.0,5,0,-1,42.37,Driving,False,-0.008,0.525,-0.007,0.3,False,False,1,,,,NONE,False,Green,30.0
367,21.5881,16.65,372,Vehicle 3,vehicle,vehicle.tesla.model3,hero_2,43.1188,330.5233,0.0017,0.0,-0.0,0.1748,43.1188,-330.5233,-0.003051,0.0,-0.0,-0.0,0.0,-0.0,-0.0,-0.0,0.0,0.0,-0.0,5,0,-1,33.11,Driving,False,-0.034,0.525,0.001,0.3,False,False,1,,,,NONE,False,Green,60.0
367,21.5881,16.65,371,Vehicle 2,vehicle,vehicle.tesla.model3,hero_1,11.395,326.5377,0.0017,-0.0005,-0.0304,-179.4583,11.395,-326.5377,3.132138,0.0001,0.0,-0.0001,0.0001,-0.0007,0.0,0.0004,-0.0006,0.1495,-0.0,5,0,1,1.38,Driving,False,0.003,0.0,-0.01,0.7,False,False,1,,,,NONE,False,Green,30.0
367,21.5881,16.65,370,Vehicle 1,vehicle,vehicle.tesla.model3,hero_0,33.1259,330.5405,0.0017,0.0,-0.0001,0.3215,33.1259,-330.5405,-0.005611,0.0,0.0,-0.0,0.0,0.0,0.0,0.0,-0.0,0.0,0.0,5,0,-1,23.12,Driving,False,-0.012,0.525,0.013,0.3,False,False,1,,,,NONE,False,Green,60.0
368,21.6381,16.7,375,entity_1,vehicle,vehicle.audi.a2,entity_1,61.009,331.442,-0.0073,0.0,0.0,0.0286,61.009,-331.442,-0.000499,0.0,0.0,0.0,0.0,0.0,0.0,0.0,0.0,0.0,0.0,5,0,-1,51.0,Driving,False,0.875,0.0,0.0,0.0,False,False,0,,,,NONE,False,Green,30.0
368,21.6381,16.7,374,entity_2,pedestrian,walker.pedestrian.0001,entity_2,63.9069,321.6898,1.0558,0.0,0.0,-89.7611,63.9069,-321.6898,1.566627,0.0009,0.0,0.0,0.0009,0.0,0.0,0.0,0.0,0.0,0.0,5,0,3,53.89,Sidewalk,False,0.579,,,,,,,0.0042,-1.0,1.02,,,,
368,21.6381,16.7,373,Vehicle 4,vehicle,vehicle.tesla.model3,hero_3,52.3826,330.5545,0.0017,0.0,-0.0002,-0.0709,52.3826,-330.5545,0.001237,0.0,0.0,-0.0,0.0,0.0,0.0,-0.0,-0.0,0.0,0.0,5,0,-1,42.37,Driving,False,-0.008,0.525,-0.007,0.3,False,False,1,,,,NONE,False,Green,30.0
368,21.6381,16.7,372,Vehicle 3,vehicle,vehicle.tesla.model3,hero_2,43.1188,330.5233,0.0017,0.0,-0.0,0.1748,43.1188,-330.5233,-0.003051,-0.0,-0.0,-0.0,0.0,-0.0,0.0,-0.0,0.0,-0.0,-0.0,5,0,-1,33.11,Driving,False,-0.034,0.525,0.001,0.3,False,False,1,,,,NONE,False,Green,60.0
368,21.6381,16.7,371,Vehicle 2,vehicle,vehicle.tesla.model3,hero_1,11.395,326.5377,0.0017,-0.0005,-0.0266,-179.4583,11.395,-326.5377,3.132138,0.0,0.0,-0.0,0.0,-0.0012,-0.0,0.0008,-0.0002,0.0566,-0.0,5,0,1,1.38,Driving,False,0.003,0.0,-0.01,0.7,False,False,1,,,,NONE,False,Green,30.0
368,21.6381,16.7,370,Vehicle 1,vehicle,vehicle.tesla.model3,hero_0,33.1259,330.5405,0.0017,0.0,-0.0001,0.3215,33.1259,-330.5405,-0.005611,0.0,0.0,-0.0,0.0,0.0,0.0,0.0,-0.0,0.0,0.0,5,0,-1,23.12,Driving,False,-0.012,0.525,0.013,0.3,False,False,1,,,,NONE,False,Green,60.0
369,21.6881,16.75,375,entity_1,vehicle,vehicle.audi.a2,entity_1,61.009,331.442,-0.0073,0.0,0.0,0.0286,61.009,-331.442,-0.000499,0.0,0.0,0.0,0.0,0.0,0.0,0.0,0.0,0.0,0.0,5,0,-1,51.0,Driving,False,0.875,0.0,0.0,0.0,False,False,0,,,,NONE,False,Green,30.0
369,21.6881,16.75,374,entity_2,pedestrian,walker.pedestrian.0001,entity_2,63.9069,321.6898,1.0558,0.0,0.0,-89.7611,63.9069,-321.6898,1.566627,0.0009,0.0,0.0,0.0009,0.0,0.0,0.0,0.0,0.0,0.0,5,0,3,53.89,Sidewalk,False,0.579,,,,,,,0.0042,-1.0,1.02,,,,
369,21.6881,16.75,373,Vehicle 4,vehicle,vehicle.tesla.model3,hero_3,52.3826,330.5545,0.0017,0.0,-0.0002,-0.0709,52.3826,-330.5545,0.001237,0.0,0.0,0.0,0.0,-0.0,-0.0,0.0,0.0,0.0,0.0,5,0,-1,42.37,Driving,False,-0.008,0.525,-0.007,0.3,False,False,1,,,,NONE,False,Green,30.0
369,21.6881,16.75,372,Vehicle 3,vehicle,vehicle.tesla.model3,hero_2,43.1188,330.5233,0.0017,0.0,-0.0,0.1748,43.1188,-330.5233,-0.003051,-0.0,0.0,-0.0,0.0,-0.0,0.0,0.0,0.0,-0.0,-0.0,5,0,-1,33.11,Driving,False,-0.034,0.525,0.001,0.3,False,False,1,,,,NONE,False,Green,60.0
369,21.6881,16.75,371,Vehicle 2,vehicle,vehicle.tesla.model3,hero_1,11.395,326.5377,0.0016,-0.0005,-0.0229,-179.4583,11.395,-326.5377,3.132138,0.0001,0.0,-0.0,0.0001,0.0003,0.0,-0.0001,-0.0003,0.0782,-0.0,5,0,1,1.38,Driving,False,0.003,0.0,-0.01,0.7,False,False,1,,,,NONE,False,Green,30.0
369,21.6881,16.75,370,Vehicle 1,vehicle,vehicle.tesla.model3,hero_0,33.1259,330.5405,0.0017,0.0,-0.0001,0.3215,33.1259,-330.5405,-0.005611,0.0,-0.0,-0.0,0.0,-0.0,-0.0,-0.0,-0.0,0.0,0.0,5,0,-1,23.12,Driving,False,-0.012,0.525,0.013,0.3,False,False,1,,,,NONE,False,Green,60.0
370,21.7381,16.8,375,entity_1,vehicle,vehicle.audi.a2,entity_1,61.009,331.442,-0.0073,0.0,0.0,0.0286,61.009,-331.442,-0.000499,0.0,0.0,0.0,0.0,0.0,0.0,0.0,0.0,0.0,0.0,5,0,-1,51.0,Driving,False,0.875,0.0,0.0,0.0,False,False,0,,,,NONE,False,Green,30.0
370,21.7381,16.8,374,entity_2,pedestrian,walker.pedestrian.0001,entity_2,63.907,321.6898,1.0558,0.0,0.0,-89.7611,63.907,-321.6898,1.566627,0.0009,0.0,0.0,0.0009,0.0,0.0,0.0,0.0,0.0,0.0,5,0,3,53.89,Sidewalk,False,0.579,,,,,,,0.0042,-1.0,1.02,,,,
370,21.7381,16.8,373,Vehicle 4,vehicle,vehicle.tesla.model3,hero_3,52.3826,330.5545,0.0017,0.0,-0.0002,-0.0709,52.3826,-330.5545,0.001237,-0.0,0.0,-0.0,0.0,-0.0,0.0,-0.0,-0.0,-0.0,0.0,5,0,-1,42.37,Driving,False,-0.008,0.525,-0.007,0.3,False,False,1,,,,NONE,False,Green,30.0
370,21.7381,16.8,372,Vehicle 3,vehicle,vehicle.tesla.model3,hero_2,43.1188,330.5233,0.0017,0.0,-0.0,0.1748,43.1188,-330.5233,-0.003051,-0.0,0.0,-0.0,0.0,-0.0,-0.0,0.0,-0.0,-0.0,-0.0,5,0,-1,33.11,Driving,False,-0.034,0.525,0.001,0.3,False,False,1,,,,NONE,False,Green,60.0
370,21.7381,16.8,371,Vehicle 2,vehicle,vehicle.tesla.model3,hero_1,11.3949,326.5377,0.0016,-0.0004,-0.0192,-179.4583,11.3949,-326.5377,3.132138,0.0,0.0,-0.0,0.0001,-0.0001,-0.0,0.0001,-0.0003,0.0711,-0.0,5,0,1,1.38,Driving,False,0.003,0.0,-0.01,0.7,False,False,1,,,,NONE,False,Green,30.0
370,21.7381,16.8,370,Vehicle 1,vehicle,vehicle.tesla.model3,hero_0,33.1259,330.5405,0.0017,0.0,-0.0001,0.3215,33.1259,-330.5405,-0.005611,-0.0,-0.0,-0.0,0.0,-0.0,-0.0,-0.0,-0.0,-0.0,-0.0,5,0,-1,23.12,Driving,False,-0.012,0.525,0.013,0.3,False,False,1,,,,NONE,False,Green,60.0
371,21.7881,16.85,375,entity_1,vehicle,vehicle.audi.a2,entity_1,61.009,331.442,-0.0073,0.0,0.0,0.0286,61.009,-331.442,-0.000499,0.0,0.0,0.0,0.0,0.0,0.0,0.0,0.0,0.0,0.0,5,0,-1,51.0,Driving,False,0.875,0.0,0.0,0.0,False,False,0,,,,NONE,False,Green,30.0
371,21.7881,16.85,374,entity_2,pedestrian,walker.pedestrian.0001,entity_2,63.907,321.6898,1.0558,0.0,0.0,-89.7611,63.907,-321.6898,1.566627,0.0009,0.0,0.0,0.0009,0.0,0.0,0.0,0.0,0.0,0.0,5,0,3,53.89,Sidewalk,False,0.579,,,,,,,0.0042,-1.0,1.02,,,,
371,21.7881,16.85,373,Vehicle 4,vehicle,vehicle.tesla.model3,hero_3,52.3826,330.5545,0.0017,0.0,-0.0002,-0.0709,52.3826,-330.5545,0.001237,-0.0,0.0,-0.0,0.0,-0.0,0.0,-0.0,-0.0,-0.0,-0.0,5,0,-1,42.37,Driving,False,-0.008,0.525,-0.005,0.3,False,False,1,,,,NONE,False,Green,30.0
371,21.7881,16.85,372,Vehicle 3,vehicle,vehicle.tesla.model3,hero_2,43.1188,330.5233,0.0017,0.0,-0.0,0.1748,43.1188,-330.5233,-0.003051,0.0,-0.0,-0.0,0.0,0.0,-0.0,0.0,0.0,0.0,0.0,5,0,-1,33.11,Driving,False,-0.034,0.525,0.001,0.3,False,False,1,,,,NONE,False,Green,60.0
371,21.7881,16.85,371,Vehicle 2,vehicle,vehicle.tesla.model3,hero_1,11.3949,326.5377,0.0016,-0.0004,-0.016,-179.4583,11.3949,-326.5377,3.132138,0.0,0.0,-0.0,0.0,-0.0002,-0.0,-0.0,-0.0002,0.0574,-0.0,5,0,1,1.38,Driving,False,0.003,0.75,-0.011,0.0,False,False,1,,,,NONE,False,Green,30.0
371,21.7881,16.85,370,Vehicle 1,vehicle,vehicle.tesla.model3,hero_0,33.1259,330.5405,0.0017,0.0,-0.0001,0.3215,33.1259,-330.5405,-0.005611,-0.0,-0.0,-0.0,0.0,-0.0,-0.0,-0.0,0.0,-0.0,-0.0,5,0,-1,23.12,Driving,False,-0.012,0.525,0.012,0.3,False,False,1,,,,NONE,False,Green,60.0
372,21.8381,16.9,375,entity_1,vehicle,vehicle.audi.a2,entity_1,61.009,331.442,-0.0073,0.0,0.0,0.0286,61.009,-331.442,-0.000499,0.0,0.0,0.0,0.0,0.0,0.0,0.0,0.0,0.0,0.0,5,0,-1,51.0,Driving,False,0.875,0.0,0.0,0.0,False,False,0,,,,NONE,False,Green,30.0
372,21.8381,16.9,374,entity_2,pedestrian,walker.pedestrian.0001,entity_2,63.9071,321.6898,1.0558,0.0,0.0,-89.7611,63.9071,-321.6898,1.566627,0.0009,0.0,0.0,0.0009,0.0,0.0,0.0,0.0,0.0,0.0,5,0,3,53.89,Sidewalk,False,0.579,,,,,,,0.0042,-1.0,1.02,,,,
372,21.8381,16.9,373,Vehicle 4,vehicle,vehicle.tesla.model3,hero_3,52.3826,330.5545,0.0017,0.0,-0.0002,-0.0709,52.3826,-330.5545,0.001237,-0.0,0.0,-0.0,0.0,-0.0,0.0,-0.0,-0.0,-0.0,-0.0,5,0,-1,42.37,Driving,False,-0.008,0.525,-0.005,0.3,False,False,1,,,,NONE,False,Green,30.0
372,21.8381,16.9,372,Vehicle 3,vehicle,vehicle.tesla.model3,hero_2,43.1188,330.5233,0.0017,0.0,-0.0,0.1748,43.1188,-330.5233,-0.003051,0.0,0.0,-0.0,0.0,0.0,0.0,-0.0,0.0,0.0,0.0,5,0,-1,33.11,Driving,False,-0.034,0.525,0.001,0.3,False,False,1,,,,NONE,False,Green,60.0
372,21.8381,16.9,371,Vehicle 2,vehicle,vehicle.tesla.model3,hero_1,11.3937,326.5377,0.0016,-0.0004,-0.0122,-179.4586,11.3937,-326.5377,3.132143,-0.0786,-0.0001,-0.0001,0.0786,-1.5728,-0.0028,-0.001,0.0027,0.1514,-0.0244,5,0,1,1.38,Driving,False,0.003,0.75,-0.011,0.0,False,False,1,,,,NONE,False,Green,30.0
372,21.8381,16.9,370,Vehicle 1,vehicle,vehicle.tesla.model3,hero_0,33.1259,330.5405,0.0017,0.0,-0.0001,0.3215,33.1259,-330.5405,-0.005611,-0.0,-0.0,-0.0,0.0,-0.0,0.0,-0.0,0.0,-0.0,-0.0,5,0,-1,23.12,Driving,False,-0.012,0.525,0.012,0.3,False,False,1,,,,NONE,False,Green,60.0
373,21.8881,16.95,375,entity_1,vehicle,vehicle.audi.a2,entity_1,61.009,331.442,-0.0073,0.0,0.0,0.0286,61.009,-331.442,-0.000499,0.0,0.0,0.0,0.0,0.0,0.0,0.0,0.0,0.0,0.0,5,0,-1,51.0,Driving,False,0.875,0.0,0.0,0.0,False,False,0,,,,NONE,False,Green,30.0
373,21.8881,16.95,374,entity_2,pedestrian,walker.pedestrian.0001,entity_2,63.9071,321.6898,1.0558,0.0,0.0,-89.7611,63.9071,-321.6898,1.566627,0.0009,0.0,0.0,0.0009,0.0,0.0,0.0,0.0,0.0,0.0,5,0,3,53.89,Sidewalk,False,0.579,,,,,,,0.0042,-1.0,1.02,,,,
373,21.8881,16.95,373,Vehicle 4,vehicle,vehicle.tesla.model3,hero_3,52.3826,330.5545,0.0017,0.0,-0.0002,-0.0709,52.3826,-330.5545,0.001237,-0.0,0.0,-0.0,0.0,-0.0,-0.0,-0.0,-0.0,-0.0,0.0,5,0,-1,42.37,Driving,False,-0.008,0.525,-0.005,0.3,False,False,1,,,,NONE,False,Green,30.0
373,21.8881,16.95,372,Vehicle 3,vehicle,vehicle.tesla.model3,hero_2,43.1188,330.5233,0.0017,0.0,-0.0,0.1748,43.1188,-330.5233,-0.003051,0.0,0.0,-0.0,0.0,-0.0,0.0,0.0,-0.0,0.0,-0.0,5,0,-1,33.11,Driving,False,-0.034,0.525,0.001,0.3,False,False,1,,,,NONE,False,Green,60.0
373,21.8881,16.95,371,Vehicle 2,vehicle,vehicle.tesla.model3,hero_1,11.3927,326.5377,0.0016,-0.0004,-0.0109,-179.4588,11.3927,-326.5377,3.132147,0.0215,0.0001,0.0,0.0215,2.0021,0.004,0.0013,-0.0023,-0.0539,0.0094,5,0,1,1.38,Driving,False,0.003,0.75,-0.011,0.0,False,False,1,,,,NONE,False,Green,30.0
373,21.8881,16.95,370,Vehicle 1,vehicle,vehicle.tesla.model3,hero_0,33.1259,330.5405,0.0017,0.0,-0.0001,0.3215,33.1259,-330.5405,-0.005611,-0.0,0.0,-0.0,0.0,0.0,0.0,0.0,0.0,-0.0,-0.0,5,0,-1,23.12,Driving,False,-0.012,0.525,0.012,0.3,False,False,1,,,,NONE,False,Green,60.0
374,21.9381,17.0,375,entity_1,vehicle,vehicle.audi.a2,entity_1,61.009,331.442,-0.0073,0.0,0.0,0.0286,61.009,-331.442,-0.000499,0.0,0.0,0.0,0.0,0.0,0.0,0.0,0.0,0.0,0.0,5,0,-1,51.0,Driving,False,0.875,0.0,0.0,0.0,False,False,0,,,,NONE,False,Green,30.0
374,21.9381,17.0,374,entity_2,pedestrian,walker.pedestrian.0001,entity_2,63.9072,321.6898,1.0558,0.0,0.0,-89.7611,63.9072,-321.6898,1.566627,0.0009,0.0,0.0,0.0009,0.0,0.0,0.0,0.0,0.0,0.0,5,0,3,53.89,Sidewalk,False,0.579,,,,,,,0.0042,-1.0,1.02,,,,
374,21.9381,17.0,373,Vehicle 4,vehicle,vehicle.tesla.model3,hero_3,52.3826,330.5545,0.0017,0.0,-0.0002,-0.0709,52.3826,-330.5545,0.001237,-0.0,0.0,-0.0,0.0,-0.0,0.0,-0.0,-0.0,-0.0,-0.0,5,0,-1,42.37,Driving,False,-0.008,0.525,-0.005,0.3,False,False,1,,,,NONE,False,Green,30.0
374,21.9381,17.0,372,Vehicle 3,vehicle,vehicle.tesla.model3,hero_2,43.1188,330.5233,0.0017,0.0,-0.0,0.1748,43.1188,-330.5233,-0.003051,0.0,-0.0,-0.0,0.0,-0.0,-0.0,-0.0,-0.0,0.0,-0.0,5,0,-1,33.11,Driving,False,-0.034,0.525,0.001,0.3,False,False,1,,,,NONE,False,Green,60.0
374,21.9381,17.0,371,Vehicle 2,vehicle,vehicle.tesla.model3,hero_1,11.3901,326.5377,0.0015,-0.0003,-0.0081,-179.461,11.3901,-326.5377,3.132185,-0.0572,-0.0006,-0.0,0.0572,-1.5743,-0.0129,-0.0003,-0.0038,0.0339,-0.0404,5,0,1,1.38,Driving,False,0.003,0.75,-0.011,0.0,False,False,1,,,,NONE,False,Green,30.0
374,21.9381,17.0,370,Vehicle 1,vehicle,vehicle.tesla.model3,hero_0,33.1259,330.5405,0.0017,0.0,-0.0001,0.3215,33.1259,-330.5405,-0.005611,-0.0,0.0,-0.0,0.0,0.0,0.0,0.0,-0.0,-0.0,-0.0,5,0,-1,23.12,Driving,False,-0.012,0.525,0.012,0.3,False,False,1,,,,NONE,False,Green,60.0
375,21.9881,17.05,375,entity_1,vehicle,vehicle.audi.a2,entity_1,61.009,331.442,-0.0073,0.0,0.0,0.0286,61.009,-331.442,-0.000499,0.0,0.0,0.0,0.0,0.0,0.0,0.0,0.0,0.0,0.0,5,0,-1,51.0,Driving,False,0.875,0.0,0.0,0.0,False,False,0,,,,NONE,False,Green,30.0
375,21.9881,17.05,374,entity_2,pedestrian,walker.pedestrian.0001,entity_2,63.9072,321.6898,1.0558,0.0,0.0,-89.7611,63.9072,-321.6898,1.566627,0.0009,0.0,0.0,0.0009,0.0,0.0,0.0,0.0,0.0,0.0,5,0,3,53.89,Sidewalk,False,0.579,,,,,,,0.0042,-1.0,1.02,,,,
375,21.9881,17.05,373,Vehicle 4,vehicle,vehicle.tesla.model3,hero_3,52.3826,330.5545,0.0017,0.0,-0.0002,-0.0709,52.3826,-330.5545,0.001237,-0.0,0.0,-0.0,0.0,-0.0,-0.0,-0.0,-0.0,-0.0,0.0,5,0,-1,42.37,Driving,False,-0.008,0.525,-0.005,0.3,False,False,1,,,,NONE,False,Green,30.0
375,21.9881,17.05,372,Vehicle 3,vehicle,vehicle.tesla.model3,hero_2,43.1188,330.5233,0.0017,0.0,-0.0,0.1748,43.1188,-330.5233,-0.003051,-0.0,0.0,-0.0,0.0,-0.0,0.0,-0.0,-0.0,-0.0,-0.0,5,0,-1,33.11,Driving,False,-0.034,0.525,0.001,0.3,False,False,1,,,,NONE,False,Green,60.0
375,21.9881,17.05,371,Vehicle 2,vehicle,vehicle.tesla.model3,hero_1,11.3894,326.5376,0.0015,-0.0004,-0.0092,-179.4614,11.3894,-326.5376,3.132192,-0.0,0.0,-0.0,0.0,1.144,0.0119,0.0,-0.0008,-0.0175,-0.0,5,0,1,1.38,Driving,False,0.003,0.0,-0.012,0.7,False,False,1,,,,NONE,False,Green,30.0
375,21.9881,17.05,370,Vehicle 1,vehicle,vehicle.tesla.model3,hero_0,33.1259,330.5405,0.0017,0.0,-0.0001,0.3215,33.1259,-330.5405,-0.005611,0.0,0.0,0.0,0.0,0.0,-0.0,0.0,-0.0,0.0,0.0,5,0,-1,23.12,Driving,False,-0.012,0.525,0.012,0.3,False,False,1,,,,NONE,False,Green,60.0
376,22.0381,17.1,375,entity_1,vehicle,vehicle.audi.a2,entity_1,61.009,331.442,-0.0073,0.0,0.0,0.0286,61.009,-331.442,-0.000499,0.0,0.0,0.0,0.0,0.0,0.0,0.0,0.0,0.0,0.0,5,0,-1,51.0,Driving,False,0.875,0.0,0.0,0.0,False,False,0,,,,NONE,False,Green,30.0
376,22.0381,17.1,374,entity_2,pedestrian,walker.pedestrian.0001,entity_2,63.9073,321.6898,1.0558,0.0,0.0,-89.7611,63.9073,-321.6898,1.566627,0.0009,0.0,0.0,0.0009,0.0,0.0,0.0,0.0,0.0,0.0,5,0,3,53.89,Sidewalk,False,0.579,,,,,,,0.0042,-1.0,1.02,,,,
376,22.0381,17.1,373,Vehicle 4,vehicle,vehicle.tesla.model3,hero_3,52.3826,330.5545,0.0017,0.0,-0.0002,-0.0709,52.3826,-330.5545,0.001237,-0.0,0.0,-0.0,0.0,-0.0,0.0,-0.0,-0.0,-0.0,-0.0,5,0,-1,42.37,Driving,False,-0.008,0.525,-0.005,0.3,False,False,1,,,,NONE,False,Green,30.0
376,22.0381,17.1,372,Vehicle 3,vehicle,vehicle.tesla.model3,hero_2,43.1188,330.5233,0.0017,0.0,-0.0,0.1748,43.1188,-330.5233,-0.003051,-0.0,-0.0,-0.0,0.0,-0.0,-0.0,-0.0,0.0,-0.0,-0.0,5,0,-1,33.11,Driving,False,-0.034,0.525,0.001,0.3,False,False,1,,,,NONE,False,Green,60.0
376,22.0381,17.1,371,Vehicle 2,vehicle,vehicle.tesla.model3,hero_1,11.3894,326.5376,0.0015,-0.0004,-0.0092,-179.4614,11.3894,-326.5376,3.132192,0.0,0.0,-0.0,0.0,0.0003,-0.0001,0.0002,-0.0002,0.0053,-0.0,5,0,1,1.38,Driving,False,0.003,0.0,-0.012,0.7,False,False,1,,,,NONE,False,Green,30.0
376,22.0381,17.1,370,Vehicle 1,vehicle,vehicle.tesla.model3,hero_0,33.1259,330.5405,0.0017,0.0,-0.0001,0.3215,33.1259,-330.5405,-0.005611,0.0,0.0,-0.0,0.0,0.0,0.0,-0.0,-0.0,0.0,0.0,5,0,-1,23.12,Driving,False,-0.012,0.525,0.012,0.3,False,False,1,,,,NONE,False,Green,60.0
377,22.0881,17.15,375,entity_1,vehicle,vehicle.audi.a2,entity_1,61.009,331.442,-0.0073,0.0,0.0,0.0286,61.009,-331.442,-0.000499,0.0,0.0,0.0,0.0,0.0,0.0,0.0,0.0,0.0,0.0,5,0,-1,51.0,Driving,False,0.875,0.0,0.0,0.0,False,False,0,,,,NONE,False,Green,30.0
377,22.0881,17.15,374,entity_2,pedestrian,walker.pedestrian.0001,entity_2,63.9073,321.6898,1.0558,0.0,0.0,-89.7611,63.9073,-321.6898,1.566627,0.0009,0.0,0.0,0.0009,0.0,0.0,0.0,0.0,0.0,0.0,5,0,3,53.89,Sidewalk,False,0.579,,,,,,,0.0042,-1.0,1.02,,,,
377,22.0881,17.15,373,Vehicle 4,vehicle,vehicle.tesla.model3,hero_3,52.3826,330.5545,0.0017,0.0,-0.0002,-0.0709,52.3826,-330.5545,0.001237,0.0,-0.0,-0.0,0.0,0.0,-0.0,0.0,0.0,0.0,0.0,5,0,-1,42.37,Driving,False,-0.008,0.525,-0.005,0.3,False,False,1,,,,NONE,False,Green,30.0
377,22.0881,17.15,372,Vehicle 3,vehicle,vehicle.tesla.model3,hero_2,43.1188,330.5233,0.0017,0.0,-0.0,0.1748,43.1188,-330.5233,-0.003051,-0.0,0.0,-0.0,0.0,-0.0,0.0,-0.0,0.0,-0.0,0.0,5,0,-1,33.11,Driving,False,-0.034,0.525,0.001,0.3,False,False,1,,,,NONE,False,Green,60.0
377,22.0881,17.15,371,Vehicle 2,vehicle,vehicle.tesla.model3,hero_1,11.3894,326.5376,0.0015,-0.0004,-0.0088,-179.4614,11.3894,-326.5376,3.132192,0.0,-0.0,-0.0,0.0,0.0001,-0.0,0.0001,-0.0,0.0105,-0.0,5,0,1,1.38,Driving,False,0.003,0.0,-0.012,0.7,False,False,1,,,,NONE,False,Green,30.0
377,22.0881,17.15,370,Vehicle 1,vehicle,vehicle.tesla.model3,hero_0,33.1259,330.5405,0.0017,0.0,-0.0001,0.3215,33.1259,-330.5405,-0.005611,0.0,0.0,-0.0,0.0,0.0,0.0,0.0,-0.0,0.0,0.0,5,0,-1,23.12,Driving,False,-0.012,0.525,0.012,0.3,False,False,1,,,,NONE,False,Green,60.0
378,22.1381,17.2,375,entity_1,vehicle,vehicle.audi.a2,entity_1,61.009,331.442,-0.0073,0.0,0.0,0.0286,61.009,-331.442,-0.000499,0.0,0.0,0.0,0.0,0.0,0.0,0.0,0.0,0.0,0.0,5,0,-1,51.0,Driving,False,0.875,0.0,0.0,0.0,False,False,0,,,,NONE,False,Green,30.0
378,22.1381,17.2,374,entity_2,pedestrian,walker.pedestrian.0001,entity_2,63.9073,321.6898,1.0558,0.0,0.0,-89.7611,63.9073,-321.6898,1.566627,0.0009,0.0,0.0,0.0009,0.0,0.0,0.0,0.0,0.0,0.0,5,0,3,53.89,Sidewalk,False,0.579,,,,,,,0.0042,-1.0,1.02,,,,
378,22.1381,17.2,373,Vehicle 4,vehicle,vehicle.tesla.model3,hero_3,52.3826,330.5545,0.0017,0.0,-0.0002,-0.0709,52.3826,-330.5545,0.001237,-0.0,0.0,-0.0,0.0,-0.0,0.0,0.0,-0.0,-0.0,0.0,5,0,-1,42.37,Driving,False,-0.008,0.525,-0.005,0.3,False,False,1,,,,NONE,False,Green,30.0
378,22.1381,17.2,372,Vehicle 3,vehicle,vehicle.tesla.model3,hero_2,43.1188,330.5233,0.0017,0.0,-0.0,0.1748,43.1188,-330.5233,-0.003051,-0.0,0.0,-0.0,0.0,0.0,0.0,-0.0,0.0,-0.0,0.0,5,0,-1,33.11,Driving,False,-0.034,0.525,0.001,0.3,False,False,1,,,,NONE,False,Green,60.0
378,22.1381,17.2,371,Vehicle 2,vehicle,vehicle.tesla.model3,hero_1,11.3894,326.5376,0.0015,-0.0004,-0.0083,-179.4614,11.3894,-326.5376,3.132192,0.0,-0.0,-0.0,0.0,-0.0,-0.0,0.0,0.0001,0.0102,-0.0,5,0,1,1.38,Driving,False,0.003,0.0,-0.012,0.7,False,False,1,,,,NONE,False,Green,30.0
378,22.1381,17.2,370,Vehicle 1,vehicle,vehicle.tesla.model3,hero_0,33.1259,330.5405,0.0017,0.0,-0.0001,0.3215,33.1259,-330.5405,-0.005611,0.0,-0.0,-0.0,0.0,-0.0,-0.0,-0.0,-0.0,0.0,0.0,5,0,-1,23.12,Driving,False,-0.012,0.525,0.012,0.3,False,False,1,,,,NONE,False,Green,60.0
379,22.1881,17.25,375,entity_1,vehicle,vehicle.audi.a2,entity_1,61.009,331.442,-0.0073,0.0,0.0,0.0286,61.009,-331.442,-0.000499,0.0,0.0,0.0,0.0,0.0,0.0,0.0,0.0,0.0,0.0,5,0,-1,51.0,Driving,False,0.875,0.0,0.0,0.0,False,False,0,,,,NONE,False,Green,30.0
379,22.1881,17.25,374,entity_2,pedestrian,walker.pedestrian.0001,entity_2,63.9074,321.6898,1.0558,0.0,0.0,-89.7611,63.9074,-321.6898,1.566627,0.0009,0.0,0.0,0.0009,0.0,0.0,0.0,0.0,0.0,0.0,5,0,3,53.89,Sidewalk,False,0.579,,,,,,,0.0042,-1.0,1.02,,,,
379,22.1881,17.25,373,Vehicle 4,vehicle,vehicle.tesla.model3,hero_3,52.3826,330.5545,0.0017,0.0,-0.0002,-0.0709,52.3826,-330.5545,0.001237,0.0,-0.0,0.0,0.0,0.0,-0.0,0.0,0.0,0.0,-0.0,5,0,-1,42.37,Driving,False,-0.008,0.525,-0.006,0.3,False,False,1,,,,NONE,False,Green,30.0
379,22.1881,17.25,372,Vehicle 3,vehicle,vehicle.tesla.model3,hero_2,43.1188,330.5233,0.0017,0.0,-0.0,0.1748,43.1188,-330.5233,-0.003051,0.0,-0.0,-0.0,0.0,0.0,-0.0,0.0,0.0,0.0,0.0,5,0,-1,33.11,Driving,False,-0.034,0.525,0.001,0.3,False,False,1,,,,NONE,False,Green,60.0
379,22.1881,17.25,371,Vehicle 2,vehicle,vehicle.tesla.model3,hero_1,11.3894,326.5376,0.0015,-0.0004,-0.0078,-179.4614,11.3894,-326.5376,3.132192,0.0,-0.0,0.0,0.0,-0.0,-0.0,0.0,0.0001,0.0085,-0.0,5,0,1,1.38,Driving,False,0.003,0.75,-0.014,0.0,False,False,1,,,,NONE,False,Green,30.0
379,22.1881,17.25,370,Vehicle 1,vehicle,vehicle.tesla.model3,hero_0,33.1259,330.5405,0.0017,0.0,-0.0001,0.3215,33.1259,-330.5405,-0.005611,-0.0,-0.0,-0.0,0.0,-0.0,-0.0,-0.0,-0.0,-0.0,-0.0,5,0,-1,23.12,Driving,False,-0.012,0.525,0.012,0.3,False,False,1,,,,NONE,False,Green,60.0
380,22.2381,17.3,375,entity_1,vehicle,vehicle.audi.a2,entity_1,61.009,331.442,-0.0073,0.0,0.0,0.0286,61.009,-331.442,-0.000499,0.0,0.0,0.0,0.0,0.0,0.0,0.0,0.0,0.0,0.0,5,0,-1,51.0,Driving,False,0.875,0.0,0.0,0.0,False,False,0,,,,NONE,False,Green,30.0
380,22.2381,17.3,374,entity_2,pedestrian,walker.pedestrian.0001,entity_2,63.9074,321.6898,1.0558,0.0,0.0,-89.7611,63.9074,-321.6898,1.566627,0.0009,0.0,0.0,0.0009,0.0,0.0,0.0,0.0,0.0,0.0,5,0,3,53.89,Sidewalk,False,0.579,,,,,,,0.0042,-1.0,1.02,,,,
380,22.2381,17.3,373,Vehicle 4,vehicle,vehicle.tesla.model3,hero_3,52.3826,330.5545,0.0017,0.0,-0.0002,-0.0709,52.3826,-330.5545,0.001237,-0.0,0.0,-0.0,0.0,-0.0,0.0,-0.0,-0.0,-0.0,-0.0,5,0,-1,42.37,Driving,False,-0.008,0.525,-0.006,0.3,False,False,1,,,,NONE,False,Green,30.0
380,22.2381,17.3,372,Vehicle 3,vehicle,vehicle.tesla.model3,hero_2,43.1188,330.5233,0.0017,0.0,-0.0,0.1748,43.1188,-330.5233,-0.003051,0.0,0.0,-0.0,0.0,0.0,0.0,-0.0,-0.0,0.0,0.0,5,0,-1,33.11,Driving,False,-0.034,0.525,0.001,0.3,False,False,1,,,,NONE,False,Green,60.0
380,22.2381,17.3,371,Vehicle 2,vehicle,vehicle.tesla.model3,hero_1,11.3879,326.5376,0.0015,-0.0003,-0.0059,-179.4619,11.3879,-326.5376,3.132201,-0.0847,-0.0,-0.0001,0.0847,-1.6942,-0.0002,-0.0011,0.0039,0.1168,-0.0315,5,0,1,1.38,Driving,False,0.003,0.75,-0.014,0.0,False,False,1,,,,NONE,False,Green,30.0
380,22.2381,17.3,370,Vehicle 1,vehicle,vehicle.tesla.model3,hero_0,33.1259,330.5405,0.0017,0.0,-0.0001,0.3215,33.1259,-330.5405,-0.005611,-0.0,-0.0,-0.0,0.0,-0.0,-0.0,-0.0,0.0,-0.0,-0.0,5,0,-1,23.12,Driving,False,-0.012,0.525,0.012,0.3,False,False,1,,,,NONE,False,Green,60.0
381,22.2881,17.35,375,entity_1,vehicle,vehicle.audi.a2,entity_1,61.009,331.442,-0.0073,0.0,0.0,0.0286,61.009,-331.442,-0.000499,0.0,0.0,0.0,0.0,0.0,0.0,0.0,0.0,0.0,0.0,5,0,-1,51.0,Driving,False,0.875,0.0,0.0,0.0,False,False,0,,,,NONE,False,Green,30.0
381,22.2881,17.35,374,entity_2,pedestrian,walker.pedestrian.0001,entity_2,63.9075,321.6898,1.0558,0.0,0.0,-89.7611,63.9075,-321.6898,1.566627,0.0009,0.0,0.0,0.0009,0.0,0.0,0.0,0.0,0.0,0.0,5,0,3,53.89,Sidewalk,False,0.579,,,,,,,0.0042,-1.0,1.02,,,,
381,22.2881,17.35,373,Vehicle 4,vehicle,vehicle.tesla.model3,hero_3,52.3826,330.5545,0.0017,0.0,-0.0002,-0.0709,52.3826,-330.5545,0.001237,-0.0,0.0,-0.0,0.0,-0.0,-0.0,-0.0,-0.0,-0.0,-0.0,5,0,-1,42.37,Driving,False,-0.008,0.525,-0.006,0.3,False,False,1,,,,NONE,False,Green,30.0
381,22.2881,17.35,372,Vehicle 3,vehicle,vehicle.tesla.model3,hero_2,43.1188,330.5233,0.0017,0.0,-0.0,0.1748,43.1188,-330.5233,-0.003051,0.0,0.0,-0.0,0.0,0.0,0.0,-0.0,-0.0,0.0,0.0,5,0,-1,33.11,Driving,False,-0.034,0.525,0.001,0.3,False,False,1,,,,NONE,False,Green,60.0
381,22.2881,17.35,371,Vehicle 2,vehicle,vehicle.tesla.model3,hero_1,11.3867,326.5376,0.0015,-0.0003,-0.0061,-179.4622,11.3867,-326.5376,3.132206,0.0154,0.0,0.0,0.0154,2.0017,0.0007,0.0013,-0.0028,-0.0822,0.0093,5,0,1,1.38,Driving,False,0.003,0.75,-0.014,0.0,False,False,1,,,,NONE,False,Green,30.0
381,22.2881,17.35,370,Vehicle 1,vehicle,vehicle.tesla.model3,hero_0,33.1259,330.5405,0.0017,0.0,-0.0001,0.3215,33.1259,-330.5405,-0.005611,-0.0,-0.0,-0.0,0.0,-0.0,0.0,-0.0,0.0,-0.0,-0.0,5,0,-1,23.12,Driving,False,-0.012,0.525,0.012,0.3,False,False,1,,,,NONE,False,Green,60.0
382,22.3381,17.4,375,entity_1,vehicle,vehicle.audi.a2,entity_1,61.009,331.442,-0.0073,0.0,0.0,0.0286,61.009,-331.442,-0.000499,0.0,0.0,0.0,0.0,0.0,0.0,0.0,0.0,0.0,0.0,5,0,-1,51.0,Driving,False,0.875,0.0,0.0,0.0,False,False,0,,,,NONE,False,Green,30.0
382,22.3381,17.4,374,entity_2,pedestrian,walker.pedestrian.0001,entity_2,63.9075,321.6898,1.0558,0.0,0.0,-89.7611,63.9075,-321.6898,1.566627,0.0009,0.0,0.0,0.0009,0.0,0.0,0.0,0.0,0.0,0.0,5,0,3,53.89,Sidewalk,False,0.579,,,,,,,0.0042,-1.0,1.02,,,,
382,22.3381,17.4,373,Vehicle 4,vehicle,vehicle.tesla.model3,hero_3,52.3826,330.5545,0.0017,0.0,-0.0002,-0.0709,52.3826,-330.5545,0.001237,0.0,-0.0,-0.0,0.0,0.0,-0.0,0.0,0.0,0.0,0.0,5,0,-1,42.37,Driving,False,-0.008,0.525,-0.006,0.3,False,False,1,,,,NONE,False,Green,30.0
382,22.3381,17.4,372,Vehicle 3,vehicle,vehicle.tesla.model3,hero_2,43.1188,330.5233,0.0017,0.0,-0.0,0.1748,43.1188,-330.5233,-0.003051,0.0,0.0,-0.0,0.0,-0.0,0.0,-0.0,-0.0,0.0,-0.0,5,0,-1,33.11,Driving,False,-0.034,0.525,0.001,0.3,False,False,1,,,,NONE,False,Green,60.0
382,22.3381,17.4,371,Vehicle 2,vehicle,vehicle.tesla.model3,hero_1,11.3829,326.5376,0.0015,-0.0002,-0.0037,-179.468,11.3829,-326.5376,3.132308,-0.1128,-0.0003,-0.0001,0.1128,-2.5627,-0.0059,-0.0019,0.0021,0.077,0.4589,5,0,1,1.37,Driving,False,0.003,0.75,-0.014,0.0,False,False,1,,,,NONE,False,Green,30.0
382,22.3381,17.4,370,Vehicle 1,vehicle,vehicle.tesla.model3,hero_0,33.1259,330.5405,0.0017,0.0,-0.0001,0.3215,33.1259,-330.5405,-0.005611,-0.0,-0.0,-0.0,0.0,0.0,0.0,0.0,0.0,-0.0,-0.0,5,0,-1,23.12,Driving,False,-0.012,0.525,0.012,0.3,False,False,1,,,,NONE,False,Green,60.0
383,22.3881,17.45,375,entity_1,vehicle,vehicle.audi.a2,entity_1,61.009,331.442,-0.0073,0.0,0.0,0.0286,61.009,-331.442,-0.000499,0.0,0.0,0.0,0.0,0.0,0.0,0.0,0.0,0.0,0.0,5,0,-1,51.0,Driving,False,0.875,0.0,0.0,0.0,False,False,0,,,,NONE,False,Green,30.0
383,22.3881,17.45,374,entity_2,pedestrian,walker.pedestrian.0001,entity_2,63.9076,321.6898,1.0558,0.0,0.0,-89.7611,63.9076,-321.6898,1.566627,0.0009,0.0,0.0,0.0009,0.0,0.0,0.0,0.0,0.0,0.0,5,0,3,53.89,Sidewalk,False,0.579,,,,,,,0.0042,-1.0,1.02,,,,
383,22.3881,17.45,373,Vehicle 4,vehicle,vehicle.tesla.model3,hero_3,52.3826,330.5545,0.0017,0.0,-0.0002,-0.0709,52.3826,-330.5545,0.001237,-0.0,0.0,-0.0,0.0,-0.0,0.0,-0.0,-0.0,-0.0,-0.0,5,0,-1,42.37,Driving,False,-0.008,0.525,-0.007,0.3,False,False,1,,,,NONE,False,Green,30.0
383,22.3881,17.45,372,Vehicle 3,vehicle,vehicle.tesla.model3,hero_2,43.1188,330.5233,0.0017,0.0,-0.0,0.1748,43.1188,-330.5233,-0.003051,0.0,-0.0,-0.0,0.0,-0.0,-0.0,-0.0,-0.0,0.0,-0.0,5,0,-1,33.11,Driving,False,-0.034,0.525,0.001,0.3,False,False,1,,,,NONE,False,Green,60.0
383,22.3881,17.45,371,Vehicle 2,vehicle,vehicle.tesla.model3,hero_1,11.3741,326.5376,0.0015,0.0,0.0007,-179.4675,11.3741,-326.5376,3.132299,-0.214,0.0007,-0.0001,0.214,-2.0241,0.0194,-0.0006,0.0107,0.076,-0.2535,5,0,1,1.36,Driving,False,0.003,0.75,-0.015,0.0,False,False,1,,,,NONE,False,Green,30.0
383,22.3881,17.45,370,Vehicle 1,vehicle,vehicle.tesla.model3,hero_0,33.1259,330.5405,0.0017,0.0,-0.0001,0.3215,33.1259,-330.5405,-0.005611,-0.0,0.0,-0.0,0.0,0.0,0.0,0.0,0.0,-0.0,-0.0,5,0,-1,23.12,Driving,False,-0.012,0.525,0.013,0.3,False,False,1,,,,NONE,False,Green,60.0
384,22.4381,17.5,375,entity_1,vehicle,vehicle.audi.a2,entity_1,61.009,331.442,-0.0073,0.0,0.0,0.0286,61.009,-331.442,-0.000499,0.0,0.0,0.0,0.0,0.0,0.0,0.0,0.0,0.0,0.0,5,0,-1,51.0,Driving,False,0.875,0.0,0.0,0.0,False,False,0,,,,NONE,False,Green,30.0
384,22.4381,17.5,374,entity_2,pedestrian,walker.pedestrian.0001,entity_2,63.9076,321.6898,1.0558,0.0,0.0,-89.7611,63.9076,-321.6898,1.566627,0.0009,0.0,0.0,0.0009,0.0,0.0,0.0,0.0,0.0,0.0,5,0,3,53.89,Sidewalk,False,0.579,,,,,,,0.0042,-1.0,1.02,,,,
384,22.4381,17.5,373,Vehicle 4,vehicle,vehicle.tesla.model3,hero_3,52.3826,330.5545,0.0017,0.0,-0.0002,-0.0709,52.3826,-330.5545,0.001237,-0.0,0.0,-0.0,0.0,-0.0,0.0,-0.0,-0.0,-0.0,-0.0,5,0,-1,42.37,Driving,False,-0.008,0.525,-0.007,0.3,False,False,1,,,,NONE,False,Green,30.0
384,22.4381,17.5,372,Vehicle 3,vehicle,vehicle.tesla.model3,hero_2,43.1188,330.5233,0.0017,0.0,-0.0,0.1748,43.1188,-330.5233,-0.003051,-0.0,0.0,-0.0,0.0,-0.0,0.0,-0.0,0.0,-0.0,-0.0,5,0,-1,33.11,Driving,False,-0.034,0.525,0.001,0.3,False,False,1,,,,NONE,False,Green,60.0
384,22.4381,17.5,371,Vehicle 2,vehicle,vehicle.tesla.model3,hero_1,11.3598,326.5377,0.0014,0.0002,0.005,-179.4584,11.3598,-326.5377,3.13214,-0.3322,0.0,-0.0002,0.3322,-2.3655,-0.0135,-0.0015,-0.0035,0.0916,0.9451,5,0,1,1.35,Driving,False,0.003,0.75,-0.015,0.0,False,False,1,,,,NONE,False,Green,30.0
384,22.4381,17.5,370,Vehicle 1,vehicle,vehicle.tesla.model3,hero_0,33.1259,330.5405,0.0017,0.0,-0.0001,0.3215,33.1259,-330.5405,-0.005611,0.0,0.0,-0.0,0.0,0.0,0.0,0.0,-0.0,0.0,0.0,5,0,-1,23.12,Driving,False,-0.012,0.525,0.013,0.3,False,False,1,,,,NONE,False,Green,60.0
385,22.4881,17.55,375,entity_1,vehicle,vehicle.audi.a2,entity_1,61.009,331.442,-0.0073,0.0,0.0,0.0286,61.009,-331.442,-0.000499,0.0,0.0,0.0,0.0,0.0,0.0,0.0,0.0,0.0,0.0,5,0,-1,51.0,Driving,False,0.875,0.0,0.0,0.0,False,False,0,,,,NONE,False,Green,30.0
385,22.4881,17.55,374,entity_2,pedestrian,walker.pedestrian.0001,entity_2,63.9076,321.6898,1.0558,0.0,0.0,-89.7611,63.9076,-321.6898,1.566627,0.0009,0.0,0.0,0.0009,0.0,0.0,0.0,0.0,0.0,0.0,5,0,3,53.89,Sidewalk,False,0.579,,,,,,,0.0042,-1.0,1.02,,,,
385,22.4881,17.55,373,Vehicle 4,vehicle,vehicle.tesla.model3,hero_3,52.3826,330.5545,0.0017,0.0,-0.0002,-0.0709,52.3826,-330.5545,0.001237,0.0,-0.0,-0.0,0.0,0.0,-0.0,0.0,0.0,0.0,-0.0,5,0,-1,42.37,Driving,False,-0.008,0.525,-0.007,0.3,False,False,1,,,,NONE,False,Green,30.0
385,22.4881,17.55,372,Vehicle 3,vehicle,vehicle.tesla.model3,hero_2,43.1188,330.5233,0.0017,0.0,-0.0,0.1748,43.1188,-330.5233,-0.003051,-0.0,-0.0,-0.0,0.0,0.0,-0.0,-0.0,0.0,-0.0,0.0,5,0,-1,33.11,Driving,False,-0.034,0.525,0.001,0.3,False,False,1,,,,NONE,False,Green,60.0
385,22.4881,17.55,371,Vehicle 2,vehicle,vehicle.tesla.model3,hero_1,11.3408,326.5376,0.0014,0.0005,0.0078,-179.4757,11.3408,-326.5376,3.132442,-0.4047,0.0005,-0.0003,0.4047,-1.449,0.0087,-0.0012,0.0002,0.0168,-0.4459,5,0,1,1.33,Driving,False,0.003,0.75,-0.015,0.0,False,False,1,,,,NONE,False,Green,30.0
385,22.4881,17.55,370,Vehicle 1,vehicle,vehicle.tesla.model3,hero_0,33.1259,330.5405,0.0017,0.0,-0.0001,0.3215,33.1259,-330.5405,-0.005611,0.0,0.0,-0.0,0.0,0.0,0.0,0.0,-0.0,0.0,0.0,5,0,-1,23.12,Driving,False,-0.012,0.525,0.013,0.3,False,False,1,,,,NONE,False,Green,60.0
386,22.5381,17.6,375,entity_1,vehicle,vehicle.audi.a2,entity_1,61.009,331.442,-0.0073,0.0,0.0,0.0286,61.009,-331.442,-0.000499,0.0,0.0,0.0,0.0,0.0,0.0,0.0,0.0,0.0,0.0,5,0,-1,51.0,Driving,False,0.875,0.0,0.0,0.0,False,False,0,,,,NONE,False,Green,30.0
386,22.5381,17.6,374,entity_2,pedestrian,walker.pedestrian.0001,entity_2,63.9077,321.6898,1.0558,0.0,0.0,-89.7611,63.9077,-321.6898,1.566627,0.0009,0.0,0.0,0.0009,0.0,0.0,0.0,0.0,0.0,0.0,5,0,3,53.89,Sidewalk,False,0.579,,,,,,,0.0042,-1.0,1.02,,,,
386,22.5381,17.6,373,Vehicle 4,vehicle,vehicle.tesla.model3,hero_3,52.3826,330.5545,0.0017,0.0,-0.0002,-0.0709,52.3826,-330.5545,0.001237,0.0,0.0,0.0,0.0,-0.0,0.0,0.0,-0.0,0.0,0.0,5,0,-1,42.37,Driving,False,-0.008,0.525,-0.007,0.3,False,False,1,,,,NONE,False,Green,30.0
386,22.5381,17.6,372,Vehicle 3,vehicle,vehicle.tesla.model3,hero_2,43.1188,330.5233,0.0017,0.0,-0.0,0.1748,43.1188,-330.5233,-0.003051,-0.0,0.0,-0.0,0.0,0.0,0.0,-0.0,0.0,-0.0,-0.0,5,0,-1,33.11,Driving,False,-0.034,0.525,0.001,0.3,False,False,1,,,,NONE,False,Green,60.0
386,22.5381,17.6,371,Vehicle 2,vehicle,vehicle.tesla.model3,hero_1,11.3147,326.5376,0.0014,0.0006,0.0121,-179.4693,11.3147,-326.5376,3.13233,-0.5841,0.0005,-0.0004,0.5841,-3.5879,0.0018,-0.0027,0.0036,0.0915,-0.0923,5,0,1,1.3,Driving,False,0.003,0.75,-0.015,0.0,False,False,1,,,,NONE,False,Green,30.0
386,22.5381,17.6,370,Vehicle 1,vehicle,vehicle.tesla.model3,hero_0,33.1259,330.5405,0.0017,0.0,-0.0001,0.3215,33.1259,-330.5405,-0.005611,0.0,0.0,-0.0,0.0,0.0,0.0,0.0,-0.0,0.0,0.0,5,0,-1,23.12,Driving,False,-0.012,0.525,0.013,0.3,False,False,1,,,,NONE,False,Green,60.0
387,22.5881,17.65,375,entity_1,vehicle,vehicle.audi.a2,entity_1,61.009,331.442,-0.0073,0.0,0.0,0.0286,61.009,-331.442,-0.000499,0.0,0.0,0.0,0.0,0.0,0.0,0.0,0.0,0.0,0.0,5,0,-1,51.0,Driving,False,0.875,0.0,0.0,0.0,False,False,0,,,,NONE,False,Green,30.0
387,22.5881,17.65,374,entity_2,pedestrian,walker.pedestrian.0001,entity_2,63.9077,321.6898,1.0558,0.0,0.0,-89.7611,63.9077,-321.6898,1.566627,0.0009,0.0,0.0,0.0009,0.0,0.0,0.0,0.0,0.0,0.0,5,0,3,53.89,Sidewalk,False,0.579,,,,,,,0.0042,-1.0,1.02,,,,
387,22.5881,17.65,373,Vehicle 4,vehicle,vehicle.tesla.model3,hero_3,52.3826,330.5545,0.0017,0.0,-0.0002,-0.0709,52.3826,-330.5545,0.001237,0.0,-0.0,-0.0,0.0,0.0,-0.0,-0.0,0.0,0.0,-0.0,5,0,-1,42.37,Driving,False,-0.008,0.525,-0.005,0.3,False,False,1,,,,NONE,False,Green,30.0
387,22.5881,17.65,372,Vehicle 3,vehicle,vehicle.tesla.model3,hero_2,43.1188,330.5233,0.0017,0.0,-0.0,0.1748,43.1188,-330.5233,-0.003051,0.0,-0.0,-0.0,0.0,0.0,-0.0,-0.0,0.0,0.0,0.0,5,0,-1,33.11,Driving,False,-0.034,0.525,0.002,0.3,False,False,1,,,,NONE,False,Green,60.0
387,22.5881,17.65,371,Vehicle 2,vehicle,vehicle.tesla.model3,hero_1,11.2833,326.5377,0.0013,0.0007,0.0137,-179.4698,11.2833,-326.5377,3.132339,-0.6729,0.0013,-0.0004,0.6729,-1.7773,0.0153,-0.0002,-0.0042,0.0225,0.6953,5,0,1,1.27,Driving,False,0.003,0.139,-0.017,0.0,False,False,1,,,,NONE,False,Green,30.0
387,22.5881,17.65,370,Vehicle 1,vehicle,vehicle.tesla.model3,hero_0,33.1259,330.5405,0.0017,0.0,-0.0001,0.3215,33.1259,-330.5405,-0.005611,0.0,-0.0,-0.0,0.0,-0.0,-0.0,-0.0,-0.0,0.0,0.0,5,0,-1,23.12,Driving,False,-0.012,0.525,0.013,0.3,False,False,1,,,,NONE,False,Green,60.0
388,22.6381,17.7,375,entity_1,vehicle,vehicle.audi.a2,entity_1,61.009,331.442,-0.0073,0.0,0.0,0.0286,61.009,-331.442,-0.000499,0.0,0.0,0.0,0.0,0.0,0.0,0.0,0.0,0.0,0.0,5,0,-1,51.0,Driving,False,0.875,0.0,0.0,0.0,False,False,0,,,,NONE,False,Green,30.0
388,22.6381,17.7,374,entity_2,pedestrian,walker.pedestrian.0001,entity_2,63.9078,321.6898,1.0558,0.0,0.0,-89.7611,63.9078,-321.6898,1.566627,0.0009,0.0,0.0,0.0009,0.0,0.0,0.0,0.0,0.0,0.0,5,0,3,53.89,Sidewalk,False,0.579,,,,,,,0.0042,-1.0,1.02,,,,
388,22.6381,17.7,373,Vehicle 4,vehicle,vehicle.tesla.model3,hero_3,52.3826,330.5545,0.0017,0.0,-0.0002,-0.0709,52.3826,-330.5545,0.001237,-0.0,-0.0,0.0,0.0,-0.0,-0.0,0.0,0.0001,-0.0,-0.0,5,0,-1,42.37,Driving,False,-0.008,0.525,-0.005,0.3,False,False,1,,,,NONE,False,Green,30.0
388,22.6381,17.7,372,Vehicle 3,vehicle,vehicle.tesla.model3,hero_2,43.1188,330.5233,0.0017,0.0,-0.0,0.1748,43.1188,-330.5233,-0.003051,0.0,0.0,-0.0,0.0,0.0,0.0,0.0,-0.0,0.0,0.0,5,0,-1,33.11,Driving,False,-0.034,0.525,0.002,0.3,False,False,1,,,,NONE,False,Green,60.0
388,22.6381,17.7,371,Vehicle 2,vehicle,vehicle.tesla.model3,hero_1,11.2474,326.5377,0.0013,0.0001,0.0135,-179.4777,11.2474,-326.5377,3.132477,-0.7577,0.0014,-0.0003,0.7577,-1.6951,0.0024,0.0016,-0.017,0.0054,-0.8799,5,0,1,1.24,Driving,False,0.003,0.139,-0.017,0.0,False,False,1,,,,NONE,False,Green,30.0
388,22.6381,17.7,370,Vehicle 1,vehicle,vehicle.tesla.model3,hero_0,33.1259,330.5405,0.0017,0.0,-0.0001,0.3215,33.1259,-330.5405,-0.005611,-0.0,-0.0,-0.0,0.0,-0.0,-0.0,-0.0,0.0,-0.0,0.0,5,0,-1,23.12,Driving,False,-0.012,0.525,0.013,0.3,False,False,1,,,,NONE,False,Green,60.0
389,22.6881,17.75,375,entity_1,vehicle,vehicle.audi.a2,entity_1,61.009,331.442,-0.0073,0.0,0.0,0.0286,61.009,-331.442,-0.000499,0.0,0.0,0.0,0.0,0.0,0.0,0.0,0.0,0.0,0.0,5,0,-1,51.0,Driving,False,0.875,0.0,0.0,0.0,False,False,0,,,,NONE,False,Green,30.0
389,22.6881,17.75,374,entity_2,pedestrian,walker.pedestrian.0001,entity_2,63.9078,321.6898,1.0558,0.0,0.0,-89.7611,63.9078,-321.6898,1.566627,0.0009,0.0,0.0,0.0009,0.0,0.0,0.0,0.0,0.0,0.0,5,0,3,53.89,Sidewalk,False,0.579,,,,,,,0.0042,-1.0,1.02,,,,
389,22.6881,17.75,373,Vehicle 4,vehicle,vehicle.tesla.model3,hero_3,52.3826,330.5545,0.0017,0.0,-0.0002,-0.0709,52.3826,-330.5545,0.001237,0.0,0.0,-0.0,0.0,0.0,0.0,-0.0,0.0,0.0,-0.0,5,0,-1,42.37,Driving,False,-0.008,0.525,-0.005,0.3,False,False,1,,,,NONE,False,Green,30.0
389,22.6881,17.75,372,Vehicle 3,vehicle,vehicle.tesla.model3,hero_2,43.1188,330.5233,0.0017,0.0,-0.0,0.1748,43.1188,-330.5233,-0.003051,0.0,0.0,-0.0,0.0,0.0,-0.0,-0.0,-0.0,0.0,0.0,5,0,-1,33.11,Driving,False,-0.034,0.525,0.002,0.3,False,False,1,,,,NONE,False,Green,60.0
389,22.6881,17.75,371,Vehicle 2,vehicle,vehicle.tesla.model3,hero_1,11.2084,326.5377,0.0013,-0.0009,0.0118,-179.49,11.2084,-326.5377,3.132691,-0.7867,0.0018,-0.0003,0.7867,-0.5806,0.0081,0.0006,-0.026,-0.0684,-0.1787,5,0,1,1.2,Driving,False,0.003,0.139,-0.017,0.0,False,False,1,,,,NONE,False,Green,30.0
389,22.6881,17.75,370,Vehicle 1,vehicle,vehicle.tesla.model3,hero_0,33.1259,330.5405,0.0017,0.0,-0.0001,0.3215,33.1259,-330.5405,-0.005611,-0.0,-0.0,-0.0,0.0,-0.0,-0.0,0.0,0.0,-0.0,0.0,5,0,-1,23.12,Driving,False,-0.012,0.525,0.013,0.3,False,False,1,,,,NONE,False,Green,60.0
390,22.7381,17.8,375,entity_1,vehicle,vehicle.audi.a2,entity_1,61.009,331.442,-0.0073,0.0,0.0,0.0286,61.009,-331.442,-0.000499,0.0,0.0,0.0,0.0,0.0,0.0,0.0,0.0,0.0,0.0,5,0,-1,51.0,Driving,False,0.875,0.0,0.0,0.0,False,False,0,,,,NONE,False,Green,30.0
390,22.7381,17.8,374,entity_2,pedestrian,walker.pedestrian.0001,entity_2,63.9079,321.6898,1.0558,0.0,0.0,-89.7611,63.9079,-321.6898,1.566627,0.0009,0.0,0.0,0.0009,0.0,0.0,0.0,0.0,0.0,0.0,5,0,3,53.89,Sidewalk,False,0.579,,,,,,,0.0042,-1.0,1.02,,,,
390,22.7381,17.8,373,Vehicle 4,vehicle,vehicle.tesla.model3,hero_3,52.3826,330.5545,0.0017,0.0,-0.0002,-0.0709,52.3826,-330.5545,0.001237,0.0,-0.0,-0.0,0.0,0.0,-0.0,-0.0,-0.0,0.0,0.0,5,0,-1,42.37,Driving,False,-0.008,0.525,-0.005,0.3,False,False,1,,,,NONE,False,Green,30.0
390,22.7381,17.8,372,Vehicle 3,vehicle,vehicle.tesla.model3,hero_2,43.1188,330.5233,0.0017,0.0,-0.0,0.1748,43.1188,-330.5233,-0.003051,0.0,0.0,-0.0,0.0,-0.0,0.0,-0.0,-0.0,0.0,-0.0,5,0,-1,33.11,Driving,False,-0.034,0.525,0.002,0.3,False,False,1,,,,NONE,False,Green,60.0
390,22.7381,17.8,371,Vehicle 2,vehicle,vehicle.tesla.model3,hero_1,11.168,326.5377,0.0013,-0.0021,0.0088,-179.5134,11.168,-326.5377,3.1331,-0.8495,0.0022,-0.0003,0.8495,-1.2547,0.0068,0.0002,-0.0234,-0.0111,-0.3855,5,0,1,1.16,Driving,False,0.003,0.139,-0.017,0.0,False,False,1,,,,NONE,False,Green,30.0
390,22.7381,17.8,370,Vehicle 1,vehicle,vehicle.tesla.model3,hero_0,33.1259,330.5405,0.0017,0.0,-0.0001,0.3215,33.1259,-330.5405,-0.005611,-0.0,-0.0,-0.0,0.0,-0.0,-0.0,-0.0,0.0,-0.0,-0.0,5,0,-1,23.12,Driving,False,-0.012,0.525,0.013,0.3,False,False,1,,,,NONE,False,Green,60.0
391,22.7881,17.85,375,entity_1,vehicle,vehicle.audi.a2,entity_1,61.009,331.442,-0.0073,0.0,0.0,0.0286,61.009,-331.442,-0.000499,0.0,0.0,0.0,0.0,0.0,0.0,0.0,0.0,0.0,0.0,5,0,-1,51.0,Driving,False,0.875,0.0,0.0,0.0,False,False,0,,,,NONE,False,Green,30.0
391,22.7881,17.85,374,entity_2,pedestrian,walker.pedestrian.0001,entity_2,63.9079,321.6898,1.0558,0.0,0.0,-89.7611,63.9079,-321.6898,1.566627,0.0009,0.0,0.0,0.0009,0.0,0.0,0.0,0.0,0.0,0.0,5,0,3,53.89,Sidewalk,False,0.579,,,,,,,0.0042,-1.0,1.02,,,,
391,22.7881,17.85,373,Vehicle 4,vehicle,vehicle.tesla.model3,hero_3,52.3826,330.5545,0.0017,0.0,-0.0002,-0.0709,52.3826,-330.5545,0.001237,-0.0,-0.0,0.0,0.0,-0.0,-0.0,0.0,0.0,-0.0,-0.0,5,0,-1,42.37,Driving,False,-0.008,0.525,-0.007,0.3,False,False,1,,,,NONE,False,Green,30.0
391,22.7881,17.85,372,Vehicle 3,vehicle,vehicle.tesla.model3,hero_2,43.1188,330.5233,0.0017,0.0,-0.0,0.1748,43.1188,-330.5233,-0.003051,0.0,-0.0,-0.0,0.0,-0.0,-0.0,-0.0,0.0,0.0,-0.0,5,0,-1,33.11,Driving,False,-0.034,0.525,-0.001,0.3,False,False,1,,,,NONE,False,Green,60.0
391,22.7881,17.85,371,Vehicle 2,vehicle,vehicle.tesla.model3,hero_1,11.1563,326.5376,0.0015,-0.0038,-0.0233,-179.5173,11.1563,-326.5376,3.133168,-0.0005,0.0002,0.0,0.0006,16.9793,-0.0394,0.0062,-0.0202,-0.5982,-0.0008,5,0,1,1.15,Driving,False,0.003,0.0,-0.005,0.7,False,False,1,,,,NONE,False,Green,30.0
391,22.7881,17.85,370,Vehicle 1,vehicle,vehicle.tesla.model3,hero_0,33.1259,330.5405,0.0017,0.0,-0.0001,0.3215,33.1259,-330.5405,-0.005611,-0.0,-0.0,-0.0,0.0,-0.0,0.0,0.0,0.0,-0.0,0.0,5,0,-1,23.12,Driving,False,-0.012,0.525,0.013,0.3,False,False,1,,,,NONE,False,Green,60.0
392,22.8381,17.9,375,entity_1,vehicle,vehicle.audi.a2,entity_1,61.009,331.442,-0.0073,0.0,0.0,0.0286,61.009,-331.442,-0.000499,0.0,0.0,0.0,0.0,0.0,0.0,0.0,0.0,0.0,0.0,5,0,-1,51.0,Driving,False,0.875,0.0,0.0,0.0,False,False,0,,,,NONE,False,Green,30.0
392,22.8381,17.9,374,entity_2,pedestrian,walker.pedestrian.0001,entity_2,63.908,321.6898,1.0558,0.0,0.0,-89.7611,63.908,-321.6898,1.566627,0.0009,0.0,0.0,0.0009,0.0,0.0,0.0,0.0,0.0,0.0,5,0,3,53.89,Sidewalk,False,0.579,,,,,,,0.0042,-1.0,1.02,,,,
392,22.8381,17.9,373,Vehicle 4,vehicle,vehicle.tesla.model3,hero_3,52.3826,330.5545,0.0017,0.0,-0.0002,-0.0709,52.3826,-330.5545,0.001237,0.0,0.0,-0.0,0.0,0.0,0.0,-0.0,-0.0,0.0,-0.0,5,0,-1,42.37,Driving,False,-0.008,0.525,-0.007,0.3,False,False,1,,,,NONE,False,Green,30.0
392,22.8381,17.9,372,Vehicle 3,vehicle,vehicle.tesla.model3,hero_2,43.1188,330.5233,0.0017,0.0,-0.0,0.1748,43.1188,-330.5233,-0.003051,-0.0,-0.0,-0.0,0.0,-0.0,0.0,-0.0,0.0,-0.0,-0.0,5,0,-1,33.11,Driving,False,-0.034,0.525,-0.001,0.3,False,False,1,,,,NONE,False,Green,60.0
392,22.8381,17.9,371,Vehicle 2,vehicle,vehicle.tesla.model3,hero_1,11.1564,326.5376,0.0016,-0.0044,-0.0357,-179.5173,11.1564,-326.5376,3.133168,-0.0001,0.0001,0.0,0.0001,0.009,-0.003,-0.0003,-0.0052,-0.0892,-0.0,5,0,1,1.15,Driving,False,0.003,0.0,-0.005,0.7,False,False,1,,,,NONE,False,Green,30.0
392,22.8381,17.9,370,Vehicle 1,vehicle,vehicle.tesla.model3,hero_0,33.1259,330.5405,0.0017,0.0,-0.0001,0.3215,33.1259,-330.5405,-0.005611,-0.0,-0.0,-0.0,0.0,0.0,0.0,0.0,0.0,-0.0,-0.0,5,0,-1,23.12,Driving,False,-0.012,0.525,0.013,0.3,False,False,1,,,,NONE,False,Green,60.0
393,22.8881,17.95,375,entity_1,vehicle,vehicle.audi.a2,entity_1,61.009,331.442,-0.0073,0.0,0.0,0.0286,61.009,-331.442,-0.000499,0.0,0.0,0.0,0.0,0.0,0.0,0.0,0.0,0.0,0.0,5,0,-1,51.0,Driving,False,0.875,0.0,0.0,0.0,False,False,0,,,,NONE,False,Green,30.0
393,22.8881,17.95,374,entity_2,pedestrian,walker.pedestrian.0001,entity_2,63.908,321.6898,1.0558,0.0,0.0,-89.7611,63.908,-321.6898,1.566627,0.0009,0.0,0.0,0.0009,0.0,0.0,0.0,0.0,0.0,0.0,5,0,3,53.89,Sidewalk,False,0.579,,,,,,,0.0042,-1.0,1.02,,,,
393,22.8881,17.95,373,Vehicle 4,vehicle,vehicle.tesla.model3,hero_3,52.3826,330.5545,0.0017,0.0,-0.0002,-0.0709,52.3826,-330.5545,0.001237,-0.0,-0.0,0.0,0.0,-0.0,-0.0,0.0,0.0,-0.0,-0.0,5,0,-1,42.37,Driving,False,-0.008,0.525,-0.007,0.3,False,False,1,,,,NONE,False,Green,30.0
393,22.8881,17.95,372,Vehicle 3,vehicle,vehicle.tesla.model3,hero_2,43.1188,330.5233,0.0017,0.0,-0.0,0.1748,43.1188,-330.5233,-0.003051,-0.0,0.0,-0.0,0.0,0.0,0.0,-0.0,0.0,-0.0,0.0,5,0,-1,33.11,Driving,False,-0.034,0.525,-0.001,0.3,False,False,1,,,,NONE,False,Green,60.0
393,22.8881,17.95,371,Vehicle 2,vehicle,vehicle.tesla.model3,hero_1,11.1564,326.5376,0.0016,-0.0045,-0.0348,-179.5173,11.1564,-326.5376,3.133168,0.0,0.0,0.0,0.0,0.0021,-0.001,-0.0001,-0.0002,0.0629,0.0,5,0,1,1.15,Driving,False,0.003,0.0,-0.005,0.7,False,False,1,,,,NONE,False,Green,30.0
393,22.8881,17.95,370,Vehicle 1,vehicle,vehicle.tesla.model3,hero_0,33.1259,330.5405,0.0017,0.0,-0.0001,0.3215,33.1259,-330.5405,-0.005611,-0.0,-0.0,-0.0,0.0,-0.0,-0.0,-0.0,0.0,-0.0,-0.0,5,0,-1,23.12,Driving,False,-0.012,0.525,0.013,0.3,False,False,1,,,,NONE,False,Green,60.0
394,22.9381,18.0,375,entity_1,vehicle,vehicle.audi.a2,entity_1,61.009,331.442,-0.0073,0.0,0.0,0.0286,61.009,-331.442,-0.000499,0.0,0.0,0.0,0.0,0.0,0.0,0.0,0.0,0.0,0.0,5,0,-1,51.0,Driving,False,0.875,0.0,0.0,0.0,False,False,0,,,,NONE,False,Green,30.0
394,22.9381,18.0,374,entity_2,pedestrian,walker.pedestrian.0001,entity_2,63.908,321.6898,1.0558,0.0,0.0,-89.7611,63.908,-321.6898,1.566627,0.0009,0.0,0.0,0.0009,0.0,0.0,0.0,0.0,0.0,0.0,5,0,3,53.89,Sidewalk,False,0.579,,,,,,,0.0042,-1.0,1.02,,,,
394,22.9381,18.0,373,Vehicle 4,vehicle,vehicle.tesla.model3,hero_3,52.3826,330.5545,0.0017,0.0,-0.0002,-0.0709,52.3826,-330.5545,0.001237,0.0,0.0,-0.0,0.0,0.0,0.0,-0.0,-0.0,0.0,-0.0,5,0,-1,42.37,Driving,False,-0.008,0.525,-0.007,0.3,False,False,1,,,,NONE,False,Green,30.0
394,22.9381,18.0,372,Vehicle 3,vehicle,vehicle.tesla.model3,hero_2,43.1188,330.5233,0.0017,0.0,-0.0,0.1748,43.1188,-330.5233,-0.003051,-0.0,-0.0,-0.0,0.0,0.0,-0.0,-0.0,0.0,-0.0,0.0,5,0,-1,33.11,Driving,False,-0.034,0.525,-0.001,0.3,False,False,1,,,,NONE,False,Green,60.0
394,22.9381,18.0,371,Vehicle 2,vehicle,vehicle.tesla.model3,hero_1,11.1563,326.5376,0.0016,-0.0044,-0.0305,-179.5173,11.1563,-326.5376,3.133168,0.0001,0.0,0.0,0.0001,0.0004,-0.0003,-0.0,0.0011,0.0936,0.0,5,0,1,1.15,Driving,False,0.003,0.0,-0.005,0.7,False,False,1,,,,NONE,False,Green,30.0
394,22.9381,18.0,370,Vehicle 1,vehicle,vehicle.tesla.model3,hero_0,33.1259,330.5405,0.0017,0.0,-0.0001,0.3215,33.1259,-330.5405,-0.005611,-0.0,-0.0,-0.0,0.0,-0.0,-0.0,-0.0,0.0,-0.0,-0.0,5,0,-1,23.12,Driving,False,-0.012,0.525,0.013,0.3,False,False,1,,,,NONE,False,Green,60.0
395,22.9881,18.05,375,entity_1,vehicle,vehicle.audi.a2,entity_1,61.009,331.442,-0.0073,0.0,0.0,0.0286,61.009,-331.442,-0.000499,0.0,0.0,0.0,0.0,0.0,0.0,0.0,0.0,0.0,0.0,5,0,-1,51.0,Driving,False,0.875,0.0,0.0,0.0,False,False,0,,,,NONE,False,Green,30.0
395,22.9881,18.05,374,entity_2,pedestrian,walker.pedestrian.0001,entity_2,63.9081,321.6898,1.0558,0.0,0.0,-89.7611,63.9081,-321.6898,1.566627,0.0009,0.0,0.0,0.0009,0.0,0.0,0.0,0.0,0.0,0.0,5,0,3,53.89,Sidewalk,False,0.579,,,,,,,0.0042,-1.0,1.02,,,,
395,22.9881,18.05,373,Vehicle 4,vehicle,vehicle.tesla.model3,hero_3,52.3826,330.5545,0.0017,0.0,-0.0002,-0.0709,52.3826,-330.5545,0.001237,-0.0,0.0,-0.0,0.0,-0.0,0.0,0.0,-0.0,-0.0,0.0,5,0,-1,42.37,Driving,False,-0.008,0.525,-0.005,0.3,False,False,1,,,,NONE,False,Green,30.0
395,22.9881,18.05,372,Vehicle 3,vehicle,vehicle.tesla.model3,hero_2,43.1188,330.5233,0.0017,0.0,-0.0,0.1748,43.1188,-330.5233,-0.003051,0.0,0.0,-0.0,0.0,0.0,0.0,-0.0,-0.0,0.0,-0.0,5,0,-1,33.11,Driving,False,-0.034,0.525,0.001,0.3,False,False,1,,,,NONE,False,Green,60.0
395,22.9881,18.05,371,Vehicle 2,vehicle,vehicle.tesla.model3,hero_1,11.1563,326.5376,0.0015,-0.0043,-0.0259,-179.5173,11.1563,-326.5376,3.133168,0.0001,0.0,0.0,0.0001,-0.0001,0.0,-0.0001,0.0013,0.0864,0.0,5,0,1,1.15,Driving,False,0.003,0.57,-0.011,0.0,False,False,1,,,,NONE,False,Green,30.0
395,22.9881,18.05,370,Vehicle 1,vehicle,vehicle.tesla.model3,hero_0,33.1259,330.5405,0.0017,0.0,-0.0001,0.3215,33.1259,-330.5405,-0.005611,-0.0,0.0,-0.0,0.0,0.0,0.0,-0.0,0.0,-0.0,-0.0,5,0,-1,23.12,Driving,False,-0.012,0.525,0.012,0.3,False,False,1,,,,NONE,False,Green,60.0
396,23.0381,18.1,375,entity_1,vehicle,vehicle.audi.a2,entity_1,61.009,331.442,-0.0073,0.0,0.0,0.0286,61.009,-331.442,-0.000499,0.0,0.0,0.0,0.0,0.0,0.0,0.0,0.0,0.0,0.0,5,0,-1,51.0,Driving,False,0.875,0.0,0.0,0.0,False,False,0,,,,NONE,False,Green,30.0
396,23.0381,18.1,374,entity_2,pedestrian,walker.pedestrian.0001,entity_2,63.9081,321.6898,1.0558,0.0,0.0,-89.7611,63.9081,-321.6898,1.566627,0.0009,0.0,0.0,0.0009,0.0,0.0,0.0,0.0,0.0,0.0,5,0,3,53.89,Sidewalk,False,0.579,,,,,,,0.0042,-1.0,1.02,,,,
396,23.0381,18.1,373,Vehicle 4,vehicle,vehicle.tesla.model3,hero_3,52.3826,330.5545,0.0017,0.0,-0.0002,-0.0709,52.3826,-330.5545,0.001237,0.0,0.0,-0.0,0.0,0.0,-0.0,-0.0,-0.0,0.0,0.0,5,0,-1,42.37,Driving,False,-0.008,0.525,-0.005,0.3,False,False,1,,,,NONE,False,Green,30.0
396,23.0381,18.1,372,Vehicle 3,vehicle,vehicle.tesla.model3,hero_2,43.1188,330.5233,0.0017,0.0,-0.0,0.1748,43.1188,-330.5233,-0.003051,0.0,0.0,-0.0,0.0,-0.0,0.0,0.0,-0.0,0.0,0.0,5,0,-1,33.11,Driving,False,-0.034,0.525,0.001,0.3,False,False,1,,,,NONE,False,Green,60.0
396,23.0381,18.1,371,Vehicle 2,vehicle,vehicle.tesla.model3,hero_1,11.1547,326.5376,0.0015,-0.0042,-0.0203,-179.5178,11.1547,-326.5376,3.133177,-0.0874,-0.0,-0.0,0.0874,-1.7501,-0.001,-0.0006,0.0012,0.1827,-0.0265,5,0,1,1.14,Driving,False,0.003,0.57,-0.011,0.0,False,False,1,,,,NONE,False,Green,30.0
396,23.0381,18.1,370,Vehicle 1,vehicle,vehicle.tesla.model3,hero_0,33.1259,330.5405,0.0017,0.0,-0.0001,0.3215,33.1259,-330.5405,-0.005611,-0.0,0.0,-0.0,0.0,0.0,0.0,-0.0,0.0,-0.0,-0.0,5,0,-1,23.12,Driving,False,-0.012,0.525,0.012,0.3,False,False,1,,,,NONE,False,Green,60.0
397,23.0881,18.15,375,entity_1,vehicle,vehicle.audi.a2,entity_1,61.009,331.442,-0.0073,0.0,0.0,0.0286,61.009,-331.442,-0.000499,0.0,0.0,0.0,0.0,0.0,0.0,0.0,0.0,0.0,0.0,5,0,-1,51.0,Driving,False,0.875,0.0,0.0,0.0,False,False,0,,,,NONE,False,Green,30.0
397,23.0881,18.15,374,entity_2,pedestrian,walker.pedestrian.0001,entity_2,63.9082,321.6898,1.0558,0.0,0.0,-89.7611,63.9082,-321.6898,1.566627,0.0009,0.0,0.0,0.0009,0.0,0.0,0.0,0.0,0.0,0.0,5,0,3,53.89,Sidewalk,False,0.579,,,,,,,0.0042,-1.0,1.02,,,,
397,23.0881,18.15,373,Vehicle 4,vehicle,vehicle.tesla.model3,hero_3,52.3826,330.5545,0.0017,0.0,-0.0002,-0.0709,52.3826,-330.5545,0.001237,0.0,0.0,-0.0,0.0,0.0,0.0,-0.0,-0.0,0.0,-0.0,5,0,-1,42.37,Driving,False,-0.008,0.525,-0.005,0.3,False,False,1,,,,NONE,False,Green,30.0
397,23.0881,18.15,372,Vehicle 3,vehicle,vehicle.tesla.model3,hero_2,43.1188,330.5233,0.0017,0.0,-0.0,0.1748,43.1188,-330.5233,-0.003051,0.0,0.0,-0.0,0.0,0.0,0.0,-0.0,-0.0,0.0,0.0,5,0,-1,33.11,Driving,False,-0.034,0.525,0.001,0.3,False,False,1,,,,NONE,False,Green,60.0
397,23.0881,18.15,371,Vehicle 2,vehicle,vehicle.tesla.model3,hero_1,11.1533,326.5376,0.0015,-0.0042,-0.0179,-179.518,11.1533,-326.5376,3.13318,0.0135,0.0001,0.0,0.0135,2.0195,0.0021,0.0006,-0.0005,-0.0343,0.0076,5,0,1,1.14,Driving,False,0.003,0.57,-0.011,0.0,False,False,1,,,,NONE,False,Green,30.0
397,23.0881,18.15,370,Vehicle 1,vehicle,vehicle.tesla.model3,hero_0,33.1259,330.5405,0.0017,0.0,-0.0001,0.3215,33.1259,-330.5405,-0.005611,0.0,-0.0,0.0,0.0,0.0,-0.0,0.0,0.0,0.0,0.0,5,0,-1,23.12,Driving,False,-0.012,0.525,0.012,0.3,False,False,1,,,,NONE,False,Green,60.0
398,23.1381,18.2,375,entity_1,vehicle,vehicle.audi.a2,entity_1,61.009,331.442,-0.0073,0.0,0.0,0.0286,61.009,-331.442,-0.000499,0.0,0.0,0.0,0.0,0.0,0.0,0.0,0.0,0.0,0.0,5,0,-1,51.0,Driving,False,0.875,0.0,0.0,0.0,False,False,0,,,,NONE,False,Green,30.0
398,23.1381,18.2,374,entity_2,pedestrian,walker.pedestrian.0001,entity_2,63.9082,321.6898,1.0558,0.0,0.0,-89.7611,63.9082,-321.6898,1.566627,0.0009,0.0,0.0,0.0009,0.0,0.0,0.0,0.0,0.0,0.0,5,0,3,53.89,Sidewalk,False,0.579,,,,,,,0.0042,-1.0,1.02,,,,
398,23.1381,18.2,373,Vehicle 4,vehicle,vehicle.tesla.model3,hero_3,52.3826,330.5545,0.0017,0.0,-0.0002,-0.0709,52.3826,-330.5545,0.001237,0.0,0.0,-0.0,0.0,0.0,-0.0,-0.0,-0.0,0.0,-0.0,5,0,-1,42.37,Driving,False,-0.008,0.525,-0.005,0.3,False,False,1,,,,NONE,False,Green,30.0
398,23.1381,18.2,372,Vehicle 3,vehicle,vehicle.tesla.model3,hero_2,43.1188,330.5233,0.0017,0.0,-0.0,0.1748,43.1188,-330.5233,-0.003051,0.0,-0.0,-0.0,0.0,-0.0,-0.0,-0.0,-0.0,0.0,-0.0,5,0,-1,33.11,Driving,False,-0.034,0.525,0.001,0.3,False,False,1,,,,NONE,False,Green,60.0
398,23.1381,18.2,371,Vehicle 2,vehicle,vehicle.tesla.model3,hero_1,11.1502,326.5376,0.0015,-0.0041,-0.0138,-179.521,11.1502,-326.5376,3.133233,-0.119,-0.0001,-0.0,0.119,-2.6505,-0.0025,-0.001,-0.0013,0.1547,-0.0923,5,0,1,1.14,Driving,False,0.003,0.57,-0.011,0.0,False,False,1,,,,NONE,False,Green,30.0
398,23.1381,18.2,370,Vehicle 1,vehicle,vehicle.tesla.model3,hero_0,33.1259,330.5405,0.0017,0.0,-0.0001,0.3215,33.1259,-330.5405,-0.005611,0.0,0.0,0.0,0.0,0.0,0.0,0.0,0.0,0.0,0.0,5,0,-1,23.12,Driving,False,-0.012,0.525,0.012,0.3,False,False,1,,,,NONE,False,Green,60.0
399,23.1881,18.25,375,entity_1,vehicle,vehicle.audi.a2,entity_1,61.009,331.442,-0.0073,0.0,0.0,0.0286,61.009,-331.442,-0.000499,0.0,0.0,0.0,0.0,0.0,0.0,0.0,0.0,0.0,0.0,5,0,-1,51.0,Driving,False,0.875,0.0,0.0,0.0,False,False,0,,,,NONE,False,Green,30.0
399,23.1881,18.25,374,entity_2,pedestrian,walker.pedestrian.0001,entity_2,63.9083,321.6898,1.0558,0.0,0.0,-89.7611,63.9083,-321.6898,1.566627,0.0009,0.0,0.0,0.0009,0.0,0.0,0.0,0.0,0.0,0.0,5,0,3,53.89,Sidewalk,False,0.579,,,,,,,0.0042,-1.0,1.02,,,,
399,23.1881,18.25,373,Vehicle 4,vehicle,vehicle.tesla.model3,hero_3,52.3826,330.5545,0.0017,0.0,-0.0002,-0.0709,52.3826,-330.5545,0.001237,0.0,0.0,-0.0,0.0,-0.0,0.0,-0.0,-0.0,0.0,-0.0,5,0,-1,42.37,Driving,False,-0.008,0.525,-0.007,0.3,False,False,1,,,,NONE,False,Green,30.0
399,23.1881,18.25,372,Vehicle 3,vehicle,vehicle.tesla.model3,hero_2,43.1188,330.5233,0.0017,0.0,-0.0,0.1748,43.1188,-330.5233,-0.003051,-0.0,-0.0,-0.0,0.0,-0.0,-0.0,-0.0,0.0,-0.0,-0.0,5,0,-1,33.11,Driving,False,-0.034,0.525,0.0,0.3,False,False,1,,,,NONE,False,Green,60.0
399,23.1881,18.25,371,Vehicle 2,vehicle,vehicle.tesla.model3,hero_1,11.1438,326.5375,0.0014,-0.0041,-0.0095,-179.5298,11.1438,-326.5375,3.133386,-0.1437,0.0007,-0.0,0.1437,-0.494,0.0156,0.0003,0.0045,0.0591,-1.1841,5,0,1,1.13,Driving,False,0.003,0.75,-0.01,0.0,False,False,1,,,,NONE,False,Green,30.0
399,23.1881,18.25,370,Vehicle 1,vehicle,vehicle.tesla.model3,hero_0,33.1259,330.5405,0.0017,0.0,-0.0001,0.3215,33.1259,-330.5405,-0.005611,0.0,0.0,-0.0,0.0,0.0,0.0,-0.0,-0.0,0.0,-0.0,5,0,-1,23.12,Driving,False,-0.012,0.525,0.013,0.3,False,False,1,,,,NONE,False,Green,60.0
400,23.2381,18.3,375,entity_1,vehicle,vehicle.audi.a2,entity_1,61.009,331.442,-0.0073,0.0,0.0,0.0286,61.009,-331.442,-0.000499,0.0,0.0,0.0,0.0,0.0,0.0,0.0,0.0,0.0,0.0,5,0,-1,51.0,Driving,False,0.875,0.0,0.0,0.0,False,False,0,,,,NONE,False,Green,30.0
400,23.2381,18.3,374,entity_2,pedestrian,walker.pedestrian.0001,entity_2,63.9083,321.6898,1.0558,0.0,0.0,-89.7611,63.9083,-321.6898,1.566627,0.0009,0.0,0.0,0.0009,0.0,0.0,0.0,0.0,0.0,0.0,5,0,3,53.89,Sidewalk,False,0.579,,,,,,,0.0042,-1.0,1.02,,,,
400,23.2381,18.3,373,Vehicle 4,vehicle,vehicle.tesla.model3,hero_3,52.3826,330.5545,0.0017,0.0,-0.0002,-0.0709,52.3826,-330.5545,0.001237,0.0,0.0,-0.0,0.0,0.0,0.0,-0.0,-0.0,0.0,-0.0,5,0,-1,42.37,Driving,False,-0.008,0.525,-0.007,0.3,False,False,1,,,,NONE,False,Green,30.0
400,23.2381,18.3,372,Vehicle 3,vehicle,vehicle.tesla.model3,hero_2,43.1188,330.5233,0.0017,0.0,-0.0,0.1748,43.1188,-330.5233,-0.003051,-0.0,0.0,-0.0,0.0,-0.0,0.0,-0.0,0.0,-0.0,0.0,5,0,-1,33.11,Driving,False,-0.034,0.525,0.0,0.3,False,False,1,,,,NONE,False,Green,60.0
400,23.2381,18.3,371,Vehicle 2,vehicle,vehicle.tesla.model3,hero_1,11.133,326.5375,0.0014,-0.0043,-0.0049,-179.5354,11.133,-326.5375,3.133484,-0.2612,-0.0004,-0.0001,0.2612,-2.3505,-0.0227,-0.0007,-0.0025,0.1166,-0.3521,5,0,1,1.12,Driving,False,0.003,0.75,-0.01,0.0,False,False,1,,,,NONE,False,Green,30.0
400,23.2381,18.3,370,Vehicle 1,vehicle,vehicle.tesla.model3,hero_0,33.1259,330.5405,0.0017,0.0,-0.0001,0.3215,33.1259,-330.5405,-0.005611,0.0,0.0,0.0,0.0,-0.0,-0.0,0.0,0.0,0.0,0.0,5,0,-1,23.12,Driving,False,-0.012,0.525,0.013,0.3,False,False,1,,,,NONE,False,Green,60.0
401,23.2881,18.35,375,entity_1,vehicle,vehicle.audi.a2,entity_1,61.009,331.442,-0.0073,0.0,0.0,0.0286,61.009,-331.442,-0.000499,0.0,0.0,0.0,0.0,0.0,0.0,0.0,0.0,0.0,0.0,5,0,-1,51.0,Driving,False,0.875,0.0,0.0,0.0,False,False,0,,,,NONE,False,Green,30.0
401,23.2881,18.35,374,entity_2,pedestrian,walker.pedestrian.0001,entity_2,63.9084,321.6898,1.0558,0.0,0.0,-89.7611,63.9084,-321.6898,1.566627,0.0009,0.0,0.0,0.0009,0.0,0.0,0.0,0.0,0.0,0.0,5,0,3,53.89,Sidewalk,False,0.579,,,,,,,0.0042,-1.0,1.02,,,,
401,23.2881,18.35,373,Vehicle 4,vehicle,vehicle.tesla.model3,hero_3,52.3826,330.5545,0.0017,0.0,-0.0002,-0.0709,52.3826,-330.5545,0.001237,0.0,0.0,-0.0,0.0,0.0,-0.0,-0.0,-0.0,0.0,-0.0,5,0,-1,42.37,Driving,False,-0.008,0.525,-0.007,0.3,False,False,1,,,,NONE,False,Green,30.0
401,23.2881,18.35,372,Vehicle 3,vehicle,vehicle.tesla.model3,hero_2,43.1188,330.5233,0.0017,0.0,-0.0,0.1748,43.1188,-330.5233,-0.003051,-0.0,-0.0,-0.0,0.0,0.0,-0.0,-0.0,0.0,-0.0,0.0,5,0,-1,33.11,Driving,False,-0.034,0.525,0.0,0.3,False,False,1,,,,NONE,False,Green,60.0
401,23.2881,18.35,371,Vehicle 2,vehicle,vehicle.tesla.model3,hero_1,11.1168,326.5375,0.0014,-0.0046,-0.0001,-179.5379,11.1168,-326.5375,3.133527,-0.3683,-0.0006,-0.0001,0.3683,-2.1415,-0.0029,-0.0008,-0.0064,0.1011,-0.7291,5,0,1,1.11,Driving,False,0.003,0.75,-0.01,0.0,False,False,1,,,,NONE,False,Green,30.0
401,23.2881,18.35,370,Vehicle 1,vehicle,vehicle.tesla.model3,hero_0,33.1259,330.5405,0.0017,0.0,-0.0001,0.3215,33.1259,-330.5405,-0.005611,0.0,0.0,-0.0,0.0,0.0,0.0,-0.0,-0.0,0.0,0.0,5,0,-1,23.12,Driving,False,-0.012,0.525,0.013,0.3,False,False,1,,,,NONE,False,Green,60.0
402,23.3381,18.4,375,entity_1,vehicle,vehicle.audi.a2,entity_1,61.009,331.442,-0.0073,0.0,0.0,0.0286,61.009,-331.442,-0.000499,0.0,0.0,0.0,0.0,0.0,0.0,0.0,0.0,0.0,0.0,5,0,-1,51.0,Driving,False,0.875,0.0,0.0,0.0,False,False,0,,,,NONE,False,Green,30.0
402,23.3381,18.4,374,entity_2,pedestrian,walker.pedestrian.0001,entity_2,63.9084,321.6898,1.0558,0.0,0.0,-89.7611,63.9084,-321.6898,1.566627,0.0009,0.0,0.0,0.0009,0.0,0.0,0.0,0.0,0.0,0.0,5,0,3,53.89,Sidewalk,False,0.579,,,,,,,0.0042,-1.0,1.02,,,,
402,23.3381,18.4,373,Vehicle 4,vehicle,vehicle.tesla.model3,hero_3,52.3826,330.5545,0.0017,0.0,-0.0002,-0.0709,52.3826,-330.5545,0.001237,0.0,0.0,-0.0,0.0,-0.0,0.0,-0.0,-0.0,0.0,-0.0,5,0,-1,42.37,Driving,False,-0.008,0.525,-0.007,0.3,False,False,1,,,,NONE,False,Green,30.0
402,23.3381,18.4,372,Vehicle 3,vehicle,vehicle.tesla.model3,hero_2,43.1188,330.5233,0.0017,0.0,-0.0,0.1748,43.1188,-330.5233,-0.003051,0.0,0.0,-0.0,0.0,0.0,0.0,-0.0,-0.0,0.0,-0.0,5,0,-1,33.11,Driving,False,-0.034,0.525,0.0,0.3,False,False,1,,,,NONE,False,Green,60.0
402,23.3381,18.4,371,Vehicle 2,vehicle,vehicle.tesla.model3,hero_1,11.0931,326.5374,0.0013,-0.0049,0.0058,-179.5452,11.0931,-326.5374,3.133655,-0.5204,-0.0003,-0.0002,0.5204,-3.0411,0.0052,-0.001,-0.0069,0.0997,-0.5415,5,0,1,1.08,Driving,False,0.003,0.75,-0.01,0.0,False,False,1,,,,NONE,False,Green,30.0
402,23.3381,18.4,370,Vehicle 1,vehicle,vehicle.tesla.model3,hero_0,33.1259,330.5405,0.0017,0.0,-0.0001,0.3215,33.1259,-330.5405,-0.005611,0.0,0.0,-0.0,0.0,0.0,-0.0,0.0,-0.0,0.0,0.0,5,0,-1,23.12,Driving,False,-0.012,0.525,0.013,0.3,False,False,1,,,,NONE,False,Green,60.0
403,23.3881,18.45,375,entity_1,vehicle,vehicle.audi.a2,entity_1,61.009,331.442,-0.0073,0.0,0.0,0.0286,61.009,-331.442,-0.000499,0.0,0.0,0.0,0.0,0.0,0.0,0.0,0.0,0.0,0.0,5,0,-1,51.0,Driving,False,0.875,0.0,0.0,0.0,False,False,0,,,,NONE,False,Green,30.0
403,23.3881,18.45,374,entity_2,pedestrian,walker.pedestrian.0001,entity_2,63.9084,321.6898,1.0558,0.0,0.0,-89.7611,63.9084,-321.6898,1.566627,0.0009,0.0,0.0,0.0009,0.0,0.0,0.0,0.0,0.0,0.0,5,0,3,53.89,Sidewalk,False,0.579,,,,,,,0.0042,-1.0,1.02,,,,
403,23.3881,18.45,373,Vehicle 4,vehicle,vehicle.tesla.model3,hero_3,52.3826,330.5545,0.0017,0.0,-0.0002,-0.0709,52.3826,-330.5545,0.001237,0.0,0.0,-0.0,0.0,-0.0,-0.0,0.0,-0.0,0.0,-0.0,5,0,-1,42.37,Driving,False,-0.008,0.525,-0.005,0.3,False,False,1,,,,NONE,False,Green,30.0
403,23.3881,18.45,372,Vehicle 3,vehicle,vehicle.tesla.model3,hero_2,43.1188,330.5233,0.0017,0.0,-0.0,0.1748,43.1188,-330.5233,-0.003051,0.0,0.0,-0.0,0.0,0.0,0.0,-0.0,-0.0,0.0,0.0,5,0,-1,33.11,Driving,False,-0.034,0.525,-0.0,0.3,False,False,1,,,,NONE,False,Green,60.0
403,23.3881,18.45,371,Vehicle 2,vehicle,vehicle.tesla.model3,hero_1,11.0648,326.5373,0.0013,-0.006,0.0083,-179.5376,11.0648,-326.5373,3.133522,-0.6299,-0.0035,-0.0002,0.6299,-2.1911,-0.0648,-0.0014,-0.0256,0.0796,0.5016,5,0,1,1.05,Driving,False,0.003,0.046,-0.005,0.0,False,False,1,,,,NONE,False,Green,30.0
403,23.3881,18.45,370,Vehicle 1,vehicle,vehicle.tesla.model3,hero_0,33.1259,330.5405,0.0017,0.0,-0.0001,0.3215,33.1259,-330.5405,-0.005611,0.0,0.0,0.0,0.0,0.0,0.0,0.0,-0.0,0.0,-0.0,5,0,-1,23.12,Driving,False,-0.012,0.525,0.011,0.3,False,False,1,,,,NONE,False,Green,60.0
404,23.4381,18.5,375,entity_1,vehicle,vehicle.audi.a2,entity_1,61.009,331.442,-0.0073,0.0,0.0,0.0286,61.009,-331.442,-0.000499,0.0,0.0,0.0,0.0,0.0,0.0,0.0,0.0,0.0,0.0,5,0,-1,51.0,Driving,False,0.875,0.0,0.0,0.0,False,False,0,,,,NONE,False,Green,30.0
404,23.4381,18.5,374,entity_2,pedestrian,walker.pedestrian.0001,entity_2,63.9085,321.6898,1.0558,0.0,0.0,-89.7611,63.9085,-321.6898,1.566627,0.0009,0.0,0.0,0.0009,0.0,0.0,0.0,0.0,0.0,0.0,5,0,3,53.89,Sidewalk,False,0.579,,,,,,,0.0042,-1.0,1.02,,,,
404,23.4381,18.5,373,Vehicle 4,vehicle,vehicle.tesla.model3,hero_3,52.3826,330.5545,0.0017,0.0,-0.0002,-0.0709,52.3826,-330.5545,0.001237,0.0,0.0,-0.0,0.0,0.0,0.0,-0.0,-0.0,0.0,-0.0,5,0,-1,42.37,Driving,False,-0.008,0.525,-0.005,0.3,False,False,1,,,,NONE,False,Green,30.0
404,23.4381,18.5,372,Vehicle 3,vehicle,vehicle.tesla.model3,hero_2,43.1188,330.5233,0.0017,0.0,-0.0,0.1748,43.1188,-330.5233,-0.003051,0.0,0.0,0.0,0.0,-0.0,-0.0,0.0,0.0,0.0,0.0,5,0,-1,33.11,Driving,False,-0.034,0.525,-0.0,0.3,False,False,1,,,,NONE,False,Green,60.0
404,23.4381,18.5,371,Vehicle 2,vehicle,vehicle.tesla.model3,hero_1,11.0319,326.5372,0.0013,-0.0068,0.009,-179.545,11.0319,-326.5372,3.133651,-0.6723,-0.0025,-0.0002,0.6723,-0.8484,0.0201,-0.0004,-0.0167,-0.0269,-0.1423,5,0,1,1.02,Driving,False,0.003,0.046,-0.005,0.0,False,False,1,,,,NONE,False,Green,30.0
404,23.4381,18.5,370,Vehicle 1,vehicle,vehicle.tesla.model3,hero_0,33.1259,330.5405,0.0017,0.0,-0.0001,0.3215,33.1259,-330.5405,-0.005611,0.0,0.0,0.0,0.0,0.0,0.0,0.0,-0.0,0.0,-0.0,5,0,-1,23.12,Driving,False,-0.012,0.525,0.011,0.3,False,False,1,,,,NONE,False,Green,60.0
405,23.4881,18.55,375,entity_1,vehicle,vehicle.audi.a2,entity_1,61.009,331.442,-0.0073,0.0,0.0,0.0286,61.009,-331.442,-0.000499,0.0,0.0,0.0,0.0,0.0,0.0,0.0,0.0,0.0,0.0,5,0,-1,51.0,Driving,False,0.875,0.0,0.0,0.0,False,False,0,,,,NONE,False,Green,30.0
405,23.4881,18.55,374,entity_2,pedestrian,walker.pedestrian.0001,entity_2,63.9085,321.6898,1.0558,0.0,0.0,-89.7611,63.9085,-321.6898,1.566627,0.0009,0.0,0.0,0.0009,0.0,0.0,0.0,0.0,0.0,0.0,5,0,3,53.89,Sidewalk,False,0.579,,,,,,,0.0042,-1.0,1.02,,,,
405,23.4881,18.55,373,Vehicle 4,vehicle,vehicle.tesla.model3,hero_3,52.3826,330.5545,0.0017,0.0,-0.0002,-0.0709,52.3826,-330.5545,0.001237,0.0,0.0,-0.0,0.0,0.0,-0.0,-0.0,-0.0,0.0,-0.0,5,0,-1,42.37,Driving,False,-0.008,0.525,-0.005,0.3,False,False,1,,,,NONE,False,Green,30.0
405,23.4881,18.55,372,Vehicle 3,vehicle,vehicle.tesla.model3,hero_2,43.1188,330.5233,0.0017,0.0,-0.0,0.1748,43.1188,-330.5233,-0.003051,-0.0,0.0,-0.0,0.0,-0.0,0.0,-0.0,0.0,-0.0,-0.0,5,0,-1,33.11,Driving,False,-0.034,0.525,-0.0,0.3,False,False,1,,,,NONE,False,Green,60.0
405,23.4881,18.55,371,Vehicle 2,vehicle,vehicle.tesla.model3,hero_1,10.9968,326.5369,0.0013,-0.0079,0.0071,-179.5488,10.9968,-326.5369,3.133718,-0.7234,-0.0038,-0.0003,0.7234,-1.0208,-0.0257,-0.0003,-0.0217,-0.028,0.3516,5,0,1,0.99,Driving,False,0.004,0.046,-0.005,0.0,False,False,1,,,,NONE,False,Green,30.0
405,23.4881,18.55,370,Vehicle 1,vehicle,vehicle.tesla.model3,hero_0,33.1259,330.5405,0.0017,0.0,-0.0001,0.3215,33.1259,-330.5405,-0.005611,-0.0,-0.0,-0.0,0.0,-0.0,-0.0,-0.0,0.0,-0.0,-0.0,5,0,-1,23.12,Driving,False,-0.012,0.525,0.011,0.3,False,False,1,,,,NONE,False,Green,60.0
406,23.5381,18.6,375,entity_1,vehicle,vehicle.audi.a2,entity_1,61.009,331.442,-0.0073,0.0,0.0,0.0286,61.009,-331.442,-0.000499,0.0,0.0,0.0,0.0,0.0,0.0,0.0,0.0,0.0,0.0,5,0,-1,51.0,Driving,False,0.875,0.0,0.0,0.0,False,False,0,,,,NONE,False,Green,30.0
406,23.5381,18.6,374,entity_2,pedestrian,walker.pedestrian.0001,entity_2,63.9086,321.6898,1.0558,0.0,0.0,-89.7611,63.9086,-321.6898,1.566627,0.0009,0.0,0.0,0.0009,0.0,0.0,0.0,0.0,0.0,0.0,5,0,3,53.89,Sidewalk,False,0.579,,,,,,,0.0042,-1.0,1.02,,,,
406,23.5381,18.6,373,Vehicle 4,vehicle,vehicle.tesla.model3,hero_3,52.3826,330.5545,0.0017,0.0,-0.0002,-0.0709,52.3826,-330.5545,0.001237,0.0,0.0,-0.0,0.0,-0.0,0.0,-0.0,-0.0,0.0,-0.0,5,0,-1,42.37,Driving,False,-0.008,0.525,-0.005,0.3,False,False,1,,,,NONE,False,Green,30.0
406,23.5381,18.6,372,Vehicle 3,vehicle,vehicle.tesla.model3,hero_2,43.1188,330.5233,0.0017,0.0,-0.0,0.1748,43.1188,-330.5233,-0.003051,-0.0,-0.0,-0.0,0.0,0.0,-0.0,-0.0,0.0,-0.0,0.0,5,0,-1,33.11,Driving,False,-0.034,0.525,-0.0,0.3,False,False,1,,,,NONE,False,Green,60.0
406,23.5381,18.6,371,Vehicle 2,vehicle,vehicle.tesla.model3,hero_1,10.9613,326.5366,0.0013,-0.0089,0.0034,-179.5604,10.9613,-326.5366,3.13392,-0.6974,-0.0036,-0.0002,0.6974,0.5186,0.005,0.0002,-0.0146,-0.1056,-0.5158,5,0,1,0.95,Driving,False,0.004,0.046,-0.005,0.0,False,False,1,,,,NONE,False,Green,30.0
406,23.5381,18.6,370,Vehicle 1,vehicle,vehicle.tesla.model3,hero_0,33.1259,330.5405,0.0017,0.0,-0.0001,0.3215,33.1259,-330.5405,-0.005611,-0.0,-0.0,-0.0,0.0,0.0,0.0,0.0,0.0,-0.0,0.0,5,0,-1,23.12,Driving,False,-0.012,0.525,0.011,0.3,False,False,1,,,,NONE,False,Green,60.0
407,23.5881,18.65,375,entity_1,vehicle,vehicle.audi.a2,entity_1,61.009,331.442,-0.0073,0.0,0.0,0.0286,61.009,-331.442,-0.000499,0.0,0.0,0.0,0.0,0.0,0.0,0.0,0.0,0.0,0.0,5,0,-1,51.0,Driving,False,0.875,0.0,0.0,0.0,False,False,0,,,,NONE,False,Green,30.0
407,23.5881,18.65,374,entity_2,pedestrian,walker.pedestrian.0001,entity_2,63.9086,321.6898,1.0558,0.0,0.0,-89.7611,63.9086,-321.6898,1.566627,0.0009,0.0,0.0,0.0009,0.0,0.0,0.0,0.0,0.0,0.0,5,0,3,53.89,Sidewalk,False,0.579,,,,,,,0.0042,-1.0,1.02,,,,
407,23.5881,18.65,373,Vehicle 4,vehicle,vehicle.tesla.model3,hero_3,52.3826,330.5545,0.0017,0.0,-0.0002,-0.0709,52.3826,-330.5545,0.001237,0.0,0.0,-0.0,0.0,0.0,-0.0,-0.0,-0.0,0.0,-0.0,5,0,-1,42.37,Driving,False,-0.008,0.525,-0.007,0.3,False,False,1,,,,NONE,False,Green,30.0
407,23.5881,18.65,372,Vehicle 3,vehicle,vehicle.tesla.model3,hero_2,43.1188,330.5233,0.0017,0.0,-0.0,0.1748,43.1188,-330.5233,-0.003051,-0.0,0.0,-0.0,0.0,0.0,0.0,-0.0,0.0,-0.0,-0.0,5,0,-1,33.11,Driving,False,-0.034,0.525,0.0,0.3,False,False,1,,,,NONE,False,Green,60.0
407,23.5881,18.65,371,Vehicle 2,vehicle,vehicle.tesla.model3,hero_1,10.9511,326.5367,0.0015,-0.0092,-0.0248,-179.5535,10.9511,-326.5367,3.1338,-0.0005,0.0,-0.0,0.0005,13.9397,0.0717,0.0048,0.0003,-0.5232,-0.0007,5,0,1,0.94,Driving,False,0.004,0.0,-0.007,0.7,False,False,1,,,,NONE,False,Green,30.0
407,23.5881,18.65,370,Vehicle 1,vehicle,vehicle.tesla.model3,hero_0,33.1259,330.5405,0.0017,0.0,-0.0001,0.3215,33.1259,-330.5405,-0.005611,0.0,0.0,0.0,0.0,0.0,0.0,0.0,-0.0,0.0,0.0,5,0,-1,23.12,Driving,False,-0.012,0.525,0.012,0.3,False,False,1,,,,NONE,False,Green,60.0
408,23.6381,18.7,375,entity_1,vehicle,vehicle.audi.a2,entity_1,61.009,331.442,-0.0073,0.0,0.0,0.0286,61.009,-331.442,-0.000499,0.0,0.0,0.0,0.0,0.0,0.0,0.0,0.0,0.0,0.0,5,0,-1,51.0,Driving,False,0.875,0.0,0.0,0.0,False,False,0,,,,NONE,False,Green,30.0
408,23.6381,18.7,374,entity_2,pedestrian,walker.pedestrian.0001,entity_2,63.9087,321.6898,1.0558,0.0,0.0,-89.7611,63.9087,-321.6898,1.566627,0.0009,0.0,0.0,0.0009,0.0,0.0,0.0,0.0,0.0,0.0,5,0,3,53.89,Sidewalk,False,0.579,,,,,,,0.0042,-1.0,1.02,,,,
408,23.6381,18.7,373,Vehicle 4,vehicle,vehicle.tesla.model3,hero_3,52.3826,330.5545,0.0017,0.0,-0.0002,-0.0709,52.3826,-330.5545,0.001237,0.0,0.0,-0.0,0.0,0.0,-0.0,-0.0,-0.0,0.0,-0.0,5,0,-1,42.37,Driving,False,-0.008,0.525,-0.007,0.3,False,False,1,,,,NONE,False,Green,30.0
408,23.6381,18.7,372,Vehicle 3,vehicle,vehicle.tesla.model3,hero_2,43.1188,330.5233,0.0017,0.0,-0.0,0.1748,43.1188,-330.5233,-0.003051,0.0,0.0,-0.0,0.0,0.0,0.0,-0.0,-0.0,0.0,-0.0,5,0,-1,33.11,Driving,False,-0.034,0.525,0.0,0.3,False,False,1,,,,NONE,False,Green,60.0
408,23.6381,18.7,371,Vehicle 2,vehicle,vehicle.tesla.model3,hero_1,10.9512,326.5367,0.0015,-0.0093,-0.0355,-179.5535,10.9512,-326.5367,3.1338,-0.0,0.0,-0.0,0.0001,0.0081,0.0,0.0001,0.0001,-0.0755,-0.0,5,0,1,0.94,Driving,False,0.004,0.0,-0.007,0.7,False,False,1,,,,NONE,False,Green,30.0
408,23.6381,18.7,370,Vehicle 1,vehicle,vehicle.tesla.model3,hero_0,33.1259,330.5405,0.0017,0.0,-0.0001,0.3215,33.1259,-330.5405,-0.005611,-0.0,-0.0,-0.0,0.0,-0.0,-0.0,-0.0,0.0,-0.0,-0.0,5,0,-1,23.12,Driving,False,-0.012,0.525,0.012,0.3,False,False,1,,,,NONE,False,Green,60.0
409,23.6881,18.75,375,entity_1,vehicle,vehicle.audi.a2,entity_1,61.009,331.442,-0.0073,0.0,0.0,0.0286,61.009,-331.442,-0.000499,0.0,0.0,0.0,0.0,0.0,0.0,0.0,0.0,0.0,0.0,5,0,-1,51.0,Driving,False,0.875,0.0,0.0,0.0,False,False,0,,,,NONE,False,Green,30.0
409,23.6881,18.75,374,entity_2,pedestrian,walker.pedestrian.0001,entity_2,63.9087,321.6898,1.0558,0.0,0.0,-89.7611,63.9087,-321.6898,1.566627,0.0009,0.0,0.0,0.0009,0.0,0.0,0.0,0.0,0.0,0.0,5,0,3,53.9,Sidewalk,False,0.579,,,,,,,0.0042,-1.0,1.02,,,,
409,23.6881,18.75,373,Vehicle 4,vehicle,vehicle.tesla.model3,hero_3,52.3826,330.5545,0.0017,0.0,-0.0002,-0.0709,52.3826,-330.5545,0.001237,0.0,0.0,-0.0,0.0,-0.0,0.0,-0.0,-0.0,0.0,-0.0,5,0,-1,42.37,Driving,False,-0.008,0.525,-0.007,0.3,False,False,1,,,,NONE,False,Green,30.0
409,23.6881,18.75,372,Vehicle 3,vehicle,vehicle.tesla.model3,hero_2,43.1188,330.5233,0.0017,0.0,-0.0,0.1748,43.1188,-330.5233,-0.003051,0.0,0.0,-0.0,0.0,0.0,0.0,-0.0,-0.0,0.0,0.0,5,0,-1,33.11,Driving,False,-0.034,0.525,0.0,0.3,False,False,1,,,,NONE,False,Green,60.0
409,23.6881,18.75,371,Vehicle 2,vehicle,vehicle.tesla.model3,hero_1,10.9512,326.5367,0.0015,-0.0093,-0.0346,-179.5535,10.9512,-326.5367,3.1338,0.0,0.0,-0.0,0.0,0.0018,-0.0,0.0,-0.0001,0.0578,-0.0,5,0,1,0.94,Driving,False,0.004,0.0,-0.007,0.7,False,False,1,,,,NONE,False,Green,30.0
409,23.6881,18.75,370,Vehicle 1,vehicle,vehicle.tesla.model3,hero_0,33.1259,330.5405,0.0017,0.0,-0.0001,0.3215,33.1259,-330.5405,-0.005611,0.0,-0.0,0.0,0.0,0.0,-0.0,0.0,0.0,0.0,0.0,5,0,-1,23.12,Driving,False,-0.012,0.525,0.012,0.3,False,False,1,,,,NONE,False,Green,60.0
410,23.7381,18.8,375,entity_1,vehicle,vehicle.audi.a2,entity_1,61.009,331.442,-0.0073,0.0,0.0,0.0286,61.009,-331.442,-0.000499,0.0,0.0,0.0,0.0,0.0,0.0,0.0,0.0,0.0,0.0,5,0,-1,51.0,Driving,False,0.875,0.0,0.0,0.0,False,False,0,,,,NONE,False,Green,30.0
410,23.7381,18.8,374,entity_2,pedestrian,walker.pedestrian.0001,entity_2,63.9087,321.6898,1.0558,0.0,0.0,-89.7611,63.9087,-321.6898,1.566627,0.0009,0.0,0.0,0.0009,0.0,0.0,0.0,0.0,0.0,0.0,5,0,3,53.9,Sidewalk,False,0.579,,,,,,,0.0042,-1.0,1.02,,,,
410,23.7381,18.8,373,Vehicle 4,vehicle,vehicle.tesla.model3,hero_3,52.3826,330.5545,0.0017,0.0,-0.0002,-0.0709,52.3826,-330.5545,0.001237,0.0,0.0,-0.0,0.0,0.0,-0.0,-0.0,-0.0,0.0,-0.0,5,0,-1,42.37,Driving,False,-0.008,0.525,-0.007,0.3,False,False,1,,,,NONE,False,Green,30.0
410,23.7381,18.8,372,Vehicle 3,vehicle,vehicle.tesla.model3,hero_2,43.1188,330.5233,0.0017,0.0,-0.0,0.1748,43.1188,-330.5233,-0.003051,0.0,-0.0,-0.0,0.0,-0.0,-0.0,-0.0,-0.0,0.0,-0.0,5,0,-1,33.11,Driving,False,-0.034,0.525,0.0,0.3,False,False,1,,,,NONE,False,Green,60.0
410,23.7381,18.8,371,Vehicle 2,vehicle,vehicle.tesla.model3,hero_1,10.9512,326.5367,0.0015,-0.0092,-0.0307,-179.5535,10.9512,-326.5367,3.1338,0.0001,0.0,-0.0,0.0001,0.0004,-0.0,0.0,-0.0,0.0843,0.0,5,0,1,0.94,Driving,False,0.004,0.0,-0.007,0.7,False,False,1,,,,NONE,False,Green,30.0
410,23.7381,18.8,370,Vehicle 1,vehicle,vehicle.tesla.model3,hero_0,33.1259,330.5405,0.0017,0.0,-0.0001,0.3215,33.1259,-330.5405,-0.005611,0.0,-0.0,0.0,0.0,-0.0,0.0,0.0,0.0,0.0,0.0,5,0,-1,23.12,Driving,False,-0.012,0.525,0.012,0.3,False,False,1,,,,NONE,False,Green,60.0
411,23.7881,18.85,375,entity_1,vehicle,vehicle.audi.a2,entity_1,61.009,331.442,-0.0073,0.0,0.0,0.0286,61.009,-331.442,-0.000499,0.0,0.0,0.0,0.0,0.0,0.0,0.0,0.0,0.0,0.0,5,0,-1,51.0,Driving,False,0.875,0.0,0.0,0.0,False,False,0,,,,NONE,False,Green,30.0
411,23.7881,18.85,374,entity_2,pedestrian,walker.pedestrian.0001,entity_2,63.9088,321.6898,1.0558,0.0,0.0,-89.7611,63.9088,-321.6898,1.566627,0.0009,0.0,0.0,0.0009,0.0,0.0,0.0,0.0,0.0,0.0,5,0,3,53.9,Sidewalk,False,0.579,,,,,,,0.0042,-1.0,1.02,,,,
411,23.7881,18.85,373,Vehicle 4,vehicle,vehicle.tesla.model3,hero_3,52.3826,330.5545,0.0017,0.0,-0.0002,-0.0709,52.3826,-330.5545,0.001237,0.0,0.0,0.0,0.0,-0.0,-0.0,0.0,0.0,0.0,0.0,5,0,-1,42.37,Driving,False,-0.008,0.525,-0.006,0.3,False,False,1,,,,NONE,False,Green,30.0
411,23.7881,18.85,372,Vehicle 3,vehicle,vehicle.tesla.model3,hero_2,43.1188,330.5233,0.0017,0.0,-0.0,0.1748,43.1188,-330.5233,-0.003051,-0.0,-0.0,-0.0,0.0,-0.0,-0.0,-0.0,0.0,-0.0,-0.0,5,0,-1,33.11,Driving,False,-0.034,0.525,0.001,0.3,False,False,1,,,,NONE,False,Green,60.0
411,23.7881,18.85,371,Vehicle 2,vehicle,vehicle.tesla.model3,hero_1,10.9511,326.5367,0.0015,-0.0092,-0.0266,-179.5535,10.9511,-326.5367,3.1338,0.0001,0.0,-0.0,0.0001,-0.0001,0.0,-0.0,-0.0001,0.0775,0.0,5,0,1,0.94,Driving,False,0.004,0.75,-0.009,0.0,False,False,1,,,,NONE,False,Green,30.0
411,23.7881,18.85,370,Vehicle 1,vehicle,vehicle.tesla.model3,hero_0,33.1259,330.5405,0.0017,0.0,-0.0001,0.3215,33.1259,-330.5405,-0.005611,-0.0,-0.0,0.0,0.0,-0.0,0.0,0.0,0.0,-0.0,-0.0,5,0,-1,23.12,Driving,False,-0.012,0.525,0.013,0.3,False,False,1,,,,NONE,False,Green,60.0
412,23.8381,18.9,375,entity_1,vehicle,vehicle.audi.a2,entity_1,61.009,331.442,-0.0073,0.0,0.0,0.0286,61.009,-331.442,-0.000499,0.0,0.0,0.0,0.0,0.0,0.0,0.0,0.0,0.0,0.0,5,0,-1,51.0,Driving,False,0.875,0.0,0.0,0.0,False,False,0,,,,NONE,False,Green,30.0
412,23.8381,18.9,374,entity_2,pedestrian,walker.pedestrian.0001,entity_2,63.9088,321.6898,1.0558,0.0,0.0,-89.7611,63.9088,-321.6898,1.566627,0.0009,0.0,0.0,0.0009,0.0,0.0,0.0,0.0,0.0,0.0,5,0,3,53.9,Sidewalk,False,0.579,,,,,,,0.0042,-1.0,1.02,,,,
412,23.8381,18.9,373,Vehicle 4,vehicle,vehicle.tesla.model3,hero_3,52.3826,330.5545,0.0017,0.0,-0.0002,-0.0709,52.3826,-330.5545,0.001237,0.0,0.0,-0.0,0.0,0.0,0.0,-0.0,-0.0,0.0,-0.0,5,0,-1,42.37,Driving,False,-0.008,0.525,-0.006,0.3,False,False,1,,,,NONE,False,Green,30.0
412,23.8381,18.9,372,Vehicle 3,vehicle,vehicle.tesla.model3,hero_2,43.1188,330.5233,0.0017,0.0,-0.0,0.1748,43.1188,-330.5233,-0.003051,-0.0,-0.0,-0.0,0.0,-0.0,0.0,-0.0,0.0,-0.0,-0.0,5,0,-1,33.11,Driving,False,-0.034,0.525,0.001,0.3,False,False,1,,,,NONE,False,Green,60.0
412,23.8381,18.9,371,Vehicle 2,vehicle,vehicle.tesla.model3,hero_1,10.9495,326.5367,0.0014,-0.0092,-0.0215,-179.5539,10.9495,-326.5367,3.133807,-0.0865,-0.0001,-0.0,0.0865,-1.732,-0.0026,-0.0006,-0.0006,0.1749,-0.0207,5,0,1,0.94,Driving,False,0.004,0.75,-0.009,0.0,False,False,1,,,,NONE,False,Green,30.0
412,23.8381,18.9,370,Vehicle 1,vehicle,vehicle.tesla.model3,hero_0,33.1259,330.5405,0.0017,0.0,-0.0001,0.3215,33.1259,-330.5405,-0.005611,-0.0,-0.0,0.0,0.0,-0.0,-0.0,0.0,0.0,-0.0,0.0,5,0,-1,23.12,Driving,False,-0.012,0.525,0.013,0.3,False,False,1,,,,NONE,False,Green,60.0
413,23.8881,18.95,375,entity_1,vehicle,vehicle.audi.a2,entity_1,61.009,331.442,-0.0073,0.0,0.0,0.0286,61.009,-331.442,-0.000499,0.0,0.0,0.0,0.0,0.0,0.0,0.0,0.0,0.0,0.0,5,0,-1,51.0,Driving,False,0.875,0.0,0.0,0.0,False,False,0,,,,NONE,False,Green,30.0
413,23.8881,18.95,374,entity_2,pedestrian,walker.pedestrian.0001,entity_2,63.9089,321.6898,1.0558,0.0,0.0,-89.7611,63.9089,-321.6898,1.566627,0.0009,0.0,0.0,0.0009,0.0,0.0,0.0,0.0,0.0,0.0,5,0,3,53.9,Sidewalk,False,0.579,,,,,,,0.0042,-1.0,1.02,,,,
413,23.8881,18.95,373,Vehicle 4,vehicle,vehicle.tesla.model3,hero_3,52.3826,330.5545,0.0017,0.0,-0.0002,-0.0709,52.3826,-330.5545,0.001237,0.0,0.0,-0.0,0.0,0.0,0.0,-0.0,-0.0,0.0,-0.0,5,0,-1,42.37,Driving,False,-0.008,0.525,-0.006,0.3,False,False,1,,,,NONE,False,Green,30.0
413,23.8881,18.95,372,Vehicle 3,vehicle,vehicle.tesla.model3,hero_2,43.1188,330.5233,0.0017,0.0,-0.0,0.1748,43.1188,-330.5233,-0.003051,0.0,-0.0,-0.0,0.0,0.0,0.0,0.0,0.0,0.0,0.0,5,0,-1,33.11,Driving,False,-0.034,0.525,0.001,0.3,False,False,1,,,,NONE,False,Green,60.0
413,23.8881,18.95,371,Vehicle 2,vehicle,vehicle.tesla.model3,hero_1,10.9482,326.5367,0.0014,-0.0092,-0.0193,-179.5541,10.9482,-326.5367,3.13381,0.0142,0.0001,0.0,0.0142,2.0142,0.0038,0.0008,-0.0009,-0.0396,0.006,5,0,1,0.94,Driving,False,0.004,0.75,-0.009,0.0,False,False,1,,,,NONE,False,Green,30.0
413,23.8881,18.95,370,Vehicle 1,vehicle,vehicle.tesla.model3,hero_0,33.1259,330.5405,0.0017,0.0,-0.0001,0.3215,33.1259,-330.5405,-0.005611,-0.0,-0.0,-0.0,0.0,-0.0,-0.0,-0.0,0.0,-0.0,-0.0,5,0,-1,23.12,Driving,False,-0.012,0.525,0.013,0.3,False,False,1,,,,NONE,False,Green,60.0
414,23.9381,19.0,375,entity_1,vehicle,vehicle.audi.a2,entity_1,61.009,331.442,-0.0073,0.0,0.0,0.0286,61.009,-331.442,-0.000499,0.0,0.0,0.0,0.0,0.0,0.0,0.0,0.0,0.0,0.0,5,0,-1,51.0,Driving,False,0.875,0.0,0.0,0.0,False,False,0,,,,NONE,False,Green,30.0
414,23.9381,19.0,374,entity_2,pedestrian,walker.pedestrian.0001,entity_2,63.9089,321.6898,1.0558,0.0,0.0,-89.7611,63.9089,-321.6898,1.566627,0.0009,0.0,0.0,0.0009,0.0,0.0,0.0,0.0,0.0,0.0,5,0,3,53.9,Sidewalk,False,0.579,,,,,,,0.0042,-1.0,1.02,,,,
414,23.9381,19.0,373,Vehicle 4,vehicle,vehicle.tesla.model3,hero_3,52.3826,330.5545,0.0017,0.0,-0.0002,-0.0709,52.3826,-330.5545,0.001237,0.0,0.0,-0.0,0.0,0.0,0.0,-0.0,-0.0,0.0,-0.0,5,0,-1,42.37,Driving,False,-0.008,0.525,-0.006,0.3,False,False,1,,,,NONE,False,Green,30.0
414,23.9381,19.0,372,Vehicle 3,vehicle,vehicle.tesla.model3,hero_2,43.1188,330.5233,0.0017,0.0,-0.0,0.1748,43.1188,-330.5233,-0.003051,0.0,-0.0,-0.0,0.0,0.0,-0.0,-0.0,-0.0,0.0,-0.0,5,0,-1,33.11,Driving,False,-0.034,0.525,0.001,0.3,False,False,1,,,,NONE,False,Green,60.0
414,23.9381,19.0,371,Vehicle 2,vehicle,vehicle.tesla.model3,hero_1,10.9446,326.5366,0.0014,-0.0093,-0.0153,-179.5589,10.9446,-326.5366,3.133894,-0.1063,-0.0005,-0.0,0.1063,-2.4089,-0.0108,-0.0009,-0.0035,0.1065,0.4663,5,0,1,0.93,Driving,False,0.004,0.75,-0.009,0.0,False,False,1,,,,NONE,False,Green,30.0
414,23.9381,19.0,370,Vehicle 1,vehicle,vehicle.tesla.model3,hero_0,33.1259,330.5405,0.0017,0.0,-0.0001,0.3215,33.1259,-330.5405,-0.005611,-0.0,-0.0,-0.0,0.0,-0.0,-0.0,-0.0,0.0,-0.0,-0.0,5,0,-1,23.12,Driving,False,-0.012,0.525,0.013,0.3,False,False,1,,,,NONE,False,Green,60.0
415,23.9881,19.05,375,entity_1,vehicle,vehicle.audi.a2,entity_1,61.009,331.442,-0.0073,0.0,0.0,0.0286,61.009,-331.442,-0.000499,0.0,0.0,0.0,0.0,0.0,0.0,0.0,0.0,0.0,0.0,5,0,-1,51.0,Driving,False,0.875,0.0,0.0,0.0,False,False,0,,,,NONE,False,Green,30.0
415,23.9881,19.05,374,entity_2,pedestrian,walker.pedestrian.0001,entity_2,63.909,321.6898,1.0558,0.0,0.0,-89.7611,63.909,-321.6898,1.566627,0.0009,0.0,0.0,0.0009,0.0,0.0,0.0,0.0,0.0,0.0,5,0,3,53.9,Sidewalk,False,0.579,,,,,,,0.0042,-1.0,1.02,,,,
415,23.9881,19.05,373,Vehicle 4,vehicle,vehicle.tesla.model3,hero_3,52.3826,330.5545,0.0017,0.0,-0.0002,-0.0709,52.3826,-330.5545,0.001237,0.0,0.0,-0.0,0.0,0.0,0.0,-0.0,-0.0,0.0,-0.0,5,0,-1,42.37,Driving,False,-0.008,0.525,-0.007,0.3,False,False,1,,,,NONE,False,Green,30.0
415,23.9881,19.05,372,Vehicle 3,vehicle,vehicle.tesla.model3,hero_2,43.1188,330.5233,0.0017,0.0,-0.0,0.1748,43.1188,-330.5233,-0.003051,-0.0,-0.0,-0.0,0.0,-0.0,-0.0,-0.0,0.0,-0.0,-0.0,5,0,-1,33.11,Driving,False,-0.034,0.525,-0.0,0.3,False,False,1,,,,NONE,False,Green,60.0
415,23.9881,19.05,371,Vehicle 2,vehicle,vehicle.tesla.model3,hero_1,10.9441,326.5366,0.0014,-0.0093,-0.0168,-179.5603,10.9441,-326.5366,3.133918,-0.0,0.0,0.0,0.0,2.1254,0.0096,0.0009,-0.0001,-0.0167,-0.0,5,0,1,0.93,Driving,False,0.004,0.0,-0.009,0.7,False,False,1,,,,NONE,False,Green,30.0
415,23.9881,19.05,370,Vehicle 1,vehicle,vehicle.tesla.model3,hero_0,33.1259,330.5405,0.0017,0.0,-0.0001,0.3215,33.1259,-330.5405,-0.005611,0.0,0.0,-0.0,0.0,0.0,0.0,-0.0,-0.0,0.0,0.0,5,0,-1,23.12,Driving,False,-0.012,0.525,0.014,0.3,False,False,1,,,,NONE,False,Green,60.0
416,24.0381,19.1,375,entity_1,vehicle,vehicle.audi.a2,entity_1,61.009,331.442,-0.0073,0.0,0.0,0.0286,61.009,-331.442,-0.000499,0.0,0.0,0.0,0.0,0.0,0.0,0.0,0.0,0.0,0.0,5,0,-1,51.0,Driving,False,0.875,0.0,0.0,0.0,False,False,0,,,,NONE,False,Green,30.0
416,24.0381,19.1,374,entity_2,pedestrian,walker.pedestrian.0001,entity_2,63.909,321.6898,1.0558,0.0,0.0,-89.7611,63.909,-321.6898,1.566627,0.0009,0.0,0.0,0.0009,0.0,0.0,0.0,0.0,0.0,0.0,5,0,3,53.9,Sidewalk,False,0.579,,,,,,,0.0042,-1.0,1.02,,,,
416,24.0381,19.1,373,Vehicle 4,vehicle,vehicle.tesla.model3,hero_3,52.3826,330.5545,0.0017,0.0,-0.0002,-0.0709,52.3826,-330.5545,0.001237,0.0,0.0,-0.0,0.0,0.0,0.0,-0.0,-0.0,0.0,-0.0,5,0,-1,42.37,Driving,False,-0.008,0.525,-0.007,0.3,False,False,1,,,,NONE,False,Green,30.0
416,24.0381,19.1,372,Vehicle 3,vehicle,vehicle.tesla.model3,hero_2,43.1188,330.5233,0.0017,0.0,-0.0,0.1748,43.1188,-330.5233,-0.003051,-0.0,-0.0,-0.0,0.0,0.0,0.0,-0.0,0.0,-0.0,0.0,5,0,-1,33.11,Driving,False,-0.034,0.525,-0.0,0.3,False,False,1,,,,NONE,False,Green,60.0
416,24.0381,19.1,371,Vehicle 2,vehicle,vehicle.tesla.model3,hero_1,10.9441,326.5366,0.0014,-0.0093,-0.0167,-179.5603,10.9441,-326.5366,3.133918,0.0,0.0,0.0,0.0,0.0004,-0.0,-0.0001,0.0,0.0102,-0.0,5,0,1,0.93,Driving,False,0.004,0.0,-0.009,0.7,False,False,1,,,,NONE,False,Green,30.0
416,24.0381,19.1,370,Vehicle 1,vehicle,vehicle.tesla.model3,hero_0,33.1259,330.5405,0.0017,0.0,-0.0001,0.3215,33.1259,-330.5405,-0.005611,0.0,0.0,-0.0,0.0,-0.0,0.0,-0.0,-0.0,0.0,0.0,5,0,-1,23.12,Driving,False,-0.012,0.525,0.014,0.3,False,False,1,,,,NONE,False,Green,60.0
417,24.0881,19.15,375,entity_1,vehicle,vehicle.audi.a2,entity_1,61.009,331.442,-0.0073,0.0,0.0,0.0286,61.009,-331.442,-0.000499,0.0,0.0,0.0,0.0,0.0,0.0,0.0,0.0,0.0,0.0,5,0,-1,51.0,Driving,False,0.875,0.0,0.0,0.0,False,False,0,,,,NONE,False,Green,30.0
417,24.0881,19.15,374,entity_2,pedestrian,walker.pedestrian.0001,entity_2,63.9091,321.6898,1.0558,0.0,0.0,-89.7611,63.9091,-321.6898,1.566627,0.0009,0.0,0.0,0.0009,0.0,0.0,0.0,0.0,0.0,0.0,5,0,3,53.9,Sidewalk,False,0.579,,,,,,,0.0042,-1.0,1.02,,,,
417,24.0881,19.15,373,Vehicle 4,vehicle,vehicle.tesla.model3,hero_3,52.3826,330.5545,0.0017,0.0,-0.0002,-0.0709,52.3826,-330.5545,0.001237,0.0,0.0,-0.0,0.0,0.0,0.0,-0.0,-0.0,0.0,0.0,5,0,-1,42.37,Driving,False,-0.008,0.525,-0.007,0.3,False,False,1,,,,NONE,False,Green,30.0
417,24.0881,19.15,372,Vehicle 3,vehicle,vehicle.tesla.model3,hero_2,43.1188,330.5233,0.0017,0.0,-0.0,0.1748,43.1188,-330.5233,-0.003051,0.0,0.0,-0.0,0.0,0.0,0.0,-0.0,-0.0,0.0,0.0,5,0,-1,33.11,Driving,False,-0.034,0.525,-0.0,0.3,False,False,1,,,,NONE,False,Green,60.0
417,24.0881,19.15,371,Vehicle 2,vehicle,vehicle.tesla.model3,hero_1,10.9441,326.5366,0.0014,-0.0093,-0.016,-179.5603,10.9441,-326.5366,3.133918,0.0,0.0,-0.0,0.0,0.0001,-0.0,-0.0,-0.0001,0.0158,-0.0,5,0,1,0.93,Driving,False,0.004,0.0,-0.009,0.7,False,False,1,,,,NONE,False,Green,30.0
417,24.0881,19.15,370,Vehicle 1,vehicle,vehicle.tesla.model3,hero_0,33.1259,330.5405,0.0017,0.0,-0.0001,0.3215,33.1259,-330.5405,-0.005611,-0.0,0.0,-0.0,0.0,-0.0,-0.0,0.0,-0.0,-0.0,-0.0,5,0,-1,23.12,Driving,False,-0.012,0.525,0.014,0.3,False,False,1,,,,NONE,False,Green,60.0
418,24.1381,19.2,375,entity_1,vehicle,vehicle.audi.a2,entity_1,61.009,331.442,-0.0073,0.0,0.0,0.0286,61.009,-331.442,-0.000499,0.0,0.0,0.0,0.0,0.0,0.0,0.0,0.0,0.0,0.0,5,0,-1,51.0,Driving,False,0.875,0.0,0.0,0.0,False,False,0,,,,NONE,False,Green,30.0
418,24.1381,19.2,374,entity_2,pedestrian,walker.pedestrian.0001,entity_2,63.9091,321.6898,1.0558,0.0,0.0,-89.7611,63.9091,-321.6898,1.566627,0.0009,0.0,0.0,0.0009,0.0,0.0,0.0,0.0,0.0,0.0,5,0,3,53.9,Sidewalk,False,0.579,,,,,,,0.0042,-1.0,1.02,,,,
418,24.1381,19.2,373,Vehicle 4,vehicle,vehicle.tesla.model3,hero_3,52.3826,330.5545,0.0017,0.0,-0.0002,-0.0709,52.3826,-330.5545,0.001237,0.0,0.0,-0.0,0.0,-0.0,-0.0,-0.0,-0.0,0.0,-0.0,5,0,-1,42.37,Driving,False,-0.008,0.525,-0.007,0.3,False,False,1,,,,NONE,False,Green,30.0
418,24.1381,19.2,372,Vehicle 3,vehicle,vehicle.tesla.model3,hero_2,43.1188,330.5233,0.0017,0.0,-0.0,0.1748,43.1188,-330.5233,-0.003051,0.0,0.0,-0.0,0.0,0.0,0.0,-0.0,-0.0,0.0,-0.0,5,0,-1,33.11,Driving,False,-0.034,0.525,-0.0,0.3,False,False,1,,,,NONE,False,Green,60.0
418,24.1381,19.2,371,Vehicle 2,vehicle,vehicle.tesla.model3,hero_1,10.9441,326.5366,0.0014,-0.0093,-0.0152,-179.5603,10.9441,-326.5366,3.133918,0.0,0.0,-0.0,0.0,-0.0,-0.0,-0.0,0.0,0.0147,-0.0,5,0,1,0.93,Driving,False,0.004,0.0,-0.009,0.7,False,False,1,,,,NONE,False,Green,30.0
418,24.1381,19.2,370,Vehicle 1,vehicle,vehicle.tesla.model3,hero_0,33.1259,330.5405,0.0017,0.0,-0.0001,0.3215,33.1259,-330.5405,-0.005611,-0.0,0.0,-0.0,0.0,-0.0,0.0,-0.0,-0.0,-0.0,-0.0,5,0,-1,23.12,Driving,False,-0.012,0.525,0.014,0.3,False,False,1,,,,NONE,False,Green,60.0
419,24.1881,19.25,375,entity_1,vehicle,vehicle.audi.a2,entity_1,61.009,331.442,-0.0073,0.0,0.0,0.0286,61.009,-331.442,-0.000499,0.0,0.0,0.0,0.0,0.0,0.0,0.0,0.0,0.0,0.0,5,0,-1,51.0,Driving,False,0.875,0.0,0.0,0.0,False,False,0,,,,NONE,False,Green,30.0
419,24.1881,19.25,374,entity_2,pedestrian,walker.pedestrian.0001,entity_2,63.9091,321.6898,1.0558,0.0,0.0,-89.7611,63.9091,-321.6898,1.566627,0.0009,0.0,0.0,0.0009,0.0,0.0,0.0,0.0,0.0,0.0,5,0,3,53.9,Sidewalk,False,0.579,,,,,,,0.0042,-1.0,1.02,,,,
419,24.1881,19.25,373,Vehicle 4,vehicle,vehicle.tesla.model3,hero_3,52.3826,330.5545,0.0017,0.0,-0.0002,-0.0709,52.3826,-330.5545,0.001237,0.0,0.0,-0.0,0.0,-0.0,0.0,-0.0,-0.0,0.0,-0.0,5,0,-1,42.37,Driving,False,-0.008,0.525,-0.004,0.3,False,False,1,,,,NONE,False,Green,30.0
419,24.1881,19.25,372,Vehicle 3,vehicle,vehicle.tesla.model3,hero_2,43.1188,330.5233,0.0017,0.0,-0.0,0.1748,43.1188,-330.5233,-0.003051,0.0,-0.0,-0.0,0.0,0.0,-0.0,-0.0,0.0,0.0,-0.0,5,0,-1,33.11,Driving,False,-0.034,0.525,0.001,0.3,False,False,1,,,,NONE,False,Green,60.0
419,24.1881,19.25,371,Vehicle 2,vehicle,vehicle.tesla.model3,hero_1,10.9441,326.5366,0.0014,-0.0093,-0.0146,-179.5603,10.9441,-326.5366,3.133918,0.0,0.0,-0.0,0.0,-0.0,0.0,0.0,0.0,0.0119,-0.0,5,0,1,0.93,Driving,False,0.004,0.0,-0.011,0.7,False,False,1,,,,NONE,False,Green,30.0
419,24.1881,19.25,370,Vehicle 1,vehicle,vehicle.tesla.model3,hero_0,33.1259,330.5405,0.0017,0.0,-0.0001,0.3215,33.1259,-330.5405,-0.005611,-0.0,-0.0,-0.0,0.0,-0.0,-0.0,-0.0,0.0,-0.0,-0.0,5,0,-1,23.12,Driving,False,-0.012,0.525,0.012,0.3,False,False,1,,,,NONE,False,Green,60.0
420,24.2381,19.3,375,entity_1,vehicle,vehicle.audi.a2,entity_1,61.009,331.442,-0.0073,0.0,0.0,0.0286,61.009,-331.442,-0.000499,0.0,0.0,0.0,0.0,0.0,0.0,0.0,0.0,0.0,0.0,5,0,-1,51.0,Driving,False,0.875,0.0,0.0,0.0,False,False,0,,,,NONE,False,Green,30.0
420,24.2381,19.3,374,entity_2,pedestrian,walker.pedestrian.0001,entity_2,63.9092,321.6898,1.0558,0.0,0.0,-89.7611,63.9092,-321.6898,1.566627,0.0009,0.0,0.0,0.0009,0.0,0.0,0.0,0.0,0.0,0.0,5,0,3,53.9,Sidewalk,False,0.579,,,,,,,0.0042,-1.0,1.02,,,,
420,24.2381,19.3,373,Vehicle 4,vehicle,vehicle.tesla.model3,hero_3,52.3826,330.5545,0.0017,0.0,-0.0002,-0.0709,52.3826,-330.5545,0.001237,0.0,0.0,-0.0,0.0,-0.0,-0.0,0.0,-0.0,0.0,-0.0,5,0,-1,42.37,Driving,False,-0.008,0.525,-0.004,0.3,False,False,1,,,,NONE,False,Green,30.0
420,24.2381,19.3,372,Vehicle 3,vehicle,vehicle.tesla.model3,hero_2,43.1188,330.5233,0.0017,0.0,-0.0,0.1748,43.1188,-330.5233,-0.003051,0.0,-0.0,-0.0,0.0,-0.0,0.0,-0.0,0.0,0.0,-0.0,5,0,-1,33.11,Driving,False,-0.034,0.525,0.001,0.3,False,False,1,,,,NONE,False,Green,60.0
420,24.2381,19.3,371,Vehicle 2,vehicle,vehicle.tesla.model3,hero_1,10.9441,326.5366,0.0014,-0.0093,-0.0141,-179.5603,10.9441,-326.5366,3.133918,0.0,0.0,-0.0,0.0,-0.0,0.0,-0.0,0.0,0.0092,-0.0,5,0,1,0.93,Driving,False,0.004,0.0,-0.011,0.7,False,False,1,,,,NONE,False,Green,30.0
420,24.2381,19.3,370,Vehicle 1,vehicle,vehicle.tesla.model3,hero_0,33.1259,330.5405,0.0017,0.0,-0.0001,0.3215,33.1259,-330.5405,-0.005611,-0.0,0.0,-0.0,0.0,0.0,0.0,-0.0,-0.0,-0.0,-0.0,5,0,-1,23.12,Driving,False,-0.012,0.525,0.012,0.3,False,False,1,,,,NONE,False,Green,60.0
421,24.2881,19.35,375,entity_1,vehicle,vehicle.audi.a2,entity_1,61.009,331.442,-0.0073,0.0,0.0,0.0286,61.009,-331.442,-0.000499,0.0,0.0,0.0,0.0,0.0,0.0,0.0,0.0,0.0,0.0,5,0,-1,51.0,Driving,False,0.875,0.0,0.0,0.0,False,False,0,,,,NONE,False,Green,30.0
421,24.2881,19.35,374,entity_2,pedestrian,walker.pedestrian.0001,entity_2,63.9092,321.6898,1.0558,0.0,0.0,-89.7611,63.9092,-321.6898,1.566627,0.0009,0.0,0.0,0.0009,0.0,0.0,0.0,0.0,0.0,0.0,5,0,3,53.9,Sidewalk,False,0.579,,,,,,,0.0042,-1.0,1.02,,,,
421,24.2881,19.35,373,Vehicle 4,vehicle,vehicle.tesla.model3,hero_3,52.3826,330.5545,0.0017,0.0,-0.0002,-0.0709,52.3826,-330.5545,0.001237,0.0,0.0,-0.0,0.0,0.0,-0.0,-0.0,-0.0,0.0,-0.0,5,0,-1,42.37,Driving,False,-0.008,0.525,-0.004,0.3,False,False,1,,,,NONE,False,Green,30.0
421,24.2881,19.35,372,Vehicle 3,vehicle,vehicle.tesla.model3,hero_2,43.1188,330.5233,0.0017,0.0,-0.0,0.1748,43.1188,-330.5233,-0.003051,0.0,-0.0,-0.0,0.0,-0.0,0.0,0.0,0.0,0.0,0.0,5,0,-1,33.11,Driving,False,-0.034,0.525,0.001,0.3,False,False,1,,,,NONE,False,Green,60.0
421,24.2881,19.35,371,Vehicle 2,vehicle,vehicle.tesla.model3,hero_1,10.9441,326.5366,0.0014,-0.0093,-0.0137,-179.5603,10.9441,-326.5366,3.133918,0.0,0.0,-0.0,0.0,-0.0,-0.0,0.0,-0.0001,0.0069,-0.0,5,0,1,0.93,Driving,False,0.004,0.0,-0.011,0.7,False,False,1,,,,NONE,False,Green,30.0
421,24.2881,19.35,370,Vehicle 1,vehicle,vehicle.tesla.model3,hero_0,33.1259,330.5405,0.0017,0.0,-0.0001,0.3215,33.1259,-330.5405,-0.005611,-0.0,0.0,-0.0,0.0,0.0,0.0,-0.0,-0.0,-0.0,-0.0,5,0,-1,23.12,Driving,False,-0.012,0.525,0.012,0.3,False,False,1,,,,NONE,False,Green,60.0
422,24.3381,19.4,375,entity_1,vehicle,vehicle.audi.a2,entity_1,61.009,331.442,-0.0073,0.0,0.0,0.0286,61.009,-331.442,-0.000499,0.0,0.0,0.0,0.0,0.0,0.0,0.0,0.0,0.0,0.0,5,0,-1,51.0,Driving,False,0.875,0.0,0.0,0.0,False,False,0,,,,NONE,False,Green,30.0
422,24.3381,19.4,374,entity_2,pedestrian,walker.pedestrian.0001,entity_2,63.9093,321.6898,1.0558,0.0,0.0,-89.7611,63.9093,-321.6898,1.566627,0.0009,0.0,0.0,0.0009,0.0,0.0,0.0,0.0,0.0,0.0,5,0,3,53.9,Sidewalk,False,0.579,,,,,,,0.0042,-1.0,1.02,,,,
422,24.3381,19.4,373,Vehicle 4,vehicle,vehicle.tesla.model3,hero_3,52.3826,330.5545,0.0017,0.0,-0.0002,-0.0709,52.3826,-330.5545,0.001237,0.0,0.0,-0.0,0.0,0.0,0.0,-0.0,-0.0,0.0,-0.0,5,0,-1,42.37,Driving,False,-0.008,0.525,-0.004,0.3,False,False,1,,,,NONE,False,Green,30.0
422,24.3381,19.4,372,Vehicle 3,vehicle,vehicle.tesla.model3,hero_2,43.1188,330.5233,0.0017,0.0,-0.0,0.1748,43.1188,-330.5233,-0.003051,0.0,-0.0,-0.0,0.0,0.0,-0.0,-0.0,0.0,0.0,-0.0,5,0,-1,33.11,Driving,False,-0.034,0.525,0.001,0.3,False,False,1,,,,NONE,False,Green,60.0
422,24.3381,19.4,371,Vehicle 2,vehicle,vehicle.tesla.model3,hero_1,10.9441,326.5366,0.0014,-0.0093,-0.0134,-179.5603,10.9441,-326.5366,3.133918,0.0,0.0,-0.0,0.0,-0.0,-0.0,0.0,-0.0,0.0052,-0.0,5,0,1,0.93,Driving,False,0.004,0.0,-0.011,0.7,False,False,1,,,,NONE,False,Green,30.0
422,24.3381,19.4,370,Vehicle 1,vehicle,vehicle.tesla.model3,hero_0,33.1259,330.5405,0.0017,0.0,-0.0001,0.3215,33.1259,-330.5405,-0.005611,0.0,0.0,-0.0,0.0,0.0,-0.0,-0.0,-0.0,0.0,0.0,5,0,-1,23.12,Driving,False,-0.012,0.525,0.012,0.3,False,False,1,,,,NONE,False,Green,60.0
423,24.3881,19.45,375,entity_1,vehicle,vehicle.audi.a2,entity_1,61.009,331.442,-0.0073,0.0,0.0,0.0286,61.009,-331.442,-0.000499,0.0,0.0,0.0,0.0,0.0,0.0,0.0,0.0,0.0,0.0,5,0,-1,51.0,Driving,False,0.875,0.0,0.0,0.0,False,False,0,,,,NONE,False,Green,30.0
423,24.3881,19.45,374,entity_2,pedestrian,walker.pedestrian.0001,entity_2,63.9093,321.6898,1.0558,0.0,0.0,-89.7611,63.9093,-321.6898,1.566627,0.0009,0.0,0.0,0.0009,0.0,0.0,0.0,0.0,0.0,0.0,5,0,3,53.9,Sidewalk,False,0.579,,,,,,,0.0042,-1.0,1.02,,,,
423,24.3881,19.45,373,Vehicle 4,vehicle,vehicle.tesla.model3,hero_3,52.3826,330.5545,0.0017,0.0,-0.0002,-0.0709,52.3826,-330.5545,0.001237,0.0,0.0,-0.0,0.0,0.0,0.0,-0.0,-0.0,0.0,0.0,5,0,-1,42.37,Driving,False,-0.008,0.525,-0.007,0.3,False,False,1,,,,NONE,False,Green,30.0
423,24.3881,19.45,372,Vehicle 3,vehicle,vehicle.tesla.model3,hero_2,43.1188,330.5233,0.0017,0.0,-0.0,0.1748,43.1188,-330.5233,-0.003051,-0.0,0.0,-0.0,0.0,-0.0,0.0,-0.0,0.0,-0.0,-0.0,5,0,-1,33.11,Driving,False,-0.034,0.525,0.0,0.3,False,False,1,,,,NONE,False,Green,60.0
423,24.3881,19.45,371,Vehicle 2,vehicle,vehicle.tesla.model3,hero_1,10.9441,326.5366,0.0014,-0.0093,-0.0132,-179.5603,10.9441,-326.5366,3.133918,0.0,0.0,-0.0,0.0,-0.0,-0.0,0.0,0.0,0.002,-0.0,5,0,1,0.93,Driving,False,0.004,0.0,-0.014,0.7,False,False,1,,,,NONE,False,Green,30.0
423,24.3881,19.45,370,Vehicle 1,vehicle,vehicle.tesla.model3,hero_0,33.1259,330.5405,0.0017,0.0,-0.0001,0.3215,33.1259,-330.5405,-0.005611,0.0,0.0,-0.0,0.0,0.0,0.0,0.0,-0.0,0.0,0.0,5,0,-1,23.12,Driving,False,-0.012,0.525,0.012,0.3,False,False,1,,,,NONE,False,Green,60.0
424,24.4381,19.5,375,entity_1,vehicle,vehicle.audi.a2,entity_1,61.009,331.442,-0.0073,0.0,0.0,0.0286,61.009,-331.442,-0.000499,0.0,0.0,0.0,0.0,0.0,0.0,0.0,0.0,0.0,0.0,5,0,-1,51.0,Driving,False,0.875,0.0,0.0,0.0,False,False,0,,,,NONE,False,Green,30.0
424,24.4381,19.5,374,entity_2,pedestrian,walker.pedestrian.0001,entity_2,63.9094,321.6898,1.0558,0.0,0.0,-89.7611,63.9094,-321.6898,1.566627,0.0009,0.0,0.0,0.0009,0.0,0.0,0.0,0.0,0.0,0.0,5,0,3,53.9,Sidewalk,False,0.579,,,,,,,0.0042,-1.0,1.02,,,,
424,24.4381,19.5,373,Vehicle 4,vehicle,vehicle.tesla.model3,hero_3,52.3826,330.5545,0.0017,0.0,-0.0002,-0.0709,52.3826,-330.5545,0.001237,0.0,0.0,-0.0,0.0,-0.0,-0.0,-0.0,-0.0,0.0,-0.0,5,0,-1,42.37,Driving,False,-0.008,0.525,-0.007,0.3,False,False,1,,,,NONE,False,Green,30.0
424,24.4381,19.5,372,Vehicle 3,vehicle,vehicle.tesla.model3,hero_2,43.1188,330.5233,0.0017,0.0,-0.0,0.1748,43.1188,-330.5233,-0.003051,-0.0,0.0,-0.0,0.0,0.0,0.0,-0.0,-0.0,-0.0,0.0,5,0,-1,33.11,Driving,False,-0.034,0.525,0.0,0.3,False,False,1,,,,NONE,False,Green,60.0
424,24.4381,19.5,371,Vehicle 2,vehicle,vehicle.tesla.model3,hero_1,10.9441,326.5366,0.0014,-0.0093,-0.0131,-179.5603,10.9441,-326.5366,3.133918,0.0,0.0,-0.0,0.0,0.0,0.0,0.0,0.0,0.0027,-0.0,5,0,1,0.93,Driving,False,0.004,0.0,-0.014,0.7,False,False,1,,,,NONE,False,Green,30.0
424,24.4381,19.5,370,Vehicle 1,vehicle,vehicle.tesla.model3,hero_0,33.1259,330.5405,0.0017,0.0,-0.0001,0.3215,33.1259,-330.5405,-0.005611,0.0,0.0,-0.0,0.0,0.0,0.0,-0.0,-0.0,0.0,0.0,5,0,-1,23.12,Driving,False,-0.012,0.525,0.012,0.3,False,False,1,,,,NONE,False,Green,60.0
425,24.4881,19.55,375,entity_1,vehicle,vehicle.audi.a2,entity_1,61.009,331.442,-0.0073,0.0,0.0,0.0286,61.009,-331.442,-0.000499,0.0,0.0,0.0,0.0,0.0,0.0,0.0,0.0,0.0,0.0,5,0,-1,51.0,Driving,False,0.875,0.0,0.0,0.0,False,False,0,,,,NONE,False,Green,30.0
425,24.4881,19.55,374,entity_2,pedestrian,walker.pedestrian.0001,entity_2,63.9094,321.6898,1.0558,0.0,0.0,-89.7611,63.9094,-321.6898,1.566627,0.0009,0.0,0.0,0.0009,0.0,0.0,0.0,0.0,0.0,0.0,5,0,3,53.9,Sidewalk,False,0.579,,,,,,,0.0042,-1.0,1.02,,,,
425,24.4881,19.55,373,Vehicle 4,vehicle,vehicle.tesla.model3,hero_3,52.3826,330.5545,0.0017,0.0,-0.0002,-0.0709,52.3826,-330.5545,0.001237,0.0,0.0,-0.0,0.0,-0.0,0.0,-0.0,-0.0,0.0,-0.0,5,0,-1,42.37,Driving,False,-0.008,0.525,-0.007,0.3,False,False,1,,,,NONE,False,Green,30.0
425,24.4881,19.55,372,Vehicle 3,vehicle,vehicle.tesla.model3,hero_2,43.1188,330.5233,0.0017,0.0,-0.0,0.1748,43.1188,-330.5233,-0.003051,0.0,0.0,-0.0,0.0,0.0,-0.0,-0.0,-0.0,0.0,0.0,5,0,-1,33.11,Driving,False,-0.034,0.525,0.0,0.3,False,False,1,,,,NONE,False,Green,60.0
425,24.4881,19.55,371,Vehicle 2,vehicle,vehicle.tesla.model3,hero_1,10.9441,326.5366,0.0014,-0.0093,-0.013,-179.5603,10.9441,-326.5366,3.133918,0.0,0.0,-0.0,0.0,-0.0,-0.0,-0.0,-0.0,0.0024,-0.0,5,0,1,0.93,Driving,False,0.004,0.0,-0.014,0.7,False,False,1,,,,NONE,False,Green,30.0
425,24.4881,19.55,370,Vehicle 1,vehicle,vehicle.tesla.model3,hero_0,33.1259,330.5405,0.0017,0.0,-0.0001,0.3215,33.1259,-330.5405,-0.005611,0.0,0.0,-0.0,0.0,0.0,-0.0,0.0,-0.0,0.0,0.0,5,0,-1,23.12,Driving,False,-0.012,0.525,0.012,0.3,False,False,1,,,,NONE,False,Green,60.0
426,24.5381,19.6,375,entity_1,vehicle,vehicle.audi.a2,entity_1,61.009,331.442,-0.0073,0.0,0.0,0.0286,61.009,-331.442,-0.000499,0.0,0.0,0.0,0.0,0.0,0.0,0.0,0.0,0.0,0.0,5,0,-1,51.0,Driving,False,0.875,0.0,0.0,0.0,False,False,0,,,,NONE,False,Green,30.0
426,24.5381,19.6,374,entity_2,pedestrian,walker.pedestrian.0001,entity_2,63.9095,321.6898,1.0558,0.0,0.0,-89.7611,63.9095,-321.6898,1.566627,0.0009,0.0,0.0,0.0009,0.0,0.0,0.0,0.0,0.0,0.0,5,0,3,53.9,Sidewalk,False,0.579,,,,,,,0.0042,-1.0,1.02,,,,
426,24.5381,19.6,373,Vehicle 4,vehicle,vehicle.tesla.model3,hero_3,52.3826,330.5545,0.0017,0.0,-0.0002,-0.0709,52.3826,-330.5545,0.001237,0.0,0.0,-0.0,0.0,0.0,0.0,-0.0,-0.0,0.0,-0.0,5,0,-1,42.37,Driving,False,-0.008,0.525,-0.007,0.3,False,False,1,,,,NONE,False,Green,30.0
426,24.5381,19.6,372,Vehicle 3,vehicle,vehicle.tesla.model3,hero_2,43.1188,330.5233,0.0017,0.0,-0.0,0.1748,43.1188,-330.5233,-0.003051,0.0,0.0,-0.0,0.0,0.0,-0.0,-0.0,-0.0,0.0,-0.0,5,0,-1,33.11,Driving,False,-0.034,0.525,0.0,0.3,False,False,1,,,,NONE,False,Green,60.0
426,24.5381,19.6,371,Vehicle 2,vehicle,vehicle.tesla.model3,hero_1,10.9441,326.5366,0.0014,-0.0093,-0.013,-179.5603,10.9441,-326.5366,3.133918,0.0,0.0,-0.0,0.0,-0.0,-0.0,0.0,-0.0,0.002,-0.0,5,0,1,0.93,Driving,False,0.004,0.0,-0.014,0.7,False,False,1,,,,NONE,False,Green,30.0
426,24.5381,19.6,370,Vehicle 1,vehicle,vehicle.tesla.model3,hero_0,33.1259,330.5405,0.0017,0.0,-0.0001,0.3215,33.1259,-330.5405,-0.005611,0.0,0.0,-0.0,0.0,-0.0,-0.0,0.0,-0.0,0.0,0.0,5,0,-1,23.12,Driving,False,-0.012,0.525,0.012,0.3,False,False,1,,,,NONE,False,Green,60.0
427,24.5881,19.65,375,entity_1,vehicle,vehicle.audi.a2,entity_1,61.009,331.442,-0.0073,0.0,0.0,0.0286,61.009,-331.442,-0.000499,0.0,0.0,0.0,0.0,0.0,0.0,0.0,0.0,0.0,0.0,5,0,-1,51.0,Driving,False,0.875,0.0,0.0,0.0,False,False,0,,,,NONE,False,Green,30.0
427,24.5881,19.65,374,entity_2,pedestrian,walker.pedestrian.0001,entity_2,63.9095,321.6898,1.0558,0.0,0.0,-89.7611,63.9095,-321.6898,1.566627,0.0009,0.0,0.0,0.0009,0.0,0.0,0.0,0.0,0.0,0.0,5,0,3,53.9,Sidewalk,False,0.579,,,,,,,0.0042,-1.0,1.02,,,,
427,24.5881,19.65,373,Vehicle 4,vehicle,vehicle.tesla.model3,hero_3,52.3826,330.5545,0.0017,0.0,-0.0002,-0.0709,52.3826,-330.5545,0.001237,0.0,0.0,-0.0,0.0,-0.0,-0.0,-0.0,-0.0,0.0,-0.0,5,0,-1,42.37,Driving,False,-0.008,0.525,-0.005,0.3,False,False,1,,,,NONE,False,Green,30.0
427,24.5881,19.65,372,Vehicle 3,vehicle,vehicle.tesla.model3,hero_2,43.1188,330.5233,0.0017,0.0,-0.0,0.1748,43.1188,-330.5233,-0.003051,-0.0,-0.0,-0.0,0.0,-0.0,-0.0,-0.0,0.0,-0.0,-0.0,5,0,-1,33.11,Driving,False,-0.034,0.525,0.001,0.3,False,False,1,,,,NONE,False,Green,60.0
427,24.5881,19.65,371,Vehicle 2,vehicle,vehicle.tesla.model3,hero_1,10.9441,326.5366,0.0014,-0.0093,-0.0128,-179.5603,10.9441,-326.5366,3.133918,0.0,0.0,-0.0,0.0,-0.0,0.0,0.0,-0.0,0.0016,-0.0,5,0,1,0.93,Driving,False,0.004,0.0,-0.012,0.7,False,False,1,,,,NONE,False,Green,30.0
427,24.5881,19.65,370,Vehicle 1,vehicle,vehicle.tesla.model3,hero_0,33.1259,330.5405,0.0017,0.0,-0.0001,0.3215,33.1259,-330.5405,-0.005611,0.0,-0.0,-0.0,0.0,-0.0,-0.0,-0.0,-0.0,0.0,0.0,5,0,-1,23.12,Driving,False,-0.012,0.525,0.012,0.3,False,False,1,,,,NONE,False,Green,60.0
428,24.6381,19.7,375,entity_1,vehicle,vehicle.audi.a2,entity_1,61.009,331.442,-0.0073,0.0,0.0,0.0286,61.009,-331.442,-0.000499,0.0,0.0,0.0,0.0,0.0,0.0,0.0,0.0,0.0,0.0,5,0,-1,51.0,Driving,False,0.875,0.0,0.0,0.0,False,False,0,,,,NONE,False,Green,30.0
428,24.6381,19.7,374,entity_2,pedestrian,walker.pedestrian.0001,entity_2,63.9095,321.6898,1.0558,0.0,0.0,-89.7611,63.9095,-321.6898,1.566627,0.0009,0.0,0.0,0.0009,0.0,0.0,0.0,0.0,0.0,0.0,5,0,3,53.9,Sidewalk,False,0.579,,,,,,,0.0042,-1.0,1.02,,,,
428,24.6381,19.7,373,Vehicle 4,vehicle,vehicle.tesla.model3,hero_3,52.3826,330.5545,0.0017,0.0,-0.0002,-0.0709,52.3826,-330.5545,0.001237,0.0,0.0,0.0,0.0,-0.0,-0.0,0.0,-0.0,0.0,0.0,5,0,-1,42.37,Driving,False,-0.008,0.525,-0.005,0.3,False,False,1,,,,NONE,False,Green,30.0
428,24.6381,19.7,372,Vehicle 3,vehicle,vehicle.tesla.model3,hero_2,43.1188,330.5233,0.0017,0.0,-0.0,0.1748,43.1188,-330.5233,-0.003051,-0.0,0.0,-0.0,0.0,0.0,0.0,-0.0,0.0,-0.0,0.0,5,0,-1,33.11,Driving,False,-0.034,0.525,0.001,0.3,False,False,1,,,,NONE,False,Green,60.0
428,24.6381,19.7,371,Vehicle 2,vehicle,vehicle.tesla.model3,hero_1,10.9441,326.5366,0.0014,-0.0093,-0.0128,-179.5603,10.9441,-326.5366,3.133918,0.0,0.0,-0.0,0.0,-0.0,-0.0,-0.0,0.0,0.0012,-0.0,5,0,1,0.93,Driving,False,0.004,0.0,-0.012,0.7,False,False,1,,,,NONE,False,Green,30.0
428,24.6381,19.7,370,Vehicle 1,vehicle,vehicle.tesla.model3,hero_0,33.1259,330.5405,0.0017,0.0,-0.0001,0.3215,33.1259,-330.5405,-0.005611,-0.0,-0.0,-0.0,0.0,-0.0,-0.0,-0.0,0.0,-0.0,-0.0,5,0,-1,23.12,Driving,False,-0.012,0.525,0.012,0.3,False,False,1,,,,NONE,False,Green,60.0
429,24.6881,19.75,375,entity_1,vehicle,vehicle.audi.a2,entity_1,61.009,331.442,-0.0073,0.0,0.0,0.0286,61.009,-331.442,-0.000499,0.0,0.0,0.0,0.0,0.0,0.0,0.0,0.0,0.0,0.0,5,0,-1,51.0,Driving,False,0.875,0.0,0.0,0.0,False,False,0,,,,NONE,False,Green,30.0
429,24.6881,19.75,374,entity_2,pedestrian,walker.pedestrian.0001,entity_2,63.9096,321.6898,1.0558,0.0,0.0,-89.7611,63.9096,-321.6898,1.566627,0.0009,0.0,0.0,0.0009,0.0,0.0,0.0,0.0,0.0,0.0,5,0,3,53.9,Sidewalk,False,0.579,,,,,,,0.0042,-1.0,1.02,,,,
429,24.6881,19.75,373,Vehicle 4,vehicle,vehicle.tesla.model3,hero_3,52.3826,330.5545,0.0017,0.0,-0.0002,-0.0709,52.3826,-330.5545,0.001237,0.0,0.0,-0.0,0.0,-0.0,0.0,-0.0,-0.0,0.0,-0.0,5,0,-1,42.37,Driving,False,-0.008,0.525,-0.005,0.3,False,False,1,,,,NONE,False,Green,30.0
429,24.6881,19.75,372,Vehicle 3,vehicle,vehicle.tesla.model3,hero_2,43.1188,330.5233,0.0017,0.0,-0.0,0.1748,43.1188,-330.5233,-0.003051,0.0,0.0,-0.0,0.0,0.0,-0.0,-0.0,-0.0,0.0,0.0,5,0,-1,33.11,Driving,False,-0.034,0.525,0.001,0.3,False,False,1,,,,NONE,False,Green,60.0
429,24.6881,19.75,371,Vehicle 2,vehicle,vehicle.tesla.model3,hero_1,10.9441,326.5366,0.0014,-0.0093,-0.0127,-179.5603,10.9441,-326.5366,3.133918,-0.0,0.0,-0.0,0.0,-0.0,-0.0,0.0,-0.0,0.0009,-0.0,5,0,1,0.93,Driving,False,0.004,0.0,-0.012,0.7,False,False,1,,,,NONE,False,Green,30.0
429,24.6881,19.75,370,Vehicle 1,vehicle,vehicle.tesla.model3,hero_0,33.1259,330.5405,0.0017,0.0,-0.0001,0.3215,33.1259,-330.5405,-0.005611,-0.0,0.0,-0.0,0.0,-0.0,0.0,-0.0,0.0,-0.0,-0.0,5,0,-1,23.12,Driving,False,-0.012,0.525,0.012,0.3,False,False,1,,,,NONE,False,Green,60.0
430,24.7381,19.8,375,entity_1,vehicle,vehicle.audi.a2,entity_1,61.009,331.442,-0.0073,0.0,0.0,0.0286,61.009,-331.442,-0.000499,0.0,0.0,0.0,0.0,0.0,0.0,0.0,0.0,0.0,0.0,5,0,-1,51.0,Driving,False,0.875,0.0,0.0,0.0,False,False,0,,,,NONE,False,Green,30.0
430,24.7381,19.8,374,entity_2,pedestrian,walker.pedestrian.0001,entity_2,63.9096,321.6898,1.0558,0.0,0.0,-89.7611,63.9096,-321.6898,1.566627,0.0009,0.0,0.0,0.0009,0.0,0.0,0.0,0.0,0.0,0.0,5,0,3,53.9,Sidewalk,False,0.579,,,,,,,0.0042,-1.0,1.02,,,,
430,24.7381,19.8,373,Vehicle 4,vehicle,vehicle.tesla.model3,hero_3,52.3826,330.5545,0.0017,0.0,-0.0002,-0.0709,52.3826,-330.5545,0.001237,0.0,0.0,-0.0,0.0,0.0,-0.0,-0.0,-0.0,0.0,-0.0,5,0,-1,42.37,Driving,False,-0.008,0.525,-0.005,0.3,False,False,1,,,,NONE,False,Green,30.0
430,24.7381,19.8,372,Vehicle 3,vehicle,vehicle.tesla.model3,hero_2,43.1188,330.5233,0.0017,0.0,-0.0,0.1748,43.1188,-330.5233,-0.003051,0.0,0.0,-0.0,0.0,-0.0,0.0,0.0,-0.0,0.0,-0.0,5,0,-1,33.11,Driving,False,-0.034,0.525,0.001,0.3,False,False,1,,,,NONE,False,Green,60.0
430,24.7381,19.8,371,Vehicle 2,vehicle,vehicle.tesla.model3,hero_1,10.9441,326.5366,0.0014,-0.0093,-0.0127,-179.5603,10.9441,-326.5366,3.133918,-0.0,0.0,-0.0,0.0,-0.0,0.0,0.0,-0.0,0.0007,-0.0,5,0,1,0.93,Driving,False,0.004,0.0,-0.012,0.7,False,False,1,,,,NONE,False,Green,30.0
430,24.7381,19.8,370,Vehicle 1,vehicle,vehicle.tesla.model3,hero_0,33.1259,330.5405,0.0017,0.0,-0.0001,0.3215,33.1259,-330.5405,-0.005611,-0.0,0.0,-0.0,0.0,0.0,0.0,0.0,-0.0,-0.0,-0.0,5,0,-1,23.12,Driving,False,-0.012,0.525,0.012,0.3,False,False,1,,,,NONE,False,Green,60.0
431,24.7881,19.85,375,entity_1,vehicle,vehicle.audi.a2,entity_1,61.009,331.442,-0.0073,0.0,0.0,0.0286,61.009,-331.442,-0.000499,0.0,0.0,0.0,0.0,0.0,0.0,0.0,0.0,0.0,0.0,5,0,-1,51.0,Driving,False,0.875,0.0,0.0,0.0,False,False,0,,,,NONE,False,Green,30.0
431,24.7881,19.85,374,entity_2,pedestrian,walker.pedestrian.0001,entity_2,63.9097,321.6898,1.0558,0.0,0.0,-89.7611,63.9097,-321.6898,1.566627,0.0009,0.0,0.0,0.0009,0.0,0.0,0.0,0.0,0.0,0.0,5,0,3,53.9,Sidewalk,False,0.579,,,,,,,0.0042,-1.0,1.02,,,,
431,24.7881,19.85,373,Vehicle 4,vehicle,vehicle.tesla.model3,hero_3,52.3826,330.5545,0.0017,0.0,-0.0002,-0.0709,52.3826,-330.5545,0.001237,0.0,0.0,-0.0,0.0,-0.0,0.0,-0.0,-0.0,0.0,-0.0,5,0,-1,42.37,Driving,False,-0.008,0.525,-0.006,0.3,False,False,1,,,,NONE,False,Green,30.0
431,24.7881,19.85,372,Vehicle 3,vehicle,vehicle.tesla.model3,hero_2,43.1188,330.5233,0.0017,0.0,-0.0,0.1748,43.1188,-330.5233,-0.003051,0.0,-0.0,-0.0,0.0,0.0,-0.0,-0.0,0.0,0.0,-0.0,5,0,-1,33.11,Driving,False,-0.034,0.525,0.0,0.3,False,False,1,,,,NONE,False,Green,60.0
431,24.7881,19.85,371,Vehicle 2,vehicle,vehicle.tesla.model3,hero_1,10.9441,326.5366,0.0014,-0.0093,-0.0127,-179.5603,10.9441,-326.5366,3.133918,0.0,0.0,0.0,0.0,0.0,-0.0002,0.0,0.0,0.0,0.0,5,0,1,0.93,Driving,False,0.004,0.0,-0.012,0.7,False,False,1,,,,NONE,False,Green,30.0
431,24.7881,19.85,370,Vehicle 1,vehicle,vehicle.tesla.model3,hero_0,33.1259,330.5405,0.0017,0.0,-0.0001,0.3215,33.1259,-330.5405,-0.005611,0.0,0.0,-0.0,0.0,0.0,0.0,0.0,-0.0,0.0,0.0,5,0,-1,23.12,Driving,False,-0.012,0.525,0.013,0.3,False,False,1,,,,NONE,False,Green,60.0
432,24.8381,19.9,375,entity_1,vehicle,vehicle.audi.a2,entity_1,61.009,331.442,-0.0073,0.0,0.0,0.0286,61.009,-331.442,-0.000499,0.0,0.0,0.0,0.0,0.0,0.0,0.0,0.0,0.0,0.0,5,0,-1,51.0,Driving,False,0.875,0.0,0.0,0.0,False,False,0,,,,NONE,False,Green,30.0
432,24.8381,19.9,374,entity_2,pedestrian,walker.pedestrian.0001,entity_2,63.9097,321.6898,1.0558,0.0,0.0,-89.7611,63.9097,-321.6898,1.566627,0.0009,0.0,0.0,0.0009,0.0,0.0,0.0,0.0,0.0,0.0,5,0,3,53.9,Sidewalk,False,0.579,,,,,,,0.0042,-1.0,1.02,,,,
432,24.8381,19.9,373,Vehicle 4,vehicle,vehicle.tesla.model3,hero_3,52.3826,330.5545,0.0017,0.0,-0.0002,-0.0709,52.3826,-330.5545,0.001237,0.0,0.0,-0.0,0.0,0.0,0.0,-0.0,-0.0,0.0,-0.0,5,0,-1,42.37,Driving,False,-0.008,0.525,-0.006,0.3,False,False,1,,,,NONE,False,Green,30.0
432,24.8381,19.9,372,Vehicle 3,vehicle,vehicle.tesla.model3,hero_2,43.1188,330.5233,0.0017,0.0,-0.0,0.1748,43.1188,-330.5233,-0.003051,-0.0,-0.0,-0.0,0.0,-0.0,0.0,-0.0,0.0,-0.0,0.0,5,0,-1,33.11,Driving,False,-0.034,0.525,0.0,0.3,False,False,1,,,,NONE,False,Green,60.0
432,24.8381,19.9,371,Vehicle 2,vehicle,vehicle.tesla.model3,hero_1,10.9441,326.5366,0.0014,-0.0093,-0.0127,-179.5603,10.9441,-326.5366,3.133918,-0.0,0.0,-0.0,0.0,-0.0,0.0002,-0.0,0.0001,0.0003,-0.0,5,0,1,0.93,Driving,False,0.004,0.0,-0.012,0.7,False,False,1,,,,NONE,False,Green,30.0
432,24.8381,19.9,370,Vehicle 1,vehicle,vehicle.tesla.model3,hero_0,33.1259,330.5405,0.0017,0.0,-0.0001,0.3215,33.1259,-330.5405,-0.005611,-0.0,-0.0,-0.0,0.0,-0.0,-0.0,0.0,0.0,-0.0,0.0,5,0,-1,23.12,Driving,False,-0.012,0.525,0.013,0.3,False,False,1,,,,NONE,False,Green,60.0
433,24.8881,19.95,375,entity_1,vehicle,vehicle.audi.a2,entity_1,61.009,331.442,-0.0073,0.0,0.0,0.0286,61.009,-331.442,-0.000499,0.0,0.0,0.0,0.0,0.0,0.0,0.0,0.0,0.0,0.0,5,0,-1,51.0,Driving,False,0.875,0.0,0.0,0.0,False,False,0,,,,NONE,False,Green,30.0
433,24.8881,19.95,374,entity_2,pedestrian,walker.pedestrian.0001,entity_2,63.9098,321.6898,1.0558,0.0,0.0,-89.7611,63.9098,-321.6898,1.566627,0.0009,0.0,0.0,0.0009,0.0,0.0,0.0,0.0,0.0,0.0,5,0,3,53.9,Sidewalk,False,0.579,,,,,,,0.0042,-1.0,1.02,,,,
433,24.8881,19.95,373,Vehicle 4,vehicle,vehicle.tesla.model3,hero_3,52.3826,330.5545,0.0017,0.0,-0.0002,-0.0709,52.3826,-330.5545,0.001237,0.0,0.0,-0.0,0.0,0.0,-0.0,-0.0,-0.0,0.0,-0.0,5,0,-1,42.37,Driving,False,-0.008,0.525,-0.006,0.3,False,False,1,,,,NONE,False,Green,30.0
433,24.8881,19.95,372,Vehicle 3,vehicle,vehicle.tesla.model3,hero_2,43.1188,330.5233,0.0017,0.0,-0.0,0.1748,43.1188,-330.5233,-0.003051,0.0,-0.0,-0.0,0.0,0.0,-0.0,-0.0,0.0,0.0,0.0,5,0,-1,33.11,Driving,False,-0.034,0.525,0.0,0.3,False,False,1,,,,NONE,False,Green,60.0
433,24.8881,19.95,371,Vehicle 2,vehicle,vehicle.tesla.model3,hero_1,10.9441,326.5366,0.0014,-0.0093,-0.0127,-179.5603,10.9441,-326.5366,3.133918,-0.0,0.0,-0.0,0.0,0.0,0.0,-0.0,0.0,0.0003,-0.0,5,0,1,0.93,Driving,False,0.004,0.0,-0.012,0.7,False,False,1,,,,NONE,False,Green,30.0
433,24.8881,19.95,370,Vehicle 1,vehicle,vehicle.tesla.model3,hero_0,33.1259,330.5405,0.0017,0.0,-0.0001,0.3215,33.1259,-330.5405,-0.005611,-0.0,-0.0,-0.0,0.0,-0.0,0.0,0.0,0.0,-0.0,-0.0,5,0,-1,23.12,Driving,False,-0.012,0.525,0.013,0.3,False,False,1,,,,NONE,False,Green,60.0
434,24.9381,20.0,375,entity_1,vehicle,vehicle.audi.a2,entity_1,61.009,331.442,-0.0073,0.0,0.0,0.0286,61.009,-331.442,-0.000499,0.0,0.0,0.0,0.0,0.0,0.0,0.0,0.0,0.0,0.0,5,0,-1,51.0,Driving,False,0.875,0.0,0.0,0.0,False,False,0,,,,NONE,False,Green,30.0
434,24.9381,20.0,374,entity_2,pedestrian,walker.pedestrian.0001,entity_2,63.9098,321.6898,1.0558,0.0,0.0,-89.7611,63.9098,-321.6898,1.566627,0.0009,0.0,0.0,0.0009,0.0,0.0,0.0,0.0,0.0,0.0,5,0,3,53.9,Sidewalk,False,0.579,,,,,,,0.0042,-1.0,1.02,,,,
434,24.9381,20.0,373,Vehicle 4,vehicle,vehicle.tesla.model3,hero_3,52.3826,330.5545,0.0017,0.0,-0.0002,-0.0709,52.3826,-330.5545,0.001237,0.0,0.0,-0.0,0.0,0.0,0.0,-0.0,-0.0,0.0,0.0,5,0,-1,42.37,Driving,False,-0.008,0.525,-0.006,0.3,False,False,1,,,,NONE,False,Green,30.0
434,24.9381,20.0,372,Vehicle 3,vehicle,vehicle.tesla.model3,hero_2,43.1188,330.5233,0.0017,0.0,-0.0,0.1748,43.1188,-330.5233,-0.003051,0.0,0.0,-0.0,0.0,0.0,0.0,-0.0,-0.0,0.0,0.0,5,0,-1,33.11,Driving,False,-0.034,0.525,0.0,0.3,False,False,1,,,,NONE,False,Green,60.0
434,24.9381,20.0,371,Vehicle 2,vehicle,vehicle.tesla.model3,hero_1,10.9441,326.5366,0.0014,-0.0093,-0.0127,-179.5603,10.9441,-326.5366,3.133918,-0.0,0.0,-0.0,0.0,-0.0,0.0,-0.0,-0.0,0.0002,-0.0,5,0,1,0.93,Driving,False,0.004,0.0,-0.012,0.7,False,False,1,,,,NONE,False,Green,30.0
434,24.9381,20.0,370,Vehicle 1,vehicle,vehicle.tesla.model3,hero_0,33.1259,330.5405,0.0017,0.0,-0.0001,0.3215,33.1259,-330.5405,-0.005611,-0.0,-0.0,-0.0,0.0,0.0,0.0,0.0,0.0,-0.0,-0.0,5,0,-1,23.12,Driving,False,-0.012,0.525,0.013,0.3,False,False,1,,,,NONE,False,Green,60.0
435,24.9881,20.05,375,entity_1,vehicle,vehicle.audi.a2,entity_1,61.009,331.442,-0.0073,0.0,0.0,0.0286,61.009,-331.442,-0.000499,0.0,0.0,0.0,0.0,0.0,0.0,0.0,0.0,0.0,0.0,5,0,-1,51.0,Driving,False,0.875,0.0,0.0,0.0,False,False,0,,,,NONE,False,Green,30.0
435,24.9881,20.05,374,entity_2,pedestrian,walker.pedestrian.0001,entity_2,63.9098,321.6898,1.0558,0.0,0.0,-89.7611,63.9098,-321.6898,1.566627,0.0009,0.0,0.0,0.0009,0.0,0.0,0.0,0.0,0.0,0.0,5,0,3,53.9,Sidewalk,False,0.579,,,,,,,0.0042,-1.0,1.02,,,,
435,24.9881,20.05,373,Vehicle 4,vehicle,vehicle.tesla.model3,hero_3,52.3826,330.5545,0.0017,0.0,-0.0002,-0.0709,52.3826,-330.5545,0.001237,0.0,0.0,-0.0,0.0,-0.0,-0.0,-0.0,-0.0,0.0,-0.0,5,0,-1,42.37,Driving,False,-0.008,0.525,-0.005,0.3,False,False,1,,,,NONE,False,Green,30.0
435,24.9881,20.05,372,Vehicle 3,vehicle,vehicle.tesla.model3,hero_2,43.1188,330.5233,0.0017,0.0,-0.0,0.1748,43.1188,-330.5233,-0.003051,0.0,-0.0,-0.0,0.0,-0.0,-0.0,-0.0,-0.0,0.0,-0.0,5,0,-1,33.11,Driving,False,-0.034,0.525,-0.0,0.3,False,False,1,,,,NONE,False,Green,60.0
435,24.9881,20.05,371,Vehicle 2,vehicle,vehicle.tesla.model3,hero_1,10.9441,326.5366,0.0014,-0.0093,-0.0127,-179.5603,10.9441,-326.5366,3.133918,-0.0,0.0,-0.0,0.0,0.0,-0.0002,0.0,-0.0,0.0002,0.0,5,0,1,0.93,Driving,False,0.004,0.0,-0.014,0.7,False,False,1,,,,NONE,False,Green,30.0
435,24.9881,20.05,370,Vehicle 1,vehicle,vehicle.tesla.model3,hero_0,33.1259,330.5405,0.0017,0.0,-0.0001,0.3215,33.1259,-330.5405,-0.005611,-0.0,-0.0,0.0,0.0,-0.0,-0.0,0.0,0.0,-0.0,0.0,5,0,-1,23.12,Driving,False,-0.012,0.525,0.011,0.3,False,False,1,,,,NONE,False,Green,60.0
436,25.0381,20.1,375,entity_1,vehicle,vehicle.audi.a2,entity_1,61.009,331.442,-0.0073,0.0,0.0,0.0286,61.009,-331.442,-0.000499,0.0,0.0,0.0,0.0,0.0,0.0,0.0,0.0,0.0,0.0,5,0,-1,51.0,Driving,False,0.875,0.0,0.0,0.0,False,False,0,,,,NONE,False,Green,30.0
436,25.0381,20.1,374,entity_2,pedestrian,walker.pedestrian.0001,entity_2,63.9099,321.6898,1.0558,0.0,0.0,-89.7611,63.9099,-321.6898,1.566627,0.0009,0.0,0.0,0.0009,0.0,0.0,0.0,0.0,0.0,0.0,5,0,3,53.9,Sidewalk,False,0.579,,,,,,,0.0042,-1.0,1.02,,,,
436,25.0381,20.1,373,Vehicle 4,vehicle,vehicle.tesla.model3,hero_3,52.3826,330.5545,0.0017,0.0,-0.0002,-0.0709,52.3826,-330.5545,0.001237,0.0,0.0,-0.0,0.0,-0.0,0.0,-0.0,-0.0,0.0,-0.0,5,0,-1,42.37,Driving,False,-0.008,0.525,-0.005,0.3,False,False,1,,,,NONE,False,Green,30.0
436,25.0381,20.1,372,Vehicle 3,vehicle,vehicle.tesla.model3,hero_2,43.1188,330.5233,0.0017,0.0,-0.0,0.1748,43.1188,-330.5233,-0.003051,0.0,-0.0,-0.0,0.0,0.0,-0.0,-0.0,0.0,0.0,0.0,5,0,-1,33.11,Driving,False,-0.034,0.525,-0.0,0.3,False,False,1,,,,NONE,False,Green,60.0
436,25.0381,20.1,371,Vehicle 2,vehicle,vehicle.tesla.model3,hero_1,10.9441,326.5366,0.0014,-0.0093,-0.0127,-179.5603,10.9441,-326.5366,3.133918,-0.0,0.0,-0.0,0.0,-0.0,0.0,-0.0,-0.0001,0.0001,0.0,5,0,1,0.93,Driving,False,0.004,0.0,-0.014,0.7,False,False,1,,,,NONE,False,Green,30.0
436,25.0381,20.1,370,Vehicle 1,vehicle,vehicle.tesla.model3,hero_0,33.1259,330.5405,0.0017,0.0,-0.0001,0.3215,33.1259,-330.5405,-0.005611,-0.0,-0.0,-0.0,0.0,-0.0,-0.0,-0.0,0.0,-0.0,-0.0,5,0,-1,23.12,Driving,False,-0.012,0.525,0.011,0.3,False,False,1,,,,NONE,False,Green,60.0
437,25.0881,20.15,375,entity_1,vehicle,vehicle.audi.a2,entity_1,61.009,331.442,-0.0073,0.0,0.0,0.0286,61.009,-331.442,-0.000499,0.0,0.0,0.0,0.0,0.0,0.0,0.0,0.0,0.0,0.0,5,0,-1,51.0,Driving,False,0.875,0.0,0.0,0.0,False,False,0,,,,NONE,False,Green,30.0
437,25.0881,20.15,374,entity_2,pedestrian,walker.pedestrian.0001,entity_2,63.9099,321.6898,1.0558,0.0,0.0,-89.7611,63.9099,-321.6898,1.566627,0.0009,0.0,0.0,0.0009,0.0,0.0,0.0,0.0,0.0,0.0,5,0,3,53.9,Sidewalk,False,0.579,,,,,,,0.0042,-1.0,1.02,,,,
437,25.0881,20.15,373,Vehicle 4,vehicle,vehicle.tesla.model3,hero_3,52.3826,330.5545,0.0017,0.0,-0.0002,-0.0709,52.3826,-330.5545,0.001237,-0.0,0.0,-0.0,0.0,-0.0,-0.0,0.0,-0.0,-0.0,-0.0,5,0,-1,42.37,Driving,False,-0.008,0.525,-0.005,0.3,False,False,1,,,,NONE,False,Green,30.0
437,25.0881,20.15,372,Vehicle 3,vehicle,vehicle.tesla.model3,hero_2,43.1188,330.5233,0.0017,0.0,-0.0,0.1748,43.1188,-330.5233,-0.003051,0.0,-0.0,-0.0,0.0,0.0,0.0,-0.0,0.0,0.0,0.0,5,0,-1,33.11,Driving,False,-0.034,0.525,-0.0,0.3,False,False,1,,,,NONE,False,Green,60.0
437,25.0881,20.15,371,Vehicle 2,vehicle,vehicle.tesla.model3,hero_1,10.9441,326.5366,0.0014,-0.0093,-0.0127,-179.5603,10.9441,-326.5366,3.133918,-0.0,0.0,-0.0,0.0,-0.0,-0.0,0.0,-0.0,0.0001,0.0,5,0,1,0.93,Driving,False,0.004,0.0,-0.014,0.7,False,False,1,,,,NONE,False,Green,30.0
437,25.0881,20.15,370,Vehicle 1,vehicle,vehicle.tesla.model3,hero_0,33.1259,330.5405,0.0017,0.0,-0.0001,0.3215,33.1259,-330.5405,-0.005611,0.0,0.0,-0.0,0.0,0.0,0.0,-0.0,-0.0,0.0,0.0,5,0,-1,23.12,Driving,False,-0.012,0.525,0.011,0.3,False,False,1,,,,NONE,False,Green,60.0
438,25.1381,20.2,375,entity_1,vehicle,vehicle.audi.a2,entity_1,61.009,331.442,-0.0073,0.0,0.0,0.0286,61.009,-331.442,-0.000499,0.0,0.0,0.0,0.0,0.0,0.0,0.0,0.0,0.0,0.0,5,0,-1,51.0,Driving,False,0.875,0.0,0.0,0.0,False,False,0,,,,NONE,False,Green,30.0
438,25.1381,20.2,374,entity_2,pedestrian,walker.pedestrian.0001,entity_2,63.91,321.6898,1.0558,0.0,0.0,-89.7611,63.91,-321.6898,1.566627,0.0009,0.0,0.0,0.0009,0.0,0.0,0.0,0.0,0.0,0.0,5,0,3,53.9,Sidewalk,False,0.579,,,,,,,0.0042,-1.0,1.02,,,,
438,25.1381,20.2,373,Vehicle 4,vehicle,vehicle.tesla.model3,hero_3,52.3826,330.5545,0.0017,0.0,-0.0002,-0.0709,52.3826,-330.5545,0.001237,0.0,0.0,-0.0,0.0,0.0,-0.0,-0.0,-0.0,0.0,-0.0,5,0,-1,42.37,Driving,False,-0.008,0.525,-0.005,0.3,False,False,1,,,,NONE,False,Green,30.0
438,25.1381,20.2,372,Vehicle 3,vehicle,vehicle.tesla.model3,hero_2,43.1188,330.5233,0.0017,0.0,-0.0,0.1748,43.1188,-330.5233,-0.003051,0.0,-0.0,-0.0,0.0,-0.0,0.0,0.0,0.0,0.0,0.0,5,0,-1,33.11,Driving,False,-0.034,0.525,-0.0,0.3,False,False,1,,,,NONE,False,Green,60.0
438,25.1381,20.2,371,Vehicle 2,vehicle,vehicle.tesla.model3,hero_1,10.9441,326.5366,0.0014,-0.0093,-0.0127,-179.5603,10.9441,-326.5366,3.133918,-0.0,0.0,-0.0,0.0,-0.0,0.0,0.0,-0.0,0.0001,0.0,5,0,1,0.93,Driving,False,0.004,0.0,-0.014,0.7,False,False,1,,,,NONE,False,Green,30.0
438,25.1381,20.2,370,Vehicle 1,vehicle,vehicle.tesla.model3,hero_0,33.1259,330.5405,0.0017,0.0,-0.0001,0.3215,33.1259,-330.5405,-0.005611,0.0,0.0,-0.0,0.0,-0.0,-0.0,0.0,-0.0,0.0,0.0,5,0,-1,23.12,Driving,False,-0.012,0.525,0.011,0.3,False,False,1,,,,NONE,False,Green,60.0
439,25.1881,20.25,375,entity_1,vehicle,vehicle.audi.a2,entity_1,61.009,331.442,-0.0073,0.0,0.0,0.0286,61.009,-331.442,-0.000499,0.0,0.0,0.0,0.0,0.0,0.0,0.0,0.0,0.0,0.0,5,0,-1,51.0,Driving,False,0.875,0.0,0.0,0.0,False,False,0,,,,NONE,False,Green,30.0
439,25.1881,20.25,374,entity_2,pedestrian,walker.pedestrian.0001,entity_2,63.91,321.6898,1.0558,0.0,0.0,-89.7611,63.91,-321.6898,1.566627,0.0009,0.0,0.0,0.0009,0.0,0.0,0.0,0.0,0.0,0.0,5,0,3,53.9,Sidewalk,False,0.579,,,,,,,0.0042,-1.0,1.02,,,,
439,25.1881,20.25,373,Vehicle 4,vehicle,vehicle.tesla.model3,hero_3,52.3826,330.5545,0.0017,0.0,-0.0002,-0.0709,52.3826,-330.5545,0.001237,0.0,0.0,-0.0,0.0,0.0,-0.0,-0.0,-0.0,0.0,-0.0,5,0,-1,42.37,Driving,False,-0.008,0.525,-0.007,0.3,False,False,1,,,,NONE,False,Green,30.0
439,25.1881,20.25,372,Vehicle 3,vehicle,vehicle.tesla.model3,hero_2,43.1188,330.5233,0.0017,0.0,-0.0,0.1748,43.1188,-330.5233,-0.003051,0.0,0.0,-0.0,0.0,0.0,0.0,-0.0,0.0,0.0,0.0,5,0,-1,33.11,Driving,False,-0.034,0.525,0.001,0.3,False,False,1,,,,NONE,False,Green,60.0
439,25.1881,20.25,371,Vehicle 2,vehicle,vehicle.tesla.model3,hero_1,10.9441,326.5366,0.0014,-0.0093,-0.0127,-179.5603,10.9441,-326.5366,3.133918,-0.0,0.0,-0.0,0.0,-0.0,-0.0,-0.0,-0.0,0.0,0.0,5,0,1,0.93,Driving,False,0.004,0.0,-0.01,0.7,False,False,1,,,,NONE,False,Green,30.0
439,25.1881,20.25,370,Vehicle 1,vehicle,vehicle.tesla.model3,hero_0,33.1259,330.5405,0.0017,0.0,-0.0001,0.3215,33.1259,-330.5405,-0.005611,0.0,0.0,-0.0,0.0,-0.0,-0.0,0.0,-0.0,0.0,0.0,5,0,-1,23.12,Driving,False,-0.012,0.525,0.014,0.3,False,False,1,,,,NONE,False,Green,60.0
440,25.2381,20.3,375,entity_1,vehicle,vehicle.audi.a2,entity_1,61.009,331.442,-0.0073,0.0,0.0,0.0286,61.009,-331.442,-0.000499,0.0,0.0,0.0,0.0,0.0,0.0,0.0,0.0,0.0,0.0,5,0,-1,51.0,Driving,False,0.875,0.0,0.0,0.0,False,False,0,,,,NONE,False,Green,30.0
440,25.2381,20.3,374,entity_2,pedestrian,walker.pedestrian.0001,entity_2,63.9101,321.6898,1.0558,0.0,0.0,-89.7611,63.9101,-321.6898,1.566627,0.0009,0.0,0.0,0.0009,0.0,0.0,0.0,0.0,0.0,0.0,5,0,3,53.9,Sidewalk,False,0.579,,,,,,,0.0042,-1.0,1.02,,,,
440,25.2381,20.3,373,Vehicle 4,vehicle,vehicle.tesla.model3,hero_3,52.3826,330.5545,0.0017,0.0,-0.0002,-0.0709,52.3826,-330.5545,0.001237,0.0,0.0,-0.0,0.0,0.0,0.0,-0.0,-0.0,0.0,0.0,5,0,-1,42.37,Driving,False,-0.008,0.525,-0.007,0.3,False,False,1,,,,NONE,False,Green,30.0
440,25.2381,20.3,372,Vehicle 3,vehicle,vehicle.tesla.model3,hero_2,43.1188,330.5233,0.0017,0.0,-0.0,0.1748,43.1188,-330.5233,-0.003051,0.0,0.0,-0.0,0.0,-0.0,0.0,-0.0,-0.0,0.0,-0.0,5,0,-1,33.11,Driving,False,-0.034,0.525,0.001,0.3,False,False,1,,,,NONE,False,Green,60.0
440,25.2381,20.3,371,Vehicle 2,vehicle,vehicle.tesla.model3,hero_1,10.9441,326.5366,0.0014,-0.0093,-0.0127,-179.5603,10.9441,-326.5366,3.133918,-0.0,0.0,-0.0,0.0,0.0,0.0,0.0,0.0,0.0001,0.0,5,0,1,0.93,Driving,False,0.004,0.0,-0.01,0.7,False,False,1,,,,NONE,False,Green,30.0
440,25.2381,20.3,370,Vehicle 1,vehicle,vehicle.tesla.model3,hero_0,33.1259,330.5405,0.0017,0.0,-0.0001,0.3215,33.1259,-330.5405,-0.005611,0.0,0.0,-0.0,0.0,-0.0,-0.0,0.0,-0.0,0.0,0.0,5,0,-1,23.12,Driving,False,-0.012,0.525,0.014,0.3,False,False,1,,,,NONE,False,Green,60.0
441,25.2881,20.35,375,entity_1,vehicle,vehicle.audi.a2,entity_1,61.009,331.442,-0.0073,0.0,0.0,0.0286,61.009,-331.442,-0.000499,0.0,0.0,0.0,0.0,0.0,0.0,0.0,0.0,0.0,0.0,5,0,-1,51.0,Driving,False,0.875,0.0,0.0,0.0,False,False,0,,,,NONE,False,Green,30.0
441,25.2881,20.35,374,entity_2,pedestrian,walker.pedestrian.0001,entity_2,63.9101,321.6898,1.0558,0.0,0.0,-89.7611,63.9101,-321.6898,1.566627,0.0009,0.0,0.0,0.0009,0.0,0.0,0.0,0.0,0.0,0.0,5,0,3,53.9,Sidewalk,False,0.579,,,,,,,0.0042,-1.0,1.02,,,,
441,25.2881,20.35,373,Vehicle 4,vehicle,vehicle.tesla.model3,hero_3,52.3826,330.5545,0.0017,0.0,-0.0002,-0.0709,52.3826,-330.5545,0.001237,0.0,0.0,-0.0,0.0,-0.0,-0.0,-0.0,-0.0,0.0,-0.0,5,0,-1,42.37,Driving,False,-0.008,0.525,-0.007,0.3,False,False,1,,,,NONE,False,Green,30.0
441,25.2881,20.35,372,Vehicle 3,vehicle,vehicle.tesla.model3,hero_2,43.1188,330.5233,0.0017,0.0,-0.0,0.1748,43.1188,-330.5233,-0.003051,-0.0,-0.0,-0.0,0.0,-0.0,-0.0,-0.0,0.0,-0.0,-0.0,5,0,-1,33.11,Driving,False,-0.034,0.525,0.001,0.3,False,False,1,,,,NONE,False,Green,60.0
441,25.2881,20.35,371,Vehicle 2,vehicle,vehicle.tesla.model3,hero_1,10.9441,326.5366,0.0014,-0.0093,-0.0127,-179.5603,10.9441,-326.5366,3.133918,-0.0,0.0,-0.0,0.0,-0.0,0.0,-0.0,0.0,0.0,0.0,5,0,1,0.93,Driving,False,0.004,0.0,-0.01,0.7,False,False,1,,,,NONE,False,Green,30.0
441,25.2881,20.35,370,Vehicle 1,vehicle,vehicle.tesla.model3,hero_0,33.1259,330.5405,0.0017,0.0,-0.0001,0.3215,33.1259,-330.5405,-0.005611,0.0,0.0,-0.0,0.0,-0.0,-0.0,0.0,-0.0,0.0,0.0,5,0,-1,23.12,Driving,False,-0.012,0.525,0.014,0.3,False,False,1,,,,NONE,False,Green,60.0
442,25.3381,20.4,375,entity_1,vehicle,vehicle.audi.a2,entity_1,61.009,331.442,-0.0073,0.0,0.0,0.0286,61.009,-331.442,-0.000499,0.0,0.0,0.0,0.0,0.0,0.0,0.0,0.0,0.0,0.0,5,0,-1,51.0,Driving,False,0.875,0.0,0.0,0.0,False,False,0,,,,NONE,False,Green,30.0
442,25.3381,20.4,374,entity_2,pedestrian,walker.pedestrian.0001,entity_2,63.9102,321.6898,1.0558,0.0,0.0,-89.7611,63.9102,-321.6898,1.566627,0.0009,0.0,0.0,0.0009,0.0,0.0,0.0,0.0,0.0,0.0,5,0,3,53.9,Sidewalk,False,0.579,,,,,,,0.0042,-1.0,1.02,,,,
442,25.3381,20.4,373,Vehicle 4,vehicle,vehicle.tesla.model3,hero_3,52.3826,330.5545,0.0017,0.0,-0.0002,-0.0709,52.3826,-330.5545,0.001237,0.0,0.0,-0.0,0.0,-0.0,0.0,-0.0,-0.0,0.0,-0.0,5,0,-1,42.37,Driving,False,-0.008,0.525,-0.007,0.3,False,False,1,,,,NONE,False,Green,30.0
442,25.3381,20.4,372,Vehicle 3,vehicle,vehicle.tesla.model3,hero_2,43.1188,330.5233,0.0017,0.0,-0.0,0.1748,43.1188,-330.5233,-0.003051,-0.0,-0.0,-0.0,0.0,0.0,0.0,-0.0,0.0,-0.0,0.0,5,0,-1,33.11,Driving,False,-0.034,0.525,0.001,0.3,False,False,1,,,,NONE,False,Green,60.0
442,25.3381,20.4,371,Vehicle 2,vehicle,vehicle.tesla.model3,hero_1,10.9441,326.5366,0.0014,-0.0093,-0.0127,-179.5603,10.9441,-326.5366,3.133918,-0.0,0.0,-0.0,0.0,-0.0,0.0,-0.0,0.0,0.0,0.0,5,0,1,0.93,Driving,False,0.004,0.0,-0.01,0.7,False,False,1,,,,NONE,False,Green,30.0
442,25.3381,20.4,370,Vehicle 1,vehicle,vehicle.tesla.model3,hero_0,33.1259,330.5405,0.0017,0.0,-0.0001,0.3215,33.1259,-330.5405,-0.005611,0.0,0.0,0.0,0.0,-0.0,-0.0,0.0,0.0,0.0,0.0,5,0,-1,23.12,Driving,False,-0.012,0.525,0.014,0.3,False,False,1,,,,NONE,False,Green,60.0
443,25.3881,20.45,375,entity_1,vehicle,vehicle.audi.a2,entity_1,61.009,331.442,-0.0073,0.0,0.0,0.0286,61.009,-331.442,-0.000499,0.0,0.0,0.0,0.0,0.0,0.0,0.0,0.0,0.0,0.0,5,0,-1,51.0,Driving,False,0.875,0.0,0.0,0.0,False,False,0,,,,NONE,False,Green,30.0
443,25.3881,20.45,374,entity_2,pedestrian,walker.pedestrian.0001,entity_2,63.9102,321.6898,1.0558,0.0,0.0,-89.7611,63.9102,-321.6898,1.566627,0.0009,0.0,0.0,0.0009,0.0,0.0,0.0,0.0,0.0,0.0,5,0,3,53.9,Sidewalk,False,0.579,,,,,,,0.0042,-1.0,1.02,,,,
443,25.3881,20.45,373,Vehicle 4,vehicle,vehicle.tesla.model3,hero_3,52.3826,330.5545,0.0017,0.0,-0.0002,-0.0709,52.3826,-330.5545,0.001237,0.0,0.0,-0.0,0.0,-0.0,-0.0,-0.0,-0.0,0.0,-0.0,5,0,-1,42.37,Driving,False,-0.008,0.525,-0.005,0.3,False,False,1,,,,NONE,False,Green,30.0
443,25.3881,20.45,372,Vehicle 3,vehicle,vehicle.tesla.model3,hero_2,43.1188,330.5233,0.0017,0.0,-0.0,0.1748,43.1188,-330.5233,-0.003051,-0.0,-0.0,-0.0,0.0,0.0,0.0,-0.0,0.0,-0.0,0.0,5,0,-1,33.11,Driving,False,-0.034,0.525,0.0,0.3,False,False,1,,,,NONE,False,Green,60.0
443,25.3881,20.45,371,Vehicle 2,vehicle,vehicle.tesla.model3,hero_1,10.9441,326.5366,0.0014,-0.0093,-0.0127,-179.5603,10.9441,-326.5366,3.133918,-0.0,0.0,-0.0,0.0,-0.0,0.0,0.0,-0.0001,0.0,0.0,5,0,1,0.93,Driving,False,0.004,0.0,-0.014,0.7,False,False,1,,,,NONE,False,Green,30.0
443,25.3881,20.45,370,Vehicle 1,vehicle,vehicle.tesla.model3,hero_0,33.1259,330.5405,0.0017,0.0,-0.0001,0.3215,33.1259,-330.5405,-0.005611,-0.0,-0.0,-0.0,0.0,-0.0,-0.0,-0.0,0.0,-0.0,-0.0,5,0,-1,23.12,Driving,False,-0.012,0.525,0.013,0.3,False,False,1,,,,NONE,False,Green,60.0
444,25.4381,20.5,375,entity_1,vehicle,vehicle.audi.a2,entity_1,61.009,331.442,-0.0073,0.0,0.0,0.0286,61.009,-331.442,-0.000499,0.0,0.0,0.0,0.0,0.0,0.0,0.0,0.0,0.0,0.0,5,0,-1,51.0,Driving,False,0.875,0.0,0.0,0.0,False,False,0,,,,NONE,False,Green,30.0
444,25.4381,20.5,374,entity_2,pedestrian,walker.pedestrian.0001,entity_2,63.9102,321.6898,1.0558,0.0,0.0,-89.7611,63.9102,-321.6898,1.566627,0.0009,0.0,0.0,0.0009,0.0,0.0,0.0,0.0,0.0,0.0,5,0,3,53.9,Sidewalk,False,0.579,,,,,,,0.0042,-1.0,1.02,,,,
444,25.4381,20.5,373,Vehicle 4,vehicle,vehicle.tesla.model3,hero_3,52.3826,330.5545,0.0017,0.0,-0.0002,-0.0709,52.3826,-330.5545,0.001237,-0.0,-0.0,0.0,0.0,-0.0,-0.0,0.0,0.0,-0.0,-0.0,5,0,-1,42.37,Driving,False,-0.008,0.525,-0.005,0.3,False,False,1,,,,NONE,False,Green,30.0
444,25.4381,20.5,372,Vehicle 3,vehicle,vehicle.tesla.model3,hero_2,43.1188,330.5233,0.0017,0.0,-0.0,0.1748,43.1188,-330.5233,-0.003051,0.0,0.0,-0.0,0.0,0.0,0.0,-0.0,-0.0,0.0,0.0,5,0,-1,33.11,Driving,False,-0.034,0.525,0.0,0.3,False,False,1,,,,NONE,False,Green,60.0
444,25.4381,20.5,371,Vehicle 2,vehicle,vehicle.tesla.model3,hero_1,10.9441,326.5366,0.0014,-0.0093,-0.0127,-179.5603,10.9441,-326.5366,3.133918,-0.0,0.0,-0.0,0.0,-0.0,-0.0,-0.0,0.0,-0.0,0.0,5,0,1,0.93,Driving,False,0.004,0.0,-0.014,0.7,False,False,1,,,,NONE,False,Green,30.0
444,25.4381,20.5,370,Vehicle 1,vehicle,vehicle.tesla.model3,hero_0,33.1259,330.5405,0.0017,0.0,-0.0001,0.3215,33.1259,-330.5405,-0.005611,-0.0,-0.0,-0.0,0.0,-0.0,-0.0,-0.0,0.0,-0.0,-0.0,5,0,-1,23.12,Driving,False,-0.012,0.525,0.013,0.3,False,False,1,,,,NONE,False,Green,60.0
445,25.4881,20.55,375,entity_1,vehicle,vehicle.audi.a2,entity_1,61.009,331.442,-0.0073,0.0,0.0,0.0286,61.009,-331.442,-0.000499,0.0,0.0,0.0,0.0,0.0,0.0,0.0,0.0,0.0,0.0,5,0,-1,51.0,Driving,False,0.875,0.0,0.0,0.0,False,False,0,,,,NONE,False,Green,30.0
445,25.4881,20.55,374,entity_2,pedestrian,walker.pedestrian.0001,entity_2,63.9103,321.6898,1.0558,0.0,0.0,-89.7611,63.9103,-321.6898,1.566627,0.0009,0.0,0.0,0.0009,0.0,0.0,0.0,0.0,0.0,0.0,5,0,3,53.9,Sidewalk,False,0.579,,,,,,,0.0042,-1.0,1.02,,,,
445,25.4881,20.55,373,Vehicle 4,vehicle,vehicle.tesla.model3,hero_3,52.3826,330.5545,0.0017,0.0,-0.0002,-0.0709,52.3826,-330.5545,0.001237,-0.0,0.0,-0.0,0.0,0.0,0.0,-0.0,-0.0,-0.0,-0.0,5,0,-1,42.37,Driving,False,-0.008,0.525,-0.005,0.3,False,False,1,,,,NONE,False,Green,30.0
445,25.4881,20.55,372,Vehicle 3,vehicle,vehicle.tesla.model3,hero_2,43.1188,330.5233,0.0017,0.0,-0.0,0.1748,43.1188,-330.5233,-0.003051,0.0,0.0,-0.0,0.0,0.0,-0.0,-0.0,-0.0,0.0,-0.0,5,0,-1,33.11,Driving,False,-0.034,0.525,0.0,0.3,False,False,1,,,,NONE,False,Green,60.0
445,25.4881,20.55,371,Vehicle 2,vehicle,vehicle.tesla.model3,hero_1,10.9441,326.5366,0.0014,-0.0093,-0.0127,-179.5603,10.9441,-326.5366,3.133918,-0.0,0.0,-0.0,0.0,0.0,0.0,-0.0,0.0,0.0,0.0,5,0,1,0.93,Driving,False,0.004,0.0,-0.014,0.7,False,False,1,,,,NONE,False,Green,30.0
445,25.4881,20.55,370,Vehicle 1,vehicle,vehicle.tesla.model3,hero_0,33.1259,330.5405,0.0017,0.0,-0.0001,0.3215,33.1259,-330.5405,-0.005611,-0.0,0.0,-0.0,0.0,0.0,0.0,-0.0,0.0,-0.0,-0.0,5,0,-1,23.12,Driving,False,-0.012,0.525,0.013,0.3,False,False,1,,,,NONE,False,Green,60.0
446,25.5381,20.6,375,entity_1,vehicle,vehicle.audi.a2,entity_1,61.009,331.442,-0.0073,0.0,0.0,0.0286,61.009,-331.442,-0.000499,0.0,0.0,0.0,0.0,0.0,0.0,0.0,0.0,0.0,0.0,5,0,-1,51.0,Driving,False,0.875,0.0,0.0,0.0,False,False,0,,,,NONE,False,Green,30.0
446,25.5381,20.6,374,entity_2,pedestrian,walker.pedestrian.0001,entity_2,63.9103,321.6898,1.0558,0.0,0.0,-89.7611,63.9103,-321.6898,1.566627,0.0009,0.0,0.0,0.0009,0.0,0.0,0.0,0.0,0.0,0.0,5,0,3,53.9,Sidewalk,False,0.579,,,,,,,0.0042,-1.0,1.02,,,,
446,25.5381,20.6,373,Vehicle 4,vehicle,vehicle.tesla.model3,hero_3,52.3826,330.5545,0.0017,0.0,-0.0002,-0.0709,52.3826,-330.5545,0.001237,0.0,0.0,-0.0,0.0,0.0,-0.0,-0.0,-0.0,0.0,-0.0,5,0,-1,42.37,Driving,False,-0.008,0.525,-0.005,0.3,False,False,1,,,,NONE,False,Green,30.0
446,25.5381,20.6,372,Vehicle 3,vehicle,vehicle.tesla.model3,hero_2,43.1188,330.5233,0.0017,0.0,-0.0,0.1748,43.1188,-330.5233,-0.003051,0.0,0.0,0.0,0.0,-0.0,-0.0,0.0,0.0,0.0,0.0,5,0,-1,33.11,Driving,False,-0.034,0.525,0.0,0.3,False,False,1,,,,NONE,False,Green,60.0
446,25.5381,20.6,371,Vehicle 2,vehicle,vehicle.tesla.model3,hero_1,10.9441,326.5366,0.0014,-0.0093,-0.0127,-179.5603,10.9441,-326.5366,3.133918,-0.0,0.0,-0.0,0.0,0.0,-0.0,-0.0,0.0,0.0,0.0,5,0,1,0.93,Driving,False,0.004,0.0,-0.014,0.7,False,False,1,,,,NONE,False,Green,30.0
446,25.5381,20.6,370,Vehicle 1,vehicle,vehicle.tesla.model3,hero_0,33.1259,330.5405,0.0017,0.0,-0.0001,0.3215,33.1259,-330.5405,-0.005611,-0.0,0.0,-0.0,0.0,0.0,0.0,-0.0,0.0,-0.0,-0.0,5,0,-1,23.12,Driving,False,-0.012,0.525,0.013,0.3,False,False,1,,,,NONE,False,Green,60.0
447,25.5881,20.65,375,entity_1,vehicle,vehicle.audi.a2,entity_1,61.009,331.442,-0.0073,0.0,0.0,0.0286,61.009,-331.442,-0.000499,0.0,0.0,0.0,0.0,0.0,0.0,0.0,0.0,0.0,0.0,5,0,-1,51.0,Driving,False,0.875,0.0,0.0,0.0,False,False,0,,,,NONE,False,Green,30.0
447,25.5881,20.65,374,entity_2,pedestrian,walker.pedestrian.0001,entity_2,63.9104,321.6898,1.0558,0.0,0.0,-89.7611,63.9104,-321.6898,1.566627,0.0009,0.0,0.0,0.0009,0.0,0.0,0.0,0.0,0.0,0.0,5,0,3,53.9,Sidewalk,False,0.579,,,,,,,0.0042,-1.0,1.02,,,,
447,25.5881,20.65,373,Vehicle 4,vehicle,vehicle.tesla.model3,hero_3,52.3826,330.5545,0.0017,0.0,-0.0002,-0.0709,52.3826,-330.5545,0.001237,0.0,0.0,-0.0,0.0,0.0,0.0,-0.0,-0.0,0.0,-0.0,5,0,-1,42.37,Driving,False,-0.008,0.525,-0.007,0.3,False,False,1,,,,NONE,False,Green,30.0
447,25.5881,20.65,372,Vehicle 3,vehicle,vehicle.tesla.model3,hero_2,43.1188,330.5233,0.0017,0.0,-0.0,0.1748,43.1188,-330.5233,-0.003051,-0.0,-0.0,-0.0,0.0,-0.0,-0.0,-0.0,0.0,-0.0,-0.0,5,0,-1,33.11,Driving,False,-0.034,0.525,0.0,0.3,False,False,1,,,,NONE,False,Green,60.0
447,25.5881,20.65,371,Vehicle 2,vehicle,vehicle.tesla.model3,hero_1,10.9441,326.5366,0.0014,-0.0093,-0.0127,-179.5603,10.9441,-326.5366,3.133918,-0.0,0.0,-0.0,0.0,-0.0,0.0,0.0,-0.0,0.0,0.0,5,0,1,0.93,Driving,False,0.004,0.0,-0.012,0.7,False,False,1,,,,NONE,False,Green,30.0
447,25.5881,20.65,370,Vehicle 1,vehicle,vehicle.tesla.model3,hero_0,33.1259,330.5405,0.0017,0.0,-0.0001,0.3215,33.1259,-330.5405,-0.005611,0.0,0.0,-0.0,0.0,0.0,0.0,-0.0,-0.0,0.0,0.0,5,0,-1,23.12,Driving,False,-0.012,0.525,0.013,0.3,False,False,1,,,,NONE,False,Green,60.0
448,25.6381,20.7,375,entity_1,vehicle,vehicle.audi.a2,entity_1,61.009,331.442,-0.0073,0.0,0.0,0.0286,61.009,-331.442,-0.000499,0.0,0.0,0.0,0.0,0.0,0.0,0.0,0.0,0.0,0.0,5,0,-1,51.0,Driving,False,0.875,0.0,0.0,0.0,False,False,0,,,,NONE,False,Green,30.0
448,25.6381,20.7,374,entity_2,pedestrian,walker.pedestrian.0001,entity_2,63.9104,321.6898,1.0558,0.0,0.0,-89.7611,63.9104,-321.6898,1.566627,0.0009,0.0,0.0,0.0009,0.0,0.0,0.0,0.0,0.0,0.0,5,0,3,53.9,Sidewalk,False,0.579,,,,,,,0.0042,-1.0,1.02,,,,
448,25.6381,20.7,373,Vehicle 4,vehicle,vehicle.tesla.model3,hero_3,52.3826,330.5545,0.0017,0.0,-0.0002,-0.0709,52.3826,-330.5545,0.001237,0.0,0.0,-0.0,0.0,0.0,-0.0,-0.0,-0.0,0.0,-0.0,5,0,-1,42.37,Driving,False,-0.008,0.525,-0.007,0.3,False,False,1,,,,NONE,False,Green,30.0
448,25.6381,20.7,372,Vehicle 3,vehicle,vehicle.tesla.model3,hero_2,43.1188,330.5233,0.0017,0.0,-0.0,0.1748,43.1188,-330.5233,-0.003051,-0.0,-0.0,-0.0,0.0,0.0,0.0,-0.0,0.0,-0.0,0.0,5,0,-1,33.11,Driving,False,-0.034,0.525,0.0,0.3,False,False,1,,,,NONE,False,Green,60.0
448,25.6381,20.7,371,Vehicle 2,vehicle,vehicle.tesla.model3,hero_1,10.9441,326.5366,0.0014,-0.0093,-0.0127,-179.5603,10.9441,-326.5366,3.133918,-0.0,0.0,-0.0,0.0,0.0,-0.0,0.0,0.0,0.0,0.0,5,0,1,0.93,Driving,False,0.004,0.0,-0.012,0.7,False,False,1,,,,NONE,False,Green,30.0
448,25.6381,20.7,370,Vehicle 1,vehicle,vehicle.tesla.model3,hero_0,33.1259,330.5405,0.0017,0.0,-0.0001,0.3215,33.1259,-330.5405,-0.005611,0.0,0.0,0.0,0.0,0.0,-0.0,0.0,0.0,0.0,0.0,5,0,-1,23.12,Driving,False,-0.012,0.525,0.013,0.3,False,False,1,,,,NONE,False,Green,60.0
449,25.6881,20.75,375,entity_1,vehicle,vehicle.audi.a2,entity_1,61.009,331.442,-0.0073,0.0,0.0,0.0286,61.009,-331.442,-0.000499,0.0,0.0,0.0,0.0,0.0,0.0,0.0,0.0,0.0,0.0,5,0,-1,51.0,Driving,False,0.875,0.0,0.0,0.0,False,False,0,,,,NONE,False,Green,30.0
449,25.6881,20.75,374,entity_2,pedestrian,walker.pedestrian.0001,entity_2,63.9105,321.6898,1.0558,0.0,0.0,-89.7611,63.9105,-321.6898,1.566627,0.0009,0.0,0.0,0.0009,0.0,0.0,0.0,0.0,0.0,0.0,5,0,3,53.9,Sidewalk,False,0.579,,,,,,,0.0042,-1.0,1.02,,,,
449,25.6881,20.75,373,Vehicle 4,vehicle,vehicle.tesla.model3,hero_3,52.3826,330.5545,0.0017,0.0,-0.0002,-0.0709,52.3826,-330.5545,0.001237,0.0,0.0,-0.0,0.0,0.0,0.0,-0.0,-0.0,0.0,-0.0,5,0,-1,42.37,Driving,False,-0.008,0.525,-0.007,0.3,False,False,1,,,,NONE,False,Green,30.0
449,25.6881,20.75,372,Vehicle 3,vehicle,vehicle.tesla.model3,hero_2,43.1188,330.5233,0.0017,0.0,-0.0,0.1748,43.1188,-330.5233,-0.003051,-0.0,0.0,-0.0,0.0,0.0,0.0,-0.0,-0.0,-0.0,-0.0,5,0,-1,33.11,Driving,False,-0.034,0.525,0.0,0.3,False,False,1,,,,NONE,False,Green,60.0
449,25.6881,20.75,371,Vehicle 2,vehicle,vehicle.tesla.model3,hero_1,10.9441,326.5366,0.0014,-0.0093,-0.0127,-179.5603,10.9441,-326.5366,3.133918,-0.0,0.0,-0.0,0.0,-0.0,0.0,-0.0,0.0,0.0,0.0,5,0,1,0.93,Driving,False,0.004,0.0,-0.012,0.7,False,False,1,,,,NONE,False,Green,30.0
449,25.6881,20.75,370,Vehicle 1,vehicle,vehicle.tesla.model3,hero_0,33.1259,330.5405,0.0017,0.0,-0.0001,0.3215,33.1259,-330.5405,-0.005611,-0.0,-0.0,0.0,0.0,-0.0,-0.0,-0.0,0.0,-0.0,-0.0,5,0,-1,23.12,Driving,False,-0.012,0.525,0.013,0.3,False,False,1,,,,NONE,False,Green,60.0
450,25.7381,20.8,375,entity_1,vehicle,vehicle.audi.a2,entity_1,61.009,331.442,-0.0073,0.0,0.0,0.0286,61.009,-331.442,-0.000499,0.0,0.0,0.0,0.0,0.0,0.0,0.0,0.0,0.0,0.0,5,0,-1,51.0,Driving,False,0.875,0.0,0.0,0.0,False,False,0,,,,NONE,False,Green,30.0
450,25.7381,20.8,374,entity_2,pedestrian,walker.pedestrian.0001,entity_2,63.9105,321.6898,1.0558,0.0,0.0,-89.7611,63.9105,-321.6898,1.566627,0.0009,0.0,0.0,0.0009,0.0,0.0,0.0,0.0,0.0,0.0,5,0,3,53.9,Sidewalk,False,0.579,,,,,,,0.0042,-1.0,1.02,,,,
450,25.7381,20.8,373,Vehicle 4,vehicle,vehicle.tesla.model3,hero_3,52.3826,330.5545,0.0017,0.0,-0.0002,-0.0709,52.3826,-330.5545,0.001237,0.0,0.0,-0.0,0.0,0.0,-0.0,-0.0,-0.0,0.0,-0.0,5,0,-1,42.37,Driving,False,-0.008,0.525,-0.007,0.3,False,False,1,,,,NONE,False,Green,30.0
450,25.7381,20.8,372,Vehicle 3,vehicle,vehicle.tesla.model3,hero_2,43.1188,330.5233,0.0017,0.0,-0.0,0.1748,43.1188,-330.5233,-0.003051,0.0,0.0,-0.0,0.0,0.0,0.0,-0.0,-0.0,0.0,0.0,5,0,-1,33.11,Driving,False,-0.034,0.525,0.0,0.3,False,False,1,,,,NONE,False,Green,60.0
450,25.7381,20.8,371,Vehicle 2,vehicle,vehicle.tesla.model3,hero_1,10.9441,326.5366,0.0014,-0.0093,-0.0127,-179.5603,10.9441,-326.5366,3.133918,-0.0,0.0,-0.0,0.0,0.0,-0.0,-0.0,-0.0,0.0,0.0,5,0,1,0.93,Driving,False,0.004,0.0,-0.012,0.7,False,False,1,,,,NONE,False,Green,30.0
450,25.7381,20.8,370,Vehicle 1,vehicle,vehicle.tesla.model3,hero_0,33.1259,330.5405,0.0017,0.0,-0.0001,0.3215,33.1259,-330.5405,-0.005611,0.0,0.0,-0.0,0.0,0.0,0.0,-0.0,-0.0,0.0,0.0,5,0,-1,23.12,Driving,False,-0.012,0.525,0.013,0.3,False,False,1,,,,NONE,False,Green,60.0
451,25.7881,20.85,375,entity_1,vehicle,vehicle.audi.a2,entity_1,61.009,331.442,-0.0073,0.0,0.0,0.0286,61.009,-331.442,-0.000499,0.0,0.0,0.0,0.0,0.0,0.0,0.0,0.0,0.0,0.0,5,0,-1,51.0,Driving,False,0.875,0.0,0.0,0.0,False,False,0,,,,NONE,False,Green,30.0
451,25.7881,20.85,374,entity_2,pedestrian,walker.pedestrian.0001,entity_2,63.9105,321.6898,1.0558,0.0,0.0,-89.7611,63.9105,-321.6898,1.566627,0.0009,0.0,0.0,0.0009,0.0,0.0,0.0,0.0,0.0,0.0,5,0,3,53.9,Sidewalk,False,0.579,,,,,,,0.0042,-1.0,1.02,,,,
451,25.7881,20.85,373,Vehicle 4,vehicle,vehicle.tesla.model3,hero_3,52.3826,330.5545,0.0017,0.0,-0.0002,-0.0709,52.3826,-330.5545,0.001237,0.0,0.0,-0.0,0.0,-0.0,0.0,-0.0,-0.0,0.0,-0.0,5,0,-1,42.37,Driving,False,-0.008,0.525,-0.006,0.3,False,False,1,,,,NONE,False,Green,30.0
451,25.7881,20.85,372,Vehicle 3,vehicle,vehicle.tesla.model3,hero_2,43.1188,330.5233,0.0017,0.0,-0.0,0.1748,43.1188,-330.5233,-0.003051,0.0,-0.0,-0.0,0.0,0.0,-0.0,-0.0,-0.0,0.0,-0.0,5,0,-1,33.11,Driving,False,-0.034,0.525,0.0,0.3,False,False,1,,,,NONE,False,Green,60.0
451,25.7881,20.85,371,Vehicle 2,vehicle,vehicle.tesla.model3,hero_1,10.9441,326.5366,0.0014,-0.0093,-0.0127,-179.5603,10.9441,-326.5366,3.133918,-0.0,0.0,-0.0,0.0,0.0,-0.0,0.0,-0.0,0.0,0.0,5,0,1,0.93,Driving,False,0.004,0.0,-0.014,0.7,False,False,1,,,,NONE,False,Green,30.0
451,25.7881,20.85,370,Vehicle 1,vehicle,vehicle.tesla.model3,hero_0,33.1259,330.5405,0.0017,0.0,-0.0001,0.3215,33.1259,-330.5405,-0.005611,0.0,0.0,-0.0,0.0,-0.0,-0.0,0.0,-0.0,0.0,0.0,5,0,-1,23.12,Driving,False,-0.012,0.525,0.012,0.3,False,False,1,,,,NONE,False,Green,60.0
452,25.8381,20.9,375,entity_1,vehicle,vehicle.audi.a2,entity_1,61.009,331.442,-0.0073,0.0,0.0,0.0286,61.009,-331.442,-0.000499,0.0,0.0,0.0,0.0,0.0,0.0,0.0,0.0,0.0,0.0,5,0,-1,51.0,Driving,False,0.875,0.0,0.0,0.0,False,False,0,,,,NONE,False,Green,30.0
452,25.8381,20.9,374,entity_2,pedestrian,walker.pedestrian.0001,entity_2,63.9106,321.6898,1.0558,0.0,0.0,-89.7611,63.9106,-321.6898,1.566627,0.0009,0.0,0.0,0.0009,0.0,0.0,0.0,0.0,0.0,0.0,5,0,3,53.9,Sidewalk,False,0.579,,,,,,,0.0042,-1.0,1.02,,,,
452,25.8381,20.9,373,Vehicle 4,vehicle,vehicle.tesla.model3,hero_3,52.3826,330.5545,0.0017,0.0,-0.0002,-0.0709,52.3826,-330.5545,0.001237,0.0,0.0,-0.0,0.0,0.0,-0.0,-0.0,-0.0,0.0,-0.0,5,0,-1,42.37,Driving,False,-0.008,0.525,-0.006,0.3,False,False,1,,,,NONE,False,Green,30.0
452,25.8381,20.9,372,Vehicle 3,vehicle,vehicle.tesla.model3,hero_2,43.1188,330.5233,0.0017,0.0,-0.0,0.1748,43.1188,-330.5233,-0.003051,-0.0,-0.0,-0.0,0.0,-0.0,0.0,-0.0,0.0,-0.0,-0.0,5,0,-1,33.11,Driving,False,-0.034,0.525,0.0,0.3,False,False,1,,,,NONE,False,Green,60.0
452,25.8381,20.9,371,Vehicle 2,vehicle,vehicle.tesla.model3,hero_1,10.9441,326.5366,0.0014,-0.0093,-0.0127,-179.5603,10.9441,-326.5366,3.133918,-0.0,0.0,-0.0,0.0,0.0,-0.0,-0.0,-0.0,0.0,0.0,5,0,1,0.93,Driving,False,0.004,0.0,-0.014,0.7,False,False,1,,,,NONE,False,Green,30.0
452,25.8381,20.9,370,Vehicle 1,vehicle,vehicle.tesla.model3,hero_0,33.1259,330.5405,0.0017,0.0,-0.0001,0.3215,33.1259,-330.5405,-0.005611,0.0,0.0,-0.0,0.0,0.0,0.0,0.0,-0.0,0.0,0.0,5,0,-1,23.12,Driving,False,-0.012,0.525,0.012,0.3,False,False,1,,,,NONE,False,Green,60.0
453,25.8881,20.95,375,entity_1,vehicle,vehicle.audi.a2,entity_1,61.009,331.442,-0.0073,0.0,0.0,0.0286,61.009,-331.442,-0.000499,0.0,0.0,0.0,0.0,0.0,0.0,0.0,0.0,0.0,0.0,5,0,-1,51.0,Driving,False,0.875,0.0,0.0,0.0,False,False,0,,,,NONE,False,Green,30.0
453,25.8881,20.95,374,entity_2,pedestrian,walker.pedestrian.0001,entity_2,63.9106,321.6898,1.0558,0.0,0.0,-89.7611,63.9106,-321.6898,1.566627,0.0009,0.0,0.0,0.0009,0.0,0.0,0.0,0.0,0.0,0.0,5,0,3,53.9,Sidewalk,False,0.579,,,,,,,0.0042,-1.0,1.02,,,,
453,25.8881,20.95,373,Vehicle 4,vehicle,vehicle.tesla.model3,hero_3,52.3826,330.5545,0.0017,0.0,-0.0002,-0.0709,52.3826,-330.5545,0.001237,0.0,0.0,0.0,0.0,-0.0,-0.0,0.0,0.0,0.0,0.0,5,0,-1,42.37,Driving,False,-0.008,0.525,-0.006,0.3,False,False,1,,,,NONE,False,Green,30.0
453,25.8881,20.95,372,Vehicle 3,vehicle,vehicle.tesla.model3,hero_2,43.1188,330.5233,0.0017,0.0,-0.0,0.1748,43.1188,-330.5233,-0.003051,-0.0,-0.0,-0.0,0.0,-0.0,0.0,-0.0,0.0,-0.0,0.0,5,0,-1,33.11,Driving,False,-0.034,0.525,0.0,0.3,False,False,1,,,,NONE,False,Green,60.0
453,25.8881,20.95,371,Vehicle 2,vehicle,vehicle.tesla.model3,hero_1,10.9441,326.5366,0.0014,-0.0093,-0.0127,-179.5603,10.9441,-326.5366,3.133918,-0.0,0.0,-0.0,0.0,-0.0,0.0,0.0,-0.0,-0.0,0.0,5,0,1,0.93,Driving,False,0.004,0.0,-0.014,0.7,False,False,1,,,,NONE,False,Green,30.0
453,25.8881,20.95,370,Vehicle 1,vehicle,vehicle.tesla.model3,hero_0,33.1259,330.5405,0.0017,0.0,-0.0001,0.3215,33.1259,-330.5405,-0.005611,-0.0,-0.0,-0.0,0.0,-0.0,-0.0,-0.0,-0.0,-0.0,-0.0,5,0,-1,23.12,Driving,False,-0.012,0.525,0.012,0.3,False,False,1,,,,NONE,False,Green,60.0
454,25.9381,21.0,375,entity_1,vehicle,vehicle.audi.a2,entity_1,61.009,331.442,-0.0073,0.0,0.0,0.0286,61.009,-331.442,-0.000499,0.0,0.0,0.0,0.0,0.0,0.0,0.0,0.0,0.0,0.0,5,0,-1,51.0,Driving,False,0.875,0.0,0.0,0.0,False,False,0,,,,NONE,False,Green,30.0
454,25.9381,21.0,374,entity_2,pedestrian,walker.pedestrian.0001,entity_2,63.9107,321.6898,1.0558,0.0,0.0,-89.7611,63.9107,-321.6898,1.566627,0.0009,0.0,0.0,0.0009,0.0,0.0,0.0,0.0,0.0,0.0,5,0,3,53.9,Sidewalk,False,0.579,,,,,,,0.0042,-1.0,1.02,,,,
454,25.9381,21.0,373,Vehicle 4,vehicle,vehicle.tesla.model3,hero_3,52.3826,330.5545,0.0017,0.0,-0.0002,-0.0709,52.3826,-330.5545,0.001237,-0.0,0.0,-0.0,0.0,-0.0,0.0,-0.0,-0.0,-0.0,0.0,5,0,-1,42.37,Driving,False,-0.008,0.525,-0.006,0.3,False,False,1,,,,NONE,False,Green,30.0
454,25.9381,21.0,372,Vehicle 3,vehicle,vehicle.tesla.model3,hero_2,43.1188,330.5233,0.0017,0.0,-0.0,0.1748,43.1188,-330.5233,-0.003051,-0.0,-0.0,-0.0,0.0,0.0,0.0,-0.0,0.0,-0.0,0.0,5,0,-1,33.11,Driving,False,-0.034,0.525,0.0,0.3,False,False,1,,,,NONE,False,Green,60.0
454,25.9381,21.0,371,Vehicle 2,vehicle,vehicle.tesla.model3,hero_1,10.9441,326.5366,0.0014,-0.0093,-0.0127,-179.5603,10.9441,-326.5366,3.133918,-0.0,0.0,-0.0,0.0,0.0,0.0,-0.0,-0.0,-0.0,0.0,5,0,1,0.93,Driving,False,0.004,0.0,-0.014,0.7,False,False,1,,,,NONE,False,Green,30.0
454,25.9381,21.0,370,Vehicle 1,vehicle,vehicle.tesla.model3,hero_0,33.1259,330.5405,0.0017,0.0,-0.0001,0.3215,33.1259,-330.5405,-0.005611,-0.0,-0.0,-0.0,0.0,-0.0,-0.0,-0.0,0.0,-0.0,-0.0,5,0,-1,23.12,Driving,False,-0.012,0.525,0.012,0.3,False,False,1,,,,NONE,False,Green,60.0
455,25.9881,21.05,375,entity_1,vehicle,vehicle.audi.a2,entity_1,61.009,331.442,-0.0073,0.0,0.0,0.0286,61.009,-331.442,-0.000499,0.0,0.0,0.0,0.0,0.0,0.0,0.0,0.0,0.0,0.0,5,0,-1,51.0,Driving,False,0.875,0.0,0.0,0.0,False,False,0,,,,NONE,False,Green,30.0
455,25.9881,21.05,374,entity_2,pedestrian,walker.pedestrian.0001,entity_2,63.9107,321.6898,1.0558,0.0,0.0,-89.7611,63.9107,-321.6898,1.566627,0.0009,0.0,0.0,0.0009,0.0,0.0,0.0,0.0,0.0,0.0,5,0,3,53.9,Sidewalk,False,0.579,,,,,,,0.0042,-1.0,1.02,,,,
455,25.9881,21.05,373,Vehicle 4,vehicle,vehicle.tesla.model3,hero_3,52.3826,330.5545,0.0017,0.0,-0.0002,-0.0709,52.3826,-330.5545,0.001237,0.0,0.0,-0.0,0.0,0.0,-0.0,-0.0,-0.0,0.0,-0.0,5,0,-1,42.37,Driving,False,-0.008,0.525,-0.008,0.3,False,False,1,,,,NONE,False,Green,30.0
455,25.9881,21.05,372,Vehicle 3,vehicle,vehicle.tesla.model3,hero_2,43.1188,330.5233,0.0017,0.0,-0.0,0.1748,43.1188,-330.5233,-0.003051,0.0,0.0,-0.0,0.0,0.0,0.0,0.0,-0.0,0.0,-0.0,5,0,-1,33.11,Driving,False,-0.034,0.525,0.0,0.3,False,False,1,,,,NONE,False,Green,60.0
455,25.9881,21.05,371,Vehicle 2,vehicle,vehicle.tesla.model3,hero_1,10.9441,326.5366,0.0014,-0.0093,-0.0127,-179.5603,10.9441,-326.5366,3.133918,-0.0,0.0,-0.0,0.0,-0.0,-0.0,-0.0,-0.0,-0.0,0.0,5,0,1,0.93,Driving,False,0.004,0.0,-0.012,0.7,False,False,1,,,,NONE,False,Green,30.0
455,25.9881,21.05,370,Vehicle 1,vehicle,vehicle.tesla.model3,hero_0,33.1259,330.5405,0.0017,0.0,-0.0001,0.3215,33.1259,-330.5405,-0.005611,-0.0,0.0,-0.0,0.0,0.0,0.0,-0.0,0.0,-0.0,-0.0,5,0,-1,23.12,Driving,False,-0.012,0.525,0.013,0.3,False,False,1,,,,NONE,False,Green,60.0
456,26.0381,21.1,375,entity_1,vehicle,vehicle.audi.a2,entity_1,61.009,331.442,-0.0073,0.0,0.0,0.0286,61.009,-331.442,-0.000499,0.0,0.0,0.0,0.0,0.0,0.0,0.0,0.0,0.0,0.0,5,0,-1,51.0,Driving,False,0.875,0.0,0.0,0.0,False,False,0,,,,NONE,False,Green,30.0
456,26.0381,21.1,374,entity_2,pedestrian,walker.pedestrian.0001,entity_2,63.9108,321.6898,1.0558,0.0,0.0,-89.7611,63.9108,-321.6898,1.566627,0.0009,0.0,0.0,0.0009,0.0,0.0,0.0,0.0,0.0,0.0,5,0,3,53.9,Sidewalk,False,0.579,,,,,,,0.0042,-1.0,1.02,,,,
456,26.0381,21.1,373,Vehicle 4,vehicle,vehicle.tesla.model3,hero_3,52.3826,330.5545,0.0017,0.0,-0.0002,-0.0709,52.3826,-330.5545,0.001237,0.0,0.0,-0.0,0.0,-0.0,0.0,-0.0,-0.0,0.0,-0.0,5,0,-1,42.37,Driving,False,-0.008,0.525,-0.008,0.3,False,False,1,,,,NONE,False,Green,30.0
456,26.0381,21.1,372,Vehicle 3,vehicle,vehicle.tesla.model3,hero_2,43.1188,330.5233,0.0017,0.0,-0.0,0.1748,43.1188,-330.5233,-0.003051,0.0,0.0,-0.0,0.0,0.0,-0.0,-0.0,-0.0,0.0,0.0,5,0,-1,33.11,Driving,False,-0.034,0.525,0.0,0.3,False,False,1,,,,NONE,False,Green,60.0
456,26.0381,21.1,371,Vehicle 2,vehicle,vehicle.tesla.model3,hero_1,10.9441,326.5366,0.0014,-0.0093,-0.0127,-179.5603,10.9441,-326.5366,3.133918,-0.0,0.0,-0.0,0.0,-0.0,-0.0,-0.0,0.0,-0.0,0.0,5,0,1,0.93,Driving,False,0.004,0.0,-0.012,0.7,False,False,1,,,,NONE,False,Green,30.0
456,26.0381,21.1,370,Vehicle 1,vehicle,vehicle.tesla.model3,hero_0,33.1259,330.5405,0.0017,0.0,-0.0001,0.3215,33.1259,-330.5405,-0.005611,0.0,0.0,-0.0,0.0,0.0,0.0,0.0,-0.0,0.0,-0.0,5,0,-1,23.12,Driving,False,-0.012,0.525,0.013,0.3,False,False,1,,,,NONE,False,Green,60.0
457,26.0881,21.15,375,entity_1,vehicle,vehicle.audi.a2,entity_1,61.009,331.442,-0.0073,0.0,0.0,0.0286,61.009,-331.442,-0.000499,0.0,0.0,0.0,0.0,0.0,0.0,0.0,0.0,0.0,0.0,5,0,-1,51.0,Driving,False,0.875,0.0,0.0,0.0,False,False,0,,,,NONE,False,Green,30.0
457,26.0881,21.15,374,entity_2,pedestrian,walker.pedestrian.0001,entity_2,63.9108,321.6898,1.0558,0.0,0.0,-89.7611,63.9108,-321.6898,1.566627,0.0009,0.0,0.0,0.0009,0.0,0.0,0.0,0.0,0.0,0.0,5,0,3,53.9,Sidewalk,False,0.579,,,,,,,0.0042,-1.0,1.02,,,,
457,26.0881,21.15,373,Vehicle 4,vehicle,vehicle.tesla.model3,hero_3,52.3826,330.5545,0.0017,0.0,-0.0002,-0.0709,52.3826,-330.5545,0.001237,0.0,0.0,-0.0,0.0,-0.0,0.0,-0.0,-0.0,0.0,-0.0,5,0,-1,42.37,Driving,False,-0.008,0.525,-0.008,0.3,False,False,1,,,,NONE,False,Green,30.0
457,26.0881,21.15,372,Vehicle 3,vehicle,vehicle.tesla.model3,hero_2,43.1188,330.5233,0.0017,0.0,-0.0,0.1748,43.1188,-330.5233,-0.003051,0.0,-0.0,-0.0,0.0,-0.0,-0.0,-0.0,-0.0,0.0,-0.0,5,0,-1,33.11,Driving,False,-0.034,0.525,0.0,0.3,False,False,1,,,,NONE,False,Green,60.0
457,26.0881,21.15,371,Vehicle 2,vehicle,vehicle.tesla.model3,hero_1,10.9441,326.5366,0.0014,-0.0093,-0.0127,-179.5603,10.9441,-326.5366,3.133918,-0.0,0.0,-0.0,0.0,-0.0,0.0,-0.0,-0.0,-0.0,0.0,5,0,1,0.93,Driving,False,0.004,0.0,-0.012,0.7,False,False,1,,,,NONE,False,Green,30.0
457,26.0881,21.15,370,Vehicle 1,vehicle,vehicle.tesla.model3,hero_0,33.1259,330.5405,0.0017,0.0,-0.0001,0.3215,33.1259,-330.5405,-0.005611,0.0,0.0,-0.0,0.0,0.0,0.0,0.0,-0.0,0.0,0.0,5,0,-1,23.12,Driving,False,-0.012,0.525,0.013,0.3,False,False,1,,,,NONE,False,Green,60.0
458,26.1381,21.2,375,entity_1,vehicle,vehicle.audi.a2,entity_1,61.009,331.442,-0.0073,0.0,0.0,0.0286,61.009,-331.442,-0.000499,0.0,0.0,0.0,0.0,0.0,0.0,0.0,0.0,0.0,0.0,5,0,-1,51.0,Driving,False,0.875,0.0,0.0,0.0,False,False,0,,,,NONE,False,Green,30.0
458,26.1381,21.2,374,entity_2,pedestrian,walker.pedestrian.0001,entity_2,63.9109,321.6898,1.0558,0.0,0.0,-89.7611,63.9109,-321.6898,1.566627,0.0009,0.0,0.0,0.0009,0.0,0.0,0.0,0.0,0.0,0.0,5,0,3,53.9,Sidewalk,False,0.579,,,,,,,0.0042,-1.0,1.02,,,,
458,26.1381,21.2,373,Vehicle 4,vehicle,vehicle.tesla.model3,hero_3,52.3826,330.5545,0.0017,0.0,-0.0002,-0.0709,52.3826,-330.5545,0.001237,0.0,0.0,-0.0,0.0,0.0,-0.0,-0.0,-0.0,0.0,-0.0,5,0,-1,42.37,Driving,False,-0.008,0.525,-0.008,0.3,False,False,1,,,,NONE,False,Green,30.0
458,26.1381,21.2,372,Vehicle 3,vehicle,vehicle.tesla.model3,hero_2,43.1188,330.5233,0.0017,0.0,-0.0,0.1748,43.1188,-330.5233,-0.003051,0.0,-0.0,-0.0,0.0,0.0,-0.0,-0.0,0.0,0.0,0.0,5,0,-1,33.11,Driving,False,-0.034,0.525,0.0,0.3,False,False,1,,,,NONE,False,Green,60.0
458,26.1381,21.2,371,Vehicle 2,vehicle,vehicle.tesla.model3,hero_1,10.9441,326.5366,0.0014,-0.0093,-0.0127,-179.5603,10.9441,-326.5366,3.133918,-0.0,0.0,-0.0,0.0,0.0,-0.0,0.0,0.0,-0.0,0.0,5,0,1,0.93,Driving,False,0.004,0.0,-0.012,0.7,False,False,1,,,,NONE,False,Green,30.0
458,26.1381,21.2,370,Vehicle 1,vehicle,vehicle.tesla.model3,hero_0,33.1259,330.5405,0.0017,0.0,-0.0001,0.3215,33.1259,-330.5405,-0.005611,-0.0,-0.0,-0.0,0.0,-0.0,-0.0,-0.0,-0.0,-0.0,-0.0,5,0,-1,23.12,Driving,False,-0.012,0.525,0.013,0.3,False,False,1,,,,NONE,False,Green,60.0
459,26.1881,21.25,375,entity_1,vehicle,vehicle.audi.a2,entity_1,61.009,331.442,-0.0073,0.0,0.0,0.0286,61.009,-331.442,-0.000499,0.0,0.0,0.0,0.0,0.0,0.0,0.0,0.0,0.0,0.0,5,0,-1,51.0,Driving,False,0.875,0.0,0.0,0.0,False,False,0,,,,NONE,False,Green,30.0
459,26.1881,21.25,374,entity_2,pedestrian,walker.pedestrian.0001,entity_2,63.9109,321.6898,1.0558,0.0,0.0,-89.7611,63.9109,-321.6898,1.566627,0.0009,0.0,0.0,0.0009,0.0,0.0,0.0,0.0,0.0,0.0,5,0,3,53.9,Sidewalk,False,0.579,,,,,,,0.0042,-1.0,1.02,,,,
459,26.1881,21.25,373,Vehicle 4,vehicle,vehicle.tesla.model3,hero_3,52.3826,330.5545,0.0017,0.0,-0.0002,-0.0709,52.3826,-330.5545,0.001237,-0.0,-0.0,0.0,0.0,-0.0,-0.0,0.0,0.0,-0.0,-0.0,5,0,-1,42.37,Driving,False,-0.008,0.525,-0.004,0.3,False,False,1,,,,NONE,False,Green,30.0
459,26.1881,21.25,372,Vehicle 3,vehicle,vehicle.tesla.model3,hero_2,43.1188,330.5233,0.0017,0.0,-0.0,0.1748,43.1188,-330.5233,-0.003051,0.0,-0.0,-0.0,0.0,0.0,0.0,-0.0,0.0,0.0,0.0,5,0,-1,33.11,Driving,False,-0.034,0.525,0.001,0.3,False,False,1,,,,NONE,False,Green,60.0
459,26.1881,21.25,371,Vehicle 2,vehicle,vehicle.tesla.model3,hero_1,10.9441,326.5366,0.0014,-0.0093,-0.0127,-179.5603,10.9441,-326.5366,3.133918,-0.0,0.0,-0.0,0.0,-0.0,-0.0,-0.0,0.0,-0.0,0.0,5,0,1,0.93,Driving,False,0.004,0.0,-0.015,0.7,False,False,1,,,,NONE,False,Green,30.0
459,26.1881,21.25,370,Vehicle 1,vehicle,vehicle.tesla.model3,hero_0,33.1259,330.5405,0.0017,0.0,-0.0001,0.3215,33.1259,-330.5405,-0.005611,-0.0,-0.0,-0.0,0.0,0.0,-0.0,0.0,0.0,-0.0,-0.0,5,0,-1,23.12,Driving,False,-0.012,0.525,0.013,0.3,False,False,1,,,,NONE,False,Green,60.0
460,26.2381,21.3,375,entity_1,vehicle,vehicle.audi.a2,entity_1,61.009,331.442,-0.0073,0.0,0.0,0.0286,61.009,-331.442,-0.000499,0.0,0.0,0.0,0.0,0.0,0.0,0.0,0.0,0.0,0.0,5,0,-1,51.0,Driving,False,0.875,0.0,0.0,0.0,False,False,0,,,,NONE,False,Green,30.0
460,26.2381,21.3,374,entity_2,pedestrian,walker.pedestrian.0001,entity_2,63.9109,321.6898,1.0558,0.0,0.0,-89.7611,63.9109,-321.6898,1.566627,0.0009,0.0,0.0,0.0009,0.0,0.0,0.0,0.0,0.0,0.0,5,0,3,53.9,Sidewalk,False,0.579,,,,,,,0.0042,-1.0,1.02,,,,
460,26.2381,21.3,373,Vehicle 4,vehicle,vehicle.tesla.model3,hero_3,52.3826,330.5545,0.0017,0.0,-0.0002,-0.0709,52.3826,-330.5545,0.001237,0.0,0.0,-0.0,0.0,0.0,0.0,-0.0,-0.0,0.0,-0.0,5,0,-1,42.37,Driving,False,-0.008,0.525,-0.004,0.3,False,False,1,,,,NONE,False,Green,30.0
460,26.2381,21.3,372,Vehicle 3,vehicle,vehicle.tesla.model3,hero_2,43.1188,330.5233,0.0017,0.0,-0.0,0.1748,43.1188,-330.5233,-0.003051,0.0,0.0,-0.0,0.0,0.0,0.0,-0.0,0.0,0.0,0.0,5,0,-1,33.11,Driving,False,-0.034,0.525,0.001,0.3,False,False,1,,,,NONE,False,Green,60.0
460,26.2381,21.3,371,Vehicle 2,vehicle,vehicle.tesla.model3,hero_1,10.9441,326.5366,0.0014,-0.0093,-0.0127,-179.5603,10.9441,-326.5366,3.133918,-0.0,0.0,0.0,0.0,-0.0,-0.0,0.0,0.0,-0.0,0.0,5,0,1,0.93,Driving,False,0.004,0.0,-0.015,0.7,False,False,1,,,,NONE,False,Green,30.0
460,26.2381,21.3,370,Vehicle 1,vehicle,vehicle.tesla.model3,hero_0,33.1259,330.5405,0.0017,0.0,-0.0001,0.3215,33.1259,-330.5405,-0.005611,-0.0,0.0,-0.0,0.0,-0.0,0.0,0.0,0.0,-0.0,-0.0,5,0,-1,23.12,Driving,False,-0.012,0.525,0.013,0.3,False,False,1,,,,NONE,False,Green,60.0
461,26.2881,21.35,375,entity_1,vehicle,vehicle.audi.a2,entity_1,61.009,331.442,-0.0073,0.0,0.0,0.0286,61.009,-331.442,-0.000499,0.0,0.0,0.0,0.0,0.0,0.0,0.0,0.0,0.0,0.0,5,0,-1,51.0,Driving,False,0.875,0.0,0.0,0.0,False,False,0,,,,NONE,False,Green,30.0
461,26.2881,21.35,374,entity_2,pedestrian,walker.pedestrian.0001,entity_2,63.911,321.6898,1.0558,0.0,0.0,-89.7611,63.911,-321.6898,1.566627,0.0009,0.0,0.0,0.0009,0.0,0.0,0.0,0.0,0.0,0.0,5,0,3,53.9,Sidewalk,False,0.579,,,,,,,0.0042,-1.0,1.02,,,,
461,26.2881,21.35,373,Vehicle 4,vehicle,vehicle.tesla.model3,hero_3,52.3826,330.5545,0.0017,0.0,-0.0002,-0.0709,52.3826,-330.5545,0.001237,0.0,0.0,-0.0,0.0,0.0,0.0,-0.0,-0.0,0.0,0.0,5,0,-1,42.37,Driving,False,-0.008,0.525,-0.004,0.3,False,False,1,,,,NONE,False,Green,30.0
461,26.2881,21.35,372,Vehicle 3,vehicle,vehicle.tesla.model3,hero_2,43.1188,330.5233,0.0017,0.0,-0.0,0.1748,43.1188,-330.5233,-0.003051,0.0,0.0,-0.0,0.0,-0.0,0.0,0.0,0.0,0.0,-0.0,5,0,-1,33.11,Driving,False,-0.034,0.525,0.001,0.3,False,False,1,,,,NONE,False,Green,60.0
461,26.2881,21.35,371,Vehicle 2,vehicle,vehicle.tesla.model3,hero_1,10.9441,326.5366,0.0014,-0.0093,-0.0127,-179.5603,10.9441,-326.5366,3.133918,-0.0,0.0,-0.0,0.0,0.0,0.0,-0.0,-0.0,0.0,0.0,5,0,1,0.93,Driving,False,0.004,0.0,-0.015,0.7,False,False,1,,,,NONE,False,Green,30.0
461,26.2881,21.35,370,Vehicle 1,vehicle,vehicle.tesla.model3,hero_0,33.1259,330.5405,0.0017,0.0,-0.0001,0.3215,33.1259,-330.5405,-0.005611,0.0,0.0,-0.0,0.0,0.0,0.0,0.0,-0.0,0.0,0.0,5,0,-1,23.12,Driving,False,-0.012,0.525,0.013,0.3,False,False,1,,,,NONE,False,Green,60.0
462,26.3381,21.4,375,entity_1,vehicle,vehicle.audi.a2,entity_1,61.009,331.442,-0.0073,0.0,0.0,0.0286,61.009,-331.442,-0.000499,0.0,0.0,0.0,0.0,0.0,0.0,0.0,0.0,0.0,0.0,5,0,-1,51.0,Driving,False,0.875,0.0,0.0,0.0,False,False,0,,,,NONE,False,Green,30.0
462,26.3381,21.4,374,entity_2,pedestrian,walker.pedestrian.0001,entity_2,63.911,321.6898,1.0558,0.0,0.0,-89.7611,63.911,-321.6898,1.566627,0.0009,0.0,0.0,0.0009,0.0,0.0,0.0,0.0,0.0,0.0,5,0,3,53.9,Sidewalk,False,0.579,,,,,,,0.0042,-1.0,1.02,,,,
462,26.3381,21.4,373,Vehicle 4,vehicle,vehicle.tesla.model3,hero_3,52.3826,330.5545,0.0017,0.0,-0.0002,-0.0709,52.3826,-330.5545,0.001237,-0.0,0.0,-0.0,0.0,-0.0,-0.0,0.0,-0.0,-0.0,-0.0,5,0,-1,42.37,Driving,False,-0.008,0.525,-0.004,0.3,False,False,1,,,,NONE,False,Green,30.0
462,26.3381,21.4,372,Vehicle 3,vehicle,vehicle.tesla.model3,hero_2,43.1188,330.5233,0.0017,0.0,-0.0,0.1748,43.1188,-330.5233,-0.003051,0.0,0.0,-0.0,0.0,-0.0,0.0,0.0,-0.0,0.0,-0.0,5,0,-1,33.11,Driving,False,-0.034,0.525,0.001,0.3,False,False,1,,,,NONE,False,Green,60.0
462,26.3381,21.4,371,Vehicle 2,vehicle,vehicle.tesla.model3,hero_1,10.9441,326.5366,0.0014,-0.0093,-0.0127,-179.5603,10.9441,-326.5366,3.133918,-0.0,0.0,-0.0,0.0,-0.0,-0.0,-0.0,0.0,-0.0,0.0,5,0,1,0.93,Driving,False,0.004,0.0,-0.015,0.7,False,False,1,,,,NONE,False,Green,30.0
462,26.3381,21.4,370,Vehicle 1,vehicle,vehicle.tesla.model3,hero_0,33.1259,330.5405,0.0017,0.0,-0.0001,0.3215,33.1259,-330.5405,-0.005611,-0.0,-0.0,-0.0,0.0,-0.0,-0.0,-0.0,-0.0,-0.0,-0.0,5,0,-1,23.12,Driving,False,-0.012,0.525,0.013,0.3,False,False,1,,,,NONE,False,Green,60.0
463,26.3881,21.45,375,entity_1,vehicle,vehicle.audi.a2,entity_1,61.009,331.442,-0.0073,0.0,0.0,0.0286,61.009,-331.442,-0.000499,0.0,0.0,0.0,0.0,0.0,0.0,0.0,0.0,0.0,0.0,5,0,-1,51.0,Driving,False,0.875,0.0,0.0,0.0,False,False,0,,,,NONE,False,Green,30.0
463,26.3881,21.45,374,entity_2,pedestrian,walker.pedestrian.0001,entity_2,63.9111,321.6898,1.0558,0.0,0.0,-89.7611,63.9111,-321.6898,1.566627,0.0009,0.0,0.0,0.0009,0.0,0.0,0.0,0.0,0.0,0.0,5,0,3,53.9,Sidewalk,False,0.579,,,,,,,0.0042,-1.0,1.02,,,,
463,26.3881,21.45,373,Vehicle 4,vehicle,vehicle.tesla.model3,hero_3,52.3826,330.5545,0.0017,0.0,-0.0002,-0.0709,52.3826,-330.5545,0.001237,0.0,0.0,-0.0,0.0,0.0,-0.0,-0.0,-0.0,0.0,-0.0,5,0,-1,42.37,Driving,False,-0.008,0.525,-0.007,0.3,False,False,1,,,,NONE,False,Green,30.0
463,26.3881,21.45,372,Vehicle 3,vehicle,vehicle.tesla.model3,hero_2,43.1188,330.5233,0.0017,0.0,-0.0,0.1748,43.1188,-330.5233,-0.003051,-0.0,0.0,0.0,0.0,-0.0,-0.0,0.0,-0.0,-0.0,0.0,5,0,-1,33.11,Driving,False,-0.034,0.525,-0.0,0.3,False,False,1,,,,NONE,False,Green,60.0
463,26.3881,21.45,371,Vehicle 2,vehicle,vehicle.tesla.model3,hero_1,10.9441,326.5366,0.0014,-0.0093,-0.0127,-179.5603,10.9441,-326.5366,3.133918,-0.0,0.0,-0.0,0.0,0.0,0.0,0.0,-0.0,0.0,0.0,5,0,1,0.93,Driving,False,0.004,0.0,-0.014,0.7,False,False,1,,,,NONE,False,Green,30.0
463,26.3881,21.45,370,Vehicle 1,vehicle,vehicle.tesla.model3,hero_0,33.1259,330.5405,0.0017,0.0,-0.0001,0.3215,33.1259,-330.5405,-0.005611,-0.0,-0.0,-0.0,0.0,-0.0,0.0,-0.0,0.0,-0.0,-0.0,5,0,-1,23.12,Driving,False,-0.012,0.525,0.013,0.3,False,False,1,,,,NONE,False,Green,60.0
464,26.4381,21.5,375,entity_1,vehicle,vehicle.audi.a2,entity_1,61.009,331.442,-0.0073,0.0,0.0,0.0286,61.009,-331.442,-0.000499,0.0,0.0,0.0,0.0,0.0,0.0,0.0,0.0,0.0,0.0,5,0,-1,51.0,Driving,False,0.875,0.0,0.0,0.0,False,False,0,,,,NONE,False,Green,30.0
464,26.4381,21.5,374,entity_2,pedestrian,walker.pedestrian.0001,entity_2,63.9111,321.6898,1.0558,0.0,0.0,-89.7611,63.9111,-321.6898,1.566627,0.0009,0.0,0.0,0.0009,0.0,0.0,0.0,0.0,0.0,0.0,5,0,3,53.9,Sidewalk,False,0.579,,,,,,,0.0042,-1.0,1.02,,,,
464,26.4381,21.5,373,Vehicle 4,vehicle,vehicle.tesla.model3,hero_3,52.3826,330.5545,0.0017,0.0,-0.0002,-0.0709,52.3826,-330.5545,0.001237,0.0,0.0,-0.0,0.0,-0.0,0.0,-0.0,-0.0,0.0,-0.0,5,0,-1,42.37,Driving,False,-0.008,0.525,-0.007,0.3,False,False,1,,,,NONE,False,Green,30.0
464,26.4381,21.5,372,Vehicle 3,vehicle,vehicle.tesla.model3,hero_2,43.1188,330.5233,0.0017,0.0,-0.0,0.1748,43.1188,-330.5233,-0.003051,-0.0,0.0,0.0,0.0,-0.0,0.0,-0.0,-0.0,-0.0,-0.0,5,0,-1,33.11,Driving,False,-0.034,0.525,-0.0,0.3,False,False,1,,,,NONE,False,Green,60.0
464,26.4381,21.5,371,Vehicle 2,vehicle,vehicle.tesla.model3,hero_1,10.9441,326.5366,0.0014,-0.0093,-0.0127,-179.5603,10.9441,-326.5366,3.133918,-0.0,0.0,-0.0,0.0,-0.0,-0.0,-0.0,-0.0,0.0,0.0,5,0,1,0.93,Driving,False,0.004,0.0,-0.014,0.7,False,False,1,,,,NONE,False,Green,30.0
464,26.4381,21.5,370,Vehicle 1,vehicle,vehicle.tesla.model3,hero_0,33.1259,330.5405,0.0017,0.0,-0.0001,0.3215,33.1259,-330.5405,-0.005611,-0.0,0.0,-0.0,0.0,0.0,0.0,0.0,-0.0,-0.0,-0.0,5,0,-1,23.12,Driving,False,-0.012,0.525,0.013,0.3,False,False,1,,,,NONE,False,Green,60.0
465,26.4881,21.55,375,entity_1,vehicle,vehicle.audi.a2,entity_1,61.009,331.442,-0.0073,0.0,0.0,0.0286,61.009,-331.442,-0.000499,0.0,0.0,0.0,0.0,0.0,0.0,0.0,0.0,0.0,0.0,5,0,-1,51.0,Driving,False,0.875,0.0,0.0,0.0,False,False,0,,,,NONE,False,Green,30.0
465,26.4881,21.55,374,entity_2,pedestrian,walker.pedestrian.0001,entity_2,63.9112,321.6898,1.0558,0.0,0.0,-89.7611,63.9112,-321.6898,1.566627,0.0009,0.0,0.0,0.0009,0.0,0.0,0.0,0.0,0.0,0.0,5,0,3,53.9,Sidewalk,False,0.579,,,,,,,0.0042,-1.0,1.02,,,,
465,26.4881,21.55,373,Vehicle 4,vehicle,vehicle.tesla.model3,hero_3,52.3826,330.5545,0.0017,0.0,-0.0002,-0.0709,52.3826,-330.5545,0.001237,0.0,0.0,-0.0,0.0,0.0,0.0,-0.0,-0.0,0.0,0.0,5,0,-1,42.37,Driving,False,-0.008,0.525,-0.007,0.3,False,False,1,,,,NONE,False,Green,30.0
465,26.4881,21.55,372,Vehicle 3,vehicle,vehicle.tesla.model3,hero_2,43.1188,330.5233,0.0017,0.0,-0.0,0.1748,43.1188,-330.5233,-0.003051,-0.0,-0.0,-0.0,0.0,-0.0,-0.0,-0.0,-0.0,-0.0,-0.0,5,0,-1,33.11,Driving,False,-0.034,0.525,-0.0,0.3,False,False,1,,,,NONE,False,Green,60.0
465,26.4881,21.55,371,Vehicle 2,vehicle,vehicle.tesla.model3,hero_1,10.9441,326.5366,0.0014,-0.0093,-0.0127,-179.5603,10.9441,-326.5366,3.133918,-0.0,0.0,0.0,0.0,-0.0,-0.0,0.0,0.0,-0.0,0.0,5,0,1,0.93,Driving,False,0.004,0.0,-0.014,0.7,False,False,1,,,,NONE,False,Green,30.0
465,26.4881,21.55,370,Vehicle 1,vehicle,vehicle.tesla.model3,hero_0,33.1259,330.5405,0.0017,0.0,-0.0001,0.3215,33.1259,-330.5405,-0.005611,0.0,0.0,-0.0,0.0,0.0,0.0,0.0,-0.0,0.0,0.0,5,0,-1,23.12,Driving,False,-0.012,0.525,0.013,0.3,False,False,1,,,,NONE,False,Green,60.0
466,26.5381,21.6,375,entity_1,vehicle,vehicle.audi.a2,entity_1,61.009,331.442,-0.0073,0.0,0.0,0.0286,61.009,-331.442,-0.000499,0.0,0.0,0.0,0.0,0.0,0.0,0.0,0.0,0.0,0.0,5,0,-1,51.0,Driving,False,0.875,0.0,0.0,0.0,False,False,0,,,,NONE,False,Green,30.0
466,26.5381,21.6,374,entity_2,pedestrian,walker.pedestrian.0001,entity_2,63.9112,321.6898,1.0558,0.0,0.0,-89.7611,63.9112,-321.6898,1.566627,0.0009,0.0,0.0,0.0009,0.0,0.0,0.0,0.0,0.0,0.0,5,0,3,53.9,Sidewalk,False,0.579,,,,,,,0.0042,-1.0,1.02,,,,
466,26.5381,21.6,373,Vehicle 4,vehicle,vehicle.tesla.model3,hero_3,52.3826,330.5545,0.0017,0.0,-0.0002,-0.0709,52.3826,-330.5545,0.001237,0.0,0.0,-0.0,0.0,-0.0,-0.0,-0.0,-0.0,0.0,-0.0,5,0,-1,42.37,Driving,False,-0.008,0.525,-0.007,0.3,False,False,1,,,,NONE,False,Green,30.0
466,26.5381,21.6,372,Vehicle 3,vehicle,vehicle.tesla.model3,hero_2,43.1188,330.5233,0.0017,0.0,-0.0,0.1748,43.1188,-330.5233,-0.003051,-0.0,-0.0,-0.0,0.0,-0.0,-0.0,-0.0,-0.0,-0.0,-0.0,5,0,-1,33.11,Driving,False,-0.034,0.525,-0.0,0.3,False,False,1,,,,NONE,False,Green,60.0
466,26.5381,21.6,371,Vehicle 2,vehicle,vehicle.tesla.model3,hero_1,10.9441,326.5366,0.0014,-0.0093,-0.0127,-179.5603,10.9441,-326.5366,3.133918,-0.0,0.0,0.0,0.0,-0.0,0.0,0.0,0.0,-0.0,0.0,5,0,1,0.93,Driving,False,0.004,0.0,-0.014,0.7,False,False,1,,,,NONE,False,Green,30.0
466,26.5381,21.6,370,Vehicle 1,vehicle,vehicle.tesla.model3,hero_0,33.1259,330.5405,0.0017,0.0,-0.0001,0.3215,33.1259,-330.5405,-0.005611,-0.0,-0.0,-0.0,0.0,-0.0,-0.0,-0.0,-0.0,-0.0,-0.0,5,0,-1,23.12,Driving,False,-0.012,0.525,0.013,0.3,False,False,1,,,,NONE,False,Green,60.0
467,26.5881,21.65,375,entity_1,vehicle,vehicle.audi.a2,entity_1,61.009,331.442,-0.0073,0.0,0.0,0.0286,61.009,-331.442,-0.000499,0.0,0.0,0.0,0.0,0.0,0.0,0.0,0.0,0.0,0.0,5,0,-1,51.0,Driving,False,0.875,0.0,0.0,0.0,False,False,0,,,,NONE,False,Green,30.0
467,26.5881,21.65,374,entity_2,pedestrian,walker.pedestrian.0001,entity_2,63.9113,321.6898,1.0558,0.0,0.0,-89.7611,63.9113,-321.6898,1.566627,0.0009,0.0,0.0,0.0009,0.0,0.0,0.0,0.0,0.0,0.0,5,0,3,53.9,Sidewalk,False,0.579,,,,,,,0.0042,-1.0,1.02,,,,
467,26.5881,21.65,373,Vehicle 4,vehicle,vehicle.tesla.model3,hero_3,52.3826,330.5545,0.0017,0.0,-0.0002,-0.0709,52.3826,-330.5545,0.001237,0.0,0.0,-0.0,0.0,0.0,-0.0,-0.0,-0.0,0.0,-0.0,5,0,-1,42.37,Driving,False,-0.008,0.525,-0.006,0.3,False,False,1,,,,NONE,False,Green,30.0
467,26.5881,21.65,372,Vehicle 3,vehicle,vehicle.tesla.model3,hero_2,43.1188,330.5233,0.0017,0.0,-0.0,0.1748,43.1188,-330.5233,-0.003051,-0.0,-0.0,-0.0,0.0,0.0,-0.0,-0.0,0.0,-0.0,0.0,5,0,-1,33.11,Driving,False,-0.034,0.525,0.001,0.3,False,False,1,,,,NONE,False,Green,60.0
467,26.5881,21.65,371,Vehicle 2,vehicle,vehicle.tesla.model3,hero_1,10.9441,326.5366,0.0014,-0.0093,-0.0127,-179.5603,10.9441,-326.5366,3.133918,-0.0,0.0,0.0,0.0,-0.0,0.0,0.0,0.0,-0.0,0.0,5,0,1,0.93,Driving,False,0.004,0.0,-0.014,0.7,False,False,1,,,,NONE,False,Green,30.0
467,26.5881,21.65,370,Vehicle 1,vehicle,vehicle.tesla.model3,hero_0,33.1259,330.5405,0.0017,0.0,-0.0001,0.3215,33.1259,-330.5405,-0.005611,-0.0,-0.0,-0.0,0.0,-0.0,0.0,-0.0,0.0,-0.0,-0.0,5,0,-1,23.12,Driving,False,-0.012,0.525,0.012,0.3,False,False,1,,,,NONE,False,Green,60.0
468,26.6381,21.7,375,entity_1,vehicle,vehicle.audi.a2,entity_1,61.009,331.442,-0.0073,0.0,0.0,0.0286,61.009,-331.442,-0.000499,0.0,0.0,0.0,0.0,0.0,0.0,0.0,0.0,0.0,0.0,5,0,-1,51.0,Driving,False,0.875,0.0,0.0,0.0,False,False,0,,,,NONE,False,Green,30.0
468,26.6381,21.7,374,entity_2,pedestrian,walker.pedestrian.0001,entity_2,63.9113,321.6898,1.0558,0.0,0.0,-89.7611,63.9113,-321.6898,1.566627,0.0009,0.0,0.0,0.0009,0.0,0.0,0.0,0.0,0.0,0.0,5,0,3,53.9,Sidewalk,False,0.579,,,,,,,0.0042,-1.0,1.02,,,,
468,26.6381,21.7,373,Vehicle 4,vehicle,vehicle.tesla.model3,hero_3,52.3826,330.5545,0.0017,0.0,-0.0002,-0.0709,52.3826,-330.5545,0.001237,0.0,0.0,-0.0,0.0,-0.0,0.0,-0.0,-0.0,0.0,-0.0,5,0,-1,42.37,Driving,False,-0.008,0.525,-0.006,0.3,False,False,1,,,,NONE,False,Green,30.0
468,26.6381,21.7,372,Vehicle 3,vehicle,vehicle.tesla.model3,hero_2,43.1188,330.5233,0.0017,0.0,-0.0,0.1748,43.1188,-330.5233,-0.003051,0.0,-0.0,-0.0,0.0,0.0,0.0,-0.0,0.0,0.0,0.0,5,0,-1,33.11,Driving,False,-0.034,0.525,0.001,0.3,False,False,1,,,,NONE,False,Green,60.0
468,26.6381,21.7,371,Vehicle 2,vehicle,vehicle.tesla.model3,hero_1,10.9441,326.5366,0.0014,-0.0093,-0.0127,-179.5603,10.9441,-326.5366,3.133918,-0.0,0.0,0.0,0.0,-0.0,-0.0,0.0,0.0,-0.0,0.0,5,0,1,0.93,Driving,False,0.004,0.0,-0.014,0.7,False,False,1,,,,NONE,False,Green,30.0
468,26.6381,21.7,370,Vehicle 1,vehicle,vehicle.tesla.model3,hero_0,33.1259,330.5405,0.0017,0.0,-0.0001,0.3215,33.1259,-330.5405,-0.005611,0.0,-0.0,-0.0,0.0,0.0,-0.0,0.0,-0.0,0.0,-0.0,5,0,-1,23.12,Driving,False,-0.012,0.525,0.012,0.3,False,False,1,,,,NONE,False,Green,60.0
469,26.6881,21.75,375,entity_1,vehicle,vehicle.audi.a2,entity_1,61.009,331.442,-0.0073,0.0,0.0,0.0286,61.009,-331.442,-0.000499,0.0,0.0,0.0,0.0,0.0,0.0,0.0,0.0,0.0,0.0,5,0,-1,51.0,Driving,False,0.875,0.0,0.0,0.0,False,False,0,,,,NONE,False,Green,30.0
469,26.6881,21.75,374,entity_2,pedestrian,walker.pedestrian.0001,entity_2,63.9113,321.6898,1.0558,0.0,0.0,-89.7611,63.9113,-321.6898,1.566627,0.0009,0.0,0.0,0.0009,0.0,0.0,0.0,0.0,0.0,0.0,5,0,3,53.9,Sidewalk,False,0.579,,,,,,,0.0042,-1.0,1.02,,,,
469,26.6881,21.75,373,Vehicle 4,vehicle,vehicle.tesla.model3,hero_3,52.3826,330.5545,0.0017,0.0,-0.0002,-0.0709,52.3826,-330.5545,0.001237,0.0,0.0,-0.0,0.0,0.0,-0.0,-0.0,-0.0,0.0,-0.0,5,0,-1,42.37,Driving,False,-0.008,0.525,-0.006,0.3,False,False,1,,,,NONE,False,Green,30.0
469,26.6881,21.75,372,Vehicle 3,vehicle,vehicle.tesla.model3,hero_2,43.1188,330.5233,0.0017,0.0,-0.0,0.1748,43.1188,-330.5233,-0.003051,0.0,-0.0,-0.0,0.0,0.0,0.0,-0.0,0.0,0.0,0.0,5,0,-1,33.11,Driving,False,-0.034,0.525,0.001,0.3,False,False,1,,,,NONE,False,Green,60.0
469,26.6881,21.75,371,Vehicle 2,vehicle,vehicle.tesla.model3,hero_1,10.9441,326.5366,0.0014,-0.0093,-0.0127,-179.5603,10.9441,-326.5366,3.133918,-0.0,0.0,0.0,0.0,-0.0,0.0,-0.0,0.0,-0.0,0.0,5,0,1,0.93,Driving,False,0.004,0.0,-0.014,0.7,False,False,1,,,,NONE,False,Green,30.0
469,26.6881,21.75,370,Vehicle 1,vehicle,vehicle.tesla.model3,hero_0,33.1259,330.5405,0.0017,0.0,-0.0001,0.3215,33.1259,-330.5405,-0.005611,0.0,0.0,-0.0,0.0,-0.0,0.0,-0.0,-0.0,0.0,-0.0,5,0,-1,23.12,Driving,False,-0.012,0.525,0.012,0.3,False,False,1,,,,NONE,False,Green,60.0
470,26.7381,21.8,375,entity_1,vehicle,vehicle.audi.a2,entity_1,61.009,331.442,-0.0073,0.0,0.0,0.0286,61.009,-331.442,-0.000499,0.0,0.0,0.0,0.0,0.0,0.0,0.0,0.0,0.0,0.0,5,0,-1,51.0,Driving,False,0.875,0.0,0.0,0.0,False,False,0,,,,NONE,False,Green,30.0
470,26.7381,21.8,374,entity_2,pedestrian,walker.pedestrian.0001,entity_2,63.9114,321.6898,1.0558,0.0,0.0,-89.7611,63.9114,-321.6898,1.566627,0.0009,0.0,0.0,0.0009,0.0,0.0,0.0,0.0,0.0,0.0,5,0,3,53.9,Sidewalk,False,0.579,,,,,,,0.0042,-1.0,1.02,,,,
470,26.7381,21.8,373,Vehicle 4,vehicle,vehicle.tesla.model3,hero_3,52.3826,330.5545,0.0017,0.0,-0.0002,-0.0709,52.3826,-330.5545,0.001237,-0.0,0.0,0.0,0.0,-0.0,0.0,0.0,-0.0,-0.0,0.0,5,0,-1,42.37,Driving,False,-0.008,0.525,-0.006,0.3,False,False,1,,,,NONE,False,Green,30.0
470,26.7381,21.8,372,Vehicle 3,vehicle,vehicle.tesla.model3,hero_2,43.1188,330.5233,0.0017,0.0,-0.0,0.1748,43.1188,-330.5233,-0.003051,0.0,-0.0,-0.0,0.0,-0.0,0.0,-0.0,0.0,0.0,-0.0,5,0,-1,33.11,Driving,False,-0.034,0.525,0.001,0.3,False,False,1,,,,NONE,False,Green,60.0
470,26.7381,21.8,371,Vehicle 2,vehicle,vehicle.tesla.model3,hero_1,10.9441,326.5366,0.0014,-0.0093,-0.0127,-179.5603,10.9441,-326.5366,3.133918,-0.0,0.0,0.0,0.0,0.0,0.0,-0.0,0.0,-0.0,0.0,5,0,1,0.93,Driving,False,0.004,0.0,-0.014,0.7,False,False,1,,,,NONE,False,Green,30.0
470,26.7381,21.8,370,Vehicle 1,vehicle,vehicle.tesla.model3,hero_0,33.1259,330.5405,0.0017,0.0,-0.0001,0.3215,33.1259,-330.5405,-0.005611,0.0,0.0,-0.0,0.0,-0.0,0.0,0.0,-0.0,0.0,-0.0,5,0,-1,23.12,Driving,False,-0.012,0.525,0.012,0.3,False,False,1,,,,NONE,False,Green,60.0
471,26.7881,21.85,375,entity_1,vehicle,vehicle.audi.a2,entity_1,61.009,331.442,-0.0073,0.0,0.0,0.0286,61.009,-331.442,-0.000499,0.0,0.0,0.0,0.0,0.0,0.0,0.0,0.0,0.0,0.0,5,0,-1,51.0,Driving,False,0.875,0.0,0.0,0.0,False,False,0,,,,NONE,False,Green,30.0
471,26.7881,21.85,374,entity_2,pedestrian,walker.pedestrian.0001,entity_2,63.9114,321.6898,1.0558,0.0,0.0,-89.7611,63.9114,-321.6898,1.566627,0.0009,0.0,0.0,0.0009,0.0,0.0,0.0,0.0,0.0,0.0,5,0,3,53.9,Sidewalk,False,0.579,,,,,,,0.0042,-1.0,1.02,,,,
471,26.7881,21.85,373,Vehicle 4,vehicle,vehicle.tesla.model3,hero_3,52.3826,330.5545,0.0017,0.0,-0.0002,-0.0709,52.3826,-330.5545,0.001237,0.0,0.0,-0.0,0.0,0.0,-0.0,-0.0,-0.0,0.0,-0.0,5,0,-1,42.37,Driving,False,-0.008,0.525,-0.007,0.3,False,False,1,,,,NONE,False,Green,30.0
471,26.7881,21.85,372,Vehicle 3,vehicle,vehicle.tesla.model3,hero_2,43.1188,330.5233,0.0017,0.0,-0.0,0.1748,43.1188,-330.5233,-0.003051,-0.0,-0.0,-0.0,0.0,-0.0,0.0,0.0,0.0,-0.0,-0.0,5,0,-1,33.11,Driving,False,-0.034,0.525,0.0,0.3,False,False,1,,,,NONE,False,Green,60.0
471,26.7881,21.85,371,Vehicle 2,vehicle,vehicle.tesla.model3,hero_1,10.9441,326.5366,0.0014,-0.0093,-0.0127,-179.5603,10.9441,-326.5366,3.133918,-0.0,0.0,-0.0,0.0,-0.0,0.0,-0.0,0.0,-0.0,0.0,5,0,1,0.93,Driving,False,0.004,0.0,-0.013,0.7,False,False,1,,,,NONE,False,Green,30.0
471,26.7881,21.85,370,Vehicle 1,vehicle,vehicle.tesla.model3,hero_0,33.1259,330.5405,0.0017,0.0,-0.0001,0.3215,33.1259,-330.5405,-0.005611,-0.0,-0.0,-0.0,0.0,-0.0,-0.0,0.0,0.0,-0.0,-0.0,5,0,-1,23.12,Driving,False,-0.012,0.525,0.014,0.3,False,False,1,,,,NONE,False,Green,60.0
472,26.8381,21.9,375,entity_1,vehicle,vehicle.audi.a2,entity_1,61.009,331.442,-0.0073,0.0,0.0,0.0286,61.009,-331.442,-0.000499,0.0,0.0,0.0,0.0,0.0,0.0,0.0,0.0,0.0,0.0,5,0,-1,51.0,Driving,False,0.875,0.0,0.0,0.0,False,False,0,,,,NONE,False,Green,30.0
472,26.8381,21.9,374,entity_2,pedestrian,walker.pedestrian.0001,entity_2,63.9115,321.6898,1.0558,0.0,0.0,-89.7611,63.9115,-321.6898,1.566627,0.0009,0.0,0.0,0.0009,0.0,0.0,0.0,0.0,0.0,0.0,5,0,3,53.9,Sidewalk,False,0.579,,,,,,,0.0042,-1.0,1.02,,,,
472,26.8381,21.9,373,Vehicle 4,vehicle,vehicle.tesla.model3,hero_3,52.3826,330.5545,0.0017,0.0,-0.0002,-0.0709,52.3826,-330.5545,0.001237,0.0,0.0,-0.0,0.0,-0.0,0.0,-0.0,-0.0,0.0,-0.0,5,0,-1,42.37,Driving,False,-0.008,0.525,-0.007,0.3,False,False,1,,,,NONE,False,Green,30.0
472,26.8381,21.9,372,Vehicle 3,vehicle,vehicle.tesla.model3,hero_2,43.1188,330.5233,0.0017,0.0,-0.0,0.1748,43.1188,-330.5233,-0.003051,-0.0,0.0,0.0,0.0,0.0,0.0,0.0,-0.0,-0.0,-0.0,5,0,-1,33.11,Driving,False,-0.034,0.525,0.0,0.3,False,False,1,,,,NONE,False,Green,60.0
472,26.8381,21.9,371,Vehicle 2,vehicle,vehicle.tesla.model3,hero_1,10.9441,326.5366,0.0014,-0.0093,-0.0127,-179.5603,10.9441,-326.5366,3.133918,-0.0,0.0,-0.0,0.0,0.0,0.0,-0.0,0.0,-0.0,0.0,5,0,1,0.93,Driving,False,0.004,0.0,-0.013,0.7,False,False,1,,,,NONE,False,Green,30.0
472,26.8381,21.9,370,Vehicle 1,vehicle,vehicle.tesla.model3,hero_0,33.1259,330.5405,0.0017,0.0,-0.0001,0.3215,33.1259,-330.5405,-0.005611,-0.0,-0.0,-0.0,0.0,0.0,-0.0,-0.0,-0.0,-0.0,-0.0,5,0,-1,23.12,Driving,False,-0.012,0.525,0.014,0.3,False,False,1,,,,NONE,False,Green,60.0
473,26.8881,21.95,375,entity_1,vehicle,vehicle.audi.a2,entity_1,61.009,331.442,-0.0073,0.0,0.0,0.0286,61.009,-331.442,-0.000499,0.0,0.0,0.0,0.0,0.0,0.0,0.0,0.0,0.0,0.0,5,0,-1,51.0,Driving,False,0.875,0.0,0.0,0.0,False,False,0,,,,NONE,False,Green,30.0
473,26.8881,21.95,374,entity_2,pedestrian,walker.pedestrian.0001,entity_2,63.9115,321.6898,1.0558,0.0,0.0,-89.7611,63.9115,-321.6898,1.566627,0.0009,0.0,0.0,0.0009,0.0,0.0,0.0,0.0,0.0,0.0,5,0,3,53.9,Sidewalk,False,0.579,,,,,,,0.0042,-1.0,1.02,,,,
473,26.8881,21.95,373,Vehicle 4,vehicle,vehicle.tesla.model3,hero_3,52.3826,330.5545,0.0017,0.0,-0.0002,-0.0709,52.3826,-330.5545,0.001237,0.0,0.0,-0.0,0.0,0.0,-0.0,-0.0,-0.0,0.0,-0.0,5,0,-1,42.37,Driving,False,-0.008,0.525,-0.007,0.3,False,False,1,,,,NONE,False,Green,30.0
473,26.8881,21.95,372,Vehicle 3,vehicle,vehicle.tesla.model3,hero_2,43.1188,330.5233,0.0017,0.0,-0.0,0.1748,43.1188,-330.5233,-0.003051,-0.0,-0.0,-0.0,0.0,-0.0,-0.0,-0.0,-0.0,-0.0,-0.0,5,0,-1,33.11,Driving,False,-0.034,0.525,0.0,0.3,False,False,1,,,,NONE,False,Green,60.0
473,26.8881,21.95,371,Vehicle 2,vehicle,vehicle.tesla.model3,hero_1,10.9441,326.5366,0.0014,-0.0093,-0.0127,-179.5603,10.9441,-326.5366,3.133918,0.0,0.0,0.0,0.0,0.0,-0.0,0.0,0.0,0.0,0.0,5,0,1,0.93,Driving,False,0.004,0.0,-0.013,0.7,False,False,1,,,,NONE,False,Green,30.0
473,26.8881,21.95,370,Vehicle 1,vehicle,vehicle.tesla.model3,hero_0,33.1259,330.5405,0.0017,0.0,-0.0001,0.3215,33.1259,-330.5405,-0.005611,-0.0,0.0,-0.0,0.0,-0.0,0.0,-0.0,-0.0,-0.0,-0.0,5,0,-1,23.12,Driving,False,-0.012,0.525,0.014,0.3,False,False,1,,,,NONE,False,Green,60.0
474,26.9381,22.0,375,entity_1,vehicle,vehicle.audi.a2,entity_1,61.009,331.442,-0.0073,0.0,0.0,0.0286,61.009,-331.442,-0.000499,0.0,0.0,0.0,0.0,0.0,0.0,0.0,0.0,0.0,0.0,5,0,-1,51.0,Driving,False,0.875,0.0,0.0,0.0,False,False,0,,,,NONE,False,Green,30.0
474,26.9381,22.0,374,entity_2,pedestrian,walker.pedestrian.0001,entity_2,63.9116,321.6898,1.0558,0.0,0.0,-89.7611,63.9116,-321.6898,1.566627,0.0009,0.0,0.0,0.0009,0.0,0.0,0.0,0.0,0.0,0.0,5,0,3,53.9,Sidewalk,False,0.579,,,,,,,0.0042,-1.0,1.02,,,,
474,26.9381,22.0,373,Vehicle 4,vehicle,vehicle.tesla.model3,hero_3,52.3826,330.5545,0.0017,0.0,-0.0002,-0.0709,52.3826,-330.5545,0.001237,0.0,0.0,-0.0,0.0,-0.0,0.0,-0.0,-0.0,0.0,-0.0,5,0,-1,42.37,Driving,False,-0.008,0.525,-0.007,0.3,False,False,1,,,,NONE,False,Green,30.0
474,26.9381,22.0,372,Vehicle 3,vehicle,vehicle.tesla.model3,hero_2,43.1188,330.5233,0.0017,0.0,-0.0,0.1748,43.1188,-330.5233,-0.003051,-0.0,0.0,-0.0,0.0,0.0,0.0,-0.0,-0.0,-0.0,0.0,5,0,-1,33.11,Driving,False,-0.034,0.525,0.0,0.3,False,False,1,,,,NONE,False,Green,60.0
474,26.9381,22.0,371,Vehicle 2,vehicle,vehicle.tesla.model3,hero_1,10.9441,326.5366,0.0014,-0.0093,-0.0127,-179.5603,10.9441,-326.5366,3.133918,-0.0,0.0,-0.0,0.0,-0.0,0.0,-0.0,0.0,0.0,0.0,5,0,1,0.93,Driving,False,0.004,0.0,-0.013,0.7,False,False,1,,,,NONE,False,Green,30.0
474,26.9381,22.0,370,Vehicle 1,vehicle,vehicle.tesla.model3,hero_0,33.1259,330.5405,0.0017,0.0,-0.0001,0.3215,33.1259,-330.5405,-0.005611,0.0,0.0,-0.0,0.0,0.0,0.0,0.0,-0.0,0.0,-0.0,5,0,-1,23.12,Driving,False,-0.012,0.525,0.014,0.3,False,False,1,,,,NONE,False,Green,60.0
475,26.9881,22.05,375,entity_1,vehicle,vehicle.audi.a2,entity_1,61.009,331.442,-0.0073,0.0,0.0,0.0286,61.009,-331.442,-0.000499,0.0,0.0,0.0,0.0,0.0,0.0,0.0,0.0,0.0,0.0,5,0,-1,51.0,Driving,False,0.875,0.0,0.0,0.0,False,False,0,,,,NONE,False,Green,30.0
475,26.9881,22.05,374,entity_2,pedestrian,walker.pedestrian.0001,entity_2,63.9116,321.6898,1.0558,0.0,0.0,-89.7611,63.9116,-321.6898,1.566627,0.0009,0.0,0.0,0.0009,0.0,0.0,0.0,0.0,0.0,0.0,5,0,3,53.9,Sidewalk,False,0.579,,,,,,,0.0042,-1.0,1.02,,,,
475,26.9881,22.05,373,Vehicle 4,vehicle,vehicle.tesla.model3,hero_3,52.3826,330.5545,0.0017,0.0,-0.0002,-0.0709,52.3826,-330.5545,0.001237,0.0,0.0,-0.0,0.0,0.0,-0.0,-0.0,-0.0,0.0,-0.0,5,0,-1,42.37,Driving,False,-0.008,0.525,-0.006,0.3,False,False,1,,,,NONE,False,Green,30.0
475,26.9881,22.05,372,Vehicle 3,vehicle,vehicle.tesla.model3,hero_2,43.1188,330.5233,0.0017,0.0,-0.0,0.1748,43.1188,-330.5233,-0.003051,-0.0,0.0,-0.0,0.0,0.0,0.0,-0.0,-0.0,-0.0,0.0,5,0,-1,33.11,Driving,False,-0.034,0.525,0.001,0.3,False,False,1,,,,NONE,False,Green,60.0
475,26.9881,22.05,371,Vehicle 2,vehicle,vehicle.tesla.model3,hero_1,10.9441,326.5366,0.0014,-0.0093,-0.0127,-179.5603,10.9441,-326.5366,3.133918,-0.0,0.0,-0.0,0.0,0.0,-0.0,-0.0,-0.0,0.0,0.0,5,0,1,0.93,Driving,False,0.004,0.0,-0.014,0.7,False,False,1,,,,NONE,False,Green,30.0
475,26.9881,22.05,370,Vehicle 1,vehicle,vehicle.tesla.model3,hero_0,33.1259,330.5405,0.0017,0.0,-0.0001,0.3215,33.1259,-330.5405,-0.005611,-0.0,-0.0,-0.0,0.0,-0.0,-0.0,-0.0,-0.0,-0.0,-0.0,5,0,-1,23.12,Driving,False,-0.012,0.525,0.013,0.3,False,False,1,,,,NONE,False,Green,60.0
476,27.0381,22.1,375,entity_1,vehicle,vehicle.audi.a2,entity_1,61.009,331.442,-0.0073,0.0,0.0,0.0286,61.009,-331.442,-0.000499,0.0,0.0,0.0,0.0,0.0,0.0,0.0,0.0,0.0,0.0,5,0,-1,51.0,Driving,False,0.875,0.0,0.0,0.0,False,False,0,,,,NONE,False,Green,30.0
476,27.0381,22.1,374,entity_2,pedestrian,walker.pedestrian.0001,entity_2,63.9116,321.6898,1.0558,0.0,0.0,-89.7611,63.9116,-321.6898,1.566627,0.0009,0.0,0.0,0.0009,0.0,0.0,0.0,0.0,0.0,0.0,5,0,3,53.9,Sidewalk,False,0.579,,,,,,,0.0042,-1.0,1.02,,,,
476,27.0381,22.1,373,Vehicle 4,vehicle,vehicle.tesla.model3,hero_3,52.3826,330.5545,0.0017,0.0,-0.0002,-0.0709,52.3826,-330.5545,0.001237,0.0,0.0,-0.0,0.0,0.0,0.0,-0.0,-0.0,0.0,0.0,5,0,-1,42.37,Driving,False,-0.008,0.525,-0.006,0.3,False,False,1,,,,NONE,False,Green,30.0
476,27.0381,22.1,372,Vehicle 3,vehicle,vehicle.tesla.model3,hero_2,43.1188,330.5233,0.0017,0.0,-0.0,0.1748,43.1188,-330.5233,-0.003051,-0.0,-0.0,-0.0,0.0,-0.0,-0.0,-0.0,0.0,-0.0,-0.0,5,0,-1,33.11,Driving,False,-0.034,0.525,0.001,0.3,False,False,1,,,,NONE,False,Green,60.0
476,27.0381,22.1,371,Vehicle 2,vehicle,vehicle.tesla.model3,hero_1,10.9441,326.5366,0.0014,-0.0093,-0.0127,-179.5603,10.9441,-326.5366,3.133918,-0.0,0.0,-0.0,0.0,0.0,0.0,-0.0,-0.0,0.0,0.0,5,0,1,0.93,Driving,False,0.004,0.0,-0.014,0.7,False,False,1,,,,NONE,False,Green,30.0
476,27.0381,22.1,370,Vehicle 1,vehicle,vehicle.tesla.model3,hero_0,33.1259,330.5405,0.0017,0.0,-0.0001,0.3215,33.1259,-330.5405,-0.005611,0.0,0.0,-0.0,0.0,0.0,0.0,0.0,-0.0,0.0,0.0,5,0,-1,23.12,Driving,False,-0.012,0.525,0.013,0.3,False,False,1,,,,NONE,False,Green,60.0
477,27.0881,22.15,375,entity_1,vehicle,vehicle.audi.a2,entity_1,61.009,331.442,-0.0073,0.0,0.0,0.0286,61.009,-331.442,-0.000499,0.0,0.0,0.0,0.0,0.0,0.0,0.0,0.0,0.0,0.0,5,0,-1,51.0,Driving,False,0.875,0.0,0.0,0.0,False,False,0,,,,NONE,False,Green,30.0
477,27.0881,22.15,374,entity_2,pedestrian,walker.pedestrian.0001,entity_2,63.9117,321.6898,1.0558,0.0,0.0,-89.7611,63.9117,-321.6898,1.566627,0.0009,0.0,0.0,0.0009,0.0,0.0,0.0,0.0,0.0,0.0,5,0,3,53.9,Sidewalk,False,0.579,,,,,,,0.0042,-1.0,1.02,,,,
477,27.0881,22.15,373,Vehicle 4,vehicle,vehicle.tesla.model3,hero_3,52.3826,330.5545,0.0017,0.0,-0.0002,-0.0709,52.3826,-330.5545,0.001237,0.0,0.0,-0.0,0.0,-0.0,-0.0,-0.0,-0.0,0.0,-0.0,5,0,-1,42.37,Driving,False,-0.008,0.525,-0.006,0.3,False,False,1,,,,NONE,False,Green,30.0
477,27.0881,22.15,372,Vehicle 3,vehicle,vehicle.tesla.model3,hero_2,43.1188,330.5233,0.0017,0.0,-0.0,0.1748,43.1188,-330.5233,-0.003051,0.0,-0.0,-0.0,0.0,0.0,0.0,-0.0,0.0,0.0,0.0,5,0,-1,33.11,Driving,False,-0.034,0.525,0.001,0.3,False,False,1,,,,NONE,False,Green,60.0
477,27.0881,22.15,371,Vehicle 2,vehicle,vehicle.tesla.model3,hero_1,10.9441,326.5366,0.0014,-0.0093,-0.0127,-179.5603,10.9441,-326.5366,3.133918,-0.0,0.0,-0.0,0.0,0.0,0.0,-0.0,-0.0,0.0,0.0,5,0,1,0.93,Driving,False,0.004,0.0,-0.014,0.7,False,False,1,,,,NONE,False,Green,30.0
477,27.0881,22.15,370,Vehicle 1,vehicle,vehicle.tesla.model3,hero_0,33.1259,330.5405,0.0017,0.0,-0.0001,0.3215,33.1259,-330.5405,-0.005611,-0.0,-0.0,-0.0,0.0,-0.0,-0.0,-0.0,0.0,-0.0,-0.0,5,0,-1,23.12,Driving,False,-0.012,0.525,0.013,0.3,False,False,1,,,,NONE,False,Green,60.0
478,27.1381,22.2,375,entity_1,vehicle,vehicle.audi.a2,entity_1,61.009,331.442,-0.0073,0.0,0.0,0.0286,61.009,-331.442,-0.000499,0.0,0.0,0.0,0.0,0.0,0.0,0.0,0.0,0.0,0.0,5,0,-1,51.0,Driving,False,0.875,0.0,0.0,0.0,False,False,0,,,,NONE,False,Green,30.0
478,27.1381,22.2,374,entity_2,pedestrian,walker.pedestrian.0001,entity_2,63.9117,321.6898,1.0558,0.0,0.0,-89.7611,63.9117,-321.6898,1.566627,0.0009,0.0,0.0,0.0009,0.0,0.0,0.0,0.0,0.0,0.0,5,0,3,53.9,Sidewalk,False,0.579,,,,,,,0.0042,-1.0,1.02,,,,
478,27.1381,22.2,373,Vehicle 4,vehicle,vehicle.tesla.model3,hero_3,52.3826,330.5545,0.0017,0.0,-0.0002,-0.0709,52.3826,-330.5545,0.001237,0.0,0.0,-0.0,0.0,-0.0,0.0,-0.0,-0.0,0.0,-0.0,5,0,-1,42.37,Driving,False,-0.008,0.525,-0.006,0.3,False,False,1,,,,NONE,False,Green,30.0
478,27.1381,22.2,372,Vehicle 3,vehicle,vehicle.tesla.model3,hero_2,43.1188,330.5233,0.0017,0.0,-0.0,0.1748,43.1188,-330.5233,-0.003051,0.0,-0.0,-0.0,0.0,0.0,0.0,-0.0,0.0,0.0,0.0,5,0,-1,33.11,Driving,False,-0.034,0.525,0.001,0.3,False,False,1,,,,NONE,False,Green,60.0
478,27.1381,22.2,371,Vehicle 2,vehicle,vehicle.tesla.model3,hero_1,10.9441,326.5366,0.0014,-0.0093,-0.0127,-179.5603,10.9441,-326.5366,3.133918,-0.0,0.0,-0.0,0.0,0.0,0.0,-0.0,-0.0,0.0,0.0,5,0,1,0.93,Driving,False,0.004,0.0,-0.014,0.7,False,False,1,,,,NONE,False,Green,30.0
478,27.1381,22.2,370,Vehicle 1,vehicle,vehicle.tesla.model3,hero_0,33.1259,330.5405,0.0017,0.0,-0.0001,0.3215,33.1259,-330.5405,-0.005611,0.0,0.0,-0.0,0.0,0.0,0.0,-0.0,-0.0,0.0,-0.0,5,0,-1,23.12,Driving,False,-0.012,0.525,0.013,0.3,False,False,1,,,,NONE,False,Green,60.0
479,27.1881,22.25,375,entity_1,vehicle,vehicle.audi.a2,entity_1,61.009,331.442,-0.0073,0.0,0.0,0.0286,61.009,-331.442,-0.000499,0.0,0.0,0.0,0.0,0.0,0.0,0.0,0.0,0.0,0.0,5,0,-1,51.0,Driving,False,0.875,0.0,0.0,0.0,False,False,0,,,,NONE,False,Green,30.0
479,27.1881,22.25,374,entity_2,pedestrian,walker.pedestrian.0001,entity_2,63.9118,321.6898,1.0558,0.0,0.0,-89.7611,63.9118,-321.6898,1.566627,0.0009,0.0,0.0,0.0009,0.0,0.0,0.0,0.0,0.0,0.0,5,0,3,53.9,Sidewalk,False,0.579,,,,,,,0.0042,-1.0,1.02,,,,
479,27.1881,22.25,373,Vehicle 4,vehicle,vehicle.tesla.model3,hero_3,52.3826,330.5545,0.0017,0.0,-0.0002,-0.0709,52.3826,-330.5545,0.001237,0.0,0.0,-0.0,0.0,-0.0,-0.0,0.0,-0.0,0.0,0.0,5,0,-1,42.37,Driving,False,-0.008,0.525,-0.008,0.3,False,False,1,,,,NONE,False,Green,30.0
479,27.1881,22.25,372,Vehicle 3,vehicle,vehicle.tesla.model3,hero_2,43.1188,330.5233,0.0017,0.0,-0.0,0.1748,43.1188,-330.5233,-0.003051,0.0,-0.0,-0.0,0.0,0.0,-0.0,-0.0,0.0,0.0,-0.0,5,0,-1,33.11,Driving,False,-0.034,0.525,-0.001,0.3,False,False,1,,,,NONE,False,Green,60.0
479,27.1881,22.25,371,Vehicle 2,vehicle,vehicle.tesla.model3,hero_1,10.9441,326.5366,0.0014,-0.0093,-0.0127,-179.5603,10.9441,-326.5366,3.133918,-0.0,0.0,-0.0,0.0,0.0,0.0,-0.0,-0.0,0.0,0.0,5,0,1,0.93,Driving,False,0.004,0.0,-0.013,0.7,False,False,1,,,,NONE,False,Green,30.0
479,27.1881,22.25,370,Vehicle 1,vehicle,vehicle.tesla.model3,hero_0,33.1259,330.5405,0.0017,0.0,-0.0001,0.3215,33.1259,-330.5405,-0.005611,-0.0,-0.0,-0.0,0.0,-0.0,-0.0,-0.0,0.0,-0.0,-0.0,5,0,-1,23.12,Driving,False,-0.012,0.525,0.013,0.3,False,False,1,,,,NONE,False,Green,60.0
480,27.2381,22.3,375,entity_1,vehicle,vehicle.audi.a2,entity_1,61.009,331.442,-0.0073,0.0,0.0,0.0286,61.009,-331.442,-0.000499,0.0,0.0,0.0,0.0,0.0,0.0,0.0,0.0,0.0,0.0,5,0,-1,51.0,Driving,False,0.875,0.0,0.0,0.0,False,False,0,,,,NONE,False,Green,30.0
480,27.2381,22.3,374,entity_2,pedestrian,walker.pedestrian.0001,entity_2,63.9118,321.6898,1.0558,0.0,0.0,-89.7611,63.9118,-321.6898,1.566627,0.0009,0.0,0.0,0.0009,0.0,0.0,0.0,0.0,0.0,0.0,5,0,3,53.9,Sidewalk,False,0.579,,,,,,,0.0042,-1.0,1.02,,,,
480,27.2381,22.3,373,Vehicle 4,vehicle,vehicle.tesla.model3,hero_3,52.3826,330.5545,0.0017,0.0,-0.0002,-0.0709,52.3826,-330.5545,0.001237,0.0,0.0,-0.0,0.0,0.0,0.0,-0.0,-0.0,0.0,-0.0,5,0,-1,42.37,Driving,False,-0.008,0.525,-0.008,0.3,False,False,1,,,,NONE,False,Green,30.0
480,27.2381,22.3,372,Vehicle 3,vehicle,vehicle.tesla.model3,hero_2,43.1188,330.5233,0.0017,0.0,-0.0,0.1748,43.1188,-330.5233,-0.003051,-0.0,-0.0,-0.0,0.0,-0.0,0.0,0.0,0.0,-0.0,-0.0,5,0,-1,33.11,Driving,False,-0.034,0.525,-0.001,0.3,False,False,1,,,,NONE,False,Green,60.0
480,27.2381,22.3,371,Vehicle 2,vehicle,vehicle.tesla.model3,hero_1,10.9441,326.5366,0.0014,-0.0093,-0.0127,-179.5603,10.9441,-326.5366,3.133918,-0.0,0.0,-0.0,0.0,-0.0,-0.0,-0.0,-0.0,0.0,0.0,5,0,1,0.93,Driving,False,0.004,0.0,-0.013,0.7,False,False,1,,,,NONE,False,Green,30.0
480,27.2381,22.3,370,Vehicle 1,vehicle,vehicle.tesla.model3,hero_0,33.1259,330.5405,0.0017,0.0,-0.0001,0.3215,33.1259,-330.5405,-0.005611,-0.0,0.0,-0.0,0.0,-0.0,0.0,-0.0,-0.0,-0.0,-0.0,5,0,-1,23.12,Driving,False,-0.012,0.525,0.013,0.3,False,False,1,,,,NONE,False,Green,60.0
481,27.2881,22.35,375,entity_1,vehicle,vehicle.audi.a2,entity_1,61.009,331.442,-0.0073,0.0,0.0,0.0286,61.009,-331.442,-0.000499,0.0,0.0,0.0,0.0,0.0,0.0,0.0,0.0,0.0,0.0,5,0,-1,51.0,Driving,False,0.875,0.0,0.0,0.0,False,False,0,,,,NONE,False,Green,30.0
481,27.2881,22.35,374,entity_2,pedestrian,walker.pedestrian.0001,entity_2,63.9119,321.6898,1.0558,0.0,0.0,-89.7611,63.9119,-321.6898,1.566627,0.0009,0.0,0.0,0.0009,0.0,0.0,0.0,0.0,0.0,0.0,5,0,3,53.9,Sidewalk,False,0.579,,,,,,,0.0042,-1.0,1.02,,,,
481,27.2881,22.35,373,Vehicle 4,vehicle,vehicle.tesla.model3,hero_3,52.3826,330.5545,0.0017,0.0,-0.0002,-0.0709,52.3826,-330.5545,0.001237,0.0,0.0,-0.0,0.0,0.0,-0.0,-0.0,-0.0,0.0,-0.0,5,0,-1,42.37,Driving,False,-0.008,0.525,-0.008,0.3,False,False,1,,,,NONE,False,Green,30.0
481,27.2881,22.35,372,Vehicle 3,vehicle,vehicle.tesla.model3,hero_2,43.1188,330.5233,0.0017,0.0,-0.0,0.1748,43.1188,-330.5233,-0.003051,0.0,-0.0,-0.0,0.0,0.0,0.0,-0.0,0.0,0.0,0.0,5,0,-1,33.11,Driving,False,-0.034,0.525,-0.001,0.3,False,False,1,,,,NONE,False,Green,60.0
481,27.2881,22.35,371,Vehicle 2,vehicle,vehicle.tesla.model3,hero_1,10.9441,326.5366,0.0014,-0.0093,-0.0127,-179.5603,10.9441,-326.5366,3.133918,-0.0,0.0,-0.0,0.0,-0.0,-0.0,0.0,-0.0,0.0,0.0,5,0,1,0.93,Driving,False,0.004,0.0,-0.013,0.7,False,False,1,,,,NONE,False,Green,30.0
481,27.2881,22.35,370,Vehicle 1,vehicle,vehicle.tesla.model3,hero_0,33.1259,330.5405,0.0017,0.0,-0.0001,0.3215,33.1259,-330.5405,-0.005611,0.0,0.0,-0.0,0.0,0.0,0.0,0.0,-0.0,0.0,0.0,5,0,-1,23.12,Driving,False,-0.012,0.525,0.013,0.3,False,False,1,,,,NONE,False,Green,60.0
482,27.3381,22.4,375,entity_1,vehicle,vehicle.audi.a2,entity_1,61.009,331.442,-0.0073,0.0,0.0,0.0286,61.009,-331.442,-0.000499,0.0,0.0,0.0,0.0,0.0,0.0,0.0,0.0,0.0,0.0,5,0,-1,51.0,Driving,False,0.875,0.0,0.0,0.0,False,False,0,,,,NONE,False,Green,30.0
482,27.3381,22.4,374,entity_2,pedestrian,walker.pedestrian.0001,entity_2,63.9119,321.6898,1.0558,0.0,0.0,-89.7611,63.9119,-321.6898,1.566627,0.0009,0.0,0.0,0.0009,0.0,0.0,0.0,0.0,0.0,0.0,5,0,3,53.9,Sidewalk,False,0.579,,,,,,,0.0042,-1.0,1.02,,,,
482,27.3381,22.4,373,Vehicle 4,vehicle,vehicle.tesla.model3,hero_3,52.3826,330.5545,0.0017,0.0,-0.0002,-0.0709,52.3826,-330.5545,0.001237,0.0,0.0,-0.0,0.0,0.0,0.0,-0.0,-0.0,0.0,0.0,5,0,-1,42.37,Driving,False,-0.008,0.525,-0.008,0.3,False,False,1,,,,NONE,False,Green,30.0
482,27.3381,22.4,372,Vehicle 3,vehicle,vehicle.tesla.model3,hero_2,43.1188,330.5233,0.0017,0.0,-0.0,0.1748,43.1188,-330.5233,-0.003051,-0.0,0.0,-0.0,0.0,-0.0,0.0,-0.0,-0.0,-0.0,-0.0,5,0,-1,33.11,Driving,False,-0.034,0.525,-0.001,0.3,False,False,1,,,,NONE,False,Green,60.0
482,27.3381,22.4,371,Vehicle 2,vehicle,vehicle.tesla.model3,hero_1,10.9441,326.5366,0.0014,-0.0093,-0.0127,-179.5603,10.9441,-326.5366,3.133918,-0.0,0.0,0.0,0.0,-0.0,-0.0,0.0,0.0,-0.0,0.0,5,0,1,0.93,Driving,False,0.004,0.0,-0.013,0.7,False,False,1,,,,NONE,False,Green,30.0
482,27.3381,22.4,370,Vehicle 1,vehicle,vehicle.tesla.model3,hero_0,33.1259,330.5405,0.0017,0.0,-0.0001,0.3215,33.1259,-330.5405,-0.005611,-0.0,-0.0,-0.0,0.0,-0.0,-0.0,-0.0,0.0,-0.0,-0.0,5,0,-1,23.12,Driving,False,-0.012,0.525,0.013,0.3,False,False,1,,,,NONE,False,Green,60.0
483,27.3881,22.45,375,entity_1,vehicle,vehicle.audi.a2,entity_1,61.009,331.442,-0.0073,0.0,0.0,0.0286,61.009,-331.442,-0.000499,0.0,0.0,0.0,0.0,0.0,0.0,0.0,0.0,0.0,0.0,5,0,-1,51.0,Driving,False,0.875,0.0,0.0,0.0,False,False,0,,,,NONE,False,Green,30.0
483,27.3881,22.45,374,entity_2,pedestrian,walker.pedestrian.0001,entity_2,63.912,321.6898,1.0558,0.0,0.0,-89.7611,63.912,-321.6898,1.566627,0.0009,0.0,0.0,0.0009,0.0,0.0,0.0,0.0,0.0,0.0,5,0,3,53.9,Sidewalk,False,0.579,,,,,,,0.0042,-1.0,1.02,,,,
483,27.3881,22.45,373,Vehicle 4,vehicle,vehicle.tesla.model3,hero_3,52.3826,330.5545,0.0017,0.0,-0.0002,-0.0709,52.3826,-330.5545,0.001237,0.0,0.0,-0.0,0.0,-0.0,-0.0,-0.0,-0.0,0.0,-0.0,5,0,-1,42.37,Driving,False,-0.008,0.525,-0.006,0.3,False,False,1,,,,NONE,False,Green,30.0
483,27.3881,22.45,372,Vehicle 3,vehicle,vehicle.tesla.model3,hero_2,43.1188,330.5233,0.0017,0.0,-0.0,0.1748,43.1188,-330.5233,-0.003051,0.0,0.0,-0.0,0.0,0.0,-0.0,-0.0,-0.0,0.0,0.0,5,0,-1,33.11,Driving,False,-0.034,0.525,-0.0,0.3,False,False,1,,,,NONE,False,Green,60.0
483,27.3881,22.45,371,Vehicle 2,vehicle,vehicle.tesla.model3,hero_1,10.9441,326.5366,0.0014,-0.0093,-0.0127,-179.5603,10.9441,-326.5366,3.133918,-0.0,0.0,0.0,0.0,0.0,-0.0,0.0,0.0,-0.0,0.0,5,0,1,0.93,Driving,False,0.004,0.0,-0.015,0.7,False,False,1,,,,NONE,False,Green,30.0
483,27.3881,22.45,370,Vehicle 1,vehicle,vehicle.tesla.model3,hero_0,33.1259,330.5405,0.0017,0.0,-0.0001,0.3215,33.1259,-330.5405,-0.005611,-0.0,0.0,-0.0,0.0,0.0,0.0,-0.0,-0.0,-0.0,-0.0,5,0,-1,23.12,Driving,False,-0.012,0.525,0.013,0.3,False,False,1,,,,NONE,False,Green,60.0
484,27.4381,22.5,375,entity_1,vehicle,vehicle.audi.a2,entity_1,61.009,331.442,-0.0073,0.0,0.0,0.0286,61.009,-331.442,-0.000499,0.0,0.0,0.0,0.0,0.0,0.0,0.0,0.0,0.0,0.0,5,0,-1,51.0,Driving,False,0.875,0.0,0.0,0.0,False,False,0,,,,NONE,False,Green,30.0
484,27.4381,22.5,374,entity_2,pedestrian,walker.pedestrian.0001,entity_2,63.912,321.6898,1.0558,0.0,0.0,-89.7611,63.912,-321.6898,1.566627,0.0009,0.0,0.0,0.0009,0.0,0.0,0.0,0.0,0.0,0.0,5,0,3,53.9,Sidewalk,False,0.579,,,,,,,0.0042,-1.0,1.02,,,,
484,27.4381,22.5,373,Vehicle 4,vehicle,vehicle.tesla.model3,hero_3,52.3826,330.5545,0.0017,0.0,-0.0002,-0.0709,52.3826,-330.5545,0.001237,0.0,0.0,-0.0,0.0,0.0,-0.0,-0.0,-0.0,0.0,-0.0,5,0,-1,42.37,Driving,False,-0.008,0.525,-0.006,0.3,False,False,1,,,,NONE,False,Green,30.0
484,27.4381,22.5,372,Vehicle 3,vehicle,vehicle.tesla.model3,hero_2,43.1188,330.5233,0.0017,0.0,-0.0,0.1748,43.1188,-330.5233,-0.003051,0.0,-0.0,-0.0,0.0,0.0,-0.0,-0.0,-0.0,0.0,-0.0,5,0,-1,33.11,Driving,False,-0.034,0.525,-0.0,0.3,False,False,1,,,,NONE,False,Green,60.0
484,27.4381,22.5,371,Vehicle 2,vehicle,vehicle.tesla.model3,hero_1,10.9441,326.5366,0.0014,-0.0093,-0.0127,-179.5603,10.9441,-326.5366,3.133918,-0.0,0.0,0.0,0.0,-0.0,-0.0,0.0,0.0,-0.0,0.0,5,0,1,0.93,Driving,False,0.004,0.0,-0.015,0.7,False,False,1,,,,NONE,False,Green,30.0
484,27.4381,22.5,370,Vehicle 1,vehicle,vehicle.tesla.model3,hero_0,33.1259,330.5405,0.0017,0.0,-0.0001,0.3215,33.1259,-330.5405,-0.005611,0.0,0.0,0.0,0.0,0.0,-0.0,0.0,0.0,0.0,0.0,5,0,-1,23.12,Driving,False,-0.012,0.525,0.013,0.3,False,False,1,,,,NONE,False,Green,60.0
485,27.4881,22.55,375,entity_1,vehicle,vehicle.audi.a2,entity_1,61.009,331.442,-0.0073,0.0,0.0,0.0286,61.009,-331.442,-0.000499,0.0,0.0,0.0,0.0,0.0,0.0,0.0,0.0,0.0,0.0,5,0,-1,51.0,Driving,False,0.875,0.0,0.0,0.0,False,False,0,,,,NONE,False,Green,30.0
485,27.4881,22.55,374,entity_2,pedestrian,walker.pedestrian.0001,entity_2,63.912,321.6898,1.0558,0.0,0.0,-89.7611,63.912,-321.6898,1.566627,0.0009,0.0,0.0,0.0009,0.0,0.0,0.0,0.0,0.0,0.0,5,0,3,53.9,Sidewalk,False,0.579,,,,,,,0.0042,-1.0,1.02,,,,
485,27.4881,22.55,373,Vehicle 4,vehicle,vehicle.tesla.model3,hero_3,52.3826,330.5545,0.0017,0.0,-0.0002,-0.0709,52.3826,-330.5545,0.001237,0.0,0.0,-0.0,0.0,-0.0,-0.0,-0.0,-0.0,0.0,-0.0,5,0,-1,42.37,Driving,False,-0.008,0.525,-0.006,0.3,False,False,1,,,,NONE,False,Green,30.0
485,27.4881,22.55,372,Vehicle 3,vehicle,vehicle.tesla.model3,hero_2,43.1188,330.5233,0.0017,0.0,-0.0,0.1748,43.1188,-330.5233,-0.003051,-0.0,0.0,-0.0,0.0,-0.0,0.0,-0.0,0.0,-0.0,-0.0,5,0,-1,33.11,Driving,False,-0.034,0.525,-0.0,0.3,False,False,1,,,,NONE,False,Green,60.0
485,27.4881,22.55,371,Vehicle 2,vehicle,vehicle.tesla.model3,hero_1,10.9441,326.5366,0.0014,-0.0093,-0.0127,-179.5603,10.9441,-326.5366,3.133918,-0.0,0.0,0.0,0.0,-0.0,-0.0,0.0,0.0,-0.0,0.0,5,0,1,0.93,Driving,False,0.004,0.0,-0.015,0.7,False,False,1,,,,NONE,False,Green,30.0
485,27.4881,22.55,370,Vehicle 1,vehicle,vehicle.tesla.model3,hero_0,33.1259,330.5405,0.0017,0.0,-0.0001,0.3215,33.1259,-330.5405,-0.005611,-0.0,0.0,-0.0,0.0,-0.0,0.0,-0.0,-0.0,-0.0,-0.0,5,0,-1,23.12,Driving,False,-0.012,0.525,0.013,0.3,False,False,1,,,,NONE,False,Green,60.0
486,27.5381,22.6,375,entity_1,vehicle,vehicle.audi.a2,entity_1,61.009,331.442,-0.0073,0.0,0.0,0.0286,61.009,-331.442,-0.000499,0.0,0.0,0.0,0.0,0.0,0.0,0.0,0.0,0.0,0.0,5,0,-1,51.0,Driving,False,0.875,0.0,0.0,0.0,False,False,0,,,,NONE,False,Green,30.0
486,27.5381,22.6,374,entity_2,pedestrian,walker.pedestrian.0001,entity_2,63.9121,321.6898,1.0558,0.0,0.0,-89.7611,63.9121,-321.6898,1.566627,0.0009,0.0,0.0,0.0009,0.0,0.0,0.0,0.0,0.0,0.0,5,0,3,53.9,Sidewalk,False,0.579,,,,,,,0.0042,-1.0,1.02,,,,
486,27.5381,22.6,373,Vehicle 4,vehicle,vehicle.tesla.model3,hero_3,52.3826,330.5545,0.0017,0.0,-0.0002,-0.0709,52.3826,-330.5545,0.001237,-0.0,-0.0,0.0,0.0,-0.0,-0.0,0.0,0.0,-0.0,-0.0,5,0,-1,42.37,Driving,False,-0.008,0.525,-0.006,0.3,False,False,1,,,,NONE,False,Green,30.0
486,27.5381,22.6,372,Vehicle 3,vehicle,vehicle.tesla.model3,hero_2,43.1188,330.5233,0.0017,0.0,-0.0,0.1748,43.1188,-330.5233,-0.003051,-0.0,-0.0,-0.0,0.0,0.0,-0.0,-0.0,0.0,-0.0,0.0,5,0,-1,33.11,Driving,False,-0.034,0.525,-0.0,0.3,False,False,1,,,,NONE,False,Green,60.0
486,27.5381,22.6,371,Vehicle 2,vehicle,vehicle.tesla.model3,hero_1,10.9441,326.5366,0.0014,-0.0093,-0.0127,-179.5603,10.9441,-326.5366,3.133918,-0.0,0.0,-0.0,0.0,-0.0,0.0,-0.0,0.0,-0.0,0.0,5,0,1,0.93,Driving,False,0.004,0.0,-0.015,0.7,False,False,1,,,,NONE,False,Green,30.0
486,27.5381,22.6,370,Vehicle 1,vehicle,vehicle.tesla.model3,hero_0,33.1259,330.5405,0.0017,0.0,-0.0001,0.3215,33.1259,-330.5405,-0.005611,-0.0,-0.0,-0.0,0.0,-0.0,-0.0,-0.0,-0.0,-0.0,-0.0,5,0,-1,23.12,Driving,False,-0.012,0.525,0.013,0.3,False,False,1,,,,NONE,False,Green,60.0
487,27.5881,22.65,375,entity_1,vehicle,vehicle.audi.a2,entity_1,61.009,331.442,-0.0073,0.0,0.0,0.0286,61.009,-331.442,-0.000499,0.0,0.0,0.0,0.0,0.0,0.0,0.0,0.0,0.0,0.0,5,0,-1,51.0,Driving,False,0.875,0.0,0.0,0.0,False,False,0,,,,NONE,False,Green,30.0
487,27.5881,22.65,374,entity_2,pedestrian,walker.pedestrian.0001,entity_2,63.9121,321.6898,1.0558,0.0,0.0,-89.7611,63.9121,-321.6898,1.566627,0.0009,0.0,0.0,0.0009,0.0,0.0,0.0,0.0,0.0,0.0,5,0,3,53.9,Sidewalk,False,0.579,,,,,,,0.0042,-1.0,1.02,,,,
487,27.5881,22.65,373,Vehicle 4,vehicle,vehicle.tesla.model3,hero_3,52.3826,330.5545,0.0017,0.0,-0.0002,-0.0709,52.3826,-330.5545,0.001237,-0.0,0.0,-0.0,0.0,0.0,0.0,-0.0,-0.0,-0.0,-0.0,5,0,-1,42.37,Driving,False,-0.008,0.525,-0.006,0.3,False,False,1,,,,NONE,False,Green,30.0
487,27.5881,22.65,372,Vehicle 3,vehicle,vehicle.tesla.model3,hero_2,43.1188,330.5233,0.0017,0.0,-0.0,0.1748,43.1188,-330.5233,-0.003051,-0.0,0.0,-0.0,0.0,0.0,0.0,-0.0,-0.0,-0.0,-0.0,5,0,-1,33.11,Driving,False,-0.034,0.525,0.001,0.3,False,False,1,,,,NONE,False,Green,60.0
487,27.5881,22.65,371,Vehicle 2,vehicle,vehicle.tesla.model3,hero_1,10.9441,326.5366,0.0014,-0.0093,-0.0127,-179.5603,10.9441,-326.5366,3.133918,-0.0,0.0,-0.0,0.0,-0.0,0.0,-0.0,0.0,-0.0,0.0,5,0,1,0.93,Driving,False,0.004,0.0,-0.013,0.7,False,False,1,,,,NONE,False,Green,30.0
487,27.5881,22.65,370,Vehicle 1,vehicle,vehicle.tesla.model3,hero_0,33.1259,330.5405,0.0017,0.0,-0.0001,0.3215,33.1259,-330.5405,-0.005611,-0.0,0.0,-0.0,0.0,-0.0,0.0,-0.0,-0.0,-0.0,-0.0,5,0,-1,23.12,Driving,False,-0.012,0.525,0.014,0.3,False,False,1,,,,NONE,False,Green,60.0
488,27.6381,22.7,375,entity_1,vehicle,vehicle.audi.a2,entity_1,61.009,331.442,-0.0073,0.0,0.0,0.0286,61.009,-331.442,-0.000499,0.0,0.0,0.0,0.0,0.0,0.0,0.0,0.0,0.0,0.0,5,0,-1,51.0,Driving,False,0.875,0.0,0.0,0.0,False,False,0,,,,NONE,False,Green,30.0
488,27.6381,22.7,374,entity_2,pedestrian,walker.pedestrian.0001,entity_2,63.9122,321.6898,1.0558,0.0,0.0,-89.7611,63.9122,-321.6898,1.566627,0.0009,0.0,0.0,0.0009,0.0,0.0,0.0,0.0,0.0,0.0,5,0,3,53.9,Sidewalk,False,0.579,,,,,,,0.0042,-1.0,1.02,,,,
488,27.6381,22.7,373,Vehicle 4,vehicle,vehicle.tesla.model3,hero_3,52.3826,330.5545,0.0017,0.0,-0.0002,-0.0709,52.3826,-330.5545,0.001237,0.0,0.0,-0.0,0.0,0.0,-0.0,-0.0,-0.0,0.0,-0.0,5,0,-1,42.37,Driving,False,-0.008,0.525,-0.006,0.3,False,False,1,,,,NONE,False,Green,30.0
488,27.6381,22.7,372,Vehicle 3,vehicle,vehicle.tesla.model3,hero_2,43.1188,330.5233,0.0017,0.0,-0.0,0.1748,43.1188,-330.5233,-0.003051,0.0,0.0,0.0,0.0,0.0,-0.0,0.0,0.0,0.0,0.0,5,0,-1,33.11,Driving,False,-0.034,0.525,0.001,0.3,False,False,1,,,,NONE,False,Green,60.0
488,27.6381,22.7,371,Vehicle 2,vehicle,vehicle.tesla.model3,hero_1,10.9441,326.5366,0.0014,-0.0093,-0.0127,-179.5603,10.9441,-326.5366,3.133918,-0.0,0.0,-0.0,0.0,0.0,0.0,-0.0,0.0,-0.0,0.0,5,0,1,0.93,Driving,False,0.004,0.0,-0.013,0.7,False,False,1,,,,NONE,False,Green,30.0
488,27.6381,22.7,370,Vehicle 1,vehicle,vehicle.tesla.model3,hero_0,33.1259,330.5405,0.0017,0.0,-0.0001,0.3215,33.1259,-330.5405,-0.005611,0.0,-0.0,-0.0,0.0,0.0,-0.0,-0.0,-0.0,0.0,-0.0,5,0,-1,23.12,Driving,False,-0.012,0.525,0.014,0.3,False,False,1,,,,NONE,False,Green,60.0
489,27.6881,22.75,375,entity_1,vehicle,vehicle.audi.a2,entity_1,61.009,331.442,-0.0073,0.0,0.0,0.0286,61.009,-331.442,-0.000499,0.0,0.0,0.0,0.0,0.0,0.0,0.0,0.0,0.0,0.0,5,0,-1,51.0,Driving,False,0.875,0.0,0.0,0.0,False,False,0,,,,NONE,False,Green,30.0
489,27.6881,22.75,374,entity_2,pedestrian,walker.pedestrian.0001,entity_2,63.9122,321.6898,1.0558,0.0,0.0,-89.7611,63.9122,-321.6898,1.566627,0.0009,0.0,0.0,0.0009,0.0,0.0,0.0,0.0,0.0,0.0,5,0,3,53.9,Sidewalk,False,0.579,,,,,,,0.0042,-1.0,1.02,,,,
489,27.6881,22.75,373,Vehicle 4,vehicle,vehicle.tesla.model3,hero_3,52.3826,330.5545,0.0017,0.0,-0.0002,-0.0709,52.3826,-330.5545,0.001237,0.0,0.0,-0.0,0.0,0.0,0.0,-0.0,-0.0,0.0,-0.0,5,0,-1,42.37,Driving,False,-0.008,0.525,-0.006,0.3,False,False,1,,,,NONE,False,Green,30.0
489,27.6881,22.75,372,Vehicle 3,vehicle,vehicle.tesla.model3,hero_2,43.1188,330.5233,0.0017,0.0,-0.0,0.1748,43.1188,-330.5233,-0.003051,0.0,0.0,-0.0,0.0,0.0,0.0,-0.0,-0.0,0.0,0.0,5,0,-1,33.11,Driving,False,-0.034,0.525,0.001,0.3,False,False,1,,,,NONE,False,Green,60.0
489,27.6881,22.75,371,Vehicle 2,vehicle,vehicle.tesla.model3,hero_1,10.9441,326.5366,0.0014,-0.0093,-0.0127,-179.5603,10.9441,-326.5366,3.133918,-0.0,0.0,-0.0,0.0,0.0,0.0,-0.0,-0.0,-0.0,0.0,5,0,1,0.93,Driving,False,0.004,0.0,-0.013,0.7,False,False,1,,,,NONE,False,Green,30.0
489,27.6881,22.75,370,Vehicle 1,vehicle,vehicle.tesla.model3,hero_0,33.1259,330.5405,0.0017,0.0,-0.0001,0.3215,33.1259,-330.5405,-0.005611,-0.0,-0.0,-0.0,0.0,-0.0,0.0,-0.0,0.0,-0.0,-0.0,5,0,-1,23.12,Driving,False,-0.012,0.525,0.014,0.3,False,False,1,,,,NONE,False,Green,60.0
490,27.7381,22.8,375,entity_1,vehicle,vehicle.audi.a2,entity_1,61.009,331.442,-0.0073,0.0,0.0,0.0286,61.009,-331.442,-0.000499,0.0,0.0,0.0,0.0,0.0,0.0,0.0,0.0,0.0,0.0,5,0,-1,51.0,Driving,False,0.875,0.0,0.0,0.0,False,False,0,,,,NONE,False,Green,30.0
490,27.7381,22.8,374,entity_2,pedestrian,walker.pedestrian.0001,entity_2,63.9123,321.6898,1.0558,0.0,0.0,-89.7611,63.9123,-321.6898,1.566627,0.0009,0.0,0.0,0.0009,0.0,0.0,0.0,0.0,0.0,0.0,5,0,3,53.9,Sidewalk,False,0.579,,,,,,,0.0042,-1.0,1.02,,,,
490,27.7381,22.8,373,Vehicle 4,vehicle,vehicle.tesla.model3,hero_3,52.3826,330.5545,0.0017,0.0,-0.0002,-0.0709,52.3826,-330.5545,0.001237,0.0,0.0,-0.0,0.0,0.0,-0.0,-0.0,-0.0,0.0,-0.0,5,0,-1,42.37,Driving,False,-0.008,0.525,-0.006,0.3,False,False,1,,,,NONE,False,Green,30.0
490,27.7381,22.8,372,Vehicle 3,vehicle,vehicle.tesla.model3,hero_2,43.1188,330.5233,0.0017,0.0,-0.0,0.1748,43.1188,-330.5233,-0.003051,-0.0,0.0,-0.0,0.0,-0.0,-0.0,-0.0,0.0,-0.0,-0.0,5,0,-1,33.11,Driving,False,-0.034,0.525,0.001,0.3,False,False,1,,,,NONE,False,Green,60.0
490,27.7381,22.8,371,Vehicle 2,vehicle,vehicle.tesla.model3,hero_1,10.9441,326.5366,0.0014,-0.0093,-0.0127,-179.5603,10.9441,-326.5366,3.133918,-0.0,0.0,-0.0,0.0,0.0,-0.0,0.0,0.0,0.0,0.0,5,0,1,0.93,Driving,False,0.004,0.0,-0.013,0.7,False,False,1,,,,NONE,False,Green,30.0
490,27.7381,22.8,370,Vehicle 1,vehicle,vehicle.tesla.model3,hero_0,33.1259,330.5405,0.0017,0.0,-0.0001,0.3215,33.1259,-330.5405,-0.005611,0.0,0.0,-0.0,0.0,0.0,0.0,0.0,-0.0,-0.0,-0.0,5,0,-1,23.12,Driving,False,-0.012,0.525,0.014,0.3,False,False,1,,,,NONE,False,Green,60.0
491,27.7881,22.85,375,entity_1,vehicle,vehicle.audi.a2,entity_1,61.009,331.442,-0.0073,0.0,0.0,0.0286,61.009,-331.442,-0.000499,0.0,0.0,0.0,0.0,0.0,0.0,0.0,0.0,0.0,0.0,5,0,-1,51.0,Driving,False,0.875,0.0,0.0,0.0,False,False,0,,,,NONE,False,Green,30.0
491,27.7881,22.85,374,entity_2,pedestrian,walker.pedestrian.0001,entity_2,63.9123,321.6898,1.0558,0.0,0.0,-89.7611,63.9123,-321.6898,1.566627,0.0009,0.0,0.0,0.0009,0.0,0.0,0.0,0.0,0.0,0.0,5,0,3,53.9,Sidewalk,False,0.579,,,,,,,0.0042,-1.0,1.02,,,,
491,27.7881,22.85,373,Vehicle 4,vehicle,vehicle.tesla.model3,hero_3,52.3826,330.5545,0.0017,0.0,-0.0002,-0.0709,52.3826,-330.5545,0.001237,0.0,0.0,-0.0,0.0,0.0,0.0,-0.0,-0.0,0.0,-0.0,5,0,-1,42.37,Driving,False,-0.008,0.525,-0.006,0.3,False,False,1,,,,NONE,False,Green,30.0
491,27.7881,22.85,372,Vehicle 3,vehicle,vehicle.tesla.model3,hero_2,43.1188,330.5233,0.0017,0.0,-0.0,0.1748,43.1188,-330.5233,-0.003051,0.0,-0.0,-0.0,0.0,0.0,-0.0,-0.0,0.0,0.0,0.0,5,0,-1,33.11,Driving,False,-0.034,0.525,0.001,0.3,False,False,1,,,,NONE,False,Green,60.0
491,27.7881,22.85,371,Vehicle 2,vehicle,vehicle.tesla.model3,hero_1,10.9441,326.5366,0.0014,-0.0093,-0.0127,-179.5603,10.9441,-326.5366,3.133918,-0.0,0.0,-0.0,0.0,-0.0,0.0,-0.0,0.0,0.0,0.0,5,0,1,0.93,Driving,False,0.004,0.0,-0.015,0.7,False,False,1,,,,NONE,False,Green,30.0
491,27.7881,22.85,370,Vehicle 1,vehicle,vehicle.tesla.model3,hero_0,33.1259,330.5405,0.0017,0.0,-0.0001,0.3215,33.1259,-330.5405,-0.005611,-0.0,-0.0,-0.0,0.0,-0.0,-0.0,-0.0,-0.0,-0.0,-0.0,5,0,-1,23.12,Driving,False,-0.012,0.525,0.011,0.3,False,False,1,,,,NONE,False,Green,60.0
492,27.8381,22.9,375,entity_1,vehicle,vehicle.audi.a2,entity_1,61.009,331.442,-0.0073,0.0,0.0,0.0286,61.009,-331.442,-0.000499,0.0,0.0,0.0,0.0,0.0,0.0,0.0,0.0,0.0,0.0,5,0,-1,51.0,Driving,False,0.875,0.0,0.0,0.0,False,False,0,,,,NONE,False,Green,30.0
492,27.8381,22.9,374,entity_2,pedestrian,walker.pedestrian.0001,entity_2,63.9124,321.6898,1.0558,0.0,0.0,-89.7611,63.9124,-321.6898,1.566627,0.0009,0.0,0.0,0.0009,0.0,0.0,0.0,0.0,0.0,0.0,5,0,3,53.9,Sidewalk,False,0.579,,,,,,,0.0042,-1.0,1.02,,,,
492,27.8381,22.9,373,Vehicle 4,vehicle,vehicle.tesla.model3,hero_3,52.3826,330.5545,0.0017,0.0,-0.0002,-0.0709,52.3826,-330.5545,0.001237,0.0,0.0,-0.0,0.0,0.0,-0.0,-0.0,-0.0,0.0,-0.0,5,0,-1,42.37,Driving,False,-0.008,0.525,-0.006,0.3,False,False,1,,,,NONE,False,Green,30.0
492,27.8381,22.9,372,Vehicle 3,vehicle,vehicle.tesla.model3,hero_2,43.1188,330.5233,0.0017,0.0,-0.0,0.1748,43.1188,-330.5233,-0.003051,-0.0,-0.0,-0.0,0.0,-0.0,-0.0,-0.0,0.0,-0.0,-0.0,5,0,-1,33.11,Driving,False,-0.034,0.525,0.001,0.3,False,False,1,,,,NONE,False,Green,60.0
492,27.8381,22.9,371,Vehicle 2,vehicle,vehicle.tesla.model3,hero_1,10.9441,326.5366,0.0014,-0.0093,-0.0127,-179.5603,10.9441,-326.5366,3.133918,-0.0,0.0,-0.0,0.0,0.0,0.0,-0.0,-0.0,0.0,0.0,5,0,1,0.93,Driving,False,0.004,0.0,-0.015,0.7,False,False,1,,,,NONE,False,Green,30.0
492,27.8381,22.9,370,Vehicle 1,vehicle,vehicle.tesla.model3,hero_0,33.1259,330.5405,0.0017,0.0,-0.0001,0.3215,33.1259,-330.5405,-0.005611,-0.0,0.0,-0.0,0.0,-0.0,0.0,-0.0,-0.0,-0.0,-0.0,5,0,-1,23.12,Driving,False,-0.012,0.525,0.011,0.3,False,False,1,,,,NONE,False,Green,60.0
493,27.8881,22.95,375,entity_1,vehicle,vehicle.audi.a2,entity_1,61.009,331.442,-0.0073,0.0,0.0,0.0286,61.009,-331.442,-0.000499,0.0,0.0,0.0,0.0,0.0,0.0,0.0,0.0,0.0,0.0,5,0,-1,51.0,Driving,False,0.875,0.0,0.0,0.0,False,False,0,,,,NONE,False,Green,30.0
493,27.8881,22.95,374,entity_2,pedestrian,walker.pedestrian.0001,entity_2,63.9124,321.6898,1.0558,0.0,0.0,-89.7611,63.9124,-321.6898,1.566627,0.0009,0.0,0.0,0.0009,0.0,0.0,0.0,0.0,0.0,0.0,5,0,3,53.9,Sidewalk,False,0.579,,,,,,,0.0042,-1.0,1.02,,,,
493,27.8881,22.95,373,Vehicle 4,vehicle,vehicle.tesla.model3,hero_3,52.3826,330.5545,0.0017,0.0,-0.0002,-0.0709,52.3826,-330.5545,0.001237,0.0,0.0,-0.0,0.0,0.0,0.0,-0.0,-0.0,0.0,-0.0,5,0,-1,42.37,Driving,False,-0.008,0.525,-0.006,0.3,False,False,1,,,,NONE,False,Green,30.0
493,27.8881,22.95,372,Vehicle 3,vehicle,vehicle.tesla.model3,hero_2,43.1188,330.5233,0.0017,0.0,-0.0,0.1748,43.1188,-330.5233,-0.003051,0.0,-0.0,-0.0,0.0,0.0,0.0,-0.0,0.0,0.0,0.0,5,0,-1,33.11,Driving,False,-0.034,0.525,0.001,0.3,False,False,1,,,,NONE,False,Green,60.0
493,27.8881,22.95,371,Vehicle 2,vehicle,vehicle.tesla.model3,hero_1,10.9441,326.5366,0.0014,-0.0093,-0.0127,-179.5603,10.9441,-326.5366,3.133918,-0.0,0.0,-0.0,0.0,0.0,0.0,-0.0,-0.0,0.0,0.0,5,0,1,0.93,Driving,False,0.004,0.0,-0.015,0.7,False,False,1,,,,NONE,False,Green,30.0
493,27.8881,22.95,370,Vehicle 1,vehicle,vehicle.tesla.model3,hero_0,33.1259,330.5405,0.0017,0.0,-0.0001,0.3215,33.1259,-330.5405,-0.005611,0.0,0.0,-0.0,0.0,0.0,0.0,0.0,-0.0,0.0,0.0,5,0,-1,23.12,Driving,False,-0.012,0.525,0.011,0.3,False,False,1,,,,NONE,False,Green,60.0
494,27.9381,23.0,375,entity_1,vehicle,vehicle.audi.a2,entity_1,61.009,331.442,-0.0073,0.0,0.0,0.0286,61.009,-331.442,-0.000499,0.0,0.0,0.0,0.0,0.0,0.0,0.0,0.0,0.0,0.0,5,0,-1,51.0,Driving,False,0.875,0.0,0.0,0.0,False,False,0,,,,NONE,False,Green,30.0
494,27.9381,23.0,374,entity_2,pedestrian,walker.pedestrian.0001,entity_2,63.9124,321.6898,1.0558,0.0,0.0,-89.7611,63.9124,-321.6898,1.566627,0.0009,0.0,0.0,0.0009,0.0,0.0,0.0,0.0,0.0,0.0,5,0,3,53.9,Sidewalk,False,0.579,,,,,,,0.0042,-1.0,1.02,,,,
494,27.9381,23.0,373,Vehicle 4,vehicle,vehicle.tesla.model3,hero_3,52.3826,330.5545,0.0017,0.0,-0.0002,-0.0709,52.3826,-330.5545,0.001237,0.0,0.0,-0.0,0.0,0.0,-0.0,-0.0,-0.0,0.0,-0.0,5,0,-1,42.37,Driving,False,-0.008,0.525,-0.006,0.3,False,False,1,,,,NONE,False,Green,30.0
494,27.9381,23.0,372,Vehicle 3,vehicle,vehicle.tesla.model3,hero_2,43.1188,330.5233,0.0017,0.0,-0.0,0.1748,43.1188,-330.5233,-0.003051,0.0,-0.0,-0.0,0.0,0.0,-0.0,-0.0,-0.0,0.0,-0.0,5,0,-1,33.11,Driving,False,-0.034,0.525,0.001,0.3,False,False,1,,,,NONE,False,Green,60.0
494,27.9381,23.0,371,Vehicle 2,vehicle,vehicle.tesla.model3,hero_1,10.9441,326.5366,0.0014,-0.0093,-0.0127,-179.5603,10.9441,-326.5366,3.133918,-0.0,0.0,-0.0,0.0,0.0,0.0,-0.0,-0.0,0.0,0.0,5,0,1,0.93,Driving,False,0.004,0.0,-0.015,0.7,False,False,1,,,,NONE,False,Green,30.0
494,27.9381,23.0,370,Vehicle 1,vehicle,vehicle.tesla.model3,hero_0,33.1259,330.5405,0.0017,0.0,-0.0001,0.3215,33.1259,-330.5405,-0.005611,-0.0,-0.0,-0.0,0.0,-0.0,-0.0,-0.0,0.0,-0.0,-0.0,5,0,-1,23.12,Driving,False,-0.012,0.525,0.011,0.3,False,False,1,,,,NONE,False,Green,60.0
495,27.9881,23.05,375,entity_1,vehicle,vehicle.audi.a2,entity_1,61.009,331.442,-0.0073,0.0,0.0,0.0286,61.009,-331.442,-0.000499,0.0,0.0,0.0,0.0,0.0,0.0,0.0,0.0,0.0,0.0,5,0,-1,51.0,Driving,False,0.875,0.0,0.0,0.0,False,False,0,,,,NONE,False,Green,30.0
495,27.9881,23.05,374,entity_2,pedestrian,walker.pedestrian.0001,entity_2,63.9125,321.6898,1.0558,0.0,0.0,-89.7611,63.9125,-321.6898,1.566627,0.0009,0.0,0.0,0.0009,0.0,0.0,0.0,0.0,0.0,0.0,5,0,3,53.9,Sidewalk,False,0.579,,,,,,,0.0042,-1.0,1.02,,,,
495,27.9881,23.05,373,Vehicle 4,vehicle,vehicle.tesla.model3,hero_3,52.3826,330.5545,0.0017,0.0,-0.0002,-0.0709,52.3826,-330.5545,0.001237,0.0,0.0,0.0,0.0,-0.0,-0.0,0.0,0.0,0.0,0.0,5,0,-1,42.37,Driving,False,-0.008,0.525,-0.007,0.3,False,False,1,,,,NONE,False,Green,30.0
495,27.9881,23.05,372,Vehicle 3,vehicle,vehicle.tesla.model3,hero_2,43.1188,330.5233,0.0017,0.0,-0.0,0.1748,43.1188,-330.5233,-0.003051,-0.0,-0.0,-0.0,0.0,-0.0,0.0,-0.0,0.0,-0.0,0.0,5,0,-1,33.11,Driving,False,-0.034,0.525,0.001,0.3,False,False,1,,,,NONE,False,Green,60.0
495,27.9881,23.05,371,Vehicle 2,vehicle,vehicle.tesla.model3,hero_1,10.9441,326.5366,0.0014,-0.0093,-0.0127,-179.5603,10.9441,-326.5366,3.133918,-0.0,0.0,-0.0,0.0,-0.0,0.0,-0.0,-0.0,0.0,0.0,5,0,1,0.93,Driving,False,0.004,0.0,-0.013,0.7,False,False,1,,,,NONE,False,Green,30.0
495,27.9881,23.05,370,Vehicle 1,vehicle,vehicle.tesla.model3,hero_0,33.1259,330.5405,0.0017,0.0,-0.0001,0.3215,33.1259,-330.5405,-0.005611,-0.0,0.0,-0.0,0.0,0.0,0.0,-0.0,-0.0,-0.0,-0.0,5,0,-1,23.12,Driving,False,-0.012,0.525,0.014,0.3,False,False,1,,,,NONE,False,Green,60.0
496,28.0381,23.1,375,entity_1,vehicle,vehicle.audi.a2,entity_1,61.009,331.442,-0.0073,0.0,0.0,0.0286,61.009,-331.442,-0.000499,0.0,0.0,0.0,0.0,0.0,0.0,0.0,0.0,0.0,0.0,5,0,-1,51.0,Driving,False,0.875,0.0,0.0,0.0,False,False,0,,,,NONE,False,Green,30.0
496,28.0381,23.1,374,entity_2,pedestrian,walker.pedestrian.0001,entity_2,63.9125,321.6898,1.0558,0.0,0.0,-89.7611,63.9125,-321.6898,1.566627,0.0009,0.0,0.0,0.0009,0.0,0.0,0.0,0.0,0.0,0.0,5,0,3,53.9,Sidewalk,False,0.579,,,,,,,0.0042,-1.0,1.02,,,,
496,28.0381,23.1,373,Vehicle 4,vehicle,vehicle.tesla.model3,hero_3,52.3826,330.5545,0.0017,0.0,-0.0002,-0.0709,52.3826,-330.5545,0.001237,0.0,0.0,-0.0,0.0,0.0,0.0,-0.0,-0.0,0.0,0.0,5,0,-1,42.37,Driving,False,-0.008,0.525,-0.007,0.3,False,False,1,,,,NONE,False,Green,30.0
496,28.0381,23.1,372,Vehicle 3,vehicle,vehicle.tesla.model3,hero_2,43.1188,330.5233,0.0017,0.0,-0.0,0.1748,43.1188,-330.5233,-0.003051,0.0,0.0,-0.0,0.0,0.0,0.0,-0.0,-0.0,0.0,0.0,5,0,-1,33.11,Driving,False,-0.034,0.525,0.001,0.3,False,False,1,,,,NONE,False,Green,60.0
496,28.0381,23.1,371,Vehicle 2,vehicle,vehicle.tesla.model3,hero_1,10.9441,326.5366,0.0014,-0.0093,-0.0127,-179.5603,10.9441,-326.5366,3.133918,-0.0,0.0,-0.0,0.0,-0.0,-0.0,0.0,-0.0,0.0,0.0,5,0,1,0.93,Driving,False,0.004,0.0,-0.013,0.7,False,False,1,,,,NONE,False,Green,30.0
496,28.0381,23.1,370,Vehicle 1,vehicle,vehicle.tesla.model3,hero_0,33.1259,330.5405,0.0017,0.0,-0.0001,0.3215,33.1259,-330.5405,-0.005611,0.0,-0.0,-0.0,0.0,0.0,-0.0,-0.0,-0.0,0.0,-0.0,5,0,-1,23.12,Driving,False,-0.012,0.525,0.014,0.3,False,False,1,,,,NONE,False,Green,60.0
497,28.0881,23.15,375,entity_1,vehicle,vehicle.audi.a2,entity_1,61.009,331.442,-0.0073,0.0,0.0,0.0286,61.009,-331.442,-0.000499,0.0,0.0,0.0,0.0,0.0,0.0,0.0,0.0,0.0,0.0,5,0,-1,51.0,Driving,False,0.875,0.0,0.0,0.0,False,False,0,,,,NONE,False,Green,30.0
497,28.0881,23.15,374,entity_2,pedestrian,walker.pedestrian.0001,entity_2,63.9126,321.6898,1.0558,0.0,0.0,-89.7611,63.9126,-321.6898,1.566627,0.0009,0.0,0.0,0.0009,0.0,0.0,0.0,0.0,0.0,0.0,5,0,3,53.9,Sidewalk,False,0.579,,,,,,,0.0042,-1.0,1.02,,,,
497,28.0881,23.15,373,Vehicle 4,vehicle,vehicle.tesla.model3,hero_3,52.3826,330.5545,0.0017,0.0,-0.0002,-0.0709,52.3826,-330.5545,0.001237,0.0,0.0,-0.0,0.0,0.0,0.0,-0.0,-0.0,0.0,-0.0,5,0,-1,42.37,Driving,False,-0.008,0.525,-0.007,0.3,False,False,1,,,,NONE,False,Green,30.0
497,28.0881,23.15,372,Vehicle 3,vehicle,vehicle.tesla.model3,hero_2,43.1188,330.5233,0.0017,0.0,-0.0,0.1748,43.1188,-330.5233,-0.003051,0.0,0.0,-0.0,0.0,0.0,0.0,0.0,-0.0,0.0,0.0,5,0,-1,33.11,Driving,False,-0.034,0.525,0.001,0.3,False,False,1,,,,NONE,False,Green,60.0
497,28.0881,23.15,371,Vehicle 2,vehicle,vehicle.tesla.model3,hero_1,10.9441,326.5366,0.0014,-0.0093,-0.0127,-179.5603,10.9441,-326.5366,3.133918,-0.0,0.0,-0.0,0.0,-0.0,-0.0,0.0,-0.0,0.0,0.0,5,0,1,0.93,Driving,False,0.004,0.0,-0.013,0.7,False,False,1,,,,NONE,False,Green,30.0
497,28.0881,23.15,370,Vehicle 1,vehicle,vehicle.tesla.model3,hero_0,33.1259,330.5405,0.0017,0.0,-0.0001,0.3215,33.1259,-330.5405,-0.005611,-0.0,-0.0,-0.0,0.0,-0.0,-0.0,-0.0,0.0,-0.0,-0.0,5,0,-1,23.12,Driving,False,-0.012,0.525,0.014,0.3,False,False,1,,,,NONE,False,Green,60.0
498,28.1381,23.2,375,entity_1,vehicle,vehicle.audi.a2,entity_1,61.009,331.442,-0.0073,0.0,0.0,0.0286,61.009,-331.442,-0.000499,0.0,0.0,0.0,0.0,0.0,0.0,0.0,0.0,0.0,0.0,5,0,-1,51.0,Driving,False,0.875,0.0,0.0,0.0,False,False,0,,,,NONE,False,Green,30.0
498,28.1381,23.2,374,entity_2,pedestrian,walker.pedestrian.0001,entity_2,63.9126,321.6898,1.0558,0.0,0.0,-89.7611,63.9126,-321.6898,1.566627,0.0009,0.0,0.0,0.0009,0.0,0.0,0.0,0.0,0.0,0.0,5,0,3,53.9,Sidewalk,False,0.579,,,,,,,0.0042,-1.0,1.02,,,,
498,28.1381,23.2,373,Vehicle 4,vehicle,vehicle.tesla.model3,hero_3,52.3826,330.5545,0.0017,0.0,-0.0002,-0.0709,52.3826,-330.5545,0.001237,0.0,0.0,-0.0,0.0,0.0,0.0,-0.0,-0.0,0.0,-0.0,5,0,-1,42.37,Driving,False,-0.008,0.525,-0.007,0.3,False,False,1,,,,NONE,False,Green,30.0
498,28.1381,23.2,372,Vehicle 3,vehicle,vehicle.tesla.model3,hero_2,43.1188,330.5233,0.0017,0.0,-0.0,0.1748,43.1188,-330.5233,-0.003051,-0.0,-0.0,-0.0,0.0,-0.0,-0.0,-0.0,0.0,-0.0,-0.0,5,0,-1,33.11,Driving,False,-0.034,0.525,0.001,0.3,False,False,1,,,,NONE,False,Green,60.0
498,28.1381,23.2,371,Vehicle 2,vehicle,vehicle.tesla.model3,hero_1,10.9441,326.5366,0.0014,-0.0093,-0.0127,-179.5603,10.9441,-326.5366,3.133918,-0.0,0.0,-0.0,0.0,-0.0,-0.0,0.0,-0.0,-0.0,0.0,5,0,1,0.93,Driving,False,0.004,0.0,-0.013,0.7,False,False,1,,,,NONE,False,Green,30.0
498,28.1381,23.2,370,Vehicle 1,vehicle,vehicle.tesla.model3,hero_0,33.1259,330.5405,0.0017,0.0,-0.0001,0.3215,33.1259,-330.5405,-0.005611,-0.0,0.0,-0.0,0.0,0.0,0.0,-0.0,-0.0,-0.0,-0.0,5,0,-1,23.12,Driving,False,-0.012,0.525,0.014,0.3,False,False,1,,,,NONE,False,Green,60.0
499,28.1881,23.25,375,entity_1,vehicle,vehicle.audi.a2,entity_1,61.009,331.442,-0.0073,0.0,0.0,0.0286,61.009,-331.442,-0.000499,0.0,0.0,0.0,0.0,0.0,0.0,0.0,0.0,0.0,0.0,5,0,-1,51.0,Driving,False,0.875,0.0,0.0,0.0,False,False,0,,,,NONE,False,Green,30.0
499,28.1881,23.25,374,entity_2,pedestrian,walker.pedestrian.0001,entity_2,63.9127,321.6898,1.0558,0.0,0.0,-89.7611,63.9127,-321.6898,1.566627,0.0009,0.0,0.0,0.0009,0.0,0.0,0.0,0.0,0.0,0.0,5,0,3,53.9,Sidewalk,False,0.579,,,,,,,0.0042,-1.0,1.02,,,,
499,28.1881,23.25,373,Vehicle 4,vehicle,vehicle.tesla.model3,hero_3,52.3826,330.5545,0.0017,0.0,-0.0002,-0.0709,52.3826,-330.5545,0.001237,0.0,0.0,-0.0,0.0,-0.0,0.0,-0.0,-0.0,0.0,-0.0,5,0,-1,42.37,Driving,False,-0.008,0.525,-0.006,0.3,False,False,1,,,,NONE,False,Green,30.0
499,28.1881,23.25,372,Vehicle 3,vehicle,vehicle.tesla.model3,hero_2,43.1188,330.5233,0.0017,0.0,-0.0,0.1748,43.1188,-330.5233,-0.003051,0.0,-0.0,-0.0,0.0,0.0,0.0,-0.0,0.0,0.0,0.0,5,0,-1,33.11,Driving,False,-0.034,0.525,0.001,0.3,False,False,1,,,,NONE,False,Green,60.0
499,28.1881,23.25,371,Vehicle 2,vehicle,vehicle.tesla.model3,hero_1,10.9441,326.5366,0.0014,-0.0093,-0.0127,-179.5603,10.9441,-326.5366,3.133918,-0.0,0.0,-0.0,0.0,0.0,-0.0,0.0,0.0,0.0,0.0,5,0,1,0.93,Driving,False,0.004,0.0,-0.015,0.7,False,False,1,,,,NONE,False,Green,30.0
499,28.1881,23.25,370,Vehicle 1,vehicle,vehicle.tesla.model3,hero_0,33.1259,330.5405,0.0017,0.0,-0.0001,0.3215,33.1259,-330.5405,-0.005611,0.0,0.0,-0.0,0.0,0.0,0.0,0.0,-0.0,0.0,0.0,5,0,-1,23.12,Driving,False,-0.012,0.525,0.013,0.3,False,False,1,,,,NONE,False,Green,60.0
500,28.2381,23.3,375,entity_1,vehicle,vehicle.audi.a2,entity_1,61.009,331.442,-0.0073,0.0,0.0,0.0286,61.009,-331.442,-0.000499,0.0,0.0,0.0,0.0,0.0,0.0,0.0,0.0,0.0,0.0,5,0,-1,51.0,Driving,False,0.875,0.0,0.0,0.0,False,False,0,,,,NONE,False,Green,30.0
500,28.2381,23.3,374,entity_2,pedestrian,walker.pedestrian.0001,entity_2,63.9127,321.6898,1.0558,0.0,0.0,-89.7611,63.9127,-321.6898,1.566627,0.0009,0.0,0.0,0.0009,0.0,0.0,0.0,0.0,0.0,0.0,5,0,3,53.9,Sidewalk,False,0.579,,,,,,,0.0042,-1.0,1.02,,,,
500,28.2381,23.3,373,Vehicle 4,vehicle,vehicle.tesla.model3,hero_3,52.3826,330.5545,0.0017,0.0,-0.0002,-0.0709,52.3826,-330.5545,0.001237,0.0,0.0,-0.0,0.0,0.0,-0.0,-0.0,-0.0,0.0,-0.0,5,0,-1,42.37,Driving,False,-0.008,0.525,-0.006,0.3,False,False,1,,,,NONE,False,Green,30.0
500,28.2381,23.3,372,Vehicle 3,vehicle,vehicle.tesla.model3,hero_2,43.1188,330.5233,0.0017,0.0,-0.0,0.1748,43.1188,-330.5233,-0.003051,0.0,-0.0,-0.0,0.0,0.0,0.0,-0.0,0.0,0.0,0.0,5,0,-1,33.11,Driving,False,-0.034,0.525,0.001,0.3,False,False,1,,,,NONE,False,Green,60.0
500,28.2381,23.3,371,Vehicle 2,vehicle,vehicle.tesla.model3,hero_1,10.9441,326.5366,0.0014,-0.0093,-0.0127,-179.5603,10.9441,-326.5366,3.133918,-0.0,0.0,-0.0,0.0,-0.0,0.0,0.0,0.0,-0.0,0.0,5,0,1,0.93,Driving,False,0.004,0.0,-0.015,0.7,False,False,1,,,,NONE,False,Green,30.0
500,28.2381,23.3,370,Vehicle 1,vehicle,vehicle.tesla.model3,hero_0,33.1259,330.5405,0.0017,0.0,-0.0001,0.3215,33.1259,-330.5405,-0.005611,-0.0,-0.0,-0.0,0.0,-0.0,-0.0,-0.0,-0.0,-0.0,-0.0,5,0,-1,23.12,Driving,False,-0.012,0.525,0.013,0.3,False,False,1,,,,NONE,False,Green,60.0
501,28.2881,23.35,375,entity_1,vehicle,vehicle.audi.a2,entity_1,61.009,331.442,-0.0073,0.0,0.0,0.0286,61.009,-331.442,-0.000499,0.0,0.0,0.0,0.0,0.0,0.0,0.0,0.0,0.0,0.0,5,0,-1,51.0,Driving,False,0.875,0.0,0.0,0.0,False,False,0,,,,NONE,False,Green,30.0
501,28.2881,23.35,374,entity_2,pedestrian,walker.pedestrian.0001,entity_2,63.9127,321.6898,1.0558,0.0,0.0,-89.7611,63.9127,-321.6898,1.566627,0.0009,0.0,0.0,0.0009,0.0,0.0,0.0,0.0,0.0,0.0,5,0,3,53.9,Sidewalk,False,0.579,,,,,,,0.0042,-1.0,1.02,,,,
501,28.2881,23.35,373,Vehicle 4,vehicle,vehicle.tesla.model3,hero_3,52.3826,330.5545,0.0017,0.0,-0.0002,-0.0709,52.3826,-330.5545,0.001237,-0.0,-0.0,0.0,0.0,-0.0,-0.0,0.0,0.0,-0.0,-0.0,5,0,-1,42.37,Driving,False,-0.008,0.525,-0.006,0.3,False,False,1,,,,NONE,False,Green,30.0
501,28.2881,23.35,372,Vehicle 3,vehicle,vehicle.tesla.model3,hero_2,43.1188,330.5233,0.0017,0.0,-0.0,0.1748,43.1188,-330.5233,-0.003051,0.0,-0.0,-0.0,0.0,-0.0,0.0,-0.0,0.0,0.0,-0.0,5,0,-1,33.11,Driving,False,-0.034,0.525,0.001,0.3,False,False,1,,,,NONE,False,Green,60.0
501,28.2881,23.35,371,Vehicle 2,vehicle,vehicle.tesla.model3,hero_1,10.9441,326.5366,0.0014,-0.0093,-0.0127,-179.5603,10.9441,-326.5366,3.133918,-0.0,0.0,-0.0,0.0,-0.0,-0.0,0.0,0.0,-0.0,0.0,5,0,1,0.93,Driving,False,0.004,0.0,-0.015,0.7,False,False,1,,,,NONE,False,Green,30.0
501,28.2881,23.35,370,Vehicle 1,vehicle,vehicle.tesla.model3,hero_0,33.1259,330.5405,0.0017,0.0,-0.0001,0.3215,33.1259,-330.5405,-0.005611,-0.0,-0.0,-0.0,0.0,0.0,-0.0,0.0,0.0,-0.0,-0.0,5,0,-1,23.12,Driving,False,-0.012,0.525,0.013,0.3,False,False,1,,,,NONE,False,Green,60.0
502,28.3381,23.4,375,entity_1,vehicle,vehicle.audi.a2,entity_1,61.009,331.442,-0.0073,0.0,0.0,0.0286,61.009,-331.442,-0.000499,0.0,0.0,0.0,0.0,0.0,0.0,0.0,0.0,0.0,0.0,5,0,-1,51.0,Driving,False,0.875,0.0,0.0,0.0,False,False,0,,,,NONE,False,Green,30.0
502,28.3381,23.4,374,entity_2,pedestrian,walker.pedestrian.0001,entity_2,63.9128,321.6898,1.0558,0.0,0.0,-89.7611,63.9128,-321.6898,1.566627,0.0009,0.0,0.0,0.0009,0.0,0.0,0.0,0.0,0.0,0.0,5,0,3,53.9,Sidewalk,False,0.579,,,,,,,0.0042,-1.0,1.02,,,,
502,28.3381,23.4,373,Vehicle 4,vehicle,vehicle.tesla.model3,hero_3,52.3826,330.5545,0.0017,0.0,-0.0002,-0.0709,52.3826,-330.5545,0.001237,0.0,0.0,-0.0,0.0,0.0,0.0,-0.0,-0.0,0.0,-0.0,5,0,-1,42.37,Driving,False,-0.008,0.525,-0.006,0.3,False,False,1,,,,NONE,False,Green,30.0
502,28.3381,23.4,372,Vehicle 3,vehicle,vehicle.tesla.model3,hero_2,43.1188,330.5233,0.0017,0.0,-0.0,0.1748,43.1188,-330.5233,-0.003051,0.0,0.0,-0.0,0.0,-0.0,0.0,0.0,0.0,0.0,-0.0,5,0,-1,33.11,Driving,False,-0.034,0.525,0.001,0.3,False,False,1,,,,NONE,False,Green,60.0
502,28.3381,23.4,371,Vehicle 2,vehicle,vehicle.tesla.model3,hero_1,10.9441,326.5366,0.0014,-0.0093,-0.0127,-179.5603,10.9441,-326.5366,3.133918,-0.0,0.0,-0.0,0.0,-0.0,-0.0,0.0,0.0,-0.0,0.0,5,0,1,0.93,Driving,False,0.004,0.0,-0.015,0.7,False,False,1,,,,NONE,False,Green,30.0
502,28.3381,23.4,370,Vehicle 1,vehicle,vehicle.tesla.model3,hero_0,33.1259,330.5405,0.0017,0.0,-0.0001,0.3215,33.1259,-330.5405,-0.005611,0.0,0.0,-0.0,0.0,0.0,0.0,0.0,-0.0,0.0,-0.0,5,0,-1,23.12,Driving,False,-0.012,0.525,0.013,0.3,False,False,1,,,,NONE,False,Green,60.0
503,28.3881,23.45,375,entity_1,vehicle,vehicle.audi.a2,entity_1,61.009,331.442,-0.0073,0.0,0.0,0.0286,61.009,-331.442,-0.000499,0.0,0.0,0.0,0.0,0.0,0.0,0.0,0.0,0.0,0.0,5,0,-1,51.0,Driving,False,0.875,0.0,0.0,0.0,False,False,0,,,,NONE,False,Green,30.0
503,28.3881,23.45,374,entity_2,pedestrian,walker.pedestrian.0001,entity_2,63.9128,321.6898,1.0558,0.0,0.0,-89.7611,63.9128,-321.6898,1.566627,0.0009,0.0,0.0,0.0009,0.0,0.0,0.0,0.0,0.0,0.0,5,0,3,53.9,Sidewalk,False,0.579,,,,,,,0.0042,-1.0,1.02,,,,
503,28.3881,23.45,373,Vehicle 4,vehicle,vehicle.tesla.model3,hero_3,52.3826,330.5545,0.0017,0.0,-0.0002,-0.0709,52.3826,-330.5545,0.001237,0.0,0.0,-0.0,0.0,0.0,0.0,-0.0,-0.0,0.0,0.0,5,0,-1,42.37,Driving,False,-0.008,0.525,-0.006,0.3,False,False,1,,,,NONE,False,Green,30.0
503,28.3881,23.45,372,Vehicle 3,vehicle,vehicle.tesla.model3,hero_2,43.1188,330.5233,0.0017,0.0,-0.0,0.1748,43.1188,-330.5233,-0.003051,-0.0,0.0,-0.0,0.0,-0.0,0.0,0.0,-0.0,-0.0,-0.0,5,0,-1,33.11,Driving,False,-0.034,0.525,0.001,0.3,False,False,1,,,,NONE,False,Green,60.0
503,28.3881,23.45,371,Vehicle 2,vehicle,vehicle.tesla.model3,hero_1,10.9441,326.5366,0.0014,-0.0093,-0.0127,-179.5603,10.9441,-326.5366,3.133918,-0.0,0.0,-0.0,0.0,-0.0,0.0,-0.0,0.0,-0.0,0.0,5,0,1,0.93,Driving,False,0.004,0.0,-0.011,0.7,False,False,1,,,,NONE,False,Green,30.0
503,28.3881,23.45,370,Vehicle 1,vehicle,vehicle.tesla.model3,hero_0,33.1259,330.5405,0.0017,0.0,-0.0001,0.3215,33.1259,-330.5405,-0.005611,0.0,-0.0,-0.0,0.0,-0.0,-0.0,-0.0,-0.0,0.0,-0.0,5,0,-1,23.12,Driving,False,-0.012,0.525,0.012,0.3,False,False,1,,,,NONE,False,Green,60.0
504,28.4381,23.5,375,entity_1,vehicle,vehicle.audi.a2,entity_1,61.009,331.442,-0.0073,0.0,0.0,0.0286,61.009,-331.442,-0.000499,0.0,0.0,0.0,0.0,0.0,0.0,0.0,0.0,0.0,0.0,5,0,-1,51.0,Driving,False,0.875,0.0,0.0,0.0,False,False,0,,,,NONE,False,Green,30.0
504,28.4381,23.5,374,entity_2,pedestrian,walker.pedestrian.0001,entity_2,63.9129,321.6898,1.0558,0.0,0.0,-89.7611,63.9129,-321.6898,1.566627,0.0009,0.0,0.0,0.0009,0.0,0.0,0.0,0.0,0.0,0.0,5,0,3,53.9,Sidewalk,False,0.579,,,,,,,0.0042,-1.0,1.02,,,,
504,28.4381,23.5,373,Vehicle 4,vehicle,vehicle.tesla.model3,hero_3,52.3826,330.5545,0.0017,0.0,-0.0002,-0.0709,52.3826,-330.5545,0.001237,0.0,0.0,-0.0,0.0,-0.0,-0.0,0.0,-0.0,0.0,-0.0,5,0,-1,42.37,Driving,False,-0.008,0.525,-0.006,0.3,False,False,1,,,,NONE,False,Green,30.0
504,28.4381,23.5,372,Vehicle 3,vehicle,vehicle.tesla.model3,hero_2,43.1188,330.5233,0.0017,0.0,-0.0,0.1748,43.1188,-330.5233,-0.003051,-0.0,0.0,-0.0,0.0,-0.0,0.0,0.0,-0.0,-0.0,-0.0,5,0,-1,33.11,Driving,False,-0.034,0.525,0.001,0.3,False,False,1,,,,NONE,False,Green,60.0
504,28.4381,23.5,371,Vehicle 2,vehicle,vehicle.tesla.model3,hero_1,10.9441,326.5366,0.0014,-0.0093,-0.0127,-179.5603,10.9441,-326.5366,3.133918,-0.0,0.0,-0.0,0.0,0.0,0.0,-0.0,0.0,-0.0,0.0,5,0,1,0.93,Driving,False,0.004,0.0,-0.011,0.7,False,False,1,,,,NONE,False,Green,30.0
504,28.4381,23.5,370,Vehicle 1,vehicle,vehicle.tesla.model3,hero_0,33.1259,330.5405,0.0017,0.0,-0.0001,0.3215,33.1259,-330.5405,-0.005611,-0.0,0.0,-0.0,0.0,-0.0,0.0,-0.0,0.0,-0.0,-0.0,5,0,-1,23.12,Driving,False,-0.012,0.525,0.012,0.3,False,False,1,,,,NONE,False,Green,60.0
505,28.4881,23.55,375,entity_1,vehicle,vehicle.audi.a2,entity_1,61.009,331.442,-0.0073,0.0,0.0,0.0286,61.009,-331.442,-0.000499,0.0,0.0,0.0,0.0,0.0,0.0,0.0,0.0,0.0,0.0,5,0,-1,51.0,Driving,False,0.875,0.0,0.0,0.0,False,False,0,,,,NONE,False,Green,30.0
505,28.4881,23.55,374,entity_2,pedestrian,walker.pedestrian.0001,entity_2,63.9129,321.6898,1.0558,0.0,0.0,-89.7611,63.9129,-321.6898,1.566627,0.0009,0.0,0.0,0.0009,0.0,0.0,0.0,0.0,0.0,0.0,5,0,3,53.9,Sidewalk,False,0.579,,,,,,,0.0042,-1.0,1.02,,,,
505,28.4881,23.55,373,Vehicle 4,vehicle,vehicle.tesla.model3,hero_3,52.3826,330.5545,0.0017,0.0,-0.0002,-0.0709,52.3826,-330.5545,0.001237,0.0,0.0,-0.0,0.0,0.0,0.0,-0.0,-0.0,0.0,-0.0,5,0,-1,42.37,Driving,False,-0.008,0.525,-0.006,0.3,False,False,1,,,,NONE,False,Green,30.0
505,28.4881,23.55,372,Vehicle 3,vehicle,vehicle.tesla.model3,hero_2,43.1188,330.5233,0.0017,0.0,-0.0,0.1748,43.1188,-330.5233,-0.003051,-0.0,-0.0,-0.0,0.0,0.0,-0.0,0.0,0.0,-0.0,-0.0,5,0,-1,33.11,Driving,False,-0.034,0.525,0.001,0.3,False,False,1,,,,NONE,False,Green,60.0
505,28.4881,23.55,371,Vehicle 2,vehicle,vehicle.tesla.model3,hero_1,10.9441,326.5366,0.0014,-0.0093,-0.0127,-179.5603,10.9441,-326.5366,3.133918,-0.0,0.0,-0.0,0.0,0.0,0.0,-0.0,0.0,-0.0,0.0,5,0,1,0.93,Driving,False,0.004,0.0,-0.011,0.7,False,False,1,,,,NONE,False,Green,30.0
505,28.4881,23.55,370,Vehicle 1,vehicle,vehicle.tesla.model3,hero_0,33.1259,330.5405,0.0017,0.0,-0.0001,0.3215,33.1259,-330.5405,-0.005611,0.0,0.0,-0.0,0.0,0.0,0.0,0.0,-0.0,0.0,0.0,5,0,-1,23.12,Driving,False,-0.012,0.525,0.012,0.3,False,False,1,,,,NONE,False,Green,60.0
506,28.5381,23.6,375,entity_1,vehicle,vehicle.audi.a2,entity_1,61.009,331.442,-0.0073,0.0,0.0,0.0286,61.009,-331.442,-0.000499,0.0,0.0,0.0,0.0,0.0,0.0,0.0,0.0,0.0,0.0,5,0,-1,51.0,Driving,False,0.875,0.0,0.0,0.0,False,False,0,,,,NONE,False,Green,30.0
506,28.5381,23.6,374,entity_2,pedestrian,walker.pedestrian.0001,entity_2,63.913,321.6898,1.0558,0.0,0.0,-89.7611,63.913,-321.6898,1.566627,0.0009,0.0,0.0,0.0009,0.0,0.0,0.0,0.0,0.0,0.0,5,0,3,53.9,Sidewalk,False,0.579,,,,,,,0.0042,-1.0,1.02,,,,
506,28.5381,23.6,373,Vehicle 4,vehicle,vehicle.tesla.model3,hero_3,52.3826,330.5545,0.0017,0.0,-0.0002,-0.0709,52.3826,-330.5545,0.001237,0.0,0.0,-0.0,0.0,0.0,-0.0,-0.0,-0.0,0.0,-0.0,5,0,-1,42.37,Driving,False,-0.008,0.525,-0.006,0.3,False,False,1,,,,NONE,False,Green,30.0
506,28.5381,23.6,372,Vehicle 3,vehicle,vehicle.tesla.model3,hero_2,43.1188,330.5233,0.0017,0.0,-0.0,0.1748,43.1188,-330.5233,-0.003051,-0.0,0.0,-0.0,0.0,-0.0,0.0,-0.0,0.0,-0.0,-0.0,5,0,-1,33.11,Driving,False,-0.034,0.525,0.001,0.3,False,False,1,,,,NONE,False,Green,60.0
506,28.5381,23.6,371,Vehicle 2,vehicle,vehicle.tesla.model3,hero_1,10.9441,326.5366,0.0014,-0.0093,-0.0127,-179.5603,10.9441,-326.5366,3.133918,-0.0,0.0,-0.0,0.0,0.0,0.0,-0.0,-0.0,-0.0,0.0,5,0,1,0.93,Driving,False,0.004,0.0,-0.011,0.7,False,False,1,,,,NONE,False,Green,30.0
506,28.5381,23.6,370,Vehicle 1,vehicle,vehicle.tesla.model3,hero_0,33.1259,330.5405,0.0017,0.0,-0.0001,0.3215,33.1259,-330.5405,-0.005611,-0.0,-0.0,-0.0,0.0,-0.0,-0.0,-0.0,0.0,-0.0,-0.0,5,0,-1,23.12,Driving,False,-0.012,0.525,0.012,0.3,False,False,1,,,,NONE,False,Green,60.0
507,28.5881,23.65,375,entity_1,vehicle,vehicle.audi.a2,entity_1,61.009,331.442,-0.0073,0.0,0.0,0.0286,61.009,-331.442,-0.000499,0.0,0.0,0.0,0.0,0.0,0.0,0.0,0.0,0.0,0.0,5,0,-1,51.0,Driving,False,0.875,0.0,0.0,0.0,False,False,0,,,,NONE,False,Green,30.0
507,28.5881,23.65,374,entity_2,pedestrian,walker.pedestrian.0001,entity_2,63.913,321.6898,1.0558,0.0,0.0,-89.7611,63.913,-321.6898,1.566627,0.0009,0.0,0.0,0.0009,0.0,0.0,0.0,0.0,0.0,0.0,5,0,3,53.9,Sidewalk,False,0.579,,,,,,,0.0042,-1.0,1.02,,,,
507,28.5881,23.65,373,Vehicle 4,vehicle,vehicle.tesla.model3,hero_3,52.3826,330.5545,0.0017,0.0,-0.0002,-0.0709,52.3826,-330.5545,0.001237,0.0,0.0,-0.0,0.0,0.0,0.0,-0.0,-0.0,0.0,0.0,5,0,-1,42.37,Driving,False,-0.008,0.525,-0.006,0.3,False,False,1,,,,NONE,False,Green,30.0
507,28.5881,23.65,372,Vehicle 3,vehicle,vehicle.tesla.model3,hero_2,43.1188,330.5233,0.0017,0.0,-0.0,0.1748,43.1188,-330.5233,-0.003051,-0.0,0.0,-0.0,0.0,0.0,0.0,-0.0,-0.0,-0.0,0.0,5,0,-1,33.11,Driving,False,-0.034,0.525,0.0,0.3,False,False,1,,,,NONE,False,Green,60.0
507,28.5881,23.65,371,Vehicle 2,vehicle,vehicle.tesla.model3,hero_1,10.9441,326.5366,0.0014,-0.0093,-0.0127,-179.5603,10.9441,-326.5366,3.133918,-0.0,0.0,-0.0,0.0,0.0,-0.0,0.0,0.0,0.0,0.0,5,0,1,0.93,Driving,False,0.004,0.0,-0.014,0.7,False,False,1,,,,NONE,False,Green,30.0
507,28.5881,23.65,370,Vehicle 1,vehicle,vehicle.tesla.model3,hero_0,33.1259,330.5405,0.0017,0.0,-0.0001,0.3215,33.1259,-330.5405,-0.005611,-0.0,0.0,-0.0,0.0,0.0,0.0,-0.0,-0.0,-0.0,-0.0,5,0,-1,23.12,Driving,False,-0.012,0.525,0.012,0.3,False,False,1,,,,NONE,False,Green,60.0
508,28.6381,23.7,375,entity_1,vehicle,vehicle.audi.a2,entity_1,61.009,331.442,-0.0073,0.0,0.0,0.0286,61.009,-331.442,-0.000499,0.0,0.0,0.0,0.0,0.0,0.0,0.0,0.0,0.0,0.0,5,0,-1,51.0,Driving,False,0.875,0.0,0.0,0.0,False,False,0,,,,NONE,False,Green,30.0
508,28.6381,23.7,374,entity_2,pedestrian,walker.pedestrian.0001,entity_2,63.9131,321.6898,1.0558,0.0,0.0,-89.7611,63.9131,-321.6898,1.566627,0.0009,0.0,0.0,0.0009,0.0,0.0,0.0,0.0,0.0,0.0,5,0,3,53.9,Sidewalk,False,0.579,,,,,,,0.0042,-1.0,1.02,,,,
508,28.6381,23.7,373,Vehicle 4,vehicle,vehicle.tesla.model3,hero_3,52.3826,330.5545,0.0017,0.0,-0.0002,-0.0709,52.3826,-330.5545,0.001237,0.0,0.0,-0.0,0.0,-0.0,-0.0,-0.0,-0.0,0.0,-0.0,5,0,-1,42.37,Driving,False,-0.008,0.525,-0.006,0.3,False,False,1,,,,NONE,False,Green,30.0
508,28.6381,23.7,372,Vehicle 3,vehicle,vehicle.tesla.model3,hero_2,43.1188,330.5233,0.0017,0.0,-0.0,0.1748,43.1188,-330.5233,-0.003051,0.0,0.0,-0.0,0.0,0.0,-0.0,-0.0,-0.0,0.0,0.0,5,0,-1,33.11,Driving,False,-0.034,0.525,0.0,0.3,False,False,1,,,,NONE,False,Green,60.0
508,28.6381,23.7,371,Vehicle 2,vehicle,vehicle.tesla.model3,hero_1,10.9441,326.5366,0.0014,-0.0093,-0.0127,-179.5603,10.9441,-326.5366,3.133918,-0.0,0.0,-0.0,0.0,0.0,0.0,-0.0,0.0,0.0,0.0,5,0,1,0.93,Driving,False,0.004,0.0,-0.014,0.7,False,False,1,,,,NONE,False,Green,30.0
508,28.6381,23.7,370,Vehicle 1,vehicle,vehicle.tesla.model3,hero_0,33.1259,330.5405,0.0017,0.0,-0.0001,0.3215,33.1259,-330.5405,-0.005611,0.0,-0.0,-0.0,0.0,0.0,-0.0,-0.0,-0.0,0.0,-0.0,5,0,-1,23.12,Driving,False,-0.012,0.525,0.012,0.3,False,False,1,,,,NONE,False,Green,60.0
509,28.6881,23.75,375,entity_1,vehicle,vehicle.audi.a2,entity_1,61.009,331.442,-0.0073,0.0,0.0,0.0286,61.009,-331.442,-0.000499,0.0,0.0,0.0,0.0,0.0,0.0,0.0,0.0,0.0,0.0,5,0,-1,51.0,Driving,False,0.875,0.0,0.0,0.0,False,False,0,,,,NONE,False,Green,30.0
509,28.6881,23.75,374,entity_2,pedestrian,walker.pedestrian.0001,entity_2,63.9131,321.6898,1.0558,0.0,0.0,-89.7611,63.9131,-321.6898,1.566627,0.0009,0.0,0.0,0.0009,0.0,0.0,0.0,0.0,0.0,0.0,5,0,3,53.9,Sidewalk,False,0.579,,,,,,,0.0042,-1.0,1.02,,,,
509,28.6881,23.75,373,Vehicle 4,vehicle,vehicle.tesla.model3,hero_3,52.3826,330.5545,0.0017,0.0,-0.0002,-0.0709,52.3826,-330.5545,0.001237,0.0,0.0,-0.0,0.0,0.0,0.0,-0.0,-0.0,0.0,-0.0,5,0,-1,42.37,Driving,False,-0.008,0.525,-0.006,0.3,False,False,1,,,,NONE,False,Green,30.0
509,28.6881,23.75,372,Vehicle 3,vehicle,vehicle.tesla.model3,hero_2,43.1188,330.5233,0.0017,0.0,-0.0,0.1748,43.1188,-330.5233,-0.003051,0.0,-0.0,-0.0,0.0,-0.0,-0.0,-0.0,-0.0,0.0,-0.0,5,0,-1,33.11,Driving,False,-0.034,0.525,0.0,0.3,False,False,1,,,,NONE,False,Green,60.0
509,28.6881,23.75,371,Vehicle 2,vehicle,vehicle.tesla.model3,hero_1,10.9441,326.5366,0.0014,-0.0093,-0.0127,-179.5603,10.9441,-326.5366,3.133918,-0.0,0.0,-0.0,0.0,0.0,0.0,-0.0,-0.0,0.0,0.0,5,0,1,0.93,Driving,False,0.004,0.0,-0.014,0.7,False,False,1,,,,NONE,False,Green,30.0
509,28.6881,23.75,370,Vehicle 1,vehicle,vehicle.tesla.model3,hero_0,33.1259,330.5405,0.0017,0.0,-0.0001,0.3215,33.1259,-330.5405,-0.005611,-0.0,-0.0,-0.0,0.0,-0.0,-0.0,-0.0,0.0,-0.0,-0.0,5,0,-1,23.12,Driving,False,-0.012,0.525,0.012,0.3,False,False,1,,,,NONE,False,Green,60.0
510,28.7381,23.8,375,entity_1,vehicle,vehicle.audi.a2,entity_1,61.009,331.442,-0.0073,0.0,0.0,0.0286,61.009,-331.442,-0.000499,0.0,0.0,0.0,0.0,0.0,0.0,0.0,0.0,0.0,0.0,5,0,-1,51.0,Driving,False,0.875,0.0,0.0,0.0,False,False,0,,,,NONE,False,Green,30.0
510,28.7381,23.8,374,entity_2,pedestrian,walker.pedestrian.0001,entity_2,63.9131,321.6898,1.0558,0.0,0.0,-89.7611,63.9131,-321.6898,1.566627,0.0009,0.0,0.0,0.0009,0.0,0.0,0.0,0.0,0.0,0.0,5,0,3,53.9,Sidewalk,False,0.579,,,,,,,0.0042,-1.0,1.02,,,,
510,28.7381,23.8,373,Vehicle 4,vehicle,vehicle.tesla.model3,hero_3,52.3826,330.5545,0.0017,0.0,-0.0002,-0.0709,52.3826,-330.5545,0.001237,0.0,0.0,-0.0,0.0,-0.0,0.0,-0.0,-0.0,0.0,-0.0,5,0,-1,42.37,Driving,False,-0.008,0.525,-0.006,0.3,False,False,1,,,,NONE,False,Green,30.0
510,28.7381,23.8,372,Vehicle 3,vehicle,vehicle.tesla.model3,hero_2,43.1188,330.5233,0.0017,0.0,-0.0,0.1748,43.1188,-330.5233,-0.003051,-0.0,-0.0,-0.0,0.0,-0.0,-0.0,-0.0,0.0,-0.0,-0.0,5,0,-1,33.11,Driving,False,-0.034,0.525,0.0,0.3,False,False,1,,,,NONE,False,Green,60.0
510,28.7381,23.8,371,Vehicle 2,vehicle,vehicle.tesla.model3,hero_1,10.9441,326.5366,0.0014,-0.0093,-0.0127,-179.5603,10.9441,-326.5366,3.133918,-0.0,0.0,-0.0,0.0,0.0,0.0,-0.0,-0.0,0.0,0.0,5,0,1,0.93,Driving,False,0.004,0.0,-0.014,0.7,False,False,1,,,,NONE,False,Green,30.0
510,28.7381,23.8,370,Vehicle 1,vehicle,vehicle.tesla.model3,hero_0,33.1259,330.5405,0.0017,0.0,-0.0001,0.3215,33.1259,-330.5405,-0.005611,0.0,-0.0,-0.0,0.0,0.0,0.0,0.0,-0.0,0.0,-0.0,5,0,-1,23.12,Driving,False,-0.012,0.525,0.012,0.3,False,False,1,,,,NONE,False,Green,60.0
511,28.7881,23.85,375,entity_1,vehicle,vehicle.audi.a2,entity_1,61.009,331.442,-0.0073,0.0,0.0,0.0286,61.009,-331.442,-0.000499,0.0,0.0,0.0,0.0,0.0,0.0,0.0,0.0,0.0,0.0,5,0,-1,51.0,Driving,False,0.875,0.0,0.0,0.0,False,False,0,,,,NONE,False,Green,30.0
511,28.7881,23.85,374,entity_2,pedestrian,walker.pedestrian.0001,entity_2,63.9132,321.6898,1.0558,0.0,0.0,-89.7611,63.9132,-321.6898,1.566627,0.0009,0.0,0.0,0.0009,0.0,0.0,0.0,0.0,0.0,0.0,5,0,3,53.9,Sidewalk,False,0.579,,,,,,,0.0042,-1.0,1.02,,,,
511,28.7881,23.85,373,Vehicle 4,vehicle,vehicle.tesla.model3,hero_3,52.3826,330.5545,0.0017,0.0,-0.0002,-0.0709,52.3826,-330.5545,0.001237,0.0,0.0,-0.0,0.0,0.0,-0.0,-0.0,-0.0,0.0,-0.0,5,0,-1,42.37,Driving,False,-0.008,0.525,-0.007,0.3,False,False,1,,,,NONE,False,Green,30.0
511,28.7881,23.85,372,Vehicle 3,vehicle,vehicle.tesla.model3,hero_2,43.1188,330.5233,0.0017,0.0,-0.0,0.1748,43.1188,-330.5233,-0.003051,-0.0,-0.0,-0.0,0.0,0.0,0.0,-0.0,0.0,-0.0,0.0,5,0,-1,33.11,Driving,False,-0.034,0.525,0.001,0.3,False,False,1,,,,NONE,False,Green,60.0
511,28.7881,23.85,371,Vehicle 2,vehicle,vehicle.tesla.model3,hero_1,10.9441,326.5366,0.0014,-0.0093,-0.0127,-179.5603,10.9441,-326.5366,3.133918,-0.0,0.0,-0.0,0.0,-0.0,0.0,-0.0,-0.0,0.0,0.0,5,0,1,0.93,Driving,False,0.004,0.0,-0.011,0.7,False,False,1,,,,NONE,False,Green,30.0
511,28.7881,23.85,370,Vehicle 1,vehicle,vehicle.tesla.model3,hero_0,33.1259,330.5405,0.0017,0.0,-0.0001,0.3215,33.1259,-330.5405,-0.005611,-0.0,0.0,-0.0,0.0,-0.0,0.0,-0.0,0.0,-0.0,-0.0,5,0,-1,23.12,Driving,False,-0.012,0.525,0.012,0.3,False,False,1,,,,NONE,False,Green,60.0
