frame,sim_time,t_rel,actor_id,name,category,type_id,role_name,x,y,z,roll,pitch,yaw,x_odr,y_odr,heading_odr_rad,vx,vy,vz,speed_mps,ax,ay,az,wx_dps,wy_dps,wz_dps,road_id,section_id,lane_id,s,lane_type,is_junction,lateral_offset_m,throttle,steer,brake,hand_brake,reverse,gear,walker_dir_x,walker_dir_y,walker_speed,light_state,at_traffic_light,traffic_light_state,speed_limit_kmh
34,4.9381,0.0,374,entity_2,pedestrian,walker.pedestrian.0001,entity_2,63.8565,332.3969,0.9515,0.0,0.0,-89.9713,63.8565,-332.3969,1.570295,0.0,0.0,0.0,0.0,0.0,0.0,0.0,0.0,0.0,0.0,5,0,-2,53.85,Shoulder,False,-0.322,,,,,,,1.0,0.0,0.0,,,,
35,4.9881,0.05,374,entity_2,pedestrian,walker.pedestrian.0001,entity_2,63.8565,332.3969,0.9515,0.0,0.0,-89.9713,63.8565,-332.3969,1.570295,0.0,0.0,0.0,0.0,0.0,0.0,0.0,0.0,0.0,0.0,5,0,-2,53.85,Shoulder,False,-0.322,,,,,,,1.0,0.0,0.0,,,,
36,5.0381,0.1,374,entity_2,pedestrian,walker.pedestrian.0001,entity_2,63.8565,332.3969,0.9515,0.0,0.0,-89.9713,63.8565,-332.3969,1.570295,0.0,0.0,0.0,0.0,0.0,0.0,0.0,0.0,0.0,0.0,5,0,-2,53.85,Shoulder,False,-0.322,,,,,,,1.0,0.0,0.0,,,,
37,5.0881,0.15,374,entity_2,pedestrian,walker.pedestrian.0001,entity_2,63.8565,332.3969,0.9515,0.0,0.0,-89.9713,63.8565,-332.3969,1.570295,0.0,0.0,0.0,0.0,0.0,0.0,0.0,0.0,0.0,0.0,5,0,-2,53.85,Shoulder,False,-0.322,,,,,,,1.0,0.0,0.0,,,,
38,5.1381,0.2,374,entity_2,pedestrian,walker.pedestrian.0001,entity_2,63.8565,332.3969,0.9515,0.0,0.0,-89.9713,63.8565,-332.3969,1.570295,0.0,0.0,0.0,0.0,0.0,0.0,0.0,0.0,0.0,0.0,5,0,-2,53.85,Shoulder,False,-0.322,,,,,,,1.0,0.0,0.0,,,,
39,5.1881,0.25,374,entity_2,pedestrian,walker.pedestrian.0001,entity_2,63.8565,332.3969,0.9515,0.0,0.0,-89.9713,63.8565,-332.3969,1.570295,0.0,0.0,0.0,0.0,0.0,0.0,0.0,0.0,0.0,0.0,5,0,-2,53.85,Shoulder,False,-0.322,,,,,,,1.0,0.0,0.0,,,,
40,5.2381,0.3,374,entity_2,pedestrian,walker.pedestrian.0001,entity_2,63.8565,332.3969,0.9515,0.0,0.0,-89.9713,63.8565,-332.3969,1.570295,0.0,0.0,0.0,0.0,0.0,0.0,0.0,0.0,0.0,0.0,5,0,-2,53.85,Shoulder,False,-0.322,,,,,,,1.0,0.0,0.0,,,,
41,5.2881,0.35,374,entity_2,pedestrian,walker.pedestrian.0001,entity_2,63.8565,332.3969,0.9515,0.0,0.0,-89.9713,63.8565,-332.3969,1.570295,0.0,0.0,0.0,0.0,0.0,0.0,0.0,0.0,0.0,0.0,5,0,-2,53.85,Shoulder,False,-0.322,,,,,,,1.0,0.0,0.0,,,,
42,5.3381,0.4,374,entity_2,pedestrian,walker.pedestrian.0001,entity_2,63.8565,332.3969,0.9515,0.0,0.0,-89.9713,63.8565,-332.3969,1.570295,0.0,0.0,0.0,0.0,0.0,0.0,0.0,0.0,0.0,0.0,5,0,-2,53.85,Shoulder,False,-0.322,,,,,,,1.0,0.0,0.0,,,,
43,5.3881,0.45,374,entity_2,pedestrian,walker.pedestrian.0001,entity_2,63.8565,332.3969,0.9515,0.0,0.0,-89.9713,63.8565,-332.3969,1.570295,0.0,0.0,0.0,0.0,0.0,0.0,0.0,0.0,0.0,0.0,5,0,-2,53.85,Shoulder,False,-0.322,,,,,,,1.0,0.0,0.0,,,,
44,5.4381,0.5,374,entity_2,pedestrian,walker.pedestrian.0001,entity_2,63.8565,332.3969,0.9515,0.0,0.0,-89.9713,63.8565,-332.3969,1.570295,0.0,0.0,0.0,0.0,0.0,0.0,0.0,0.0,0.0,0.0,5,0,-2,53.85,Shoulder,False,-0.322,,,,,,,1.0,0.0,0.0,,,,
45,5.4881,0.55,374,entity_2,pedestrian,walker.pedestrian.0001,entity_2,63.8565,332.3969,0.9515,0.0,0.0,-89.9713,63.8565,-332.3969,1.570295,0.0,0.0,0.0,0.0,0.0,0.0,0.0,0.0,0.0,0.0,5,0,-2,53.85,Shoulder,False,-0.322,,,,,,,1.0,0.0,0.0,,,,
46,5.5381,0.6,374,entity_2,pedestrian,walker.pedestrian.0001,entity_2,63.8565,332.3969,0.9515,0.0,0.0,-89.9713,63.8565,-332.3969,1.570295,0.0,0.0,0.0,0.0,0.0,0.0,0.0,0.0,0.0,0.0,5,0,-2,53.85,Shoulder,False,-0.322,,,,,,,1.0,0.0,0.0,,,,
47,5.5881,0.65,374,entity_2,pedestrian,walker.pedestrian.0001,entity_2,63.8565,332.3969,0.9515,0.0,0.0,-89.9713,63.8565,-332.3969,1.570295,0.0,0.0,0.0,0.0,0.0,0.0,0.0,0.0,0.0,0.0,5,0,-2,53.85,Shoulder,False,-0.322,,,,,,,1.0,0.0,0.0,,,,
48,5.6381,0.7,374,entity_2,pedestrian,walker.pedestrian.0001,entity_2,63.8565,332.3969,0.9515,0.0,0.0,-89.9713,63.8565,-332.3969,1.570295,0.0,0.0,0.0,0.0,0.0,0.0,0.0,0.0,0.0,0.0,5,0,-2,53.85,Shoulder,False,-0.322,,,,,,,1.0,0.0,0.0,,,,
49,5.6881,0.75,374,entity_2,pedestrian,walker.pedestrian.0001,entity_2,63.8565,332.3969,0.9515,0.0,0.0,-89.9713,63.8565,-332.3969,1.570295,0.0,0.0,0.0,0.0,0.0,0.0,0.0,0.0,0.0,0.0,5,0,-2,53.85,Shoulder,False,-0.322,,,,,,,1.0,0.0,0.0,,,,
50,5.7381,0.8,374,entity_2,pedestrian,walker.pedestrian.0001,entity_2,63.8565,332.3969,0.9515,0.0,0.0,-89.9713,63.8565,-332.3969,1.570295,0.0,0.0,0.0,0.0,0.0,0.0,0.0,0.0,0.0,0.0,5,0,-2,53.85,Shoulder,False,-0.322,,,,,,,1.0,0.0,0.0,,,,
51,5.7881,0.85,374,entity_2,pedestrian,walker.pedestrian.0001,entity_2,63.8565,332.3969,0.9515,0.0,0.0,-89.9713,63.8565,-332.3969,1.570295,0.0,0.0,0.0,0.0,0.0,0.0,0.0,0.0,0.0,0.0,5,0,-2,53.85,Shoulder,False,-0.322,,,,,,,1.0,0.0,0.0,,,,
52,5.8381,0.9,374,entity_2,pedestrian,walker.pedestrian.0001,entity_2,63.8565,332.3969,0.9515,0.0,0.0,-89.9713,63.8565,-332.3969,1.570295,0.0,0.0,0.0,0.0,0.0,0.0,0.0,0.0,0.0,0.0,5,0,-2,53.85,Shoulder,False,-0.322,,,,,,,1.0,0.0,0.0,,,,
53,5.8881,0.95,374,entity_2,pedestrian,walker.pedestrian.0001,entity_2,63.8565,332.3969,0.9515,0.0,0.0,-89.9713,63.8565,-332.3969,1.570295,0.0,0.0,0.0,0.0,0.0,0.0,0.0,0.0,0.0,0.0,5,0,-2,53.85,Shoulder,False,-0.322,,,,,,,1.0,0.0,0.0,,,,
54,5.9381,1.0,374,entity_2,pedestrian,walker.pedestrian.0001,entity_2,63.8565,332.3969,0.9515,0.0,0.0,-89.9713,63.8565,-332.3969,1.570295,0.0,0.0,0.0,0.0,0.0,0.0,0.0,0.0,0.0,0.0,5,0,-2,53.85,Shoulder,False,-0.322,,,,,,,1.0,0.0,0.0,,,,
55,5.9881,1.05,374,entity_2,pedestrian,walker.pedestrian.0001,entity_2,63.8565,332.3969,0.9515,0.0,0.0,-89.9713,63.8565,-332.3969,1.570295,0.0,0.0,0.0,0.0,0.0,0.0,0.0,0.0,0.0,0.0,5,0,-2,53.85,Shoulder,False,-0.322,,,,,,,1.0,0.0,0.0,,,,
56,6.0381,1.1,374,entity_2,pedestrian,walker.pedestrian.0001,entity_2,63.8565,332.3969,0.9515,0.0,0.0,-89.9713,63.8565,-332.3969,1.570295,0.0,0.0,0.0,0.0,0.0,0.0,0.0,0.0,0.0,0.0,5,0,-2,53.85,Shoulder,False,-0.322,,,,,,,1.0,0.0,0.0,,,,
57,6.0881,1.15,374,entity_2,pedestrian,walker.pedestrian.0001,entity_2,63.8565,332.3969,0.9515,0.0,0.0,-89.9713,63.8565,-332.3969,1.570295,0.0,0.0,0.0,0.0,0.0,0.0,0.0,0.0,0.0,0.0,5,0,-2,53.85,Shoulder,False,-0.322,,,,,,,1.0,0.0,0.0,,,,
58,6.1381,1.2,374,entity_2,pedestrian,walker.pedestrian.0001,entity_2,63.8565,332.3969,0.9515,0.0,0.0,-89.9713,63.8565,-332.3969,1.570295,0.0,0.0,0.0,0.0,0.0,0.0,0.0,0.0,0.0,0.0,5,0,-2,53.85,Shoulder,False,-0.322,,,,,,,1.0,0.0,0.0,,,,
59,6.1881,1.25,374,entity_2,pedestrian,walker.pedestrian.0001,entity_2,63.8565,332.3969,0.9515,0.0,0.0,-89.9713,63.8565,-332.3969,1.570295,0.0,0.0,0.0,0.0,0.0,0.0,0.0,0.0,0.0,0.0,5,0,-2,53.85,Shoulder,False,-0.322,,,,,,,1.0,0.0,0.0,,,,
60,6.2381,1.3,374,entity_2,pedestrian,walker.pedestrian.0001,entity_2,63.8565,332.3969,0.9515,0.0,0.0,-89.9713,63.8565,-332.3969,1.570295,0.0,0.0,0.0,0.0,0.0,0.0,0.0,0.0,0.0,0.0,5,0,-2,53.85,Shoulder,False,-0.322,,,,,,,1.0,0.0,0.0,,,,
61,6.2881,1.35,374,entity_2,pedestrian,walker.pedestrian.0001,entity_2,63.8565,332.3969,0.9515,0.0,0.0,-89.9713,63.8565,-332.3969,1.570295,0.0,0.0,0.0,0.0,0.0,0.0,0.0,0.0,0.0,0.0,5,0,-2,53.85,Shoulder,False,-0.322,,,,,,,1.0,0.0,0.0,,,,
62,6.3381,1.4,374,entity_2,pedestrian,walker.pedestrian.0001,entity_2,63.8565,332.3969,0.9515,0.0,0.0,-89.9713,63.8565,-332.3969,1.570295,0.0,0.0,0.0,0.0,0.0,0.0,0.0,0.0,0.0,0.0,5,0,-2,53.85,Shoulder,False,-0.322,,,,,,,1.0,0.0,0.0,,,,
63,6.3881,1.45,374,entity_2,pedestrian,walker.pedestrian.0001,entity_2,63.8565,332.3969,0.9515,0.0,0.0,-89.9713,63.8565,-332.3969,1.570295,0.0,0.0,0.0,0.0,0.0,0.0,0.0,0.0,0.0,0.0,5,0,-2,53.85,Shoulder,False,-0.322,,,,,,,1.0,0.0,0.0,,,,
64,6.4381,1.5,374,entity_2,pedestrian,walker.pedestrian.0001,entity_2,63.8565,332.3969,0.9515,0.0,0.0,-89.9713,63.8565,-332.3969,1.570295,0.0,0.0,0.0,0.0,0.0,0.0,0.0,0.0,0.0,0.0,5,0,-2,53.85,Shoulder,False,-0.322,,,,,,,1.0,0.0,0.0,,,,
65,6.4881,1.55,374,entity_2,pedestrian,walker.pedestrian.0001,entity_2,63.8565,332.3969,0.9515,0.0,0.0,-89.9713,63.8565,-332.3969,1.570295,0.0,0.0,0.0,0.0,0.0,0.0,0.0,0.0,0.0,0.0,5,0,-2,53.85,Shoulder,False,-0.322,,,,,,,1.0,0.0,0.0,,,,
66,6.5381,1.6,374,entity_2,pedestrian,walker.pedestrian.0001,entity_2,63.8565,332.3969,0.9515,0.0,0.0,-89.9713,63.8565,-332.3969,1.570295,0.0,0.0,0.0,0.0,0.0,0.0,0.0,0.0,0.0,0.0,5,0,-2,53.85,Shoulder,False,-0.322,,,,,,,1.0,0.0,0.0,,,,
67,6.5881,1.65,374,entity_2,pedestrian,walker.pedestrian.0001,entity_2,63.8565,332.3969,0.9515,0.0,0.0,-89.9713,63.8565,-332.3969,1.570295,0.0,0.0,0.0,0.0,0.0,0.0,0.0,0.0,0.0,0.0,5,0,-2,53.85,Shoulder,False,-0.322,,,,,,,1.0,0.0,0.0,,,,
68,6.6381,1.7,374,entity_2,pedestrian,walker.pedestrian.0001,entity_2,63.8565,332.3969,0.9515,0.0,0.0,-89.9713,63.8565,-332.3969,1.570295,0.0,0.0,0.0,0.0,0.0,0.0,0.0,0.0,0.0,0.0,5,0,-2,53.85,Shoulder,False,-0.322,,,,,,,1.0,0.0,0.0,,,,
69,6.6881,1.75,374,entity_2,pedestrian,walker.pedestrian.0001,entity_2,63.8568,332.4006,0.9515,0.0,0.0,-71.9713,63.8568,-332.4006,1.256136,0.0056,0.075,0.0,0.0752,0.1113,1.5,0.0,0.0,0.0,0.0,5,0,-2,53.85,Shoulder,False,-0.318,,,,,,,0.0743,0.9972,1.02,,,,
70,6.7381,1.8,374,entity_2,pedestrian,walker.pedestrian.0001,entity_2,63.857,332.3976,0.9515,0.0,0.0,-89.7524,63.857,-332.3976,1.566475,0.0038,-0.0602,0.0,0.0603,-0.0352,-2.7031,0.0,0.0,0.0,0.0,5,0,-2,53.85,Shoulder,False,-0.321,,,,,,,0.0043,-1.0,1.02,,,,
71,6.7881,1.85,374,entity_2,pedestrian,walker.pedestrian.0001,entity_2,63.8571,332.3908,0.9515,0.0,0.0,-89.7536,63.8571,-332.3908,1.566496,0.0027,-0.1352,0.0,0.1352,-0.0215,-1.5,0.0,0.0,0.0,0.0,5,0,-2,53.85,Shoulder,False,-0.328,,,,,,,0.0043,-1.0,1.02,,,,
72,6.8381,1.9,374,entity_2,pedestrian,walker.pedestrian.0001,entity_2,63.8573,332.3803,0.9515,0.0,0.0,-89.7536,63.8573,-332.3803,1.566496,0.0021,-0.2102,0.0,0.2102,-0.0117,-1.5,0.0,0.0,0.0,0.0,5,0,-2,53.85,Shoulder,False,-0.338,,,,,,,0.0043,-1.0,1.02,,,,
73,6.8881,1.95,374,entity_2,pedestrian,walker.pedestrian.0001,entity_2,63.8573,332.3661,0.9515,0.0,0.0,-89.7548,63.8573,-332.3661,1.566517,0.002,-0.2852,0.0,0.2852,-0.0039,-1.5,0.0,0.0,0.0,0.0,5,0,-2,53.85,Shoulder,False,-0.353,,,,,,,0.0043,-1.0,1.02,,,,
74,6.9381,2.0,374,entity_2,pedestrian,walker.pedestrian.0001,entity_2,63.8574,332.3481,0.9515,0.0,0.0,-89.7548,63.8574,-332.3481,1.566517,0.002,-0.3602,0.0,0.3602,0.0,-1.5,0.0,0.0,0.0,0.0,5,0,-2,53.85,Shoulder,False,-0.371,,,,,,,0.0043,-1.0,1.02,,,,
75,6.9881,2.05,374,entity_2,pedestrian,walker.pedestrian.0001,entity_2,63.8576,332.3263,0.9515,0.0,0.0,-89.7548,63.8576,-332.3263,1.566517,0.0021,-0.4352,0.0,0.4352,0.0039,-1.5,0.0,0.0,0.0,0.0,5,0,-2,53.85,Shoulder,False,-0.392,,,,,,,0.0043,-1.0,1.02,,,,
76,7.0381,2.1,374,entity_2,pedestrian,walker.pedestrian.0001,entity_2,63.8577,332.3008,0.9515,0.0,0.0,-89.7548,63.8577,-332.3008,1.566517,0.0023,-0.5102,0.0,0.5102,0.0039,-1.5,0.0,0.0,0.0,0.0,5,0,-2,53.85,Shoulder,False,-0.418,,,,,,,0.0043,-1.0,1.02,,,,
77,7.0881,2.15,374,entity_2,pedestrian,walker.pedestrian.0001,entity_2,63.8578,332.2715,0.9515,0.0,0.0,-89.7548,63.8578,-332.2715,1.566517,0.0026,-0.5852,0.0,0.5852,0.0059,-1.5,0.0,0.0,0.0,0.0,5,0,-2,53.85,Shoulder,False,-0.447,,,,,,,0.0043,-1.0,1.02,,,,
78,7.1381,2.2,374,entity_2,pedestrian,walker.pedestrian.0001,entity_2,63.8579,332.2386,0.9515,0.0,0.0,-89.7548,63.8579,-332.2386,1.566517,0.0029,-0.6602,0.0,0.6602,0.0059,-1.5,0.0,0.0,0.0,0.0,5,0,-2,53.85,Shoulder,False,-0.48,,,,,,,0.0043,-1.0,1.02,,,,
79,7.1881,2.25,374,entity_2,pedestrian,walker.pedestrian.0001,entity_2,63.8581,332.2018,0.9515,0.0,0.0,-89.7548,63.8581,-332.2018,1.566517,0.0032,-0.7352,0.0,0.7352,0.0059,-1.5,0.0,0.0,0.0,0.0,5,0,-2,53.85,Shoulder,False,-0.517,,,,,,,0.0043,-1.0,1.02,,,,
80,7.2381,2.3,374,entity_2,pedestrian,walker.pedestrian.0001,entity_2,63.8583,332.1613,0.9515,0.0,0.0,-89.7548,63.8583,-332.1613,1.566517,0.0035,-0.8102,0.0,0.8102,0.0059,-1.5,0.0,0.0,0.0,0.0,5,0,-2,53.85,Shoulder,False,-0.558,,,,,,,0.0043,-1.0,1.02,,,,
81,7.2881,2.35,374,entity_2,pedestrian,walker.pedestrian.0001,entity_2,63.8585,332.117,0.9515,0.0,0.0,-89.7548,63.8585,-332.117,1.566517,0.0038,-0.8852,0.0,0.8852,0.0059,-1.5,0.0,0.0,0.0,0.0,5,0,-2,53.85,Shoulder,False,-0.602,,,,,,,0.0043,-1.0,1.02,,,,
82,7.3381,2.4,374,entity_2,pedestrian,walker.pedestrian.0001,entity_2,63.8587,332.069,0.9515,0.0,0.0,-89.7548,63.8587,-332.069,1.566517,0.0041,-0.9602,0.0,0.9602,0.0059,-1.5,0.0,0.0,0.0,0.0,5,0,-2,53.85,Shoulder,False,-0.65,,,,,,,0.0043,-1.0,1.02,,,,
83,7.3881,2.45,374,entity_2,pedestrian,walker.pedestrian.0001,entity_2,63.8589,332.018,0.9515,0.0,0.0,-89.7548,63.8589,-332.018,1.566517,0.0044,-1.0203,0.0,1.0203,0.0059,-1.2031,0.0,0.0,0.0,0.0,5,0,-2,53.85,Shoulder,False,-0.701,,,,,,,0.0043,-1.0,1.02,,,,
84,7.4381,2.5,374,entity_2,pedestrian,walker.pedestrian.0001,entity_2,63.8591,331.967,0.9515,0.0,0.0,-89.7548,63.8591,-331.967,1.566517,0.0044,-1.0203,0.0,1.0203,0.0,0.0,0.0,0.0,0.0,0.0,5,0,-2,53.85,Shoulder,False,-0.752,,,,,,,0.0043,-1.0,1.02,,,,
85,7.4881,2.55,374,entity_2,pedestrian,walker.pedestrian.0001,entity_2,63.8593,331.916,0.9515,0.0,0.0,-89.7548,63.8593,-331.916,1.566517,0.0044,-1.0203,0.0,1.0203,0.0,0.0,0.0,0.0,0.0,0.0,5,0,-2,53.85,Shoulder,False,-0.803,,,,,,,0.0043,-1.0,1.02,,,,
86,7.5381,2.6,374,entity_2,pedestrian,walker.pedestrian.0001,entity_2,63.8596,331.865,0.9515,0.0,0.0,-89.7548,63.8596,-331.865,1.566517,0.0044,-1.0203,0.0,1.0203,0.0,0.0,0.0,0.0,0.0,0.0,5,0,-2,53.85,Shoulder,False,-0.854,,,,,,,0.0043,-1.0,1.02,,,,
87,7.5881,2.65,374,entity_2,pedestrian,walker.pedestrian.0001,entity_2,63.8598,331.8139,0.9515,0.0,0.0,-89.7548,63.8598,-331.8139,1.566517,0.0044,-1.0203,0.0,1.0203,0.0,0.0,0.0,0.0,0.0,0.0,5,0,-2,53.85,Shoulder,False,-0.905,,,,,,,0.0043,-1.0,1.02,,,,
88,7.6381,2.7,374,entity_2,pedestrian,walker.pedestrian.0001,entity_2,63.86,331.7629,0.9515,0.0,0.0,-89.7548,63.86,-331.7629,1.566517,0.0044,-1.0203,0.0,1.0203,0.0,0.0,0.0,0.0,0.0,0.0,5,0,-2,53.85,Shoulder,False,-0.956,,,,,,,0.0043,-1.0,1.02,,,,
89,7.6881,2.75,374,entity_2,pedestrian,walker.pedestrian.0001,entity_2,63.8602,331.7119,0.9515,0.0,0.0,-89.7548,63.8602,-331.7119,1.566517,0.0044,-1.0203,0.0,1.0203,0.0,0.0,0.0,0.0,0.0,0.0,5,0,-2,53.85,Shoulder,False,-1.007,,,,,,,0.0043,-1.0,1.02,,,,
90,7.7381,2.8,374,entity_2,pedestrian,walker.pedestrian.0001,entity_2,63.8604,331.6609,0.9515,0.0,0.0,-89.7548,63.8604,-331.6609,1.566517,0.0044,-1.0203,0.0,1.0203,0.0,0.0,0.0,0.0,0.0,0.0,5,0,-2,53.85,Shoulder,False,-1.058,,,,,,,0.0043,-1.0,1.02,,,,
91,7.7881,2.85,374,entity_2,pedestrian,walker.pedestrian.0001,entity_2,63.8607,331.6099,0.9515,0.0,0.0,-89.7548,63.8607,-331.6099,1.566517,0.0044,-1.0203,0.0,1.0203,0.0,0.0,0.0,0.0,0.0,0.0,5,0,-1,53.85,Driving,False,1.041,,,,,,,0.0043,-1.0,1.02,,,,
92,7.8381,2.9,374,entity_2,pedestrian,walker.pedestrian.0001,entity_2,63.8609,331.5589,0.9515,0.0,0.0,-89.7548,63.8609,-331.5589,1.566517,0.0044,-1.0203,0.0,1.0203,0.0,0.0,0.0,0.0,0.0,0.0,5,0,-1,53.85,Driving,False,0.99,,,,,,,0.0043,-1.0,1.02,,,,
93,7.8881,2.95,374,entity_2,pedestrian,walker.pedestrian.0001,entity_2,63.8611,331.5078,0.9515,0.0,0.0,-89.7548,63.8611,-331.5078,1.566517,0.0044,-1.0203,0.0,1.0203,0.0,0.0,0.0,0.0,0.0,0.0,5,0,-1,53.85,Driving,False,0.939,,,,,,,0.0043,-1.0,1.02,,,,
94,7.9381,3.0,374,entity_2,pedestrian,walker.pedestrian.0001,entity_2,63.8613,331.4568,0.9515,0.0,0.0,-89.7548,63.8613,-331.4568,1.566517,0.0044,-1.0203,0.0,1.0203,0.0,0.0,0.0,0.0,0.0,0.0,5,0,-1,53.85,Driving,False,0.888,,,,,,,0.0043,-1.0,1.02,,,,
95,7.9881,3.05,374,entity_2,pedestrian,walker.pedestrian.0001,entity_2,63.8615,331.4058,0.9515,0.0,0.0,-89.7548,63.8615,-331.4058,1.566517,0.0044,-1.0203,0.0,1.0203,0.0,0.0,0.0,0.0,0.0,0.0,5,0,-1,53.85,Driving,False,0.837,,,,,,,0.0043,-1.0,1.02,,,,
96,8.0381,3.1,374,entity_2,pedestrian,walker.pedestrian.0001,entity_2,63.8618,331.3548,0.9515,0.0,0.0,-89.7548,63.8618,-331.3548,1.566517,0.0044,-1.0203,0.0,1.0203,0.0,0.0,0.0,0.0,0.0,0.0,5,0,-1,53.85,Driving,False,0.786,,,,,,,0.0043,-1.0,1.02,,,,
97,8.0881,3.15,374,entity_2,pedestrian,walker.pedestrian.0001,entity_2,63.862,331.3038,0.9515,0.0,0.0,-89.7548,63.862,-331.3038,1.566517,0.0044,-1.0203,0.0,1.0203,0.0,0.0,0.0,0.0,0.0,0.0,5,0,-1,53.85,Driving,False,0.735,,,,,,,0.0043,-1.0,1.02,,,,
98,8.1381,3.2,374,entity_2,pedestrian,walker.pedestrian.0001,entity_2,63.8622,331.2528,0.9515,0.0,0.0,-89.7548,63.8622,-331.2528,1.566517,0.0044,-1.0203,0.0,1.0203,0.0,0.0,0.0,0.0,0.0,0.0,5,0,-1,53.85,Driving,False,0.684,,,,,,,0.0043,-1.0,1.02,,,,
99,8.1881,3.25,374,entity_2,pedestrian,walker.pedestrian.0001,entity_2,63.8624,331.2018,0.9515,0.0,0.0,-89.7548,63.8624,-331.2018,1.566517,0.0044,-1.0203,0.0,1.0203,0.0,0.0,0.0,0.0,0.0,0.0,5,0,-1,53.85,Driving,False,0.633,,,,,,,0.0043,-1.0,1.02,,,,
100,8.2381,3.3,374,entity_2,pedestrian,walker.pedestrian.0001,entity_2,63.8626,331.1507,0.9515,0.0,0.0,-89.7558,63.8626,-331.1507,1.566534,0.0044,-1.0203,0.0,1.0203,0.0,0.0,0.0,0.0,0.0,0.0,5,0,-1,53.85,Driving,False,0.582,,,,,,,0.0043,-1.0,1.02,,,,
101,8.2881,3.35,374,entity_2,pedestrian,walker.pedestrian.0001,entity_2,63.8629,331.0997,0.9515,0.0,0.0,-89.7558,63.8629,-331.0997,1.566534,0.0044,-1.0203,0.0,1.0203,0.0,0.0,0.0,0.0,0.0,0.0,5,0,-1,53.85,Driving,False,0.531,,,,,,,0.0043,-1.0,1.02,,,,
102,8.3381,3.4,374,entity_2,pedestrian,walker.pedestrian.0001,entity_2,63.8631,331.0487,0.9515,0.0,0.0,-89.7558,63.8631,-331.0487,1.566534,0.0044,-1.0203,0.0,1.0203,0.0,0.0,0.0,0.0,0.0,0.0,5,0,-1,53.85,Driving,False,0.48,,,,,,,0.0043,-1.0,1.02,,,,
103,8.3881,3.45,374,entity_2,pedestrian,walker.pedestrian.0001,entity_2,63.8633,330.9977,0.9515,0.0,0.0,-89.7558,63.8633,-330.9977,1.566534,0.0044,-1.0203,0.0,1.0203,0.0,0.0,0.0,0.0,0.0,0.0,5,0,-1,53.85,Driving,False,0.429,,,,,,,0.0043,-1.0,1.02,,,,
104,8.4381,3.5,374,entity_2,pedestrian,walker.pedestrian.0001,entity_2,63.8635,330.9467,0.9515,0.0,0.0,-89.7558,63.8635,-330.9467,1.566534,0.0044,-1.0203,0.0,1.0203,0.0,0.0,0.0,0.0,0.0,0.0,5,0,-1,53.85,Driving,False,0.378,,,,,,,0.0043,-1.0,1.02,,,,
105,8.4881,3.55,374,entity_2,pedestrian,walker.pedestrian.0001,entity_2,63.8637,330.8957,0.9515,0.0,0.0,-89.7558,63.8637,-330.8957,1.566534,0.0044,-1.0203,0.0,1.0203,0.0,0.0,0.0,0.0,0.0,0.0,5,0,-1,53.85,Driving,False,0.327,,,,,,,0.0043,-1.0,1.02,,,,
106,8.5381,3.6,374,entity_2,pedestrian,walker.pedestrian.0001,entity_2,63.864,330.8446,0.9515,0.0,0.0,-89.7558,63.864,-330.8446,1.566534,0.0044,-1.0203,0.0,1.0203,0.0,0.0,0.0,0.0,0.0,0.0,5,0,-1,53.86,Driving,False,0.276,,,,,,,0.0043,-1.0,1.02,,,,
107,8.5881,3.65,374,entity_2,pedestrian,walker.pedestrian.0001,entity_2,63.8642,330.7936,0.9515,0.0,0.0,-89.7558,63.8642,-330.7936,1.566534,0.0044,-1.0203,0.0,1.0203,0.0,0.0,0.0,0.0,0.0,0.0,5,0,-1,53.86,Driving,False,0.225,,,,,,,0.0043,-1.0,1.02,,,,
108,8.6381,3.7,374,entity_2,pedestrian,walker.pedestrian.0001,entity_2,63.8644,330.7426,0.9515,0.0,0.0,-89.7558,63.8644,-330.7426,1.566534,0.0044,-1.0203,0.0,1.0203,0.0,0.0,0.0,0.0,0.0,0.0,5,0,-1,53.86,Driving,False,0.174,,,,,,,0.0043,-1.0,1.02,,,,
109,8.6881,3.75,374,entity_2,pedestrian,walker.pedestrian.0001,entity_2,63.8646,330.6916,0.9515,0.0,0.0,-89.7558,63.8646,-330.6916,1.566534,0.0044,-1.0203,0.0,1.0203,0.0,0.0,0.0,0.0,0.0,0.0,5,0,-1,53.86,Driving,False,0.123,,,,,,,0.0043,-1.0,1.02,,,,
110,8.7381,3.8,374,entity_2,pedestrian,walker.pedestrian.0001,entity_2,63.8648,330.6406,0.9515,0.0,0.0,-89.7558,63.8648,-330.6406,1.566534,0.0044,-1.0203,0.0,1.0203,0.0,0.0,0.0,0.0,0.0,0.0,5,0,-1,53.86,Driving,False,0.072,,,,,,,0.0043,-1.0,1.02,,,,
111,8.7881,3.85,374,entity_2,pedestrian,walker.pedestrian.0001,entity_2,63.8651,330.5896,0.9515,0.0,0.0,-89.7558,63.8651,-330.5896,1.566534,0.0044,-1.0203,0.0,1.0203,0.0,0.0,0.0,0.0,0.0,0.0,5,0,-1,53.86,Driving,False,0.021,,,,,,,0.0043,-1.0,1.02,,,,
112,8.8381,3.9,374,entity_2,pedestrian,walker.pedestrian.0001,entity_2,63.8653,330.5385,0.9515,0.0,0.0,-89.7558,63.8653,-330.5385,1.566534,0.0044,-1.0203,0.0,1.0203,0.0,0.0,0.0,0.0,0.0,0.0,5,0,-1,53.86,Driving,False,-0.03,,,,,,,0.0043,-1.0,1.02,,,,
113,8.8881,3.95,374,entity_2,pedestrian,walker.pedestrian.0001,entity_2,63.8655,330.4875,0.9515,0.0,0.0,-89.7558,63.8655,-330.4875,1.566534,0.0044,-1.0203,0.0,1.0203,0.0,0.0,0.0,0.0,0.0,0.0,5,0,-1,53.86,Driving,False,-0.081,,,,,,,0.0043,-1.0,1.02,,,,
114,8.9381,4.0,374,entity_2,pedestrian,walker.pedestrian.0001,entity_2,63.8657,330.4365,0.9515,0.0,0.0,-89.7558,63.8657,-330.4365,1.566534,0.0044,-1.0203,0.0,1.0203,0.0,0.0,0.0,0.0,0.0,0.0,5,0,-1,53.86,Driving,False,-0.132,,,,,,,0.0043,-1.0,1.02,,,,
115,8.9881,4.05,374,entity_2,pedestrian,walker.pedestrian.0001,entity_2,63.8659,330.3855,0.9515,0.0,0.0,-89.7558,63.8659,-330.3855,1.566534,0.0044,-1.0203,0.0,1.0203,0.0,0.0,0.0,0.0,0.0,0.0,5,0,-1,53.86,Driving,False,-0.183,,,,,,,0.0043,-1.0,1.02,,,,
116,9.0381,4.1,374,entity_2,pedestrian,walker.pedestrian.0001,entity_2,63.8661,330.3345,0.9515,0.0,0.0,-89.7558,63.8661,-330.3345,1.566534,0.0044,-1.0203,0.0,1.0203,0.0,0.0,0.0,0.0,0.0,0.0,5,0,-1,53.86,Driving,False,-0.234,,,,,,,0.0043,-1.0,1.02,,,,
117,9.0881,4.15,374,entity_2,pedestrian,walker.pedestrian.0001,entity_2,63.8664,330.2835,0.9515,0.0,0.0,-89.7558,63.8664,-330.2835,1.566534,0.0044,-1.0203,0.0,1.0203,0.0,0.0,0.0,0.0,0.0,0.0,5,0,-1,53.86,Driving,False,-0.285,,,,,,,0.0043,-1.0,1.02,,,,
118,9.1381,4.2,374,entity_2,pedestrian,walker.pedestrian.0001,entity_2,63.8666,330.2325,0.9515,0.0,0.0,-89.7558,63.8666,-330.2325,1.566534,0.0044,-1.0203,0.0,1.0203,0.0,0.0,0.0,0.0,0.0,0.0,5,0,-1,53.86,Driving,False,-0.336,,,,,,,0.0043,-1.0,1.02,,,,
119,9.1881,4.25,374,entity_2,pedestrian,walker.pedestrian.0001,entity_2,63.8668,330.1814,0.9515,0.0,0.0,-89.7558,63.8668,-330.1814,1.566534,0.0044,-1.0203,0.0,1.0203,0.0,0.0,0.0,0.0,0.0,0.0,5,0,-1,53.86,Driving,False,-0.387,,,,,,,0.0043,-1.0,1.02,,,,
120,9.2381,4.3,374,entity_2,pedestrian,walker.pedestrian.0001,entity_2,63.867,330.1304,0.9515,0.0,0.0,-89.7558,63.867,-330.1304,1.566534,0.0044,-1.0203,0.0,1.0203,0.0,0.0,0.0,0.0,0.0,0.0,5,0,-1,53.86,Driving,False,-0.438,,,,,,,0.0043,-1.0,1.02,,,,
121,9.2881,4.35,374,entity_2,pedestrian,walker.pedestrian.0001,entity_2,63.8672,330.0794,0.9515,0.0,0.0,-89.7558,63.8672,-330.0794,1.566534,0.0044,-1.0203,0.0,1.0203,0.0,0.0,0.0,0.0,0.0,0.0,5,0,-1,53.86,Driving,False,-0.489,,,,,,,0.0043,-1.0,1.02,,,,
122,9.3381,4.4,374,entity_2,pedestrian,walker.pedestrian.0001,entity_2,63.8675,330.0284,0.9515,0.0,0.0,-89.7558,63.8675,-330.0284,1.566534,0.0044,-1.0203,0.0,1.0203,0.0,0.0,0.0,0.0,0.0,0.0,5,0,-1,53.86,Driving,False,-0.54,,,,,,,0.0043,-1.0,1.02,,,,
123,9.3881,4.45,374,entity_2,pedestrian,walker.pedestrian.0001,entity_2,63.8677,329.9774,0.9515,0.0,0.0,-89.7558,63.8677,-329.9774,1.566534,0.0044,-1.0203,0.0,1.0203,0.0,0.0,0.0,0.0,0.0,0.0,5,0,-1,53.86,Driving,False,-0.591,,,,,,,0.0043,-1.0,1.02,,,,
124,9.4381,4.5,374,entity_2,pedestrian,walker.pedestrian.0001,entity_2,63.8679,329.9264,0.9515,0.0,0.0,-89.7558,63.8679,-329.9264,1.566534,0.0044,-1.0203,0.0,1.0203,0.0,0.0,0.0,0.0,0.0,0.0,5,0,-1,53.86,Driving,False,-0.642,,,,,,,0.0043,-1.0,1.02,,,,
125,9.4881,4.55,374,entity_2,pedestrian,walker.pedestrian.0001,entity_2,63.8681,329.8753,0.9515,0.0,0.0,-89.7558,63.8681,-329.8753,1.566534,0.0044,-1.0203,0.0,1.0203,0.0,0.0,0.0,0.0,0.0,0.0,5,0,-1,53.86,Driving,False,-0.693,,,,,,,0.0043,-1.0,1.02,,,,
126,9.5381,4.6,374,entity_2,pedestrian,walker.pedestrian.0001,entity_2,63.8683,329.8243,0.9515,0.0,0.0,-89.7558,63.8683,-329.8243,1.566534,0.0044,-1.0203,0.0,1.0203,0.0,0.0,0.0,0.0,0.0,0.0,5,0,-1,53.86,Driving,False,-0.744,,,,,,,0.0043,-1.0,1.02,,,,
127,9.5881,4.65,374,entity_2,pedestrian,walker.pedestrian.0001,entity_2,63.8686,329.7733,0.9515,0.0,0.0,-89.7558,63.8686,-329.7733,1.566534,0.0044,-1.0203,0.0,1.0203,0.0,0.0,0.0,0.0,0.0,0.0,5,0,-1,53.86,Driving,False,-0.796,,,,,,,0.0043,-1.0,1.02,,,,
128,9.6381,4.7,374,entity_2,pedestrian,walker.pedestrian.0001,entity_2,63.8688,329.7223,0.9515,0.0,0.0,-89.7558,63.8688,-329.7223,1.566534,0.0044,-1.0203,0.0,1.0203,0.0,0.0,0.0,0.0,0.0,0.0,5,0,-1,53.86,Driving,False,-0.847,,,,,,,0.0043,-1.0,1.02,,,,
129,9.6881,4.75,374,entity_2,pedestrian,walker.pedestrian.0001,entity_2,63.869,329.6713,0.9515,0.0,0.0,-89.7558,63.869,-329.6713,1.566534,0.0044,-1.0203,0.0,1.0203,0.0,0.0,0.0,0.0,0.0,0.0,5,0,-1,53.86,Driving,False,-0.898,,,,,,,0.0043,-1.0,1.02,,,,
130,9.7381,4.8,374,entity_2,pedestrian,walker.pedestrian.0001,entity_2,63.8692,329.6203,0.9515,0.0,0.0,-89.7558,63.8692,-329.6203,1.566534,0.0044,-1.0203,0.0,1.0203,0.0,0.0,0.0,0.0,0.0,0.0,5,0,-1,53.86,Driving,False,-0.949,,,,,,,0.0042,-1.0,1.02,,,,
131,9.7881,4.85,374,entity_2,pedestrian,walker.pedestrian.0001,entity_2,63.8694,329.5692,0.9515,0.0,0.0,-89.7558,63.8694,-329.5692,1.566534,0.0044,-1.0203,0.0,1.0203,0.0,0.0,0.0,0.0,0.0,0.0,5,0,-1,53.86,Driving,False,-1.0,,,,,,,0.0042,-1.0,1.02,,,,
132,9.8381,4.9,374,entity_2,pedestrian,walker.pedestrian.0001,entity_2,63.8697,329.5182,0.9515,0.0,0.0,-89.7558,63.8697,-329.5182,1.566534,0.0044,-1.0203,0.0,1.0203,0.0,0.0,0.0,0.0,0.0,0.0,5,0,-1,53.86,Driving,False,-1.051,,,,,,,0.0042,-1.0,1.02,,,,
133,9.8881,4.95,374,entity_2,pedestrian,walker.pedestrian.0001,entity_2,63.8699,329.4672,0.9515,0.0,0.0,-89.7558,63.8699,-329.4672,1.566534,0.0044,-1.0203,0.0,1.0203,0.0,0.0,0.0,0.0,0.0,0.0,5,0,-1,53.86,Driving,False,-1.102,,,,,,,0.0042,-1.0,1.02,,,,
134,9.9381,5.0,374,entity_2,pedestrian,walker.pedestrian.0001,entity_2,63.8701,329.4162,0.9515,0.0,0.0,-89.7558,63.8701,-329.4162,1.566534,0.0044,-1.0203,0.0,1.0203,0.0,0.0,0.0,0.0,0.0,0.0,5,0,-1,53.86,Driving,False,-1.153,,,,,,,0.0042,-1.0,1.02,,,,
135,9.9881,5.05,374,entity_2,pedestrian,walker.pedestrian.0001,entity_2,63.8703,329.3652,0.9515,0.0,0.0,-89.7558,63.8703,-329.3652,1.566534,0.0044,-1.0203,0.0,1.0203,0.0,0.0,0.0,0.0,0.0,0.0,5,0,-1,53.86,Driving,False,-1.204,,,,,,,0.0042,-1.0,1.02,,,,
136,10.0381,5.1,374,entity_2,pedestrian,walker.pedestrian.0001,entity_2,63.8705,329.3142,0.9515,0.0,0.0,-89.7558,63.8705,-329.3142,1.566534,0.0044,-1.0203,0.0,1.0203,0.0,0.0,0.0,0.0,0.0,0.0,5,0,-1,53.86,Driving,False,-1.255,,,,,,,0.0042,-1.0,1.02,,,,
137,10.0881,5.15,374,entity_2,pedestrian,walker.pedestrian.0001,entity_2,63.8708,329.2632,0.9515,0.0,0.0,-89.7558,63.8708,-329.2632,1.566534,0.0044,-1.0203,0.0,1.0203,0.0,0.0,0.0,0.0,0.0,0.0,5,0,-1,53.86,Driving,False,-1.306,,,,,,,0.0042,-1.0,1.02,,,,
138,10.1381,5.2,374,entity_2,pedestrian,walker.pedestrian.0001,entity_2,63.871,329.2121,0.9515,0.0,0.0,-89.7558,63.871,-329.2121,1.566534,0.0044,-1.0203,0.0,1.0203,0.0,0.0,0.0,0.0,0.0,0.0,5,0,-1,53.86,Driving,False,-1.357,,,,,,,0.0042,-1.0,1.02,,,,
139,10.1881,5.25,374,entity_2,pedestrian,walker.pedestrian.0001,entity_2,63.8712,329.1611,0.9515,0.0,0.0,-89.7558,63.8712,-329.1611,1.566534,0.0044,-1.0203,0.0,1.0203,0.0,0.0,0.0,0.0,0.0,0.0,5,0,-1,53.86,Driving,False,-1.408,,,,,,,0.0042,-1.0,1.02,,,,
140,10.2381,5.3,374,entity_2,pedestrian,walker.pedestrian.0001,entity_2,63.8714,329.1101,0.9515,0.0,0.0,-89.7569,63.8714,-329.1101,1.566553,0.0044,-1.0203,0.0,1.0203,0.0,0.0,0.0,0.0,0.0,0.0,5,0,-1,53.86,Driving,False,-1.459,,,,,,,0.0042,-1.0,1.02,,,,
141,10.2881,5.35,374,entity_2,pedestrian,walker.pedestrian.0001,entity_2,63.8716,329.0591,0.9515,0.0,0.0,-89.7569,63.8716,-329.0591,1.566553,0.0044,-1.0203,0.0,1.0203,0.0,0.0,0.0,0.0,0.0,0.0,5,0,-1,53.86,Driving,False,-1.51,,,,,,,0.0042,-1.0,1.02,,,,
142,10.3381,5.4,374,entity_2,pedestrian,walker.pedestrian.0001,entity_2,63.8719,329.0081,0.9515,0.0,0.0,-89.7569,63.8719,-329.0081,1.566553,0.0044,-1.0203,0.0,1.0203,0.0,0.0,0.0,0.0,0.0,0.0,5,0,-1,53.86,Driving,False,-1.561,,,,,,,0.0042,-1.0,1.02,,,,
143,10.3881,5.45,374,entity_2,pedestrian,walker.pedestrian.0001,entity_2,63.8721,328.9571,0.9515,0.0,0.0,-89.7569,63.8721,-328.9571,1.566553,0.0044,-1.0203,0.0,1.0203,0.0,0.0,0.0,0.0,0.0,0.0,5,0,-1,53.86,Driving,False,-1.612,,,,,,,0.0042,-1.0,1.02,,,,
144,10.4381,5.5,374,entity_2,pedestrian,walker.pedestrian.0001,entity_2,63.8723,328.906,0.9515,0.0,0.0,-89.7569,63.8723,-328.906,1.566553,0.0044,-1.0203,0.0,1.0203,0.0,0.0,0.0,0.0,0.0,0.0,5,0,-1,53.86,Driving,False,-1.663,,,,,,,0.0042,-1.0,1.02,,,,
145,10.4881,5.55,374,entity_2,pedestrian,walker.pedestrian.0001,entity_2,63.8725,328.855,0.9515,0.0,0.0,-89.7569,63.8725,-328.855,1.566553,0.0044,-1.0203,0.0,1.0203,0.0,0.0,0.0,0.0,0.0,0.0,5,0,-1,53.86,Driving,False,-1.714,,,,,,,0.0042,-1.0,1.02,,,,
146,10.5381,5.6,374,entity_2,pedestrian,walker.pedestrian.0001,entity_2,63.8727,328.804,0.9515,0.0,0.0,-89.7569,63.8727,-328.804,1.566553,0.0044,-1.0203,0.0,1.0203,0.0,0.0,0.0,0.0,0.0,0.0,5,0,-1,53.86,Driving,False,-1.765,,,,,,,0.0042,-1.0,1.02,,,,
147,10.5881,5.65,374,entity_2,pedestrian,walker.pedestrian.0001,entity_2,63.873,328.753,0.9515,0.0,0.0,-89.7569,63.873,-328.753,1.566553,0.0044,-1.0203,0.0,1.0203,0.0,0.0,0.0,0.0,0.0,0.0,5,0,-1,53.86,Driving,False,-1.816,,,,,,,0.0042,-1.0,1.02,,,,
148,10.6381,5.7,374,entity_2,pedestrian,walker.pedestrian.0001,entity_2,63.8732,328.702,0.9515,0.0,0.0,-89.7569,63.8732,-328.702,1.566553,0.0044,-1.0203,0.0,1.0203,0.0,0.0,0.0,0.0,0.0,0.0,5,0,-1,53.86,Driving,False,-1.867,,,,,,,0.0042,-1.0,1.02,,,,
149,10.6881,5.75,374,entity_2,pedestrian,walker.pedestrian.0001,entity_2,63.8734,328.651,0.9515,0.0,0.0,-89.7569,63.8734,-328.651,1.566553,0.0044,-1.0203,0.0,1.0203,0.0,0.0,0.0,0.0,0.0,0.0,5,0,-1,53.86,Driving,False,-1.918,,,,,,,0.0042,-1.0,1.02,,,,
150,10.7381,5.8,374,entity_2,pedestrian,walker.pedestrian.0001,entity_2,63.8736,328.5999,0.9515,0.0,0.0,-89.7569,63.8736,-328.5999,1.566553,0.0044,-1.0203,0.0,1.0203,0.0,0.0,0.0,0.0,0.0,0.0,5,0,-1,53.86,Driving,False,-1.969,,,,,,,0.0042,-1.0,1.02,,,,
151,10.7881,5.85,374,entity_2,pedestrian,walker.pedestrian.0001,entity_2,63.8738,328.549,0.9515,0.0,0.0,-89.7569,63.8738,-328.549,1.566553,0.0044,-1.0203,0.0,1.0203,0.0,0.0,0.0,0.0,0.0,0.0,5,0,1,53.86,Driving,False,-1.98,,,,,,,0.0042,-1.0,1.02,,,,
152,10.8381,5.9,374,entity_2,pedestrian,walker.pedestrian.0001,entity_2,63.8741,328.4979,0.9515,0.0,0.0,-89.7569,63.8741,-328.4979,1.566553,0.0044,-1.0203,0.0,1.0203,0.0,0.0,0.0,0.0,0.0,0.0,5,0,1,53.86,Driving,False,-1.929,,,,,,,0.0042,-1.0,1.02,,,,
153,10.8881,5.95,374,entity_2,pedestrian,walker.pedestrian.0001,entity_2,63.8743,328.4469,0.9515,0.0,0.0,-89.7569,63.8743,-328.4469,1.566553,0.0044,-1.0203,0.0,1.0203,0.0,0.0,0.0,0.0,0.0,0.0,5,0,1,53.86,Driving,False,-1.878,,,,,,,0.0042,-1.0,1.02,,,,
154,10.9381,6.0,374,entity_2,pedestrian,walker.pedestrian.0001,entity_2,63.8745,328.3959,0.9515,0.0,0.0,-89.7569,63.8745,-328.3959,1.566553,0.0044,-1.0203,0.0,1.0203,0.0,0.0,0.0,0.0,0.0,0.0,5,0,1,53.86,Driving,False,-1.827,,,,,,,0.0042,-1.0,1.02,,,,
155,10.9881,6.05,374,entity_2,pedestrian,walker.pedestrian.0001,entity_2,63.8747,328.3449,0.9515,0.0,0.0,-89.7569,63.8747,-328.3449,1.566553,0.0044,-1.0203,0.0,1.0203,0.0,0.0,0.0,0.0,0.0,0.0,5,0,1,53.86,Driving,False,-1.776,,,,,,,0.0042,-1.0,1.02,,,,
156,11.0381,6.1,374,entity_2,pedestrian,walker.pedestrian.0001,entity_2,63.8749,328.2939,0.9515,0.0,0.0,-89.7569,63.8749,-328.2939,1.566553,0.0044,-1.0203,0.0,1.0203,0.0,0.0,0.0,0.0,0.0,0.0,5,0,1,53.86,Driving,False,-1.725,,,,,,,0.0042,-1.0,1.02,,,,
157,11.0881,6.15,374,entity_2,pedestrian,walker.pedestrian.0001,entity_2,63.8752,328.2429,0.9515,0.0,0.0,-89.7569,63.8752,-328.2429,1.566553,0.0044,-1.0203,0.0,1.0203,0.0,0.0,0.0,0.0,0.0,0.0,5,0,1,53.86,Driving,False,-1.674,,,,,,,0.0042,-1.0,1.02,,,,
158,11.1381,6.2,374,entity_2,pedestrian,walker.pedestrian.0001,entity_2,63.8754,328.1918,0.9515,0.0,0.0,-89.7569,63.8754,-328.1918,1.566553,0.0044,-1.0203,0.0,1.0203,0.0,0.0,0.0,0.0,0.0,0.0,5,0,1,53.87,Driving,False,-1.623,,,,,,,0.0042,-1.0,1.02,,,,
159,11.1881,6.25,374,entity_2,pedestrian,walker.pedestrian.0001,entity_2,63.8756,328.1408,0.9515,0.0,0.0,-89.7569,63.8756,-328.1408,1.566553,0.0044,-1.0203,0.0,1.0203,0.0,0.0,0.0,0.0,0.0,0.0,5,0,1,53.87,Driving,False,-1.572,,,,,,,0.0042,-1.0,1.02,,,,
160,11.2381,6.3,374,entity_2,pedestrian,walker.pedestrian.0001,entity_2,63.8758,328.0898,0.9515,0.0,0.0,-89.7569,63.8758,-328.0898,1.566553,0.0044,-1.0203,0.0,1.0203,0.0,0.0,0.0,0.0,0.0,0.0,5,0,1,53.87,Driving,False,-1.521,,,,,,,0.0042,-1.0,1.02,,,,
161,11.2881,6.35,374,entity_2,pedestrian,walker.pedestrian.0001,entity_2,63.876,328.0388,0.9515,0.0,0.0,-89.7579,63.876,-328.0388,1.566571,0.0044,-1.0203,0.0,1.0203,0.0,0.0,0.0,0.0,0.0,0.0,5,0,1,53.87,Driving,False,-1.47,,,,,,,0.0042,-1.0,1.02,,,,
162,11.3381,6.4,374,entity_2,pedestrian,walker.pedestrian.0001,entity_2,63.8763,327.9878,0.9515,0.0,0.0,-89.7579,63.8763,-327.9878,1.566571,0.0044,-1.0203,0.0,1.0203,0.0,0.0,0.0,0.0,0.0,0.0,5,0,1,53.87,Driving,False,-1.419,,,,,,,0.0042,-1.0,1.02,,,,
163,11.3881,6.45,374,entity_2,pedestrian,walker.pedestrian.0001,entity_2,63.8765,327.9367,0.9515,0.0,0.0,-89.7579,63.8765,-327.9367,1.566571,0.0044,-1.0203,0.0,1.0203,0.0,0.0,0.0,0.0,0.0,0.0,5,0,1,53.87,Driving,False,-1.368,,,,,,,0.0042,-1.0,1.02,,,,
164,11.4381,6.5,374,entity_2,pedestrian,walker.pedestrian.0001,entity_2,63.8767,327.8857,0.9515,0.0,0.0,-89.7579,63.8767,-327.8857,1.566571,0.0044,-1.0203,0.0,1.0203,0.0,0.0,0.0,0.0,0.0,0.0,5,0,1,53.87,Driving,False,-1.317,,,,,,,0.0042,-1.0,1.02,,,,
165,11.4881,6.55,374,entity_2,pedestrian,walker.pedestrian.0001,entity_2,63.8769,327.8347,0.9515,0.0,0.0,-89.7579,63.8769,-327.8347,1.566571,0.0044,-1.0203,0.0,1.0203,0.0,0.0,0.0,0.0,0.0,0.0,5,0,1,53.87,Driving,False,-1.266,,,,,,,0.0042,-1.0,1.02,,,,
166,11.5381,6.6,374,entity_2,pedestrian,walker.pedestrian.0001,entity_2,63.8771,327.7837,0.9515,0.0,0.0,-89.7579,63.8771,-327.7837,1.566571,0.0044,-1.0203,0.0,1.0203,0.0,0.0,0.0,0.0,0.0,0.0,5,0,1,53.87,Driving,False,-1.215,,,,,,,0.0042,-1.0,1.02,,,,
167,11.5881,6.65,374,entity_2,pedestrian,walker.pedestrian.0001,entity_2,63.8774,327.7327,0.9515,0.0,0.0,-89.7579,63.8774,-327.7327,1.566571,0.0044,-1.0203,0.0,1.0203,0.0,0.0,0.0,0.0,0.0,0.0,5,0,1,53.87,Driving,False,-1.164,,,,,,,0.0042,-1.0,1.02,,,,
168,11.6381,6.7,374,entity_2,pedestrian,walker.pedestrian.0001,entity_2,63.8776,327.6817,0.9515,0.0,0.0,-89.7579,63.8776,-327.6817,1.566571,0.0044,-1.0203,0.0,1.0203,0.0,0.0,0.0,0.0,0.0,0.0,5,0,1,53.87,Driving,False,-1.113,,,,,,,0.0042,-1.0,1.02,,,,
169,11.6881,6.75,374,entity_2,pedestrian,walker.pedestrian.0001,entity_2,63.8778,327.6307,0.9515,0.0,0.0,-89.7579,63.8778,-327.6307,1.566571,0.0044,-1.0199,0.0,1.0199,0.0,0.0078,0.0,0.0,0.0,0.0,5,0,1,53.87,Driving,False,-1.062,,,,,,,0.0042,-1.0,1.02,,,,
170,11.7381,6.8,374,entity_2,pedestrian,walker.pedestrian.0001,entity_2,63.878,327.5797,0.9515,0.0,0.0,-89.7579,63.878,-327.5797,1.566571,0.0044,-1.0199,0.0,1.0199,0.0,0.0,0.0,0.0,0.0,0.0,5,0,1,53.87,Driving,False,-1.011,,,,,,,0.0042,-1.0,1.02,,,,
171,11.7881,6.85,374,entity_2,pedestrian,walker.pedestrian.0001,entity_2,63.8782,327.5287,0.9515,0.0,0.0,-89.7579,63.8782,-327.5287,1.566571,0.0044,-1.0199,0.0,1.0199,0.0,0.0,0.0,0.0,0.0,0.0,5,0,1,53.87,Driving,False,-0.96,,,,,,,0.0042,-1.0,1.02,,,,
172,11.8381,6.9,374,entity_2,pedestrian,walker.pedestrian.0001,entity_2,63.8785,327.4777,0.9515,0.0,0.0,-89.7579,63.8785,-327.4777,1.566571,0.0044,-1.0199,0.0,1.0199,0.0,0.0,0.0,0.0,0.0,0.0,5,0,1,53.87,Driving,False,-0.909,,,,,,,0.0042,-1.0,1.02,,,,
173,11.8881,6.95,374,entity_2,pedestrian,walker.pedestrian.0001,entity_2,63.8787,327.4267,0.9515,0.0,0.0,-89.7579,63.8787,-327.4267,1.566571,0.0044,-1.0199,0.0,1.0199,0.0,0.0,0.0,0.0,0.0,0.0,5,0,1,53.87,Driving,False,-0.858,,,,,,,0.0042,-1.0,1.02,,,,
174,11.9381,7.0,374,entity_2,pedestrian,walker.pedestrian.0001,entity_2,63.8789,327.3757,0.9515,0.0,0.0,-89.7579,63.8789,-327.3757,1.566571,0.0044,-1.0199,0.0,1.0199,0.0,0.0,0.0,0.0,0.0,0.0,5,0,1,53.87,Driving,False,-0.807,,,,,,,0.0042,-1.0,1.02,,,,
175,11.9881,7.05,374,entity_2,pedestrian,walker.pedestrian.0001,entity_2,63.8791,327.3247,0.9515,0.0,0.0,-89.759,63.8791,-327.3247,1.56659,0.0044,-1.0199,0.0,1.0199,0.0,0.0,0.0,0.0,0.0,0.0,5,0,1,53.87,Driving,False,-0.756,,,,,,,0.0042,-1.0,1.02,,,,
176,12.0381,7.1,374,entity_2,pedestrian,walker.pedestrian.0001,entity_2,63.8793,327.2737,0.9515,0.0,0.0,-89.759,63.8793,-327.2737,1.56659,0.0044,-1.0199,0.0,1.0199,0.0,0.0,0.0,0.0,0.0,0.0,5,0,1,53.87,Driving,False,-0.705,,,,,,,0.0042,-1.0,1.02,,,,
177,12.0881,7.15,374,entity_2,pedestrian,walker.pedestrian.0001,entity_2,63.8796,327.2227,0.9515,0.0,0.0,-89.759,63.8796,-327.2227,1.56659,0.0044,-1.0199,0.0,1.0199,0.0,0.0,0.0,0.0,0.0,0.0,5,0,1,53.87,Driving,False,-0.654,,,,,,,0.0042,-1.0,1.02,,,,
178,12.1381,7.2,374,entity_2,pedestrian,walker.pedestrian.0001,entity_2,63.8798,327.1717,0.9515,0.0,0.0,-89.759,63.8798,-327.1717,1.56659,0.0044,-1.0199,0.0,1.0199,0.0,0.0,0.0,0.0,0.0,0.0,5,0,1,53.87,Driving,False,-0.603,,,,,,,0.0042,-1.0,1.02,,,,
179,12.1881,7.25,374,entity_2,pedestrian,walker.pedestrian.0001,entity_2,63.88,327.1207,0.9515,0.0,0.0,-89.759,63.88,-327.1207,1.56659,0.0044,-1.0199,0.0,1.0199,0.0,0.0,0.0,0.0,0.0,0.0,5,0,1,53.87,Driving,False,-0.552,,,,,,,0.0042,-1.0,1.02,,,,
180,12.2381,7.3,374,entity_2,pedestrian,walker.pedestrian.0001,entity_2,63.8802,327.0697,0.9515,0.0,0.0,-89.759,63.8802,-327.0697,1.56659,0.0043,-1.0199,0.0,1.0199,-0.002,0.0,0.0,0.0,0.0,0.0,5,0,1,53.87,Driving,False,-0.501,,,,,,,0.0042,-1.0,1.02,,,,
181,12.2881,7.35,374,entity_2,pedestrian,walker.pedestrian.0001,entity_2,63.8804,327.0187,0.9515,0.0,0.0,-89.759,63.8804,-327.0187,1.56659,0.0043,-1.0199,0.0,1.0199,0.0,0.0,0.0,0.0,0.0,0.0,5,0,1,53.87,Driving,False,-0.45,,,,,,,0.0042,-1.0,1.02,,,,
182,12.3381,7.4,374,entity_2,pedestrian,walker.pedestrian.0001,entity_2,63.8806,326.9677,0.9515,0.0,0.0,-89.759,63.8806,-326.9677,1.56659,0.0043,-1.0199,0.0,1.0199,0.0,0.0,0.0,0.0,0.0,0.0,5,0,1,53.87,Driving,False,-0.399,,,,,,,0.0042,-1.0,1.02,,,,
183,12.3881,7.45,374,entity_2,pedestrian,walker.pedestrian.0001,entity_2,63.8809,326.9167,0.9515,0.0,0.0,-89.759,63.8809,-326.9167,1.56659,0.0043,-1.0199,0.0,1.0199,0.0,0.0,0.0,0.0,0.0,0.0,5,0,1,53.87,Driving,False,-0.348,,,,,,,0.0042,-1.0,1.02,,,,
184,12.4381,7.5,374,entity_2,pedestrian,walker.pedestrian.0001,entity_2,63.8811,326.8657,0.9515,0.0,0.0,-89.759,63.8811,-326.8657,1.56659,0.0043,-1.0199,0.0,1.0199,0.0,0.0,0.0,0.0,0.0,0.0,5,0,1,53.87,Driving,False,-0.297,,,,,,,0.0042,-1.0,1.02,,,,
185,12.4881,7.55,374,entity_2,pedestrian,walker.pedestrian.0001,entity_2,63.8813,326.8147,0.9515,0.0,0.0,-89.759,63.8813,-326.8147,1.56659,0.0043,-1.0199,0.0,1.0199,0.0,0.0,0.0,0.0,0.0,0.0,5,0,1,53.87,Driving,False,-0.246,,,,,,,0.0042,-1.0,1.02,,,,
186,12.5381,7.6,374,entity_2,pedestrian,walker.pedestrian.0001,entity_2,63.8815,326.7637,0.9515,0.0,0.0,-89.759,63.8815,-326.7637,1.56659,0.0043,-1.0199,0.0,1.0199,0.0,0.0,0.0,0.0,0.0,0.0,5,0,1,53.87,Driving,False,-0.195,,,,,,,0.0042,-1.0,1.02,,,,
187,12.5881,7.65,374,entity_2,pedestrian,walker.pedestrian.0001,entity_2,63.8817,326.7127,0.9515,0.0,0.0,-89.759,63.8817,-326.7127,1.56659,0.0043,-1.0199,0.0,1.0199,0.0,0.0,0.0,0.0,0.0,0.0,5,0,1,53.87,Driving,False,-0.144,,,,,,,0.0042,-1.0,1.02,,,,
188,12.6381,7.7,374,entity_2,pedestrian,walker.pedestrian.0001,entity_2,63.8819,326.6617,0.9515,0.0,0.0,-89.759,63.8819,-326.6617,1.56659,0.0043,-1.0199,0.0,1.0199,0.0,0.0,0.0,0.0,0.0,0.0,5,0,1,53.87,Driving,False,-0.093,,,,,,,0.0042,-1.0,1.02,,,,
189,12.6881,7.75,374,entity_2,pedestrian,walker.pedestrian.0001,entity_2,63.8821,326.6107,0.9515,0.0,0.0,-89.759,63.8821,-326.6107,1.56659,0.0043,-1.0199,0.0,1.0199,0.0,0.0,0.0,0.0,0.0,0.0,5,0,1,53.87,Driving,False,-0.042,,,,,,,0.0042,-1.0,1.02,,,,
190,12.7381,7.8,374,entity_2,pedestrian,walker.pedestrian.0001,entity_2,63.8824,326.5598,0.9515,0.0,0.0,-89.759,63.8824,-326.5598,1.56659,0.0043,-1.0199,0.0,1.0199,0.0,0.0,0.0,0.0,0.0,0.0,5,0,1,53.87,Driving,False,0.009,,,,,,,0.0042,-1.0,1.02,,,,
191,12.7881,7.85,374,entity_2,pedestrian,walker.pedestrian.0001,entity_2,63.8826,326.5088,0.9515,0.0,0.0,-89.759,63.8826,-326.5088,1.56659,0.0043,-1.0199,0.0,1.0199,0.0,0.0,0.0,0.0,0.0,0.0,5,0,1,53.87,Driving,False,0.06,,,,,,,0.0042,-1.0,1.02,,,,
192,12.8381,7.9,374,entity_2,pedestrian,walker.pedestrian.0001,entity_2,63.8828,326.4578,0.9515,0.0,0.0,-89.759,63.8828,-326.4578,1.56659,0.0043,-1.0199,0.0,1.0199,0.0,0.0,0.0,0.0,0.0,0.0,5,0,1,53.87,Driving,False,0.111,,,,,,,0.0042,-1.0,1.02,,,,
193,12.8881,7.95,374,entity_2,pedestrian,walker.pedestrian.0001,entity_2,63.883,326.4068,0.9515,0.0,0.0,-89.759,63.883,-326.4068,1.56659,0.0043,-1.0199,0.0,1.0199,0.0,0.0,0.0,0.0,0.0,0.0,5,0,1,53.87,Driving,False,0.162,,,,,,,0.0042,-1.0,1.02,,,,
194,12.9381,8.0,374,entity_2,pedestrian,walker.pedestrian.0001,entity_2,63.8832,326.3558,0.9515,0.0,0.0,-89.759,63.8832,-326.3558,1.56659,0.0043,-1.0199,0.0,1.0199,0.0,0.0,0.0,0.0,0.0,0.0,5,0,1,53.87,Driving,False,0.213,,,,,,,0.0042,-1.0,1.02,,,,
195,12.9881,8.05,374,entity_2,pedestrian,walker.pedestrian.0001,entity_2,63.8834,326.3048,0.9515,0.0,0.0,-89.759,63.8834,-326.3048,1.56659,0.0043,-1.0199,0.0,1.0199,0.0,0.0,0.0,0.0,0.0,0.0,5,0,1,53.87,Driving,False,0.264,,,,,,,0.0042,-1.0,1.02,,,,
196,13.0381,8.1,374,entity_2,pedestrian,walker.pedestrian.0001,entity_2,63.8836,326.2538,0.9515,0.0,0.0,-89.759,63.8836,-326.2538,1.56659,0.0043,-1.0199,0.0,1.0199,0.0,0.0,0.0,0.0,0.0,0.0,5,0,1,53.87,Driving,False,0.315,,,,,,,0.0042,-1.0,1.02,,,,
197,13.0881,8.15,374,entity_2,pedestrian,walker.pedestrian.0001,entity_2,63.8839,326.2028,0.9515,0.0,0.0,-89.759,63.8839,-326.2028,1.56659,0.0043,-1.0199,0.0,1.0199,0.0,0.0,0.0,0.0,0.0,0.0,5,0,1,53.87,Driving,False,0.366,,,,,,,0.0042,-1.0,1.02,,,,
198,13.1381,8.2,374,entity_2,pedestrian,walker.pedestrian.0001,entity_2,63.8841,326.1518,0.9515,0.0,0.0,-89.759,63.8841,-326.1518,1.56659,0.0043,-1.0199,0.0,1.0199,0.0,0.0,0.0,0.0,0.0,0.0,5,0,1,53.87,Driving,False,0.417,,,,,,,0.0042,-1.0,1.02,,,,
199,13.1881,8.25,374,entity_2,pedestrian,walker.pedestrian.0001,entity_2,63.8843,326.1008,0.9515,0.0,0.0,-89.759,63.8843,-326.1008,1.56659,0.0043,-1.0199,0.0,1.0199,0.0,0.0,0.0,0.0,0.0,0.0,5,0,1,53.87,Driving,False,0.468,,,,,,,0.0042,-1.0,1.02,,,,
200,13.2381,8.3,374,entity_2,pedestrian,walker.pedestrian.0001,entity_2,63.8845,326.0498,0.9515,0.0,0.0,-89.759,63.8845,-326.0498,1.56659,0.0043,-1.0199,0.0,1.0199,0.0,0.0,0.0,0.0,0.0,0.0,5,0,1,53.87,Driving,False,0.519,,,,,,,0.0042,-1.0,1.02,,,,
201,13.2881,8.35,374,entity_2,pedestrian,walker.pedestrian.0001,entity_2,63.8847,325.9988,0.9515,0.0,0.0,-89.76,63.8847,-325.9988,1.566608,0.0043,-1.0199,0.0,1.0199,0.0,0.0,0.0,0.0,0.0,0.0,5,0,1,53.87,Driving,False,0.57,,,,,,,0.0042,-1.0,1.02,,,,
202,13.3381,8.4,374,entity_2,pedestrian,walker.pedestrian.0001,entity_2,63.8849,325.9478,0.9515,0.0,0.0,-89.76,63.8849,-325.9478,1.566608,0.0043,-1.0199,0.0,1.0199,0.0,0.0,0.0,0.0,0.0,0.0,5,0,1,53.87,Driving,False,0.621,,,,,,,0.0042,-1.0,1.02,,,,
203,13.3881,8.45,374,entity_2,pedestrian,walker.pedestrian.0001,entity_2,63.8852,325.8968,0.9515,0.0,0.0,-89.76,63.8852,-325.8968,1.566608,0.0043,-1.0199,0.0,1.0199,0.0,0.0,0.0,0.0,0.0,0.0,5,0,1,53.87,Driving,False,0.672,,,,,,,0.0042,-1.0,1.02,,,,
204,13.4381,8.5,374,entity_2,pedestrian,walker.pedestrian.0001,entity_2,63.8854,325.8458,0.9515,0.0,0.0,-89.76,63.8854,-325.8458,1.566608,0.0043,-1.0199,0.0,1.0199,0.0,0.0,0.0,0.0,0.0,0.0,5,0,1,53.87,Driving,False,0.723,,,,,,,0.0042,-1.0,1.02,,,,
205,13.4881,8.55,374,entity_2,pedestrian,walker.pedestrian.0001,entity_2,63.8856,325.7948,0.9515,0.0,0.0,-89.76,63.8856,-325.7948,1.566608,0.0043,-1.0199,0.0,1.0199,0.0,0.0,0.0,0.0,0.0,0.0,5,0,1,53.87,Driving,False,0.774,,,,,,,0.0042,-1.0,1.02,,,,
206,13.5381,8.6,374,entity_2,pedestrian,walker.pedestrian.0001,entity_2,63.8858,325.7438,0.9515,0.0,0.0,-89.76,63.8858,-325.7438,1.566608,0.0043,-1.0199,0.0,1.0199,0.0,0.0,0.0,0.0,0.0,0.0,5,0,1,53.87,Driving,False,0.825,,,,,,,0.0042,-1.0,1.02,,,,
207,13.5881,8.65,374,entity_2,pedestrian,walker.pedestrian.0001,entity_2,63.886,325.6928,0.9515,0.0,0.0,-89.76,63.886,-325.6928,1.566608,0.0043,-1.0199,0.0,1.0199,0.0,0.0,0.0,0.0,0.0,0.0,5,0,1,53.87,Driving,False,0.876,,,,,,,0.0042,-1.0,1.02,,,,
208,13.6381,8.7,374,entity_2,pedestrian,walker.pedestrian.0001,entity_2,63.8862,325.6418,0.9515,0.0,0.0,-89.76,63.8862,-325.6418,1.566608,0.0043,-1.0199,0.0,1.0199,0.0,0.0,0.0,0.0,0.0,0.0,5,0,1,53.87,Driving,False,0.927,,,,,,,0.0042,-1.0,1.02,,,,
209,13.6881,8.75,374,entity_2,pedestrian,walker.pedestrian.0001,entity_2,63.8864,325.5908,0.9515,0.0,0.0,-89.76,63.8864,-325.5908,1.566608,0.0043,-1.0199,0.0,1.0199,0.0,0.0,0.0,0.0,0.0,0.0,5,0,1,53.87,Driving,False,0.978,,,,,,,0.0042,-1.0,1.02,,,,
210,13.7381,8.8,374,entity_2,pedestrian,walker.pedestrian.0001,entity_2,63.8867,325.5398,0.9515,0.0,0.0,-89.76,63.8867,-325.5398,1.566608,0.0043,-1.0199,0.0,1.0199,0.0,0.0,0.0,0.0,0.0,0.0,5,0,1,53.88,Driving,False,1.029,,,,,,,0.0042,-1.0,1.02,,,,
211,13.7881,8.85,374,entity_2,pedestrian,walker.pedestrian.0001,entity_2,63.8869,325.4888,0.9515,0.0,0.0,-89.76,63.8869,-325.4888,1.566608,0.0043,-1.0199,0.0,1.0199,0.0,0.0,0.0,0.0,0.0,0.0,5,0,2,53.88,Shoulder,False,-1.07,,,,,,,0.0042,-1.0,1.02,,,,
212,13.8381,8.9,374,entity_2,pedestrian,walker.pedestrian.0001,entity_2,63.8871,325.4378,0.9515,0.0,0.0,-89.76,63.8871,-325.4378,1.566608,0.0043,-1.0199,0.0,1.0199,0.0,0.0,0.0,0.0,0.0,0.0,5,0,2,53.88,Shoulder,False,-1.019,,,,,,,0.0042,-1.0,1.02,,,,
213,13.8881,8.95,374,entity_2,pedestrian,walker.pedestrian.0001,entity_2,63.8873,325.3868,0.9515,0.0,0.0,-89.76,63.8873,-325.3868,1.566608,0.0043,-1.0199,0.0,1.0199,0.0,0.0,0.0,0.0,0.0,0.0,5,0,2,53.88,Shoulder,False,-0.968,,,,,,,0.0042,-1.0,1.02,,,,
214,13.9381,9.0,374,entity_2,pedestrian,walker.pedestrian.0001,entity_2,63.8875,325.3358,0.9515,0.0,0.0,-89.76,63.8875,-325.3358,1.566608,0.0043,-1.0199,0.0,1.0199,0.0,0.0,0.0,0.0,0.0,0.0,5,0,2,53.88,Shoulder,False,-0.917,,,,,,,0.0042,-1.0,1.02,,,,
215,13.9881,9.05,374,entity_2,pedestrian,walker.pedestrian.0001,entity_2,63.8877,325.2849,0.9515,0.0,0.0,-89.76,63.8877,-325.2849,1.566608,0.0043,-1.0199,0.0,1.0199,0.0,0.0,0.0,0.0,0.0,0.0,5,0,2,53.88,Shoulder,False,-0.866,,,,,,,0.0042,-1.0,1.02,,,,
216,14.0381,9.1,374,entity_2,pedestrian,walker.pedestrian.0001,entity_2,63.8879,325.2339,0.9515,0.0,0.0,-89.7611,63.8879,-325.2339,1.566627,0.0043,-1.0199,0.0,1.0199,0.0,0.0,0.0,0.0,0.0,0.0,5,0,2,53.88,Shoulder,False,-0.815,,,,,,,0.0042,-1.0,1.02,,,,
217,14.0881,9.15,374,entity_2,pedestrian,walker.pedestrian.0001,entity_2,63.8882,325.1829,0.9515,0.0,0.0,-89.7611,63.8882,-325.1829,1.566627,0.0043,-1.0199,0.0,1.0199,0.0,0.0,0.0,0.0,0.0,0.0,5,0,2,53.88,Shoulder,False,-0.764,,,,,,,0.0042,-1.0,1.02,,,,
218,14.1381,9.2,374,entity_2,pedestrian,walker.pedestrian.0001,entity_2,63.8884,325.1319,0.9515,0.0,0.0,-89.7611,63.8884,-325.1319,1.566627,0.0043,-1.0199,0.0,1.0199,0.0,0.0,0.0,0.0,0.0,0.0,5,0,2,53.88,Shoulder,False,-0.713,,,,,,,0.0042,-1.0,1.02,,,,
219,14.1881,9.25,374,entity_2,pedestrian,walker.pedestrian.0001,entity_2,63.8886,325.0809,0.9515,0.0,0.0,-89.7611,63.8886,-325.0809,1.566627,0.0043,-1.0199,0.0,1.0199,0.0,0.0,0.0,0.0,0.0,0.0,5,0,2,53.88,Shoulder,False,-0.662,,,,,,,0.0042,-1.0,1.02,,,,
220,14.2381,9.3,374,entity_2,pedestrian,walker.pedestrian.0001,entity_2,63.8888,325.0299,0.9515,0.0,0.0,-89.7611,63.8888,-325.0299,1.566627,0.0043,-1.0199,0.0,1.0199,0.0,0.0,0.0,0.0,0.0,0.0,5,0,2,53.88,Shoulder,False,-0.611,,,,,,,0.0042,-1.0,1.02,,,,
221,14.2881,9.35,374,entity_2,pedestrian,walker.pedestrian.0001,entity_2,63.889,324.9789,0.9515,0.0,0.0,-89.7611,63.889,-324.9789,1.566627,0.0043,-1.0199,0.0,1.0199,0.0,0.0,0.0,0.0,0.0,0.0,5,0,2,53.88,Shoulder,False,-0.56,,,,,,,0.0042,-1.0,1.02,,,,
222,14.3381,9.4,374,entity_2,pedestrian,walker.pedestrian.0001,entity_2,63.8892,324.9279,0.9515,0.0,0.0,-89.7611,63.8892,-324.9279,1.566627,0.0043,-1.0199,0.0,1.0199,0.0,0.0,0.0,0.0,0.0,0.0,5,0,2,53.88,Shoulder,False,-0.509,,,,,,,0.0042,-1.0,1.02,,,,
223,14.3881,9.45,374,entity_2,pedestrian,walker.pedestrian.0001,entity_2,63.8894,324.8769,0.9515,0.0,0.0,-89.7611,63.8894,-324.8769,1.566627,0.0043,-1.0199,0.0,1.0199,0.0,0.0,0.0,0.0,0.0,0.0,5,0,2,53.88,Shoulder,False,-0.458,,,,,,,0.0042,-1.0,1.02,,,,
224,14.4381,9.5,374,entity_2,pedestrian,walker.pedestrian.0001,entity_2,63.8897,324.8259,0.9515,0.0,0.0,-89.7611,63.8897,-324.8259,1.566627,0.0043,-1.0199,0.0,1.0199,0.0,0.0,0.0,0.0,0.0,0.0,5,0,2,53.88,Shoulder,False,-0.407,,,,,,,0.0042,-1.0,1.02,,,,
225,14.4881,9.55,374,entity_2,pedestrian,walker.pedestrian.0001,entity_2,63.8899,324.7749,0.9515,0.0,0.0,-89.7611,63.8899,-324.7749,1.566627,0.0043,-1.0199,0.0,1.0199,0.0,0.0,0.0,0.0,0.0,0.0,5,0,2,53.88,Shoulder,False,-0.356,,,,,,,0.0042,-1.0,1.02,,,,
226,14.5381,9.6,374,entity_2,pedestrian,walker.pedestrian.0001,entity_2,63.8901,324.7239,0.9779,0.0,0.0,-89.7611,63.8901,-324.7239,1.566627,0.0043,-1.0199,0.0,1.0199,0.0,0.0,0.0,0.0,0.0,0.0,5,0,2,53.88,Shoulder,False,-0.305,,,,,,,0.0042,-1.0,1.02,,,,
227,14.5881,9.65,374,entity_2,pedestrian,walker.pedestrian.0001,entity_2,63.8903,324.6729,1.024,0.0,0.0,-89.7611,63.8903,-324.6729,1.566627,0.0043,-1.0199,0.0,1.0199,0.0,0.0,0.0,0.0,0.0,0.0,5,0,2,53.88,Shoulder,False,-0.254,,,,,,,0.0042,-1.0,1.02,,,,
228,14.6381,9.7,374,entity_2,pedestrian,walker.pedestrian.0001,entity_2,63.8905,324.6219,1.048,0.0,0.0,-89.7611,63.8905,-324.6219,1.566627,0.0043,-1.0199,0.0,1.0199,0.0,0.0,0.0,0.0,0.0,0.0,5,0,2,53.88,Shoulder,False,-0.203,,,,,,,0.0042,-1.0,1.02,,,,
229,14.6881,9.75,374,entity_2,pedestrian,walker.pedestrian.0001,entity_2,63.8907,324.5709,1.0558,0.0,0.0,-89.7611,63.8907,-324.5709,1.566627,0.0043,-1.0199,0.0,1.0199,0.0,0.0,0.0,0.0,0.0,0.0,5,0,2,53.88,Shoulder,False,-0.152,,,,,,,0.0042,-1.0,1.02,,,,
230,14.7381,9.8,374,entity_2,pedestrian,walker.pedestrian.0001,entity_2,63.8909,324.5199,1.0558,0.0,0.0,-89.7611,63.8909,-324.5199,1.566627,0.0043,-1.0199,0.0,1.0199,0.0,0.0,0.0,0.0,0.0,0.0,5,0,2,53.88,Shoulder,False,-0.101,,,,,,,0.0042,-1.0,1.02,,,,
231,14.7881,9.85,374,entity_2,pedestrian,walker.pedestrian.0001,entity_2,63.8912,324.4689,1.0558,0.0,0.0,-89.7611,63.8912,-324.4689,1.566627,0.0043,-1.0199,0.0,1.0199,0.0,0.0,0.0,0.0,0.0,0.0,5,0,2,53.88,Shoulder,False,-0.05,,,,,,,0.0042,-1.0,1.02,,,,
232,14.8381,9.9,374,entity_2,pedestrian,walker.pedestrian.0001,entity_2,63.8914,324.4179,1.0558,0.0,0.0,-89.7611,63.8914,-324.4179,1.566627,0.0043,-1.0199,0.0,1.0199,0.0,0.0,0.0,0.0,0.0,0.0,5,0,2,53.88,Shoulder,False,0.001,,,,,,,0.0042,-1.0,1.02,,,,
233,14.8881,9.95,374,entity_2,pedestrian,walker.pedestrian.0001,entity_2,63.8916,324.3669,1.0558,0.0,0.0,-89.7611,63.8916,-324.3669,1.566627,0.0043,-1.0199,0.0,1.0199,0.0,0.0,0.0,0.0,0.0,0.0,5,0,2,53.88,Shoulder,False,0.052,,,,,,,0.0042,-1.0,1.02,,,,
234,14.9381,10.0,374,entity_2,pedestrian,walker.pedestrian.0001,entity_2,63.8918,324.3159,1.0558,0.0,0.0,-89.7611,63.8918,-324.3159,1.566627,0.0043,-1.0199,0.0,1.0199,0.0,0.0,0.0,0.0,0.0,0.0,5,0,2,53.88,Shoulder,False,0.103,,,,,,,0.0042,-1.0,1.02,,,,
235,14.9881,10.05,374,entity_2,pedestrian,walker.pedestrian.0001,entity_2,63.892,324.2649,1.0558,0.0,0.0,-89.7611,63.892,-324.2649,1.566627,0.0043,-1.0199,0.0,1.0199,0.0,0.0,0.0,0.0,0.0,0.0,5,0,2,53.88,Shoulder,False,0.154,,,,,,,0.0042,-1.0,1.02,,,,
236,15.0381,10.1,374,entity_2,pedestrian,walker.pedestrian.0001,entity_2,63.8922,324.2139,1.0558,0.0,0.0,-89.7611,63.8922,-324.2139,1.566627,0.0043,-1.0199,0.0,1.0199,0.0,0.0,0.0,0.0,0.0,0.0,5,0,2,53.88,Shoulder,False,0.205,,,,,,,0.0042,-1.0,1.02,,,,
237,15.0881,10.15,374,entity_2,pedestrian,walker.pedestrian.0001,entity_2,63.8925,324.1629,1.0558,0.0,0.0,-89.7611,63.8925,-324.1629,1.566627,0.0043,-1.0199,0.0,1.0199,0.0,0.0,0.0,0.0,0.0,0.0,5,0,2,53.88,Shoulder,False,0.256,,,,,,,0.0042,-1.0,1.02,,,,
238,15.1381,10.2,374,entity_2,pedestrian,walker.pedestrian.0001,entity_2,63.8927,324.1119,1.0558,0.0,0.0,-89.7611,63.8927,-324.1119,1.566627,0.0043,-1.0199,0.0,1.0199,0.0,0.0,0.0,0.0,0.0,0.0,5,0,2,53.88,Shoulder,False,0.307,,,,,,,0.0042,-1.0,1.02,,,,
239,15.1881,10.25,374,entity_2,pedestrian,walker.pedestrian.0001,entity_2,63.8929,324.0609,1.0558,0.0,0.0,-89.7611,63.8929,-324.0609,1.566627,0.0043,-1.0199,0.0,1.0199,0.0,0.0,0.0,0.0,0.0,0.0,5,0,2,53.88,Shoulder,False,0.358,,,,,,,0.0042,-1.0,1.02,,,,
240,15.2381,10.3,374,entity_2,pedestrian,walker.pedestrian.0001,entity_2,63.8931,324.0099,1.0558,0.0,0.0,-89.7611,63.8931,-324.0099,1.566627,0.0043,-1.0199,0.0,1.0199,0.0,0.0,0.0,0.0,0.0,0.0,5,0,2,53.88,Shoulder,False,0.409,,,,,,,0.0042,-1.0,1.02,,,,
241,15.2881,10.35,374,entity_2,pedestrian,walker.pedestrian.0001,entity_2,63.8933,323.959,1.0558,0.0,0.0,-89.7611,63.8933,-323.959,1.566627,0.0043,-1.0199,0.0,1.0199,0.0,0.0,0.0,0.0,0.0,0.0,5,0,2,53.88,Shoulder,False,0.46,,,,,,,0.0042,-1.0,1.02,,,,
242,15.3381,10.4,374,entity_2,pedestrian,walker.pedestrian.0001,entity_2,63.8935,323.908,1.0558,0.0,0.0,-89.7611,63.8935,-323.908,1.566627,0.0043,-1.0199,0.0,1.0199,0.0,0.0,0.0,0.0,0.0,0.0,5,0,2,53.88,Shoulder,False,0.511,,,,,,,0.0042,-1.0,1.02,,,,
243,15.3881,10.45,374,entity_2,pedestrian,walker.pedestrian.0001,entity_2,63.8937,323.857,1.0558,0.0,0.0,-89.7611,63.8937,-323.857,1.566627,0.0043,-1.0199,0.0,1.0199,0.0,0.0,0.0,0.0,0.0,0.0,5,0,2,53.88,Shoulder,False,0.562,,,,,,,0.0042,-1.0,1.02,,,,
244,15.4381,10.5,374,entity_2,pedestrian,walker.pedestrian.0001,entity_2,63.894,323.806,1.0558,0.0,0.0,-89.7611,63.894,-323.806,1.566627,0.0043,-1.0199,0.0,1.0199,0.0,0.0,0.0,0.0,0.0,0.0,5,0,2,53.88,Shoulder,False,0.613,,,,,,,0.0042,-1.0,1.02,,,,
245,15.4881,10.55,374,entity_2,pedestrian,walker.pedestrian.0001,entity_2,63.8942,323.755,1.0558,0.0,0.0,-89.7611,63.8942,-323.755,1.566627,0.0043,-1.0199,0.0,1.0199,0.0,0.0,0.0,0.0,0.0,0.0,5,0,2,53.88,Shoulder,False,0.664,,,,,,,0.0042,-1.0,1.02,,,,
246,15.5381,10.6,374,entity_2,pedestrian,walker.pedestrian.0001,entity_2,63.8944,323.704,1.0558,0.0,0.0,-89.7611,63.8944,-323.704,1.566627,0.0043,-1.0199,0.0,1.0199,0.0,0.0,0.0,0.0,0.0,0.0,5,0,2,53.88,Shoulder,False,0.715,,,,,,,0.0042,-1.0,1.02,,,,
247,15.5881,10.65,374,entity_2,pedestrian,walker.pedestrian.0001,entity_2,63.8946,323.653,1.0558,0.0,0.0,-89.7611,63.8946,-323.653,1.566627,0.0043,-1.0199,0.0,1.0199,0.0,0.0,0.0,0.0,0.0,0.0,5,0,2,53.88,Shoulder,False,0.766,,,,,,,0.0042,-1.0,1.02,,,,
248,15.6381,10.7,374,entity_2,pedestrian,walker.pedestrian.0001,entity_2,63.8948,323.602,1.0558,0.0,0.0,-89.7611,63.8948,-323.602,1.566627,0.0043,-1.0199,0.0,1.0199,0.0,0.0,0.0,0.0,0.0,0.0,5,0,2,53.88,Shoulder,False,0.817,,,,,,,0.0042,-1.0,1.02,,,,
249,15.6881,10.75,374,entity_2,pedestrian,walker.pedestrian.0001,entity_2,63.895,323.551,1.0558,0.0,0.0,-89.7611,63.895,-323.551,1.566627,0.0043,-1.0199,0.0,1.0199,0.0,0.0,0.0,0.0,0.0,0.0,5,0,2,53.88,Shoulder,False,0.868,,,,,,,0.0042,-1.0,1.02,,,,
250,15.7381,10.8,374,entity_2,pedestrian,walker.pedestrian.0001,entity_2,63.8952,323.5,1.0558,0.0,0.0,-89.7611,63.8952,-323.5,1.566627,0.0043,-1.0199,0.0,1.0199,0.0,0.0,0.0,0.0,0.0,0.0,5,0,2,53.88,Shoulder,False,0.919,,,,,,,0.0042,-1.0,1.02,,,,
251,15.7881,10.85,374,entity_2,pedestrian,walker.pedestrian.0001,entity_2,63.8955,323.449,1.0558,0.0,0.0,-89.7611,63.8955,-323.449,1.566627,0.0043,-1.0199,0.0,1.0199,0.0,0.0,0.0,0.0,0.0,0.0,5,0,2,53.88,Shoulder,False,0.97,,,,,,,0.0042,-1.0,1.02,,,,
252,15.8381,10.9,374,entity_2,pedestrian,walker.pedestrian.0001,entity_2,63.8957,323.398,1.0558,0.0,0.0,-89.7611,63.8957,-323.398,1.566627,0.0043,-1.0199,0.0,1.0199,0.0,0.0,0.0,0.0,0.0,0.0,5,0,2,53.88,Shoulder,False,1.021,,,,,,,0.0042,-1.0,1.02,,,,
253,15.8881,10.95,374,entity_2,pedestrian,walker.pedestrian.0001,entity_2,63.8959,323.347,1.0558,0.0,0.0,-89.7611,63.8959,-323.347,1.566627,0.0043,-1.0199,0.0,1.0199,0.0,0.0,0.0,0.0,0.0,0.0,5,0,2,53.88,Shoulder,False,1.072,,,,,,,0.0042,-1.0,1.02,,,,
254,15.9381,11.0,374,entity_2,pedestrian,walker.pedestrian.0001,entity_2,63.8961,323.296,1.0558,0.0,0.0,-89.7611,63.8961,-323.296,1.566627,0.0043,-1.0199,0.0,1.0199,0.0,0.0,0.0,0.0,0.0,0.0,5,0,3,53.88,Sidewalk,False,-1.027,,,,,,,0.0042,-1.0,1.02,,,,
255,15.9881,11.05,374,entity_2,pedestrian,walker.pedestrian.0001,entity_2,63.8963,323.245,1.0558,0.0,0.0,-89.7611,63.8963,-323.245,1.566627,0.0043,-1.0199,0.0,1.0199,0.0,0.0,0.0,0.0,0.0,0.0,5,0,3,53.88,Sidewalk,False,-0.976,,,,,,,0.0042,-1.0,1.02,,,,
256,16.0381,11.1,374,entity_2,pedestrian,walker.pedestrian.0001,entity_2,63.8965,323.194,1.0558,0.0,0.0,-89.7611,63.8965,-323.194,1.566627,0.0043,-1.0199,0.0,1.0199,0.0,0.0,0.0,0.0,0.0,0.0,5,0,3,53.88,Sidewalk,False,-0.925,,,,,,,0.0042,-1.0,1.02,,,,
257,16.0881,11.15,374,entity_2,pedestrian,walker.pedestrian.0001,entity_2,63.8968,323.143,1.0558,0.0,0.0,-89.7611,63.8968,-323.143,1.566627,0.0043,-1.0199,0.0,1.0199,0.0,0.0,0.0,0.0,0.0,0.0,5,0,3,53.88,Sidewalk,False,-0.874,,,,,,,0.0042,-1.0,1.02,,,,
258,16.1381,11.2,374,entity_2,pedestrian,walker.pedestrian.0001,entity_2,63.897,323.092,1.0558,0.0,0.0,-89.7611,63.897,-323.092,1.566627,0.0043,-1.0199,0.0,1.0199,0.0,0.0,0.0,0.0,0.0,0.0,5,0,3,53.88,Sidewalk,False,-0.823,,,,,,,0.0042,-1.0,1.02,,,,
259,16.1881,11.25,374,entity_2,pedestrian,walker.pedestrian.0001,entity_2,63.8972,323.041,1.0558,0.0,0.0,-89.7611,63.8972,-323.041,1.566627,0.0043,-1.0199,0.0,1.0199,0.0,0.0,0.0,0.0,0.0,0.0,5,0,3,53.88,Sidewalk,False,-0.772,,,,,,,0.0042,-1.0,1.02,,,,
260,16.2381,11.3,374,entity_2,pedestrian,walker.pedestrian.0001,entity_2,63.8974,322.99,1.0558,0.0,0.0,-89.7611,63.8974,-322.99,1.566627,0.0043,-1.0199,0.0,1.0199,0.0,0.0,0.0,0.0,0.0,0.0,5,0,3,53.88,Sidewalk,False,-0.721,,,,,,,0.0042,-1.0,1.02,,,,
261,16.2881,11.35,374,entity_2,pedestrian,walker.pedestrian.0001,entity_2,63.8976,322.939,1.0558,0.0,0.0,-89.7611,63.8976,-322.939,1.566627,0.0043,-1.0199,0.0,1.0199,0.0,0.0,0.0,0.0,0.0,0.0,5,0,3,53.88,Sidewalk,False,-0.67,,,,,,,0.0042,-1.0,1.02,,,,
262,16.3381,11.4,374,entity_2,pedestrian,walker.pedestrian.0001,entity_2,63.8978,322.888,1.0558,0.0,0.0,-89.7611,63.8978,-322.888,1.566627,0.0043,-1.0199,0.0,1.0199,0.0,0.0,0.0,0.0,0.0,0.0,5,0,3,53.88,Sidewalk,False,-0.619,,,,,,,0.0042,-1.0,1.02,,,,
263,16.3881,11.45,374,entity_2,pedestrian,walker.pedestrian.0001,entity_2,63.898,322.837,1.0558,0.0,0.0,-89.7611,63.898,-322.837,1.566627,0.0043,-1.0199,0.0,1.0199,0.0,0.0,0.0,0.0,0.0,0.0,5,0,3,53.88,Sidewalk,False,-0.568,,,,,,,0.0042,-1.0,1.02,,,,
264,16.4381,11.5,374,entity_2,pedestrian,walker.pedestrian.0001,entity_2,63.8983,322.786,1.0558,0.0,0.0,-89.7611,63.8983,-322.786,1.566627,0.0043,-1.0199,0.0,1.0199,0.0,0.0,0.0,0.0,0.0,0.0,5,0,3,53.89,Sidewalk,False,-0.517,,,,,,,0.0042,-1.0,1.02,,,,
265,16.4881,11.55,374,entity_2,pedestrian,walker.pedestrian.0001,entity_2,63.8985,322.735,1.0558,0.0,0.0,-89.7611,63.8985,-322.735,1.566627,0.0043,-1.0199,0.0,1.0199,0.0,0.0,0.0,0.0,0.0,0.0,5,0,3,53.89,Sidewalk,False,-0.466,,,,,,,0.0042,-1.0,1.02,,,,
266,16.5381,11.6,374,entity_2,pedestrian,walker.pedestrian.0001,entity_2,63.8987,322.6841,1.0558,0.0,0.0,-89.7611,63.8987,-322.6841,1.566627,0.0043,-1.0199,0.0,1.0199,0.0,0.0,0.0,0.0,0.0,0.0,5,0,3,53.89,Sidewalk,False,-0.415,,,,,,,0.0042,-1.0,1.02,,,,
267,16.5881,11.65,374,entity_2,pedestrian,walker.pedestrian.0001,entity_2,63.8989,322.6331,1.0558,0.0,0.0,-89.7611,63.8989,-322.6331,1.566627,0.0043,-1.0199,0.0,1.0199,0.0,0.0,0.0,0.0,0.0,0.0,5,0,3,53.89,Sidewalk,False,-0.364,,,,,,,0.0042,-1.0,1.02,,,,
268,16.6381,11.7,374,entity_2,pedestrian,walker.pedestrian.0001,entity_2,63.8991,322.5821,1.0558,0.0,0.0,-89.7611,63.8991,-322.5821,1.566627,0.0043,-1.0199,0.0,1.0199,0.0,0.0,0.0,0.0,0.0,0.0,5,0,3,53.89,Sidewalk,False,-0.313,,,,,,,0.0042,-1.0,1.02,,,,
269,16.6881,11.75,374,entity_2,pedestrian,walker.pedestrian.0001,entity_2,63.8993,322.5311,1.0558,0.0,0.0,-89.7611,63.8993,-322.5311,1.566627,0.0043,-1.0199,0.0,1.0199,0.0,0.0,0.0,0.0,0.0,0.0,5,0,3,53.89,Sidewalk,False,-0.262,,,,,,,0.0042,-1.0,1.02,,,,
270,16.7381,11.8,374,entity_2,pedestrian,walker.pedestrian.0001,entity_2,63.8995,322.4801,1.0558,0.0,0.0,-89.7611,63.8995,-322.4801,1.566627,0.0043,-1.0199,0.0,1.0199,0.0,0.0,0.0,0.0,0.0,0.0,5,0,3,53.89,Sidewalk,False,-0.211,,,,,,,0.0042,-1.0,1.02,,,,
271,16.7881,11.85,374,entity_2,pedestrian,walker.pedestrian.0001,entity_2,63.8998,322.4291,1.0558,0.0,0.0,-89.7611,63.8998,-322.4291,1.566627,0.0043,-1.0199,0.0,1.0199,0.0,0.0,0.0,0.0,0.0,0.0,5,0,3,53.89,Sidewalk,False,-0.16,,,,,,,0.0042,-1.0,1.02,,,,
272,16.8381,11.9,374,entity_2,pedestrian,walker.pedestrian.0001,entity_2,63.9,322.3781,1.0558,0.0,0.0,-89.7611,63.9,-322.3781,1.566627,0.0043,-1.0199,0.0,1.0199,0.0,0.0,0.0,0.0,0.0,0.0,5,0,3,53.89,Sidewalk,False,-0.109,,,,,,,0.0042,-1.0,1.02,,,,
273,16.8881,11.95,374,entity_2,pedestrian,walker.pedestrian.0001,entity_2,63.9002,322.3271,1.0558,0.0,0.0,-89.7611,63.9002,-322.3271,1.566627,0.0043,-1.0199,0.0,1.0199,0.0,0.0,0.0,0.0,0.0,0.0,5,0,3,53.89,Sidewalk,False,-0.058,,,,,,,0.0042,-1.0,1.02,,,,
274,16.9381,12.0,374,entity_2,pedestrian,walker.pedestrian.0001,entity_2,63.9004,322.2761,1.0558,0.0,0.0,-89.7611,63.9004,-322.2761,1.566627,0.0043,-1.0199,0.0,1.0199,0.0,0.0,0.0,0.0,0.0,0.0,5,0,3,53.89,Sidewalk,False,-0.007,,,,,,,0.0042,-1.0,1.02,,,,
275,16.9881,12.05,374,entity_2,pedestrian,walker.pedestrian.0001,entity_2,63.9006,322.2251,1.0558,0.0,0.0,-89.7611,63.9006,-322.2251,1.566627,0.0043,-1.0199,0.0,1.0199,0.0,0.0,0.0,0.0,0.0,0.0,5,0,3,53.89,Sidewalk,False,0.044,,,,,,,0.0042,-1.0,1.02,,,,
276,17.0381,12.1,374,entity_2,pedestrian,walker.pedestrian.0001,entity_2,63.9008,322.1741,1.0558,0.0,0.0,-89.7611,63.9008,-322.1741,1.566627,0.0043,-1.0199,0.0,1.0199,0.0,0.0,0.0,0.0,0.0,0.0,5,0,3,53.89,Sidewalk,False,0.095,,,,,,,0.0042,-1.0,1.02,,,,
277,17.0881,12.15,374,entity_2,pedestrian,walker.pedestrian.0001,entity_2,63.901,322.1231,1.0558,0.0,0.0,-89.7611,63.901,-322.1231,1.566627,0.0043,-1.0199,0.0,1.0199,0.0,0.0,0.0,0.0,0.0,0.0,5,0,3,53.89,Sidewalk,False,0.146,,,,,,,0.0042,-1.0,1.02,,,,
278,17.1381,12.2,374,entity_2,pedestrian,walker.pedestrian.0001,entity_2,63.9013,322.0721,1.0558,0.0,0.0,-89.7611,63.9013,-322.0721,1.566627,0.0043,-1.0199,0.0,1.0199,0.0,0.0,0.0,0.0,0.0,0.0,5,0,3,53.89,Sidewalk,False,0.197,,,,,,,0.0042,-1.0,1.02,,,,
279,17.1881,12.25,374,entity_2,pedestrian,walker.pedestrian.0001,entity_2,63.9015,322.0211,1.0558,0.0,0.0,-89.7611,63.9015,-322.0211,1.566627,0.0043,-1.0199,0.0,1.0199,0.0,0.0,0.0,0.0,0.0,0.0,5,0,3,53.89,Sidewalk,False,0.248,,,,,,,0.0042,-1.0,1.02,,,,
280,17.2381,12.3,374,entity_2,pedestrian,walker.pedestrian.0001,entity_2,63.9017,321.9701,1.0558,0.0,0.0,-89.7611,63.9017,-321.9701,1.566627,0.0043,-1.0199,0.0,1.0199,0.0,0.0,0.0,0.0,0.0,0.0,5,0,3,53.89,Sidewalk,False,0.299,,,,,,,0.0042,-1.0,1.02,,,,
281,17.2881,12.35,374,entity_2,pedestrian,walker.pedestrian.0001,entity_2,63.9019,321.9191,1.0558,0.0,0.0,-89.7611,63.9019,-321.9191,1.566627,0.0043,-1.0199,0.0,1.0199,0.0,0.0,0.0,0.0,0.0,0.0,5,0,3,53.89,Sidewalk,False,0.35,,,,,,,0.0042,-1.0,1.02,,,,
282,17.3381,12.4,374,entity_2,pedestrian,walker.pedestrian.0001,entity_2,63.9021,321.8681,1.0558,0.0,0.0,-89.7611,63.9021,-321.8681,1.566627,0.0043,-1.0199,0.0,1.0199,0.0,0.0,0.0,0.0,0.0,0.0,5,0,3,53.89,Sidewalk,False,0.401,,,,,,,0.0042,-1.0,1.02,,,,
283,17.3881,12.45,374,entity_2,pedestrian,walker.pedestrian.0001,entity_2,63.9023,321.8171,1.0558,0.0,0.0,-89.7611,63.9023,-321.8171,1.566627,0.0043,-1.0199,0.0,1.0199,0.0,0.0,0.0,0.0,0.0,0.0,5,0,3,53.89,Sidewalk,False,0.452,,,,,,,0.0042,-1.0,1.02,,,,
284,17.4381,12.5,374,entity_2,pedestrian,walker.pedestrian.0001,entity_2,63.9026,321.7661,1.0558,0.0,0.0,-89.7611,63.9026,-321.7661,1.566627,0.0043,-1.0199,0.0,1.0199,0.0,0.0,0.0,0.0,0.0,0.0,5,0,3,53.89,Sidewalk,False,0.503,,,,,,,0.0042,-1.0,1.02,,,,
285,17.4881,12.55,374,entity_2,pedestrian,walker.pedestrian.0001,entity_2,63.9028,321.7151,1.0558,0.0,0.0,-89.7611,63.9028,-321.7151,1.566627,0.0043,-1.0199,0.0,1.0199,0.0,0.0,0.0,0.0,0.0,0.0,5,0,3,53.89,Sidewalk,False,0.554,,,,,,,0.0042,-1.0,1.02,,,,
286,17.5381,12.6,374,entity_2,pedestrian,walker.pedestrian.0001,entity_2,63.903,321.6918,1.0558,0.0,0.0,-89.7611,63.903,-321.6918,1.566627,0.0043,-0.4656,0.0,0.4656,0.0,11.0859,0.0,0.0,0.0,0.0,5,0,3,53.89,Sidewalk,False,0.577,,,,,,,0.0042,-1.0,1.02,,,,
287,17.5881,12.65,374,entity_2,pedestrian,walker.pedestrian.0001,entity_2,63.9032,321.6915,1.0558,0.0,0.0,-89.7611,63.9032,-321.6915,1.566627,0.0036,-0.0062,0.0,0.0072,-0.0137,9.1875,0.0,0.0,0.0,0.0,5,0,3,53.89,Sidewalk,False,0.577,,,,,,,0.0042,-1.0,1.02,,,,
288,17.6381,12.7,374,entity_2,pedestrian,walker.pedestrian.0001,entity_2,63.9033,321.6898,1.0558,0.0,0.0,-89.7611,63.9033,-321.6898,1.566627,0.0025,-0.034,0.0,0.0341,-0.0215,-0.5547,0.0,0.0,0.0,0.0,5,0,3,53.89,Sidewalk,False,0.579,,,,,,,0.0042,-1.0,1.02,,,,
289,17.6881,12.75,374,entity_2,pedestrian,walker.pedestrian.0001,entity_2,63.9034,321.6898,1.0558,0.0,0.0,-89.7611,63.9034,-321.6898,1.566627,0.0019,0.0,0.0,0.0019,-0.0137,0.6797,0.0,0.0,0.0,0.0,5,0,3,53.89,Sidewalk,False,0.579,,,,,,,0.0042,-1.0,1.02,,,,
290,17.7381,12.8,374,entity_2,pedestrian,walker.pedestrian.0001,entity_2,63.9035,321.6898,1.0558,0.0,0.0,-89.7611,63.9035,-321.6898,1.566627,0.0015,0.0,0.0,0.0015,-0.0078,0.0,0.0,0.0,0.0,0.0,5,0,3,53.89,Sidewalk,False,0.579,,,,,,,0.0042,-1.0,1.02,,,,
291,17.7881,12.85,374,entity_2,pedestrian,walker.pedestrian.0001,entity_2,63.9035,321.6898,1.0558,0.0,0.0,-89.7611,63.9035,-321.6898,1.566627,0.0012,0.0,0.0,0.0012,-0.0059,0.0,0.0,0.0,0.0,0.0,5,0,3,53.89,Sidewalk,False,0.579,,,,,,,0.0042,-1.0,1.02,,,,
292,17.8381,12.9,374,entity_2,pedestrian,walker.pedestrian.0001,entity_2,63.9036,321.6898,1.0558,0.0,0.0,-89.7611,63.9036,-321.6898,1.566627,0.001,0.0,0.0,0.001,-0.0039,0.0,0.0,0.0,0.0,0.0,5,0,3,53.89,Sidewalk,False,0.579,,,,,,,0.0042,-1.0,1.02,,,,
293,17.8881,12.95,374,entity_2,pedestrian,walker.pedestrian.0001,entity_2,63.9036,321.6898,1.0558,0.0,0.0,-89.7611,63.9036,-321.6898,1.566627,0.0009,0.0,0.0,0.0009,-0.002,0.0,0.0,0.0,0.0,0.0,5,0,3,53.89,Sidewalk,False,0.579,,,,,,,0.0042,-1.0,1.02,,,,
294,17.9381,13.0,374,entity_2,pedestrian,walker.pedestrian.0001,entity_2,63.9037,321.6898,1.0558,0.0,0.0,-89.7611,63.9037,-321.6898,1.566627,0.0009,0.0,0.0,0.0009,0.0,0.0,0.0,0.0,0.0,0.0,5,0,3,53.89,Sidewalk,False,0.579,,,,,,,0.0042,-1.0,1.02,,,,
295,17.9881,13.05,374,entity_2,pedestrian,walker.pedestrian.0001,entity_2,63.9037,321.6898,1.0558,0.0,0.0,-89.7611,63.9037,-321.6898,1.566627,0.0009,0.0,0.0,0.0009,0.0,0.0,0.0,0.0,0.0,0.0,5,0,3,53.89,Sidewalk,False,0.579,,,,,,,0.0042,-1.0,1.02,,,,
296,18.0381,13.1,374,entity_2,pedestrian,walker.pedestrian.0001,entity_2,63.9037,321.6898,1.0558,0.0,0.0,-89.7611,63.9037,-321.6898,1.566627,0.0009,0.0,0.0,0.0009,0.0,0.0,0.0,0.0,0.0,0.0,5,0,3,53.89,Sidewalk,False,0.579,,,,,,,0.0042,-1.0,1.02,,,,
297,18.0881,13.15,374,entity_2,pedestrian,walker.pedestrian.0001,entity_2,63.9038,321.6898,1.0558,0.0,0.0,-89.7611,63.9038,-321.6898,1.566627,0.0009,0.0,0.0,0.0009,0.0,0.0,0.0,0.0,0.0,0.0,5,0,3,53.89,Sidewalk,False,0.579,,,,,,,0.0042,-1.0,1.02,,,,
298,18.1381,13.2,374,entity_2,pedestrian,walker.pedestrian.0001,entity_2,63.9038,321.6898,1.0558,0.0,0.0,-89.7611,63.9038,-321.6898,1.566627,0.0009,0.0,0.0,0.0009,0.0,0.0,0.0,0.0,0.0,0.0,5,0,3,53.89,Sidewalk,False,0.579,,,,,,,0.0042,-1.0,1.02,,,,
299,18.1881,13.25,374,entity_2,pedestrian,walker.pedestrian.0001,entity_2,63.9039,321.6898,1.0558,0.0,0.0,-89.7611,63.9039,-321.6898,1.566627,0.0009,0.0,0.0,0.0009,0.0,0.0,0.0,0.0,0.0,0.0,5,0,3,53.89,Sidewalk,False,0.579,,,,,,,0.0042,-1.0,1.02,,,,
300,18.2381,13.3,374,entity_2,pedestrian,walker.pedestrian.0001,entity_2,63.9039,321.6898,1.0558,0.0,0.0,-89.7611,63.9039,-321.6898,1.566627,0.0009,0.0,0.0,0.0009,0.0,0.0,0.0,0.0,0.0,0.0,5,0,3,53.89,Sidewalk,False,0.579,,,,,,,0.0042,-1.0,1.02,,,,
301,18.2881,13.35,374,entity_2,pedestrian,walker.pedestrian.0001,entity_2,63.904,321.6898,1.0558,0.0,0.0,-89.7611,63.904,-321.6898,1.566627,0.0009,0.0,0.0,0.0009,0.0,0.0,0.0,0.0,0.0,0.0,5,0,3,53.89,Sidewalk,False,0.579,,,,,,,0.0042,-1.0,1.02,,,,
302,18.3381,13.4,374,entity_2,pedestrian,walker.pedestrian.0001,entity_2,63.904,321.6898,1.0558,0.0,0.0,-89.7611,63.904,-321.6898,1.566627,0.0009,0.0,0.0,0.0009,0.0,0.0,0.0,0.0,0.0,0.0,5,0,3,53.89,Sidewalk,False,0.579,,,,,,,0.0042,-1.0,1.02,,,,
303,18.3881,13.45,374,entity_2,pedestrian,walker.pedestrian.0001,entity_2,63.904,321.6898,1.0558,0.0,0.0,-89.7611,63.904,-321.6898,1.566627,0.0009,0.0,0.0,0.0009,0.0,0.0,0.0,0.0,0.0,0.0,5,0,3,53.89,Sidewalk,False,0.579,,,,,,,0.0042,-1.0,1.02,,,,
304,18.4381,13.5,374,entity_2,pedestrian,walker.pedestrian.0001,entity_2,63.9041,321.6898,1.0558,0.0,0.0,-89.7611,63.9041,-321.6898,1.566627,0.0009,0.0,0.0,0.0009,0.0,0.0,0.0,0.0,0.0,0.0,5,0,3,53.89,Sidewalk,False,0.579,,,,,,,0.0042,-1.0,1.02,,,,
305,18.4881,13.55,374,entity_2,pedestrian,walker.pedestrian.0001,entity_2,63.9041,321.6898,1.0558,0.0,0.0,-89.7611,63.9041,-321.6898,1.566627,0.0009,0.0,0.0,0.0009,0.0,0.0,0.0,0.0,0.0,0.0,5,0,3,53.89,Sidewalk,False,0.579,,,,,,,0.0042,-1.0,1.02,,,,
306,18.5381,13.6,374,entity_2,pedestrian,walker.pedestrian.0001,entity_2,63.9042,321.6898,1.0558,0.0,0.0,-89.7611,63.9042,-321.6898,1.566627,0.0009,0.0,0.0,0.0009,0.0,0.0,0.0,0.0,0.0,0.0,5,0,3,53.89,Sidewalk,False,0.579,,,,,,,0.0042,-1.0,1.02,,,,
307,18.5881,13.65,374,entity_2,pedestrian,walker.pedestrian.0001,entity_2,63.9042,321.6898,1.0558,0.0,0.0,-89.7611,63.9042,-321.6898,1.566627,0.0009,0.0,0.0,0.0009,0.0,0.0,0.0,0.0,0.0,0.0,5,0,3,53.89,Sidewalk,False,0.579,,,,,,,0.0042,-1.0,1.02,,,,
308,18.6381,13.7,374,entity_2,pedestrian,walker.pedestrian.0001,entity_2,63.9043,321.6898,1.0558,0.0,0.0,-89.7611,63.9043,-321.6898,1.566627,0.0009,0.0,0.0,0.0009,0.0,0.0,0.0,0.0,0.0,0.0,5,0,3,53.89,Sidewalk,False,0.579,,,,,,,0.0042,-1.0,1.02,,,,
309,18.6881,13.75,374,entity_2,pedestrian,walker.pedestrian.0001,entity_2,63.9043,321.6898,1.0558,0.0,0.0,-89.7611,63.9043,-321.6898,1.566627,0.0009,0.0,0.0,0.0009,0.0,0.0,0.0,0.0,0.0,0.0,5,0,3,53.89,Sidewalk,False,0.579,,,,,,,0.0042,-1.0,1.02,,,,
310,18.7381,13.8,374,entity_2,pedestrian,walker.pedestrian.0001,entity_2,63.9044,321.6898,1.0558,0.0,0.0,-89.7611,63.9044,-321.6898,1.566627,0.0009,0.0,0.0,0.0009,0.0,0.0,0.0,0.0,0.0,0.0,5,0,3,53.89,Sidewalk,False,0.579,,,,,,,0.0042,-1.0,1.02,,,,
311,18.7881,13.85,374,entity_2,pedestrian,walker.pedestrian.0001,entity_2,63.9044,321.6898,1.0558,0.0,0.0,-89.7611,63.9044,-321.6898,1.566627,0.0009,0.0,0.0,0.0009,0.0,0.0,0.0,0.0,0.0,0.0,5,0,3,53.89,Sidewalk,False,0.579,,,,,,,0.0042,-1.0,1.02,,,,
312,18.8381,13.9,374,entity_2,pedestrian,walker.pedestrian.0001,entity_2,63.9044,321.6898,1.0558,0.0,0.0,-89.7611,63.9044,-321.6898,1.566627,0.0009,0.0,0.0,0.0009,0.0,0.0,0.0,0.0,0.0,0.0,5,0,3,53.89,Sidewalk,False,0.579,,,,,,,0.0042,-1.0,1.02,,,,
313,18.8881,13.95,374,entity_2,pedestrian,walker.pedestrian.0001,entity_2,63.9045,321.6898,1.0558,0.0,0.0,-89.7611,63.9045,-321.6898,1.566627,0.0009,0.0,0.0,0.0009,0.0,0.0,0.0,0.0,0.0,0.0,5,0,3,53.89,Sidewalk,False,0.579,,,,,,,0.0042,-1.0,1.02,,,,
314,18.9381,14.0,374,entity_2,pedestrian,walker.pedestrian.0001,entity_2,63.9045,321.6898,1.0558,0.0,0.0,-89.7611,63.9045,-321.6898,1.566627,0.0009,0.0,0.0,0.0009,0.0,0.0,0.0,0.0,0.0,0.0,5,0,3,53.89,Sidewalk,False,0.579,,,,,,,0.0042,-1.0,1.02,,,,
315,18.9881,14.05,374,entity_2,pedestrian,walker.pedestrian.0001,entity_2,63.9046,321.6898,1.0558,0.0,0.0,-89.7611,63.9046,-321.6898,1.566627,0.0009,0.0,0.0,0.0009,0.0,0.0,0.0,0.0,0.0,0.0,5,0,3,53.89,Sidewalk,False,0.579,,,,,,,0.0042,-1.0,1.02,,,,
316,19.0381,14.1,374,entity_2,pedestrian,walker.pedestrian.0001,entity_2,63.9046,321.6898,1.0558,0.0,0.0,-89.7611,63.9046,-321.6898,1.566627,0.0009,0.0,0.0,0.0009,0.0,0.0,0.0,0.0,0.0,0.0,5,0,3,53.89,Sidewalk,False,0.579,,,,,,,0.0042,-1.0,1.02,,,,
317,19.0881,14.15,374,entity_2,pedestrian,walker.pedestrian.0001,entity_2,63.9047,321.6898,1.0558,0.0,0.0,-89.7611,63.9047,-321.6898,1.566627,0.0009,0.0,0.0,0.0009,0.0,0.0,0.0,0.0,0.0,0.0,5,0,3,53.89,Sidewalk,False,0.579,,,,,,,0.0042,-1.0,1.02,,,,
318,19.1381,14.2,374,entity_2,pedestrian,walker.pedestrian.0001,entity_2,63.9047,321.6898,1.0558,0.0,0.0,-89.7611,63.9047,-321.6898,1.566627,0.0009,0.0,0.0,0.0009,0.0,0.0,0.0,0.0,0.0,0.0,5,0,3,53.89,Sidewalk,False,0.579,,,,,,,0.0042,-1.0,1.02,,,,
319,19.1881,14.25,374,entity_2,pedestrian,walker.pedestrian.0001,entity_2,63.9048,321.6898,1.0558,0.0,0.0,-89.7611,63.9048,-321.6898,1.566627,0.0009,0.0,0.0,0.0009,0.0,0.0,0.0,0.0,0.0,0.0,5,0,3,53.89,Sidewalk,False,0.579,,,,,,,0.0042,-1.0,1.02,,,,
320,19.2381,14.3,374,entity_2,pedestrian,walker.pedestrian.0001,entity_2,63.9048,321.6898,1.0558,0.0,0.0,-89.7611,63.9048,-321.6898,1.566627,0.0009,0.0,0.0,0.0009,0.0,0.0,0.0,0.0,0.0,0.0,5,0,3,53.89,Sidewalk,False,0.579,,,,,,,0.0042,-1.0,1.02,,,,
321,19.2881,14.35,374,entity_2,pedestrian,walker.pedestrian.0001,entity_2,63.9048,321.6898,1.0558,0.0,0.0,-89.7611,63.9048,-321.6898,1.566627,0.0009,0.0,0.0,0.0009,0.0,0.0,0.0,0.0,0.0,0.0,5,0,3,53.89,Sidewalk,False,0.579,,,,,,,0.0042,-1.0,1.02,,,,
322,19.3381,14.4,374,entity_2,pedestrian,walker.pedestrian.0001,entity_2,63.9049,321.6898,1.0558,0.0,0.0,-89.7611,63.9049,-321.6898,1.566627,0.0009,0.0,0.0,0.0009,0.0,0.0,0.0,0.0,0.0,0.0,5,0,3,53.89,Sidewalk,False,0.579,,,,,,,0.0042,-1.0,1.02,,,,
323,19.3881,14.45,374,entity_2,pedestrian,walker.pedestrian.0001,entity_2,63.9049,321.6898,1.0558,0.0,0.0,-89.7611,63.9049,-321.6898,1.566627,0.0009,0.0,0.0,0.0009,0.0,0.0,0.0,0.0,0.0,0.0,5,0,3,53.89,Sidewalk,False,0.579,,,,,,,0.0042,-1.0,1.02,,,,
324,19.4381,14.5,374,entity_2,pedestrian,walker.pedestrian.0001,entity_2,63.905,321.6898,1.0558,0.0,0.0,-89.7611,63.905,-321.6898,1.566627,0.0009,0.0,0.0,0.0009,0.0,0.0,0.0,0.0,0.0,0.0,5,0,3,53.89,Sidewalk,False,0.579,,,,,,,0.0042,-1.0,1.02,,,,
325,19.4881,14.55,374,entity_2,pedestrian,walker.pedestrian.0001,entity_2,63.905,321.6898,1.0558,0.0,0.0,-89.7611,63.905,-321.6898,1.566627,0.0009,0.0,0.0,0.0009,0.0,0.0,0.0,0.0,0.0,0.0,5,0,3,53.89,Sidewalk,False,0.579,,,,,,,0.0042,-1.0,1.02,,,,
326,19.5381,14.6,374,entity_2,pedestrian,walker.pedestrian.0001,entity_2,63.9051,321.6898,1.0558,0.0,0.0,-89.7611,63.9051,-321.6898,1.566627,0.0009,0.0,0.0,0.0009,0.0,0.0,0.0,0.0,0.0,0.0,5,0,3,53.89,Sidewalk,False,0.579,,,,,,,0.0042,-1.0,1.02,,,,
327,19.5881,14.65,374,entity_2,pedestrian,walker.pedestrian.0001,entity_2,63.9051,321.6898,1.0558,0.0,0.0,-89.7611,63.9051,-321.6898,1.566627,0.0009,0.0,0.0,0.0009,0.0,0.0,0.0,0.0,0.0,0.0,5,0,3,53.89,Sidewalk,False,0.579,,,,,,,0.0042,-1.0,1.02,,,,
328,19.6381,14.7,374,entity_2,pedestrian,walker.pedestrian.0001,entity_2,63.9051,321.6898,1.0558,0.0,0.0,-89.7611,63.9051,-321.6898,1.566627,0.0009,0.0,0.0,0.0009,0.0,0.0,0.0,0.0,0.0,0.0,5,0,3,53.89,Sidewalk,False,0.579,,,,,,,0.0042,-1.0,1.02,,,,
329,19.6881,14.75,374,entity_2,pedestrian,walker.pedestrian.0001,entity_2,63.9052,321.6898,1.0558,0.0,0.0,-89.7611,63.9052,-321.6898,1.566627,0.0009,0.0,0.0,0.0009,0.0,0.0,0.0,0.0,0.0,0.0,5,0,3,53.89,Sidewalk,False,0.579,,,,,,,0.0042,-1.0,1.02,,,,
330,19.7381,14.8,374,entity_2,pedestrian,walker.pedestrian.0001,entity_2,63.9052,321.6898,1.0558,0.0,0.0,-89.7611,63.9052,-321.6898,1.566627,0.0009,0.0,0.0,0.0009,0.0,0.0,0.0,0.0,0.0,0.0,5,0,3,53.89,Sidewalk,False,0.579,,,,,,,0.0042,-1.0,1.02,,,,
331,19.7881,14.85,374,entity_2,pedestrian,walker.pedestrian.0001,entity_2,63.9053,321.6898,1.0558,0.0,0.0,-89.7611,63.9053,-321.6898,1.566627,0.0009,0.0,0.0,0.0009,0.0,0.0,0.0,0.0,0.0,0.0,5,0,3,53.89,Sidewalk,False,0.579,,,,,,,0.0042,-1.0,1.02,,,,
332,19.8381,14.9,374,entity_2,pedestrian,walker.pedestrian.0001,entity_2,63.9053,321.6898,1.0558,0.0,0.0,-89.7611,63.9053,-321.6898,1.566627,0.0009,0.0,0.0,0.0009,0.0,0.0,0.0,0.0,0.0,0.0,5,0,3,53.89,Sidewalk,False,0.579,,,,,,,0.0042,-1.0,1.02,,,,
333,19.8881,14.95,374,entity_2,pedestrian,walker.pedestrian.0001,entity_2,63.9054,321.6898,1.0558,0.0,0.0,-89.7611,63.9054,-321.6898,1.566627,0.0009,0.0,0.0,0.0009,0.0,0.0,0.0,0.0,0.0,0.0,5,0,3,53.89,Sidewalk,False,0.579,,,,,,,0.0042,-1.0,1.02,,,,
334,19.9381,15.0,374,entity_2,pedestrian,walker.pedestrian.0001,entity_2,63.9054,321.6898,1.0558,0.0,0.0,-89.7611,63.9054,-321.6898,1.566627,0.0009,0.0,0.0,0.0009,0.0,0.0,0.0,0.0,0.0,0.0,5,0,3,53.89,Sidewalk,False,0.579,,,,,,,0.0042,-1.0,1.02,,,,
335,19.9881,15.05,374,entity_2,pedestrian,walker.pedestrian.0001,entity_2,63.9055,321.6898,1.0558,0.0,0.0,-89.7611,63.9055,-321.6898,1.566627,0.0009,0.0,0.0,0.0009,0.0,0.0,0.0,0.0,0.0,0.0,5,0,3,53.89,Sidewalk,False,0.579,,,,,,,0.0042,-1.0,1.02,,,,
336,20.0381,15.1,374,entity_2,pedestrian,walker.pedestrian.0001,entity_2,63.9055,321.6898,1.0558,0.0,0.0,-89.7611,63.9055,-321.6898,1.566627,0.0009,0.0,0.0,0.0009,0.0,0.0,0.0,0.0,0.0,0.0,5,0,3,53.89,Sidewalk,False,0.579,,,,,,,0.0042,-1.0,1.02,,,,
337,20.0881,15.15,374,entity_2,pedestrian,walker.pedestrian.0001,entity_2,63.9055,321.6898,1.0558,0.0,0.0,-89.7611,63.9055,-321.6898,1.566627,0.0009,0.0,0.0,0.0009,0.0,0.0,0.0,0.0,0.0,0.0,5,0,3,53.89,Sidewalk,False,0.579,,,,,,,0.0042,-1.0,1.02,,,,
338,20.1381,15.2,374,entity_2,pedestrian,walker.pedestrian.0001,entity_2,63.9056,321.6898,1.0558,0.0,0.0,-89.7611,63.9056,-321.6898,1.566627,0.0009,0.0,0.0,0.0009,0.0,0.0,0.0,0.0,0.0,0.0,5,0,3,53.89,Sidewalk,False,0.579,,,,,,,0.0042,-1.0,1.02,,,,
339,20.1881,15.25,374,entity_2,pedestrian,walker.pedestrian.0001,entity_2,63.9056,321.6898,1.0558,0.0,0.0,-89.7611,63.9056,-321.6898,1.566627,0.0009,0.0,0.0,0.0009,0.0,0.0,0.0,0.0,0.0,0.0,5,0,3,53.89,Sidewalk,False,0.579,,,,,,,0.0042,-1.0,1.02,,,,
340,20.2381,15.3,374,entity_2,pedestrian,walker.pedestrian.0001,entity_2,63.9057,321.6898,1.0558,0.0,0.0,-89.7611,63.9057,-321.6898,1.566627,0.0009,0.0,0.0,0.0009,0.0,0.0,0.0,0.0,0.0,0.0,5,0,3,53.89,Sidewalk,False,0.579,,,,,,,0.0042,-1.0,1.02,,,,
341,20.2881,15.35,374,entity_2,pedestrian,walker.pedestrian.0001,entity_2,63.9057,321.6898,1.0558,0.0,0.0,-89.7611,63.9057,-321.6898,1.566627,0.0009,0.0,0.0,0.0009,0.0,0.0,0.0,0.0,0.0,0.0,5,0,3,53.89,Sidewalk,False,0.579,,,,,,,0.0042,-1.0,1.02,,,,
342,20.3381,15.4,374,entity_2,pedestrian,walker.pedestrian.0001,entity_2,63.9058,321.6898,1.0558,0.0,0.0,-89.7611,63.9058,-321.6898,1.566627,0.0009,0.0,0.0,0.0009,0.0,0.0,0.0,0.0,0.0,0.0,5,0,3,53.89,Sidewalk,False,0.579,,,,,,,0.0042,-1.0,1.02,,,,
343,20.3881,15.45,374,entity_2,pedestrian,walker.pedestrian.0001,entity_2,63.9058,321.6898,1.0558,0.0,0.0,-89.7611,63.9058,-321.6898,1.566627,0.0009,0.0,0.0,0.0009,0.0,0.0,0.0,0.0,0.0,0.0,5,0,3,53.89,Sidewalk,False,0.579,,,,,,,0.0042,-1.0,1.02,,,,
344,20.4381,15.5,374,entity_2,pedestrian,walker.pedestrian.0001,entity_2,63.9058,321.6898,1.0558,0.0,0.0,-89.7611,63.9058,-321.6898,1.566627,0.0009,0.0,0.0,0.0009,0.0,0.0,0.0,0.0,0.0,0.0,5,0,3,53.89,Sidewalk,False,0.579,,,,,,,0.0042,-1.0,1.02,,,,
345,20.4881,15.55,374,entity_2,pedestrian,walker.pedestrian.0001,entity_2,63.9059,321.6898,1.0558,0.0,0.0,-89.7611,63.9059,-321.6898,1.566627,0.0009,0.0,0.0,0.0009,0.0,0.0,0.0,0.0,0.0,0.0,5,0,3,53.89,Sidewalk,False,0.579,,,,,,,0.0042,-1.0,1.02,,,,
346,20.5381,15.6,374,entity_2,pedestrian,walker.pedestrian.0001,entity_2,63.9059,321.6898,1.0558,0.0,0.0,-89.7611,63.9059,-321.6898,1.566627,0.0009,0.0,0.0,0.0009,0.0,0.0,0.0,0.0,0.0,0.0,5,0,3,53.89,Sidewalk,False,0.579,,,,,,,0.0042,-1.0,1.02,,,,
347,20.5881,15.65,374,entity_2,pedestrian,walker.pedestrian.0001,entity_2,63.906,321.6898,1.0558,0.0,0.0,-89.7611,63.906,-321.6898,1.566627,0.0009,0.0,0.0,0.0009,0.0,0.0,0.0,0.0,0.0,0.0,5,0,3,53.89,Sidewalk,False,0.579,,,,,,,0.0042,-1.0,1.02,,,,
348,20.6381,15.7,374,entity_2,pedestrian,walker.pedestrian.0001,entity_2,63.906,321.6898,1.0558,0.0,0.0,-89.7611,63.906,-321.6898,1.566627,0.0009,0.0,0.0,0.0009,0.0,0.0,0.0,0.0,0.0,0.0,5,0,3,53.89,Sidewalk,False,0.579,,,,,,,0.0042,-1.0,1.02,,,,
349,20.6881,15.75,374,entity_2,pedestrian,walker.pedestrian.0001,entity_2,63.9061,321.6898,1.0558,0.0,0.0,-89.7611,63.9061,-321.6898,1.566627,0.0009,0.0,0.0,0.0009,0.0,0.0,0.0,0.0,0.0,0.0,5,0,3,53.89,Sidewalk,False,0.579,,,,,,,0.0042,-1.0,1.02,,,,
350,20.7381,15.8,374,entity_2,pedestrian,walker.pedestrian.0001,entity_2,63.9061,321.6898,1.0558,0.0,0.0,-89.7611,63.9061,-321.6898,1.566627,0.0009,0.0,0.0,0.0009,0.0,0.0,0.0,0.0,0.0,0.0,5,0,3,53.89,Sidewalk,False,0.579,,,,,,,0.0042,-1.0,1.02,,,,
351,20.7881,15.85,374,entity_2,pedestrian,walker.pedestrian.0001,entity_2,63.9062,321.6898,1.0558,0.0,0.0,-89.7611,63.9062,-321.6898,1.566627,0.0009,0.0,0.0,0.0009,0.0,0.0,0.0,0.0,0.0,0.0,5,0,3,53.89,Sidewalk,False,0.579,,,,,,,0.0042,-1.0,1.02,,,,
352,20.8381,15.9,374,entity_2,pedestrian,walker.pedestrian.0001,entity_2,63.9062,321.6898,1.0558,0.0,0.0,-89.7611,63.9062,-321.6898,1.566627,0.0009,0.0,0.0,0.0009,0.0,0.0,0.0,0.0,0.0,0.0,5,0,3,53.89,Sidewalk,False,0.579,,,,,,,0.0042,-1.0,1.02,,,,
353,20.8881,15.95,374,entity_2,pedestrian,walker.pedestrian.0001,entity_2,63.9062,321.6898,1.0558,0.0,0.0,-89.7611,63.9062,-321.6898,1.566627,0.0009,0.0,0.0,0.0009,0.0,0.0,0.0,0.0,0.0,0.0,5,0,3,53.89,Sidewalk,False,0.579,,,,,,,0.0042,-1.0,1.02,,,,
354,20.9381,16.0,374,entity_2,pedestrian,walker.pedestrian.0001,entity_2,63.9063,321.6898,1.0558,0.0,0.0,-89.7611,63.9063,-321.6898,1.566627,0.0009,0.0,0.0,0.0009,0.0,0.0,0.0,0.0,0.0,0.0,5,0,3,53.89,Sidewalk,False,0.579,,,,,,,0.0042,-1.0,1.02,,,,
355,20.9881,16.05,374,entity_2,pedestrian,walker.pedestrian.0001,entity_2,63.9063,321.6898,1.0558,0.0,0.0,-89.7611,63.9063,-321.6898,1.566627,0.0009,0.0,0.0,0.0009,0.0,0.0,0.0,0.0,0.0,0.0,5,0,3,53.89,Sidewalk,False,0.579,,,,,,,0.0042,-1.0,1.02,,,,
356,21.0381,16.1,374,entity_2,pedestrian,walker.pedestrian.0001,entity_2,63.9064,321.6898,1.0558,0.0,0.0,-89.7611,63.9064,-321.6898,1.566627,0.0009,0.0,0.0,0.0009,0.0,0.0,0.0,0.0,0.0,0.0,5,0,3,53.89,Sidewalk,False,0.579,,,,,,,0.0042,-1.0,1.02,,,,
357,21.0881,16.15,374,entity_2,pedestrian,walker.pedestrian.0001,entity_2,63.9064,321.6898,1.0558,0.0,0.0,-89.7611,63.9064,-321.6898,1.566627,0.0009,0.0,0.0,0.0009,0.0,0.0,0.0,0.0,0.0,0.0,5,0,3,53.89,Sidewalk,False,0.579,,,,,,,0.0042,-1.0,1.02,,,,
358,21.1381,16.2,374,entity_2,pedestrian,walker.pedestrian.0001,entity_2,63.9065,321.6898,1.0558,0.0,0.0,-89.7611,63.9065,-321.6898,1.566627,0.0009,0.0,0.0,0.0009,0.0,0.0,0.0,0.0,0.0,0.0,5,0,3,53.89,Sidewalk,False,0.579,,,,,,,0.0042,-1.0,1.02,,,,
359,21.1881,16.25,374,entity_2,pedestrian,walker.pedestrian.0001,entity_2,63.9065,321.6898,1.0558,0.0,0.0,-89.7611,63.9065,-321.6898,1.566627,0.0009,0.0,0.0,0.0009,0.0,0.0,0.0,0.0,0.0,0.0,5,0,3,53.89,Sidewalk,False,0.579,,,,,,,0.0042,-1.0,1.02,,,,
360,21.2381,16.3,374,entity_2,pedestrian,walker.pedestrian.0001,entity_2,63.9066,321.6898,1.0558,0.0,0.0,-89.7611,63.9066,-321.6898,1.566627,0.0009,0.0,0.0,0.0009,0.0,0.0,0.0,0.0,0.0,0.0,5,0,3,53.89,Sidewalk,False,0.579,,,,,,,0.0042,-1.0,1.02,,,,
361,21.2881,16.35,374,entity_2,pedestrian,walker.pedestrian.0001,entity_2,63.9066,321.6898,1.0558,0.0,0.0,-89.7611,63.9066,-321.6898,1.566627,0.0009,0.0,0.0,0.0009,0.0,0.0,0.0,0.0,0.0,0.0,5,0,3,53.89,Sidewalk,False,0.579,,,,,,,0.0042,-1.0,1.02,,,,
362,21.3381,16.4,374,entity_2,pedestrian,walker.pedestrian.0001,entity_2,63.9066,321.6898,1.0558,0.0,0.0,-89.7611,63.9066,-321.6898,1.566627,0.0009,0.0,0.0,0.0009,0.0,0.0,0.0,0.0,0.0,0.0,5,0,3,53.89,Sidewalk,False,0.579,,,,,,,0.0042,-1.0,1.02,,,,
363,21.3881,16.45,374,entity_2,pedestrian,walker.pedestrian.0001,entity_2,63.9067,321.6898,1.0558,0.0,0.0,-89.7611,63.9067,-321.6898,1.566627,0.0009,0.0,0.0,0.0009,0.0,0.0,0.0,0.0,0.0,0.0,5,0,3,53.89,Sidewalk,False,0.579,,,,,,,0.0042,-1.0,1.02,,,,
364,21.4381,16.5,374,entity_2,pedestrian,walker.pedestrian.0001,entity_2,63.9067,321.6898,1.0558,0.0,0.0,-89.7611,63.9067,-321.6898,1.566627,0.0009,0.0,0.0,0.0009,0.0,0.0,0.0,0.0,0.0,0.0,5,0,3,53.89,Sidewalk,False,0.579,,,,,,,0.0042,-1.0,1.02,,,,
365,21.4881,16.55,374,entity_2,pedestrian,walker.pedestrian.0001,entity_2,63.9068,321.6898,1.0558,0.0,0.0,-89.7611,63.9068,-321.6898,1.566627,0.0009,0.0,0.0,0.0009,0.0,0.0,0.0,0.0,0.0,0.0,5,0,3,53.89,Sidewalk,False,0.579,,,,,,,0.0042,-1.0,1.02,,,,
366,21.5381,16.6,374,entity_2,pedestrian,walker.pedestrian.0001,entity_2,63.9068,321.6898,1.0558,0.0,0.0,-89.7611,63.9068,-321.6898,1.566627,0.0009,0.0,0.0,0.0009,0.0,0.0,0.0,0.0,0.0,0.0,5,0,3,53.89,Sidewalk,False,0.579,,,,,,,0.0042,-1.0,1.02,,,,
367,21.5881,16.65,374,entity_2,pedestrian,walker.pedestrian.0001,entity_2,63.9069,321.6898,1.0558,0.0,0.0,-89.7611,63.9069,-321.6898,1.566627,0.0009,0.0,0.0,0.0009,0.0,0.0,0.0,0.0,0.0,0.0,5,0,3,53.89,Sidewalk,False,0.579,,,,,,,0.0042,-1.0,1.02,,,,
368,21.6381,16.7,374,entity_2,pedestrian,walker.pedestrian.0001,entity_2,63.9069,321.6898,1.0558,0.0,0.0,-89.7611,63.9069,-321.6898,1.566627,0.0009,0.0,0.0,0.0009,0.0,0.0,0.0,0.0,0.0,0.0,5,0,3,53.89,Sidewalk,False,0.579,,,,,,,0.0042,-1.0,1.02,,,,
369,21.6881,16.75,374,entity_2,pedestrian,walker.pedestrian.0001,entity_2,63.9069,321.6898,1.0558,0.0,0.0,-89.7611,63.9069,-321.6898,1.566627,0.0009,0.0,0.0,0.0009,0.0,0.0,0.0,0.0,0.0,0.0,5,0,3,53.89,Sidewalk,False,0.579,,,,,,,0.0042,-1.0,1.02,,,,
370,21.7381,16.8,374,entity_2,pedestrian,walker.pedestrian.0001,entity_2,63.907,321.6898,1.0558,0.0,0.0,-89.7611,63.907,-321.6898,1.566627,0.0009,0.0,0.0,0.0009,0.0,0.0,0.0,0.0,0.0,0.0,5,0,3,53.89,Sidewalk,False,0.579,,,,,,,0.0042,-1.0,1.02,,,,
371,21.7881,16.85,374,entity_2,pedestrian,walker.pedestrian.0001,entity_2,63.907,321.6898,1.0558,0.0,0.0,-89.7611,63.907,-321.6898,1.566627,0.0009,0.0,0.0,0.0009,0.0,0.0,0.0,0.0,0.0,0.0,5,0,3,53.89,Sidewalk,False,0.579,,,,,,,0.0042,-1.0,1.02,,,,
372,21.8381,16.9,374,entity_2,pedestrian,walker.pedestrian.0001,entity_2,63.9071,321.6898,1.0558,0.0,0.0,-89.7611,63.9071,-321.6898,1.566627,0.0009,0.0,0.0,0.0009,0.0,0.0,0.0,0.0,0.0,0.0,5,0,3,53.89,Sidewalk,False,0.579,,,,,,,0.0042,-1.0,1.02,,,,
373,21.8881,16.95,374,entity_2,pedestrian,walker.pedestrian.0001,entity_2,63.9071,321.6898,1.0558,0.0,0.0,-89.7611,63.9071,-321.6898,1.566627,0.0009,0.0,0.0,0.0009,0.0,0.0,0.0,0.0,0.0,0.0,5,0,3,53.89,Sidewalk,False,0.579,,,,,,,0.0042,-1.0,1.02,,,,
374,21.9381,17.0,374,entity_2,pedestrian,walker.pedestrian.0001,entity_2,63.9072,321.6898,1.0558,0.0,0.0,-89.7611,63.9072,-321.6898,1.566627,0.0009,0.0,0.0,0.0009,0.0,0.0,0.0,0.0,0.0,0.0,5,0,3,53.89,Sidewalk,False,0.579,,,,,,,0.0042,-1.0,1.02,,,,
375,21.9881,17.05,374,entity_2,pedestrian,walker.pedestrian.0001,entity_2,63.9072,321.6898,1.0558,0.0,0.0,-89.7611,63.9072,-321.6898,1.566627,0.0009,0.0,0.0,0.0009,0.0,0.0,0.0,0.0,0.0,0.0,5,0,3,53.89,Sidewalk,False,0.579,,,,,,,0.0042,-1.0,1.02,,,,
376,22.0381,17.1,374,entity_2,pedestrian,walker.pedestrian.0001,entity_2,63.9073,321.6898,1.0558,0.0,0.0,-89.7611,63.9073,-321.6898,1.566627,0.0009,0.0,0.0,0.0009,0.0,0.0,0.0,0.0,0.0,0.0,5,0,3,53.89,Sidewalk,False,0.579,,,,,,,0.0042,-1.0,1.02,,,,
377,22.0881,17.15,374,entity_2,pedestrian,walker.pedestrian.0001,entity_2,63.9073,321.6898,1.0558,0.0,0.0,-89.7611,63.9073,-321.6898,1.566627,0.0009,0.0,0.0,0.0009,0.0,0.0,0.0,0.0,0.0,0.0,5,0,3,53.89,Sidewalk,False,0.579,,,,,,,0.0042,-1.0,1.02,,,,
378,22.1381,17.2,374,entity_2,pedestrian,walker.pedestrian.0001,entity_2,63.9073,321.6898,1.0558,0.0,0.0,-89.7611,63.9073,-321.6898,1.566627,0.0009,0.0,0.0,0.0009,0.0,0.0,0.0,0.0,0.0,0.0,5,0,3,53.89,Sidewalk,False,0.579,,,,,,,0.0042,-1.0,1.02,,,,
379,22.1881,17.25,374,entity_2,pedestrian,walker.pedestrian.0001,entity_2,63.9074,321.6898,1.0558,0.0,0.0,-89.7611,63.9074,-321.6898,1.566627,0.0009,0.0,0.0,0.0009,0.0,0.0,0.0,0.0,0.0,0.0,5,0,3,53.89,Sidewalk,False,0.579,,,,,,,0.0042,-1.0,1.02,,,,
380,22.2381,17.3,374,entity_2,pedestrian,walker.pedestrian.0001,entity_2,63.9074,321.6898,1.0558,0.0,0.0,-89.7611,63.9074,-321.6898,1.566627,0.0009,0.0,0.0,0.0009,0.0,0.0,0.0,0.0,0.0,0.0,5,0,3,53.89,Sidewalk,False,0.579,,,,,,,0.0042,-1.0,1.02,,,,
381,22.2881,17.35,374,entity_2,pedestrian,walker.pedestrian.0001,entity_2,63.9075,321.6898,1.0558,0.0,0.0,-89.7611,63.9075,-321.6898,1.566627,0.0009,0.0,0.0,0.0009,0.0,0.0,0.0,0.0,0.0,0.0,5,0,3,53.89,Sidewalk,False,0.579,,,,,,,0.0042,-1.0,1.02,,,,
382,22.3381,17.4,374,entity_2,pedestrian,walker.pedestrian.0001,entity_2,63.9075,321.6898,1.0558,0.0,0.0,-89.7611,63.9075,-321.6898,1.566627,0.0009,0.0,0.0,0.0009,0.0,0.0,0.0,0.0,0.0,0.0,5,0,3,53.89,Sidewalk,False,0.579,,,,,,,0.0042,-1.0,1.02,,,,
383,22.3881,17.45,374,entity_2,pedestrian,walker.pedestrian.0001,entity_2,63.9076,321.6898,1.0558,0.0,0.0,-89.7611,63.9076,-321.6898,1.566627,0.0009,0.0,0.0,0.0009,0.0,0.0,0.0,0.0,0.0,0.0,5,0,3,53.89,Sidewalk,False,0.579,,,,,,,0.0042,-1.0,1.02,,,,
384,22.4381,17.5,374,entity_2,pedestrian,walker.pedestrian.0001,entity_2,63.9076,321.6898,1.0558,0.0,0.0,-89.7611,63.9076,-321.6898,1.566627,0.0009,0.0,0.0,0.0009,0.0,0.0,0.0,0.0,0.0,0.0,5,0,3,53.89,Sidewalk,False,0.579,,,,,,,0.0042,-1.0,1.02,,,,
385,22.4881,17.55,374,entity_2,pedestrian,walker.pedestrian.0001,entity_2,63.9076,321.6898,1.0558,0.0,0.0,-89.7611,63.9076,-321.6898,1.566627,0.0009,0.0,0.0,0.0009,0.0,0.0,0.0,0.0,0.0,0.0,5,0,3,53.89,Sidewalk,False,0.579,,,,,,,0.0042,-1.0,1.02,,,,
386,22.5381,17.6,374,entity_2,pedestrian,walker.pedestrian.0001,entity_2,63.9077,321.6898,1.0558,0.0,0.0,-89.7611,63.9077,-321.6898,1.566627,0.0009,0.0,0.0,0.0009,0.0,0.0,0.0,0.0,0.0,0.0,5,0,3,53.89,Sidewalk,False,0.579,,,,,,,0.0042,-1.0,1.02,,,,
387,22.5881,17.65,374,entity_2,pedestrian,walker.pedestrian.0001,entity_2,63.9077,321.6898,1.0558,0.0,0.0,-89.7611,63.9077,-321.6898,1.566627,0.0009,0.0,0.0,0.0009,0.0,0.0,0.0,0.0,0.0,0.0,5,0,3,53.89,Sidewalk,False,0.579,,,,,,,0.0042,-1.0,1.02,,,,
388,22.6381,17.7,374,entity_2,pedestrian,walker.pedestrian.0001,entity_2,63.9078,321.6898,1.0558,0.0,0.0,-89.7611,63.9078,-321.6898,1.566627,0.0009,0.0,0.0,0.0009,0.0,0.0,0.0,0.0,0.0,0.0,5,0,3,53.89,Sidewalk,False,0.579,,,,,,,0.0042,-1.0,1.02,,,,
389,22.6881,17.75,374,entity_2,pedestrian,walker.pedestrian.0001,entity_2,63.9078,321.6898,1.0558,0.0,0.0,-89.7611,63.9078,-321.6898,1.566627,0.0009,0.0,0.0,0.0009,0.0,0.0,0.0,0.0,0.0,0.0,5,0,3,53.89,Sidewalk,False,0.579,,,,,,,0.0042,-1.0,1.02,,,,
390,22.7381,17.8,374,entity_2,pedestrian,walker.pedestrian.0001,entity_2,63.9079,321.6898,1.0558,0.0,0.0,-89.7611,63.9079,-321.6898,1.566627,0.0009,0.0,0.0,0.0009,0.0,0.0,0.0,0.0,0.0,0.0,5,0,3,53.89,Sidewalk,False,0.579,,,,,,,0.0042,-1.0,1.02,,,,
391,22.7881,17.85,374,entity_2,pedestrian,walker.pedestrian.0001,entity_2,63.9079,321.6898,1.0558,0.0,0.0,-89.7611,63.9079,-321.6898,1.566627,0.0009,0.0,0.0,0.0009,0.0,0.0,0.0,0.0,0.0,0.0,5,0,3,53.89,Sidewalk,False,0.579,,,,,,,0.0042,-1.0,1.02,,,,
392,22.8381,17.9,374,entity_2,pedestrian,walker.pedestrian.0001,entity_2,63.908,321.6898,1.0558,0.0,0.0,-89.7611,63.908,-321.6898,1.566627,0.0009,0.0,0.0,0.0009,0.0,0.0,0.0,0.0,0.0,0.0,5,0,3,53.89,Sidewalk,False,0.579,,,,,,,0.0042,-1.0,1.02,,,,
393,22.8881,17.95,374,entity_2,pedestrian,walker.pedestrian.0001,entity_2,63.908,321.6898,1.0558,0.0,0.0,-89.7611,63.908,-321.6898,1.566627,0.0009,0.0,0.0,0.0009,0.0,0.0,0.0,0.0,0.0,0.0,5,0,3,53.89,Sidewalk,False,0.579,,,,,,,0.0042,-1.0,1.02,,,,
394,22.9381,18.0,374,entity_2,pedestrian,walker.pedestrian.0001,entity_2,63.908,321.6898,1.0558,0.0,0.0,-89.7611,63.908,-321.6898,1.566627,0.0009,0.0,0.0,0.0009,0.0,0.0,0.0,0.0,0.0,0.0,5,0,3,53.89,Sidewalk,False,0.579,,,,,,,0.0042,-1.0,1.02,,,,
395,22.9881,18.05,374,entity_2,pedestrian,walker.pedestrian.0001,entity_2,63.9081,321.6898,1.0558,0.0,0.0,-89.7611,63.9081,-321.6898,1.566627,0.0009,0.0,0.0,0.0009,0.0,0.0,0.0,0.0,0.0,0.0,5,0,3,53.89,Sidewalk,False,0.579,,,,,,,0.0042,-1.0,1.02,,,,
396,23.0381,18.1,374,entity_2,pedestrian,walker.pedestrian.0001,entity_2,63.9081,321.6898,1.0558,0.0,0.0,-89.7611,63.9081,-321.6898,1.566627,0.0009,0.0,0.0,0.0009,0.0,0.0,0.0,0.0,0.0,0.0,5,0,3,53.89,Sidewalk,False,0.579,,,,,,,0.0042,-1.0,1.02,,,,
397,23.0881,18.15,374,entity_2,pedestrian,walker.pedestrian.0001,entity_2,63.9082,321.6898,1.0558,0.0,0.0,-89.7611,63.9082,-321.6898,1.566627,0.0009,0.0,0.0,0.0009,0.0,0.0,0.0,0.0,0.0,0.0,5,0,3,53.89,Sidewalk,False,0.579,,,,,,,0.0042,-1.0,1.02,,,,
398,23.1381,18.2,374,entity_2,pedestrian,walker.pedestrian.0001,entity_2,63.9082,321.6898,1.0558,0.0,0.0,-89.7611,63.9082,-321.6898,1.566627,0.0009,0.0,0.0,0.0009,0.0,0.0,0.0,0.0,0.0,0.0,5,0,3,53.89,Sidewalk,False,0.579,,,,,,,0.0042,-1.0,1.02,,,,
399,23.1881,18.25,374,entity_2,pedestrian,walker.pedestrian.0001,entity_2,63.9083,321.6898,1.0558,0.0,0.0,-89.7611,63.9083,-321.6898,1.566627,0.0009,0.0,0.0,0.0009,0.0,0.0,0.0,0.0,0.0,0.0,5,0,3,53.89,Sidewalk,False,0.579,,,,,,,0.0042,-1.0,1.02,,,,
400,23.2381,18.3,374,entity_2,pedestrian,walker.pedestrian.0001,entity_2,63.9083,321.6898,1.0558,0.0,0.0,-89.7611,63.9083,-321.6898,1.566627,0.0009,0.0,0.0,0.0009,0.0,0.0,0.0,0.0,0.0,0.0,5,0,3,53.89,Sidewalk,False,0.579,,,,,,,0.0042,-1.0,1.02,,,,
401,23.2881,18.35,374,entity_2,pedestrian,walker.pedestrian.0001,entity_2,63.9084,321.6898,1.0558,0.0,0.0,-89.7611,63.9084,-321.6898,1.566627,0.0009,0.0,0.0,0.0009,0.0,0.0,0.0,0.0,0.0,0.0,5,0,3,53.89,Sidewalk,False,0.579,,,,,,,0.0042,-1.0,1.02,,,,
402,23.3381,18.4,374,entity_2,pedestrian,walker.pedestrian.0001,entity_2,63.9084,321.6898,1.0558,0.0,0.0,-89.7611,63.9084,-321.6898,1.566627,0.0009,0.0,0.0,0.0009,0.0,0.0,0.0,0.0,0.0,0.0,5,0,3,53.89,Sidewalk,False,0.579,,,,,,,0.0042,-1.0,1.02,,,,
403,23.3881,18.45,374,entity_2,pedestrian,walker.pedestrian.0001,entity_2,63.9084,321.6898,1.0558,0.0,0.0,-89.7611,63.9084,-321.6898,1.566627,0.0009,0.0,0.0,0.0009,0.0,0.0,0.0,0.0,0.0,0.0,5,0,3,53.89,Sidewalk,False,0.579,,,,,,,0.0042,-1.0,1.02,,,,
404,23.4381,18.5,374,entity_2,pedestrian,walker.pedestrian.0001,entity_2,63.9085,321.6898,1.0558,0.0,0.0,-89.7611,63.9085,-321.6898,1.566627,0.0009,0.0,0.0,0.0009,0.0,0.0,0.0,0.0,0.0,0.0,5,0,3,53.89,Sidewalk,False,0.579,,,,,,,0.0042,-1.0,1.02,,,,
405,23.4881,18.55,374,entity_2,pedestrian,walker.pedestrian.0001,entity_2,63.9085,321.6898,1.0558,0.0,0.0,-89.7611,63.9085,-321.6898,1.566627,0.0009,0.0,0.0,0.0009,0.0,0.0,0.0,0.0,0.0,0.0,5,0,3,53.89,Sidewalk,False,0.579,,,,,,,0.0042,-1.0,1.02,,,,
406,23.5381,18.6,374,entity_2,pedestrian,walker.pedestrian.0001,entity_2,63.9086,321.6898,1.0558,0.0,0.0,-89.7611,63.9086,-321.6898,1.566627,0.0009,0.0,0.0,0.0009,0.0,0.0,0.0,0.0,0.0,0.0,5,0,3,53.89,Sidewalk,False,0.579,,,,,,,0.0042,-1.0,1.02,,,,
407,23.5881,18.65,374,entity_2,pedestrian,walker.pedestrian.0001,entity_2,63.9086,321.6898,1.0558,0.0,0.0,-89.7611,63.9086,-321.6898,1.566627,0.0009,0.0,0.0,0.0009,0.0,0.0,0.0,0.0,0.0,0.0,5,0,3,53.89,Sidewalk,False,0.579,,,,,,,0.0042,-1.0,1.02,,,,
408,23.6381,18.7,374,entity_2,pedestrian,walker.pedestrian.0001,entity_2,63.9087,321.6898,1.0558,0.0,0.0,-89.7611,63.9087,-321.6898,1.566627,0.0009,0.0,0.0,0.0009,0.0,0.0,0.0,0.0,0.0,0.0,5,0,3,53.89,Sidewalk,False,0.579,,,,,,,0.0042,-1.0,1.02,,,,
409,23.6881,18.75,374,entity_2,pedestrian,walker.pedestrian.0001,entity_2,63.9087,321.6898,1.0558,0.0,0.0,-89.7611,63.9087,-321.6898,1.566627,0.0009,0.0,0.0,0.0009,0.0,0.0,0.0,0.0,0.0,0.0,5,0,3,53.9,Sidewalk,False,0.579,,,,,,,0.0042,-1.0,1.02,,,,
410,23.7381,18.8,374,entity_2,pedestrian,walker.pedestrian.0001,entity_2,63.9087,321.6898,1.0558,0.0,0.0,-89.7611,63.9087,-321.6898,1.566627,0.0009,0.0,0.0,0.0009,0.0,0.0,0.0,0.0,0.0,0.0,5,0,3,53.9,Sidewalk,False,0.579,,,,,,,0.0042,-1.0,1.02,,,,
411,23.7881,18.85,374,entity_2,pedestrian,walker.pedestrian.0001,entity_2,63.9088,321.6898,1.0558,0.0,0.0,-89.7611,63.9088,-321.6898,1.566627,0.0009,0.0,0.0,0.0009,0.0,0.0,0.0,0.0,0.0,0.0,5,0,3,53.9,Sidewalk,False,0.579,,,,,,,0.0042,-1.0,1.02,,,,
412,23.8381,18.9,374,entity_2,pedestrian,walker.pedestrian.0001,entity_2,63.9088,321.6898,1.0558,0.0,0.0,-89.7611,63.9088,-321.6898,1.566627,0.0009,0.0,0.0,0.0009,0.0,0.0,0.0,0.0,0.0,0.0,5,0,3,53.9,Sidewalk,False,0.579,,,,,,,0.0042,-1.0,1.02,,,,
413,23.8881,18.95,374,entity_2,pedestrian,walker.pedestrian.0001,entity_2,63.9089,321.6898,1.0558,0.0,0.0,-89.7611,63.9089,-321.6898,1.566627,0.0009,0.0,0.0,0.0009,0.0,0.0,0.0,0.0,0.0,0.0,5,0,3,53.9,Sidewalk,False,0.579,,,,,,,0.0042,-1.0,1.02,,,,
414,23.9381,19.0,374,entity_2,pedestrian,walker.pedestrian.0001,entity_2,63.9089,321.6898,1.0558,0.0,0.0,-89.7611,63.9089,-321.6898,1.566627,0.0009,0.0,0.0,0.0009,0.0,0.0,0.0,0.0,0.0,0.0,5,0,3,53.9,Sidewalk,False,0.579,,,,,,,0.0042,-1.0,1.02,,,,
415,23.9881,19.05,374,entity_2,pedestrian,walker.pedestrian.0001,entity_2,63.909,321.6898,1.0558,0.0,0.0,-89.7611,63.909,-321.6898,1.566627,0.0009,0.0,0.0,0.0009,0.0,0.0,0.0,0.0,0.0,0.0,5,0,3,53.9,Sidewalk,False,0.579,,,,,,,0.0042,-1.0,1.02,,,,
416,24.0381,19.1,374,entity_2,pedestrian,walker.pedestrian.0001,entity_2,63.909,321.6898,1.0558,0.0,0.0,-89.7611,63.909,-321.6898,1.566627,0.0009,0.0,0.0,0.0009,0.0,0.0,0.0,0.0,0.0,0.0,5,0,3,53.9,Sidewalk,False,0.579,,,,,,,0.0042,-1.0,1.02,,,,
417,24.0881,19.15,374,entity_2,pedestrian,walker.pedestrian.0001,entity_2,63.9091,321.6898,1.0558,0.0,0.0,-89.7611,63.9091,-321.6898,1.566627,0.0009,0.0,0.0,0.0009,0.0,0.0,0.0,0.0,0.0,0.0,5,0,3,53.9,Sidewalk,False,0.579,,,,,,,0.0042,-1.0,1.02,,,,
418,24.1381,19.2,374,entity_2,pedestrian,walker.pedestrian.0001,entity_2,63.9091,321.6898,1.0558,0.0,0.0,-89.7611,63.9091,-321.6898,1.566627,0.0009,0.0,0.0,0.0009,0.0,0.0,0.0,0.0,0.0,0.0,5,0,3,53.9,Sidewalk,False,0.579,,,,,,,0.0042,-1.0,1.02,,,,
419,24.1881,19.25,374,entity_2,pedestrian,walker.pedestrian.0001,entity_2,63.9091,321.6898,1.0558,0.0,0.0,-89.7611,63.9091,-321.6898,1.566627,0.0009,0.0,0.0,0.0009,0.0,0.0,0.0,0.0,0.0,0.0,5,0,3,53.9,Sidewalk,False,0.579,,,,,,,0.0042,-1.0,1.02,,,,
420,24.2381,19.3,374,entity_2,pedestrian,walker.pedestrian.0001,entity_2,63.9092,321.6898,1.0558,0.0,0.0,-89.7611,63.9092,-321.6898,1.566627,0.0009,0.0,0.0,0.0009,0.0,0.0,0.0,0.0,0.0,0.0,5,0,3,53.9,Sidewalk,False,0.579,,,,,,,0.0042,-1.0,1.02,,,,
421,24.2881,19.35,374,entity_2,pedestrian,walker.pedestrian.0001,entity_2,63.9092,321.6898,1.0558,0.0,0.0,-89.7611,63.9092,-321.6898,1.566627,0.0009,0.0,0.0,0.0009,0.0,0.0,0.0,0.0,0.0,0.0,5,0,3,53.9,Sidewalk,False,0.579,,,,,,,0.0042,-1.0,1.02,,,,
422,24.3381,19.4,374,entity_2,pedestrian,walker.pedestrian.0001,entity_2,63.9093,321.6898,1.0558,0.0,0.0,-89.7611,63.9093,-321.6898,1.566627,0.0009,0.0,0.0,0.0009,0.0,0.0,0.0,0.0,0.0,0.0,5,0,3,53.9,Sidewalk,False,0.579,,,,,,,0.0042,-1.0,1.02,,,,
423,24.3881,19.45,374,entity_2,pedestrian,walker.pedestrian.0001,entity_2,63.9093,321.6898,1.0558,0.0,0.0,-89.7611,63.9093,-321.6898,1.566627,0.0009,0.0,0.0,0.0009,0.0,0.0,0.0,0.0,0.0,0.0,5,0,3,53.9,Sidewalk,False,0.579,,,,,,,0.0042,-1.0,1.02,,,,
424,24.4381,19.5,374,entity_2,pedestrian,walker.pedestrian.0001,entity_2,63.9094,321.6898,1.0558,0.0,0.0,-89.7611,63.9094,-321.6898,1.566627,0.0009,0.0,0.0,0.0009,0.0,0.0,0.0,0.0,0.0,0.0,5,0,3,53.9,Sidewalk,False,0.579,,,,,,,0.0042,-1.0,1.02,,,,
425,24.4881,19.55,374,entity_2,pedestrian,walker.pedestrian.0001,entity_2,63.9094,321.6898,1.0558,0.0,0.0,-89.7611,63.9094,-321.6898,1.566627,0.0009,0.0,0.0,0.0009,0.0,0.0,0.0,0.0,0.0,0.0,5,0,3,53.9,Sidewalk,False,0.579,,,,,,,0.0042,-1.0,1.02,,,,
426,24.5381,19.6,374,entity_2,pedestrian,walker.pedestrian.0001,entity_2,63.9095,321.6898,1.0558,0.0,0.0,-89.7611,63.9095,-321.6898,1.566627,0.0009,0.0,0.0,0.0009,0.0,0.0,0.0,0.0,0.0,0.0,5,0,3,53.9,Sidewalk,False,0.579,,,,,,,0.0042,-1.0,1.02,,,,
427,24.5881,19.65,374,entity_2,pedestrian,walker.pedestrian.0001,entity_2,63.9095,321.6898,1.0558,0.0,0.0,-89.7611,63.9095,-321.6898,1.566627,0.0009,0.0,0.0,0.0009,0.0,0.0,0.0,0.0,0.0,0.0,5,0,3,53.9,Sidewalk,False,0.579,,,,,,,0.0042,-1.0,1.02,,,,
428,24.6381,19.7,374,entity_2,pedestrian,walker.pedestrian.0001,entity_2,63.9095,321.6898,1.0558,0.0,0.0,-89.7611,63.9095,-321.6898,1.566627,0.0009,0.0,0.0,0.0009,0.0,0.0,0.0,0.0,0.0,0.0,5,0,3,53.9,Sidewalk,False,0.579,,,,,,,0.0042,-1.0,1.02,,,,
429,24.6881,19.75,374,entity_2,pedestrian,walker.pedestrian.0001,entity_2,63.9096,321.6898,1.0558,0.0,0.0,-89.7611,63.9096,-321.6898,1.566627,0.0009,0.0,0.0,0.0009,0.0,0.0,0.0,0.0,0.0,0.0,5,0,3,53.9,Sidewalk,False,0.579,,,,,,,0.0042,-1.0,1.02,,,,
430,24.7381,19.8,374,entity_2,pedestrian,walker.pedestrian.0001,entity_2,63.9096,321.6898,1.0558,0.0,0.0,-89.7611,63.9096,-321.6898,1.566627,0.0009,0.0,0.0,0.0009,0.0,0.0,0.0,0.0,0.0,0.0,5,0,3,53.9,Sidewalk,False,0.579,,,,,,,0.0042,-1.0,1.02,,,,
431,24.7881,19.85,374,entity_2,pedestrian,walker.pedestrian.0001,entity_2,63.9097,321.6898,1.0558,0.0,0.0,-89.7611,63.9097,-321.6898,1.566627,0.0009,0.0,0.0,0.0009,0.0,0.0,0.0,0.0,0.0,0.0,5,0,3,53.9,Sidewalk,False,0.579,,,,,,,0.0042,-1.0,1.02,,,,
432,24.8381,19.9,374,entity_2,pedestrian,walker.pedestrian.0001,entity_2,63.9097,321.6898,1.0558,0.0,0.0,-89.7611,63.9097,-321.6898,1.566627,0.0009,0.0,0.0,0.0009,0.0,0.0,0.0,0.0,0.0,0.0,5,0,3,53.9,Sidewalk,False,0.579,,,,,,,0.0042,-1.0,1.02,,,,
433,24.8881,19.95,374,entity_2,pedestrian,walker.pedestrian.0001,entity_2,63.9098,321.6898,1.0558,0.0,0.0,-89.7611,63.9098,-321.6898,1.566627,0.0009,0.0,0.0,0.0009,0.0,0.0,0.0,0.0,0.0,0.0,5,0,3,53.9,Sidewalk,False,0.579,,,,,,,0.0042,-1.0,1.02,,,,
434,24.9381,20.0,374,entity_2,pedestrian,walker.pedestrian.0001,entity_2,63.9098,321.6898,1.0558,0.0,0.0,-89.7611,63.9098,-321.6898,1.566627,0.0009,0.0,0.0,0.0009,0.0,0.0,0.0,0.0,0.0,0.0,5,0,3,53.9,Sidewalk,False,0.579,,,,,,,0.0042,-1.0,1.02,,,,
435,24.9881,20.05,374,entity_2,pedestrian,walker.pedestrian.0001,entity_2,63.9098,321.6898,1.0558,0.0,0.0,-89.7611,63.9098,-321.6898,1.566627,0.0009,0.0,0.0,0.0009,0.0,0.0,0.0,0.0,0.0,0.0,5,0,3,53.9,Sidewalk,False,0.579,,,,,,,0.0042,-1.0,1.02,,,,
436,25.0381,20.1,374,entity_2,pedestrian,walker.pedestrian.0001,entity_2,63.9099,321.6898,1.0558,0.0,0.0,-89.7611,63.9099,-321.6898,1.566627,0.0009,0.0,0.0,0.0009,0.0,0.0,0.0,0.0,0.0,0.0,5,0,3,53.9,Sidewalk,False,0.579,,,,,,,0.0042,-1.0,1.02,,,,
437,25.0881,20.15,374,entity_2,pedestrian,walker.pedestrian.0001,entity_2,63.9099,321.6898,1.0558,0.0,0.0,-89.7611,63.9099,-321.6898,1.566627,0.0009,0.0,0.0,0.0009,0.0,0.0,0.0,0.0,0.0,0.0,5,0,3,53.9,Sidewalk,False,0.579,,,,,,,0.0042,-1.0,1.02,,,,
438,25.1381,20.2,374,entity_2,pedestrian,walker.pedestrian.0001,entity_2,63.91,321.6898,1.0558,0.0,0.0,-89.7611,63.91,-321.6898,1.566627,0.0009,0.0,0.0,0.0009,0.0,0.0,0.0,0.0,0.0,0.0,5,0,3,53.9,Sidewalk,False,0.579,,,,,,,0.0042,-1.0,1.02,,,,
439,25.1881,20.25,374,entity_2,pedestrian,walker.pedestrian.0001,entity_2,63.91,321.6898,1.0558,0.0,0.0,-89.7611,63.91,-321.6898,1.566627,0.0009,0.0,0.0,0.0009,0.0,0.0,0.0,0.0,0.0,0.0,5,0,3,53.9,Sidewalk,False,0.579,,,,,,,0.0042,-1.0,1.02,,,,
440,25.2381,20.3,374,entity_2,pedestrian,walker.pedestrian.0001,entity_2,63.9101,321.6898,1.0558,0.0,0.0,-89.7611,63.9101,-321.6898,1.566627,0.0009,0.0,0.0,0.0009,0.0,0.0,0.0,0.0,0.0,0.0,5,0,3,53.9,Sidewalk,False,0.579,,,,,,,0.0042,-1.0,1.02,,,,
441,25.2881,20.35,374,entity_2,pedestrian,walker.pedestrian.0001,entity_2,63.9101,321.6898,1.0558,0.0,0.0,-89.7611,63.9101,-321.6898,1.566627,0.0009,0.0,0.0,0.0009,0.0,0.0,0.0,0.0,0.0,0.0,5,0,3,53.9,Sidewalk,False,0.579,,,,,,,0.0042,-1.0,1.02,,,,
442,25.3381,20.4,374,entity_2,pedestrian,walker.pedestrian.0001,entity_2,63.9102,321.6898,1.0558,0.0,0.0,-89.7611,63.9102,-321.6898,1.566627,0.0009,0.0,0.0,0.0009,0.0,0.0,0.0,0.0,0.0,0.0,5,0,3,53.9,Sidewalk,False,0.579,,,,,,,0.0042,-1.0,1.02,,,,
443,25.3881,20.45,374,entity_2,pedestrian,walker.pedestrian.0001,entity_2,63.9102,321.6898,1.0558,0.0,0.0,-89.7611,63.9102,-321.6898,1.566627,0.0009,0.0,0.0,0.0009,0.0,0.0,0.0,0.0,0.0,0.0,5,0,3,53.9,Sidewalk,False,0.579,,,,,,,0.0042,-1.0,1.02,,,,
444,25.4381,20.5,374,entity_2,pedestrian,walker.pedestrian.0001,entity_2,63.9102,321.6898,1.0558,0.0,0.0,-89.7611,63.9102,-321.6898,1.566627,0.0009,0.0,0.0,0.0009,0.0,0.0,0.0,0.0,0.0,0.0,5,0,3,53.9,Sidewalk,False,0.579,,,,,,,0.0042,-1.0,1.02,,,,
445,25.4881,20.55,374,entity_2,pedestrian,walker.pedestrian.0001,entity_2,63.9103,321.6898,1.0558,0.0,0.0,-89.7611,63.9103,-321.6898,1.566627,0.0009,0.0,0.0,0.0009,0.0,0.0,0.0,0.0,0.0,0.0,5,0,3,53.9,Sidewalk,False,0.579,,,,,,,0.0042,-1.0,1.02,,,,
446,25.5381,20.6,374,entity_2,pedestrian,walker.pedestrian.0001,entity_2,63.9103,321.6898,1.0558,0.0,0.0,-89.7611,63.9103,-321.6898,1.566627,0.0009,0.0,0.0,0.0009,0.0,0.0,0.0,0.0,0.0,0.0,5,0,3,53.9,Sidewalk,False,0.579,,,,,,,0.0042,-1.0,1.02,,,,
447,25.5881,20.65,374,entity_2,pedestrian,walker.pedestrian.0001,entity_2,63.9104,321.6898,1.0558,0.0,0.0,-89.7611,63.9104,-321.6898,1.566627,0.0009,0.0,0.0,0.0009,0.0,0.0,0.0,0.0,0.0,0.0,5,0,3,53.9,Sidewalk,False,0.579,,,,,,,0.0042,-1.0,1.02,,,,
448,25.6381,20.7,374,entity_2,pedestrian,walker.pedestrian.0001,entity_2,63.9104,321.6898,1.0558,0.0,0.0,-89.7611,63.9104,-321.6898,1.566627,0.0009,0.0,0.0,0.0009,0.0,0.0,0.0,0.0,0.0,0.0,5,0,3,53.9,Sidewalk,False,0.579,,,,,,,0.0042,-1.0,1.02,,,,
449,25.6881,20.75,374,entity_2,pedestrian,walker.pedestrian.0001,entity_2,63.9105,321.6898,1.0558,0.0,0.0,-89.7611,63.9105,-321.6898,1.566627,0.0009,0.0,0.0,0.0009,0.0,0.0,0.0,0.0,0.0,0.0,5,0,3,53.9,Sidewalk,False,0.579,,,,,,,0.0042,-1.0,1.02,,,,
450,25.7381,20.8,374,entity_2,pedestrian,walker.pedestrian.0001,entity_2,63.9105,321.6898,1.0558,0.0,0.0,-89.7611,63.9105,-321.6898,1.566627,0.0009,0.0,0.0,0.0009,0.0,0.0,0.0,0.0,0.0,0.0,5,0,3,53.9,Sidewalk,False,0.579,,,,,,,0.0042,-1.0,1.02,,,,
451,25.7881,20.85,374,entity_2,pedestrian,walker.pedestrian.0001,entity_2,63.9105,321.6898,1.0558,0.0,0.0,-89.7611,63.9105,-321.6898,1.566627,0.0009,0.0,0.0,0.0009,0.0,0.0,0.0,0.0,0.0,0.0,5,0,3,53.9,Sidewalk,False,0.579,,,,,,,0.0042,-1.0,1.02,,,,
452,25.8381,20.9,374,entity_2,pedestrian,walker.pedestrian.0001,entity_2,63.9106,321.6898,1.0558,0.0,0.0,-89.7611,63.9106,-321.6898,1.566627,0.0009,0.0,0.0,0.0009,0.0,0.0,0.0,0.0,0.0,0.0,5,0,3,53.9,Sidewalk,False,0.579,,,,,,,0.0042,-1.0,1.02,,,,
453,25.8881,20.95,374,entity_2,pedestrian,walker.pedestrian.0001,entity_2,63.9106,321.6898,1.0558,0.0,0.0,-89.7611,63.9106,-321.6898,1.566627,0.0009,0.0,0.0,0.0009,0.0,0.0,0.0,0.0,0.0,0.0,5,0,3,53.9,Sidewalk,False,0.579,,,,,,,0.0042,-1.0,1.02,,,,
454,25.9381,21.0,374,entity_2,pedestrian,walker.pedestrian.0001,entity_2,63.9107,321.6898,1.0558,0.0,0.0,-89.7611,63.9107,-321.6898,1.566627,0.0009,0.0,0.0,0.0009,0.0,0.0,0.0,0.0,0.0,0.0,5,0,3,53.9,Sidewalk,False,0.579,,,,,,,0.0042,-1.0,1.02,,,,
455,25.9881,21.05,374,entity_2,pedestrian,walker.pedestrian.0001,entity_2,63.9107,321.6898,1.0558,0.0,0.0,-89.7611,63.9107,-321.6898,1.566627,0.0009,0.0,0.0,0.0009,0.0,0.0,0.0,0.0,0.0,0.0,5,0,3,53.9,Sidewalk,False,0.579,,,,,,,0.0042,-1.0,1.02,,,,
456,26.0381,21.1,374,entity_2,pedestrian,walker.pedestrian.0001,entity_2,63.9108,321.6898,1.0558,0.0,0.0,-89.7611,63.9108,-321.6898,1.566627,0.0009,0.0,0.0,0.0009,0.0,0.0,0.0,0.0,0.0,0.0,5,0,3,53.9,Sidewalk,False,0.579,,,,,,,0.0042,-1.0,1.02,,,,
457,26.0881,21.15,374,entity_2,pedestrian,walker.pedestrian.0001,entity_2,63.9108,321.6898,1.0558,0.0,0.0,-89.7611,63.9108,-321.6898,1.566627,0.0009,0.0,0.0,0.0009,0.0,0.0,0.0,0.0,0.0,0.0,5,0,3,53.9,Sidewalk,False,0.579,,,,,,,0.0042,-1.0,1.02,,,,
458,26.1381,21.2,374,entity_2,pedestrian,walker.pedestrian.0001,entity_2,63.9109,321.6898,1.0558,0.0,0.0,-89.7611,63.9109,-321.6898,1.566627,0.0009,0.0,0.0,0.0009,0.0,0.0,0.0,0.0,0.0,0.0,5,0,3,53.9,Sidewalk,False,0.579,,,,,,,0.0042,-1.0,1.02,,,,
459,26.1881,21.25,374,entity_2,pedestrian,walker.pedestrian.0001,entity_2,63.9109,321.6898,1.0558,0.0,0.0,-89.7611,63.9109,-321.6898,1.566627,0.0009,0.0,0.0,0.0009,0.0,0.0,0.0,0.0,0.0,0.0,5,0,3,53.9,Sidewalk,False,0.579,,,,,,,0.0042,-1.0,1.02,,,,
460,26.2381,21.3,374,entity_2,pedestrian,walker.pedestrian.0001,entity_2,63.9109,321.6898,1.0558,0.0,0.0,-89.7611,63.9109,-321.6898,1.566627,0.0009,0.0,0.0,0.0009,0.0,0.0,0.0,0.0,0.0,0.0,5,0,3,53.9,Sidewalk,False,0.579,,,,,,,0.0042,-1.0,1.02,,,,
461,26.2881,21.35,374,entity_2,pedestrian,walker.pedestrian.0001,entity_2,63.911,321.6898,1.0558,0.0,0.0,-89.7611,63.911,-321.6898,1.566627,0.0009,0.0,0.0,0.0009,0.0,0.0,0.0,0.0,0.0,0.0,5,0,3,53.9,Sidewalk,False,0.579,,,,,,,0.0042,-1.0,1.02,,,,
462,26.3381,21.4,374,entity_2,pedestrian,walker.pedestrian.0001,entity_2,63.911,321.6898,1.0558,0.0,0.0,-89.7611,63.911,-321.6898,1.566627,0.0009,0.0,0.0,0.0009,0.0,0.0,0.0,0.0,0.0,0.0,5,0,3,53.9,Sidewalk,False,0.579,,,,,,,0.0042,-1.0,1.02,,,,
463,26.3881,21.45,374,entity_2,pedestrian,walker.pedestrian.0001,entity_2,63.9111,321.6898,1.0558,0.0,0.0,-89.7611,63.9111,-321.6898,1.566627,0.0009,0.0,0.0,0.0009,0.0,0.0,0.0,0.0,0.0,0.0,5,0,3,53.9,Sidewalk,False,0.579,,,,,,,0.0042,-1.0,1.02,,,,
464,26.4381,21.5,374,entity_2,pedestrian,walker.pedestrian.0001,entity_2,63.9111,321.6898,1.0558,0.0,0.0,-89.7611,63.9111,-321.6898,1.566627,0.0009,0.0,0.0,0.0009,0.0,0.0,0.0,0.0,0.0,0.0,5,0,3,53.9,Sidewalk,False,0.579,,,,,,,0.0042,-1.0,1.02,,,,
465,26.4881,21.55,374,entity_2,pedestrian,walker.pedestrian.0001,entity_2,63.9112,321.6898,1.0558,0.0,0.0,-89.7611,63.9112,-321.6898,1.566627,0.0009,0.0,0.0,0.0009,0.0,0.0,0.0,0.0,0.0,0.0,5,0,3,53.9,Sidewalk,False,0.579,,,,,,,0.0042,-1.0,1.02,,,,
466,26.5381,21.6,374,entity_2,pedestrian,walker.pedestrian.0001,entity_2,63.9112,321.6898,1.0558,0.0,0.0,-89.7611,63.9112,-321.6898,1.566627,0.0009,0.0,0.0,0.0009,0.0,0.0,0.0,0.0,0.0,0.0,5,0,3,53.9,Sidewalk,False,0.579,,,,,,,0.0042,-1.0,1.02,,,,
467,26.5881,21.65,374,entity_2,pedestrian,walker.pedestrian.0001,entity_2,63.9113,321.6898,1.0558,0.0,0.0,-89.7611,63.9113,-321.6898,1.566627,0.0009,0.0,0.0,0.0009,0.0,0.0,0.0,0.0,0.0,0.0,5,0,3,53.9,Sidewalk,False,0.579,,,,,,,0.0042,-1.0,1.02,,,,
468,26.6381,21.7,374,entity_2,pedestrian,walker.pedestrian.0001,entity_2,63.9113,321.6898,1.0558,0.0,0.0,-89.7611,63.9113,-321.6898,1.566627,0.0009,0.0,0.0,0.0009,0.0,0.0,0.0,0.0,0.0,0.0,5,0,3,53.9,Sidewalk,False,0.579,,,,,,,0.0042,-1.0,1.02,,,,
469,26.6881,21.75,374,entity_2,pedestrian,walker.pedestrian.0001,entity_2,63.9113,321.6898,1.0558,0.0,0.0,-89.7611,63.9113,-321.6898,1.566627,0.0009,0.0,0.0,0.0009,0.0,0.0,0.0,0.0,0.0,0.0,5,0,3,53.9,Sidewalk,False,0.579,,,,,,,0.0042,-1.0,1.02,,,,
470,26.7381,21.8,374,entity_2,pedestrian,walker.pedestrian.0001,entity_2,63.9114,321.6898,1.0558,0.0,0.0,-89.7611,63.9114,-321.6898,1.566627,0.0009,0.0,0.0,0.0009,0.0,0.0,0.0,0.0,0.0,0.0,5,0,3,53.9,Sidewalk,False,0.579,,,,,,,0.0042,-1.0,1.02,,,,
471,26.7881,21.85,374,entity_2,pedestrian,walker.pedestrian.0001,entity_2,63.9114,321.6898,1.0558,0.0,0.0,-89.7611,63.9114,-321.6898,1.566627,0.0009,0.0,0.0,0.0009,0.0,0.0,0.0,0.0,0.0,0.0,5,0,3,53.9,Sidewalk,False,0.579,,,,,,,0.0042,-1.0,1.02,,,,
472,26.8381,21.9,374,entity_2,pedestrian,walker.pedestrian.0001,entity_2,63.9115,321.6898,1.0558,0.0,0.0,-89.7611,63.9115,-321.6898,1.566627,0.0009,0.0,0.0,0.0009,0.0,0.0,0.0,0.0,0.0,0.0,5,0,3,53.9,Sidewalk,False,0.579,,,,,,,0.0042,-1.0,1.02,,,,
473,26.8881,21.95,374,entity_2,pedestrian,walker.pedestrian.0001,entity_2,63.9115,321.6898,1.0558,0.0,0.0,-89.7611,63.9115,-321.6898,1.566627,0.0009,0.0,0.0,0.0009,0.0,0.0,0.0,0.0,0.0,0.0,5,0,3,53.9,Sidewalk,False,0.579,,,,,,,0.0042,-1.0,1.02,,,,
474,26.9381,22.0,374,entity_2,pedestrian,walker.pedestrian.0001,entity_2,63.9116,321.6898,1.0558,0.0,0.0,-89.7611,63.9116,-321.6898,1.566627,0.0009,0.0,0.0,0.0009,0.0,0.0,0.0,0.0,0.0,0.0,5,0,3,53.9,Sidewalk,False,0.579,,,,,,,0.0042,-1.0,1.02,,,,
475,26.9881,22.05,374,entity_2,pedestrian,walker.pedestrian.0001,entity_2,63.9116,321.6898,1.0558,0.0,0.0,-89.7611,63.9116,-321.6898,1.566627,0.0009,0.0,0.0,0.0009,0.0,0.0,0.0,0.0,0.0,0.0,5,0,3,53.9,Sidewalk,False,0.579,,,,,,,0.0042,-1.0,1.02,,,,
476,27.0381,22.1,374,entity_2,pedestrian,walker.pedestrian.0001,entity_2,63.9116,321.6898,1.0558,0.0,0.0,-89.7611,63.9116,-321.6898,1.566627,0.0009,0.0,0.0,0.0009,0.0,0.0,0.0,0.0,0.0,0.0,5,0,3,53.9,Sidewalk,False,0.579,,,,,,,0.0042,-1.0,1.02,,,,
477,27.0881,22.15,374,entity_2,pedestrian,walker.pedestrian.0001,entity_2,63.9117,321.6898,1.0558,0.0,0.0,-89.7611,63.9117,-321.6898,1.566627,0.0009,0.0,0.0,0.0009,0.0,0.0,0.0,0.0,0.0,0.0,5,0,3,53.9,Sidewalk,False,0.579,,,,,,,0.0042,-1.0,1.02,,,,
478,27.1381,22.2,374,entity_2,pedestrian,walker.pedestrian.0001,entity_2,63.9117,321.6898,1.0558,0.0,0.0,-89.7611,63.9117,-321.6898,1.566627,0.0009,0.0,0.0,0.0009,0.0,0.0,0.0,0.0,0.0,0.0,5,0,3,53.9,Sidewalk,False,0.579,,,,,,,0.0042,-1.0,1.02,,,,
479,27.1881,22.25,374,entity_2,pedestrian,walker.pedestrian.0001,entity_2,63.9118,321.6898,1.0558,0.0,0.0,-89.7611,63.9118,-321.6898,1.566627,0.0009,0.0,0.0,0.0009,0.0,0.0,0.0,0.0,0.0,0.0,5,0,3,53.9,Sidewalk,False,0.579,,,,,,,0.0042,-1.0,1.02,,,,
480,27.2381,22.3,374,entity_2,pedestrian,walker.pedestrian.0001,entity_2,63.9118,321.6898,1.0558,0.0,0.0,-89.7611,63.9118,-321.6898,1.566627,0.0009,0.0,0.0,0.0009,0.0,0.0,0.0,0.0,0.0,0.0,5,0,3,53.9,Sidewalk,False,0.579,,,,,,,0.0042,-1.0,1.02,,,,
481,27.2881,22.35,374,entity_2,pedestrian,walker.pedestrian.0001,entity_2,63.9119,321.6898,1.0558,0.0,0.0,-89.7611,63.9119,-321.6898,1.566627,0.0009,0.0,0.0,0.0009,0.0,0.0,0.0,0.0,0.0,0.0,5,0,3,53.9,Sidewalk,False,0.579,,,,,,,0.0042,-1.0,1.02,,,,
482,27.3381,22.4,374,entity_2,pedestrian,walker.pedestrian.0001,entity_2,63.9119,321.6898,1.0558,0.0,0.0,-89.7611,63.9119,-321.6898,1.566627,0.0009,0.0,0.0,0.0009,0.0,0.0,0.0,0.0,0.0,0.0,5,0,3,53.9,Sidewalk,False,0.579,,,,,,,0.0042,-1.0,1.02,,,,
483,27.3881,22.45,374,entity_2,pedestrian,walker.pedestrian.0001,entity_2,63.912,321.6898,1.0558,0.0,0.0,-89.7611,63.912,-321.6898,1.566627,0.0009,0.0,0.0,0.0009,0.0,0.0,0.0,0.0,0.0,0.0,5,0,3,53.9,Sidewalk,False,0.579,,,,,,,0.0042,-1.0,1.02,,,,
484,27.4381,22.5,374,entity_2,pedestrian,walker.pedestrian.0001,entity_2,63.912,321.6898,1.0558,0.0,0.0,-89.7611,63.912,-321.6898,1.566627,0.0009,0.0,0.0,0.0009,0.0,0.0,0.0,0.0,0.0,0.0,5,0,3,53.9,Sidewalk,False,0.579,,,,,,,0.0042,-1.0,1.02,,,,
485,27.4881,22.55,374,entity_2,pedestrian,walker.pedestrian.0001,entity_2,63.912,321.6898,1.0558,0.0,0.0,-89.7611,63.912,-321.6898,1.566627,0.0009,0.0,0.0,0.0009,0.0,0.0,0.0,0.0,0.0,0.0,5,0,3,53.9,Sidewalk,False,0.579,,,,,,,0.0042,-1.0,1.02,,,,
486,27.5381,22.6,374,entity_2,pedestrian,walker.pedestrian.0001,entity_2,63.9121,321.6898,1.0558,0.0,0.0,-89.7611,63.9121,-321.6898,1.566627,0.0009,0.0,0.0,0.0009,0.0,0.0,0.0,0.0,0.0,0.0,5,0,3,53.9,Sidewalk,False,0.579,,,,,,,0.0042,-1.0,1.02,,,,
487,27.5881,22.65,374,entity_2,pedestrian,walker.pedestrian.0001,entity_2,63.9121,321.6898,1.0558,0.0,0.0,-89.7611,63.9121,-321.6898,1.566627,0.0009,0.0,0.0,0.0009,0.0,0.0,0.0,0.0,0.0,0.0,5,0,3,53.9,Sidewalk,False,0.579,,,,,,,0.0042,-1.0,1.02,,,,
488,27.6381,22.7,374,entity_2,pedestrian,walker.pedestrian.0001,entity_2,63.9122,321.6898,1.0558,0.0,0.0,-89.7611,63.9122,-321.6898,1.566627,0.0009,0.0,0.0,0.0009,0.0,0.0,0.0,0.0,0.0,0.0,5,0,3,53.9,Sidewalk,False,0.579,,,,,,,0.0042,-1.0,1.02,,,,
489,27.6881,22.75,374,entity_2,pedestrian,walker.pedestrian.0001,entity_2,63.9122,321.6898,1.0558,0.0,0.0,-89.7611,63.9122,-321.6898,1.566627,0.0009,0.0,0.0,0.0009,0.0,0.0,0.0,0.0,0.0,0.0,5,0,3,53.9,Sidewalk,False,0.579,,,,,,,0.0042,-1.0,1.02,,,,
490,27.7381,22.8,374,entity_2,pedestrian,walker.pedestrian.0001,entity_2,63.9123,321.6898,1.0558,0.0,0.0,-89.7611,63.9123,-321.6898,1.566627,0.0009,0.0,0.0,0.0009,0.0,0.0,0.0,0.0,0.0,0.0,5,0,3,53.9,Sidewalk,False,0.579,,,,,,,0.0042,-1.0,1.02,,,,
491,27.7881,22.85,374,entity_2,pedestrian,walker.pedestrian.0001,entity_2,63.9123,321.6898,1.0558,0.0,0.0,-89.7611,63.9123,-321.6898,1.566627,0.0009,0.0,0.0,0.0009,0.0,0.0,0.0,0.0,0.0,0.0,5,0,3,53.9,Sidewalk,False,0.579,,,,,,,0.0042,-1.0,1.02,,,,
492,27.8381,22.9,374,entity_2,pedestrian,walker.pedestrian.0001,entity_2,63.9124,321.6898,1.0558,0.0,0.0,-89.7611,63.9124,-321.6898,1.566627,0.0009,0.0,0.0,0.0009,0.0,0.0,0.0,0.0,0.0,0.0,5,0,3,53.9,Sidewalk,False,0.579,,,,,,,0.0042,-1.0,1.02,,,,
493,27.8881,22.95,374,entity_2,pedestrian,walker.pedestrian.0001,entity_2,63.9124,321.6898,1.0558,0.0,0.0,-89.7611,63.9124,-321.6898,1.566627,0.0009,0.0,0.0,0.0009,0.0,0.0,0.0,0.0,0.0,0.0,5,0,3,53.9,Sidewalk,False,0.579,,,,,,,0.0042,-1.0,1.02,,,,
494,27.9381,23.0,374,entity_2,pedestrian,walker.pedestrian.0001,entity_2,63.9124,321.6898,1.0558,0.0,0.0,-89.7611,63.9124,-321.6898,1.566627,0.0009,0.0,0.0,0.0009,0.0,0.0,0.0,0.0,0.0,0.0,5,0,3,53.9,Sidewalk,False,0.579,,,,,,,0.0042,-1.0,1.02,,,,
495,27.9881,23.05,374,entity_2,pedestrian,walker.pedestrian.0001,entity_2,63.9125,321.6898,1.0558,0.0,0.0,-89.7611,63.9125,-321.6898,1.566627,0.0009,0.0,0.0,0.0009,0.0,0.0,0.0,0.0,0.0,0.0,5,0,3,53.9,Sidewalk,False,0.579,,,,,,,0.0042,-1.0,1.02,,,,
496,28.0381,23.1,374,entity_2,pedestrian,walker.pedestrian.0001,entity_2,63.9125,321.6898,1.0558,0.0,0.0,-89.7611,63.9125,-321.6898,1.566627,0.0009,0.0,0.0,0.0009,0.0,0.0,0.0,0.0,0.0,0.0,5,0,3,53.9,Sidewalk,False,0.579,,,,,,,0.0042,-1.0,1.02,,,,
497,28.0881,23.15,374,entity_2,pedestrian,walker.pedestrian.0001,entity_2,63.9126,321.6898,1.0558,0.0,0.0,-89.7611,63.9126,-321.6898,1.566627,0.0009,0.0,0.0,0.0009,0.0,0.0,0.0,0.0,0.0,0.0,5,0,3,53.9,Sidewalk,False,0.579,,,,,,,0.0042,-1.0,1.02,,,,
498,28.1381,23.2,374,entity_2,pedestrian,walker.pedestrian.0001,entity_2,63.9126,321.6898,1.0558,0.0,0.0,-89.7611,63.9126,-321.6898,1.566627,0.0009,0.0,0.0,0.0009,0.0,0.0,0.0,0.0,0.0,0.0,5,0,3,53.9,Sidewalk,False,0.579,,,,,,,0.0042,-1.0,1.02,,,,
499,28.1881,23.25,374,entity_2,pedestrian,walker.pedestrian.0001,entity_2,63.9127,321.6898,1.0558,0.0,0.0,-89.7611,63.9127,-321.6898,1.566627,0.0009,0.0,0.0,0.0009,0.0,0.0,0.0,0.0,0.0,0.0,5,0,3,53.9,Sidewalk,False,0.579,,,,,,,0.0042,-1.0,1.02,,,,
500,28.2381,23.3,374,entity_2,pedestrian,walker.pedestrian.0001,entity_2,63.9127,321.6898,1.0558,0.0,0.0,-89.7611,63.9127,-321.6898,1.566627,0.0009,0.0,0.0,0.0009,0.0,0.0,0.0,0.0,0.0,0.0,5,0,3,53.9,Sidewalk,False,0.579,,,,,,,0.0042,-1.0,1.02,,,,
501,28.2881,23.35,374,entity_2,pedestrian,walker.pedestrian.0001,entity_2,63.9127,321.6898,1.0558,0.0,0.0,-89.7611,63.9127,-321.6898,1.566627,0.0009,0.0,0.0,0.0009,0.0,0.0,0.0,0.0,0.0,0.0,5,0,3,53.9,Sidewalk,False,0.579,,,,,,,0.0042,-1.0,1.02,,,,
502,28.3381,23.4,374,entity_2,pedestrian,walker.pedestrian.0001,entity_2,63.9128,321.6898,1.0558,0.0,0.0,-89.7611,63.9128,-321.6898,1.566627,0.0009,0.0,0.0,0.0009,0.0,0.0,0.0,0.0,0.0,0.0,5,0,3,53.9,Sidewalk,False,0.579,,,,,,,0.0042,-1.0,1.02,,,,
503,28.3881,23.45,374,entity_2,pedestrian,walker.pedestrian.0001,entity_2,63.9128,321.6898,1.0558,0.0,0.0,-89.7611,63.9128,-321.6898,1.566627,0.0009,0.0,0.0,0.0009,0.0,0.0,0.0,0.0,0.0,0.0,5,0,3,53.9,Sidewalk,False,0.579,,,,,,,0.0042,-1.0,1.02,,,,
504,28.4381,23.5,374,entity_2,pedestrian,walker.pedestrian.0001,entity_2,63.9129,321.6898,1.0558,0.0,0.0,-89.7611,63.9129,-321.6898,1.566627,0.0009,0.0,0.0,0.0009,0.0,0.0,0.0,0.0,0.0,0.0,5,0,3,53.9,Sidewalk,False,0.579,,,,,,,0.0042,-1.0,1.02,,,,
505,28.4881,23.55,374,entity_2,pedestrian,walker.pedestrian.0001,entity_2,63.9129,321.6898,1.0558,0.0,0.0,-89.7611,63.9129,-321.6898,1.566627,0.0009,0.0,0.0,0.0009,0.0,0.0,0.0,0.0,0.0,0.0,5,0,3,53.9,Sidewalk,False,0.579,,,,,,,0.0042,-1.0,1.02,,,,
506,28.5381,23.6,374,entity_2,pedestrian,walker.pedestrian.0001,entity_2,63.913,321.6898,1.0558,0.0,0.0,-89.7611,63.913,-321.6898,1.566627,0.0009,0.0,0.0,0.0009,0.0,0.0,0.0,0.0,0.0,0.0,5,0,3,53.9,Sidewalk,False,0.579,,,,,,,0.0042,-1.0,1.02,,,,
507,28.5881,23.65,374,entity_2,pedestrian,walker.pedestrian.0001,entity_2,63.913,321.6898,1.0558,0.0,0.0,-89.7611,63.913,-321.6898,1.566627,0.0009,0.0,0.0,0.0009,0.0,0.0,0.0,0.0,0.0,0.0,5,0,3,53.9,Sidewalk,False,0.579,,,,,,,0.0042,-1.0,1.02,,,,
508,28.6381,23.7,374,entity_2,pedestrian,walker.pedestrian.0001,entity_2,63.9131,321.6898,1.0558,0.0,0.0,-89.7611,63.9131,-321.6898,1.566627,0.0009,0.0,0.0,0.0009,0.0,0.0,0.0,0.0,0.0,0.0,5,0,3,53.9,Sidewalk,False,0.579,,,,,,,0.0042,-1.0,1.02,,,,
509,28.6881,23.75,374,entity_2,pedestrian,walker.pedestrian.0001,entity_2,63.9131,321.6898,1.0558,0.0,0.0,-89.7611,63.9131,-321.6898,1.566627,0.0009,0.0,0.0,0.0009,0.0,0.0,0.0,0.0,0.0,0.0,5,0,3,53.9,Sidewalk,False,0.579,,,,,,,0.0042,-1.0,1.02,,,,
510,28.7381,23.8,374,entity_2,pedestrian,walker.pedestrian.0001,entity_2,63.9131,321.6898,1.0558,0.0,0.0,-89.7611,63.9131,-321.6898,1.566627,0.0009,0.0,0.0,0.0009,0.0,0.0,0.0,0.0,0.0,0.0,5,0,3,53.9,Sidewalk,False,0.579,,,,,,,0.0042,-1.0,1.02,,,,
511,28.7881,23.85,374,entity_2,pedestrian,walker.pedestrian.0001,entity_2,63.9132,321.6898,1.0558,0.0,0.0,-89.7611,63.9132,-321.6898,1.566627,0.0009,0.0,0.0,0.0009,0.0,0.0,0.0,0.0,0.0,0.0,5,0,3,53.9,Sidewalk,False,0.579,,,,,,,0.0042,-1.0,1.02,,,,
