frame,sim_time,t_rel,actor_id,name,category,type_id,role_name,x,y,z,roll,pitch,yaw,x_odr,y_odr,heading_odr_rad,vx,vy,vz,speed_mps,ax,ay,az,wx_dps,wy_dps,wz_dps,road_id,section_id,lane_id,s,lane_type,is_junction,lateral_offset_m,throttle,steer,brake,hand_brake,reverse,gear,walker_dir_x,walker_dir_y,walker_speed,light_state,at_traffic_light,traffic_light_state,speed_limit_kmh
34,4.9381,0.0,375,entity_1,vehicle,vehicle.audi.a2,entity_1,61.009,331.442,-0.0073,0.0,0.0,0.0286,61.009,-331.442,-0.000499,0.0,0.0,0.0,0.0,0.0,0.0,0.0,0.0,0.0,0.0,5,0,-1,51.0,Driving,False,0.875,0.0,0.0,0.0,False,False,0,,,,NONE,False,Green,30.0
35,4.9881,0.05,375,entity_1,vehicle,vehicle.audi.a2,entity_1,61.009,331.442,-0.0073,0.0,0.0,0.0286,61.009,-331.442,-0.000499,0.0,0.0,0.0,0.0,0.0,0.0,0.0,0.0,0.0,0.0,5,0,-1,51.0,Driving,False,0.875,0.0,0.0,0.0,False,False,0,,,,NONE,False,Green,30.0
36,5.0381,0.1,375,entity_1,vehicle,vehicle.audi.a2,entity_1,61.009,331.442,-0.0073,0.0,0.0,0.0286,61.009,-331.442,-0.000499,0.0,0.0,0.0,0.0,0.0,0.0,0.0,0.0,0.0,0.0,5,0,-1,51.0,Driving,False,0.875,0.0,0.0,0.0,False,False,0,,,,NONE,False,Green,30.0
37,5.0881,0.15,375,entity_1,vehicle,vehicle.audi.a2,entity_1,61.009,331.442,-0.0073,0.0,0.0,0.0286,61.009,-331.442,-0.000499,0.0,0.0,0.0,0.0,0.0,0.0,0.0,0.0,0.0,0.0,5,0,-1,51.0,Driving,False,0.875,0.0,0.0,0.0,False,False,0,,,,NONE,False,Green,30.0
38,5.1381,0.2,375,entity_1,vehicle,vehicle.audi.a2,entity_1,61.009,331.442,-0.0073,0.0,0.0,0.0286,61.009,-331.442,-0.000499,0.0,0.0,0.0,0.0,0.0,0.0,0.0,0.0,0.0,0.0,5,0,-1,51.0,Driving,False,0.875,0.0,0.0,0.0,False,False,0,,,,NONE,False,Green,30.0
39,5.1881,0.25,375,entity_1,vehicle,vehicle.audi.a2,entity_1,61.009,331.442,-0.0073,0.0,0.0,0.0286,61.009,-331.442,-0.000499,0.0,0.0,0.0,0.0,0.0,0.0,0.0,0.0,0.0,0.0,5,0,-1,51.0,Driving,False,0.875,0.0,0.0,0.0,False,False,0,,,,NONE,False,Green,30.0
40,5.2381,0.3,375,entity_1,vehicle,vehicle.audi.a2,entity_1,61.009,331.442,-0.0073,0.0,0.0,0.0286,61.009,-331.442,-0.000499,0.0,0.0,0.0,0.0,0.0,0.0,0.0,0.0,0.0,0.0,5,0,-1,51.0,Driving,False,0.875,0.0,0.0,0.0,False,False,0,,,,NONE,False,Green,30.0
41,5.2881,0.35,375,entity_1,vehicle,vehicle.audi.a2,entity_1,61.009,331.442,-0.0073,0.0,0.0,0.0286,61.009,-331.442,-0.000499,0.0,0.0,0.0,0.0,0.0,0.0,0.0,0.0,0.0,0.0,5,0,-1,51.0,Driving,False,0.875,0.0,0.0,0.0,False,False,0,,,,NONE,False,Green,30.0
42,5.3381,0.4,375,entity_1,vehicle,vehicle.audi.a2,entity_1,61.009,331.442,-0.0073,0.0,0.0,0.0286,61.009,-331.442,-0.000499,0.0,0.0,0.0,0.0,0.0,0.0,0.0,0.0,0.0,0.0,5,0,-1,51.0,Driving,False,0.875,0.0,0.0,0.0,False,False,0,,,,NONE,False,Green,30.0
43,5.3881,0.45,375,entity_1,vehicle,vehicle.audi.a2,entity_1,61.009,331.442,-0.0073,0.0,0.0,0.0286,61.009,-331.442,-0.000499,0.0,0.0,0.0,0.0,0.0,0.0,0.0,0.0,0.0,0.0,5,0,-1,51.0,Driving,False,0.875,0.0,0.0,0.0,False,False,0,,,,NONE,False,Green,30.0
44,5.4381,0.5,375,entity_1,vehicle,vehicle.audi.a2,entity_1,61.009,331.442,-0.0073,0.0,0.0,0.0286,61.009,-331.442,-0.000499,0.0,0.0,0.0,0.0,0.0,0.0,0.0,0.0,0.0,0.0,5,0,-1,51.0,Driving,False,0.875,0.0,0.0,0.0,False,False,0,,,,NONE,False,Green,30.0
45,5.4881,0.55,375,entity_1,vehicle,vehicle.audi.a2,entity_1,61.009,331.442,-0.0073,0.0,0.0,0.0286,61.009,-331.442,-0.000499,0.0,0.0,0.0,0.0,0.0,0.0,0.0,0.0,0.0,0.0,5,0,-1,51.0,Driving,False,0.875,0.0,0.0,0.0,False,False,0,,,,NONE,False,Green,30.0
46,5.5381,0.6,375,entity_1,vehicle,vehicle.audi.a2,entity_1,61.009,331.442,-0.0073,0.0,0.0,0.0286,61.009,-331.442,-0.000499,0.0,0.0,0.0,0.0,0.0,0.0,0.0,0.0,0.0,0.0,5,0,-1,51.0,Driving,False,0.875,0.0,0.0,0.0,False,False,0,,,,NONE,False,Green,30.0
47,5.5881,0.65,375,entity_1,vehicle,vehicle.audi.a2,entity_1,61.009,331.442,-0.0073,0.0,0.0,0.0286,61.009,-331.442,-0.000499,0.0,0.0,0.0,0.0,0.0,0.0,0.0,0.0,0.0,0.0,5,0,-1,51.0,Driving,False,0.875,0.0,0.0,0.0,False,False,0,,,,NONE,False,Green,30.0
48,5.6381,0.7,375,entity_1,vehicle,vehicle.audi.a2,entity_1,61.009,331.442,-0.0073,0.0,0.0,0.0286,61.009,-331.442,-0.000499,0.0,0.0,0.0,0.0,0.0,0.0,0.0,0.0,0.0,0.0,5,0,-1,51.0,Driving,False,0.875,0.0,0.0,0.0,False,False,0,,,,NONE,False,Green,30.0
49,5.6881,0.75,375,entity_1,vehicle,vehicle.audi.a2,entity_1,61.009,331.442,-0.0073,0.0,0.0,0.0286,61.009,-331.442,-0.000499,0.0,0.0,0.0,0.0,0.0,0.0,0.0,0.0,0.0,0.0,5,0,-1,51.0,Driving,False,0.875,0.0,0.0,0.0,False,False,0,,,,NONE,False,Green,30.0
50,5.7381,0.8,375,entity_1,vehicle,vehicle.audi.a2,entity_1,61.009,331.442,-0.0073,0.0,0.0,0.0286,61.009,-331.442,-0.000499,0.0,0.0,0.0,0.0,0.0,0.0,0.0,0.0,0.0,0.0,5,0,-1,51.0,Driving,False,0.875,0.0,0.0,0.0,False,False,0,,,,NONE,False,Green,30.0
51,5.7881,0.85,375,entity_1,vehicle,vehicle.audi.a2,entity_1,61.009,331.442,-0.0073,0.0,0.0,0.0286,61.009,-331.442,-0.000499,0.0,0.0,0.0,0.0,0.0,0.0,0.0,0.0,0.0,0.0,5,0,-1,51.0,Driving,False,0.875,0.0,0.0,0.0,False,False,0,,,,NONE,False,Green,30.0
52,5.8381,0.9,375,entity_1,vehicle,vehicle.audi.a2,entity_1,61.009,331.442,-0.0073,0.0,0.0,0.0286,61.009,-331.442,-0.000499,0.0,0.0,0.0,0.0,0.0,0.0,0.0,0.0,0.0,0.0,5,0,-1,51.0,Driving,False,0.875,0.0,0.0,0.0,False,False,0,,,,NONE,False,Green,30.0
53,5.8881,0.95,375,entity_1,vehicle,vehicle.audi.a2,entity_1,61.009,331.442,-0.0073,0.0,0.0,0.0286,61.009,-331.442,-0.000499,0.0,0.0,0.0,0.0,0.0,0.0,0.0,0.0,0.0,0.0,5,0,-1,51.0,Driving,False,0.875,0.0,0.0,0.0,False,False,0,,,,NONE,False,Green,30.0
54,5.9381,1.0,375,entity_1,vehicle,vehicle.audi.a2,entity_1,61.009,331.442,-0.0073,0.0,0.0,0.0286,61.009,-331.442,-0.000499,0.0,0.0,0.0,0.0,0.0,0.0,0.0,0.0,0.0,0.0,5,0,-1,51.0,Driving,False,0.875,0.0,0.0,0.0,False,False,0,,,,NONE,False,Green,30.0
55,5.9881,1.05,375,entity_1,vehicle,vehicle.audi.a2,entity_1,61.009,331.442,-0.0073,0.0,0.0,0.0286,61.009,-331.442,-0.000499,0.0,0.0,0.0,0.0,0.0,0.0,0.0,0.0,0.0,0.0,5,0,-1,51.0,Driving,False,0.875,0.0,0.0,0.0,False,False,0,,,,NONE,False,Green,30.0
56,6.0381,1.1,375,entity_1,vehicle,vehicle.audi.a2,entity_1,61.009,331.442,-0.0073,0.0,0.0,0.0286,61.009,-331.442,-0.000499,0.0,0.0,0.0,0.0,0.0,0.0,0.0,0.0,0.0,0.0,5,0,-1,51.0,Driving,False,0.875,0.0,0.0,0.0,False,False,0,,,,NONE,False,Green,30.0
57,6.0881,1.15,375,entity_1,vehicle,vehicle.audi.a2,entity_1,61.009,331.442,-0.0073,0.0,0.0,0.0286,61.009,-331.442,-0.000499,0.0,0.0,0.0,0.0,0.0,0.0,0.0,0.0,0.0,0.0,5,0,-1,51.0,Driving,False,0.875,0.0,0.0,0.0,False,False,0,,,,NONE,False,Green,30.0
58,6.1381,1.2,375,entity_1,vehicle,vehicle.audi.a2,entity_1,61.009,331.442,-0.0073,0.0,0.0,0.0286,61.009,-331.442,-0.000499,0.0,0.0,0.0,0.0,0.0,0.0,0.0,0.0,0.0,0.0,5,0,-1,51.0,Driving,False,0.875,0.0,0.0,0.0,False,False,0,,,,NONE,False,Green,30.0
59,6.1881,1.25,375,entity_1,vehicle,vehicle.audi.a2,entity_1,61.009,331.442,-0.0073,0.0,0.0,0.0286,61.009,-331.442,-0.000499,0.0,0.0,0.0,0.0,0.0,0.0,0.0,0.0,0.0,0.0,5,0,-1,51.0,Driving,False,0.875,0.0,0.0,0.0,False,False,0,,,,NONE,False,Green,30.0
60,6.2381,1.3,375,entity_1,vehicle,vehicle.audi.a2,entity_1,61.009,331.442,-0.0073,0.0,0.0,0.0286,61.009,-331.442,-0.000499,0.0,0.0,0.0,0.0,0.0,0.0,0.0,0.0,0.0,0.0,5,0,-1,51.0,Driving,False,0.875,0.0,0.0,0.0,False,False,0,,,,NONE,False,Green,30.0
61,6.2881,1.35,375,entity_1,vehicle,vehicle.audi.a2,entity_1,61.009,331.442,-0.0073,0.0,0.0,0.0286,61.009,-331.442,-0.000499,0.0,0.0,0.0,0.0,0.0,0.0,0.0,0.0,0.0,0.0,5,0,-1,51.0,Driving,False,0.875,0.0,0.0,0.0,False,False,0,,,,NONE,False,Green,30.0
62,6.3381,1.4,375,entity_1,vehicle,vehicle.audi.a2,entity_1,61.009,331.442,-0.0073,0.0,0.0,0.0286,61.009,-331.442,-0.000499,0.0,0.0,0.0,0.0,0.0,0.0,0.0,0.0,0.0,0.0,5,0,-1,51.0,Driving,False,0.875,0.0,0.0,0.0,False,False,0,,,,NONE,False,Green,30.0
63,6.3881,1.45,375,entity_1,vehicle,vehicle.audi.a2,entity_1,61.009,331.442,-0.0073,0.0,0.0,0.0286,61.009,-331.442,-0.000499,0.0,0.0,0.0,0.0,0.0,0.0,0.0,0.0,0.0,0.0,5,0,-1,51.0,Driving,False,0.875,0.0,0.0,0.0,False,False,0,,,,NONE,False,Green,30.0
64,6.4381,1.5,375,entity_1,vehicle,vehicle.audi.a2,entity_1,61.009,331.442,-0.0073,0.0,0.0,0.0286,61.009,-331.442,-0.000499,0.0,0.0,0.0,0.0,0.0,0.0,0.0,0.0,0.0,0.0,5,0,-1,51.0,Driving,False,0.875,0.0,0.0,0.0,False,False,0,,,,NONE,False,Green,30.0
65,6.4881,1.55,375,entity_1,vehicle,vehicle.audi.a2,entity_1,61.009,331.442,-0.0073,0.0,0.0,0.0286,61.009,-331.442,-0.000499,0.0,0.0,0.0,0.0,0.0,0.0,0.0,0.0,0.0,0.0,5,0,-1,51.0,Driving,False,0.875,0.0,0.0,0.0,False,False,0,,,,NONE,False,Green,30.0
66,6.5381,1.6,375,entity_1,vehicle,vehicle.audi.a2,entity_1,61.009,331.442,-0.0073,0.0,0.0,0.0286,61.009,-331.442,-0.000499,0.0,0.0,0.0,0.0,0.0,0.0,0.0,0.0,0.0,0.0,5,0,-1,51.0,Driving,False,0.875,0.0,0.0,0.0,False,False,0,,,,NONE,False,Green,30.0
67,6.5881,1.65,375,entity_1,vehicle,vehicle.audi.a2,entity_1,61.009,331.442,-0.0073,0.0,0.0,0.0286,61.009,-331.442,-0.000499,0.0,0.0,0.0,0.0,0.0,0.0,0.0,0.0,0.0,0.0,5,0,-1,51.0,Driving,False,0.875,0.0,0.0,0.0,False,False,0,,,,NONE,False,Green,30.0
68,6.6381,1.7,375,entity_1,vehicle,vehicle.audi.a2,entity_1,61.009,331.442,-0.0073,0.0,0.0,0.0286,61.009,-331.442,-0.000499,0.0,0.0,0.0,0.0,0.0,0.0,0.0,0.0,0.0,0.0,5,0,-1,51.0,Driving,False,0.875,0.0,0.0,0.0,False,False,0,,,,NONE,False,Green,30.0
69,6.6881,1.75,375,entity_1,vehicle,vehicle.audi.a2,entity_1,61.009,331.442,-0.0073,0.0,0.0,0.0286,61.009,-331.442,-0.000499,0.0,0.0,0.0,0.0,0.0,0.0,0.0,0.0,0.0,0.0,5,0,-1,51.0,Driving,False,0.875,0.0,0.0,0.0,False,False,0,,,,NONE,False,Green,30.0
70,6.7381,1.8,375,entity_1,vehicle,vehicle.audi.a2,entity_1,61.009,331.442,-0.0073,0.0,0.0,0.0286,61.009,-331.442,-0.000499,0.0,0.0,0.0,0.0,0.0,0.0,0.0,0.0,0.0,0.0,5,0,-1,51.0,Driving,False,0.875,0.0,0.0,0.0,False,False,0,,,,NONE,False,Green,30.0
71,6.7881,1.85,375,entity_1,vehicle,vehicle.audi.a2,entity_1,61.009,331.442,-0.0073,0.0,0.0,0.0286,61.009,-331.442,-0.000499,0.0,0.0,0.0,0.0,0.0,0.0,0.0,0.0,0.0,0.0,5,0,-1,51.0,Driving,False,0.875,0.0,0.0,0.0,False,False,0,,,,NONE,False,Green,30.0
72,6.8381,1.9,375,entity_1,vehicle,vehicle.audi.a2,entity_1,61.009,331.442,-0.0073,0.0,0.0,0.0286,61.009,-331.442,-0.000499,0.0,0.0,0.0,0.0,0.0,0.0,0.0,0.0,0.0,0.0,5,0,-1,51.0,Driving,False,0.875,0.0,0.0,0.0,False,False,0,,,,NONE,False,Green,30.0
73,6.8881,1.95,375,entity_1,vehicle,vehicle.audi.a2,entity_1,61.009,331.442,-0.0073,0.0,0.0,0.0286,61.009,-331.442,-0.000499,0.0,0.0,0.0,0.0,0.0,0.0,0.0,0.0,0.0,0.0,5,0,-1,51.0,Driving,False,0.875,0.0,0.0,0.0,False,False,0,,,,NONE,False,Green,30.0
74,6.9381,2.0,375,entity_1,vehicle,vehicle.audi.a2,entity_1,61.009,331.442,-0.0073,0.0,0.0,0.0286,61.009,-331.442,-0.000499,0.0,0.0,0.0,0.0,0.0,0.0,0.0,0.0,0.0,0.0,5,0,-1,51.0,Driving,False,0.875,0.0,0.0,0.0,False,False,0,,,,NONE,False,Green,30.0
75,6.9881,2.05,375,entity_1,vehicle,vehicle.audi.a2,entity_1,61.009,331.442,-0.0073,0.0,0.0,0.0286,61.009,-331.442,-0.000499,0.0,0.0,0.0,0.0,0.0,0.0,0.0,0.0,0.0,0.0,5,0,-1,51.0,Driving,False,0.875,0.0,0.0,0.0,False,False,0,,,,NONE,False,Green,30.0
76,7.0381,2.1,375,entity_1,vehicle,vehicle.audi.a2,entity_1,61.009,331.442,-0.0073,0.0,0.0,0.0286,61.009,-331.442,-0.000499,0.0,0.0,0.0,0.0,0.0,0.0,0.0,0.0,0.0,0.0,5,0,-1,51.0,Driving,False,0.875,0.0,0.0,0.0,False,False,0,,,,NONE,False,Green,30.0
77,7.0881,2.15,375,entity_1,vehicle,vehicle.audi.a2,entity_1,61.009,331.442,-0.0073,0.0,0.0,0.0286,61.009,-331.442,-0.000499,0.0,0.0,0.0,0.0,0.0,0.0,0.0,0.0,0.0,0.0,5,0,-1,51.0,Driving,False,0.875,0.0,0.0,0.0,False,False,0,,,,NONE,False,Green,30.0
78,7.1381,2.2,375,entity_1,vehicle,vehicle.audi.a2,entity_1,61.009,331.442,-0.0073,0.0,0.0,0.0286,61.009,-331.442,-0.000499,0.0,0.0,0.0,0.0,0.0,0.0,0.0,0.0,0.0,0.0,5,0,-1,51.0,Driving,False,0.875,0.0,0.0,0.0,False,False,0,,,,NONE,False,Green,30.0
79,7.1881,2.25,375,entity_1,vehicle,vehicle.audi.a2,entity_1,61.009,331.442,-0.0073,0.0,0.0,0.0286,61.009,-331.442,-0.000499,0.0,0.0,0.0,0.0,0.0,0.0,0.0,0.0,0.0,0.0,5,0,-1,51.0,Driving,False,0.875,0.0,0.0,0.0,False,False,0,,,,NONE,False,Green,30.0
80,7.2381,2.3,375,entity_1,vehicle,vehicle.audi.a2,entity_1,61.009,331.442,-0.0073,0.0,0.0,0.0286,61.009,-331.442,-0.000499,0.0,0.0,0.0,0.0,0.0,0.0,0.0,0.0,0.0,0.0,5,0,-1,51.0,Driving,False,0.875,0.0,0.0,0.0,False,False,0,,,,NONE,False,Green,30.0
81,7.2881,2.35,375,entity_1,vehicle,vehicle.audi.a2,entity_1,61.009,331.442,-0.0073,0.0,0.0,0.0286,61.009,-331.442,-0.000499,0.0,0.0,0.0,0.0,0.0,0.0,0.0,0.0,0.0,0.0,5,0,-1,51.0,Driving,False,0.875,0.0,0.0,0.0,False,False,0,,,,NONE,False,Green,30.0
82,7.3381,2.4,375,entity_1,vehicle,vehicle.audi.a2,entity_1,61.009,331.442,-0.0073,0.0,0.0,0.0286,61.009,-331.442,-0.000499,0.0,0.0,0.0,0.0,0.0,0.0,0.0,0.0,0.0,0.0,5,0,-1,51.0,Driving,False,0.875,0.0,0.0,0.0,False,False,0,,,,NONE,False,Green,30.0
83,7.3881,2.45,375,entity_1,vehicle,vehicle.audi.a2,entity_1,61.009,331.442,-0.0073,0.0,0.0,0.0286,61.009,-331.442,-0.000499,0.0,0.0,0.0,0.0,0.0,0.0,0.0,0.0,0.0,0.0,5,0,-1,51.0,Driving,False,0.875,0.0,0.0,0.0,False,False,0,,,,NONE,False,Green,30.0
84,7.4381,2.5,375,entity_1,vehicle,vehicle.audi.a2,entity_1,61.009,331.442,-0.0073,0.0,0.0,0.0286,61.009,-331.442,-0.000499,0.0,0.0,0.0,0.0,0.0,0.0,0.0,0.0,0.0,0.0,5,0,-1,51.0,Driving,False,0.875,0.0,0.0,0.0,False,False,0,,,,NONE,False,Green,30.0
85,7.4881,2.55,375,entity_1,vehicle,vehicle.audi.a2,entity_1,61.009,331.442,-0.0073,0.0,0.0,0.0286,61.009,-331.442,-0.000499,0.0,0.0,0.0,0.0,0.0,0.0,0.0,0.0,0.0,0.0,5,0,-1,51.0,Driving,False,0.875,0.0,0.0,0.0,False,False,0,,,,NONE,False,Green,30.0
86,7.5381,2.6,375,entity_1,vehicle,vehicle.audi.a2,entity_1,61.009,331.442,-0.0073,0.0,0.0,0.0286,61.009,-331.442,-0.000499,0.0,0.0,0.0,0.0,0.0,0.0,0.0,0.0,0.0,0.0,5,0,-1,51.0,Driving,False,0.875,0.0,0.0,0.0,False,False,0,,,,NONE,False,Green,30.0
87,7.5881,2.65,375,entity_1,vehicle,vehicle.audi.a2,entity_1,61.009,331.442,-0.0073,0.0,0.0,0.0286,61.009,-331.442,-0.000499,0.0,0.0,0.0,0.0,0.0,0.0,0.0,0.0,0.0,0.0,5,0,-1,51.0,Driving,False,0.875,0.0,0.0,0.0,False,False,0,,,,NONE,False,Green,30.0
88,7.6381,2.7,375,entity_1,vehicle,vehicle.audi.a2,entity_1,61.009,331.442,-0.0073,0.0,0.0,0.0286,61.009,-331.442,-0.000499,0.0,0.0,0.0,0.0,0.0,0.0,0.0,0.0,0.0,0.0,5,0,-1,51.0,Driving,False,0.875,0.0,0.0,0.0,False,False,0,,,,NONE,False,Green,30.0
89,7.6881,2.75,375,entity_1,vehicle,vehicle.audi.a2,entity_1,61.009,331.442,-0.0073,0.0,0.0,0.0286,61.009,-331.442,-0.000499,0.0,0.0,0.0,0.0,0.0,0.0,0.0,0.0,0.0,0.0,5,0,-1,51.0,Driving,False,0.875,0.0,0.0,0.0,False,False,0,,,,NONE,False,Green,30.0
90,7.7381,2.8,375,entity_1,vehicle,vehicle.audi.a2,entity_1,61.009,331.442,-0.0073,0.0,0.0,0.0286,61.009,-331.442,-0.000499,0.0,0.0,0.0,0.0,0.0,0.0,0.0,0.0,0.0,0.0,5,0,-1,51.0,Driving,False,0.875,0.0,0.0,0.0,False,False,0,,,,NONE,False,Green,30.0
91,7.7881,2.85,375,entity_1,vehicle,vehicle.audi.a2,entity_1,61.009,331.442,-0.0073,0.0,0.0,0.0286,61.009,-331.442,-0.000499,0.0,0.0,0.0,0.0,0.0,0.0,0.0,0.0,0.0,0.0,5,0,-1,51.0,Driving,False,0.875,0.0,0.0,0.0,False,False,0,,,,NONE,False,Green,30.0
92,7.8381,2.9,375,entity_1,vehicle,vehicle.audi.a2,entity_1,61.009,331.442,-0.0073,0.0,0.0,0.0286,61.009,-331.442,-0.000499,0.0,0.0,0.0,0.0,0.0,0.0,0.0,0.0,0.0,0.0,5,0,-1,51.0,Driving,False,0.875,0.0,0.0,0.0,False,False,0,,,,NONE,False,Green,30.0
93,7.8881,2.95,375,entity_1,vehicle,vehicle.audi.a2,entity_1,61.009,331.442,-0.0073,0.0,0.0,0.0286,61.009,-331.442,-0.000499,0.0,0.0,0.0,0.0,0.0,0.0,0.0,0.0,0.0,0.0,5,0,-1,51.0,Driving,False,0.875,0.0,0.0,0.0,False,False,0,,,,NONE,False,Green,30.0
94,7.9381,3.0,375,entity_1,vehicle,vehicle.audi.a2,entity_1,61.009,331.442,-0.0073,0.0,0.0,0.0286,61.009,-331.442,-0.000499,0.0,0.0,0.0,0.0,0.0,0.0,0.0,0.0,0.0,0.0,5,0,-1,51.0,Driving,False,0.875,0.0,0.0,0.0,False,False,0,,,,NONE,False,Green,30.0
95,7.9881,3.05,375,entity_1,vehicle,vehicle.audi.a2,entity_1,61.009,331.442,-0.0073,0.0,0.0,0.0286,61.009,-331.442,-0.000499,0.0,0.0,0.0,0.0,0.0,0.0,0.0,0.0,0.0,0.0,5,0,-1,51.0,Driving,False,0.875,0.0,0.0,0.0,False,False,0,,,,NONE,False,Green,30.0
96,8.0381,3.1,375,entity_1,vehicle,vehicle.audi.a2,entity_1,61.009,331.442,-0.0073,0.0,0.0,0.0286,61.009,-331.442,-0.000499,0.0,0.0,0.0,0.0,0.0,0.0,0.0,0.0,0.0,0.0,5,0,-1,51.0,Driving,False,0.875,0.0,0.0,0.0,False,False,0,,,,NONE,False,Green,30.0
97,8.0881,3.15,375,entity_1,vehicle,vehicle.audi.a2,entity_1,61.009,331.442,-0.0073,0.0,0.0,0.0286,61.009,-331.442,-0.000499,0.0,0.0,0.0,0.0,0.0,0.0,0.0,0.0,0.0,0.0,5,0,-1,51.0,Driving,False,0.875,0.0,0.0,0.0,False,False,0,,,,NONE,False,Green,30.0
98,8.1381,3.2,375,entity_1,vehicle,vehicle.audi.a2,entity_1,61.009,331.442,-0.0073,0.0,0.0,0.0286,61.009,-331.442,-0.000499,0.0,0.0,0.0,0.0,0.0,0.0,0.0,0.0,0.0,0.0,5,0,-1,51.0,Driving,False,0.875,0.0,0.0,0.0,False,False,0,,,,NONE,False,Green,30.0
99,8.1881,3.25,375,entity_1,vehicle,vehicle.audi.a2,entity_1,61.009,331.442,-0.0073,0.0,0.0,0.0286,61.009,-331.442,-0.000499,0.0,0.0,0.0,0.0,0.0,0.0,0.0,0.0,0.0,0.0,5,0,-1,51.0,Driving,False,0.875,0.0,0.0,0.0,False,False,0,,,,NONE,False,Green,30.0
100,8.2381,3.3,375,entity_1,vehicle,vehicle.audi.a2,entity_1,61.009,331.442,-0.0073,0.0,0.0,0.0286,61.009,-331.442,-0.000499,0.0,0.0,0.0,0.0,0.0,0.0,0.0,0.0,0.0,0.0,5,0,-1,51.0,Driving,False,0.875,0.0,0.0,0.0,False,False,0,,,,NONE,False,Green,30.0
101,8.2881,3.35,375,entity_1,vehicle,vehicle.audi.a2,entity_1,61.009,331.442,-0.0073,0.0,0.0,0.0286,61.009,-331.442,-0.000499,0.0,0.0,0.0,0.0,0.0,0.0,0.0,0.0,0.0,0.0,5,0,-1,51.0,Driving,False,0.875,0.0,0.0,0.0,False,False,0,,,,NONE,False,Green,30.0
102,8.3381,3.4,375,entity_1,vehicle,vehicle.audi.a2,entity_1,61.009,331.442,-0.0073,0.0,0.0,0.0286,61.009,-331.442,-0.000499,0.0,0.0,0.0,0.0,0.0,0.0,0.0,0.0,0.0,0.0,5,0,-1,51.0,Driving,False,0.875,0.0,0.0,0.0,False,False,0,,,,NONE,False,Green,30.0
103,8.3881,3.45,375,entity_1,vehicle,vehicle.audi.a2,entity_1,61.009,331.442,-0.0073,0.0,0.0,0.0286,61.009,-331.442,-0.000499,0.0,0.0,0.0,0.0,0.0,0.0,0.0,0.0,0.0,0.0,5,0,-1,51.0,Driving,False,0.875,0.0,0.0,0.0,False,False,0,,,,NONE,False,Green,30.0
104,8.4381,3.5,375,entity_1,vehicle,vehicle.audi.a2,entity_1,61.009,331.442,-0.0073,0.0,0.0,0.0286,61.009,-331.442,-0.000499,0.0,0.0,0.0,0.0,0.0,0.0,0.0,0.0,0.0,0.0,5,0,-1,51.0,Driving,False,0.875,0.0,0.0,0.0,False,False,0,,,,NONE,False,Green,30.0
105,8.4881,3.55,375,entity_1,vehicle,vehicle.audi.a2,entity_1,61.009,331.442,-0.0073,0.0,0.0,0.0286,61.009,-331.442,-0.000499,0.0,0.0,0.0,0.0,0.0,0.0,0.0,0.0,0.0,0.0,5,0,-1,51.0,Driving,False,0.875,0.0,0.0,0.0,False,False,0,,,,NONE,False,Green,30.0
106,8.5381,3.6,375,entity_1,vehicle,vehicle.audi.a2,entity_1,61.009,331.442,-0.0073,0.0,0.0,0.0286,61.009,-331.442,-0.000499,0.0,0.0,0.0,0.0,0.0,0.0,0.0,0.0,0.0,0.0,5,0,-1,51.0,Driving,False,0.875,0.0,0.0,0.0,False,False,0,,,,NONE,False,Green,30.0
107,8.5881,3.65,375,entity_1,vehicle,vehicle.audi.a2,entity_1,61.009,331.442,-0.0073,0.0,0.0,0.0286,61.009,-331.442,-0.000499,0.0,0.0,0.0,0.0,0.0,0.0,0.0,0.0,0.0,0.0,5,0,-1,51.0,Driving,False,0.875,0.0,0.0,0.0,False,False,0,,,,NONE,False,Green,30.0
108,8.6381,3.7,375,entity_1,vehicle,vehicle.audi.a2,entity_1,61.009,331.442,-0.0073,0.0,0.0,0.0286,61.009,-331.442,-0.000499,0.0,0.0,0.0,0.0,0.0,0.0,0.0,0.0,0.0,0.0,5,0,-1,51.0,Driving,False,0.875,0.0,0.0,0.0,False,False,0,,,,NONE,False,Green,30.0
109,8.6881,3.75,375,entity_1,vehicle,vehicle.audi.a2,entity_1,61.009,331.442,-0.0073,0.0,0.0,0.0286,61.009,-331.442,-0.000499,0.0,0.0,0.0,0.0,0.0,0.0,0.0,0.0,0.0,0.0,5,0,-1,51.0,Driving,False,0.875,0.0,0.0,0.0,False,False,0,,,,NONE,False,Green,30.0
110,8.7381,3.8,375,entity_1,vehicle,vehicle.audi.a2,entity_1,61.009,331.442,-0.0073,0.0,0.0,0.0286,61.009,-331.442,-0.000499,0.0,0.0,0.0,0.0,0.0,0.0,0.0,0.0,0.0,0.0,5,0,-1,51.0,Driving,False,0.875,0.0,0.0,0.0,False,False,0,,,,NONE,False,Green,30.0
111,8.7881,3.85,375,entity_1,vehicle,vehicle.audi.a2,entity_1,61.009,331.442,-0.0073,0.0,0.0,0.0286,61.009,-331.442,-0.000499,0.0,0.0,0.0,0.0,0.0,0.0,0.0,0.0,0.0,0.0,5,0,-1,51.0,Driving,False,0.875,0.0,0.0,0.0,False,False,0,,,,NONE,False,Green,30.0
112,8.8381,3.9,375,entity_1,vehicle,vehicle.audi.a2,entity_1,61.009,331.442,-0.0073,0.0,0.0,0.0286,61.009,-331.442,-0.000499,0.0,0.0,0.0,0.0,0.0,0.0,0.0,0.0,0.0,0.0,5,0,-1,51.0,Driving,False,0.875,0.0,0.0,0.0,False,False,0,,,,NONE,False,Green,30.0
113,8.8881,3.95,375,entity_1,vehicle,vehicle.audi.a2,entity_1,61.009,331.442,-0.0073,0.0,0.0,0.0286,61.009,-331.442,-0.000499,0.0,0.0,0.0,0.0,0.0,0.0,0.0,0.0,0.0,0.0,5,0,-1,51.0,Driving,False,0.875,0.0,0.0,0.0,False,False,0,,,,NONE,False,Green,30.0
114,8.9381,4.0,375,entity_1,vehicle,vehicle.audi.a2,entity_1,61.009,331.442,-0.0073,0.0,0.0,0.0286,61.009,-331.442,-0.000499,0.0,0.0,0.0,0.0,0.0,0.0,0.0,0.0,0.0,0.0,5,0,-1,51.0,Driving,False,0.875,0.0,0.0,0.0,False,False,0,,,,NONE,False,Green,30.0
115,8.9881,4.05,375,entity_1,vehicle,vehicle.audi.a2,entity_1,61.009,331.442,-0.0073,0.0,0.0,0.0286,61.009,-331.442,-0.000499,0.0,0.0,0.0,0.0,0.0,0.0,0.0,0.0,0.0,0.0,5,0,-1,51.0,Driving,False,0.875,0.0,0.0,0.0,False,False,0,,,,NONE,False,Green,30.0
116,9.0381,4.1,375,entity_1,vehicle,vehicle.audi.a2,entity_1,61.009,331.442,-0.0073,0.0,0.0,0.0286,61.009,-331.442,-0.000499,0.0,0.0,0.0,0.0,0.0,0.0,0.0,0.0,0.0,0.0,5,0,-1,51.0,Driving,False,0.875,0.0,0.0,0.0,False,False,0,,,,NONE,False,Green,30.0
117,9.0881,4.15,375,entity_1,vehicle,vehicle.audi.a2,entity_1,61.009,331.442,-0.0073,0.0,0.0,0.0286,61.009,-331.442,-0.000499,0.0,0.0,0.0,0.0,0.0,0.0,0.0,0.0,0.0,0.0,5,0,-1,51.0,Driving,False,0.875,0.0,0.0,0.0,False,False,0,,,,NONE,False,Green,30.0
118,9.1381,4.2,375,entity_1,vehicle,vehicle.audi.a2,entity_1,61.009,331.442,-0.0073,0.0,0.0,0.0286,61.009,-331.442,-0.000499,0.0,0.0,0.0,0.0,0.0,0.0,0.0,0.0,0.0,0.0,5,0,-1,51.0,Driving,False,0.875,0.0,0.0,0.0,False,False,0,,,,NONE,False,Green,30.0
119,9.1881,4.25,375,entity_1,vehicle,vehicle.audi.a2,entity_1,61.009,331.442,-0.0073,0.0,0.0,0.0286,61.009,-331.442,-0.000499,0.0,0.0,0.0,0.0,0.0,0.0,0.0,0.0,0.0,0.0,5,0,-1,51.0,Driving,False,0.875,0.0,0.0,0.0,False,False,0,,,,NONE,False,Green,30.0
120,9.2381,4.3,375,entity_1,vehicle,vehicle.audi.a2,entity_1,61.009,331.442,-0.0073,0.0,0.0,0.0286,61.009,-331.442,-0.000499,0.0,0.0,0.0,0.0,0.0,0.0,0.0,0.0,0.0,0.0,5,0,-1,51.0,Driving,False,0.875,0.0,0.0,0.0,False,False,0,,,,NONE,False,Green,30.0
121,9.2881,4.35,375,entity_1,vehicle,vehicle.audi.a2,entity_1,61.009,331.442,-0.0073,0.0,0.0,0.0286,61.009,-331.442,-0.000499,0.0,0.0,0.0,0.0,0.0,0.0,0.0,0.0,0.0,0.0,5,0,-1,51.0,Driving,False,0.875,0.0,0.0,0.0,False,False,0,,,,NONE,False,Green,30.0
122,9.3381,4.4,375,entity_1,vehicle,vehicle.audi.a2,entity_1,61.009,331.442,-0.0073,0.0,0.0,0.0286,61.009,-331.442,-0.000499,0.0,0.0,0.0,0.0,0.0,0.0,0.0,0.0,0.0,0.0,5,0,-1,51.0,Driving,False,0.875,0.0,0.0,0.0,False,False,0,,,,NONE,False,Green,30.0
123,9.3881,4.45,375,entity_1,vehicle,vehicle.audi.a2,entity_1,61.009,331.442,-0.0073,0.0,0.0,0.0286,61.009,-331.442,-0.000499,0.0,0.0,0.0,0.0,0.0,0.0,0.0,0.0,0.0,0.0,5,0,-1,51.0,Driving,False,0.875,0.0,0.0,0.0,False,False,0,,,,NONE,False,Green,30.0
124,9.4381,4.5,375,entity_1,vehicle,vehicle.audi.a2,entity_1,61.009,331.442,-0.0073,0.0,0.0,0.0286,61.009,-331.442,-0.000499,0.0,0.0,0.0,0.0,0.0,0.0,0.0,0.0,0.0,0.0,5,0,-1,51.0,Driving,False,0.875,0.0,0.0,0.0,False,False,0,,,,NONE,False,Green,30.0
125,9.4881,4.55,375,entity_1,vehicle,vehicle.audi.a2,entity_1,61.009,331.442,-0.0073,0.0,0.0,0.0286,61.009,-331.442,-0.000499,0.0,0.0,0.0,0.0,0.0,0.0,0.0,0.0,0.0,0.0,5,0,-1,51.0,Driving,False,0.875,0.0,0.0,0.0,False,False,0,,,,NONE,False,Green,30.0
126,9.5381,4.6,375,entity_1,vehicle,vehicle.audi.a2,entity_1,61.009,331.442,-0.0073,0.0,0.0,0.0286,61.009,-331.442,-0.000499,0.0,0.0,0.0,0.0,0.0,0.0,0.0,0.0,0.0,0.0,5,0,-1,51.0,Driving,False,0.875,0.0,0.0,0.0,False,False,0,,,,NONE,False,Green,30.0
127,9.5881,4.65,375,entity_1,vehicle,vehicle.audi.a2,entity_1,61.009,331.442,-0.0073,0.0,0.0,0.0286,61.009,-331.442,-0.000499,0.0,0.0,0.0,0.0,0.0,0.0,0.0,0.0,0.0,0.0,5,0,-1,51.0,Driving,False,0.875,0.0,0.0,0.0,False,False,0,,,,NONE,False,Green,30.0
128,9.6381,4.7,375,entity_1,vehicle,vehicle.audi.a2,entity_1,61.009,331.442,-0.0073,0.0,0.0,0.0286,61.009,-331.442,-0.000499,0.0,0.0,0.0,0.0,0.0,0.0,0.0,0.0,0.0,0.0,5,0,-1,51.0,Driving,False,0.875,0.0,0.0,0.0,False,False,0,,,,NONE,False,Green,30.0
129,9.6881,4.75,375,entity_1,vehicle,vehicle.audi.a2,entity_1,61.009,331.442,-0.0073,0.0,0.0,0.0286,61.009,-331.442,-0.000499,0.0,0.0,0.0,0.0,0.0,0.0,0.0,0.0,0.0,0.0,5,0,-1,51.0,Driving,False,0.875,0.0,0.0,0.0,False,False,0,,,,NONE,False,Green,30.0
130,9.7381,4.8,375,entity_1,vehicle,vehicle.audi.a2,entity_1,61.009,331.442,-0.0073,0.0,0.0,0.0286,61.009,-331.442,-0.000499,0.0,0.0,0.0,0.0,0.0,0.0,0.0,0.0,0.0,0.0,5,0,-1,51.0,Driving,False,0.875,0.0,0.0,0.0,False,False,0,,,,NONE,False,Green,30.0
131,9.7881,4.85,375,entity_1,vehicle,vehicle.audi.a2,entity_1,61.009,331.442,-0.0073,0.0,0.0,0.0286,61.009,-331.442,-0.000499,0.0,0.0,0.0,0.0,0.0,0.0,0.0,0.0,0.0,0.0,5,0,-1,51.0,Driving,False,0.875,0.0,0.0,0.0,False,False,0,,,,NONE,False,Green,30.0
132,9.8381,4.9,375,entity_1,vehicle,vehicle.audi.a2,entity_1,61.009,331.442,-0.0073,0.0,0.0,0.0286,61.009,-331.442,-0.000499,0.0,0.0,0.0,0.0,0.0,0.0,0.0,0.0,0.0,0.0,5,0,-1,51.0,Driving,False,0.875,0.0,0.0,0.0,False,False,0,,,,NONE,False,Green,30.0
133,9.8881,4.95,375,entity_1,vehicle,vehicle.audi.a2,entity_1,61.009,331.442,-0.0073,0.0,0.0,0.0286,61.009,-331.442,-0.000499,0.0,0.0,0.0,0.0,0.0,0.0,0.0,0.0,0.0,0.0,5,0,-1,51.0,Driving,False,0.875,0.0,0.0,0.0,False,False,0,,,,NONE,False,Green,30.0
134,9.9381,5.0,375,entity_1,vehicle,vehicle.audi.a2,entity_1,61.009,331.442,-0.0073,0.0,0.0,0.0286,61.009,-331.442,-0.000499,0.0,0.0,0.0,0.0,0.0,0.0,0.0,0.0,0.0,0.0,5,0,-1,51.0,Driving,False,0.875,0.0,0.0,0.0,False,False,0,,,,NONE,False,Green,30.0
135,9.9881,5.05,375,entity_1,vehicle,vehicle.audi.a2,entity_1,61.009,331.442,-0.0073,0.0,0.0,0.0286,61.009,-331.442,-0.000499,0.0,0.0,0.0,0.0,0.0,0.0,0.0,0.0,0.0,0.0,5,0,-1,51.0,Driving,False,0.875,0.0,0.0,0.0,False,False,0,,,,NONE,False,Green,30.0
136,10.0381,5.1,375,entity_1,vehicle,vehicle.audi.a2,entity_1,61.009,331.442,-0.0073,0.0,0.0,0.0286,61.009,-331.442,-0.000499,0.0,0.0,0.0,0.0,0.0,0.0,0.0,0.0,0.0,0.0,5,0,-1,51.0,Driving,False,0.875,0.0,0.0,0.0,False,False,0,,,,NONE,False,Green,30.0
137,10.0881,5.15,375,entity_1,vehicle,vehicle.audi.a2,entity_1,61.009,331.442,-0.0073,0.0,0.0,0.0286,61.009,-331.442,-0.000499,0.0,0.0,0.0,0.0,0.0,0.0,0.0,0.0,0.0,0.0,5,0,-1,51.0,Driving,False,0.875,0.0,0.0,0.0,False,False,0,,,,NONE,False,Green,30.0
138,10.1381,5.2,375,entity_1,vehicle,vehicle.audi.a2,entity_1,61.009,331.442,-0.0073,0.0,0.0,0.0286,61.009,-331.442,-0.000499,0.0,0.0,0.0,0.0,0.0,0.0,0.0,0.0,0.0,0.0,5,0,-1,51.0,Driving,False,0.875,0.0,0.0,0.0,False,False,0,,,,NONE,False,Green,30.0
139,10.1881,5.25,375,entity_1,vehicle,vehicle.audi.a2,entity_1,61.009,331.442,-0.0073,0.0,0.0,0.0286,61.009,-331.442,-0.000499,0.0,0.0,0.0,0.0,0.0,0.0,0.0,0.0,0.0,0.0,5,0,-1,51.0,Driving,False,0.875,0.0,0.0,0.0,False,False,0,,,,NONE,False,Green,30.0
140,10.2381,5.3,375,entity_1,vehicle,vehicle.audi.a2,entity_1,61.009,331.442,-0.0073,0.0,0.0,0.0286,61.009,-331.442,-0.000499,0.0,0.0,0.0,0.0,0.0,0.0,0.0,0.0,0.0,0.0,5,0,-1,51.0,Driving,False,0.875,0.0,0.0,0.0,False,False,0,,,,NONE,False,Green,30.0
141,10.2881,5.35,375,entity_1,vehicle,vehicle.audi.a2,entity_1,61.009,331.442,-0.0073,0.0,0.0,0.0286,61.009,-331.442,-0.000499,0.0,0.0,0.0,0.0,0.0,0.0,0.0,0.0,0.0,0.0,5,0,-1,51.0,Driving,False,0.875,0.0,0.0,0.0,False,False,0,,,,NONE,False,Green,30.0
142,10.3381,5.4,375,entity_1,vehicle,vehicle.audi.a2,entity_1,61.009,331.442,-0.0073,0.0,0.0,0.0286,61.009,-331.442,-0.000499,0.0,0.0,0.0,0.0,0.0,0.0,0.0,0.0,0.0,0.0,5,0,-1,51.0,Driving,False,0.875,0.0,0.0,0.0,False,False,0,,,,NONE,False,Green,30.0
143,10.3881,5.45,375,entity_1,vehicle,vehicle.audi.a2,entity_1,61.009,331.442,-0.0073,0.0,0.0,0.0286,61.009,-331.442,-0.000499,0.0,0.0,0.0,0.0,0.0,0.0,0.0,0.0,0.0,0.0,5,0,-1,51.0,Driving,False,0.875,0.0,0.0,0.0,False,False,0,,,,NONE,False,Green,30.0
144,10.4381,5.5,375,entity_1,vehicle,vehicle.audi.a2,entity_1,61.009,331.442,-0.0073,0.0,0.0,0.0286,61.009,-331.442,-0.000499,0.0,0.0,0.0,0.0,0.0,0.0,0.0,0.0,0.0,0.0,5,0,-1,51.0,Driving,False,0.875,0.0,0.0,0.0,False,False,0,,,,NONE,False,Green,30.0
145,10.4881,5.55,375,entity_1,vehicle,vehicle.audi.a2,entity_1,61.009,331.442,-0.0073,0.0,0.0,0.0286,61.009,-331.442,-0.000499,0.0,0.0,0.0,0.0,0.0,0.0,0.0,0.0,0.0,0.0,5,0,-1,51.0,Driving,False,0.875,0.0,0.0,0.0,False,False,0,,,,NONE,False,Green,30.0
146,10.5381,5.6,375,entity_1,vehicle,vehicle.audi.a2,entity_1,61.009,331.442,-0.0073,0.0,0.0,0.0286,61.009,-331.442,-0.000499,0.0,0.0,0.0,0.0,0.0,0.0,0.0,0.0,0.0,0.0,5,0,-1,51.0,Driving,False,0.875,0.0,0.0,0.0,False,False,0,,,,NONE,False,Green,30.0
147,10.5881,5.65,375,entity_1,vehicle,vehicle.audi.a2,entity_1,61.009,331.442,-0.0073,0.0,0.0,0.0286,61.009,-331.442,-0.000499,0.0,0.0,0.0,0.0,0.0,0.0,0.0,0.0,0.0,0.0,5,0,-1,51.0,Driving,False,0.875,0.0,0.0,0.0,False,False,0,,,,NONE,False,Green,30.0
148,10.6381,5.7,375,entity_1,vehicle,vehicle.audi.a2,entity_1,61.009,331.442,-0.0073,0.0,0.0,0.0286,61.009,-331.442,-0.000499,0.0,0.0,0.0,0.0,0.0,0.0,0.0,0.0,0.0,0.0,5,0,-1,51.0,Driving,False,0.875,0.0,0.0,0.0,False,False,0,,,,NONE,False,Green,30.0
149,10.6881,5.75,375,entity_1,vehicle,vehicle.audi.a2,entity_1,61.009,331.442,-0.0073,0.0,0.0,0.0286,61.009,-331.442,-0.000499,0.0,0.0,0.0,0.0,0.0,0.0,0.0,0.0,0.0,0.0,5,0,-1,51.0,Driving,False,0.875,0.0,0.0,0.0,False,False,0,,,,NONE,False,Green,30.0
150,10.7381,5.8,375,entity_1,vehicle,vehicle.audi.a2,entity_1,61.009,331.442,-0.0073,0.0,0.0,0.0286,61.009,-331.442,-0.000499,0.0,0.0,0.0,0.0,0.0,0.0,0.0,0.0,0.0,0.0,5,0,-1,51.0,Driving,False,0.875,0.0,0.0,0.0,False,False,0,,,,NONE,False,Green,30.0
151,10.7881,5.85,375,entity_1,vehicle,vehicle.audi.a2,entity_1,61.009,331.442,-0.0073,0.0,0.0,0.0286,61.009,-331.442,-0.000499,0.0,0.0,0.0,0.0,0.0,0.0,0.0,0.0,0.0,0.0,5,0,-1,51.0,Driving,False,0.875,0.0,0.0,0.0,False,False,0,,,,NONE,False,Green,30.0
152,10.8381,5.9,375,entity_1,vehicle,vehicle.audi.a2,entity_1,61.009,331.442,-0.0073,0.0,0.0,0.0286,61.009,-331.442,-0.000499,0.0,0.0,0.0,0.0,0.0,0.0,0.0,0.0,0.0,0.0,5,0,-1,51.0,Driving,False,0.875,0.0,0.0,0.0,False,False,0,,,,NONE,False,Green,30.0
153,10.8881,5.95,375,entity_1,vehicle,vehicle.audi.a2,entity_1,61.009,331.442,-0.0073,0.0,0.0,0.0286,61.009,-331.442,-0.000499,0.0,0.0,0.0,0.0,0.0,0.0,0.0,0.0,0.0,0.0,5,0,-1,51.0,Driving,False,0.875,0.0,0.0,0.0,False,False,0,,,,NONE,False,Green,30.0
154,10.9381,6.0,375,entity_1,vehicle,vehicle.audi.a2,entity_1,61.009,331.442,-0.0073,0.0,0.0,0.0286,61.009,-331.442,-0.000499,0.0,0.0,0.0,0.0,0.0,0.0,0.0,0.0,0.0,0.0,5,0,-1,51.0,Driving,False,0.875,0.0,0.0,0.0,False,False,0,,,,NONE,False,Green,30.0
155,10.9881,6.05,375,entity_1,vehicle,vehicle.audi.a2,entity_1,61.009,331.442,-0.0073,0.0,0.0,0.0286,61.009,-331.442,-0.000499,0.0,0.0,0.0,0.0,0.0,0.0,0.0,0.0,0.0,0.0,5,0,-1,51.0,Driving,False,0.875,0.0,0.0,0.0,False,False,0,,,,NONE,False,Green,30.0
156,11.0381,6.1,375,entity_1,vehicle,vehicle.audi.a2,entity_1,61.009,331.442,-0.0073,0.0,0.0,0.0286,61.009,-331.442,-0.000499,0.0,0.0,0.0,0.0,0.0,0.0,0.0,0.0,0.0,0.0,5,0,-1,51.0,Driving,False,0.875,0.0,0.0,0.0,False,False,0,,,,NONE,False,Green,30.0
157,11.0881,6.15,375,entity_1,vehicle,vehicle.audi.a2,entity_1,61.009,331.442,-0.0073,0.0,0.0,0.0286,61.009,-331.442,-0.000499,0.0,0.0,0.0,0.0,0.0,0.0,0.0,0.0,0.0,0.0,5,0,-1,51.0,Driving,False,0.875,0.0,0.0,0.0,False,False,0,,,,NONE,False,Green,30.0
158,11.1381,6.2,375,entity_1,vehicle,vehicle.audi.a2,entity_1,61.009,331.442,-0.0073,0.0,0.0,0.0286,61.009,-331.442,-0.000499,0.0,0.0,0.0,0.0,0.0,0.0,0.0,0.0,0.0,0.0,5,0,-1,51.0,Driving,False,0.875,0.0,0.0,0.0,False,False,0,,,,NONE,False,Green,30.0
159,11.1881,6.25,375,entity_1,vehicle,vehicle.audi.a2,entity_1,61.009,331.442,-0.0073,0.0,0.0,0.0286,61.009,-331.442,-0.000499,0.0,0.0,0.0,0.0,0.0,0.0,0.0,0.0,0.0,0.0,5,0,-1,51.0,Driving,False,0.875,0.0,0.0,0.0,False,False,0,,,,NONE,False,Green,30.0
160,11.2381,6.3,375,entity_1,vehicle,vehicle.audi.a2,entity_1,61.009,331.442,-0.0073,0.0,0.0,0.0286,61.009,-331.442,-0.000499,0.0,0.0,0.0,0.0,0.0,0.0,0.0,0.0,0.0,0.0,5,0,-1,51.0,Driving,False,0.875,0.0,0.0,0.0,False,False,0,,,,NONE,False,Green,30.0
161,11.2881,6.35,375,entity_1,vehicle,vehicle.audi.a2,entity_1,61.009,331.442,-0.0073,0.0,0.0,0.0286,61.009,-331.442,-0.000499,0.0,0.0,0.0,0.0,0.0,0.0,0.0,0.0,0.0,0.0,5,0,-1,51.0,Driving,False,0.875,0.0,0.0,0.0,False,False,0,,,,NONE,False,Green,30.0
162,11.3381,6.4,375,entity_1,vehicle,vehicle.audi.a2,entity_1,61.009,331.442,-0.0073,0.0,0.0,0.0286,61.009,-331.442,-0.000499,0.0,0.0,0.0,0.0,0.0,0.0,0.0,0.0,0.0,0.0,5,0,-1,51.0,Driving,False,0.875,0.0,0.0,0.0,False,False,0,,,,NONE,False,Green,30.0
163,11.3881,6.45,375,entity_1,vehicle,vehicle.audi.a2,entity_1,61.009,331.442,-0.0073,0.0,0.0,0.0286,61.009,-331.442,-0.000499,0.0,0.0,0.0,0.0,0.0,0.0,0.0,0.0,0.0,0.0,5,0,-1,51.0,Driving,False,0.875,0.0,0.0,0.0,False,False,0,,,,NONE,False,Green,30.0
164,11.4381,6.5,375,entity_1,vehicle,vehicle.audi.a2,entity_1,61.009,331.442,-0.0073,0.0,0.0,0.0286,61.009,-331.442,-0.000499,0.0,0.0,0.0,0.0,0.0,0.0,0.0,0.0,0.0,0.0,5,0,-1,51.0,Driving,False,0.875,0.0,0.0,0.0,False,False,0,,,,NONE,False,Green,30.0
165,11.4881,6.55,375,entity_1,vehicle,vehicle.audi.a2,entity_1,61.009,331.442,-0.0073,0.0,0.0,0.0286,61.009,-331.442,-0.000499,0.0,0.0,0.0,0.0,0.0,0.0,0.0,0.0,0.0,0.0,5,0,-1,51.0,Driving,False,0.875,0.0,0.0,0.0,False,False,0,,,,NONE,False,Green,30.0
166,11.5381,6.6,375,entity_1,vehicle,vehicle.audi.a2,entity_1,61.009,331.442,-0.0073,0.0,0.0,0.0286,61.009,-331.442,-0.000499,0.0,0.0,0.0,0.0,0.0,0.0,0.0,0.0,0.0,0.0,5,0,-1,51.0,Driving,False,0.875,0.0,0.0,0.0,False,False,0,,,,NONE,False,Green,30.0
167,11.5881,6.65,375,entity_1,vehicle,vehicle.audi.a2,entity_1,61.009,331.442,-0.0073,0.0,0.0,0.0286,61.009,-331.442,-0.000499,0.0,0.0,0.0,0.0,0.0,0.0,0.0,0.0,0.0,0.0,5,0,-1,51.0,Driving,False,0.875,0.0,0.0,0.0,False,False,0,,,,NONE,False,Green,30.0
168,11.6381,6.7,375,entity_1,vehicle,vehicle.audi.a2,entity_1,61.009,331.442,-0.0073,0.0,0.0,0.0286,61.009,-331.442,-0.000499,0.0,0.0,0.0,0.0,0.0,0.0,0.0,0.0,0.0,0.0,5,0,-1,51.0,Driving,False,0.875,0.0,0.0,0.0,False,False,0,,,,NONE,False,Green,30.0
169,11.6881,6.75,375,entity_1,vehicle,vehicle.audi.a2,entity_1,61.009,331.442,-0.0073,0.0,0.0,0.0286,61.009,-331.442,-0.000499,0.0,0.0,0.0,0.0,0.0,0.0,0.0,0.0,0.0,0.0,5,0,-1,51.0,Driving,False,0.875,0.0,0.0,0.0,False,False,0,,,,NONE,False,Green,30.0
170,11.7381,6.8,375,entity_1,vehicle,vehicle.audi.a2,entity_1,61.009,331.442,-0.0073,0.0,0.0,0.0286,61.009,-331.442,-0.000499,0.0,0.0,0.0,0.0,0.0,0.0,0.0,0.0,0.0,0.0,5,0,-1,51.0,Driving,False,0.875,0.0,0.0,0.0,False,False,0,,,,NONE,False,Green,30.0
171,11.7881,6.85,375,entity_1,vehicle,vehicle.audi.a2,entity_1,61.009,331.442,-0.0073,0.0,0.0,0.0286,61.009,-331.442,-0.000499,0.0,0.0,0.0,0.0,0.0,0.0,0.0,0.0,0.0,0.0,5,0,-1,51.0,Driving,False,0.875,0.0,0.0,0.0,False,False,0,,,,NONE,False,Green,30.0
172,11.8381,6.9,375,entity_1,vehicle,vehicle.audi.a2,entity_1,61.009,331.442,-0.0073,0.0,0.0,0.0286,61.009,-331.442,-0.000499,0.0,0.0,0.0,0.0,0.0,0.0,0.0,0.0,0.0,0.0,5,0,-1,51.0,Driving,False,0.875,0.0,0.0,0.0,False,False,0,,,,NONE,False,Green,30.0
173,11.8881,6.95,375,entity_1,vehicle,vehicle.audi.a2,entity_1,61.009,331.442,-0.0073,0.0,0.0,0.0286,61.009,-331.442,-0.000499,0.0,0.0,0.0,0.0,0.0,0.0,0.0,0.0,0.0,0.0,5,0,-1,51.0,Driving,False,0.875,0.0,0.0,0.0,False,False,0,,,,NONE,False,Green,30.0
174,11.9381,7.0,375,entity_1,vehicle,vehicle.audi.a2,entity_1,61.009,331.442,-0.0073,0.0,0.0,0.0286,61.009,-331.442,-0.000499,0.0,0.0,0.0,0.0,0.0,0.0,0.0,0.0,0.0,0.0,5,0,-1,51.0,Driving,False,0.875,0.0,0.0,0.0,False,False,0,,,,NONE,False,Green,30.0
175,11.9881,7.05,375,entity_1,vehicle,vehicle.audi.a2,entity_1,61.009,331.442,-0.0073,0.0,0.0,0.0286,61.009,-331.442,-0.000499,0.0,0.0,0.0,0.0,0.0,0.0,0.0,0.0,0.0,0.0,5,0,-1,51.0,Driving,False,0.875,0.0,0.0,0.0,False,False,0,,,,NONE,False,Green,30.0
176,12.0381,7.1,375,entity_1,vehicle,vehicle.audi.a2,entity_1,61.009,331.442,-0.0073,0.0,0.0,0.0286,61.009,-331.442,-0.000499,0.0,0.0,0.0,0.0,0.0,0.0,0.0,0.0,0.0,0.0,5,0,-1,51.0,Driving,False,0.875,0.0,0.0,0.0,False,False,0,,,,NONE,False,Green,30.0
177,12.0881,7.15,375,entity_1,vehicle,vehicle.audi.a2,entity_1,61.009,331.442,-0.0073,0.0,0.0,0.0286,61.009,-331.442,-0.000499,0.0,0.0,0.0,0.0,0.0,0.0,0.0,0.0,0.0,0.0,5,0,-1,51.0,Driving,False,0.875,0.0,0.0,0.0,False,False,0,,,,NONE,False,Green,30.0
178,12.1381,7.2,375,entity_1,vehicle,vehicle.audi.a2,entity_1,61.009,331.442,-0.0073,0.0,0.0,0.0286,61.009,-331.442,-0.000499,0.0,0.0,0.0,0.0,0.0,0.0,0.0,0.0,0.0,0.0,5,0,-1,51.0,Driving,False,0.875,0.0,0.0,0.0,False,False,0,,,,NONE,False,Green,30.0
179,12.1881,7.25,375,entity_1,vehicle,vehicle.audi.a2,entity_1,61.009,331.442,-0.0073,0.0,0.0,0.0286,61.009,-331.442,-0.000499,0.0,0.0,0.0,0.0,0.0,0.0,0.0,0.0,0.0,0.0,5,0,-1,51.0,Driving,False,0.875,0.0,0.0,0.0,False,False,0,,,,NONE,False,Green,30.0
180,12.2381,7.3,375,entity_1,vehicle,vehicle.audi.a2,entity_1,61.009,331.442,-0.0073,0.0,0.0,0.0286,61.009,-331.442,-0.000499,0.0,0.0,0.0,0.0,0.0,0.0,0.0,0.0,0.0,0.0,5,0,-1,51.0,Driving,False,0.875,0.0,0.0,0.0,False,False,0,,,,NONE,False,Green,30.0
181,12.2881,7.35,375,entity_1,vehicle,vehicle.audi.a2,entity_1,61.009,331.442,-0.0073,0.0,0.0,0.0286,61.009,-331.442,-0.000499,0.0,0.0,0.0,0.0,0.0,0.0,0.0,0.0,0.0,0.0,5,0,-1,51.0,Driving,False,0.875,0.0,0.0,0.0,False,False,0,,,,NONE,False,Green,30.0
182,12.3381,7.4,375,entity_1,vehicle,vehicle.audi.a2,entity_1,61.009,331.442,-0.0073,0.0,0.0,0.0286,61.009,-331.442,-0.000499,0.0,0.0,0.0,0.0,0.0,0.0,0.0,0.0,0.0,0.0,5,0,-1,51.0,Driving,False,0.875,0.0,0.0,0.0,False,False,0,,,,NONE,False,Green,30.0
183,12.3881,7.45,375,entity_1,vehicle,vehicle.audi.a2,entity_1,61.009,331.442,-0.0073,0.0,0.0,0.0286,61.009,-331.442,-0.000499,0.0,0.0,0.0,0.0,0.0,0.0,0.0,0.0,0.0,0.0,5,0,-1,51.0,Driving,False,0.875,0.0,0.0,0.0,False,False,0,,,,NONE,False,Green,30.0
184,12.4381,7.5,375,entity_1,vehicle,vehicle.audi.a2,entity_1,61.009,331.442,-0.0073,0.0,0.0,0.0286,61.009,-331.442,-0.000499,0.0,0.0,0.0,0.0,0.0,0.0,0.0,0.0,0.0,0.0,5,0,-1,51.0,Driving,False,0.875,0.0,0.0,0.0,False,False,0,,,,NONE,False,Green,30.0
185,12.4881,7.55,375,entity_1,vehicle,vehicle.audi.a2,entity_1,61.009,331.442,-0.0073,0.0,0.0,0.0286,61.009,-331.442,-0.000499,0.0,0.0,0.0,0.0,0.0,0.0,0.0,0.0,0.0,0.0,5,0,-1,51.0,Driving,False,0.875,0.0,0.0,0.0,False,False,0,,,,NONE,False,Green,30.0
186,12.5381,7.6,375,entity_1,vehicle,vehicle.audi.a2,entity_1,61.009,331.442,-0.0073,0.0,0.0,0.0286,61.009,-331.442,-0.000499,0.0,0.0,0.0,0.0,0.0,0.0,0.0,0.0,0.0,0.0,5,0,-1,51.0,Driving,False,0.875,0.0,0.0,0.0,False,False,0,,,,NONE,False,Green,30.0
187,12.5881,7.65,375,entity_1,vehicle,vehicle.audi.a2,entity_1,61.009,331.442,-0.0073,0.0,0.0,0.0286,61.009,-331.442,-0.000499,0.0,0.0,0.0,0.0,0.0,0.0,0.0,0.0,0.0,0.0,5,0,-1,51.0,Driving,False,0.875,0.0,0.0,0.0,False,False,0,,,,NONE,False,Green,30.0
188,12.6381,7.7,375,entity_1,vehicle,vehicle.audi.a2,entity_1,61.009,331.442,-0.0073,0.0,0.0,0.0286,61.009,-331.442,-0.000499,0.0,0.0,0.0,0.0,0.0,0.0,0.0,0.0,0.0,0.0,5,0,-1,51.0,Driving,False,0.875,0.0,0.0,0.0,False,False,0,,,,NONE,False,Green,30.0
189,12.6881,7.75,375,entity_1,vehicle,vehicle.audi.a2,entity_1,61.009,331.442,-0.0073,0.0,0.0,0.0286,61.009,-331.442,-0.000499,0.0,0.0,0.0,0.0,0.0,0.0,0.0,0.0,0.0,0.0,5,0,-1,51.0,Driving,False,0.875,0.0,0.0,0.0,False,False,0,,,,NONE,False,Green,30.0
190,12.7381,7.8,375,entity_1,vehicle,vehicle.audi.a2,entity_1,61.009,331.442,-0.0073,0.0,0.0,0.0286,61.009,-331.442,-0.000499,0.0,0.0,0.0,0.0,0.0,0.0,0.0,0.0,0.0,0.0,5,0,-1,51.0,Driving,False,0.875,0.0,0.0,0.0,False,False,0,,,,NONE,False,Green,30.0
191,12.7881,7.85,375,entity_1,vehicle,vehicle.audi.a2,entity_1,61.009,331.442,-0.0073,0.0,0.0,0.0286,61.009,-331.442,-0.000499,0.0,0.0,0.0,0.0,0.0,0.0,0.0,0.0,0.0,0.0,5,0,-1,51.0,Driving,False,0.875,0.0,0.0,0.0,False,False,0,,,,NONE,False,Green,30.0
192,12.8381,7.9,375,entity_1,vehicle,vehicle.audi.a2,entity_1,61.009,331.442,-0.0073,0.0,0.0,0.0286,61.009,-331.442,-0.000499,0.0,0.0,0.0,0.0,0.0,0.0,0.0,0.0,0.0,0.0,5,0,-1,51.0,Driving,False,0.875,0.0,0.0,0.0,False,False,0,,,,NONE,False,Green,30.0
193,12.8881,7.95,375,entity_1,vehicle,vehicle.audi.a2,entity_1,61.009,331.442,-0.0073,0.0,0.0,0.0286,61.009,-331.442,-0.000499,0.0,0.0,0.0,0.0,0.0,0.0,0.0,0.0,0.0,0.0,5,0,-1,51.0,Driving,False,0.875,0.0,0.0,0.0,False,False,0,,,,NONE,False,Green,30.0
194,12.9381,8.0,375,entity_1,vehicle,vehicle.audi.a2,entity_1,61.009,331.442,-0.0073,0.0,0.0,0.0286,61.009,-331.442,-0.000499,0.0,0.0,0.0,0.0,0.0,0.0,0.0,0.0,0.0,0.0,5,0,-1,51.0,Driving,False,0.875,0.0,0.0,0.0,False,False,0,,,,NONE,False,Green,30.0
195,12.9881,8.05,375,entity_1,vehicle,vehicle.audi.a2,entity_1,61.009,331.442,-0.0073,0.0,0.0,0.0286,61.009,-331.442,-0.000499,0.0,0.0,0.0,0.0,0.0,0.0,0.0,0.0,0.0,0.0,5,0,-1,51.0,Driving,False,0.875,0.0,0.0,0.0,False,False,0,,,,NONE,False,Green,30.0
196,13.0381,8.1,375,entity_1,vehicle,vehicle.audi.a2,entity_1,61.009,331.442,-0.0073,0.0,0.0,0.0286,61.009,-331.442,-0.000499,0.0,0.0,0.0,0.0,0.0,0.0,0.0,0.0,0.0,0.0,5,0,-1,51.0,Driving,False,0.875,0.0,0.0,0.0,False,False,0,,,,NONE,False,Green,30.0
197,13.0881,8.15,375,entity_1,vehicle,vehicle.audi.a2,entity_1,61.009,331.442,-0.0073,0.0,0.0,0.0286,61.009,-331.442,-0.000499,0.0,0.0,0.0,0.0,0.0,0.0,0.0,0.0,0.0,0.0,5,0,-1,51.0,Driving,False,0.875,0.0,0.0,0.0,False,False,0,,,,NONE,False,Green,30.0
198,13.1381,8.2,375,entity_1,vehicle,vehicle.audi.a2,entity_1,61.009,331.442,-0.0073,0.0,0.0,0.0286,61.009,-331.442,-0.000499,0.0,0.0,0.0,0.0,0.0,0.0,0.0,0.0,0.0,0.0,5,0,-1,51.0,Driving,False,0.875,0.0,0.0,0.0,False,False,0,,,,NONE,False,Green,30.0
199,13.1881,8.25,375,entity_1,vehicle,vehicle.audi.a2,entity_1,61.009,331.442,-0.0073,0.0,0.0,0.0286,61.009,-331.442,-0.000499,0.0,0.0,0.0,0.0,0.0,0.0,0.0,0.0,0.0,0.0,5,0,-1,51.0,Driving,False,0.875,0.0,0.0,0.0,False,False,0,,,,NONE,False,Green,30.0
200,13.2381,8.3,375,entity_1,vehicle,vehicle.audi.a2,entity_1,61.009,331.442,-0.0073,0.0,0.0,0.0286,61.009,-331.442,-0.000499,0.0,0.0,0.0,0.0,0.0,0.0,0.0,0.0,0.0,0.0,5,0,-1,51.0,Driving,False,0.875,0.0,0.0,0.0,False,False,0,,,,NONE,False,Green,30.0
201,13.2881,8.35,375,entity_1,vehicle,vehicle.audi.a2,entity_1,61.009,331.442,-0.0073,0.0,0.0,0.0286,61.009,-331.442,-0.000499,0.0,0.0,0.0,0.0,0.0,0.0,0.0,0.0,0.0,0.0,5,0,-1,51.0,Driving,False,0.875,0.0,0.0,0.0,False,False,0,,,,NONE,False,Green,30.0
202,13.3381,8.4,375,entity_1,vehicle,vehicle.audi.a2,entity_1,61.009,331.442,-0.0073,0.0,0.0,0.0286,61.009,-331.442,-0.000499,0.0,0.0,0.0,0.0,0.0,0.0,0.0,0.0,0.0,0.0,5,0,-1,51.0,Driving,False,0.875,0.0,0.0,0.0,False,False,0,,,,NONE,False,Green,30.0
203,13.3881,8.45,375,entity_1,vehicle,vehicle.audi.a2,entity_1,61.009,331.442,-0.0073,0.0,0.0,0.0286,61.009,-331.442,-0.000499,0.0,0.0,0.0,0.0,0.0,0.0,0.0,0.0,0.0,0.0,5,0,-1,51.0,Driving,False,0.875,0.0,0.0,0.0,False,False,0,,,,NONE,False,Green,30.0
204,13.4381,8.5,375,entity_1,vehicle,vehicle.audi.a2,entity_1,61.009,331.442,-0.0073,0.0,0.0,0.0286,61.009,-331.442,-0.000499,0.0,0.0,0.0,0.0,0.0,0.0,0.0,0.0,0.0,0.0,5,0,-1,51.0,Driving,False,0.875,0.0,0.0,0.0,False,False,0,,,,NONE,False,Green,30.0
205,13.4881,8.55,375,entity_1,vehicle,vehicle.audi.a2,entity_1,61.009,331.442,-0.0073,0.0,0.0,0.0286,61.009,-331.442,-0.000499,0.0,0.0,0.0,0.0,0.0,0.0,0.0,0.0,0.0,0.0,5,0,-1,51.0,Driving,False,0.875,0.0,0.0,0.0,False,False,0,,,,NONE,False,Green,30.0
206,13.5381,8.6,375,entity_1,vehicle,vehicle.audi.a2,entity_1,61.009,331.442,-0.0073,0.0,0.0,0.0286,61.009,-331.442,-0.000499,0.0,0.0,0.0,0.0,0.0,0.0,0.0,0.0,0.0,0.0,5,0,-1,51.0,Driving,False,0.875,0.0,0.0,0.0,False,False,0,,,,NONE,False,Green,30.0
207,13.5881,8.65,375,entity_1,vehicle,vehicle.audi.a2,entity_1,61.009,331.442,-0.0073,0.0,0.0,0.0286,61.009,-331.442,-0.000499,0.0,0.0,0.0,0.0,0.0,0.0,0.0,0.0,0.0,0.0,5,0,-1,51.0,Driving,False,0.875,0.0,0.0,0.0,False,False,0,,,,NONE,False,Green,30.0
208,13.6381,8.7,375,entity_1,vehicle,vehicle.audi.a2,entity_1,61.009,331.442,-0.0073,0.0,0.0,0.0286,61.009,-331.442,-0.000499,0.0,0.0,0.0,0.0,0.0,0.0,0.0,0.0,0.0,0.0,5,0,-1,51.0,Driving,False,0.875,0.0,0.0,0.0,False,False,0,,,,NONE,False,Green,30.0
209,13.6881,8.75,375,entity_1,vehicle,vehicle.audi.a2,entity_1,61.009,331.442,-0.0073,0.0,0.0,0.0286,61.009,-331.442,-0.000499,0.0,0.0,0.0,0.0,0.0,0.0,0.0,0.0,0.0,0.0,5,0,-1,51.0,Driving,False,0.875,0.0,0.0,0.0,False,False,0,,,,NONE,False,Green,30.0
210,13.7381,8.8,375,entity_1,vehicle,vehicle.audi.a2,entity_1,61.009,331.442,-0.0073,0.0,0.0,0.0286,61.009,-331.442,-0.000499,0.0,0.0,0.0,0.0,0.0,0.0,0.0,0.0,0.0,0.0,5,0,-1,51.0,Driving,False,0.875,0.0,0.0,0.0,False,False,0,,,,NONE,False,Green,30.0
211,13.7881,8.85,375,entity_1,vehicle,vehicle.audi.a2,entity_1,61.009,331.442,-0.0073,0.0,0.0,0.0286,61.009,-331.442,-0.000499,0.0,0.0,0.0,0.0,0.0,0.0,0.0,0.0,0.0,0.0,5,0,-1,51.0,Driving,False,0.875,0.0,0.0,0.0,False,False,0,,,,NONE,False,Green,30.0
212,13.8381,8.9,375,entity_1,vehicle,vehicle.audi.a2,entity_1,61.009,331.442,-0.0073,0.0,0.0,0.0286,61.009,-331.442,-0.000499,0.0,0.0,0.0,0.0,0.0,0.0,0.0,0.0,0.0,0.0,5,0,-1,51.0,Driving,False,0.875,0.0,0.0,0.0,False,False,0,,,,NONE,False,Green,30.0
213,13.8881,8.95,375,entity_1,vehicle,vehicle.audi.a2,entity_1,61.009,331.442,-0.0073,0.0,0.0,0.0286,61.009,-331.442,-0.000499,0.0,0.0,0.0,0.0,0.0,0.0,0.0,0.0,0.0,0.0,5,0,-1,51.0,Driving,False,0.875,0.0,0.0,0.0,False,False,0,,,,NONE,False,Green,30.0
214,13.9381,9.0,375,entity_1,vehicle,vehicle.audi.a2,entity_1,61.009,331.442,-0.0073,0.0,0.0,0.0286,61.009,-331.442,-0.000499,0.0,0.0,0.0,0.0,0.0,0.0,0.0,0.0,0.0,0.0,5,0,-1,51.0,Driving,False,0.875,0.0,0.0,0.0,False,False,0,,,,NONE,False,Green,30.0
215,13.9881,9.05,375,entity_1,vehicle,vehicle.audi.a2,entity_1,61.009,331.442,-0.0073,0.0,0.0,0.0286,61.009,-331.442,-0.000499,0.0,0.0,0.0,0.0,0.0,0.0,0.0,0.0,0.0,0.0,5,0,-1,51.0,Driving,False,0.875,0.0,0.0,0.0,False,False,0,,,,NONE,False,Green,30.0
216,14.0381,9.1,375,entity_1,vehicle,vehicle.audi.a2,entity_1,61.009,331.442,-0.0073,0.0,0.0,0.0286,61.009,-331.442,-0.000499,0.0,0.0,0.0,0.0,0.0,0.0,0.0,0.0,0.0,0.0,5,0,-1,51.0,Driving,False,0.875,0.0,0.0,0.0,False,False,0,,,,NONE,False,Green,30.0
217,14.0881,9.15,375,entity_1,vehicle,vehicle.audi.a2,entity_1,61.009,331.442,-0.0073,0.0,0.0,0.0286,61.009,-331.442,-0.000499,0.0,0.0,0.0,0.0,0.0,0.0,0.0,0.0,0.0,0.0,5,0,-1,51.0,Driving,False,0.875,0.0,0.0,0.0,False,False,0,,,,NONE,False,Green,30.0
218,14.1381,9.2,375,entity_1,vehicle,vehicle.audi.a2,entity_1,61.009,331.442,-0.0073,0.0,0.0,0.0286,61.009,-331.442,-0.000499,0.0,0.0,0.0,0.0,0.0,0.0,0.0,0.0,0.0,0.0,5,0,-1,51.0,Driving,False,0.875,0.0,0.0,0.0,False,False,0,,,,NONE,False,Green,30.0
219,14.1881,9.25,375,entity_1,vehicle,vehicle.audi.a2,entity_1,61.009,331.442,-0.0073,0.0,0.0,0.0286,61.009,-331.442,-0.000499,0.0,0.0,0.0,0.0,0.0,0.0,0.0,0.0,0.0,0.0,5,0,-1,51.0,Driving,False,0.875,0.0,0.0,0.0,False,False,0,,,,NONE,False,Green,30.0
220,14.2381,9.3,375,entity_1,vehicle,vehicle.audi.a2,entity_1,61.009,331.442,-0.0073,0.0,0.0,0.0286,61.009,-331.442,-0.000499,0.0,0.0,0.0,0.0,0.0,0.0,0.0,0.0,0.0,0.0,5,0,-1,51.0,Driving,False,0.875,0.0,0.0,0.0,False,False,0,,,,NONE,False,Green,30.0
221,14.2881,9.35,375,entity_1,vehicle,vehicle.audi.a2,entity_1,61.009,331.442,-0.0073,0.0,0.0,0.0286,61.009,-331.442,-0.000499,0.0,0.0,0.0,0.0,0.0,0.0,0.0,0.0,0.0,0.0,5,0,-1,51.0,Driving,False,0.875,0.0,0.0,0.0,False,False,0,,,,NONE,False,Green,30.0
222,14.3381,9.4,375,entity_1,vehicle,vehicle.audi.a2,entity_1,61.009,331.442,-0.0073,0.0,0.0,0.0286,61.009,-331.442,-0.000499,0.0,0.0,0.0,0.0,0.0,0.0,0.0,0.0,0.0,0.0,5,0,-1,51.0,Driving,False,0.875,0.0,0.0,0.0,False,False,0,,,,NONE,False,Green,30.0
223,14.3881,9.45,375,entity_1,vehicle,vehicle.audi.a2,entity_1,61.009,331.442,-0.0073,0.0,0.0,0.0286,61.009,-331.442,-0.000499,0.0,0.0,0.0,0.0,0.0,0.0,0.0,0.0,0.0,0.0,5,0,-1,51.0,Driving,False,0.875,0.0,0.0,0.0,False,False,0,,,,NONE,False,Green,30.0
224,14.4381,9.5,375,entity_1,vehicle,vehicle.audi.a2,entity_1,61.009,331.442,-0.0073,0.0,0.0,0.0286,61.009,-331.442,-0.000499,0.0,0.0,0.0,0.0,0.0,0.0,0.0,0.0,0.0,0.0,5,0,-1,51.0,Driving,False,0.875,0.0,0.0,0.0,False,False,0,,,,NONE,False,Green,30.0
225,14.4881,9.55,375,entity_1,vehicle,vehicle.audi.a2,entity_1,61.009,331.442,-0.0073,0.0,0.0,0.0286,61.009,-331.442,-0.000499,0.0,0.0,0.0,0.0,0.0,0.0,0.0,0.0,0.0,0.0,5,0,-1,51.0,Driving,False,0.875,0.0,0.0,0.0,False,False,0,,,,NONE,False,Green,30.0
226,14.5381,9.6,375,entity_1,vehicle,vehicle.audi.a2,entity_1,61.009,331.442,-0.0073,0.0,0.0,0.0286,61.009,-331.442,-0.000499,0.0,0.0,0.0,0.0,0.0,0.0,0.0,0.0,0.0,0.0,5,0,-1,51.0,Driving,False,0.875,0.0,0.0,0.0,False,False,0,,,,NONE,False,Green,30.0
227,14.5881,9.65,375,entity_1,vehicle,vehicle.audi.a2,entity_1,61.009,331.442,-0.0073,0.0,0.0,0.0286,61.009,-331.442,-0.000499,0.0,0.0,0.0,0.0,0.0,0.0,0.0,0.0,0.0,0.0,5,0,-1,51.0,Driving,False,0.875,0.0,0.0,0.0,False,False,0,,,,NONE,False,Green,30.0
228,14.6381,9.7,375,entity_1,vehicle,vehicle.audi.a2,entity_1,61.009,331.442,-0.0073,0.0,0.0,0.0286,61.009,-331.442,-0.000499,0.0,0.0,0.0,0.0,0.0,0.0,0.0,0.0,0.0,0.0,5,0,-1,51.0,Driving,False,0.875,0.0,0.0,0.0,False,False,0,,,,NONE,False,Green,30.0
229,14.6881,9.75,375,entity_1,vehicle,vehicle.audi.a2,entity_1,61.009,331.442,-0.0073,0.0,0.0,0.0286,61.009,-331.442,-0.000499,0.0,0.0,0.0,0.0,0.0,0.0,0.0,0.0,0.0,0.0,5,0,-1,51.0,Driving,False,0.875,0.0,0.0,0.0,False,False,0,,,,NONE,False,Green,30.0
230,14.7381,9.8,375,entity_1,vehicle,vehicle.audi.a2,entity_1,61.009,331.442,-0.0073,0.0,0.0,0.0286,61.009,-331.442,-0.000499,0.0,0.0,0.0,0.0,0.0,0.0,0.0,0.0,0.0,0.0,5,0,-1,51.0,Driving,False,0.875,0.0,0.0,0.0,False,False,0,,,,NONE,False,Green,30.0
231,14.7881,9.85,375,entity_1,vehicle,vehicle.audi.a2,entity_1,61.009,331.442,-0.0073,0.0,0.0,0.0286,61.009,-331.442,-0.000499,0.0,0.0,0.0,0.0,0.0,0.0,0.0,0.0,0.0,0.0,5,0,-1,51.0,Driving,False,0.875,0.0,0.0,0.0,False,False,0,,,,NONE,False,Green,30.0
232,14.8381,9.9,375,entity_1,vehicle,vehicle.audi.a2,entity_1,61.009,331.442,-0.0073,0.0,0.0,0.0286,61.009,-331.442,-0.000499,0.0,0.0,0.0,0.0,0.0,0.0,0.0,0.0,0.0,0.0,5,0,-1,51.0,Driving,False,0.875,0.0,0.0,0.0,False,False,0,,,,NONE,False,Green,30.0
233,14.8881,9.95,375,entity_1,vehicle,vehicle.audi.a2,entity_1,61.009,331.442,-0.0073,0.0,0.0,0.0286,61.009,-331.442,-0.000499,0.0,0.0,0.0,0.0,0.0,0.0,0.0,0.0,0.0,0.0,5,0,-1,51.0,Driving,False,0.875,0.0,0.0,0.0,False,False,0,,,,NONE,False,Green,30.0
234,14.9381,10.0,375,entity_1,vehicle,vehicle.audi.a2,entity_1,61.009,331.442,-0.0073,0.0,0.0,0.0286,61.009,-331.442,-0.000499,0.0,0.0,0.0,0.0,0.0,0.0,0.0,0.0,0.0,0.0,5,0,-1,51.0,Driving,False,0.875,0.0,0.0,0.0,False,False,0,,,,NONE,False,Green,30.0
235,14.9881,10.05,375,entity_1,vehicle,vehicle.audi.a2,entity_1,61.009,331.442,-0.0073,0.0,0.0,0.0286,61.009,-331.442,-0.000499,0.0,0.0,0.0,0.0,0.0,0.0,0.0,0.0,0.0,0.0,5,0,-1,51.0,Driving,False,0.875,0.0,0.0,0.0,False,False,0,,,,NONE,False,Green,30.0
236,15.0381,10.1,375,entity_1,vehicle,vehicle.audi.a2,entity_1,61.009,331.442,-0.0073,0.0,0.0,0.0286,61.009,-331.442,-0.000499,0.0,0.0,0.0,0.0,0.0,0.0,0.0,0.0,0.0,0.0,5,0,-1,51.0,Driving,False,0.875,0.0,0.0,0.0,False,False,0,,,,NONE,False,Green,30.0
237,15.0881,10.15,375,entity_1,vehicle,vehicle.audi.a2,entity_1,61.009,331.442,-0.0073,0.0,0.0,0.0286,61.009,-331.442,-0.000499,0.0,0.0,0.0,0.0,0.0,0.0,0.0,0.0,0.0,0.0,5,0,-1,51.0,Driving,False,0.875,0.0,0.0,0.0,False,False,0,,,,NONE,False,Green,30.0
238,15.1381,10.2,375,entity_1,vehicle,vehicle.audi.a2,entity_1,61.009,331.442,-0.0073,0.0,0.0,0.0286,61.009,-331.442,-0.000499,0.0,0.0,0.0,0.0,0.0,0.0,0.0,0.0,0.0,0.0,5,0,-1,51.0,Driving,False,0.875,0.0,0.0,0.0,False,False,0,,,,NONE,False,Green,30.0
239,15.1881,10.25,375,entity_1,vehicle,vehicle.audi.a2,entity_1,61.009,331.442,-0.0073,0.0,0.0,0.0286,61.009,-331.442,-0.000499,0.0,0.0,0.0,0.0,0.0,0.0,0.0,0.0,0.0,0.0,5,0,-1,51.0,Driving,False,0.875,0.0,0.0,0.0,False,False,0,,,,NONE,False,Green,30.0
240,15.2381,10.3,375,entity_1,vehicle,vehicle.audi.a2,entity_1,61.009,331.442,-0.0073,0.0,0.0,0.0286,61.009,-331.442,-0.000499,0.0,0.0,0.0,0.0,0.0,0.0,0.0,0.0,0.0,0.0,5,0,-1,51.0,Driving,False,0.875,0.0,0.0,0.0,False,False,0,,,,NONE,False,Green,30.0
241,15.2881,10.35,375,entity_1,vehicle,vehicle.audi.a2,entity_1,61.009,331.442,-0.0073,0.0,0.0,0.0286,61.009,-331.442,-0.000499,0.0,0.0,0.0,0.0,0.0,0.0,0.0,0.0,0.0,0.0,5,0,-1,51.0,Driving,False,0.875,0.0,0.0,0.0,False,False,0,,,,NONE,False,Green,30.0
242,15.3381,10.4,375,entity_1,vehicle,vehicle.audi.a2,entity_1,61.009,331.442,-0.0073,0.0,0.0,0.0286,61.009,-331.442,-0.000499,0.0,0.0,0.0,0.0,0.0,0.0,0.0,0.0,0.0,0.0,5,0,-1,51.0,Driving,False,0.875,0.0,0.0,0.0,False,False,0,,,,NONE,False,Green,30.0
243,15.3881,10.45,375,entity_1,vehicle,vehicle.audi.a2,entity_1,61.009,331.442,-0.0073,0.0,0.0,0.0286,61.009,-331.442,-0.000499,0.0,0.0,0.0,0.0,0.0,0.0,0.0,0.0,0.0,0.0,5,0,-1,51.0,Driving,False,0.875,0.0,0.0,0.0,False,False,0,,,,NONE,False,Green,30.0
244,15.4381,10.5,375,entity_1,vehicle,vehicle.audi.a2,entity_1,61.009,331.442,-0.0073,0.0,0.0,0.0286,61.009,-331.442,-0.000499,0.0,0.0,0.0,0.0,0.0,0.0,0.0,0.0,0.0,0.0,5,0,-1,51.0,Driving,False,0.875,0.0,0.0,0.0,False,False,0,,,,NONE,False,Green,30.0
245,15.4881,10.55,375,entity_1,vehicle,vehicle.audi.a2,entity_1,61.009,331.442,-0.0073,0.0,0.0,0.0286,61.009,-331.442,-0.000499,0.0,0.0,0.0,0.0,0.0,0.0,0.0,0.0,0.0,0.0,5,0,-1,51.0,Driving,False,0.875,0.0,0.0,0.0,False,False,0,,,,NONE,False,Green,30.0
246,15.5381,10.6,375,entity_1,vehicle,vehicle.audi.a2,entity_1,61.009,331.442,-0.0073,0.0,0.0,0.0286,61.009,-331.442,-0.000499,0.0,0.0,0.0,0.0,0.0,0.0,0.0,0.0,0.0,0.0,5,0,-1,51.0,Driving,False,0.875,0.0,0.0,0.0,False,False,0,,,,NONE,False,Green,30.0
247,15.5881,10.65,375,entity_1,vehicle,vehicle.audi.a2,entity_1,61.009,331.442,-0.0073,0.0,0.0,0.0286,61.009,-331.442,-0.000499,0.0,0.0,0.0,0.0,0.0,0.0,0.0,0.0,0.0,0.0,5,0,-1,51.0,Driving,False,0.875,0.0,0.0,0.0,False,False,0,,,,NONE,False,Green,30.0
248,15.6381,10.7,375,entity_1,vehicle,vehicle.audi.a2,entity_1,61.009,331.442,-0.0073,0.0,0.0,0.0286,61.009,-331.442,-0.000499,0.0,0.0,0.0,0.0,0.0,0.0,0.0,0.0,0.0,0.0,5,0,-1,51.0,Driving,False,0.875,0.0,0.0,0.0,False,False,0,,,,NONE,False,Green,30.0
249,15.6881,10.75,375,entity_1,vehicle,vehicle.audi.a2,entity_1,61.009,331.442,-0.0073,0.0,0.0,0.0286,61.009,-331.442,-0.000499,0.0,0.0,0.0,0.0,0.0,0.0,0.0,0.0,0.0,0.0,5,0,-1,51.0,Driving,False,0.875,0.0,0.0,0.0,False,False,0,,,,NONE,False,Green,30.0
250,15.7381,10.8,375,entity_1,vehicle,vehicle.audi.a2,entity_1,61.009,331.442,-0.0073,0.0,0.0,0.0286,61.009,-331.442,-0.000499,0.0,0.0,0.0,0.0,0.0,0.0,0.0,0.0,0.0,0.0,5,0,-1,51.0,Driving,False,0.875,0.0,0.0,0.0,False,False,0,,,,NONE,False,Green,30.0
251,15.7881,10.85,375,entity_1,vehicle,vehicle.audi.a2,entity_1,61.009,331.442,-0.0073,0.0,0.0,0.0286,61.009,-331.442,-0.000499,0.0,0.0,0.0,0.0,0.0,0.0,0.0,0.0,0.0,0.0,5,0,-1,51.0,Driving,False,0.875,0.0,0.0,0.0,False,False,0,,,,NONE,False,Green,30.0
252,15.8381,10.9,375,entity_1,vehicle,vehicle.audi.a2,entity_1,61.009,331.442,-0.0073,0.0,0.0,0.0286,61.009,-331.442,-0.000499,0.0,0.0,0.0,0.0,0.0,0.0,0.0,0.0,0.0,0.0,5,0,-1,51.0,Driving,False,0.875,0.0,0.0,0.0,False,False,0,,,,NONE,False,Green,30.0
253,15.8881,10.95,375,entity_1,vehicle,vehicle.audi.a2,entity_1,61.009,331.442,-0.0073,0.0,0.0,0.0286,61.009,-331.442,-0.000499,0.0,0.0,0.0,0.0,0.0,0.0,0.0,0.0,0.0,0.0,5,0,-1,51.0,Driving,False,0.875,0.0,0.0,0.0,False,False,0,,,,NONE,False,Green,30.0
254,15.9381,11.0,375,entity_1,vehicle,vehicle.audi.a2,entity_1,61.009,331.442,-0.0073,0.0,0.0,0.0286,61.009,-331.442,-0.000499,0.0,0.0,0.0,0.0,0.0,0.0,0.0,0.0,0.0,0.0,5,0,-1,51.0,Driving,False,0.875,0.0,0.0,0.0,False,False,0,,,,NONE,False,Green,30.0
255,15.9881,11.05,375,entity_1,vehicle,vehicle.audi.a2,entity_1,61.009,331.442,-0.0073,0.0,0.0,0.0286,61.009,-331.442,-0.000499,0.0,0.0,0.0,0.0,0.0,0.0,0.0,0.0,0.0,0.0,5,0,-1,51.0,Driving,False,0.875,0.0,0.0,0.0,False,False,0,,,,NONE,False,Green,30.0
256,16.0381,11.1,375,entity_1,vehicle,vehicle.audi.a2,entity_1,61.009,331.442,-0.0073,0.0,0.0,0.0286,61.009,-331.442,-0.000499,0.0,0.0,0.0,0.0,0.0,0.0,0.0,0.0,0.0,0.0,5,0,-1,51.0,Driving,False,0.875,0.0,0.0,0.0,False,False,0,,,,NONE,False,Green,30.0
257,16.0881,11.15,375,entity_1,vehicle,vehicle.audi.a2,entity_1,61.009,331.442,-0.0073,0.0,0.0,0.0286,61.009,-331.442,-0.000499,0.0,0.0,0.0,0.0,0.0,0.0,0.0,0.0,0.0,0.0,5,0,-1,51.0,Driving,False,0.875,0.0,0.0,0.0,False,False,0,,,,NONE,False,Green,30.0
258,16.1381,11.2,375,entity_1,vehicle,vehicle.audi.a2,entity_1,61.009,331.442,-0.0073,0.0,0.0,0.0286,61.009,-331.442,-0.000499,0.0,0.0,0.0,0.0,0.0,0.0,0.0,0.0,0.0,0.0,5,0,-1,51.0,Driving,False,0.875,0.0,0.0,0.0,False,False,0,,,,NONE,False,Green,30.0
259,16.1881,11.25,375,entity_1,vehicle,vehicle.audi.a2,entity_1,61.009,331.442,-0.0073,0.0,0.0,0.0286,61.009,-331.442,-0.000499,0.0,0.0,0.0,0.0,0.0,0.0,0.0,0.0,0.0,0.0,5,0,-1,51.0,Driving,False,0.875,0.0,0.0,0.0,False,False,0,,,,NONE,False,Green,30.0
260,16.2381,11.3,375,entity_1,vehicle,vehicle.audi.a2,entity_1,61.009,331.442,-0.0073,0.0,0.0,0.0286,61.009,-331.442,-0.000499,0.0,0.0,0.0,0.0,0.0,0.0,0.0,0.0,0.0,0.0,5,0,-1,51.0,Driving,False,0.875,0.0,0.0,0.0,False,False,0,,,,NONE,False,Green,30.0
261,16.2881,11.35,375,entity_1,vehicle,vehicle.audi.a2,entity_1,61.009,331.442,-0.0073,0.0,0.0,0.0286,61.009,-331.442,-0.000499,0.0,0.0,0.0,0.0,0.0,0.0,0.0,0.0,0.0,0.0,5,0,-1,51.0,Driving,False,0.875,0.0,0.0,0.0,False,False,0,,,,NONE,False,Green,30.0
262,16.3381,11.4,375,entity_1,vehicle,vehicle.audi.a2,entity_1,61.009,331.442,-0.0073,0.0,0.0,0.0286,61.009,-331.442,-0.000499,0.0,0.0,0.0,0.0,0.0,0.0,0.0,0.0,0.0,0.0,5,0,-1,51.0,Driving,False,0.875,0.0,0.0,0.0,False,False,0,,,,NONE,False,Green,30.0
263,16.3881,11.45,375,entity_1,vehicle,vehicle.audi.a2,entity_1,61.009,331.442,-0.0073,0.0,0.0,0.0286,61.009,-331.442,-0.000499,0.0,0.0,0.0,0.0,0.0,0.0,0.0,0.0,0.0,0.0,5,0,-1,51.0,Driving,False,0.875,0.0,0.0,0.0,False,False,0,,,,NONE,False,Green,30.0
264,16.4381,11.5,375,entity_1,vehicle,vehicle.audi.a2,entity_1,61.009,331.442,-0.0073,0.0,0.0,0.0286,61.009,-331.442,-0.000499,0.0,0.0,0.0,0.0,0.0,0.0,0.0,0.0,0.0,0.0,5,0,-1,51.0,Driving,False,0.875,0.0,0.0,0.0,False,False,0,,,,NONE,False,Green,30.0
265,16.4881,11.55,375,entity_1,vehicle,vehicle.audi.a2,entity_1,61.009,331.442,-0.0073,0.0,0.0,0.0286,61.009,-331.442,-0.000499,0.0,0.0,0.0,0.0,0.0,0.0,0.0,0.0,0.0,0.0,5,0,-1,51.0,Driving,False,0.875,0.0,0.0,0.0,False,False,0,,,,NONE,False,Green,30.0
266,16.5381,11.6,375,entity_1,vehicle,vehicle.audi.a2,entity_1,61.009,331.442,-0.0073,0.0,0.0,0.0286,61.009,-331.442,-0.000499,0.0,0.0,0.0,0.0,0.0,0.0,0.0,0.0,0.0,0.0,5,0,-1,51.0,Driving,False,0.875,0.0,0.0,0.0,False,False,0,,,,NONE,False,Green,30.0
267,16.5881,11.65,375,entity_1,vehicle,vehicle.audi.a2,entity_1,61.009,331.442,-0.0073,0.0,0.0,0.0286,61.009,-331.442,-0.000499,0.0,0.0,0.0,0.0,0.0,0.0,0.0,0.0,0.0,0.0,5,0,-1,51.0,Driving,False,0.875,0.0,0.0,0.0,False,False,0,,,,NONE,False,Green,30.0
268,16.6381,11.7,375,entity_1,vehicle,vehicle.audi.a2,entity_1,61.009,331.442,-0.0073,0.0,0.0,0.0286,61.009,-331.442,-0.000499,0.0,0.0,0.0,0.0,0.0,0.0,0.0,0.0,0.0,0.0,5,0,-1,51.0,Driving,False,0.875,0.0,0.0,0.0,False,False,0,,,,NONE,False,Green,30.0
269,16.6881,11.75,375,entity_1,vehicle,vehicle.audi.a2,entity_1,61.009,331.442,-0.0073,0.0,0.0,0.0286,61.009,-331.442,-0.000499,0.0,0.0,0.0,0.0,0.0,0.0,0.0,0.0,0.0,0.0,5,0,-1,51.0,Driving,False,0.875,0.0,0.0,0.0,False,False,0,,,,NONE,False,Green,30.0
270,16.7381,11.8,375,entity_1,vehicle,vehicle.audi.a2,entity_1,61.009,331.442,-0.0073,0.0,0.0,0.0286,61.009,-331.442,-0.000499,0.0,0.0,0.0,0.0,0.0,0.0,0.0,0.0,0.0,0.0,5,0,-1,51.0,Driving,False,0.875,0.0,0.0,0.0,False,False,0,,,,NONE,False,Green,30.0
271,16.7881,11.85,375,entity_1,vehicle,vehicle.audi.a2,entity_1,61.009,331.442,-0.0073,0.0,0.0,0.0286,61.009,-331.442,-0.000499,0.0,0.0,0.0,0.0,0.0,0.0,0.0,0.0,0.0,0.0,5,0,-1,51.0,Driving,False,0.875,0.0,0.0,0.0,False,False,0,,,,NONE,False,Green,30.0
272,16.8381,11.9,375,entity_1,vehicle,vehicle.audi.a2,entity_1,61.009,331.442,-0.0073,0.0,0.0,0.0286,61.009,-331.442,-0.000499,0.0,0.0,0.0,0.0,0.0,0.0,0.0,0.0,0.0,0.0,5,0,-1,51.0,Driving,False,0.875,0.0,0.0,0.0,False,False,0,,,,NONE,False,Green,30.0
273,16.8881,11.95,375,entity_1,vehicle,vehicle.audi.a2,entity_1,61.009,331.442,-0.0073,0.0,0.0,0.0286,61.009,-331.442,-0.000499,0.0,0.0,0.0,0.0,0.0,0.0,0.0,0.0,0.0,0.0,5,0,-1,51.0,Driving,False,0.875,0.0,0.0,0.0,False,False,0,,,,NONE,False,Green,30.0
274,16.9381,12.0,375,entity_1,vehicle,vehicle.audi.a2,entity_1,61.009,331.442,-0.0073,0.0,0.0,0.0286,61.009,-331.442,-0.000499,0.0,0.0,0.0,0.0,0.0,0.0,0.0,0.0,0.0,0.0,5,0,-1,51.0,Driving,False,0.875,0.0,0.0,0.0,False,False,0,,,,NONE,False,Green,30.0
275,16.9881,12.05,375,entity_1,vehicle,vehicle.audi.a2,entity_1,61.009,331.442,-0.0073,0.0,0.0,0.0286,61.009,-331.442,-0.000499,0.0,0.0,0.0,0.0,0.0,0.0,0.0,0.0,0.0,0.0,5,0,-1,51.0,Driving,False,0.875,0.0,0.0,0.0,False,False,0,,,,NONE,False,Green,30.0
276,17.0381,12.1,375,entity_1,vehicle,vehicle.audi.a2,entity_1,61.009,331.442,-0.0073,0.0,0.0,0.0286,61.009,-331.442,-0.000499,0.0,0.0,0.0,0.0,0.0,0.0,0.0,0.0,0.0,0.0,5,0,-1,51.0,Driving,False,0.875,0.0,0.0,0.0,False,False,0,,,,NONE,False,Green,30.0
277,17.0881,12.15,375,entity_1,vehicle,vehicle.audi.a2,entity_1,61.009,331.442,-0.0073,0.0,0.0,0.0286,61.009,-331.442,-0.000499,0.0,0.0,0.0,0.0,0.0,0.0,0.0,0.0,0.0,0.0,5,0,-1,51.0,Driving,False,0.875,0.0,0.0,0.0,False,False,0,,,,NONE,False,Green,30.0
278,17.1381,12.2,375,entity_1,vehicle,vehicle.audi.a2,entity_1,61.009,331.442,-0.0073,0.0,0.0,0.0286,61.009,-331.442,-0.000499,0.0,0.0,0.0,0.0,0.0,0.0,0.0,0.0,0.0,0.0,5,0,-1,51.0,Driving,False,0.875,0.0,0.0,0.0,False,False,0,,,,NONE,False,Green,30.0
279,17.1881,12.25,375,entity_1,vehicle,vehicle.audi.a2,entity_1,61.009,331.442,-0.0073,0.0,0.0,0.0286,61.009,-331.442,-0.000499,0.0,0.0,0.0,0.0,0.0,0.0,0.0,0.0,0.0,0.0,5,0,-1,51.0,Driving,False,0.875,0.0,0.0,0.0,False,False,0,,,,NONE,False,Green,30.0
280,17.2381,12.3,375,entity_1,vehicle,vehicle.audi.a2,entity_1,61.009,331.442,-0.0073,0.0,0.0,0.0286,61.009,-331.442,-0.000499,0.0,0.0,0.0,0.0,0.0,0.0,0.0,0.0,0.0,0.0,5,0,-1,51.0,Driving,False,0.875,0.0,0.0,0.0,False,False,0,,,,NONE,False,Green,30.0
281,17.2881,12.35,375,entity_1,vehicle,vehicle.audi.a2,entity_1,61.009,331.442,-0.0073,0.0,0.0,0.0286,61.009,-331.442,-0.000499,0.0,0.0,0.0,0.0,0.0,0.0,0.0,0.0,0.0,0.0,5,0,-1,51.0,Driving,False,0.875,0.0,0.0,0.0,False,False,0,,,,NONE,False,Green,30.0
282,17.3381,12.4,375,entity_1,vehicle,vehicle.audi.a2,entity_1,61.009,331.442,-0.0073,0.0,0.0,0.0286,61.009,-331.442,-0.000499,0.0,0.0,0.0,0.0,0.0,0.0,0.0,0.0,0.0,0.0,5,0,-1,51.0,Driving,False,0.875,0.0,0.0,0.0,False,False,0,,,,NONE,False,Green,30.0
283,17.3881,12.45,375,entity_1,vehicle,vehicle.audi.a2,entity_1,61.009,331.442,-0.0073,0.0,0.0,0.0286,61.009,-331.442,-0.000499,0.0,0.0,0.0,0.0,0.0,0.0,0.0,0.0,0.0,0.0,5,0,-1,51.0,Driving,False,0.875,0.0,0.0,0.0,False,False,0,,,,NONE,False,Green,30.0
284,17.4381,12.5,375,entity_1,vehicle,vehicle.audi.a2,entity_1,61.009,331.442,-0.0073,0.0,0.0,0.0286,61.009,-331.442,-0.000499,0.0,0.0,0.0,0.0,0.0,0.0,0.0,0.0,0.0,0.0,5,0,-1,51.0,Driving,False,0.875,0.0,0.0,0.0,False,False,0,,,,NONE,False,Green,30.0
285,17.4881,12.55,375,entity_1,vehicle,vehicle.audi.a2,entity_1,61.009,331.442,-0.0073,0.0,0.0,0.0286,61.009,-331.442,-0.000499,0.0,0.0,0.0,0.0,0.0,0.0,0.0,0.0,0.0,0.0,5,0,-1,51.0,Driving,False,0.875,0.0,0.0,0.0,False,False,0,,,,NONE,False,Green,30.0
286,17.5381,12.6,375,entity_1,vehicle,vehicle.audi.a2,entity_1,61.009,331.442,-0.0073,0.0,0.0,0.0286,61.009,-331.442,-0.000499,0.0,0.0,0.0,0.0,0.0,0.0,0.0,0.0,0.0,0.0,5,0,-1,51.0,Driving,False,0.875,0.0,0.0,0.0,False,False,0,,,,NONE,False,Green,30.0
287,17.5881,12.65,375,entity_1,vehicle,vehicle.audi.a2,entity_1,61.009,331.442,-0.0073,0.0,0.0,0.0286,61.009,-331.442,-0.000499,0.0,0.0,0.0,0.0,0.0,0.0,0.0,0.0,0.0,0.0,5,0,-1,51.0,Driving,False,0.875,0.0,0.0,0.0,False,False,0,,,,NONE,False,Green,30.0
288,17.6381,12.7,375,entity_1,vehicle,vehicle.audi.a2,entity_1,61.009,331.442,-0.0073,0.0,0.0,0.0286,61.009,-331.442,-0.000499,0.0,0.0,0.0,0.0,0.0,0.0,0.0,0.0,0.0,0.0,5,0,-1,51.0,Driving,False,0.875,0.0,0.0,0.0,False,False,0,,,,NONE,False,Green,30.0
289,17.6881,12.75,375,entity_1,vehicle,vehicle.audi.a2,entity_1,61.009,331.442,-0.0073,0.0,0.0,0.0286,61.009,-331.442,-0.000499,0.0,0.0,0.0,0.0,0.0,0.0,0.0,0.0,0.0,0.0,5,0,-1,51.0,Driving,False,0.875,0.0,0.0,0.0,False,False,0,,,,NONE,False,Green,30.0
290,17.7381,12.8,375,entity_1,vehicle,vehicle.audi.a2,entity_1,61.009,331.442,-0.0073,0.0,0.0,0.0286,61.009,-331.442,-0.000499,0.0,0.0,0.0,0.0,0.0,0.0,0.0,0.0,0.0,0.0,5,0,-1,51.0,Driving,False,0.875,0.0,0.0,0.0,False,False,0,,,,NONE,False,Green,30.0
291,17.7881,12.85,375,entity_1,vehicle,vehicle.audi.a2,entity_1,61.009,331.442,-0.0073,0.0,0.0,0.0286,61.009,-331.442,-0.000499,0.0,0.0,0.0,0.0,0.0,0.0,0.0,0.0,0.0,0.0,5,0,-1,51.0,Driving,False,0.875,0.0,0.0,0.0,False,False,0,,,,NONE,False,Green,30.0
292,17.8381,12.9,375,entity_1,vehicle,vehicle.audi.a2,entity_1,61.009,331.442,-0.0073,0.0,0.0,0.0286,61.009,-331.442,-0.000499,0.0,0.0,0.0,0.0,0.0,0.0,0.0,0.0,0.0,0.0,5,0,-1,51.0,Driving,False,0.875,0.0,0.0,0.0,False,False,0,,,,NONE,False,Green,30.0
293,17.8881,12.95,375,entity_1,vehicle,vehicle.audi.a2,entity_1,61.009,331.442,-0.0073,0.0,0.0,0.0286,61.009,-331.442,-0.000499,0.0,0.0,0.0,0.0,0.0,0.0,0.0,0.0,0.0,0.0,5,0,-1,51.0,Driving,False,0.875,0.0,0.0,0.0,False,False,0,,,,NONE,False,Green,30.0
294,17.9381,13.0,375,entity_1,vehicle,vehicle.audi.a2,entity_1,61.009,331.442,-0.0073,0.0,0.0,0.0286,61.009,-331.442,-0.000499,0.0,0.0,0.0,0.0,0.0,0.0,0.0,0.0,0.0,0.0,5,0,-1,51.0,Driving,False,0.875,0.0,0.0,0.0,False,False,0,,,,NONE,False,Green,30.0
295,17.9881,13.05,375,entity_1,vehicle,vehicle.audi.a2,entity_1,61.009,331.442,-0.0073,0.0,0.0,0.0286,61.009,-331.442,-0.000499,0.0,0.0,0.0,0.0,0.0,0.0,0.0,0.0,0.0,0.0,5,0,-1,51.0,Driving,False,0.875,0.0,0.0,0.0,False,False,0,,,,NONE,False,Green,30.0
296,18.0381,13.1,375,entity_1,vehicle,vehicle.audi.a2,entity_1,61.009,331.442,-0.0073,0.0,0.0,0.0286,61.009,-331.442,-0.000499,0.0,0.0,0.0,0.0,0.0,0.0,0.0,0.0,0.0,0.0,5,0,-1,51.0,Driving,False,0.875,0.0,0.0,0.0,False,False,0,,,,NONE,False,Green,30.0
297,18.0881,13.15,375,entity_1,vehicle,vehicle.audi.a2,entity_1,61.009,331.442,-0.0073,0.0,0.0,0.0286,61.009,-331.442,-0.000499,0.0,0.0,0.0,0.0,0.0,0.0,0.0,0.0,0.0,0.0,5,0,-1,51.0,Driving,False,0.875,0.0,0.0,0.0,False,False,0,,,,NONE,False,Green,30.0
298,18.1381,13.2,375,entity_1,vehicle,vehicle.audi.a2,entity_1,61.009,331.442,-0.0073,0.0,0.0,0.0286,61.009,-331.442,-0.000499,0.0,0.0,0.0,0.0,0.0,0.0,0.0,0.0,0.0,0.0,5,0,-1,51.0,Driving,False,0.875,0.0,0.0,0.0,False,False,0,,,,NONE,False,Green,30.0
299,18.1881,13.25,375,entity_1,vehicle,vehicle.audi.a2,entity_1,61.009,331.442,-0.0073,0.0,0.0,0.0286,61.009,-331.442,-0.000499,0.0,0.0,0.0,0.0,0.0,0.0,0.0,0.0,0.0,0.0,5,0,-1,51.0,Driving,False,0.875,0.0,0.0,0.0,False,False,0,,,,NONE,False,Green,30.0
300,18.2381,13.3,375,entity_1,vehicle,vehicle.audi.a2,entity_1,61.009,331.442,-0.0073,0.0,0.0,0.0286,61.009,-331.442,-0.000499,0.0,0.0,0.0,0.0,0.0,0.0,0.0,0.0,0.0,0.0,5,0,-1,51.0,Driving,False,0.875,0.0,0.0,0.0,False,False,0,,,,NONE,False,Green,30.0
301,18.2881,13.35,375,entity_1,vehicle,vehicle.audi.a2,entity_1,61.009,331.442,-0.0073,0.0,0.0,0.0286,61.009,-331.442,-0.000499,0.0,0.0,0.0,0.0,0.0,0.0,0.0,0.0,0.0,0.0,5,0,-1,51.0,Driving,False,0.875,0.0,0.0,0.0,False,False,0,,,,NONE,False,Green,30.0
302,18.3381,13.4,375,entity_1,vehicle,vehicle.audi.a2,entity_1,61.009,331.442,-0.0073,0.0,0.0,0.0286,61.009,-331.442,-0.000499,0.0,0.0,0.0,0.0,0.0,0.0,0.0,0.0,0.0,0.0,5,0,-1,51.0,Driving,False,0.875,0.0,0.0,0.0,False,False,0,,,,NONE,False,Green,30.0
303,18.3881,13.45,375,entity_1,vehicle,vehicle.audi.a2,entity_1,61.009,331.442,-0.0073,0.0,0.0,0.0286,61.009,-331.442,-0.000499,0.0,0.0,0.0,0.0,0.0,0.0,0.0,0.0,0.0,0.0,5,0,-1,51.0,Driving,False,0.875,0.0,0.0,0.0,False,False,0,,,,NONE,False,Green,30.0
304,18.4381,13.5,375,entity_1,vehicle,vehicle.audi.a2,entity_1,61.009,331.442,-0.0073,0.0,0.0,0.0286,61.009,-331.442,-0.000499,0.0,0.0,0.0,0.0,0.0,0.0,0.0,0.0,0.0,0.0,5,0,-1,51.0,Driving,False,0.875,0.0,0.0,0.0,False,False,0,,,,NONE,False,Green,30.0
305,18.4881,13.55,375,entity_1,vehicle,vehicle.audi.a2,entity_1,61.009,331.442,-0.0073,0.0,0.0,0.0286,61.009,-331.442,-0.000499,0.0,0.0,0.0,0.0,0.0,0.0,0.0,0.0,0.0,0.0,5,0,-1,51.0,Driving,False,0.875,0.0,0.0,0.0,False,False,0,,,,NONE,False,Green,30.0
306,18.5381,13.6,375,entity_1,vehicle,vehicle.audi.a2,entity_1,61.009,331.442,-0.0073,0.0,0.0,0.0286,61.009,-331.442,-0.000499,0.0,0.0,0.0,0.0,0.0,0.0,0.0,0.0,0.0,0.0,5,0,-1,51.0,Driving,False,0.875,0.0,0.0,0.0,False,False,0,,,,NONE,False,Green,30.0
307,18.5881,13.65,375,entity_1,vehicle,vehicle.audi.a2,entity_1,61.009,331.442,-0.0073,0.0,0.0,0.0286,61.009,-331.442,-0.000499,0.0,0.0,0.0,0.0,0.0,0.0,0.0,0.0,0.0,0.0,5,0,-1,51.0,Driving,False,0.875,0.0,0.0,0.0,False,False,0,,,,NONE,False,Green,30.0
308,18.6381,13.7,375,entity_1,vehicle,vehicle.audi.a2,entity_1,61.009,331.442,-0.0073,0.0,0.0,0.0286,61.009,-331.442,-0.000499,0.0,0.0,0.0,0.0,0.0,0.0,0.0,0.0,0.0,0.0,5,0,-1,51.0,Driving,False,0.875,0.0,0.0,0.0,False,False,0,,,,NONE,False,Green,30.0
309,18.6881,13.75,375,entity_1,vehicle,vehicle.audi.a2,entity_1,61.009,331.442,-0.0073,0.0,0.0,0.0286,61.009,-331.442,-0.000499,0.0,0.0,0.0,0.0,0.0,0.0,0.0,0.0,0.0,0.0,5,0,-1,51.0,Driving,False,0.875,0.0,0.0,0.0,False,False,0,,,,NONE,False,Green,30.0
310,18.7381,13.8,375,entity_1,vehicle,vehicle.audi.a2,entity_1,61.009,331.442,-0.0073,0.0,0.0,0.0286,61.009,-331.442,-0.000499,0.0,0.0,0.0,0.0,0.0,0.0,0.0,0.0,0.0,0.0,5,0,-1,51.0,Driving,False,0.875,0.0,0.0,0.0,False,False,0,,,,NONE,False,Green,30.0
311,18.7881,13.85,375,entity_1,vehicle,vehicle.audi.a2,entity_1,61.009,331.442,-0.0073,0.0,0.0,0.0286,61.009,-331.442,-0.000499,0.0,0.0,0.0,0.0,0.0,0.0,0.0,0.0,0.0,0.0,5,0,-1,51.0,Driving,False,0.875,0.0,0.0,0.0,False,False,0,,,,NONE,False,Green,30.0
312,18.8381,13.9,375,entity_1,vehicle,vehicle.audi.a2,entity_1,61.009,331.442,-0.0073,0.0,0.0,0.0286,61.009,-331.442,-0.000499,0.0,0.0,0.0,0.0,0.0,0.0,0.0,0.0,0.0,0.0,5,0,-1,51.0,Driving,False,0.875,0.0,0.0,0.0,False,False,0,,,,NONE,False,Green,30.0
313,18.8881,13.95,375,entity_1,vehicle,vehicle.audi.a2,entity_1,61.009,331.442,-0.0073,0.0,0.0,0.0286,61.009,-331.442,-0.000499,0.0,0.0,0.0,0.0,0.0,0.0,0.0,0.0,0.0,0.0,5,0,-1,51.0,Driving,False,0.875,0.0,0.0,0.0,False,False,0,,,,NONE,False,Green,30.0
314,18.9381,14.0,375,entity_1,vehicle,vehicle.audi.a2,entity_1,61.009,331.442,-0.0073,0.0,0.0,0.0286,61.009,-331.442,-0.000499,0.0,0.0,0.0,0.0,0.0,0.0,0.0,0.0,0.0,0.0,5,0,-1,51.0,Driving,False,0.875,0.0,0.0,0.0,False,False,0,,,,NONE,False,Green,30.0
315,18.9881,14.05,375,entity_1,vehicle,vehicle.audi.a2,entity_1,61.009,331.442,-0.0073,0.0,0.0,0.0286,61.009,-331.442,-0.000499,0.0,0.0,0.0,0.0,0.0,0.0,0.0,0.0,0.0,0.0,5,0,-1,51.0,Driving,False,0.875,0.0,0.0,0.0,False,False,0,,,,NONE,False,Green,30.0
316,19.0381,14.1,375,entity_1,vehicle,vehicle.audi.a2,entity_1,61.009,331.442,-0.0073,0.0,0.0,0.0286,61.009,-331.442,-0.000499,0.0,0.0,0.0,0.0,0.0,0.0,0.0,0.0,0.0,0.0,5,0,-1,51.0,Driving,False,0.875,0.0,0.0,0.0,False,False,0,,,,NONE,False,Green,30.0
317,19.0881,14.15,375,entity_1,vehicle,vehicle.audi.a2,entity_1,61.009,331.442,-0.0073,0.0,0.0,0.0286,61.009,-331.442,-0.000499,0.0,0.0,0.0,0.0,0.0,0.0,0.0,0.0,0.0,0.0,5,0,-1,51.0,Driving,False,0.875,0.0,0.0,0.0,False,False,0,,,,NONE,False,Green,30.0
318,19.1381,14.2,375,entity_1,vehicle,vehicle.audi.a2,entity_1,61.009,331.442,-0.0073,0.0,0.0,0.0286,61.009,-331.442,-0.000499,0.0,0.0,0.0,0.0,0.0,0.0,0.0,0.0,0.0,0.0,5,0,-1,51.0,Driving,False,0.875,0.0,0.0,0.0,False,False,0,,,,NONE,False,Green,30.0
319,19.1881,14.25,375,entity_1,vehicle,vehicle.audi.a2,entity_1,61.009,331.442,-0.0073,0.0,0.0,0.0286,61.009,-331.442,-0.000499,0.0,0.0,0.0,0.0,0.0,0.0,0.0,0.0,0.0,0.0,5,0,-1,51.0,Driving,False,0.875,0.0,0.0,0.0,False,False,0,,,,NONE,False,Green,30.0
320,19.2381,14.3,375,entity_1,vehicle,vehicle.audi.a2,entity_1,61.009,331.442,-0.0073,0.0,0.0,0.0286,61.009,-331.442,-0.000499,0.0,0.0,0.0,0.0,0.0,0.0,0.0,0.0,0.0,0.0,5,0,-1,51.0,Driving,False,0.875,0.0,0.0,0.0,False,False,0,,,,NONE,False,Green,30.0
321,19.2881,14.35,375,entity_1,vehicle,vehicle.audi.a2,entity_1,61.009,331.442,-0.0073,0.0,0.0,0.0286,61.009,-331.442,-0.000499,0.0,0.0,0.0,0.0,0.0,0.0,0.0,0.0,0.0,0.0,5,0,-1,51.0,Driving,False,0.875,0.0,0.0,0.0,False,False,0,,,,NONE,False,Green,30.0
322,19.3381,14.4,375,entity_1,vehicle,vehicle.audi.a2,entity_1,61.009,331.442,-0.0073,0.0,0.0,0.0286,61.009,-331.442,-0.000499,0.0,0.0,0.0,0.0,0.0,0.0,0.0,0.0,0.0,0.0,5,0,-1,51.0,Driving,False,0.875,0.0,0.0,0.0,False,False,0,,,,NONE,False,Green,30.0
323,19.3881,14.45,375,entity_1,vehicle,vehicle.audi.a2,entity_1,61.009,331.442,-0.0073,0.0,0.0,0.0286,61.009,-331.442,-0.000499,0.0,0.0,0.0,0.0,0.0,0.0,0.0,0.0,0.0,0.0,5,0,-1,51.0,Driving,False,0.875,0.0,0.0,0.0,False,False,0,,,,NONE,False,Green,30.0
324,19.4381,14.5,375,entity_1,vehicle,vehicle.audi.a2,entity_1,61.009,331.442,-0.0073,0.0,0.0,0.0286,61.009,-331.442,-0.000499,0.0,0.0,0.0,0.0,0.0,0.0,0.0,0.0,0.0,0.0,5,0,-1,51.0,Driving,False,0.875,0.0,0.0,0.0,False,False,0,,,,NONE,False,Green,30.0
325,19.4881,14.55,375,entity_1,vehicle,vehicle.audi.a2,entity_1,61.009,331.442,-0.0073,0.0,0.0,0.0286,61.009,-331.442,-0.000499,0.0,0.0,0.0,0.0,0.0,0.0,0.0,0.0,0.0,0.0,5,0,-1,51.0,Driving,False,0.875,0.0,0.0,0.0,False,False,0,,,,NONE,False,Green,30.0
326,19.5381,14.6,375,entity_1,vehicle,vehicle.audi.a2,entity_1,61.009,331.442,-0.0073,0.0,0.0,0.0286,61.009,-331.442,-0.000499,0.0,0.0,0.0,0.0,0.0,0.0,0.0,0.0,0.0,0.0,5,0,-1,51.0,Driving,False,0.875,0.0,0.0,0.0,False,False,0,,,,NONE,False,Green,30.0
327,19.5881,14.65,375,entity_1,vehicle,vehicle.audi.a2,entity_1,61.009,331.442,-0.0073,0.0,0.0,0.0286,61.009,-331.442,-0.000499,0.0,0.0,0.0,0.0,0.0,0.0,0.0,0.0,0.0,0.0,5,0,-1,51.0,Driving,False,0.875,0.0,0.0,0.0,False,False,0,,,,NONE,False,Green,30.0
328,19.6381,14.7,375,entity_1,vehicle,vehicle.audi.a2,entity_1,61.009,331.442,-0.0073,0.0,0.0,0.0286,61.009,-331.442,-0.000499,0.0,0.0,0.0,0.0,0.0,0.0,0.0,0.0,0.0,0.0,5,0,-1,51.0,Driving,False,0.875,0.0,0.0,0.0,False,False,0,,,,NONE,False,Green,30.0
329,19.6881,14.75,375,entity_1,vehicle,vehicle.audi.a2,entity_1,61.009,331.442,-0.0073,0.0,0.0,0.0286,61.009,-331.442,-0.000499,0.0,0.0,0.0,0.0,0.0,0.0,0.0,0.0,0.0,0.0,5,0,-1,51.0,Driving,False,0.875,0.0,0.0,0.0,False,False,0,,,,NONE,False,Green,30.0
330,19.7381,14.8,375,entity_1,vehicle,vehicle.audi.a2,entity_1,61.009,331.442,-0.0073,0.0,0.0,0.0286,61.009,-331.442,-0.000499,0.0,0.0,0.0,0.0,0.0,0.0,0.0,0.0,0.0,0.0,5,0,-1,51.0,Driving,False,0.875,0.0,0.0,0.0,False,False,0,,,,NONE,False,Green,30.0
331,19.7881,14.85,375,entity_1,vehicle,vehicle.audi.a2,entity_1,61.009,331.442,-0.0073,0.0,0.0,0.0286,61.009,-331.442,-0.000499,0.0,0.0,0.0,0.0,0.0,0.0,0.0,0.0,0.0,0.0,5,0,-1,51.0,Driving,False,0.875,0.0,0.0,0.0,False,False,0,,,,NONE,False,Green,30.0
332,19.8381,14.9,375,entity_1,vehicle,vehicle.audi.a2,entity_1,61.009,331.442,-0.0073,0.0,0.0,0.0286,61.009,-331.442,-0.000499,0.0,0.0,0.0,0.0,0.0,0.0,0.0,0.0,0.0,0.0,5,0,-1,51.0,Driving,False,0.875,0.0,0.0,0.0,False,False,0,,,,NONE,False,Green,30.0
333,19.8881,14.95,375,entity_1,vehicle,vehicle.audi.a2,entity_1,61.009,331.442,-0.0073,0.0,0.0,0.0286,61.009,-331.442,-0.000499,0.0,0.0,0.0,0.0,0.0,0.0,0.0,0.0,0.0,0.0,5,0,-1,51.0,Driving,False,0.875,0.0,0.0,0.0,False,False,0,,,,NONE,False,Green,30.0
334,19.9381,15.0,375,entity_1,vehicle,vehicle.audi.a2,entity_1,61.009,331.442,-0.0073,0.0,0.0,0.0286,61.009,-331.442,-0.000499,0.0,0.0,0.0,0.0,0.0,0.0,0.0,0.0,0.0,0.0,5,0,-1,51.0,Driving,False,0.875,0.0,0.0,0.0,False,False,0,,,,NONE,False,Green,30.0
335,19.9881,15.05,375,entity_1,vehicle,vehicle.audi.a2,entity_1,61.009,331.442,-0.0073,0.0,0.0,0.0286,61.009,-331.442,-0.000499,0.0,0.0,0.0,0.0,0.0,0.0,0.0,0.0,0.0,0.0,5,0,-1,51.0,Driving,False,0.875,0.0,0.0,0.0,False,False,0,,,,NONE,False,Green,30.0
336,20.0381,15.1,375,entity_1,vehicle,vehicle.audi.a2,entity_1,61.009,331.442,-0.0073,0.0,0.0,0.0286,61.009,-331.442,-0.000499,0.0,0.0,0.0,0.0,0.0,0.0,0.0,0.0,0.0,0.0,5,0,-1,51.0,Driving,False,0.875,0.0,0.0,0.0,False,False,0,,,,NONE,False,Green,30.0
337,20.0881,15.15,375,entity_1,vehicle,vehicle.audi.a2,entity_1,61.009,331.442,-0.0073,0.0,0.0,0.0286,61.009,-331.442,-0.000499,0.0,0.0,0.0,0.0,0.0,0.0,0.0,0.0,0.0,0.0,5,0,-1,51.0,Driving,False,0.875,0.0,0.0,0.0,False,False,0,,,,NONE,False,Green,30.0
338,20.1381,15.2,375,entity_1,vehicle,vehicle.audi.a2,entity_1,61.009,331.442,-0.0073,0.0,0.0,0.0286,61.009,-331.442,-0.000499,0.0,0.0,0.0,0.0,0.0,0.0,0.0,0.0,0.0,0.0,5,0,-1,51.0,Driving,False,0.875,0.0,0.0,0.0,False,False,0,,,,NONE,False,Green,30.0
339,20.1881,15.25,375,entity_1,vehicle,vehicle.audi.a2,entity_1,61.009,331.442,-0.0073,0.0,0.0,0.0286,61.009,-331.442,-0.000499,0.0,0.0,0.0,0.0,0.0,0.0,0.0,0.0,0.0,0.0,5,0,-1,51.0,Driving,False,0.875,0.0,0.0,0.0,False,False,0,,,,NONE,False,Green,30.0
340,20.2381,15.3,375,entity_1,vehicle,vehicle.audi.a2,entity_1,61.009,331.442,-0.0073,0.0,0.0,0.0286,61.009,-331.442,-0.000499,0.0,0.0,0.0,0.0,0.0,0.0,0.0,0.0,0.0,0.0,5,0,-1,51.0,Driving,False,0.875,0.0,0.0,0.0,False,False,0,,,,NONE,False,Green,30.0
341,20.2881,15.35,375,entity_1,vehicle,vehicle.audi.a2,entity_1,61.009,331.442,-0.0073,0.0,0.0,0.0286,61.009,-331.442,-0.000499,0.0,0.0,0.0,0.0,0.0,0.0,0.0,0.0,0.0,0.0,5,0,-1,51.0,Driving,False,0.875,0.0,0.0,0.0,False,False,0,,,,NONE,False,Green,30.0
342,20.3381,15.4,375,entity_1,vehicle,vehicle.audi.a2,entity_1,61.009,331.442,-0.0073,0.0,0.0,0.0286,61.009,-331.442,-0.000499,0.0,0.0,0.0,0.0,0.0,0.0,0.0,0.0,0.0,0.0,5,0,-1,51.0,Driving,False,0.875,0.0,0.0,0.0,False,False,0,,,,NONE,False,Green,30.0
343,20.3881,15.45,375,entity_1,vehicle,vehicle.audi.a2,entity_1,61.009,331.442,-0.0073,0.0,0.0,0.0286,61.009,-331.442,-0.000499,0.0,0.0,0.0,0.0,0.0,0.0,0.0,0.0,0.0,0.0,5,0,-1,51.0,Driving,False,0.875,0.0,0.0,0.0,False,False,0,,,,NONE,False,Green,30.0
344,20.4381,15.5,375,entity_1,vehicle,vehicle.audi.a2,entity_1,61.009,331.442,-0.0073,0.0,0.0,0.0286,61.009,-331.442,-0.000499,0.0,0.0,0.0,0.0,0.0,0.0,0.0,0.0,0.0,0.0,5,0,-1,51.0,Driving,False,0.875,0.0,0.0,0.0,False,False,0,,,,NONE,False,Green,30.0
345,20.4881,15.55,375,entity_1,vehicle,vehicle.audi.a2,entity_1,61.009,331.442,-0.0073,0.0,0.0,0.0286,61.009,-331.442,-0.000499,0.0,0.0,0.0,0.0,0.0,0.0,0.0,0.0,0.0,0.0,5,0,-1,51.0,Driving,False,0.875,0.0,0.0,0.0,False,False,0,,,,NONE,False,Green,30.0
346,20.5381,15.6,375,entity_1,vehicle,vehicle.audi.a2,entity_1,61.009,331.442,-0.0073,0.0,0.0,0.0286,61.009,-331.442,-0.000499,0.0,0.0,0.0,0.0,0.0,0.0,0.0,0.0,0.0,0.0,5,0,-1,51.0,Driving,False,0.875,0.0,0.0,0.0,False,False,0,,,,NONE,False,Green,30.0
347,20.5881,15.65,375,entity_1,vehicle,vehicle.audi.a2,entity_1,61.009,331.442,-0.0073,0.0,0.0,0.0286,61.009,-331.442,-0.000499,0.0,0.0,0.0,0.0,0.0,0.0,0.0,0.0,0.0,0.0,5,0,-1,51.0,Driving,False,0.875,0.0,0.0,0.0,False,False,0,,,,NONE,False,Green,30.0
348,20.6381,15.7,375,entity_1,vehicle,vehicle.audi.a2,entity_1,61.009,331.442,-0.0073,0.0,0.0,0.0286,61.009,-331.442,-0.000499,0.0,0.0,0.0,0.0,0.0,0.0,0.0,0.0,0.0,0.0,5,0,-1,51.0,Driving,False,0.875,0.0,0.0,0.0,False,False,0,,,,NONE,False,Green,30.0
349,20.6881,15.75,375,entity_1,vehicle,vehicle.audi.a2,entity_1,61.009,331.442,-0.0073,0.0,0.0,0.0286,61.009,-331.442,-0.000499,0.0,0.0,0.0,0.0,0.0,0.0,0.0,0.0,0.0,0.0,5,0,-1,51.0,Driving,False,0.875,0.0,0.0,0.0,False,False,0,,,,NONE,False,Green,30.0
350,20.7381,15.8,375,entity_1,vehicle,vehicle.audi.a2,entity_1,61.009,331.442,-0.0073,0.0,0.0,0.0286,61.009,-331.442,-0.000499,0.0,0.0,0.0,0.0,0.0,0.0,0.0,0.0,0.0,0.0,5,0,-1,51.0,Driving,False,0.875,0.0,0.0,0.0,False,False,0,,,,NONE,False,Green,30.0
351,20.7881,15.85,375,entity_1,vehicle,vehicle.audi.a2,entity_1,61.009,331.442,-0.0073,0.0,0.0,0.0286,61.009,-331.442,-0.000499,0.0,0.0,0.0,0.0,0.0,0.0,0.0,0.0,0.0,0.0,5,0,-1,51.0,Driving,False,0.875,0.0,0.0,0.0,False,False,0,,,,NONE,False,Green,30.0
352,20.8381,15.9,375,entity_1,vehicle,vehicle.audi.a2,entity_1,61.009,331.442,-0.0073,0.0,0.0,0.0286,61.009,-331.442,-0.000499,0.0,0.0,0.0,0.0,0.0,0.0,0.0,0.0,0.0,0.0,5,0,-1,51.0,Driving,False,0.875,0.0,0.0,0.0,False,False,0,,,,NONE,False,Green,30.0
353,20.8881,15.95,375,entity_1,vehicle,vehicle.audi.a2,entity_1,61.009,331.442,-0.0073,0.0,0.0,0.0286,61.009,-331.442,-0.000499,0.0,0.0,0.0,0.0,0.0,0.0,0.0,0.0,0.0,0.0,5,0,-1,51.0,Driving,False,0.875,0.0,0.0,0.0,False,False,0,,,,NONE,False,Green,30.0
354,20.9381,16.0,375,entity_1,vehicle,vehicle.audi.a2,entity_1,61.009,331.442,-0.0073,0.0,0.0,0.0286,61.009,-331.442,-0.000499,0.0,0.0,0.0,0.0,0.0,0.0,0.0,0.0,0.0,0.0,5,0,-1,51.0,Driving,False,0.875,0.0,0.0,0.0,False,False,0,,,,NONE,False,Green,30.0
355,20.9881,16.05,375,entity_1,vehicle,vehicle.audi.a2,entity_1,61.009,331.442,-0.0073,0.0,0.0,0.0286,61.009,-331.442,-0.000499,0.0,0.0,0.0,0.0,0.0,0.0,0.0,0.0,0.0,0.0,5,0,-1,51.0,Driving,False,0.875,0.0,0.0,0.0,False,False,0,,,,NONE,False,Green,30.0
356,21.0381,16.1,375,entity_1,vehicle,vehicle.audi.a2,entity_1,61.009,331.442,-0.0073,0.0,0.0,0.0286,61.009,-331.442,-0.000499,0.0,0.0,0.0,0.0,0.0,0.0,0.0,0.0,0.0,0.0,5,0,-1,51.0,Driving,False,0.875,0.0,0.0,0.0,False,False,0,,,,NONE,False,Green,30.0
357,21.0881,16.15,375,entity_1,vehicle,vehicle.audi.a2,entity_1,61.009,331.442,-0.0073,0.0,0.0,0.0286,61.009,-331.442,-0.000499,0.0,0.0,0.0,0.0,0.0,0.0,0.0,0.0,0.0,0.0,5,0,-1,51.0,Driving,False,0.875,0.0,0.0,0.0,False,False,0,,,,NONE,False,Green,30.0
358,21.1381,16.2,375,entity_1,vehicle,vehicle.audi.a2,entity_1,61.009,331.442,-0.0073,0.0,0.0,0.0286,61.009,-331.442,-0.000499,0.0,0.0,0.0,0.0,0.0,0.0,0.0,0.0,0.0,0.0,5,0,-1,51.0,Driving,False,0.875,0.0,0.0,0.0,False,False,0,,,,NONE,False,Green,30.0
359,21.1881,16.25,375,entity_1,vehicle,vehicle.audi.a2,entity_1,61.009,331.442,-0.0073,0.0,0.0,0.0286,61.009,-331.442,-0.000499,0.0,0.0,0.0,0.0,0.0,0.0,0.0,0.0,0.0,0.0,5,0,-1,51.0,Driving,False,0.875,0.0,0.0,0.0,False,False,0,,,,NONE,False,Green,30.0
360,21.2381,16.3,375,entity_1,vehicle,vehicle.audi.a2,entity_1,61.009,331.442,-0.0073,0.0,0.0,0.0286,61.009,-331.442,-0.000499,0.0,0.0,0.0,0.0,0.0,0.0,0.0,0.0,0.0,0.0,5,0,-1,51.0,Driving,False,0.875,0.0,0.0,0.0,False,False,0,,,,NONE,False,Green,30.0
361,21.2881,16.35,375,entity_1,vehicle,vehicle.audi.a2,entity_1,61.009,331.442,-0.0073,0.0,0.0,0.0286,61.009,-331.442,-0.000499,0.0,0.0,0.0,0.0,0.0,0.0,0.0,0.0,0.0,0.0,5,0,-1,51.0,Driving,False,0.875,0.0,0.0,0.0,False,False,0,,,,NONE,False,Green,30.0
362,21.3381,16.4,375,entity_1,vehicle,vehicle.audi.a2,entity_1,61.009,331.442,-0.0073,0.0,0.0,0.0286,61.009,-331.442,-0.000499,0.0,0.0,0.0,0.0,0.0,0.0,0.0,0.0,0.0,0.0,5,0,-1,51.0,Driving,False,0.875,0.0,0.0,0.0,False,False,0,,,,NONE,False,Green,30.0
363,21.3881,16.45,375,entity_1,vehicle,vehicle.audi.a2,entity_1,61.009,331.442,-0.0073,0.0,0.0,0.0286,61.009,-331.442,-0.000499,0.0,0.0,0.0,0.0,0.0,0.0,0.0,0.0,0.0,0.0,5,0,-1,51.0,Driving,False,0.875,0.0,0.0,0.0,False,False,0,,,,NONE,False,Green,30.0
364,21.4381,16.5,375,entity_1,vehicle,vehicle.audi.a2,entity_1,61.009,331.442,-0.0073,0.0,0.0,0.0286,61.009,-331.442,-0.000499,0.0,0.0,0.0,0.0,0.0,0.0,0.0,0.0,0.0,0.0,5,0,-1,51.0,Driving,False,0.875,0.0,0.0,0.0,False,False,0,,,,NONE,False,Green,30.0
365,21.4881,16.55,375,entity_1,vehicle,vehicle.audi.a2,entity_1,61.009,331.442,-0.0073,0.0,0.0,0.0286,61.009,-331.442,-0.000499,0.0,0.0,0.0,0.0,0.0,0.0,0.0,0.0,0.0,0.0,5,0,-1,51.0,Driving,False,0.875,0.0,0.0,0.0,False,False,0,,,,NONE,False,Green,30.0
366,21.5381,16.6,375,entity_1,vehicle,vehicle.audi.a2,entity_1,61.009,331.442,-0.0073,0.0,0.0,0.0286,61.009,-331.442,-0.000499,0.0,0.0,0.0,0.0,0.0,0.0,0.0,0.0,0.0,0.0,5,0,-1,51.0,Driving,False,0.875,0.0,0.0,0.0,False,False,0,,,,NONE,False,Green,30.0
367,21.5881,16.65,375,entity_1,vehicle,vehicle.audi.a2,entity_1,61.009,331.442,-0.0073,0.0,0.0,0.0286,61.009,-331.442,-0.000499,0.0,0.0,0.0,0.0,0.0,0.0,0.0,0.0,0.0,0.0,5,0,-1,51.0,Driving,False,0.875,0.0,0.0,0.0,False,False,0,,,,NONE,False,Green,30.0
368,21.6381,16.7,375,entity_1,vehicle,vehicle.audi.a2,entity_1,61.009,331.442,-0.0073,0.0,0.0,0.0286,61.009,-331.442,-0.000499,0.0,0.0,0.0,0.0,0.0,0.0,0.0,0.0,0.0,0.0,5,0,-1,51.0,Driving,False,0.875,0.0,0.0,0.0,False,False,0,,,,NONE,False,Green,30.0
369,21.6881,16.75,375,entity_1,vehicle,vehicle.audi.a2,entity_1,61.009,331.442,-0.0073,0.0,0.0,0.0286,61.009,-331.442,-0.000499,0.0,0.0,0.0,0.0,0.0,0.0,0.0,0.0,0.0,0.0,5,0,-1,51.0,Driving,False,0.875,0.0,0.0,0.0,False,False,0,,,,NONE,False,Green,30.0
370,21.7381,16.8,375,entity_1,vehicle,vehicle.audi.a2,entity_1,61.009,331.442,-0.0073,0.0,0.0,0.0286,61.009,-331.442,-0.000499,0.0,0.0,0.0,0.0,0.0,0.0,0.0,0.0,0.0,0.0,5,0,-1,51.0,Driving,False,0.875,0.0,0.0,0.0,False,False,0,,,,NONE,False,Green,30.0
371,21.7881,16.85,375,entity_1,vehicle,vehicle.audi.a2,entity_1,61.009,331.442,-0.0073,0.0,0.0,0.0286,61.009,-331.442,-0.000499,0.0,0.0,0.0,0.0,0.0,0.0,0.0,0.0,0.0,0.0,5,0,-1,51.0,Driving,False,0.875,0.0,0.0,0.0,False,False,0,,,,NONE,False,Green,30.0
372,21.8381,16.9,375,entity_1,vehicle,vehicle.audi.a2,entity_1,61.009,331.442,-0.0073,0.0,0.0,0.0286,61.009,-331.442,-0.000499,0.0,0.0,0.0,0.0,0.0,0.0,0.0,0.0,0.0,0.0,5,0,-1,51.0,Driving,False,0.875,0.0,0.0,0.0,False,False,0,,,,NONE,False,Green,30.0
373,21.8881,16.95,375,entity_1,vehicle,vehicle.audi.a2,entity_1,61.009,331.442,-0.0073,0.0,0.0,0.0286,61.009,-331.442,-0.000499,0.0,0.0,0.0,0.0,0.0,0.0,0.0,0.0,0.0,0.0,5,0,-1,51.0,Driving,False,0.875,0.0,0.0,0.0,False,False,0,,,,NONE,False,Green,30.0
374,21.9381,17.0,375,entity_1,vehicle,vehicle.audi.a2,entity_1,61.009,331.442,-0.0073,0.0,0.0,0.0286,61.009,-331.442,-0.000499,0.0,0.0,0.0,0.0,0.0,0.0,0.0,0.0,0.0,0.0,5,0,-1,51.0,Driving,False,0.875,0.0,0.0,0.0,False,False,0,,,,NONE,False,Green,30.0
375,21.9881,17.05,375,entity_1,vehicle,vehicle.audi.a2,entity_1,61.009,331.442,-0.0073,0.0,0.0,0.0286,61.009,-331.442,-0.000499,0.0,0.0,0.0,0.0,0.0,0.0,0.0,0.0,0.0,0.0,5,0,-1,51.0,Driving,False,0.875,0.0,0.0,0.0,False,False,0,,,,NONE,False,Green,30.0
376,22.0381,17.1,375,entity_1,vehicle,vehicle.audi.a2,entity_1,61.009,331.442,-0.0073,0.0,0.0,0.0286,61.009,-331.442,-0.000499,0.0,0.0,0.0,0.0,0.0,0.0,0.0,0.0,0.0,0.0,5,0,-1,51.0,Driving,False,0.875,0.0,0.0,0.0,False,False,0,,,,NONE,False,Green,30.0
377,22.0881,17.15,375,entity_1,vehicle,vehicle.audi.a2,entity_1,61.009,331.442,-0.0073,0.0,0.0,0.0286,61.009,-331.442,-0.000499,0.0,0.0,0.0,0.0,0.0,0.0,0.0,0.0,0.0,0.0,5,0,-1,51.0,Driving,False,0.875,0.0,0.0,0.0,False,False,0,,,,NONE,False,Green,30.0
378,22.1381,17.2,375,entity_1,vehicle,vehicle.audi.a2,entity_1,61.009,331.442,-0.0073,0.0,0.0,0.0286,61.009,-331.442,-0.000499,0.0,0.0,0.0,0.0,0.0,0.0,0.0,0.0,0.0,0.0,5,0,-1,51.0,Driving,False,0.875,0.0,0.0,0.0,False,False,0,,,,NONE,False,Green,30.0
379,22.1881,17.25,375,entity_1,vehicle,vehicle.audi.a2,entity_1,61.009,331.442,-0.0073,0.0,0.0,0.0286,61.009,-331.442,-0.000499,0.0,0.0,0.0,0.0,0.0,0.0,0.0,0.0,0.0,0.0,5,0,-1,51.0,Driving,False,0.875,0.0,0.0,0.0,False,False,0,,,,NONE,False,Green,30.0
380,22.2381,17.3,375,entity_1,vehicle,vehicle.audi.a2,entity_1,61.009,331.442,-0.0073,0.0,0.0,0.0286,61.009,-331.442,-0.000499,0.0,0.0,0.0,0.0,0.0,0.0,0.0,0.0,0.0,0.0,5,0,-1,51.0,Driving,False,0.875,0.0,0.0,0.0,False,False,0,,,,NONE,False,Green,30.0
381,22.2881,17.35,375,entity_1,vehicle,vehicle.audi.a2,entity_1,61.009,331.442,-0.0073,0.0,0.0,0.0286,61.009,-331.442,-0.000499,0.0,0.0,0.0,0.0,0.0,0.0,0.0,0.0,0.0,0.0,5,0,-1,51.0,Driving,False,0.875,0.0,0.0,0.0,False,False,0,,,,NONE,False,Green,30.0
382,22.3381,17.4,375,entity_1,vehicle,vehicle.audi.a2,entity_1,61.009,331.442,-0.0073,0.0,0.0,0.0286,61.009,-331.442,-0.000499,0.0,0.0,0.0,0.0,0.0,0.0,0.0,0.0,0.0,0.0,5,0,-1,51.0,Driving,False,0.875,0.0,0.0,0.0,False,False,0,,,,NONE,False,Green,30.0
383,22.3881,17.45,375,entity_1,vehicle,vehicle.audi.a2,entity_1,61.009,331.442,-0.0073,0.0,0.0,0.0286,61.009,-331.442,-0.000499,0.0,0.0,0.0,0.0,0.0,0.0,0.0,0.0,0.0,0.0,5,0,-1,51.0,Driving,False,0.875,0.0,0.0,0.0,False,False,0,,,,NONE,False,Green,30.0
384,22.4381,17.5,375,entity_1,vehicle,vehicle.audi.a2,entity_1,61.009,331.442,-0.0073,0.0,0.0,0.0286,61.009,-331.442,-0.000499,0.0,0.0,0.0,0.0,0.0,0.0,0.0,0.0,0.0,0.0,5,0,-1,51.0,Driving,False,0.875,0.0,0.0,0.0,False,False,0,,,,NONE,False,Green,30.0
385,22.4881,17.55,375,entity_1,vehicle,vehicle.audi.a2,entity_1,61.009,331.442,-0.0073,0.0,0.0,0.0286,61.009,-331.442,-0.000499,0.0,0.0,0.0,0.0,0.0,0.0,0.0,0.0,0.0,0.0,5,0,-1,51.0,Driving,False,0.875,0.0,0.0,0.0,False,False,0,,,,NONE,False,Green,30.0
386,22.5381,17.6,375,entity_1,vehicle,vehicle.audi.a2,entity_1,61.009,331.442,-0.0073,0.0,0.0,0.0286,61.009,-331.442,-0.000499,0.0,0.0,0.0,0.0,0.0,0.0,0.0,0.0,0.0,0.0,5,0,-1,51.0,Driving,False,0.875,0.0,0.0,0.0,False,False,0,,,,NONE,False,Green,30.0
387,22.5881,17.65,375,entity_1,vehicle,vehicle.audi.a2,entity_1,61.009,331.442,-0.0073,0.0,0.0,0.0286,61.009,-331.442,-0.000499,0.0,0.0,0.0,0.0,0.0,0.0,0.0,0.0,0.0,0.0,5,0,-1,51.0,Driving,False,0.875,0.0,0.0,0.0,False,False,0,,,,NONE,False,Green,30.0
388,22.6381,17.7,375,entity_1,vehicle,vehicle.audi.a2,entity_1,61.009,331.442,-0.0073,0.0,0.0,0.0286,61.009,-331.442,-0.000499,0.0,0.0,0.0,0.0,0.0,0.0,0.0,0.0,0.0,0.0,5,0,-1,51.0,Driving,False,0.875,0.0,0.0,0.0,False,False,0,,,,NONE,False,Green,30.0
389,22.6881,17.75,375,entity_1,vehicle,vehicle.audi.a2,entity_1,61.009,331.442,-0.0073,0.0,0.0,0.0286,61.009,-331.442,-0.000499,0.0,0.0,0.0,0.0,0.0,0.0,0.0,0.0,0.0,0.0,5,0,-1,51.0,Driving,False,0.875,0.0,0.0,0.0,False,False,0,,,,NONE,False,Green,30.0
390,22.7381,17.8,375,entity_1,vehicle,vehicle.audi.a2,entity_1,61.009,331.442,-0.0073,0.0,0.0,0.0286,61.009,-331.442,-0.000499,0.0,0.0,0.0,0.0,0.0,0.0,0.0,0.0,0.0,0.0,5,0,-1,51.0,Driving,False,0.875,0.0,0.0,0.0,False,False,0,,,,NONE,False,Green,30.0
391,22.7881,17.85,375,entity_1,vehicle,vehicle.audi.a2,entity_1,61.009,331.442,-0.0073,0.0,0.0,0.0286,61.009,-331.442,-0.000499,0.0,0.0,0.0,0.0,0.0,0.0,0.0,0.0,0.0,0.0,5,0,-1,51.0,Driving,False,0.875,0.0,0.0,0.0,False,False,0,,,,NONE,False,Green,30.0
392,22.8381,17.9,375,entity_1,vehicle,vehicle.audi.a2,entity_1,61.009,331.442,-0.0073,0.0,0.0,0.0286,61.009,-331.442,-0.000499,0.0,0.0,0.0,0.0,0.0,0.0,0.0,0.0,0.0,0.0,5,0,-1,51.0,Driving,False,0.875,0.0,0.0,0.0,False,False,0,,,,NONE,False,Green,30.0
393,22.8881,17.95,375,entity_1,vehicle,vehicle.audi.a2,entity_1,61.009,331.442,-0.0073,0.0,0.0,0.0286,61.009,-331.442,-0.000499,0.0,0.0,0.0,0.0,0.0,0.0,0.0,0.0,0.0,0.0,5,0,-1,51.0,Driving,False,0.875,0.0,0.0,0.0,False,False,0,,,,NONE,False,Green,30.0
394,22.9381,18.0,375,entity_1,vehicle,vehicle.audi.a2,entity_1,61.009,331.442,-0.0073,0.0,0.0,0.0286,61.009,-331.442,-0.000499,0.0,0.0,0.0,0.0,0.0,0.0,0.0,0.0,0.0,0.0,5,0,-1,51.0,Driving,False,0.875,0.0,0.0,0.0,False,False,0,,,,NONE,False,Green,30.0
395,22.9881,18.05,375,entity_1,vehicle,vehicle.audi.a2,entity_1,61.009,331.442,-0.0073,0.0,0.0,0.0286,61.009,-331.442,-0.000499,0.0,0.0,0.0,0.0,0.0,0.0,0.0,0.0,0.0,0.0,5,0,-1,51.0,Driving,False,0.875,0.0,0.0,0.0,False,False,0,,,,NONE,False,Green,30.0
396,23.0381,18.1,375,entity_1,vehicle,vehicle.audi.a2,entity_1,61.009,331.442,-0.0073,0.0,0.0,0.0286,61.009,-331.442,-0.000499,0.0,0.0,0.0,0.0,0.0,0.0,0.0,0.0,0.0,0.0,5,0,-1,51.0,Driving,False,0.875,0.0,0.0,0.0,False,False,0,,,,NONE,False,Green,30.0
397,23.0881,18.15,375,entity_1,vehicle,vehicle.audi.a2,entity_1,61.009,331.442,-0.0073,0.0,0.0,0.0286,61.009,-331.442,-0.000499,0.0,0.0,0.0,0.0,0.0,0.0,0.0,0.0,0.0,0.0,5,0,-1,51.0,Driving,False,0.875,0.0,0.0,0.0,False,False,0,,,,NONE,False,Green,30.0
398,23.1381,18.2,375,entity_1,vehicle,vehicle.audi.a2,entity_1,61.009,331.442,-0.0073,0.0,0.0,0.0286,61.009,-331.442,-0.000499,0.0,0.0,0.0,0.0,0.0,0.0,0.0,0.0,0.0,0.0,5,0,-1,51.0,Driving,False,0.875,0.0,0.0,0.0,False,False,0,,,,NONE,False,Green,30.0
399,23.1881,18.25,375,entity_1,vehicle,vehicle.audi.a2,entity_1,61.009,331.442,-0.0073,0.0,0.0,0.0286,61.009,-331.442,-0.000499,0.0,0.0,0.0,0.0,0.0,0.0,0.0,0.0,0.0,0.0,5,0,-1,51.0,Driving,False,0.875,0.0,0.0,0.0,False,False,0,,,,NONE,False,Green,30.0
400,23.2381,18.3,375,entity_1,vehicle,vehicle.audi.a2,entity_1,61.009,331.442,-0.0073,0.0,0.0,0.0286,61.009,-331.442,-0.000499,0.0,0.0,0.0,0.0,0.0,0.0,0.0,0.0,0.0,0.0,5,0,-1,51.0,Driving,False,0.875,0.0,0.0,0.0,False,False,0,,,,NONE,False,Green,30.0
401,23.2881,18.35,375,entity_1,vehicle,vehicle.audi.a2,entity_1,61.009,331.442,-0.0073,0.0,0.0,0.0286,61.009,-331.442,-0.000499,0.0,0.0,0.0,0.0,0.0,0.0,0.0,0.0,0.0,0.0,5,0,-1,51.0,Driving,False,0.875,0.0,0.0,0.0,False,False,0,,,,NONE,False,Green,30.0
402,23.3381,18.4,375,entity_1,vehicle,vehicle.audi.a2,entity_1,61.009,331.442,-0.0073,0.0,0.0,0.0286,61.009,-331.442,-0.000499,0.0,0.0,0.0,0.0,0.0,0.0,0.0,0.0,0.0,0.0,5,0,-1,51.0,Driving,False,0.875,0.0,0.0,0.0,False,False,0,,,,NONE,False,Green,30.0
403,23.3881,18.45,375,entity_1,vehicle,vehicle.audi.a2,entity_1,61.009,331.442,-0.0073,0.0,0.0,0.0286,61.009,-331.442,-0.000499,0.0,0.0,0.0,0.0,0.0,0.0,0.0,0.0,0.0,0.0,5,0,-1,51.0,Driving,False,0.875,0.0,0.0,0.0,False,False,0,,,,NONE,False,Green,30.0
404,23.4381,18.5,375,entity_1,vehicle,vehicle.audi.a2,entity_1,61.009,331.442,-0.0073,0.0,0.0,0.0286,61.009,-331.442,-0.000499,0.0,0.0,0.0,0.0,0.0,0.0,0.0,0.0,0.0,0.0,5,0,-1,51.0,Driving,False,0.875,0.0,0.0,0.0,False,False,0,,,,NONE,False,Green,30.0
405,23.4881,18.55,375,entity_1,vehicle,vehicle.audi.a2,entity_1,61.009,331.442,-0.0073,0.0,0.0,0.0286,61.009,-331.442,-0.000499,0.0,0.0,0.0,0.0,0.0,0.0,0.0,0.0,0.0,0.0,5,0,-1,51.0,Driving,False,0.875,0.0,0.0,0.0,False,False,0,,,,NONE,False,Green,30.0
406,23.5381,18.6,375,entity_1,vehicle,vehicle.audi.a2,entity_1,61.009,331.442,-0.0073,0.0,0.0,0.0286,61.009,-331.442,-0.000499,0.0,0.0,0.0,0.0,0.0,0.0,0.0,0.0,0.0,0.0,5,0,-1,51.0,Driving,False,0.875,0.0,0.0,0.0,False,False,0,,,,NONE,False,Green,30.0
407,23.5881,18.65,375,entity_1,vehicle,vehicle.audi.a2,entity_1,61.009,331.442,-0.0073,0.0,0.0,0.0286,61.009,-331.442,-0.000499,0.0,0.0,0.0,0.0,0.0,0.0,0.0,0.0,0.0,0.0,5,0,-1,51.0,Driving,False,0.875,0.0,0.0,0.0,False,False,0,,,,NONE,False,Green,30.0
408,23.6381,18.7,375,entity_1,vehicle,vehicle.audi.a2,entity_1,61.009,331.442,-0.0073,0.0,0.0,0.0286,61.009,-331.442,-0.000499,0.0,0.0,0.0,0.0,0.0,0.0,0.0,0.0,0.0,0.0,5,0,-1,51.0,Driving,False,0.875,0.0,0.0,0.0,False,False,0,,,,NONE,False,Green,30.0
409,23.6881,18.75,375,entity_1,vehicle,vehicle.audi.a2,entity_1,61.009,331.442,-0.0073,0.0,0.0,0.0286,61.009,-331.442,-0.000499,0.0,0.0,0.0,0.0,0.0,0.0,0.0,0.0,0.0,0.0,5,0,-1,51.0,Driving,False,0.875,0.0,0.0,0.0,False,False,0,,,,NONE,False,Green,30.0
410,23.7381,18.8,375,entity_1,vehicle,vehicle.audi.a2,entity_1,61.009,331.442,-0.0073,0.0,0.0,0.0286,61.009,-331.442,-0.000499,0.0,0.0,0.0,0.0,0.0,0.0,0.0,0.0,0.0,0.0,5,0,-1,51.0,Driving,False,0.875,0.0,0.0,0.0,False,False,0,,,,NONE,False,Green,30.0
411,23.7881,18.85,375,entity_1,vehicle,vehicle.audi.a2,entity_1,61.009,331.442,-0.0073,0.0,0.0,0.0286,61.009,-331.442,-0.000499,0.0,0.0,0.0,0.0,0.0,0.0,0.0,0.0,0.0,0.0,5,0,-1,51.0,Driving,False,0.875,0.0,0.0,0.0,False,False,0,,,,NONE,False,Green,30.0
412,23.8381,18.9,375,entity_1,vehicle,vehicle.audi.a2,entity_1,61.009,331.442,-0.0073,0.0,0.0,0.0286,61.009,-331.442,-0.000499,0.0,0.0,0.0,0.0,0.0,0.0,0.0,0.0,0.0,0.0,5,0,-1,51.0,Driving,False,0.875,0.0,0.0,0.0,False,False,0,,,,NONE,False,Green,30.0
413,23.8881,18.95,375,entity_1,vehicle,vehicle.audi.a2,entity_1,61.009,331.442,-0.0073,0.0,0.0,0.0286,61.009,-331.442,-0.000499,0.0,0.0,0.0,0.0,0.0,0.0,0.0,0.0,0.0,0.0,5,0,-1,51.0,Driving,False,0.875,0.0,0.0,0.0,False,False,0,,,,NONE,False,Green,30.0
414,23.9381,19.0,375,entity_1,vehicle,vehicle.audi.a2,entity_1,61.009,331.442,-0.0073,0.0,0.0,0.0286,61.009,-331.442,-0.000499,0.0,0.0,0.0,0.0,0.0,0.0,0.0,0.0,0.0,0.0,5,0,-1,51.0,Driving,False,0.875,0.0,0.0,0.0,False,False,0,,,,NONE,False,Green,30.0
415,23.9881,19.05,375,entity_1,vehicle,vehicle.audi.a2,entity_1,61.009,331.442,-0.0073,0.0,0.0,0.0286,61.009,-331.442,-0.000499,0.0,0.0,0.0,0.0,0.0,0.0,0.0,0.0,0.0,0.0,5,0,-1,51.0,Driving,False,0.875,0.0,0.0,0.0,False,False,0,,,,NONE,False,Green,30.0
416,24.0381,19.1,375,entity_1,vehicle,vehicle.audi.a2,entity_1,61.009,331.442,-0.0073,0.0,0.0,0.0286,61.009,-331.442,-0.000499,0.0,0.0,0.0,0.0,0.0,0.0,0.0,0.0,0.0,0.0,5,0,-1,51.0,Driving,False,0.875,0.0,0.0,0.0,False,False,0,,,,NONE,False,Green,30.0
417,24.0881,19.15,375,entity_1,vehicle,vehicle.audi.a2,entity_1,61.009,331.442,-0.0073,0.0,0.0,0.0286,61.009,-331.442,-0.000499,0.0,0.0,0.0,0.0,0.0,0.0,0.0,0.0,0.0,0.0,5,0,-1,51.0,Driving,False,0.875,0.0,0.0,0.0,False,False,0,,,,NONE,False,Green,30.0
418,24.1381,19.2,375,entity_1,vehicle,vehicle.audi.a2,entity_1,61.009,331.442,-0.0073,0.0,0.0,0.0286,61.009,-331.442,-0.000499,0.0,0.0,0.0,0.0,0.0,0.0,0.0,0.0,0.0,0.0,5,0,-1,51.0,Driving,False,0.875,0.0,0.0,0.0,False,False,0,,,,NONE,False,Green,30.0
419,24.1881,19.25,375,entity_1,vehicle,vehicle.audi.a2,entity_1,61.009,331.442,-0.0073,0.0,0.0,0.0286,61.009,-331.442,-0.000499,0.0,0.0,0.0,0.0,0.0,0.0,0.0,0.0,0.0,0.0,5,0,-1,51.0,Driving,False,0.875,0.0,0.0,0.0,False,False,0,,,,NONE,False,Green,30.0
420,24.2381,19.3,375,entity_1,vehicle,vehicle.audi.a2,entity_1,61.009,331.442,-0.0073,0.0,0.0,0.0286,61.009,-331.442,-0.000499,0.0,0.0,0.0,0.0,0.0,0.0,0.0,0.0,0.0,0.0,5,0,-1,51.0,Driving,False,0.875,0.0,0.0,0.0,False,False,0,,,,NONE,False,Green,30.0
421,24.2881,19.35,375,entity_1,vehicle,vehicle.audi.a2,entity_1,61.009,331.442,-0.0073,0.0,0.0,0.0286,61.009,-331.442,-0.000499,0.0,0.0,0.0,0.0,0.0,0.0,0.0,0.0,0.0,0.0,5,0,-1,51.0,Driving,False,0.875,0.0,0.0,0.0,False,False,0,,,,NONE,False,Green,30.0
422,24.3381,19.4,375,entity_1,vehicle,vehicle.audi.a2,entity_1,61.009,331.442,-0.0073,0.0,0.0,0.0286,61.009,-331.442,-0.000499,0.0,0.0,0.0,0.0,0.0,0.0,0.0,0.0,0.0,0.0,5,0,-1,51.0,Driving,False,0.875,0.0,0.0,0.0,False,False,0,,,,NONE,False,Green,30.0
423,24.3881,19.45,375,entity_1,vehicle,vehicle.audi.a2,entity_1,61.009,331.442,-0.0073,0.0,0.0,0.0286,61.009,-331.442,-0.000499,0.0,0.0,0.0,0.0,0.0,0.0,0.0,0.0,0.0,0.0,5,0,-1,51.0,Driving,False,0.875,0.0,0.0,0.0,False,False,0,,,,NONE,False,Green,30.0
424,24.4381,19.5,375,entity_1,vehicle,vehicle.audi.a2,entity_1,61.009,331.442,-0.0073,0.0,0.0,0.0286,61.009,-331.442,-0.000499,0.0,0.0,0.0,0.0,0.0,0.0,0.0,0.0,0.0,0.0,5,0,-1,51.0,Driving,False,0.875,0.0,0.0,0.0,False,False,0,,,,NONE,False,Green,30.0
425,24.4881,19.55,375,entity_1,vehicle,vehicle.audi.a2,entity_1,61.009,331.442,-0.0073,0.0,0.0,0.0286,61.009,-331.442,-0.000499,0.0,0.0,0.0,0.0,0.0,0.0,0.0,0.0,0.0,0.0,5,0,-1,51.0,Driving,False,0.875,0.0,0.0,0.0,False,False,0,,,,NONE,False,Green,30.0
426,24.5381,19.6,375,entity_1,vehicle,vehicle.audi.a2,entity_1,61.009,331.442,-0.0073,0.0,0.0,0.0286,61.009,-331.442,-0.000499,0.0,0.0,0.0,0.0,0.0,0.0,0.0,0.0,0.0,0.0,5,0,-1,51.0,Driving,False,0.875,0.0,0.0,0.0,False,False,0,,,,NONE,False,Green,30.0
427,24.5881,19.65,375,entity_1,vehicle,vehicle.audi.a2,entity_1,61.009,331.442,-0.0073,0.0,0.0,0.0286,61.009,-331.442,-0.000499,0.0,0.0,0.0,0.0,0.0,0.0,0.0,0.0,0.0,0.0,5,0,-1,51.0,Driving,False,0.875,0.0,0.0,0.0,False,False,0,,,,NONE,False,Green,30.0
428,24.6381,19.7,375,entity_1,vehicle,vehicle.audi.a2,entity_1,61.009,331.442,-0.0073,0.0,0.0,0.0286,61.009,-331.442,-0.000499,0.0,0.0,0.0,0.0,0.0,0.0,0.0,0.0,0.0,0.0,5,0,-1,51.0,Driving,False,0.875,0.0,0.0,0.0,False,False,0,,,,NONE,False,Green,30.0
429,24.6881,19.75,375,entity_1,vehicle,vehicle.audi.a2,entity_1,61.009,331.442,-0.0073,0.0,0.0,0.0286,61.009,-331.442,-0.000499,0.0,0.0,0.0,0.0,0.0,0.0,0.0,0.0,0.0,0.0,5,0,-1,51.0,Driving,False,0.875,0.0,0.0,0.0,False,False,0,,,,NONE,False,Green,30.0
430,24.7381,19.8,375,entity_1,vehicle,vehicle.audi.a2,entity_1,61.009,331.442,-0.0073,0.0,0.0,0.0286,61.009,-331.442,-0.000499,0.0,0.0,0.0,0.0,0.0,0.0,0.0,0.0,0.0,0.0,5,0,-1,51.0,Driving,False,0.875,0.0,0.0,0.0,False,False,0,,,,NONE,False,Green,30.0
431,24.7881,19.85,375,entity_1,vehicle,vehicle.audi.a2,entity_1,61.009,331.442,-0.0073,0.0,0.0,0.0286,61.009,-331.442,-0.000499,0.0,0.0,0.0,0.0,0.0,0.0,0.0,0.0,0.0,0.0,5,0,-1,51.0,Driving,False,0.875,0.0,0.0,0.0,False,False,0,,,,NONE,False,Green,30.0
432,24.8381,19.9,375,entity_1,vehicle,vehicle.audi.a2,entity_1,61.009,331.442,-0.0073,0.0,0.0,0.0286,61.009,-331.442,-0.000499,0.0,0.0,0.0,0.0,0.0,0.0,0.0,0.0,0.0,0.0,5,0,-1,51.0,Driving,False,0.875,0.0,0.0,0.0,False,False,0,,,,NONE,False,Green,30.0
433,24.8881,19.95,375,entity_1,vehicle,vehicle.audi.a2,entity_1,61.009,331.442,-0.0073,0.0,0.0,0.0286,61.009,-331.442,-0.000499,0.0,0.0,0.0,0.0,0.0,0.0,0.0,0.0,0.0,0.0,5,0,-1,51.0,Driving,False,0.875,0.0,0.0,0.0,False,False,0,,,,NONE,False,Green,30.0
434,24.9381,20.0,375,entity_1,vehicle,vehicle.audi.a2,entity_1,61.009,331.442,-0.0073,0.0,0.0,0.0286,61.009,-331.442,-0.000499,0.0,0.0,0.0,0.0,0.0,0.0,0.0,0.0,0.0,0.0,5,0,-1,51.0,Driving,False,0.875,0.0,0.0,0.0,False,False,0,,,,NONE,False,Green,30.0
435,24.9881,20.05,375,entity_1,vehicle,vehicle.audi.a2,entity_1,61.009,331.442,-0.0073,0.0,0.0,0.0286,61.009,-331.442,-0.000499,0.0,0.0,0.0,0.0,0.0,0.0,0.0,0.0,0.0,0.0,5,0,-1,51.0,Driving,False,0.875,0.0,0.0,0.0,False,False,0,,,,NONE,False,Green,30.0
436,25.0381,20.1,375,entity_1,vehicle,vehicle.audi.a2,entity_1,61.009,331.442,-0.0073,0.0,0.0,0.0286,61.009,-331.442,-0.000499,0.0,0.0,0.0,0.0,0.0,0.0,0.0,0.0,0.0,0.0,5,0,-1,51.0,Driving,False,0.875,0.0,0.0,0.0,False,False,0,,,,NONE,False,Green,30.0
437,25.0881,20.15,375,entity_1,vehicle,vehicle.audi.a2,entity_1,61.009,331.442,-0.0073,0.0,0.0,0.0286,61.009,-331.442,-0.000499,0.0,0.0,0.0,0.0,0.0,0.0,0.0,0.0,0.0,0.0,5,0,-1,51.0,Driving,False,0.875,0.0,0.0,0.0,False,False,0,,,,NONE,False,Green,30.0
438,25.1381,20.2,375,entity_1,vehicle,vehicle.audi.a2,entity_1,61.009,331.442,-0.0073,0.0,0.0,0.0286,61.009,-331.442,-0.000499,0.0,0.0,0.0,0.0,0.0,0.0,0.0,0.0,0.0,0.0,5,0,-1,51.0,Driving,False,0.875,0.0,0.0,0.0,False,False,0,,,,NONE,False,Green,30.0
439,25.1881,20.25,375,entity_1,vehicle,vehicle.audi.a2,entity_1,61.009,331.442,-0.0073,0.0,0.0,0.0286,61.009,-331.442,-0.000499,0.0,0.0,0.0,0.0,0.0,0.0,0.0,0.0,0.0,0.0,5,0,-1,51.0,Driving,False,0.875,0.0,0.0,0.0,False,False,0,,,,NONE,False,Green,30.0
440,25.2381,20.3,375,entity_1,vehicle,vehicle.audi.a2,entity_1,61.009,331.442,-0.0073,0.0,0.0,0.0286,61.009,-331.442,-0.000499,0.0,0.0,0.0,0.0,0.0,0.0,0.0,0.0,0.0,0.0,5,0,-1,51.0,Driving,False,0.875,0.0,0.0,0.0,False,False,0,,,,NONE,False,Green,30.0
441,25.2881,20.35,375,entity_1,vehicle,vehicle.audi.a2,entity_1,61.009,331.442,-0.0073,0.0,0.0,0.0286,61.009,-331.442,-0.000499,0.0,0.0,0.0,0.0,0.0,0.0,0.0,0.0,0.0,0.0,5,0,-1,51.0,Driving,False,0.875,0.0,0.0,0.0,False,False,0,,,,NONE,False,Green,30.0
442,25.3381,20.4,375,entity_1,vehicle,vehicle.audi.a2,entity_1,61.009,331.442,-0.0073,0.0,0.0,0.0286,61.009,-331.442,-0.000499,0.0,0.0,0.0,0.0,0.0,0.0,0.0,0.0,0.0,0.0,5,0,-1,51.0,Driving,False,0.875,0.0,0.0,0.0,False,False,0,,,,NONE,False,Green,30.0
443,25.3881,20.45,375,entity_1,vehicle,vehicle.audi.a2,entity_1,61.009,331.442,-0.0073,0.0,0.0,0.0286,61.009,-331.442,-0.000499,0.0,0.0,0.0,0.0,0.0,0.0,0.0,0.0,0.0,0.0,5,0,-1,51.0,Driving,False,0.875,0.0,0.0,0.0,False,False,0,,,,NONE,False,Green,30.0
444,25.4381,20.5,375,entity_1,vehicle,vehicle.audi.a2,entity_1,61.009,331.442,-0.0073,0.0,0.0,0.0286,61.009,-331.442,-0.000499,0.0,0.0,0.0,0.0,0.0,0.0,0.0,0.0,0.0,0.0,5,0,-1,51.0,Driving,False,0.875,0.0,0.0,0.0,False,False,0,,,,NONE,False,Green,30.0
445,25.4881,20.55,375,entity_1,vehicle,vehicle.audi.a2,entity_1,61.009,331.442,-0.0073,0.0,0.0,0.0286,61.009,-331.442,-0.000499,0.0,0.0,0.0,0.0,0.0,0.0,0.0,0.0,0.0,0.0,5,0,-1,51.0,Driving,False,0.875,0.0,0.0,0.0,False,False,0,,,,NONE,False,Green,30.0
446,25.5381,20.6,375,entity_1,vehicle,vehicle.audi.a2,entity_1,61.009,331.442,-0.0073,0.0,0.0,0.0286,61.009,-331.442,-0.000499,0.0,0.0,0.0,0.0,0.0,0.0,0.0,0.0,0.0,0.0,5,0,-1,51.0,Driving,False,0.875,0.0,0.0,0.0,False,False,0,,,,NONE,False,Green,30.0
447,25.5881,20.65,375,entity_1,vehicle,vehicle.audi.a2,entity_1,61.009,331.442,-0.0073,0.0,0.0,0.0286,61.009,-331.442,-0.000499,0.0,0.0,0.0,0.0,0.0,0.0,0.0,0.0,0.0,0.0,5,0,-1,51.0,Driving,False,0.875,0.0,0.0,0.0,False,False,0,,,,NONE,False,Green,30.0
448,25.6381,20.7,375,entity_1,vehicle,vehicle.audi.a2,entity_1,61.009,331.442,-0.0073,0.0,0.0,0.0286,61.009,-331.442,-0.000499,0.0,0.0,0.0,0.0,0.0,0.0,0.0,0.0,0.0,0.0,5,0,-1,51.0,Driving,False,0.875,0.0,0.0,0.0,False,False,0,,,,NONE,False,Green,30.0
449,25.6881,20.75,375,entity_1,vehicle,vehicle.audi.a2,entity_1,61.009,331.442,-0.0073,0.0,0.0,0.0286,61.009,-331.442,-0.000499,0.0,0.0,0.0,0.0,0.0,0.0,0.0,0.0,0.0,0.0,5,0,-1,51.0,Driving,False,0.875,0.0,0.0,0.0,False,False,0,,,,NONE,False,Green,30.0
450,25.7381,20.8,375,entity_1,vehicle,vehicle.audi.a2,entity_1,61.009,331.442,-0.0073,0.0,0.0,0.0286,61.009,-331.442,-0.000499,0.0,0.0,0.0,0.0,0.0,0.0,0.0,0.0,0.0,0.0,5,0,-1,51.0,Driving,False,0.875,0.0,0.0,0.0,False,False,0,,,,NONE,False,Green,30.0
451,25.7881,20.85,375,entity_1,vehicle,vehicle.audi.a2,entity_1,61.009,331.442,-0.0073,0.0,0.0,0.0286,61.009,-331.442,-0.000499,0.0,0.0,0.0,0.0,0.0,0.0,0.0,0.0,0.0,0.0,5,0,-1,51.0,Driving,False,0.875,0.0,0.0,0.0,False,False,0,,,,NONE,False,Green,30.0
452,25.8381,20.9,375,entity_1,vehicle,vehicle.audi.a2,entity_1,61.009,331.442,-0.0073,0.0,0.0,0.0286,61.009,-331.442,-0.000499,0.0,0.0,0.0,0.0,0.0,0.0,0.0,0.0,0.0,0.0,5,0,-1,51.0,Driving,False,0.875,0.0,0.0,0.0,False,False,0,,,,NONE,False,Green,30.0
453,25.8881,20.95,375,entity_1,vehicle,vehicle.audi.a2,entity_1,61.009,331.442,-0.0073,0.0,0.0,0.0286,61.009,-331.442,-0.000499,0.0,0.0,0.0,0.0,0.0,0.0,0.0,0.0,0.0,0.0,5,0,-1,51.0,Driving,False,0.875,0.0,0.0,0.0,False,False,0,,,,NONE,False,Green,30.0
454,25.9381,21.0,375,entity_1,vehicle,vehicle.audi.a2,entity_1,61.009,331.442,-0.0073,0.0,0.0,0.0286,61.009,-331.442,-0.000499,0.0,0.0,0.0,0.0,0.0,0.0,0.0,0.0,0.0,0.0,5,0,-1,51.0,Driving,False,0.875,0.0,0.0,0.0,False,False,0,,,,NONE,False,Green,30.0
455,25.9881,21.05,375,entity_1,vehicle,vehicle.audi.a2,entity_1,61.009,331.442,-0.0073,0.0,0.0,0.0286,61.009,-331.442,-0.000499,0.0,0.0,0.0,0.0,0.0,0.0,0.0,0.0,0.0,0.0,5,0,-1,51.0,Driving,False,0.875,0.0,0.0,0.0,False,False,0,,,,NONE,False,Green,30.0
456,26.0381,21.1,375,entity_1,vehicle,vehicle.audi.a2,entity_1,61.009,331.442,-0.0073,0.0,0.0,0.0286,61.009,-331.442,-0.000499,0.0,0.0,0.0,0.0,0.0,0.0,0.0,0.0,0.0,0.0,5,0,-1,51.0,Driving,False,0.875,0.0,0.0,0.0,False,False,0,,,,NONE,False,Green,30.0
457,26.0881,21.15,375,entity_1,vehicle,vehicle.audi.a2,entity_1,61.009,331.442,-0.0073,0.0,0.0,0.0286,61.009,-331.442,-0.000499,0.0,0.0,0.0,0.0,0.0,0.0,0.0,0.0,0.0,0.0,5,0,-1,51.0,Driving,False,0.875,0.0,0.0,0.0,False,False,0,,,,NONE,False,Green,30.0
458,26.1381,21.2,375,entity_1,vehicle,vehicle.audi.a2,entity_1,61.009,331.442,-0.0073,0.0,0.0,0.0286,61.009,-331.442,-0.000499,0.0,0.0,0.0,0.0,0.0,0.0,0.0,0.0,0.0,0.0,5,0,-1,51.0,Driving,False,0.875,0.0,0.0,0.0,False,False,0,,,,NONE,False,Green,30.0
459,26.1881,21.25,375,entity_1,vehicle,vehicle.audi.a2,entity_1,61.009,331.442,-0.0073,0.0,0.0,0.0286,61.009,-331.442,-0.000499,0.0,0.0,0.0,0.0,0.0,0.0,0.0,0.0,0.0,0.0,5,0,-1,51.0,Driving,False,0.875,0.0,0.0,0.0,False,False,0,,,,NONE,False,Green,30.0
460,26.2381,21.3,375,entity_1,vehicle,vehicle.audi.a2,entity_1,61.009,331.442,-0.0073,0.0,0.0,0.0286,61.009,-331.442,-0.000499,0.0,0.0,0.0,0.0,0.0,0.0,0.0,0.0,0.0,0.0,5,0,-1,51.0,Driving,False,0.875,0.0,0.0,0.0,False,False,0,,,,NONE,False,Green,30.0
461,26.2881,21.35,375,entity_1,vehicle,vehicle.audi.a2,entity_1,61.009,331.442,-0.0073,0.0,0.0,0.0286,61.009,-331.442,-0.000499,0.0,0.0,0.0,0.0,0.0,0.0,0.0,0.0,0.0,0.0,5,0,-1,51.0,Driving,False,0.875,0.0,0.0,0.0,False,False,0,,,,NONE,False,Green,30.0
462,26.3381,21.4,375,entity_1,vehicle,vehicle.audi.a2,entity_1,61.009,331.442,-0.0073,0.0,0.0,0.0286,61.009,-331.442,-0.000499,0.0,0.0,0.0,0.0,0.0,0.0,0.0,0.0,0.0,0.0,5,0,-1,51.0,Driving,False,0.875,0.0,0.0,0.0,False,False,0,,,,NONE,False,Green,30.0
463,26.3881,21.45,375,entity_1,vehicle,vehicle.audi.a2,entity_1,61.009,331.442,-0.0073,0.0,0.0,0.0286,61.009,-331.442,-0.000499,0.0,0.0,0.0,0.0,0.0,0.0,0.0,0.0,0.0,0.0,5,0,-1,51.0,Driving,False,0.875,0.0,0.0,0.0,False,False,0,,,,NONE,False,Green,30.0
464,26.4381,21.5,375,entity_1,vehicle,vehicle.audi.a2,entity_1,61.009,331.442,-0.0073,0.0,0.0,0.0286,61.009,-331.442,-0.000499,0.0,0.0,0.0,0.0,0.0,0.0,0.0,0.0,0.0,0.0,5,0,-1,51.0,Driving,False,0.875,0.0,0.0,0.0,False,False,0,,,,NONE,False,Green,30.0
465,26.4881,21.55,375,entity_1,vehicle,vehicle.audi.a2,entity_1,61.009,331.442,-0.0073,0.0,0.0,0.0286,61.009,-331.442,-0.000499,0.0,0.0,0.0,0.0,0.0,0.0,0.0,0.0,0.0,0.0,5,0,-1,51.0,Driving,False,0.875,0.0,0.0,0.0,False,False,0,,,,NONE,False,Green,30.0
466,26.5381,21.6,375,entity_1,vehicle,vehicle.audi.a2,entity_1,61.009,331.442,-0.0073,0.0,0.0,0.0286,61.009,-331.442,-0.000499,0.0,0.0,0.0,0.0,0.0,0.0,0.0,0.0,0.0,0.0,5,0,-1,51.0,Driving,False,0.875,0.0,0.0,0.0,False,False,0,,,,NONE,False,Green,30.0
467,26.5881,21.65,375,entity_1,vehicle,vehicle.audi.a2,entity_1,61.009,331.442,-0.0073,0.0,0.0,0.0286,61.009,-331.442,-0.000499,0.0,0.0,0.0,0.0,0.0,0.0,0.0,0.0,0.0,0.0,5,0,-1,51.0,Driving,False,0.875,0.0,0.0,0.0,False,False,0,,,,NONE,False,Green,30.0
468,26.6381,21.7,375,entity_1,vehicle,vehicle.audi.a2,entity_1,61.009,331.442,-0.0073,0.0,0.0,0.0286,61.009,-331.442,-0.000499,0.0,0.0,0.0,0.0,0.0,0.0,0.0,0.0,0.0,0.0,5,0,-1,51.0,Driving,False,0.875,0.0,0.0,0.0,False,False,0,,,,NONE,False,Green,30.0
469,26.6881,21.75,375,entity_1,vehicle,vehicle.audi.a2,entity_1,61.009,331.442,-0.0073,0.0,0.0,0.0286,61.009,-331.442,-0.000499,0.0,0.0,0.0,0.0,0.0,0.0,0.0,0.0,0.0,0.0,5,0,-1,51.0,Driving,False,0.875,0.0,0.0,0.0,False,False,0,,,,NONE,False,Green,30.0
470,26.7381,21.8,375,entity_1,vehicle,vehicle.audi.a2,entity_1,61.009,331.442,-0.0073,0.0,0.0,0.0286,61.009,-331.442,-0.000499,0.0,0.0,0.0,0.0,0.0,0.0,0.0,0.0,0.0,0.0,5,0,-1,51.0,Driving,False,0.875,0.0,0.0,0.0,False,False,0,,,,NONE,False,Green,30.0
471,26.7881,21.85,375,entity_1,vehicle,vehicle.audi.a2,entity_1,61.009,331.442,-0.0073,0.0,0.0,0.0286,61.009,-331.442,-0.000499,0.0,0.0,0.0,0.0,0.0,0.0,0.0,0.0,0.0,0.0,5,0,-1,51.0,Driving,False,0.875,0.0,0.0,0.0,False,False,0,,,,NONE,False,Green,30.0
472,26.8381,21.9,375,entity_1,vehicle,vehicle.audi.a2,entity_1,61.009,331.442,-0.0073,0.0,0.0,0.0286,61.009,-331.442,-0.000499,0.0,0.0,0.0,0.0,0.0,0.0,0.0,0.0,0.0,0.0,5,0,-1,51.0,Driving,False,0.875,0.0,0.0,0.0,False,False,0,,,,NONE,False,Green,30.0
473,26.8881,21.95,375,entity_1,vehicle,vehicle.audi.a2,entity_1,61.009,331.442,-0.0073,0.0,0.0,0.0286,61.009,-331.442,-0.000499,0.0,0.0,0.0,0.0,0.0,0.0,0.0,0.0,0.0,0.0,5,0,-1,51.0,Driving,False,0.875,0.0,0.0,0.0,False,False,0,,,,NONE,False,Green,30.0
474,26.9381,22.0,375,entity_1,vehicle,vehicle.audi.a2,entity_1,61.009,331.442,-0.0073,0.0,0.0,0.0286,61.009,-331.442,-0.000499,0.0,0.0,0.0,0.0,0.0,0.0,0.0,0.0,0.0,0.0,5,0,-1,51.0,Driving,False,0.875,0.0,0.0,0.0,False,False,0,,,,NONE,False,Green,30.0
475,26.9881,22.05,375,entity_1,vehicle,vehicle.audi.a2,entity_1,61.009,331.442,-0.0073,0.0,0.0,0.0286,61.009,-331.442,-0.000499,0.0,0.0,0.0,0.0,0.0,0.0,0.0,0.0,0.0,0.0,5,0,-1,51.0,Driving,False,0.875,0.0,0.0,0.0,False,False,0,,,,NONE,False,Green,30.0
476,27.0381,22.1,375,entity_1,vehicle,vehicle.audi.a2,entity_1,61.009,331.442,-0.0073,0.0,0.0,0.0286,61.009,-331.442,-0.000499,0.0,0.0,0.0,0.0,0.0,0.0,0.0,0.0,0.0,0.0,5,0,-1,51.0,Driving,False,0.875,0.0,0.0,0.0,False,False,0,,,,NONE,False,Green,30.0
477,27.0881,22.15,375,entity_1,vehicle,vehicle.audi.a2,entity_1,61.009,331.442,-0.0073,0.0,0.0,0.0286,61.009,-331.442,-0.000499,0.0,0.0,0.0,0.0,0.0,0.0,0.0,0.0,0.0,0.0,5,0,-1,51.0,Driving,False,0.875,0.0,0.0,0.0,False,False,0,,,,NONE,False,Green,30.0
478,27.1381,22.2,375,entity_1,vehicle,vehicle.audi.a2,entity_1,61.009,331.442,-0.0073,0.0,0.0,0.0286,61.009,-331.442,-0.000499,0.0,0.0,0.0,0.0,0.0,0.0,0.0,0.0,0.0,0.0,5,0,-1,51.0,Driving,False,0.875,0.0,0.0,0.0,False,False,0,,,,NONE,False,Green,30.0
479,27.1881,22.25,375,entity_1,vehicle,vehicle.audi.a2,entity_1,61.009,331.442,-0.0073,0.0,0.0,0.0286,61.009,-331.442,-0.000499,0.0,0.0,0.0,0.0,0.0,0.0,0.0,0.0,0.0,0.0,5,0,-1,51.0,Driving,False,0.875,0.0,0.0,0.0,False,False,0,,,,NONE,False,Green,30.0
480,27.2381,22.3,375,entity_1,vehicle,vehicle.audi.a2,entity_1,61.009,331.442,-0.0073,0.0,0.0,0.0286,61.009,-331.442,-0.000499,0.0,0.0,0.0,0.0,0.0,0.0,0.0,0.0,0.0,0.0,5,0,-1,51.0,Driving,False,0.875,0.0,0.0,0.0,False,False,0,,,,NONE,False,Green,30.0
481,27.2881,22.35,375,entity_1,vehicle,vehicle.audi.a2,entity_1,61.009,331.442,-0.0073,0.0,0.0,0.0286,61.009,-331.442,-0.000499,0.0,0.0,0.0,0.0,0.0,0.0,0.0,0.0,0.0,0.0,5,0,-1,51.0,Driving,False,0.875,0.0,0.0,0.0,False,False,0,,,,NONE,False,Green,30.0
482,27.3381,22.4,375,entity_1,vehicle,vehicle.audi.a2,entity_1,61.009,331.442,-0.0073,0.0,0.0,0.0286,61.009,-331.442,-0.000499,0.0,0.0,0.0,0.0,0.0,0.0,0.0,0.0,0.0,0.0,5,0,-1,51.0,Driving,False,0.875,0.0,0.0,0.0,False,False,0,,,,NONE,False,Green,30.0
483,27.3881,22.45,375,entity_1,vehicle,vehicle.audi.a2,entity_1,61.009,331.442,-0.0073,0.0,0.0,0.0286,61.009,-331.442,-0.000499,0.0,0.0,0.0,0.0,0.0,0.0,0.0,0.0,0.0,0.0,5,0,-1,51.0,Driving,False,0.875,0.0,0.0,0.0,False,False,0,,,,NONE,False,Green,30.0
484,27.4381,22.5,375,entity_1,vehicle,vehicle.audi.a2,entity_1,61.009,331.442,-0.0073,0.0,0.0,0.0286,61.009,-331.442,-0.000499,0.0,0.0,0.0,0.0,0.0,0.0,0.0,0.0,0.0,0.0,5,0,-1,51.0,Driving,False,0.875,0.0,0.0,0.0,False,False,0,,,,NONE,False,Green,30.0
485,27.4881,22.55,375,entity_1,vehicle,vehicle.audi.a2,entity_1,61.009,331.442,-0.0073,0.0,0.0,0.0286,61.009,-331.442,-0.000499,0.0,0.0,0.0,0.0,0.0,0.0,0.0,0.0,0.0,0.0,5,0,-1,51.0,Driving,False,0.875,0.0,0.0,0.0,False,False,0,,,,NONE,False,Green,30.0
486,27.5381,22.6,375,entity_1,vehicle,vehicle.audi.a2,entity_1,61.009,331.442,-0.0073,0.0,0.0,0.0286,61.009,-331.442,-0.000499,0.0,0.0,0.0,0.0,0.0,0.0,0.0,0.0,0.0,0.0,5,0,-1,51.0,Driving,False,0.875,0.0,0.0,0.0,False,False,0,,,,NONE,False,Green,30.0
487,27.5881,22.65,375,entity_1,vehicle,vehicle.audi.a2,entity_1,61.009,331.442,-0.0073,0.0,0.0,0.0286,61.009,-331.442,-0.000499,0.0,0.0,0.0,0.0,0.0,0.0,0.0,0.0,0.0,0.0,5,0,-1,51.0,Driving,False,0.875,0.0,0.0,0.0,False,False,0,,,,NONE,False,Green,30.0
488,27.6381,22.7,375,entity_1,vehicle,vehicle.audi.a2,entity_1,61.009,331.442,-0.0073,0.0,0.0,0.0286,61.009,-331.442,-0.000499,0.0,0.0,0.0,0.0,0.0,0.0,0.0,0.0,0.0,0.0,5,0,-1,51.0,Driving,False,0.875,0.0,0.0,0.0,False,False,0,,,,NONE,False,Green,30.0
489,27.6881,22.75,375,entity_1,vehicle,vehicle.audi.a2,entity_1,61.009,331.442,-0.0073,0.0,0.0,0.0286,61.009,-331.442,-0.000499,0.0,0.0,0.0,0.0,0.0,0.0,0.0,0.0,0.0,0.0,5,0,-1,51.0,Driving,False,0.875,0.0,0.0,0.0,False,False,0,,,,NONE,False,Green,30.0
490,27.7381,22.8,375,entity_1,vehicle,vehicle.audi.a2,entity_1,61.009,331.442,-0.0073,0.0,0.0,0.0286,61.009,-331.442,-0.000499,0.0,0.0,0.0,0.0,0.0,0.0,0.0,0.0,0.0,0.0,5,0,-1,51.0,Driving,False,0.875,0.0,0.0,0.0,False,False,0,,,,NONE,False,Green,30.0
491,27.7881,22.85,375,entity_1,vehicle,vehicle.audi.a2,entity_1,61.009,331.442,-0.0073,0.0,0.0,0.0286,61.009,-331.442,-0.000499,0.0,0.0,0.0,0.0,0.0,0.0,0.0,0.0,0.0,0.0,5,0,-1,51.0,Driving,False,0.875,0.0,0.0,0.0,False,False,0,,,,NONE,False,Green,30.0
492,27.8381,22.9,375,entity_1,vehicle,vehicle.audi.a2,entity_1,61.009,331.442,-0.0073,0.0,0.0,0.0286,61.009,-331.442,-0.000499,0.0,0.0,0.0,0.0,0.0,0.0,0.0,0.0,0.0,0.0,5,0,-1,51.0,Driving,False,0.875,0.0,0.0,0.0,False,False,0,,,,NONE,False,Green,30.0
493,27.8881,22.95,375,entity_1,vehicle,vehicle.audi.a2,entity_1,61.009,331.442,-0.0073,0.0,0.0,0.0286,61.009,-331.442,-0.000499,0.0,0.0,0.0,0.0,0.0,0.0,0.0,0.0,0.0,0.0,5,0,-1,51.0,Driving,False,0.875,0.0,0.0,0.0,False,False,0,,,,NONE,False,Green,30.0
494,27.9381,23.0,375,entity_1,vehicle,vehicle.audi.a2,entity_1,61.009,331.442,-0.0073,0.0,0.0,0.0286,61.009,-331.442,-0.000499,0.0,0.0,0.0,0.0,0.0,0.0,0.0,0.0,0.0,0.0,5,0,-1,51.0,Driving,False,0.875,0.0,0.0,0.0,False,False,0,,,,NONE,False,Green,30.0
495,27.9881,23.05,375,entity_1,vehicle,vehicle.audi.a2,entity_1,61.009,331.442,-0.0073,0.0,0.0,0.0286,61.009,-331.442,-0.000499,0.0,0.0,0.0,0.0,0.0,0.0,0.0,0.0,0.0,0.0,5,0,-1,51.0,Driving,False,0.875,0.0,0.0,0.0,False,False,0,,,,NONE,False,Green,30.0
496,28.0381,23.1,375,entity_1,vehicle,vehicle.audi.a2,entity_1,61.009,331.442,-0.0073,0.0,0.0,0.0286,61.009,-331.442,-0.000499,0.0,0.0,0.0,0.0,0.0,0.0,0.0,0.0,0.0,0.0,5,0,-1,51.0,Driving,False,0.875,0.0,0.0,0.0,False,False,0,,,,NONE,False,Green,30.0
497,28.0881,23.15,375,entity_1,vehicle,vehicle.audi.a2,entity_1,61.009,331.442,-0.0073,0.0,0.0,0.0286,61.009,-331.442,-0.000499,0.0,0.0,0.0,0.0,0.0,0.0,0.0,0.0,0.0,0.0,5,0,-1,51.0,Driving,False,0.875,0.0,0.0,0.0,False,False,0,,,,NONE,False,Green,30.0
498,28.1381,23.2,375,entity_1,vehicle,vehicle.audi.a2,entity_1,61.009,331.442,-0.0073,0.0,0.0,0.0286,61.009,-331.442,-0.000499,0.0,0.0,0.0,0.0,0.0,0.0,0.0,0.0,0.0,0.0,5,0,-1,51.0,Driving,False,0.875,0.0,0.0,0.0,False,False,0,,,,NONE,False,Green,30.0
499,28.1881,23.25,375,entity_1,vehicle,vehicle.audi.a2,entity_1,61.009,331.442,-0.0073,0.0,0.0,0.0286,61.009,-331.442,-0.000499,0.0,0.0,0.0,0.0,0.0,0.0,0.0,0.0,0.0,0.0,5,0,-1,51.0,Driving,False,0.875,0.0,0.0,0.0,False,False,0,,,,NONE,False,Green,30.0
500,28.2381,23.3,375,entity_1,vehicle,vehicle.audi.a2,entity_1,61.009,331.442,-0.0073,0.0,0.0,0.0286,61.009,-331.442,-0.000499,0.0,0.0,0.0,0.0,0.0,0.0,0.0,0.0,0.0,0.0,5,0,-1,51.0,Driving,False,0.875,0.0,0.0,0.0,False,False,0,,,,NONE,False,Green,30.0
501,28.2881,23.35,375,entity_1,vehicle,vehicle.audi.a2,entity_1,61.009,331.442,-0.0073,0.0,0.0,0.0286,61.009,-331.442,-0.000499,0.0,0.0,0.0,0.0,0.0,0.0,0.0,0.0,0.0,0.0,5,0,-1,51.0,Driving,False,0.875,0.0,0.0,0.0,False,False,0,,,,NONE,False,Green,30.0
502,28.3381,23.4,375,entity_1,vehicle,vehicle.audi.a2,entity_1,61.009,331.442,-0.0073,0.0,0.0,0.0286,61.009,-331.442,-0.000499,0.0,0.0,0.0,0.0,0.0,0.0,0.0,0.0,0.0,0.0,5,0,-1,51.0,Driving,False,0.875,0.0,0.0,0.0,False,False,0,,,,NONE,False,Green,30.0
503,28.3881,23.45,375,entity_1,vehicle,vehicle.audi.a2,entity_1,61.009,331.442,-0.0073,0.0,0.0,0.0286,61.009,-331.442,-0.000499,0.0,0.0,0.0,0.0,0.0,0.0,0.0,0.0,0.0,0.0,5,0,-1,51.0,Driving,False,0.875,0.0,0.0,0.0,False,False,0,,,,NONE,False,Green,30.0
504,28.4381,23.5,375,entity_1,vehicle,vehicle.audi.a2,entity_1,61.009,331.442,-0.0073,0.0,0.0,0.0286,61.009,-331.442,-0.000499,0.0,0.0,0.0,0.0,0.0,0.0,0.0,0.0,0.0,0.0,5,0,-1,51.0,Driving,False,0.875,0.0,0.0,0.0,False,False,0,,,,NONE,False,Green,30.0
505,28.4881,23.55,375,entity_1,vehicle,vehicle.audi.a2,entity_1,61.009,331.442,-0.0073,0.0,0.0,0.0286,61.009,-331.442,-0.000499,0.0,0.0,0.0,0.0,0.0,0.0,0.0,0.0,0.0,0.0,5,0,-1,51.0,Driving,False,0.875,0.0,0.0,0.0,False,False,0,,,,NONE,False,Green,30.0
506,28.5381,23.6,375,entity_1,vehicle,vehicle.audi.a2,entity_1,61.009,331.442,-0.0073,0.0,0.0,0.0286,61.009,-331.442,-0.000499,0.0,0.0,0.0,0.0,0.0,0.0,0.0,0.0,0.0,0.0,5,0,-1,51.0,Driving,False,0.875,0.0,0.0,0.0,False,False,0,,,,NONE,False,Green,30.0
507,28.5881,23.65,375,entity_1,vehicle,vehicle.audi.a2,entity_1,61.009,331.442,-0.0073,0.0,0.0,0.0286,61.009,-331.442,-0.000499,0.0,0.0,0.0,0.0,0.0,0.0,0.0,0.0,0.0,0.0,5,0,-1,51.0,Driving,False,0.875,0.0,0.0,0.0,False,False,0,,,,NONE,False,Green,30.0
508,28.6381,23.7,375,entity_1,vehicle,vehicle.audi.a2,entity_1,61.009,331.442,-0.0073,0.0,0.0,0.0286,61.009,-331.442,-0.000499,0.0,0.0,0.0,0.0,0.0,0.0,0.0,0.0,0.0,0.0,5,0,-1,51.0,Driving,False,0.875,0.0,0.0,0.0,False,False,0,,,,NONE,False,Green,30.0
509,28.6881,23.75,375,entity_1,vehicle,vehicle.audi.a2,entity_1,61.009,331.442,-0.0073,0.0,0.0,0.0286,61.009,-331.442,-0.000499,0.0,0.0,0.0,0.0,0.0,0.0,0.0,0.0,0.0,0.0,5,0,-1,51.0,Driving,False,0.875,0.0,0.0,0.0,False,False,0,,,,NONE,False,Green,30.0
510,28.7381,23.8,375,entity_1,vehicle,vehicle.audi.a2,entity_1,61.009,331.442,-0.0073,0.0,0.0,0.0286,61.009,-331.442,-0.000499,0.0,0.0,0.0,0.0,0.0,0.0,0.0,0.0,0.0,0.0,5,0,-1,51.0,Driving,False,0.875,0.0,0.0,0.0,False,False,0,,,,NONE,False,Green,30.0
511,28.7881,23.85,375,entity_1,vehicle,vehicle.audi.a2,entity_1,61.009,331.442,-0.0073,0.0,0.0,0.0286,61.009,-331.442,-0.000499,0.0,0.0,0.0,0.0,0.0,0.0,0.0,0.0,0.0,0.0,5,0,-1,51.0,Driving,False,0.875,0.0,0.0,0.0,False,False,0,,,,NONE,False,Green,30.0
