frame,sim_time,t_rel,actor_id,name,category,type_id,role_name,x,y,z,roll,pitch,yaw,x_odr,y_odr,heading_odr_rad,vx,vy,vz,speed_mps,ax,ay,az,wx_dps,wy_dps,wz_dps,road_id,section_id,lane_id,s,lane_type,is_junction,lateral_offset_m,throttle,steer,brake,hand_brake,reverse,gear,walker_dir_x,walker_dir_y,walker_speed,light_state,at_traffic_light,traffic_light_state,speed_limit_kmh
34,4.9381,0.0,372,Vehicle 3,vehicle,vehicle.tesla.model3,hero_2,17.009,330.5433,0.0013,-0.0019,0.0009,0.0314,17.009,-330.5433,-0.000548,0.0,0.0001,0.0035,0.0035,-0.0,-0.0006,-0.0342,-0.0121,0.0054,0.0,5,0,-1,7.0,Driving,False,-0.0,0.0,0.0,0.0,False,False,0,,,,NONE,False,Green,30.0
35,4.9881,0.05,372,Vehicle 3,vehicle,vehicle.tesla.model3,hero_2,17.009,330.5433,0.0014,-0.0014,0.0007,0.0314,17.009,-330.5433,-0.000548,0.0,0.0001,0.0023,0.0023,-0.0,-0.0005,-0.0231,-0.0089,0.004,0.0,5,0,-1,7.0,Driving,False,-0.0,0.0,0.0,0.0,False,False,0,,,,NONE,False,Green,30.0
36,5.0381,0.1,372,Vehicle 3,vehicle,vehicle.tesla.model3,hero_2,17.009,330.5433,0.0014,-0.0014,0.0007,0.0314,17.009,-330.5433,-0.000548,0.0,0.0,0.0,0.0,-0.0001,-0.0013,-0.046,0.0,0.0,0.0,5,0,-1,7.0,Driving,False,-0.0,0.0,0.0,0.0,False,False,0,,,,NONE,False,Green,30.0
37,5.0881,0.15,372,Vehicle 3,vehicle,vehicle.tesla.model3,hero_2,17.009,330.5433,0.0014,-0.0014,0.0007,0.0314,17.009,-330.5433,-0.000548,0.0,0.0,0.0,0.0,0.0,0.0,0.0,0.0,0.0,0.0,5,0,-1,7.0,Driving,False,-0.0,0.0,0.0,0.0,False,False,0,,,,NONE,False,Green,30.0
38,5.1381,0.2,372,Vehicle 3,vehicle,vehicle.tesla.model3,hero_2,17.009,330.5433,0.0014,-0.0014,0.0007,0.0314,17.009,-330.5433,-0.000548,0.0,0.0,0.0,0.0,0.0,0.0,0.0,0.0,0.0,0.0,5,0,-1,7.0,Driving,False,-0.0,0.0,0.0,0.0,False,False,0,,,,NONE,False,Green,30.0
39,5.1881,0.25,372,Vehicle 3,vehicle,vehicle.tesla.model3,hero_2,17.009,330.5433,0.0013,-0.0011,0.0005,0.0314,17.009,-330.5433,-0.000548,0.0,0.0,-0.0019,0.0019,0.0,0.0,-0.0387,-0.0042,0.0019,-0.0,5,0,-1,7.0,Driving,False,-0.0,0.0,-0.009,0.946,False,False,0,,,,NONE,False,Green,30.0
40,5.2381,0.3,372,Vehicle 3,vehicle,vehicle.tesla.model3,hero_2,17.009,330.5433,0.0012,-0.0009,0.0004,0.0314,17.009,-330.5433,-0.000548,0.0,0.0,0.0004,0.0004,0.0,-0.0,0.0476,-0.0045,0.0021,-0.0,5,0,-1,7.0,Driving,False,-0.0,0.0,-0.009,0.946,False,False,0,,,,NONE,False,Green,30.0
41,5.2881,0.35,372,Vehicle 3,vehicle,vehicle.tesla.model3,hero_2,17.009,330.5433,0.0013,-0.0007,0.0003,0.0314,17.009,-330.5433,-0.000548,0.0,0.0,0.0013,0.0013,-0.0,-0.0,0.0176,-0.0038,0.0017,-0.0,5,0,-1,7.0,Driving,False,-0.0,0.0,-0.009,0.946,False,False,0,,,,NONE,False,Green,30.0
42,5.3381,0.4,372,Vehicle 3,vehicle,vehicle.tesla.model3,hero_2,17.009,330.5433,0.0014,-0.0005,0.0002,0.0314,17.009,-330.5433,-0.000548,0.0,0.0,0.0015,0.0015,-0.0,-0.0,0.0032,-0.003,0.0014,-0.0,5,0,-1,7.0,Driving,False,-0.0,0.0,-0.009,0.946,False,False,0,,,,NONE,False,Green,30.0
43,5.3881,0.45,372,Vehicle 3,vehicle,vehicle.tesla.model3,hero_2,17.009,330.5433,0.0014,-0.0004,0.0002,0.0314,17.009,-330.5433,-0.000548,0.0,0.0,0.0013,0.0013,-0.0,0.0,-0.0028,-0.0023,0.0011,-0.0,5,0,-1,7.0,Driving,False,-0.0,0.0,-0.008,0.972,False,False,0,,,,NONE,False,Green,30.0
44,5.4381,0.5,372,Vehicle 3,vehicle,vehicle.tesla.model3,hero_2,17.009,330.5433,0.0015,-0.0004,0.0002,0.0314,17.009,-330.5433,-0.000548,0.0,0.0,0.0011,0.0011,-0.0,0.0,-0.0048,-0.0018,0.0008,-0.0,5,0,-1,7.0,Driving,False,-0.0,0.0,-0.008,0.972,False,False,0,,,,NONE,False,Green,30.0
45,5.4881,0.55,372,Vehicle 3,vehicle,vehicle.tesla.model3,hero_2,17.009,330.5433,0.0016,-0.0002,0.0001,0.0314,17.009,-330.5433,-0.000548,0.0,-0.0,0.0009,0.0009,-0.0,-0.0,-0.005,-0.0013,0.0006,-0.0,5,0,-1,7.0,Driving,False,-0.0,0.0,-0.008,0.972,False,False,0,,,,NONE,False,Green,30.0
46,5.5381,0.6,372,Vehicle 3,vehicle,vehicle.tesla.model3,hero_2,17.009,330.5433,0.0016,-0.0002,0.0001,0.0314,17.009,-330.5433,-0.000548,0.0,0.0,0.0006,0.0006,-0.0,0.0,-0.0043,-0.001,0.0004,-0.0,5,0,-1,7.0,Driving,False,-0.0,0.0,-0.008,0.972,False,False,0,,,,NONE,False,Green,30.0
47,5.5881,0.65,372,Vehicle 3,vehicle,vehicle.tesla.model3,hero_2,17.009,330.5433,0.0016,-0.0002,0.0001,0.0314,17.009,-330.5433,-0.000548,0.0,0.0,0.0002,0.0002,-0.0,0.0,-0.0086,-0.0004,0.0002,-0.0,5,0,-1,7.0,Driving,False,-0.0,0.0,-0.01,0.937,False,False,0,,,,NONE,False,Green,30.0
48,5.6381,0.7,372,Vehicle 3,vehicle,vehicle.tesla.model3,hero_2,17.009,330.5433,0.0016,-0.0001,0.0001,0.0314,17.009,-330.5433,-0.000548,0.0,-0.0,0.0003,0.0003,0.0,-0.0,0.0015,-0.0005,0.0003,-0.0,5,0,-1,7.0,Driving,False,-0.0,0.0,-0.01,0.937,False,False,0,,,,NONE,False,Green,30.0
49,5.6881,0.75,372,Vehicle 3,vehicle,vehicle.tesla.model3,hero_2,17.009,330.5433,0.0016,-0.0001,0.0001,0.0314,17.009,-330.5433,-0.000548,0.0,-0.0,0.0003,0.0003,-0.0,-0.0,-0.0002,-0.0005,0.0002,-0.0,5,0,-1,7.0,Driving,False,-0.0,0.0,-0.01,0.937,False,False,0,,,,NONE,False,Green,30.0
50,5.7381,0.8,372,Vehicle 3,vehicle,vehicle.tesla.model3,hero_2,17.009,330.5433,0.0016,-0.0001,0.0001,0.0314,17.009,-330.5433,-0.000548,0.0,-0.0,0.0002,0.0002,-0.0,-0.0,-0.0008,-0.0004,0.0002,-0.0,5,0,-1,7.0,Driving,False,-0.0,0.0,-0.01,0.937,False,False,0,,,,NONE,False,Green,30.0
51,5.7881,0.85,372,Vehicle 3,vehicle,vehicle.tesla.model3,hero_2,17.009,330.5433,0.0017,-0.0001,0.0001,0.0314,17.009,-330.5433,-0.000548,0.0,-0.0,0.0002,0.0002,-0.0,0.0,-0.001,-0.0003,0.0001,-0.0,5,0,-1,7.0,Driving,False,-0.0,0.0,-0.009,0.957,False,False,0,,,,NONE,False,Green,30.0
52,5.8381,0.9,372,Vehicle 3,vehicle,vehicle.tesla.model3,hero_2,17.009,330.5433,0.0017,-0.0001,0.0001,0.0314,17.009,-330.5433,-0.000548,0.0,-0.0,0.0001,0.0001,-0.0,0.0,-0.0009,-0.0002,0.0001,-0.0,5,0,-1,7.0,Driving,False,-0.0,0.0,-0.009,0.957,False,False,0,,,,NONE,False,Green,30.0
53,5.8881,0.95,372,Vehicle 3,vehicle,vehicle.tesla.model3,hero_2,17.009,330.5433,0.0017,-0.0001,0.0001,0.0314,17.009,-330.5433,-0.000548,0.0,0.0,0.0001,0.0001,-0.0,0.0,-0.0008,-0.0002,0.0001,-0.0,5,0,-1,7.0,Driving,False,-0.0,0.0,-0.009,0.957,False,False,0,,,,NONE,False,Green,30.0
54,5.9381,1.0,372,Vehicle 3,vehicle,vehicle.tesla.model3,hero_2,17.009,330.5433,0.0017,-0.0001,0.0001,0.0314,17.009,-330.5433,-0.000548,0.0,-0.0,0.0001,0.0001,-0.0,-0.0,-0.0005,-0.0001,0.0001,-0.0,5,0,-1,7.0,Driving,False,-0.0,0.0,-0.009,0.957,False,False,0,,,,NONE,False,Green,30.0
55,5.9881,1.05,372,Vehicle 3,vehicle,vehicle.tesla.model3,hero_2,17.009,330.5433,0.0017,-0.0001,0.0001,0.0314,17.009,-330.5433,-0.000548,0.0,0.0,0.0,0.0,-0.0,0.0,-0.0012,-0.0,0.0,0.0,5,0,-1,7.0,Driving,False,-0.0,0.0,-0.009,0.919,False,False,0,,,,NONE,False,Green,30.0
56,6.0381,1.1,372,Vehicle 3,vehicle,vehicle.tesla.model3,hero_2,17.009,330.5433,0.0017,-0.0001,0.0001,0.0314,17.009,-330.5433,-0.000548,0.0,-0.0,0.0,0.0,-0.0,-0.0,0.0003,-0.0,0.0,-0.0,5,0,-1,7.0,Driving,False,-0.0,0.0,-0.009,0.919,False,False,0,,,,NONE,False,Green,30.0
57,6.0881,1.15,372,Vehicle 3,vehicle,vehicle.tesla.model3,hero_2,17.009,330.5433,0.0017,0.0,0.0,0.0314,17.009,-330.5433,-0.000548,-0.0,-0.0,0.0,0.0,-0.0,0.0,0.0,-0.0001,-0.0,-0.0,5,0,-1,7.0,Driving,False,-0.0,0.0,-0.009,0.919,False,False,0,,,,NONE,False,Green,30.0
58,6.1381,1.2,372,Vehicle 3,vehicle,vehicle.tesla.model3,hero_2,17.009,330.5433,0.0017,0.0,0.0,0.0314,17.009,-330.5433,-0.000548,0.0,-0.0,0.0,0.0,0.0,-0.0,-0.0001,0.0,0.0,-0.0,5,0,-1,7.0,Driving,False,-0.0,0.0,-0.009,0.919,False,False,0,,,,NONE,False,Green,30.0
59,6.1881,1.25,372,Vehicle 3,vehicle,vehicle.tesla.model3,hero_2,17.009,330.5433,0.0017,0.0,0.0,0.0314,17.009,-330.5433,-0.000548,0.0,-0.0,0.0,0.0,0.0,0.0,-0.0001,-0.0001,0.0,-0.0,5,0,-1,7.0,Driving,False,-0.0,0.0,-0.009,0.937,False,False,0,,,,NONE,False,Green,30.0
60,6.2381,1.3,372,Vehicle 3,vehicle,vehicle.tesla.model3,hero_2,17.009,330.5433,0.0017,0.0,0.0,0.0314,17.009,-330.5433,-0.000548,0.0,0.0,0.0,0.0,-0.0,0.0,-0.0001,-0.0,-0.0,0.0,5,0,-1,7.0,Driving,False,-0.0,0.0,-0.009,0.937,False,False,0,,,,NONE,False,Green,30.0
61,6.2881,1.35,372,Vehicle 3,vehicle,vehicle.tesla.model3,hero_2,17.009,330.5433,0.0017,0.0,0.0,0.0314,17.009,-330.5433,-0.000548,0.0,-0.0,0.0,0.0,0.0,-0.0,-0.0001,0.0,0.0,0.0,5,0,-1,7.0,Driving,False,-0.0,0.0,-0.009,0.937,False,False,0,,,,NONE,False,Green,30.0
62,6.3381,1.4,372,Vehicle 3,vehicle,vehicle.tesla.model3,hero_2,17.009,330.5433,0.0017,0.0,0.0,0.0314,17.009,-330.5433,-0.000548,0.0,-0.0,0.0,0.0,0.0,0.0,-0.0001,-0.0,0.0,-0.0,5,0,-1,7.0,Driving,False,-0.0,0.0,-0.009,0.937,False,False,0,,,,NONE,False,Green,30.0
63,6.3881,1.45,372,Vehicle 3,vehicle,vehicle.tesla.model3,hero_2,17.009,330.5433,0.0017,0.0,0.0,0.0314,17.009,-330.5433,-0.000548,0.0,0.0,0.0,0.0,0.0,0.0,-0.0,-0.0,0.0,0.0,5,0,-1,7.0,Driving,False,-0.0,0.0,-0.009,0.933,False,False,0,,,,NONE,False,Green,30.0
64,6.4381,1.5,372,Vehicle 3,vehicle,vehicle.tesla.model3,hero_2,17.009,330.5433,0.0017,0.0,0.0,0.0314,17.009,-330.5433,-0.000548,0.0,0.0,0.0,0.0,-0.0,-0.0,-0.0001,-0.0,0.0,-0.0,5,0,-1,7.0,Driving,False,-0.0,0.0,-0.009,0.933,False,False,0,,,,NONE,False,Green,30.0
65,6.4881,1.55,372,Vehicle 3,vehicle,vehicle.tesla.model3,hero_2,17.009,330.5433,0.0017,0.0,0.0,0.0314,17.009,-330.5433,-0.000548,0.0,0.0,0.0,0.0,0.0,0.0,-0.0,-0.0,0.0,-0.0,5,0,-1,7.0,Driving,False,-0.0,0.0,-0.009,0.933,False,False,0,,,,NONE,False,Green,30.0
66,6.5381,1.6,372,Vehicle 3,vehicle,vehicle.tesla.model3,hero_2,17.009,330.5433,0.0017,0.0,0.0,0.0314,17.009,-330.5433,-0.000548,0.0,0.0,0.0,0.0,0.0,-0.0,0.0,0.0,0.0,-0.0,5,0,-1,7.0,Driving,False,-0.0,0.0,-0.009,0.933,False,False,0,,,,NONE,False,Green,30.0
67,6.5881,1.65,372,Vehicle 3,vehicle,vehicle.tesla.model3,hero_2,17.009,330.5433,0.0017,0.0,0.0,0.0314,17.009,-330.5433,-0.000548,-0.0,-0.0,0.0,0.0,-0.0,-0.0,-0.0,0.0001,-0.0,-0.0,5,0,-1,7.0,Driving,False,-0.0,0.0,-0.006,0.957,False,False,0,,,,NONE,False,Green,30.0
68,6.6381,1.7,372,Vehicle 3,vehicle,vehicle.tesla.model3,hero_2,17.009,330.5433,0.0017,0.0,0.0,0.0314,17.009,-330.5433,-0.000548,-0.0,-0.0,0.0,0.0,-0.0,0.0,0.0,-0.0,-0.0,-0.0,5,0,-1,7.0,Driving,False,-0.0,0.0,-0.006,0.957,False,False,0,,,,NONE,False,Green,30.0
69,6.6881,1.75,372,Vehicle 3,vehicle,vehicle.tesla.model3,hero_2,17.009,330.5433,0.0017,0.0,0.0,0.0314,17.009,-330.5433,-0.000548,-0.0,-0.0,0.0,0.0,0.0,-0.0,-0.0,0.0,-0.0,0.0,5,0,-1,7.0,Driving,False,-0.0,0.0,-0.006,0.957,False,False,0,,,,NONE,False,Green,30.0
70,6.7381,1.8,372,Vehicle 3,vehicle,vehicle.tesla.model3,hero_2,17.009,330.5433,0.0017,0.0,0.0,0.0314,17.009,-330.5433,-0.000548,0.0,-0.0,0.0,0.0,0.0,0.0,0.0,0.0,0.0,0.0,5,0,-1,7.0,Driving,False,-0.0,0.0,-0.006,0.957,False,False,0,,,,NONE,False,Green,30.0
71,6.7881,1.85,372,Vehicle 3,vehicle,vehicle.tesla.model3,hero_2,17.009,330.5433,0.0017,0.0,0.0,0.0314,17.009,-330.5433,-0.000548,0.0,0.0,0.0,0.0,0.0,0.0,0.0,-0.0,0.0,-0.0,5,0,-1,7.0,Driving,False,-0.0,0.525,-0.002,0.3,False,False,0,,,,NONE,False,Green,30.0
72,6.8381,1.9,372,Vehicle 3,vehicle,vehicle.tesla.model3,hero_2,17.009,330.5433,0.0017,0.0,0.0,0.0314,17.009,-330.5433,-0.000548,-0.0,-0.0,0.0,0.0,-0.0,-0.0,-0.0,0.0,-0.0,-0.0,5,0,-1,7.0,Driving,False,-0.0,0.525,-0.002,0.3,False,False,0,,,,NONE,False,Green,30.0
73,6.8881,1.95,372,Vehicle 3,vehicle,vehicle.tesla.model3,hero_2,17.009,330.5433,0.0017,0.0,0.0,0.0314,17.009,-330.5433,-0.000548,-0.0,-0.0,0.0,0.0,-0.0,-0.0,0.0,0.0,-0.0,0.0,5,0,-1,7.0,Driving,False,-0.0,0.525,-0.002,0.3,False,False,0,,,,NONE,False,Green,30.0
74,6.9381,2.0,372,Vehicle 3,vehicle,vehicle.tesla.model3,hero_2,17.009,330.5433,0.0017,0.0,0.0,0.0314,17.009,-330.5433,-0.000548,-0.0,-0.0,0.0,0.0,-0.0,-0.0,0.0,0.0,-0.0,0.0,5,0,-1,7.0,Driving,False,-0.0,0.525,-0.002,0.3,False,False,0,,,,NONE,False,Green,30.0
75,6.9881,2.05,372,Vehicle 3,vehicle,vehicle.tesla.model3,hero_2,17.009,330.5433,0.0017,0.0,0.0,0.0314,17.009,-330.5433,-0.000548,0.0,0.0,0.0,0.0,0.0,0.0,0.0,-0.0,0.0,0.0,5,0,-1,7.0,Driving,False,-0.0,0.525,0.004,0.3,False,False,0,,,,NONE,False,Green,30.0
76,7.0381,2.1,372,Vehicle 3,vehicle,vehicle.tesla.model3,hero_2,17.009,330.5433,0.0017,0.0,0.0,0.0314,17.009,-330.5433,-0.000548,0.0,0.0,0.0,0.0,-0.0,-0.0,0.0,-0.0,0.0,0.0,5,0,-1,7.0,Driving,False,-0.0,0.525,0.004,0.3,False,False,0,,,,NONE,False,Green,30.0
77,7.0881,2.15,372,Vehicle 3,vehicle,vehicle.tesla.model3,hero_2,17.009,330.5433,0.0017,0.0,0.0,0.0314,17.009,-330.5433,-0.000548,-0.0,0.0,0.0,0.0,-0.0,-0.0,-0.0,0.0,-0.0,-0.0,5,0,-1,7.0,Driving,False,-0.0,0.525,0.004,0.3,False,False,0,,,,NONE,False,Green,30.0
78,7.1381,2.2,372,Vehicle 3,vehicle,vehicle.tesla.model3,hero_2,17.009,330.5433,0.0017,0.0,0.0,0.0314,17.009,-330.5433,-0.000548,-0.0,0.0,0.0,0.0,0.0,0.0,0.0,0.0,-0.0,-0.0,5,0,-1,7.0,Driving,False,-0.0,0.525,0.004,0.3,False,False,0,,,,NONE,False,Green,30.0
79,7.1881,2.25,372,Vehicle 3,vehicle,vehicle.tesla.model3,hero_2,17.009,330.5433,0.0017,0.0,0.0,0.0314,17.009,-330.5433,-0.000548,-0.0,0.0,0.0,0.0,0.0,0.0,0.0,-0.0,-0.0,-0.0,5,0,-1,7.0,Driving,False,-0.0,0.525,0.009,0.3,False,False,0,,,,NONE,False,Green,30.0
80,7.2381,2.3,372,Vehicle 3,vehicle,vehicle.tesla.model3,hero_2,17.009,330.5433,0.0017,0.0,0.0,0.0314,17.009,-330.5433,-0.000548,0.0,0.0,0.0,0.0,0.0,-0.0,-0.0,0.0,0.0,0.0,5,0,-1,7.0,Driving,False,-0.0,0.525,0.009,0.3,False,False,0,,,,NONE,False,Green,30.0
81,7.2881,2.35,372,Vehicle 3,vehicle,vehicle.tesla.model3,hero_2,17.009,330.5433,0.0017,0.0,0.0,0.0314,17.009,-330.5433,-0.000548,0.0,0.0,0.0,0.0,0.0,0.0,0.0,-0.0,0.0,0.0,5,0,-1,7.0,Driving,False,-0.0,0.525,0.009,0.3,False,False,0,,,,NONE,False,Green,30.0
82,7.3381,2.4,372,Vehicle 3,vehicle,vehicle.tesla.model3,hero_2,17.009,330.5433,0.0017,0.0,0.0,0.0314,17.009,-330.5433,-0.000548,0.0,-0.0,-0.0,0.0,0.0,-0.0,-0.0,0.0,0.0,-0.0,5,0,-1,7.0,Driving,False,-0.0,0.525,0.009,0.3,False,False,0,,,,NONE,False,Green,30.0
83,7.3881,2.45,372,Vehicle 3,vehicle,vehicle.tesla.model3,hero_2,17.009,330.5433,0.0017,0.0,0.0,0.0314,17.009,-330.5433,-0.000548,-0.0,0.0,0.0,0.0,-0.0,0.0,0.0,-0.0,-0.0,-0.0,5,0,-1,7.0,Driving,False,-0.0,0.75,0.013,0.0,False,False,0,,,,NONE,False,Green,30.0
84,7.4381,2.5,372,Vehicle 3,vehicle,vehicle.tesla.model3,hero_2,17.009,330.5433,0.0017,0.0,0.0,0.0314,17.009,-330.5433,-0.000548,-0.0,0.0,0.0,0.0,-0.0,0.0,0.0,-0.0,-0.0,-0.0,5,0,-1,7.0,Driving,False,-0.0,0.75,0.013,0.0,False,False,0,,,,NONE,False,Green,30.0
85,7.4881,2.55,372,Vehicle 3,vehicle,vehicle.tesla.model3,hero_2,17.009,330.5433,0.0017,0.0,0.0,0.0314,17.009,-330.5433,-0.000548,0.0,-0.0,0.0,0.0,0.0,-0.0,-0.0,0.0,0.0,-0.0,5,0,-1,7.0,Driving,False,-0.0,0.75,0.013,0.0,False,False,0,,,,NONE,False,Green,30.0
86,7.5381,2.6,372,Vehicle 3,vehicle,vehicle.tesla.model3,hero_2,17.009,330.5433,0.0017,0.0,0.0,0.0314,17.009,-330.5433,-0.000548,-0.0,0.0,0.0,0.0,-0.0,0.0,0.0,-0.0,-0.0,-0.0,5,0,-1,7.0,Driving,False,-0.0,0.75,0.013,0.0,False,False,0,,,,NONE,False,Green,30.0
87,7.5881,2.65,372,Vehicle 3,vehicle,vehicle.tesla.model3,hero_2,17.009,330.5433,0.0017,0.0,0.0,0.0314,17.009,-330.5433,-0.000548,0.0,-0.0,0.0,0.0,0.0,-0.0,-0.0,0.0,0.0,-0.0,5,0,-1,7.0,Driving,False,-0.0,0.75,0.016,0.0,False,False,0,,,,NONE,False,Green,30.0
88,7.6381,2.7,372,Vehicle 3,vehicle,vehicle.tesla.model3,hero_2,17.009,330.5433,0.0017,0.0,0.0,0.0314,17.009,-330.5433,-0.000548,0.0,-0.0,0.0,0.0,-0.0,0.0,0.0,0.0,0.0,-0.0,5,0,-1,7.0,Driving,False,-0.0,0.75,0.016,0.0,False,False,0,,,,NONE,False,Green,30.0
89,7.6881,2.75,372,Vehicle 3,vehicle,vehicle.tesla.model3,hero_2,17.009,330.5433,0.0017,0.0,0.0,0.0314,17.009,-330.5433,-0.000548,0.0,0.0,0.0,0.0,-0.0,0.0,-0.0,-0.0,0.0,0.0,5,0,-1,7.0,Driving,False,-0.0,0.75,0.016,0.0,False,False,0,,,,NONE,False,Green,30.0
90,7.7381,2.8,372,Vehicle 3,vehicle,vehicle.tesla.model3,hero_2,17.009,330.5433,0.0017,0.0,0.0,0.0314,17.009,-330.5433,-0.000548,0.0,0.0,0.0,0.0,0.0,-0.0,0.0,-0.0,0.0,0.0,5,0,-1,7.0,Driving,False,-0.0,0.75,0.016,0.0,False,False,0,,,,NONE,False,Green,30.0
91,7.7881,2.85,372,Vehicle 3,vehicle,vehicle.tesla.model3,hero_2,17.009,330.5433,0.0017,0.0,0.0,0.0314,17.009,-330.5433,-0.000548,0.0,-0.0,0.0,0.0,-0.0,-0.0,0.0,-0.0,0.0,0.0,5,0,-1,7.0,Driving,False,-0.0,0.75,0.009,0.0,False,False,0,,,,NONE,False,Green,30.0
92,7.8381,2.9,372,Vehicle 3,vehicle,vehicle.tesla.model3,hero_2,17.009,330.5433,0.0017,0.0,0.0,0.0314,17.009,-330.5433,-0.000548,0.0,-0.0,0.0,0.0,-0.0,-0.0,0.0,0.0,0.0,0.0,5,0,-1,7.0,Driving,False,-0.0,0.75,0.009,0.0,False,False,0,,,,NONE,False,Green,30.0
93,7.8881,2.95,372,Vehicle 3,vehicle,vehicle.tesla.model3,hero_2,17.009,330.5433,0.0017,0.0,0.0,0.0314,17.009,-330.5433,-0.000548,0.0,-0.0,0.0,0.0,-0.0,-0.0,0.0,0.0,0.0,0.0,5,0,-1,7.0,Driving,False,-0.0,0.75,0.009,0.0,False,False,0,,,,NONE,False,Green,30.0
94,7.9381,3.0,372,Vehicle 3,vehicle,vehicle.tesla.model3,hero_2,17.009,330.5433,0.0017,0.0,0.0,0.0314,17.009,-330.5433,-0.000548,0.0,-0.0,0.0,0.0,0.0,0.0,0.0,0.0,0.0,0.0,5,0,-1,7.0,Driving,False,-0.0,0.75,0.009,0.0,False,False,0,,,,NONE,False,Green,30.0
95,7.9881,3.05,372,Vehicle 3,vehicle,vehicle.tesla.model3,hero_2,17.009,330.5433,0.0017,0.0,0.0,0.0314,17.009,-330.5433,-0.000548,0.0,-0.0,0.0,0.0,0.0,-0.0,0.0,0.0,0.0,0.0,5,0,-1,7.0,Driving,False,-0.0,0.75,0.007,0.0,False,False,0,,,,NONE,False,Green,30.0
96,8.0381,3.1,372,Vehicle 3,vehicle,vehicle.tesla.model3,hero_2,17.009,330.5433,0.0017,0.0,0.0,0.0314,17.009,-330.5433,-0.000548,0.0,0.0,0.0,0.0,0.0,0.0,0.0,0.0,0.0,0.0,5,0,-1,7.0,Driving,False,-0.0,0.75,0.007,0.0,False,False,0,,,,NONE,False,Green,30.0
97,8.0881,3.15,372,Vehicle 3,vehicle,vehicle.tesla.model3,hero_2,17.009,330.5433,0.0017,0.0,0.0,0.0314,17.009,-330.5433,-0.000548,0.0,-0.0,0.0,0.0,-0.0,-0.0,-0.0,0.0,0.0,-0.0,5,0,-1,7.0,Driving,False,-0.0,0.75,0.007,0.0,False,False,0,,,,NONE,False,Green,30.0
98,8.1381,3.2,372,Vehicle 3,vehicle,vehicle.tesla.model3,hero_2,17.009,330.5433,0.0017,0.0,0.0,0.0314,17.009,-330.5433,-0.000548,0.0,-0.0,0.0,0.0,0.0,-0.0,0.0,0.0,0.0,0.0,5,0,-1,7.0,Driving,False,-0.0,0.75,0.007,0.0,False,False,0,,,,NONE,False,Green,30.0
99,8.1881,3.25,372,Vehicle 3,vehicle,vehicle.tesla.model3,hero_2,17.009,330.5433,0.0017,0.0,0.0,0.0314,17.009,-330.5433,-0.000548,0.0,-0.0,0.0,0.0,0.0,-0.0,0.0,0.0,0.0,0.0,5,0,-1,7.0,Driving,False,-0.0,0.75,0.009,0.0,False,False,0,,,,NONE,False,Green,30.0
100,8.2381,3.3,372,Vehicle 3,vehicle,vehicle.tesla.model3,hero_2,17.0108,330.5433,0.0017,-0.0,0.0025,0.0315,17.0108,-330.5433,-0.00055,0.1738,0.0008,0.0,0.1738,3.4751,0.0155,0.0,0.005,-0.2583,0.0221,5,0,-1,7.0,Driving,False,-0.0,0.75,0.009,0.0,False,False,0,,,,NONE,False,Green,30.0
101,8.2881,3.35,372,Vehicle 3,vehicle,vehicle.tesla.model3,hero_2,17.0379,330.5434,0.0015,-0.0007,0.026,0.0372,17.0379,-330.5434,-0.000649,0.7821,0.0051,0.0,0.7821,12.1674,0.0871,0.0,0.0148,-0.5442,0.1647,5,0,-1,7.03,Driving,False,-0.0,0.75,0.009,0.0,False,False,1,,,,NONE,False,Green,30.0
102,8.3381,3.4,372,Vehicle 3,vehicle,vehicle.tesla.model3,hero_2,17.0906,330.5437,0.0014,-0.0013,0.0485,0.0487,17.0906,-330.5437,-0.00085,1.2257,0.0084,-0.0,1.2257,8.8713,0.0663,-0.0,0.0123,-0.4059,0.279,5,0,-1,7.08,Driving,False,-0.0,0.75,0.009,0.0,False,False,1,,,,NONE,False,Green,30.0
103,8.3881,3.45,372,Vehicle 3,vehicle,vehicle.tesla.model3,hero_2,17.1613,330.5439,0.0013,-0.0008,0.0612,0.0635,17.1613,-330.5439,-0.001108,1.5379,0.005,-0.0,1.5379,6.2449,-0.0698,-0.0,-0.0088,-0.1902,0.6747,5,0,-1,7.15,Driving,False,0.0,0.75,0.003,0.0,False,False,1,,,,NONE,False,Green,30.0
104,8.4381,3.5,372,Vehicle 3,vehicle,vehicle.tesla.model3,hero_2,17.244,330.544,0.0013,-0.0005,0.0642,0.0732,17.244,-330.544,-0.001278,1.7241,0.0051,-0.0,1.7241,3.7226,0.0029,0.0,-0.0035,0.0212,0.5844,5,0,-1,7.24,Driving,False,0.0,0.75,0.003,0.0,False,False,1,,,,NONE,False,Green,30.0
105,8.4881,3.55,372,Vehicle 3,vehicle,vehicle.tesla.model3,hero_2,17.3371,330.5441,0.0013,-0.0004,0.0632,0.0868,17.3371,-330.5441,-0.001515,1.9464,0.0057,0.0,1.9464,4.4474,0.0115,0.0,-0.0014,0.023,0.1267,5,0,-1,7.33,Driving,False,0.0,0.75,0.003,0.0,False,False,1,,,,NONE,False,Green,30.0
106,8.5381,3.6,372,Vehicle 3,vehicle,vehicle.tesla.model3,hero_2,17.4387,330.5444,0.0013,-0.0006,0.0594,0.1093,17.4387,-330.5444,-0.001908,2.087,0.0072,0.0,2.087,2.811,0.0303,0.0,0.006,0.1043,0.7834,5,0,-1,7.43,Driving,False,0.0,0.75,0.003,0.0,False,False,1,,,,NONE,False,Green,30.0
107,8.5881,3.65,372,Vehicle 3,vehicle,vehicle.tesla.model3,hero_2,17.5485,330.5445,0.0014,0.0001,0.0555,0.1155,17.5485,-330.5445,-0.002016,2.2657,0.0029,0.0,2.2657,3.574,-0.0851,0.0,-0.0144,0.0625,-0.2785,5,0,-1,7.54,Driving,False,0.001,0.75,-0.001,0.0,False,False,1,,,,NONE,False,Green,30.0
108,8.6381,3.7,372,Vehicle 3,vehicle,vehicle.tesla.model3,hero_2,17.6656,330.5447,0.0014,0.0004,0.0514,0.1264,17.6656,-330.5447,-0.002206,2.3936,0.0026,-0.0,2.3936,2.5589,-0.0066,-0.0,-0.0017,0.0945,0.5208,5,0,-1,7.66,Driving,False,0.001,0.75,-0.001,0.0,False,False,1,,,,NONE,False,Green,30.0
109,8.6881,3.75,372,Vehicle 3,vehicle,vehicle.tesla.model3,hero_2,17.7902,330.5448,0.0014,0.0004,0.0481,0.1276,17.7902,-330.5448,-0.002227,2.557,0.003,0.0,2.557,3.2669,0.0077,0.0,0.0002,0.0464,-0.2933,5,0,-1,7.78,Driving,False,0.001,0.75,-0.001,0.0,False,False,1,,,,NONE,False,Green,30.0
110,8.7381,3.8,372,Vehicle 3,vehicle,vehicle.tesla.model3,hero_2,17.9217,330.545,0.0014,0.0003,0.0451,0.135,17.9217,-330.545,-0.002356,2.6798,0.0033,-0.0,2.6798,2.4566,0.007,-0.0,0.0034,0.0703,0.4301,5,0,-1,7.91,Driving,False,0.001,0.75,-0.001,0.0,False,False,1,,,,NONE,False,Green,30.0
111,8.7881,3.85,372,Vehicle 3,vehicle,vehicle.tesla.model3,hero_2,18.0604,330.545,0.0014,0.0014,0.0429,0.1228,18.0604,-330.545,-0.002143,2.8358,-0.0043,0.0,2.8358,3.1192,-0.1533,0.0,-0.0232,0.0277,-0.603,5,0,-1,8.05,Driving,False,0.001,0.75,-0.007,0.0,False,False,1,,,,NONE,False,Green,30.0
112,8.8381,3.9,372,Vehicle 3,vehicle,vehicle.tesla.model3,hero_2,18.2058,330.5447,0.0014,0.0021,0.0408,0.111,18.2058,-330.5447,-0.001937,2.9579,-0.0067,0.0,2.9579,2.4429,-0.0468,0.0,-0.0075,0.0487,0.0025,5,0,-1,8.2,Driving,False,0.0,0.75,-0.007,0.0,False,False,1,,,,NONE,False,Green,30.0
113,8.8881,3.95,372,Vehicle 3,vehicle,vehicle.tesla.model3,hero_2,18.3582,330.5444,0.0014,0.0022,0.0394,0.0902,18.3582,-330.5444,-0.001574,3.1081,-0.008,0.0,3.1081,3.0032,-0.0273,0.0,-0.0014,0.0152,-0.681,5,0,-1,8.35,Driving,False,-0.0,0.75,-0.007,0.0,False,False,1,,,,NONE,False,Green,30.0
114,8.9381,4.0,372,Vehicle 3,vehicle,vehicle.tesla.model3,hero_2,18.5173,330.5441,0.0015,0.0022,0.0381,0.0735,18.5173,-330.5441,-0.001283,3.2314,-0.0095,0.0,3.2314,2.466,-0.0295,0.0,0.0019,0.0328,-0.1168,5,0,-1,8.51,Driving,False,-0.0,0.75,-0.007,0.0,False,False,1,,,,NONE,False,Green,30.0
115,8.9881,4.05,372,Vehicle 3,vehicle,vehicle.tesla.model3,hero_2,18.6832,330.5435,0.0015,0.0033,0.0372,0.0384,18.6832,-330.5435,-0.00067,3.3758,-0.019,0.0,3.3758,2.8883,-0.1906,-0.0,-0.0237,0.009,-1.0015,5,0,-1,8.67,Driving,False,-0.001,0.75,-0.011,0.0,False,False,1,,,,NONE,False,Green,30.0
116,9.0381,4.1,372,Vehicle 3,vehicle,vehicle.tesla.model3,hero_2,18.8557,330.5427,0.0015,0.0041,0.0364,0.0019,18.8557,-330.5427,-3.3e-05,3.5009,-0.0236,-0.0,3.501,2.5029,-0.0906,-0.0,-0.0091,0.0215,-0.5577,5,0,-1,8.85,Driving,False,-0.002,0.75,-0.011,0.0,False,False,1,,,,NONE,False,Green,30.0
117,9.0881,4.15,372,Vehicle 3,vehicle,vehicle.tesla.model3,hero_2,19.035,330.5416,0.0015,0.0043,0.0358,-0.0424,19.035,-330.5416,0.00074,3.6396,-0.0272,0.0,3.6397,2.7731,-0.0732,0.0,-0.0024,0.0072,-1.0944,5,0,-1,9.03,Driving,False,-0.003,0.75,-0.011,0.0,False,False,1,,,,NONE,False,Green,30.0
118,9.1381,4.2,372,Vehicle 3,vehicle,vehicle.tesla.model3,hero_2,19.2208,330.5403,0.0015,0.0043,0.0352,-0.0838,19.2208,-330.5403,0.001463,3.7679,-0.031,0.0,3.7681,2.567,-0.0752,-0.0,0.0011,0.0114,-0.615,5,0,-1,9.21,Driving,False,-0.005,0.75,-0.011,0.0,False,False,1,,,,NONE,False,Green,30.0
119,9.1881,4.25,372,Vehicle 3,vehicle,vehicle.tesla.model3,hero_2,19.413,330.5393,0.0015,0.0027,0.0347,-0.1182,19.413,-330.5393,0.002063,3.8968,-0.0242,-0.0,3.8969,2.5773,0.1349,-0.0,0.0324,0.0103,-0.8014,5,0,-1,9.4,Driving,False,-0.006,0.75,-0.006,0.0,False,False,1,,,,NONE,False,Green,30.0
120,9.2381,4.3,372,Vehicle 3,vehicle,vehicle.tesla.model3,hero_2,19.6117,330.5383,0.0015,0.0016,0.0342,-0.1421,19.6117,-330.5383,0.00248,4.026,-0.0248,-0.0,4.0261,2.5848,-0.0102,-0.0,0.0139,0.008,-0.3256,5,0,-1,9.6,Driving,False,-0.007,0.75,-0.006,0.0,False,False,1,,,,NONE,False,Green,30.0
121,9.2881,4.35,372,Vehicle 3,vehicle,vehicle.tesla.model3,hero_2,19.8169,330.5371,0.0015,0.0013,0.0339,-0.1696,19.8169,-330.5371,0.00296,4.1547,-0.0268,0.0,4.1548,2.5735,-0.0409,0.0001,0.0012,0.0066,-0.6518,5,0,-1,9.81,Driving,False,-0.008,0.75,-0.006,0.0,False,False,1,,,,NONE,False,Green,30.0
122,9.3381,4.4,372,Vehicle 3,vehicle,vehicle.tesla.model3,hero_2,20.0285,330.5359,0.0015,0.0014,0.0336,-0.1953,20.0285,-330.5359,0.003409,4.2826,-0.0294,-0.0,4.2827,2.5575,-0.0515,-0.0,-0.0031,0.0059,-0.4661,5,0,-1,10.02,Driving,False,-0.009,0.75,-0.006,0.0,False,False,1,,,,NONE,False,Green,30.0
123,9.3881,4.45,372,Vehicle 3,vehicle,vehicle.tesla.model3,hero_2,20.2464,330.5353,0.0015,-0.0027,0.0333,-0.1835,20.2464,-330.5353,0.003203,4.4091,-0.0027,0.0,4.4091,2.5295,0.5341,0.0,0.0861,0.0056,0.4893,5,0,-1,10.24,Driving,False,-0.01,0.75,0.007,0.0,False,False,1,,,,NONE,False,Green,30.0
124,9.4381,4.5,372,Vehicle 3,vehicle,vehicle.tesla.model3,hero_2,20.4706,330.5353,0.0015,-0.0055,0.033,-0.1513,20.4706,-330.5353,0.002641,4.5343,0.0054,0.0,4.5343,2.5049,0.161,-0.0,0.0361,0.0058,0.6932,5,0,-1,10.46,Driving,False,-0.01,0.75,0.007,0.0,False,False,1,,,,NONE,False,Green,30.0
125,9.4881,4.55,372,Vehicle 3,vehicle,vehicle.tesla.model3,hero_2,20.701,330.5355,0.0015,-0.0063,0.0327,-0.1156,20.701,-330.5355,0.002018,4.6585,0.0098,0.0,4.6585,2.4831,0.088,0.0,0.0058,0.0058,0.7276,5,0,-1,10.69,Driving,False,-0.01,0.75,0.007,0.0,False,False,1,,,,NONE,False,Green,30.0
126,9.5381,4.6,372,Vehicle 3,vehicle,vehicle.tesla.model3,hero_2,20.9377,330.5359,0.0015,-0.0062,0.0324,-0.0785,20.9377,-330.5359,0.00137,4.7818,0.0134,-0.0,4.7818,2.467,0.073,-0.0001,-0.0055,0.0055,0.7494,5,0,-1,10.93,Driving,False,-0.01,0.75,0.007,0.0,False,False,1,,,,NONE,False,Green,30.0
127,9.5881,4.65,372,Vehicle 3,vehicle,vehicle.tesla.model3,hero_2,21.1788,330.5364,0.0015,-0.0056,0.0303,-0.0427,21.1788,-330.5364,0.000745,4.8299,0.0154,-0.0,4.8299,0.962,0.0387,0.0,-0.0135,0.0832,0.7022,5,0,-1,11.17,Driving,False,-0.01,0.0,0.007,0.7,False,False,1,,,,NONE,False,Green,30.0
128,9.6381,4.7,372,Vehicle 3,vehicle,vehicle.tesla.model3,hero_2,21.4173,330.537,0.0016,-0.0049,0.0217,-0.0084,21.4173,-330.537,0.000147,4.7093,0.0176,-0.0,4.7093,-2.4124,0.0443,0.0,-0.0133,0.2348,0.6755,5,0,-1,11.41,Driving,False,-0.009,0.0,0.007,0.7,False,False,1,,,,NONE,False,Green,30.0
129,9.6881,4.75,372,Vehicle 3,vehicle,vehicle.tesla.model3,hero_2,21.6453,330.5378,0.0016,-0.0043,0.0063,0.0243,21.6453,-330.5378,-0.000424,4.4549,0.0193,0.0,4.455,-5.0875,0.0338,0.0,-0.0128,0.3363,0.6394,5,0,-1,11.64,Driving,False,-0.008,0.0,0.007,0.7,False,False,1,,,,NONE,False,Green,30.0
130,9.7381,4.8,372,Vehicle 3,vehicle,vehicle.tesla.model3,hero_2,21.8594,330.5386,0.0017,-0.0037,-0.0106,0.0552,21.8594,-330.5386,-0.000963,4.1672,0.0205,-0.0,4.1673,-5.7535,0.0248,-0.0,-0.0117,0.3319,0.601,5,0,-1,11.85,Driving,False,-0.008,0.0,0.007,0.7,False,False,1,,,,NONE,False,Green,30.0
131,9.7881,4.85,372,Vehicle 3,vehicle,vehicle.tesla.model3,hero_2,22.0611,330.5396,0.0018,-0.0035,-0.0232,0.0873,22.0611,-330.5396,-0.001524,3.9748,0.024,-0.0,3.9749,-3.8483,0.0693,-0.0,-0.0021,0.1739,0.6553,5,0,-1,12.05,Driving,False,-0.007,0.75,0.008,0.0,False,False,1,,,,NONE,False,Green,30.0
132,9.8381,4.9,372,Vehicle 3,vehicle,vehicle.tesla.model3,hero_2,22.2588,330.5406,0.0018,-0.0034,-0.0253,0.1203,22.2588,-330.5406,-0.0021,3.9518,0.0266,0.0,3.9519,-0.4606,0.0531,0.0001,-0.0019,-0.0276,0.6644,5,0,-1,12.25,Driving,False,-0.006,0.75,0.008,0.0,False,False,1,,,,NONE,False,Green,30.0
133,9.8881,4.95,372,Vehicle 3,vehicle,vehicle.tesla.model3,hero_2,22.4569,330.5418,0.0018,-0.0033,-0.0211,0.1535,22.4569,-330.5418,-0.002679,3.9761,0.029,-0.0,3.9762,0.4858,0.048,-0.0,-0.0027,-0.1121,0.6665,5,0,-1,12.45,Driving,False,-0.005,0.75,0.008,0.0,False,False,1,,,,NONE,False,Green,30.0
134,9.9381,5.0,372,Vehicle 3,vehicle,vehicle.tesla.model3,hero_2,22.6578,330.5432,0.0018,-0.0032,-0.0141,0.1873,22.6578,-330.5432,-0.003269,4.0463,0.032,-0.0,4.0464,1.4032,0.0593,-0.0,-0.0006,-0.1548,0.6817,5,0,-1,12.65,Driving,False,-0.004,0.75,0.008,0.0,False,False,1,,,,NONE,False,Green,30.0
135,9.9881,5.05,372,Vehicle 3,vehicle,vehicle.tesla.model3,hero_2,22.8628,330.5438,0.0017,0.0013,-0.0063,0.1822,22.8628,-330.5438,-0.00318,4.1362,0.0057,0.0,4.1362,1.7985,-0.526,0.0001,-0.0902,-0.1547,-0.3708,5,0,-1,12.85,Driving,False,-0.003,0.75,-0.006,0.0,False,False,1,,,,NONE,False,Green,30.0
136,10.0381,5.1,372,Vehicle 3,vehicle,vehicle.tesla.model3,hero_2,23.0728,330.544,0.0017,0.0042,0.0012,0.1577,23.0728,-330.544,-0.002752,4.2451,-0.0017,0.0,4.2451,2.1778,-0.1476,-0.0,-0.0388,-0.1453,-0.534,5,0,-1,13.06,Driving,False,-0.003,0.75,-0.006,0.0,False,False,1,,,,NONE,False,Green,30.0
137,10.0881,5.15,372,Vehicle 3,vehicle,vehicle.tesla.model3,hero_2,23.2885,330.5439,0.0016,0.0051,0.0078,0.1298,23.2885,-330.5439,-0.002265,4.3585,-0.0052,-0.0,4.3585,2.2682,-0.0706,-0.0,-0.0072,-0.1214,-0.5702,5,0,-1,13.28,Driving,False,-0.003,0.75,-0.006,0.0,False,False,1,,,,NONE,False,Green,60.0
138,10.1381,5.2,372,Vehicle 3,vehicle,vehicle.tesla.model3,hero_2,23.5101,330.5438,0.0016,0.0051,0.0132,0.1008,23.5101,-330.5438,-0.001759,4.4779,-0.008,-0.0,4.4779,2.3891,-0.0549,-0.0001,0.0047,-0.0997,-0.586,5,0,-1,13.5,Driving,False,-0.003,0.75,-0.006,0.0,False,False,1,,,,NONE,False,Green,60.0
139,10.1881,5.25,372,Vehicle 3,vehicle,vehicle.tesla.model3,hero_2,23.7376,330.5432,0.0016,0.0059,0.0175,0.0604,23.7376,-330.5432,-0.001054,4.5982,-0.0184,-0.0,4.5982,2.4046,-0.2096,0.0,-0.0168,-0.0781,-0.8878,5,0,-1,13.73,Driving,False,-0.004,0.75,-0.01,0.0,False,False,1,,,,NONE,False,Green,60.0
140,10.2381,5.3,372,Vehicle 3,vehicle,vehicle.tesla.model3,hero_2,23.9711,330.5424,0.0016,0.0064,0.0209,0.0138,23.9711,-330.5424,-0.000241,4.7194,-0.0242,-0.0,4.7194,2.4243,-0.1146,0.0,-0.0045,-0.0601,-0.9532,5,0,-1,13.96,Driving,False,-0.005,0.75,-0.01,0.0,False,False,1,,,,NONE,False,Green,60.0
141,10.2881,5.35,372,Vehicle 3,vehicle,vehicle.tesla.model3,hero_2,24.2108,330.5414,0.0015,0.0064,0.0235,-0.0348,24.2108,-330.5414,0.000607,4.8409,-0.0291,-0.0,4.841,2.431,-0.0989,0.0,0.0021,-0.0456,-0.9826,5,0,-1,14.2,Driving,False,-0.006,0.75,-0.01,0.0,False,False,1,,,,NONE,False,Green,60.0
142,10.3381,5.4,372,Vehicle 3,vehicle,vehicle.tesla.model3,hero_2,24.4565,330.5401,0.0015,0.0062,0.0254,-0.0846,24.4565,-330.5401,0.001477,4.9626,-0.0341,-0.0,4.9627,2.4324,-0.0992,-0.0,0.0036,-0.0342,-1.0061,5,0,-1,14.45,Driving,False,-0.008,0.75,-0.01,0.0,False,False,1,,,,NONE,False,Green,60.0
143,10.3881,5.45,372,Vehicle 3,vehicle,vehicle.tesla.model3,hero_2,24.708,330.5392,0.0017,0.0025,0.0266,-0.106,24.708,-330.5392,0.00185,5.071,-0.017,0.0048,5.0711,2.1696,0.3423,0.0951,0.0807,-0.0127,-0.2042,5,0,-1,14.7,Driving,False,-0.009,0.327,-0.001,0.0,False,False,1,,,,NONE,False,Green,60.0
144,10.4381,5.5,372,Vehicle 3,vehicle,vehicle.tesla.model3,hero_2,24.9631,330.5386,0.0018,0.0,0.0248,-0.13,24.9631,-330.5386,0.002269,5.0832,-0.0131,0.0014,5.0832,0.2439,0.0782,-0.0672,0.0291,0.1272,-2.4668,5,0,-1,14.95,Driving,False,-0.009,0.327,-0.001,0.0,False,False,1,,,,NONE,False,Green,60.0
145,10.4881,5.55,372,Vehicle 3,vehicle,vehicle.tesla.model3,hero_2,25.2156,330.5378,0.0019,-0.0006,0.0171,-0.1025,25.2156,-330.5378,0.001789,5.0224,-0.0132,0.0,5.0224,-1.2172,-0.0024,-0.0276,0.0103,0.1693,3.1,5,0,-1,15.21,Driving,False,-0.01,0.327,-0.001,0.0,False,False,1,,,,NONE,False,Green,60.0
146,10.5381,5.6,372,Vehicle 3,vehicle,vehicle.tesla.model3,hero_2,25.4669,330.5372,0.0019,-0.0007,0.0123,-0.1101,25.4669,-330.5372,0.001922,5.0622,-0.0121,0.0005,5.0623,0.7976,0.0207,0.0091,0.0045,0.0256,-0.6259,5,0,-1,15.46,Driving,False,-0.011,0.327,-0.001,0.0,False,False,1,,,,NONE,False,Green,60.0
147,10.5881,5.65,372,Vehicle 3,vehicle,vehicle.tesla.model3,hero_2,25.7181,330.5364,0.0018,0.0,0.0086,-0.1057,25.7181,-330.5364,0.001845,5.0406,-0.017,0.0009,5.0406,-0.4337,-0.0969,0.0095,-0.0215,0.0297,0.2076,5,0,-1,15.71,Driving,False,-0.012,0.283,-0.003,0.0,False,False,1,,,,NONE,False,Green,60.0
148,10.6381,5.7,372,Vehicle 3,vehicle,vehicle.tesla.model3,hero_2,25.9689,330.5354,0.0018,0.0007,0.0057,-0.0986,25.9689,-330.5354,0.001721,5.0183,-0.0187,-0.0061,5.0183,-0.4454,-0.0348,-0.1408,-0.007,0.019,-0.0972,5,0,-1,15.96,Driving,False,-0.013,0.283,-0.003,0.0,False,False,1,,,,NONE,False,Green,60.0
149,10.6881,5.75,372,Vehicle 3,vehicle,vehicle.tesla.model3,hero_2,26.2195,330.5345,0.0018,0.0009,0.0039,-0.1101,26.2195,-330.5345,0.001922,5.0143,-0.0194,-0.0059,5.0143,-0.0801,-0.013,0.0048,-0.0016,0.0084,-0.1909,5,0,-1,16.21,Driving,False,-0.014,0.283,-0.003,0.0,False,False,1,,,,NONE,False,Green,60.0
150,10.7381,5.8,372,Vehicle 3,vehicle,vehicle.tesla.model3,hero_2,26.4699,330.5335,0.0018,0.0009,0.0025,-0.1176,26.4699,-330.5335,0.002053,5.007,-0.02,-0.0057,5.007,-0.1462,-0.0131,0.0028,-0.0001,0.0067,-0.1889,5,0,-1,16.46,Driving,False,-0.015,0.283,-0.003,0.0,False,False,1,,,,NONE,False,Green,60.0
151,10.7881,5.85,372,Vehicle 3,vehicle,vehicle.tesla.model3,hero_2,26.7166,330.5329,0.0018,-0.0008,-0.0029,-0.1217,26.7166,-330.5329,0.002124,4.7691,-0.0101,-0.0046,4.7691,-4.7575,0.1994,0.0214,0.0279,0.3055,-0.5056,5,0,-1,16.71,Driving,False,-0.016,0.0,0.002,0.7,False,False,1,,,,NONE,False,Green,60.0
152,10.8381,5.9,372,Vehicle 3,vehicle,vehicle.tesla.model3,hero_2,26.9327,330.5329,0.0018,-0.0017,-0.0314,-0.1801,26.9327,-330.5329,0.003143,4.022,-0.0059,-0.0018,4.022,-14.9413,0.0829,0.0565,0.0126,0.6758,-1.497,5,0,-1,16.92,Driving,False,-0.016,0.0,0.002,0.7,False,False,1,,,,NONE,False,Green,60.0
153,10.8881,5.95,372,Vehicle 3,vehicle,vehicle.tesla.model3,hero_2,27.1096,330.5331,0.002,-0.0016,-0.067,-0.2594,27.1096,-330.5331,0.004527,3.2209,-0.0052,-0.0005,3.2209,-16.0229,0.014,0.0272,-0.0073,0.7063,-1.4215,5,0,-1,17.1,Driving,False,-0.016,0.0,0.002,0.7,False,False,1,,,,NONE,False,Green,60.0
154,10.9381,6.0,372,Vehicle 3,vehicle,vehicle.tesla.model3,hero_2,27.2465,330.5335,0.0021,-0.001,-0.0989,-0.351,27.2465,-330.5335,0.006126,2.4238,-0.0048,0.0001,2.4238,-15.9414,0.009,0.0121,-0.0052,0.5862,-2.1489,5,0,-1,17.24,Driving,False,-0.016,0.0,0.002,0.7,False,False,1,,,,NONE,False,Green,60.0
155,10.9881,6.05,372,Vehicle 3,vehicle,vehicle.tesla.model3,hero_2,27.3426,330.5338,0.0023,-0.0009,-0.1261,-0.4026,27.3426,-330.5338,0.007027,1.5392,0.0002,0.0004,1.5392,-17.6919,0.0994,0.0042,-0.0138,0.5951,0.0951,5,0,-1,17.33,Driving,False,-0.016,0.75,0.009,0.0,False,False,1,,,,NONE,False,Green,60.0
156,11.0381,6.1,372,Vehicle 3,vehicle,vehicle.tesla.model3,hero_2,27.4077,330.5337,0.0024,-0.0001,-0.1333,-0.3959,27.4077,-330.5337,0.00691,1.3518,-0.0003,0.0004,1.3518,-3.7488,-0.0108,0.0008,-0.0061,-0.2727,-0.1456,5,0,-1,17.4,Driving,False,-0.016,0.75,0.009,0.0,False,False,1,,,,NONE,False,Green,60.0
157,11.0881,6.15,372,Vehicle 3,vehicle,vehicle.tesla.model3,hero_2,27.4782,330.5335,0.0023,0.0003,-0.1091,-0.3634,27.4782,-330.5335,0.006343,1.4405,-0.0005,0.0004,1.4405,1.7737,-0.004,-0.0007,-0.0108,-0.5438,0.7675,5,0,-1,17.47,Driving,False,-0.016,0.75,0.009,0.0,False,False,1,,,,NONE,False,Green,60.0
158,11.1381,6.2,372,Vehicle 3,vehicle,vehicle.tesla.model3,hero_2,27.5555,330.5334,0.0021,0.0002,-0.0787,-0.3319,27.5555,-330.5334,0.005793,1.6198,0.0004,0.0003,1.6198,3.5871,0.0187,-0.0012,0.0025,-0.6414,0.4256,5,0,-1,17.55,Driving,False,-0.016,0.75,0.009,0.0,False,False,1,,,,NONE,False,Green,60.0
159,11.1881,6.25,372,Vehicle 3,vehicle,vehicle.tesla.model3,hero_2,27.6392,330.5331,0.002,0.0006,-0.0524,-0.3195,27.6392,-330.5331,0.005576,1.7043,-0.0033,0.0002,1.7043,1.6887,-0.0739,-0.0013,-0.0094,-0.4464,0.1971,5,0,-1,17.63,Driving,False,-0.016,0.75,0.005,0.0,False,False,1,,,,NONE,False,Green,60.0
160,11.2381,6.3,372,Vehicle 3,vehicle,vehicle.tesla.model3,hero_2,27.7305,330.5328,0.0018,0.0006,-0.0301,-0.3088,27.7305,-330.5328,0.00539,1.8995,-0.0039,0.0002,1.8995,3.9045,-0.012,-0.0012,0.0003,-0.4433,0.2178,5,0,-1,17.72,Driving,False,-0.017,0.75,0.005,0.0,False,False,1,,,,NONE,False,Green,60.0
161,11.2881,6.35,372,Vehicle 3,vehicle,vehicle.tesla.model3,hero_2,27.8282,330.5326,0.0017,0.0004,-0.0138,-0.2977,27.8282,-330.5326,0.005196,1.9879,-0.0038,0.0001,1.9879,1.7688,0.0014,-0.001,0.0029,-0.2515,0.2257,5,0,-1,17.82,Driving,False,-0.017,0.75,0.005,0.0,False,False,1,,,,NONE,False,Green,60.0
162,11.3381,6.4,372,Vehicle 3,vehicle,vehicle.tesla.model3,hero_2,27.9334,330.5323,0.0017,0.0001,-0.0007,-0.2858,27.9334,-330.5323,0.004988,2.1771,-0.0038,0.0001,2.1771,3.7827,0.0008,-0.0007,0.0047,-0.2694,0.2464,5,0,-1,17.92,Driving,False,-0.017,0.75,0.005,0.0,False,False,1,,,,NONE,False,Green,60.0
163,11.3881,6.45,372,Vehicle 3,vehicle,vehicle.tesla.model3,hero_2,28.045,330.5321,0.0016,-0.0002,0.0082,-0.2724,28.045,-330.5321,0.004754,2.2691,-0.0029,0.0001,2.2691,1.8409,0.0172,-0.0006,0.0052,-0.1235,0.2762,5,0,-1,18.04,Driving,False,-0.018,0.75,0.005,0.0,False,False,1,,,,NONE,False,Green,60.0
164,11.4381,6.5,372,Vehicle 3,vehicle,vehicle.tesla.model3,hero_2,28.164,330.5317,0.0016,-0.0005,0.0156,-0.2579,28.164,-330.5317,0.004501,2.4513,-0.0025,0.0,2.4513,3.6435,0.0088,-0.0004,0.0046,-0.1624,0.2986,5,0,-1,18.16,Driving,False,-0.018,0.75,0.005,0.0,False,False,1,,,,NONE,False,Green,60.0
165,11.4881,6.55,372,Vehicle 3,vehicle,vehicle.tesla.model3,hero_2,28.2895,330.5315,0.0016,-0.0007,0.0203,-0.2426,28.2895,-330.5315,0.004234,2.5475,-0.0019,0.0,2.5475,1.9247,0.0109,-0.0002,0.0025,-0.0529,0.3106,5,0,-1,18.28,Driving,False,-0.018,0.75,0.005,0.0,False,False,1,,,,NONE,False,Green,60.0
166,11.5381,6.6,372,Vehicle 3,vehicle,vehicle.tesla.model3,hero_2,28.4222,330.5314,0.0015,-0.0008,0.0244,-0.2265,28.4222,-330.5314,0.003953,2.7216,-0.0013,0.0,2.7216,3.4826,0.0122,-0.0002,0.003,-0.099,0.3281,5,0,-1,18.41,Driving,False,-0.018,0.75,0.005,0.0,False,False,1,,,,NONE,False,Green,60.0
167,11.5881,6.65,372,Vehicle 3,vehicle,vehicle.tesla.model3,hero_2,28.5613,330.5313,0.0015,-0.0008,0.0268,-0.2112,28.5613,-330.5313,0.003686,2.8242,-0.0018,0.0,2.8242,2.0512,-0.0093,-0.0001,-0.0018,-0.0189,0.3125,5,0,-1,18.55,Driving,False,-0.019,0.75,0.005,0.0,False,False,1,,,,NONE,False,Green,60.0
168,11.6381,6.7,372,Vehicle 3,vehicle,vehicle.tesla.model3,hero_2,28.7072,330.5312,0.0015,-0.0008,0.0287,-0.1973,28.7072,-330.5312,0.003444,2.9734,-0.0012,0.0,2.9734,2.9831,0.0117,-0.0001,0.0009,-0.0414,0.0887,5,0,-1,18.7,Driving,False,-0.019,0.75,0.005,0.0,False,False,1,,,,NONE,False,Green,60.0
169,11.6881,6.75,372,Vehicle 3,vehicle,vehicle.tesla.model3,hero_2,28.8589,330.5311,0.0015,-0.0009,0.0293,-0.1757,28.8589,-330.5311,0.003067,3.0759,-0.0005,0.0,3.0759,2.0509,0.0151,-0.0001,0.0024,0.0036,0.6327,5,0,-1,18.85,Driving,False,-0.019,0.75,0.005,0.0,False,False,1,,,,NONE,False,Green,60.0
170,11.7381,6.8,372,Vehicle 3,vehicle,vehicle.tesla.model3,hero_2,29.0171,330.531,0.0015,-0.001,0.0301,-0.1587,29.0171,-330.531,0.00277,3.2217,0.0006,0.0,3.2217,2.9153,0.0211,-0.0001,0.0026,-0.029,0.1587,5,0,-1,19.01,Driving,False,-0.019,0.75,0.005,0.0,False,False,1,,,,NONE,False,Green,60.0
171,11.7881,6.85,372,Vehicle 3,vehicle,vehicle.tesla.model3,hero_2,29.1816,330.5308,0.0015,-0.0,0.0307,-0.1476,29.1816,-330.5308,0.002576,3.3356,-0.0057,0.0,3.3356,2.2778,-0.1261,0.0,-0.0193,0.0011,0.3176,5,0,-1,19.17,Driving,False,-0.019,0.75,0.001,0.0,False,False,1,,,,NONE,False,Green,60.0
172,11.8381,6.9,372,Vehicle 3,vehicle,vehicle.tesla.model3,hero_2,29.3527,330.5304,0.0015,0.0005,0.0314,-0.1454,29.3527,-330.5304,0.002538,3.4809,-0.007,-0.0,3.4809,2.9071,-0.0254,-0.0001,-0.0071,-0.0234,-0.1121,5,0,-1,19.34,Driving,False,-0.02,0.75,0.001,0.0,False,False,1,,,,NONE,False,Green,60.0
173,11.8881,6.95,372,Vehicle 3,vehicle,vehicle.tesla.model3,hero_2,29.5304,330.53,0.0015,0.0006,0.0318,-0.1411,29.5304,-330.53,0.002463,3.6016,-0.0074,-0.0,3.6016,2.4133,-0.0076,0.0,0.0005,-0.0008,0.1889,5,0,-1,19.52,Driving,False,-0.02,0.75,0.001,0.0,False,False,1,,,,NONE,False,Green,60.0
174,11.9381,7.0,372,Vehicle 3,vehicle,vehicle.tesla.model3,hero_2,29.7147,330.5296,0.0015,0.0006,0.0323,-0.1396,29.7147,-330.5296,0.002436,3.7424,-0.0076,0.0,3.7424,2.8164,-0.0041,0.0,0.0024,-0.0142,-0.0343,5,0,-1,19.71,Driving,False,-0.021,0.75,0.001,0.0,False,False,1,,,,NONE,False,Green,60.0
175,11.9881,7.05,372,Vehicle 3,vehicle,vehicle.tesla.model3,hero_2,29.9056,330.5291,0.0015,0.001,0.0326,-0.1414,29.9056,-330.5291,0.002468,3.8674,-0.0115,0.0,3.8674,2.4993,-0.0782,0.0,-0.0084,-0.0011,-0.0635,5,0,-1,19.9,Driving,False,-0.022,0.75,-0.001,0.0,False,False,1,,,,NONE,False,Green,60.0
176,12.0381,7.1,372,Vehicle 3,vehicle,vehicle.tesla.model3,hero_2,30.1029,330.5285,0.0015,0.0012,0.0327,-0.1462,30.1029,-330.5285,0.002552,3.999,-0.0129,-0.0,3.999,2.6323,-0.0289,-0.0001,-0.0023,-0.0036,-0.1025,5,0,-1,20.09,Driving,False,-0.022,0.75,-0.001,0.0,False,False,1,,,,NONE,False,Green,60.0
177,12.0881,7.15,372,Vehicle 3,vehicle,vehicle.tesla.model3,hero_2,30.3066,330.5278,0.0015,0.0012,0.0327,-0.1516,30.3066,-330.5278,0.002646,4.1247,-0.0139,0.0,4.1247,2.5139,-0.0188,0.0,0.0012,0.002,-0.1082,5,0,-1,20.3,Driving,False,-0.023,0.75,-0.001,0.0,False,False,1,,,,NONE,False,Green,60.0
178,12.1381,7.2,372,Vehicle 3,vehicle,vehicle.tesla.model3,hero_2,30.5168,330.5271,0.0015,0.0011,0.0327,-0.1571,30.5168,-330.5271,0.002742,4.2545,-0.0147,0.0,4.2546,2.597,-0.0177,0.0,0.0022,-0.0007,-0.112,5,0,-1,20.51,Driving,False,-0.024,0.75,-0.001,0.0,False,False,1,,,,NONE,False,Green,60.0
179,12.1881,7.25,372,Vehicle 3,vehicle,vehicle.tesla.model3,hero_2,30.7332,330.5266,0.0015,-0.0,0.0326,-0.1535,30.7332,-330.5266,0.002679,4.3802,-0.0087,-0.0,4.3802,2.5129,0.1208,-0.0,0.0233,0.0022,0.1343,5,0,-1,20.72,Driving,False,-0.025,0.75,0.002,0.0,False,False,1,,,,NONE,False,Green,60.0
180,12.2381,7.3,372,Vehicle 3,vehicle,vehicle.tesla.model3,hero_2,30.956,330.5262,0.0015,-0.0008,0.0325,-0.1454,30.956,-330.5262,0.002538,4.5058,-0.007,-0.0,4.5058,2.5121,0.0334,-0.0,0.0111,0.0028,0.1737,5,0,-1,20.95,Driving,False,-0.025,0.75,0.002,0.0,False,False,1,,,,NONE,False,Green,60.0
181,12.2881,7.35,372,Vehicle 3,vehicle,vehicle.tesla.model3,hero_2,31.185,330.5257,0.0015,-0.0011,0.0323,-0.1364,31.185,-330.5257,0.002381,4.6299,-0.0062,0.0,4.6299,2.483,0.0168,0.0,0.0036,0.0037,0.1833,5,0,-1,21.18,Driving,False,-0.026,0.75,0.002,0.0,False,False,1,,,,NONE,False,Green,60.0
182,12.3381,7.4,372,Vehicle 3,vehicle,vehicle.tesla.model3,hero_2,31.4202,330.5254,0.0015,-0.0012,0.0321,-0.127,31.4202,-330.5254,0.002217,4.7533,-0.0055,0.0,4.7533,2.4682,0.0136,0.0,0.0005,0.0039,0.1886,5,0,-1,21.41,Driving,False,-0.026,0.75,0.002,0.0,False,False,1,,,,NONE,False,Green,60.0
183,12.3881,7.45,372,Vehicle 3,vehicle,vehicle.tesla.model3,hero_2,31.6616,330.525,0.0015,-0.0006,0.032,-0.1227,31.6616,-330.525,0.002142,4.8762,-0.0087,-0.0,4.8762,2.4562,-0.0647,-0.0,-0.0126,0.0038,0.0507,5,0,-1,21.65,Driving,False,-0.027,0.75,0.0,0.0,False,False,1,,,,NONE,False,Green,60.0
184,12.4381,7.5,372,Vehicle 3,vehicle,vehicle.tesla.model3,hero_2,31.9091,330.5246,0.0015,-0.0002,0.0318,-0.121,31.9091,-330.5246,0.002112,4.9985,-0.0096,-0.0,4.9985,2.4469,-0.0176,-0.0,-0.0065,0.0035,0.0277,5,0,-1,21.9,Driving,False,-0.027,0.75,0.0,0.0,False,False,1,,,,NONE,False,Green,60.0
185,12.4881,7.55,372,Vehicle 3,vehicle,vehicle.tesla.model3,hero_2,32.1627,330.524,0.0017,0.0,0.0316,-0.1197,32.1627,-330.524,0.002089,5.12,-0.01,0.0038,5.12,2.4303,-0.0072,0.0767,-0.0022,0.0043,0.0238,5,0,-1,22.15,Driving,False,-0.028,0.75,0.0,0.0,False,False,1,,,,NONE,False,Green,60.0
186,12.5381,7.6,372,Vehicle 3,vehicle,vehicle.tesla.model3,hero_2,32.4209,330.5234,0.0018,0.0001,0.0294,-0.1186,32.4209,-330.5234,0.00207,5.1404,-0.01,0.001,5.1404,0.4068,-0.0007,-0.0565,-0.0,0.1476,0.0225,5,0,-1,22.41,Driving,False,-0.029,0.75,0.0,0.0,False,False,1,,,,NONE,False,Green,60.0
187,12.5881,7.65,372,Vehicle 3,vehicle,vehicle.tesla.model3,hero_2,32.6777,330.5229,0.0019,-0.0004,0.0221,-0.1109,32.6777,-330.5229,0.001936,5.136,-0.0073,-0.0001,5.136,-0.0869,0.0553,-0.0229,0.0108,0.1286,0.1551,5,0,-1,22.67,Driving,False,-0.029,0.265,0.002,0.0,False,False,1,,,,NONE,False,Green,60.0
188,12.6381,7.7,372,Vehicle 3,vehicle,vehicle.tesla.model3,hero_2,32.9329,330.5225,0.0019,-0.0007,0.0151,-0.1024,32.9329,-330.5225,0.001787,5.0847,-0.0059,-0.0005,5.0847,-1.0265,0.0274,-0.0075,0.0049,0.1469,0.169,5,0,-1,22.92,Driving,False,-0.03,0.265,0.002,0.0,False,False,1,,,,NONE,False,Green,60.0
189,12.6881,7.75,372,Vehicle 3,vehicle,vehicle.tesla.model3,hero_2,33.1869,330.5223,0.0019,-0.0009,0.0098,-0.0937,33.1869,-330.5223,0.001635,5.0766,-0.0045,-0.0006,5.0766,-0.1617,0.0273,-0.0011,0.0035,0.0809,0.178,5,0,-1,23.18,Driving,False,-0.03,0.265,0.002,0.0,False,False,1,,,,NONE,False,Green,60.0
190,12.7381,7.8,372,Vehicle 3,vehicle,vehicle.tesla.model3,hero_2,33.4389,330.5221,0.0019,-0.001,0.005,-0.0852,33.4389,-330.5221,0.001487,5.0172,-0.0038,-0.0005,5.0172,-1.1879,0.0152,0.0014,-0.0004,0.1042,0.1653,5,0,-1,23.43,Driving,False,-0.03,0.265,0.002,0.0,False,False,1,,,,NONE,False,Green,60.0
191,12.7881,7.85,372,Vehicle 3,vehicle,vehicle.tesla.model3,hero_2,33.6907,330.5224,0.0018,-0.0045,0.0036,-0.0479,33.6907,-330.5224,0.000836,5.0701,0.021,0.0005,5.0702,1.0583,0.4943,0.0206,0.0957,-0.0348,1.0428,5,0,-1,23.68,Driving,False,-0.03,0.0,0.012,0.7,False,False,1,,,,NONE,False,Green,60.0
192,12.8381,7.9,372,Vehicle 3,vehicle,vehicle.tesla.model3,hero_2,33.9389,330.5234,0.0017,-0.0071,-0.0013,0.0101,33.9389,-330.5234,-0.000176,4.9065,0.0314,-0.0036,4.9066,-3.2721,0.2093,-0.0817,0.0361,0.1349,1.2092,5,0,-1,23.93,Driving,False,-0.029,0.0,0.012,0.7,False,False,1,,,,NONE,False,Green,60.0
193,12.8881,7.95,372,Vehicle 3,vehicle,vehicle.tesla.model3,hero_2,34.1767,330.5248,0.0016,-0.0079,-0.0117,0.0705,34.1767,-330.5248,-0.00123,4.6512,0.0371,-0.0012,4.6514,-5.1059,0.1128,0.0461,0.0036,0.2406,1.1948,5,0,-1,24.17,Driving,False,-0.028,0.0,0.012,0.7,False,False,1,,,,NONE,False,Green,60.0
194,12.9381,8.0,372,Vehicle 3,vehicle,vehicle.tesla.model3,hero_2,34.4006,330.5264,0.0017,-0.0076,-0.0243,0.1285,34.4006,-330.5264,-0.002243,4.3619,0.0403,-0.0002,4.3621,-5.7868,0.065,0.0216,-0.0124,0.2537,1.1342,5,0,-1,24.39,Driving,False,-0.027,0.0,0.012,0.7,False,False,1,,,,NONE,False,Green,60.0
195,12.9881,8.05,372,Vehicle 3,vehicle,vehicle.tesla.model3,hero_2,34.612,330.5277,0.0018,-0.0042,-0.0335,0.1601,34.612,-330.5277,-0.002794,4.1668,0.0258,0.0003,4.1669,-3.9021,-0.2912,0.009,-0.0687,0.1143,0.4541,5,0,-1,24.6,Driving,False,-0.025,0.325,0.004,0.0,False,False,1,,,,NONE,False,Green,60.0
196,13.0381,8.1,372,Vehicle 3,vehicle,vehicle.tesla.model3,hero_2,34.8191,330.5287,0.0018,-0.0019,-0.0333,0.1792,34.8191,-330.5287,-0.003128,4.1352,0.0236,0.0004,4.1352,-0.6322,-0.0433,0.0028,-0.0329,-0.0653,0.3576,5,0,-1,24.81,Driving,False,-0.025,0.325,0.004,0.0,False,False,1,,,,NONE,False,Green,60.0
197,13.0881,8.15,372,Vehicle 3,vehicle,vehicle.tesla.model3,hero_2,35.0255,330.5298,0.0018,-0.0009,-0.0284,0.1965,35.0255,-330.5298,-0.00343,4.1216,0.0239,0.0004,4.1217,-0.2711,0.0055,-0.0001,-0.0111,-0.111,0.3421,5,0,-1,25.02,Driving,False,-0.024,0.325,0.004,0.0,False,False,1,,,,NONE,False,Green,60.0
198,13.1381,8.2,372,Vehicle 3,vehicle,vehicle.tesla.model3,hero_2,35.2315,330.5309,0.0018,-0.0007,-0.0225,0.2136,35.2315,-330.5309,-0.003728,4.1201,0.0249,0.0004,4.1202,-0.0303,0.0199,-0.0011,-0.0012,-0.1167,0.3424,5,0,-1,25.22,Driving,False,-0.023,0.325,0.004,0.0,False,False,1,,,,NONE,False,Green,60.0
199,13.1881,8.25,372,Vehicle 3,vehicle,vehicle.tesla.model3,hero_2,35.4377,330.531,0.0017,0.0048,-0.0171,0.1809,35.4377,-330.531,-0.003157,4.1266,-0.0109,0.0003,4.1266,0.1298,-0.7146,-0.0015,-0.1115,-0.1063,-0.9996,5,0,-1,25.43,Driving,False,-0.023,0.601,-0.014,0.0,False,False,1,,,,NONE,False,Green,60.0
200,13.2381,8.3,372,Vehicle 3,vehicle,vehicle.tesla.model3,hero_2,35.6451,330.5304,0.0017,0.0084,-0.0115,0.1229,35.6451,-330.5304,-0.002145,4.1652,-0.0228,0.0002,4.1653,0.7727,-0.2384,-0.0013,-0.0466,-0.1138,-1.2192,5,0,-1,25.64,Driving,False,-0.023,0.601,-0.014,0.0,False,False,1,,,,NONE,False,Green,60.0
201,13.2881,8.35,372,Vehicle 3,vehicle,vehicle.tesla.model3,hero_2,35.8549,330.5294,0.0017,0.0094,-0.006,0.0605,35.8549,-330.5294,-0.001056,4.2189,-0.0294,0.0002,4.219,1.0734,-0.1329,-0.0012,-0.0055,-0.1073,-1.2591,5,0,-1,25.85,Driving,False,-0.024,0.601,-0.014,0.0,False,False,1,,,,NONE,False,Green,60.0
202,13.3381,8.4,372,Vehicle 3,vehicle,vehicle.tesla.model3,hero_2,36.0679,330.5281,0.0017,0.0092,-0.0008,-0.0033,36.0679,-330.5281,5.8e-05,4.2873,-0.0353,0.0001,4.2875,1.3689,-0.117,-0.0009,0.0081,-0.1006,-1.2865,5,0,-1,26.06,Driving,False,-0.026,0.601,-0.014,0.0,False,False,1,,,,NONE,False,Green,60.0
203,13.3881,8.45,372,Vehicle 3,vehicle,vehicle.tesla.model3,hero_2,36.2842,330.5269,0.0016,0.0066,0.0034,-0.0498,36.2842,-330.5269,0.000869,4.3465,-0.0272,0.0001,4.3465,1.1823,0.1627,-0.0006,0.0538,-0.0701,-0.8099,5,0,-1,26.28,Driving,False,-0.027,0.337,-0.008,0.0,False,False,1,,,,NONE,False,Green,60.0
204,13.4381,8.5,372,Vehicle 3,vehicle,vehicle.tesla.model3,hero_2,36.5028,330.5258,0.0016,0.0047,0.0058,-0.0879,36.5028,-330.5258,0.001534,4.3862,-0.0277,0.0001,4.3862,0.794,-0.0114,-0.0006,0.0291,-0.0355,-0.7458,5,0,-1,26.49,Driving,False,-0.028,0.337,-0.008,0.0,False,False,1,,,,NONE,False,Green,60.0
205,13.4881,8.55,372,Vehicle 3,vehicle,vehicle.tesla.model3,hero_2,36.7229,330.5246,0.0016,0.0037,0.0067,-0.1248,36.7229,-330.5246,0.002178,4.4097,-0.0299,0.0,4.4098,0.4718,-0.0443,-0.0003,0.013,-0.007,-0.7364,5,0,-1,26.71,Driving,False,-0.03,0.337,-0.008,0.0,False,False,1,,,,NONE,False,Green,60.0
206,13.5381,8.6,372,Vehicle 3,vehicle,vehicle.tesla.model3,hero_2,36.9439,330.5232,0.0016,0.0034,0.0067,-0.1617,36.9439,-330.5232,0.002822,4.4283,-0.0327,0.0,4.4284,0.3705,-0.0557,-0.0002,0.0046,0.0051,-0.7394,5,0,-1,26.93,Driving,False,-0.031,0.337,-0.008,0.0,False,False,1,,,,NONE,False,Green,60.0
207,13.5881,8.65,372,Vehicle 3,vehicle,vehicle.tesla.model3,hero_2,37.1641,330.522,0.0017,0.0018,0.0043,-0.1861,37.1641,-330.522,0.003248,4.3671,-0.0259,0.0,4.3671,-1.2241,0.1371,-0.0002,0.0313,0.0893,-0.3959,5,0,-1,27.16,Driving,False,-0.033,0.0,-0.004,0.7,False,False,1,,,,NONE,False,Green,60.0
208,13.6381,8.7,372,Vehicle 3,vehicle,vehicle.tesla.model3,hero_2,37.377,330.5209,0.0017,0.0008,-0.0038,-0.2035,37.377,-330.5209,0.003552,4.1705,-0.0243,0.0,4.1706,-3.9309,0.0315,-0.0001,0.0153,0.2076,-0.3281,5,0,-1,27.37,Driving,False,-0.034,0.0,-0.004,0.7,False,False,1,,,,NONE,False,Green,60.0
209,13.6881,8.75,372,Vehicle 3,vehicle,vehicle.tesla.model3,hero_2,37.5766,330.5198,0.0018,0.0004,-0.0169,-0.219,37.5766,-330.5198,0.003822,3.8711,-0.0232,0.0,3.8712,-5.9883,0.0214,-0.0001,0.0063,0.2829,-0.3033,5,0,-1,27.57,Driving,False,-0.035,0.0,-0.004,0.7,False,False,1,,,,NONE,False,Green,60.0
210,13.7381,8.8,372,Vehicle 3,vehicle,vehicle.tesla.model3,hero_2,37.7612,330.5187,0.0019,0.0002,-0.0301,-0.2332,37.7612,-330.5187,0.00407,3.5777,-0.0224,0.0,3.5778,-5.8677,0.0169,-0.0001,0.0019,0.2433,-0.2781,5,0,-1,27.75,Driving,False,-0.036,0.0,-0.004,0.7,False,False,1,,,,NONE,False,Green,60.0
211,13.7881,8.85,372,Vehicle 3,vehicle,vehicle.tesla.model3,hero_2,37.9308,330.5175,0.0019,0.0015,-0.0413,-0.258,37.9308,-330.5175,0.004503,3.2711,-0.0295,0.0,3.2712,-6.1324,-0.1431,-0.0,-0.023,0.2098,-0.5553,5,0,-1,27.92,Driving,False,-0.037,0.0,-0.009,0.7,False,False,1,,,,NONE,False,Green,60.0
212,13.8381,8.9,372,Vehicle 3,vehicle,vehicle.tesla.model3,hero_2,38.0856,330.5161,0.002,0.0022,-0.0498,-0.2864,38.0856,-330.5161,0.004999,2.9823,-0.0306,0.0,2.9824,-5.7764,-0.0209,0.0,-0.0073,0.143,-0.5678,5,0,-1,28.08,Driving,False,-0.039,0.0,-0.009,0.7,False,False,1,,,,NONE,False,Green,60.0
213,13.8881,8.95,372,Vehicle 3,vehicle,vehicle.tesla.model3,hero_2,38.2255,330.5147,0.002,0.0021,-0.0563,-0.313,38.2255,-330.5147,0.005463,2.6773,-0.0291,0.0,2.6774,-6.1002,0.0304,-0.0,0.0069,0.1238,-0.505,5,0,-1,28.22,Driving,False,-0.04,0.0,-0.009,0.7,False,False,1,,,,NONE,False,Green,60.0
214,13.9381,9.0,372,Vehicle 3,vehicle,vehicle.tesla.model3,hero_2,38.351,330.5135,0.002,0.0018,-0.0607,-0.3372,38.351,-330.5135,0.005885,2.3988,-0.0277,0.0,2.399,-5.5686,0.0277,0.0,0.0075,0.0649,-0.4702,5,0,-1,28.34,Driving,False,-0.042,0.0,-0.009,0.7,False,False,1,,,,NONE,False,Green,60.0
215,13.9881,9.05,372,Vehicle 3,vehicle,vehicle.tesla.model3,hero_2,38.4638,330.5126,0.002,-0.0005,-0.0619,-0.3425,38.4638,-330.5126,0.005978,2.1859,-0.0139,0.0,2.186,-4.2583,0.275,-0.0,0.0449,-0.0247,0.0236,5,0,-1,28.45,Driving,False,-0.043,0.75,0.002,0.0,False,False,1,,,,NONE,False,Green,60.0
216,14.0381,9.1,372,Vehicle 3,vehicle,vehicle.tesla.model3,hero_2,38.5716,330.5121,0.002,-0.0019,-0.0554,-0.3385,38.5716,-330.5121,0.005908,2.1474,-0.0106,0.0,2.1474,-0.7705,0.0668,0.0,0.016,-0.1876,0.0961,5,0,-1,28.56,Driving,False,-0.043,0.75,0.002,0.0,False,False,1,,,,NONE,False,Green,60.0
217,14.0881,9.15,372,Vehicle 3,vehicle,vehicle.tesla.model3,hero_2,38.6791,330.5114,0.0019,-0.0022,-0.0445,-0.3336,38.6791,-330.5114,0.005822,2.1562,-0.0098,0.0,2.1562,0.1756,0.0149,-0.0,-0.0017,-0.2288,0.1002,5,0,-1,28.67,Driving,False,-0.044,0.75,0.002,0.0,False,False,1,,,,NONE,False,Green,60.0
218,14.1381,9.2,372,Vehicle 3,vehicle,vehicle.tesla.model3,hero_2,38.7888,330.511,0.0019,-0.002,-0.0322,-0.3284,38.7888,-330.511,0.005732,2.2208,-0.0097,0.0,2.2208,1.2923,0.0032,0.0,-0.0066,-0.2541,0.1068,5,0,-1,28.78,Driving,False,-0.044,0.75,0.002,0.0,False,False,1,,,,NONE,False,Green,60.0
219,14.1881,9.25,372,Vehicle 3,vehicle,vehicle.tesla.model3,hero_2,38.9023,330.5104,0.0018,-0.0015,-0.0202,-0.3242,38.9023,-330.5104,0.005658,2.3033,-0.0107,0.0,2.3034,1.6512,-0.0208,-0.0,-0.0104,-0.227,0.0763,5,0,-1,28.89,Driving,False,-0.045,0.75,0.001,0.0,False,False,1,,,,NONE,False,Green,60.0
220,14.2381,9.3,372,Vehicle 3,vehicle,vehicle.tesla.model3,hero_2,39.0209,330.5098,0.0017,-0.0012,-0.0093,-0.3203,39.0209,-330.5098,0.00559,2.4166,-0.0112,0.0,2.4167,2.2659,-0.0093,0.0001,-0.0073,-0.2118,0.0789,5,0,-1,29.01,Driving,False,-0.046,0.75,0.001,0.0,False,False,1,,,,NONE,False,Green,60.0
221,14.2881,9.35,372,Vehicle 3,vehicle,vehicle.tesla.model3,hero_2,39.1451,330.5092,0.0017,-0.0009,0.0,-0.3163,39.1451,-330.5092,0.00552,2.5301,-0.0116,-0.0,2.5301,2.2695,-0.009,-0.0001,-0.0054,-0.1686,0.0801,5,0,-1,29.14,Driving,False,-0.046,0.75,0.001,0.0,False,False,1,,,,NONE,False,Green,60.0
222,14.3381,9.4,372,Vehicle 3,vehicle,vehicle.tesla.model3,hero_2,39.2757,330.5086,0.0016,-0.0007,0.0078,-0.3122,39.2757,-330.5086,0.005449,2.6621,-0.012,-0.0,2.6621,2.6387,-0.008,0.0,-0.0035,-0.1473,0.0859,5,0,-1,29.27,Driving,False,-0.047,0.75,0.001,0.0,False,False,1,,,,NONE,False,Green,60.0
223,14.3881,9.45,372,Vehicle 3,vehicle,vehicle.tesla.model3,hero_2,39.4123,330.5083,0.0016,-0.0027,0.0137,-0.2884,39.4123,-330.5083,0.005034,2.7747,0.0016,0.0,2.7747,2.2526,0.2737,0.0,0.0385,-0.0951,0.5975,5,0,-1,29.4,Driving,False,-0.047,0.3,0.011,0.0,False,False,1,,,,NONE,False,Green,60.0
224,14.4381,9.5,372,Vehicle 3,vehicle,vehicle.tesla.model3,hero_2,39.5537,330.5084,0.0016,-0.004,0.0169,-0.2554,39.5537,-330.5084,0.004458,2.8597,0.0061,-0.0,2.8597,1.7002,0.0881,-0.0001,0.0151,-0.0436,0.6848,5,0,-1,29.54,Driving,False,-0.047,0.3,0.011,0.0,False,False,1,,,,NONE,False,Green,60.0
225,14.4881,9.55,372,Vehicle 3,vehicle,vehicle.tesla.model3,hero_2,39.6983,330.5086,0.0016,-0.0042,0.0174,-0.221,39.6983,-330.5086,0.003857,2.9079,0.0081,0.0,2.9079,0.964,0.0413,0.0001,-0.0024,0.0086,0.688,5,0,-1,29.69,Driving,False,-0.047,0.3,0.011,0.0,False,False,1,,,,NONE,False,Green,60.0
226,14.5381,9.6,372,Vehicle 3,vehicle,vehicle.tesla.model3,hero_2,39.8449,330.5088,0.0016,-0.0039,0.0164,-0.1859,39.8449,-330.5088,0.003245,2.9494,0.0105,-0.0,2.9495,0.831,0.0475,-0.0,-0.0045,0.0245,0.7116,5,0,-1,29.84,Driving,False,-0.047,0.3,0.011,0.0,False,False,1,,,,NONE,False,Green,60.0
227,14.5881,9.65,372,Vehicle 3,vehicle,vehicle.tesla.model3,hero_2,39.9916,330.5088,0.0016,-0.0017,0.0129,-0.1674,39.9916,-330.5088,0.002922,2.904,0.0001,0.0,2.904,-0.9092,-0.2077,0.0001,-0.0442,0.1123,0.2578,5,0,-1,29.98,Driving,False,-0.047,0.0,0.003,0.7,False,False,1,,,,NONE,False,Green,60.0
228,14.6381,9.7,372,Vehicle 3,vehicle,vehicle.tesla.model3,hero_2,40.1323,330.5087,0.0017,-0.0002,0.0043,-0.1568,40.1323,-330.5087,0.002737,2.7428,-0.0014,0.0,2.7428,-3.2242,-0.0298,-0.0,-0.0199,0.2085,0.1937,5,0,-1,30.12,Driving,False,-0.047,0.0,0.003,0.7,False,False,1,,,,NONE,False,Green,60.0
229,14.6881,9.75,372,Vehicle 3,vehicle,vehicle.tesla.model3,hero_2,40.2615,330.5087,0.0017,0.0003,-0.0088,-0.1481,40.2615,-330.5087,0.002585,2.476,-0.0014,0.0,2.476,-5.3353,-0.0013,0.0,-0.0072,0.2854,0.1636,5,0,-1,30.25,Driving,False,-0.047,0.0,0.003,0.7,False,False,1,,,,NONE,False,Green,60.0
230,14.7381,9.8,372,Vehicle 3,vehicle,vehicle.tesla.model3,hero_2,40.3714,330.5087,0.0019,0.0006,-0.0296,-0.1411,40.3714,-330.5087,0.002463,1.8688,-0.0012,-0.0,1.8688,-12.1448,0.0045,-0.0001,-0.0051,0.6536,0.1072,5,0,-1,30.36,Driving,False,-0.048,0.0,0.003,0.7,False,False,1,,,,NONE,False,Green,60.0
231,14.7881,9.85,372,Vehicle 3,vehicle,vehicle.tesla.model3,hero_2,40.4245,330.5087,0.0022,0.0006,-0.0806,-0.1337,40.4245,-330.5087,0.002334,0.5401,0.0018,-0.0,0.5401,-26.573,0.0609,-0.0,-0.0041,1.1335,0.0935,5,0,-1,30.42,Driving,False,-0.048,0.75,0.018,0.0,False,False,1,,,,NONE,False,Green,60.0
232,14.8381,9.9,372,Vehicle 3,vehicle,vehicle.tesla.model3,hero_2,40.4415,330.5088,0.0023,0.0005,-0.1039,-0.1275,40.4415,-330.5088,0.002225,0.3655,0.0039,-0.0,0.3655,-3.4927,0.042,-0.0001,0.0104,0.031,0.1816,5,0,-1,30.43,Driving,False,-0.047,0.75,0.018,0.0,False,False,1,,,,NONE,False,Green,60.0
233,14.8881,9.95,372,Vehicle 3,vehicle,vehicle.tesla.model3,hero_2,40.4668,330.509,0.0022,-0.0001,-0.0856,-0.1195,40.4668,-330.509,0.002086,0.5872,0.0057,-0.0,0.5873,4.435,0.0345,0.0001,0.0136,-0.5106,0.0253,5,0,-1,30.46,Driving,False,-0.047,0.75,0.018,0.0,False,False,1,,,,NONE,False,Green,60.0
234,14.9381,10.0,372,Vehicle 3,vehicle,vehicle.tesla.model3,hero_2,40.4984,330.5091,0.002,-0.0005,-0.0623,-0.0944,40.4984,-330.5091,0.001648,0.6404,0.0065,0.0,0.6405,1.0643,0.0176,0.0001,0.0025,-0.3939,0.4864,5,0,-1,30.49,Driving,False,-0.047,0.75,0.018,0.0,False,False,1,,,,NONE,False,Green,60.0
235,14.9881,10.05,372,Vehicle 3,vehicle,vehicle.tesla.model3,hero_2,40.538,330.5095,0.0019,-0.0013,-0.0384,-0.072,40.538,-330.5095,0.001257,0.856,0.0108,0.0,0.856,4.3103,0.0859,0.0,0.0127,-0.4567,0.7442,5,0,-1,30.53,Driving,False,-0.047,0.75,0.021,0.0,False,False,1,,,,NONE,False,Green,60.0
236,15.0381,10.1,372,Vehicle 3,vehicle,vehicle.tesla.model3,hero_2,40.5838,330.5099,0.0018,-0.0017,-0.0207,-0.032,40.5838,-330.5099,0.000559,0.9824,0.0134,0.0,0.9825,2.5286,0.0515,-0.0001,0.009,-0.3528,0.5579,5,0,-1,30.57,Driving,False,-0.046,0.75,0.021,0.0,False,False,1,,,,NONE,False,Green,60.0
237,15.0881,10.15,372,Vehicle 3,vehicle,vehicle.tesla.model3,hero_2,40.6354,330.5105,0.0017,-0.0018,-0.0078,-0.0228,40.6354,-330.5105,0.000398,1.0641,0.0143,0.0,1.0642,1.6342,0.018,-0.0,-0.0014,-0.1943,-0.1546,5,0,-1,30.63,Driving,False,-0.046,0.75,0.021,0.0,False,False,1,,,,NONE,False,Green,60.0
238,15.1381,10.2,372,Vehicle 3,vehicle,vehicle.tesla.model3,hero_2,40.6942,330.5112,0.0017,-0.002,0.0031,-0.0016,40.6942,-330.5112,2.8e-05,1.2553,0.0177,0.0,1.2554,3.8242,0.0684,-0.0,0.0084,-0.25,0.5667,5,0,-1,30.69,Driving,False,-0.045,0.75,0.021,0.0,False,False,1,,,,NONE,False,Green,60.0
239,15.1881,10.25,372,Vehicle 3,vehicle,vehicle.tesla.model3,hero_2,40.7594,330.5117,0.0016,-0.0009,0.0108,0.0188,40.7594,-330.5117,-0.000328,1.3353,0.0114,-0.0,1.3354,1.6004,-0.1261,-0.0,-0.0217,-0.0896,0.3563,5,0,-1,30.75,Driving,False,-0.045,0.75,0.011,0.0,False,False,1,,,,NONE,False,Green,60.0
240,15.2381,10.3,372,Vehicle 3,vehicle,vehicle.tesla.model3,hero_2,40.8323,330.5122,0.0016,-0.0005,0.0177,0.0378,40.8323,-330.5122,-0.00066,1.5373,0.0127,0.0,1.5373,4.0392,0.0255,0.0001,-0.0019,-0.1697,0.3971,5,0,-1,30.82,Driving,False,-0.044,0.75,0.011,0.0,False,False,1,,,,NONE,False,Green,60.0
241,15.2881,10.35,372,Vehicle 3,vehicle,vehicle.tesla.model3,hero_2,40.9117,330.5127,0.0016,-0.0005,0.0219,0.058,40.9117,-330.5127,-0.001012,1.6208,0.0137,0.0,1.6208,1.6701,0.021,-0.0001,0.001,-0.0309,0.3921,5,0,-1,30.9,Driving,False,-0.044,0.75,0.011,0.0,False,False,1,,,,NONE,False,Green,60.0
242,15.3381,10.4,372,Vehicle 3,vehicle,vehicle.tesla.model3,hero_2,40.9987,330.5134,0.0015,-0.0007,0.026,0.0804,40.9987,-330.5134,-0.001403,1.8173,0.016,-0.0,1.8174,3.9305,0.0454,-0.0,0.0068,-0.1143,0.4737,5,0,-1,30.99,Driving,False,-0.043,0.75,0.011,0.0,False,False,1,,,,NONE,False,Green,60.0
243,15.3881,10.45,372,Vehicle 3,vehicle,vehicle.tesla.model3,hero_2,41.0921,330.514,0.0015,-0.0009,0.0281,0.1033,41.0921,-330.514,-0.001803,1.9044,0.0168,-0.0,1.9045,1.7412,0.0153,-0.0,0.0013,0.0032,0.4654,5,0,-1,31.08,Driving,False,-0.043,0.75,0.011,0.0,False,False,1,,,,NONE,False,Green,60.0
244,15.4381,10.5,372,Vehicle 3,vehicle,vehicle.tesla.model3,hero_2,41.1931,330.5148,0.0015,-0.001,0.0305,0.1276,41.1931,-330.5148,-0.002227,2.0953,0.0192,0.0,2.0953,3.8175,0.0484,0.0,0.0056,-0.0802,0.5039,5,0,-1,31.18,Driving,False,-0.042,0.75,0.011,0.0,False,False,1,,,,NONE,False,Green,60.0
245,15.4881,10.55,372,Vehicle 3,vehicle,vehicle.tesla.model3,hero_2,41.3006,330.5157,0.0015,-0.0013,0.0314,0.1534,41.3006,-330.5157,-0.002677,2.186,0.0209,-0.0,2.1861,1.8157,0.0342,-0.0,0.0025,0.0203,0.5238,5,0,-1,31.29,Driving,False,-0.041,0.75,0.011,0.0,False,False,1,,,,NONE,False,Green,60.0
246,15.5381,10.6,372,Vehicle 3,vehicle,vehicle.tesla.model3,hero_2,41.4155,330.5167,0.0015,-0.0015,0.0328,0.1809,41.4155,-330.5167,-0.003157,2.3703,0.0237,-0.0,2.3704,3.6846,0.0567,0.0,0.0055,-0.0583,0.5657,5,0,-1,31.41,Driving,False,-0.04,0.75,0.011,0.0,False,False,1,,,,NONE,False,Green,60.0
247,15.5881,10.65,372,Vehicle 3,vehicle,vehicle.tesla.model3,hero_2,41.535,330.5175,0.0015,-0.0005,0.0311,0.1996,41.535,-330.5175,-0.003484,2.3824,0.0181,-0.0,2.3824,0.2419,-0.1129,-0.0,-0.02,0.1174,0.3195,5,0,-1,31.53,Driving,False,-0.039,0.0,0.006,0.7,False,False,1,,,,NONE,False,Green,60.0
248,15.6381,10.7,372,Vehicle 3,vehicle,vehicle.tesla.model3,hero_2,41.6534,330.5183,0.0015,0.0001,0.0239,0.2146,41.6534,-330.5183,-0.003745,2.3429,0.0174,-0.0,2.343,-0.7887,-0.0132,-0.0,-0.0074,0.1567,0.2908,5,0,-1,31.64,Driving,False,-0.039,0.0,0.006,0.7,False,False,1,,,,NONE,False,Green,60.0
249,15.6881,10.75,372,Vehicle 3,vehicle,vehicle.tesla.model3,hero_2,41.7624,330.519,0.0016,0.0003,0.0094,0.228,41.7624,-330.519,-0.003979,2.0636,0.0157,0.0,2.0636,-5.5867,-0.0353,0.0001,-0.0054,0.3654,0.2523,5,0,-1,31.75,Driving,False,-0.038,0.0,0.006,0.7,False,False,1,,,,NONE,False,Green,60.0
250,15.7381,10.8,372,Vehicle 3,vehicle,vehicle.tesla.model3,hero_2,41.8517,330.5197,0.0018,0.0006,-0.0161,0.2385,41.8517,-330.5197,-0.004163,1.367,0.0105,-0.0,1.367,-13.9318,-0.1033,-0.0,-0.0149,0.8705,0.1485,5,0,-1,31.84,Driving,False,-0.037,0.0,0.006,0.7,False,False,1,,,,NONE,False,Green,60.0
251,15.7881,10.85,372,Vehicle 3,vehicle,vehicle.tesla.model3,hero_2,41.881,330.5199,0.0021,0.0014,-0.0716,0.2412,41.881,-330.5199,-0.00421,0.1425,0.0012,-0.0,0.1425,-24.4898,-0.1861,-0.0,-0.0188,1.0643,0.0092,5,0,-1,31.87,Driving,False,-0.037,0.0,0.005,0.7,False,False,1,,,,NONE,False,Green,60.0
252,15.8381,10.9,372,Vehicle 3,vehicle,vehicle.tesla.model3,hero_2,41.8809,330.5199,0.0022,0.0016,-0.0938,0.2409,41.8809,-330.5199,-0.004204,0.0,0.0,-0.0,0.0,-2.8496,-0.0239,-0.0001,0.0003,0.0519,-0.0,5,0,-1,31.87,Driving,False,-0.037,0.0,0.005,0.7,False,False,1,,,,NONE,False,Green,60.0
253,15.8881,10.95,372,Vehicle 3,vehicle,vehicle.tesla.model3,hero_2,41.8809,330.5199,0.0022,0.0014,-0.0841,0.2409,41.8809,-330.5199,-0.004204,-0.0002,-0.0,0.0,0.0002,-0.0045,-0.0007,0.0001,0.0064,-0.2912,0.0,5,0,-1,31.87,Driving,False,-0.037,0.0,0.005,0.7,False,False,1,,,,NONE,False,Green,60.0
254,15.9381,11.0,372,Vehicle 3,vehicle,vehicle.tesla.model3,hero_2,41.881,330.5199,0.0021,0.0011,-0.0676,0.2409,41.881,-330.5199,-0.004204,-0.0002,-0.0,0.0,0.0002,-0.0006,-0.0001,-0.0,0.0071,-0.3359,0.0,5,0,-1,31.87,Driving,False,-0.037,0.0,0.005,0.7,False,False,1,,,,NONE,False,Green,60.0
255,15.9881,11.05,372,Vehicle 3,vehicle,vehicle.tesla.model3,hero_2,41.8812,330.5199,0.002,0.0009,-0.0519,0.2409,41.8812,-330.5199,-0.004204,-0.0002,-0.0,0.0,0.0002,0.0006,0.0001,0.0001,0.0061,-0.2924,0.0,5,0,-1,31.87,Driving,False,-0.037,0.75,0.006,0.0,False,False,1,,,,NONE,False,Green,60.0
256,16.0381,11.1,372,Vehicle 3,vehicle,vehicle.tesla.model3,hero_2,41.8829,330.5199,0.0019,0.0006,-0.0373,0.2412,41.8829,-330.5199,-0.00421,0.0895,0.0007,0.0,0.0895,1.7938,0.0154,-0.0,0.0076,-0.3471,0.0155,5,0,-1,31.87,Driving,False,-0.037,0.75,0.006,0.0,False,False,1,,,,NONE,False,Green,60.0
257,16.0881,11.15,372,Vehicle 3,vehicle,vehicle.tesla.model3,hero_2,41.8844,330.5199,0.0018,0.0005,-0.0278,0.2414,41.8844,-330.5199,-0.004213,-0.0108,-0.0001,0.0,0.0108,-2.0064,-0.0167,0.0001,0.0016,-0.0899,-0.0028,5,0,-1,31.88,Driving,False,-0.037,0.75,0.006,0.0,False,False,1,,,,NONE,False,Green,60.0
258,16.1381,11.2,372,Vehicle 3,vehicle,vehicle.tesla.model3,hero_2,41.8894,330.5199,0.0018,0.0003,-0.0176,0.2433,41.8894,-330.5199,-0.004246,0.0816,0.0004,0.0,0.0816,1.8486,0.0106,0.0,-0.0002,-0.112,0.5876,5,0,-1,31.88,Driving,False,-0.037,0.75,0.006,0.0,False,False,1,,,,NONE,False,Green,60.0
259,16.1881,11.25,372,Vehicle 3,vehicle,vehicle.tesla.model3,hero_2,41.8988,330.5199,0.0017,0.0002,-0.0078,0.2426,41.8988,-330.5199,-0.004234,0.2225,0.0015,0.0,0.2226,2.8191,0.0221,-0.0001,0.0035,-0.1892,-0.647,5,0,-1,31.89,Driving,False,-0.037,0.75,0.005,0.0,False,False,1,,,,NONE,False,Green,60.0
260,16.2381,11.3,372,Vehicle 3,vehicle,vehicle.tesla.model3,hero_2,41.9126,330.52,0.0017,0.0001,0.0002,0.2464,41.9126,-330.52,-0.0043,0.3466,0.0024,0.0,0.3467,2.482,0.0173,0.0,0.0035,-0.2004,0.2243,5,0,-1,31.9,Driving,False,-0.037,0.75,0.005,0.0,False,False,1,,,,NONE,False,Green,60.0
261,16.2881,11.35,372,Vehicle 3,vehicle,vehicle.tesla.model3,hero_2,41.9333,330.5201,0.0016,-0.0001,0.0078,0.252,41.9333,-330.5201,-0.004398,0.4549,0.0028,-0.0,0.4549,2.1644,0.0076,-0.0001,-0.0026,-0.1334,-0.9087,5,0,-1,31.92,Driving,False,-0.037,0.75,0.005,0.0,False,False,1,,,,NONE,False,Green,60.0
262,16.3381,11.4,372,Vehicle 3,vehicle,vehicle.tesla.model3,hero_2,41.9607,330.5201,0.0016,-0.0001,0.0149,0.2716,41.9607,-330.5201,-0.00474,0.6132,0.0047,-0.0,0.6132,3.1672,0.0389,0.0,0.0062,-0.1461,-0.1483,5,0,-1,31.95,Driving,False,-0.037,0.75,0.005,0.0,False,False,1,,,,NONE,False,Green,60.0
263,16.3881,11.45,372,Vehicle 3,vehicle,vehicle.tesla.model3,hero_2,41.9957,330.5203,0.0016,-0.0001,0.0206,0.2787,41.9957,-330.5203,-0.004864,0.7419,0.0044,-0.0,0.7419,2.5732,-0.0058,-0.0,-0.0011,-0.0772,0.2798,5,0,-1,31.99,Driving,False,-0.037,0.75,0.002,0.0,False,False,1,,,,NONE,False,Green,60.0
264,16.4381,11.5,372,Vehicle 3,vehicle,vehicle.tesla.model3,hero_2,42.0354,330.5204,0.0015,0.0,0.0222,0.2866,42.0354,-330.5204,-0.005002,0.84,0.0045,-0.0,0.84,1.9617,0.0011,0.0,-0.0018,-0.0374,-0.1694,5,0,-1,32.03,Driving,False,-0.037,0.75,0.002,0.0,False,False,1,,,,NONE,False,Green,60.0
265,16.4881,11.55,372,Vehicle 3,vehicle,vehicle.tesla.model3,hero_2,42.0812,330.5207,0.0015,-0.0001,0.0244,0.298,42.0812,-330.5207,-0.005201,0.9722,0.0059,-0.0,0.9722,2.6451,0.0281,-0.0,0.0005,-0.0497,0.6937,5,0,-1,32.07,Driving,False,-0.036,0.75,0.002,0.0,False,False,1,,,,NONE,False,Green,60.0
266,16.5381,11.6,372,Vehicle 3,vehicle,vehicle.tesla.model3,hero_2,42.1333,330.521,0.0015,-0.0002,0.026,0.308,42.1333,-330.521,-0.005376,1.0896,0.0069,0.0,1.0896,2.3477,0.0209,0.0001,0.0016,-0.0355,-0.488,5,0,-1,32.12,Driving,False,-0.036,0.75,0.002,0.0,False,False,1,,,,NONE,False,Green,60.0
267,16.5881,11.65,372,Vehicle 3,vehicle,vehicle.tesla.model3,hero_2,42.1914,330.5214,0.0015,-0.0001,0.0272,0.3053,42.1914,-330.5214,-0.005328,1.2256,0.0074,0.0,1.2256,2.7193,0.0099,0.0,-0.0005,-0.0505,0.095,5,0,-1,32.18,Driving,False,-0.036,0.75,0.001,0.0,False,False,1,,,,NONE,False,Green,60.0
268,16.6381,11.7,372,Vehicle 3,vehicle,vehicle.tesla.model3,hero_2,42.256,330.5219,0.0015,0.0,0.0285,0.2883,42.256,-330.5219,-0.005032,1.3266,0.0074,-0.0,1.3266,2.0195,0.0,-0.0001,-0.0049,0.0153,-0.3861,5,0,-1,32.25,Driving,False,-0.035,0.75,0.001,0.0,False,False,1,,,,NONE,False,Green,60.0
269,16.6881,11.75,372,Vehicle 3,vehicle,vehicle.tesla.model3,hero_2,42.328,330.5223,0.0015,0.0002,0.0306,0.2747,42.328,-330.5223,-0.004794,1.5252,0.0082,-0.0,1.5253,3.9738,0.0158,-0.0,-0.0014,-0.0948,-0.2611,5,0,-1,32.32,Driving,False,-0.035,0.75,0.001,0.0,False,False,1,,,,NONE,False,Green,60.0
270,16.7381,11.8,372,Vehicle 3,vehicle,vehicle.tesla.model3,hero_2,42.407,330.5228,0.0015,0.0002,0.0318,0.2717,42.407,-330.5228,-0.004742,1.6174,0.0086,-0.0,1.6175,1.8439,0.0082,0.0,0.0002,0.0206,0.0192,5,0,-1,32.4,Driving,False,-0.035,0.75,0.001,0.0,False,False,1,,,,NONE,False,Green,60.0
271,16.7881,11.85,372,Vehicle 3,vehicle,vehicle.tesla.model3,hero_2,42.4938,330.5229,0.0015,0.0016,0.0335,0.2608,42.4938,-330.5229,-0.004552,1.8124,0.0007,-0.0,1.8124,3.8994,-0.1588,-0.0,-0.0248,-0.0684,-0.2867,5,0,-1,32.48,Driving,False,-0.034,0.612,-0.007,0.0,False,False,1,,,,NONE,False,Green,60.0
272,16.8381,11.9,372,Vehicle 3,vehicle,vehicle.tesla.model3,hero_2,42.5865,330.523,0.0015,0.0022,0.0332,0.2455,42.5865,-330.523,-0.004285,1.8811,-0.0008,-0.0,1.8811,1.3736,-0.0301,0.0,-0.0058,0.0547,-0.3134,5,0,-1,32.58,Driving,False,-0.034,0.612,-0.007,0.0,False,False,1,,,,NONE,False,Green,60.0
273,16.8881,11.95,372,Vehicle 3,vehicle,vehicle.tesla.model3,hero_2,42.6857,330.5231,0.0015,0.0023,0.0331,0.229,42.6857,-330.5231,-0.003997,2.0488,-0.0017,-0.0,2.0488,3.3547,-0.017,0.0,0.0002,-0.0337,-0.3425,5,0,-1,32.68,Driving,False,-0.034,0.612,-0.007,0.0,False,False,1,,,,NONE,False,Green,60.0
274,16.9381,12.0,372,Vehicle 3,vehicle,vehicle.tesla.model3,hero_2,42.7898,330.523,0.0015,0.0021,0.0317,0.2116,42.7898,-330.523,-0.003693,2.1055,-0.0024,-0.0,2.1055,1.1342,-0.0138,0.0,0.0041,0.0688,-0.3506,5,0,-1,32.78,Driving,False,-0.034,0.612,-0.007,0.0,False,False,1,,,,NONE,False,Green,60.0
275,16.9881,12.05,372,Vehicle 3,vehicle,vehicle.tesla.model3,hero_2,42.8981,330.5232,0.0015,0.0014,0.0293,0.198,42.8981,-330.5232,-0.003456,2.1919,0.0,-0.0,2.1919,1.728,0.0479,-0.0,0.0127,0.0427,-0.2495,5,0,-1,32.89,Driving,False,-0.034,0.0,-0.005,1.0,False,False,1,,,,NONE,False,Green,60.0
276,17.0381,12.1,372,Vehicle 3,vehicle,vehicle.tesla.model3,hero_2,43.0029,330.5232,0.0016,0.0009,0.0199,0.1865,43.0029,-330.5232,-0.003255,2.0109,0.0,0.0,2.0109,-3.6212,-0.0003,0.0001,0.0088,0.2885,-0.2181,5,0,-1,32.99,Driving,False,-0.034,0.0,-0.005,1.0,False,False,1,,,,NONE,False,Green,60.0
277,17.0881,12.15,372,Vehicle 3,vehicle,vehicle.tesla.model3,hero_2,43.0902,330.5233,0.0017,0.0004,-0.0045,0.1775,43.0902,-330.5233,-0.003098,1.3277,-0.0001,0.0,1.3277,-13.6641,-0.0019,-0.0,0.0123,0.8815,-0.1266,5,0,-1,33.08,Driving,False,-0.034,0.0,-0.005,1.0,False,False,1,,,,NONE,False,Green,60.0
278,17.1381,12.2,372,Vehicle 3,vehicle,vehicle.tesla.model3,hero_2,43.1183,330.5233,0.002,-0.0005,-0.0604,0.1751,43.1183,-330.5233,-0.003056,0.1842,-0.0002,-0.0,0.1842,-22.8696,-0.002,-0.0001,0.012,0.9848,-0.0169,5,0,-1,33.11,Driving,False,-0.034,0.0,-0.005,1.0,False,False,1,,,,NONE,False,Green,60.0
279,17.1881,12.25,372,Vehicle 3,vehicle,vehicle.tesla.model3,hero_2,43.1182,330.5233,0.0022,-0.0009,-0.084,0.1748,43.1182,-330.5233,-0.003051,0.0001,-0.0,-0.0,0.0001,-3.6827,0.0027,0.0,0.0026,0.0884,-0.0,5,0,-1,33.11,Driving,False,-0.034,0.525,-0.001,0.3,False,False,1,,,,NONE,False,Green,60.0
280,17.2381,12.3,372,Vehicle 3,vehicle,vehicle.tesla.model3,hero_2,43.1182,330.5233,0.0021,-0.0009,-0.0764,0.1748,43.1182,-330.5233,-0.003051,-0.0002,0.0,-0.0,0.0002,-0.0045,0.0008,0.0,-0.0015,-0.2519,-0.0,5,0,-1,33.11,Driving,False,-0.034,0.525,-0.001,0.3,False,False,1,,,,NONE,False,Green,60.0
281,17.2881,12.35,372,Vehicle 3,vehicle,vehicle.tesla.model3,hero_2,43.1183,330.5233,0.002,-0.0007,-0.0617,0.1748,43.1183,-330.5233,-0.003051,-0.0002,0.0,0.0,0.0002,-0.0007,0.0002,0.0001,-0.0024,-0.3023,-0.0,5,0,-1,33.11,Driving,False,-0.034,0.525,-0.001,0.3,False,False,1,,,,NONE,False,Green,60.0
282,17.3381,12.4,372,Vehicle 3,vehicle,vehicle.tesla.model3,hero_2,43.1185,330.5233,0.002,-0.0005,-0.0475,0.1748,43.1185,-330.5233,-0.003051,-0.0002,0.0,0.0,0.0002,0.0005,-0.0,0.0,-0.0023,-0.266,-0.0,5,0,-1,33.11,Driving,False,-0.034,0.525,-0.001,0.3,False,False,1,,,,NONE,False,Green,60.0
283,17.3881,12.45,372,Vehicle 3,vehicle,vehicle.tesla.model3,hero_2,43.1185,330.5233,0.0019,-0.0004,-0.0358,0.1748,43.1185,-330.5233,-0.003051,-0.0001,0.0,0.0,0.0001,0.0007,-0.0001,0.0,-0.0019,-0.2121,-0.0,5,0,-1,33.11,Driving,False,-0.034,0.525,-0.001,0.3,False,False,1,,,,NONE,False,Green,60.0
284,17.4381,12.5,372,Vehicle 3,vehicle,vehicle.tesla.model3,hero_2,43.1186,330.5233,0.0018,-0.0003,-0.0267,0.1748,43.1186,-330.5233,-0.003051,-0.0001,0.0,0.0,0.0001,0.0007,-0.0001,-0.0,-0.0014,-0.1625,-0.0,5,0,-1,33.11,Driving,False,-0.034,0.525,-0.001,0.3,False,False,1,,,,NONE,False,Green,60.0
285,17.4881,12.55,372,Vehicle 3,vehicle,vehicle.tesla.model3,hero_2,43.1187,330.5233,0.0018,-0.0002,-0.0198,0.1748,43.1187,-330.5233,-0.003051,-0.0001,0.0,0.0,0.0001,0.0006,-0.0001,0.0,-0.0011,-0.1222,-0.0,5,0,-1,33.11,Driving,False,-0.034,0.525,-0.001,0.3,False,False,1,,,,NONE,False,Green,60.0
286,17.5381,12.6,372,Vehicle 3,vehicle,vehicle.tesla.model3,hero_2,43.1187,330.5233,0.0018,-0.0002,-0.0147,0.1748,43.1187,-330.5233,-0.003051,-0.0001,0.0,0.0,0.0001,0.0004,-0.0,-0.0,-0.0008,-0.0911,-0.0,5,0,-1,33.11,Driving,False,-0.034,0.525,-0.001,0.3,False,False,1,,,,NONE,False,Green,60.0
287,17.5881,12.65,372,Vehicle 3,vehicle,vehicle.tesla.model3,hero_2,43.1187,330.5233,0.0018,-0.0002,-0.0128,0.1748,43.1187,-330.5233,-0.003051,-0.0,0.0,-0.0,0.0,0.0007,-0.0001,-0.0,-0.0003,-0.0423,-0.0,5,0,-1,33.11,Driving,False,-0.034,0.525,-0.002,0.3,False,False,1,,,,NONE,False,Green,60.0
288,17.6381,12.7,372,Vehicle 3,vehicle,vehicle.tesla.model3,hero_2,43.1187,330.5233,0.0017,-0.0001,-0.0103,0.1748,43.1187,-330.5233,-0.003051,-0.0,0.0,0.0,0.0,-0.0001,0.0,0.0,-0.0005,-0.0506,-0.0,5,0,-1,33.11,Driving,False,-0.034,0.525,-0.002,0.3,False,False,1,,,,NONE,False,Green,60.0
289,17.6881,12.75,372,Vehicle 3,vehicle,vehicle.tesla.model3,hero_2,43.1187,330.5233,0.0017,-0.0001,-0.0079,0.1748,43.1187,-330.5233,-0.003051,-0.0,0.0,0.0,0.0,0.0001,-0.0,0.0,-0.0004,-0.0444,-0.0,5,0,-1,33.11,Driving,False,-0.034,0.525,-0.002,0.3,False,False,1,,,,NONE,False,Green,60.0
290,17.7381,12.8,372,Vehicle 3,vehicle,vehicle.tesla.model3,hero_2,43.1187,330.5233,0.0017,-0.0001,-0.006,0.1748,43.1187,-330.5233,-0.003051,-0.0,0.0,0.0,0.0,0.0001,-0.0,-0.0,-0.0003,-0.0355,-0.0,5,0,-1,33.11,Driving,False,-0.034,0.525,-0.002,0.3,False,False,1,,,,NONE,False,Green,60.0
291,17.7881,12.85,372,Vehicle 3,vehicle,vehicle.tesla.model3,hero_2,43.1188,330.5233,0.0017,-0.0,-0.0045,0.1748,43.1188,-330.5233,-0.003051,-0.0,0.0,0.0,0.0,0.0001,-0.0,0.0,-0.0002,-0.0271,-0.0,5,0,-1,33.11,Driving,False,-0.034,0.525,-0.001,0.3,False,False,1,,,,NONE,False,Green,60.0
292,17.8381,12.9,372,Vehicle 3,vehicle,vehicle.tesla.model3,hero_2,43.1188,330.5233,0.0017,-0.0,-0.0033,0.1748,43.1188,-330.5233,-0.003051,-0.0,0.0,0.0,0.0,0.0001,-0.0,0.0,-0.0002,-0.0204,-0.0,5,0,-1,33.11,Driving,False,-0.034,0.525,-0.001,0.3,False,False,1,,,,NONE,False,Green,60.0
293,17.8881,12.95,372,Vehicle 3,vehicle,vehicle.tesla.model3,hero_2,43.1188,330.5233,0.0017,-0.0,-0.0024,0.1748,43.1188,-330.5233,-0.003051,-0.0,0.0,0.0,0.0,0.0001,-0.0,-0.0,-0.0001,-0.0152,-0.0,5,0,-1,33.11,Driving,False,-0.034,0.525,-0.001,0.3,False,False,1,,,,NONE,False,Green,60.0
294,17.9381,13.0,372,Vehicle 3,vehicle,vehicle.tesla.model3,hero_2,43.1188,330.5233,0.0017,-0.0,-0.0018,0.1748,43.1188,-330.5233,-0.003051,-0.0,0.0,0.0,0.0,0.0001,-0.0,-0.0,-0.0001,-0.0113,-0.0,5,0,-1,33.11,Driving,False,-0.034,0.525,-0.001,0.3,False,False,1,,,,NONE,False,Green,60.0
295,17.9881,13.05,372,Vehicle 3,vehicle,vehicle.tesla.model3,hero_2,43.1188,330.5233,0.0017,0.0,-0.0015,0.1748,43.1188,-330.5233,-0.003051,-0.0,0.0,-0.0,0.0,0.0001,-0.0,-0.0,-0.0001,-0.0032,-0.0,5,0,-1,33.11,Driving,False,-0.034,0.525,-0.001,0.3,False,False,1,,,,NONE,False,Green,60.0
296,18.0381,13.1,372,Vehicle 3,vehicle,vehicle.tesla.model3,hero_2,43.1188,330.5233,0.0017,0.0,-0.0012,0.1748,43.1188,-330.5233,-0.003051,-0.0,0.0,0.0,0.0,-0.0,-0.0,0.0,-0.0001,-0.0055,0.0,5,0,-1,33.11,Driving,False,-0.034,0.525,-0.001,0.3,False,False,1,,,,NONE,False,Green,60.0
297,18.0881,13.15,372,Vehicle 3,vehicle,vehicle.tesla.model3,hero_2,43.1188,330.5233,0.0017,0.0,-0.001,0.1748,43.1188,-330.5233,-0.003051,-0.0,0.0,0.0,0.0,0.0,0.0,0.0,-0.0001,-0.0052,0.0,5,0,-1,33.11,Driving,False,-0.034,0.525,-0.001,0.3,False,False,1,,,,NONE,False,Green,60.0
298,18.1381,13.2,372,Vehicle 3,vehicle,vehicle.tesla.model3,hero_2,43.1188,330.5233,0.0017,0.0,-0.0007,0.1748,43.1188,-330.5233,-0.003051,-0.0,-0.0,0.0,0.0,0.0,-0.0,0.0,-0.0,-0.0043,0.0,5,0,-1,33.11,Driving,False,-0.034,0.525,-0.001,0.3,False,False,1,,,,NONE,False,Green,60.0
299,18.1881,13.25,372,Vehicle 3,vehicle,vehicle.tesla.model3,hero_2,43.1188,330.5233,0.0017,0.0,-0.0006,0.1748,43.1188,-330.5233,-0.003051,-0.0,-0.0,0.0,0.0,0.0,-0.0,-0.0,-0.0,-0.0033,-0.0,5,0,-1,33.11,Driving,False,-0.034,0.525,0.002,0.3,False,False,1,,,,NONE,False,Green,60.0
300,18.2381,13.3,372,Vehicle 3,vehicle,vehicle.tesla.model3,hero_2,43.1188,330.5233,0.0017,0.0,-0.0004,0.1748,43.1188,-330.5233,-0.003051,-0.0,0.0,0.0,0.0,0.0,0.0,0.0,-0.0001,-0.0025,-0.0,5,0,-1,33.11,Driving,False,-0.034,0.525,0.002,0.3,False,False,1,,,,NONE,False,Green,60.0
301,18.2881,13.35,372,Vehicle 3,vehicle,vehicle.tesla.model3,hero_2,43.1188,330.5233,0.0017,0.0,-0.0004,0.1748,43.1188,-330.5233,-0.003051,-0.0,0.0,0.0,0.0,0.0,0.0,0.0,0.0,-0.0019,-0.0,5,0,-1,33.11,Driving,False,-0.034,0.525,0.002,0.3,False,False,1,,,,NONE,False,Green,60.0
302,18.3381,13.4,372,Vehicle 3,vehicle,vehicle.tesla.model3,hero_2,43.1188,330.5233,0.0017,0.0,-0.0002,0.1748,43.1188,-330.5233,-0.003051,-0.0,-0.0,0.0,0.0,0.0,-0.0,-0.0,0.0,-0.0014,-0.0,5,0,-1,33.11,Driving,False,-0.034,0.525,0.002,0.3,False,False,1,,,,NONE,False,Green,60.0
303,18.3881,13.45,372,Vehicle 3,vehicle,vehicle.tesla.model3,hero_2,43.1188,330.5233,0.0017,0.0,-0.0002,0.1748,43.1188,-330.5233,-0.003051,-0.0,-0.0,0.0,0.0,0.0,-0.0,0.0,0.0,-0.001,0.0,5,0,-1,33.11,Driving,False,-0.034,0.525,-0.002,0.3,False,False,1,,,,NONE,False,Green,60.0
304,18.4381,13.5,372,Vehicle 3,vehicle,vehicle.tesla.model3,hero_2,43.1188,330.5233,0.0017,0.0,-0.0002,0.1748,43.1188,-330.5233,-0.003051,-0.0,-0.0,-0.0,0.0,0.0,-0.0,-0.0,0.0,-0.0006,-0.0,5,0,-1,33.11,Driving,False,-0.034,0.525,-0.002,0.3,False,False,1,,,,NONE,False,Green,60.0
305,18.4881,13.55,372,Vehicle 3,vehicle,vehicle.tesla.model3,hero_2,43.1188,330.5233,0.0017,0.0,-0.0002,0.1748,43.1188,-330.5233,-0.003051,-0.0,0.0,-0.0,0.0,-0.0,0.0,0.0,-0.0001,-0.0006,0.0,5,0,-1,33.11,Driving,False,-0.034,0.525,-0.002,0.3,False,False,1,,,,NONE,False,Green,60.0
306,18.5381,13.6,372,Vehicle 3,vehicle,vehicle.tesla.model3,hero_2,43.1188,330.5233,0.0017,0.0,-0.0002,0.1748,43.1188,-330.5233,-0.003051,-0.0,0.0,-0.0,0.0,0.0,-0.0,0.0,-0.0,-0.0005,0.0,5,0,-1,33.11,Driving,False,-0.034,0.525,-0.002,0.3,False,False,1,,,,NONE,False,Green,60.0
307,18.5881,13.65,372,Vehicle 3,vehicle,vehicle.tesla.model3,hero_2,43.1188,330.5233,0.0017,0.0,-0.0002,0.1748,43.1188,-330.5233,-0.003051,-0.0,0.0,0.0,0.0,0.0,0.0,0.0,-0.0001,-0.0004,0.0,5,0,-1,33.11,Driving,False,-0.034,0.525,-0.001,0.3,False,False,1,,,,NONE,False,Green,60.0
308,18.6381,13.7,372,Vehicle 3,vehicle,vehicle.tesla.model3,hero_2,43.1188,330.5233,0.0017,0.0,-0.0002,0.1748,43.1188,-330.5233,-0.003051,-0.0,0.0,-0.0,0.0,0.0,0.0,-0.0,-0.0,-0.0003,0.0,5,0,-1,33.11,Driving,False,-0.034,0.525,-0.001,0.3,False,False,1,,,,NONE,False,Green,60.0
309,18.6881,13.75,372,Vehicle 3,vehicle,vehicle.tesla.model3,hero_2,43.1188,330.5233,0.0017,0.0,-0.0,0.1748,43.1188,-330.5233,-0.003051,-0.0,0.0,0.0,0.0,0.0,0.0,0.0,-0.0001,-0.0002,0.0,5,0,-1,33.11,Driving,False,-0.034,0.525,-0.001,0.3,False,False,1,,,,NONE,False,Green,60.0
310,18.7381,13.8,372,Vehicle 3,vehicle,vehicle.tesla.model3,hero_2,43.1188,330.5233,0.0017,0.0,-0.0,0.1748,43.1188,-330.5233,-0.003051,-0.0,-0.0,-0.0,0.0,0.0,-0.0,-0.0,0.0001,-0.0002,-0.0,5,0,-1,33.11,Driving,False,-0.034,0.525,-0.001,0.3,False,False,1,,,,NONE,False,Green,60.0
311,18.7881,13.85,372,Vehicle 3,vehicle,vehicle.tesla.model3,hero_2,43.1188,330.5233,0.0017,0.0,-0.0,0.1748,43.1188,-330.5233,-0.003051,-0.0,-0.0,-0.0,0.0,0.0,-0.0,0.0,0.0001,-0.0001,-0.0,5,0,-1,33.11,Driving,False,-0.034,0.525,-0.001,0.3,False,False,1,,,,NONE,False,Green,60.0
312,18.8381,13.9,372,Vehicle 3,vehicle,vehicle.tesla.model3,hero_2,43.1188,330.5233,0.0017,0.0,-0.0,0.1748,43.1188,-330.5233,-0.003051,-0.0,-0.0,-0.0,0.0,0.0,0.0,0.0,-0.0,-0.0,-0.0,5,0,-1,33.11,Driving,False,-0.034,0.525,-0.001,0.3,False,False,1,,,,NONE,False,Green,60.0
313,18.8881,13.95,372,Vehicle 3,vehicle,vehicle.tesla.model3,hero_2,43.1188,330.5233,0.0017,0.0,-0.0,0.1748,43.1188,-330.5233,-0.003051,-0.0,0.0,0.0,0.0,-0.0,0.0,0.0,0.0,-0.0001,-0.0,5,0,-1,33.11,Driving,False,-0.034,0.525,-0.001,0.3,False,False,1,,,,NONE,False,Green,60.0
314,18.9381,14.0,372,Vehicle 3,vehicle,vehicle.tesla.model3,hero_2,43.1188,330.5233,0.0017,0.0,-0.0,0.1748,43.1188,-330.5233,-0.003051,-0.0,-0.0,-0.0,0.0,0.0,-0.0,-0.0,0.0,-0.0,-0.0,5,0,-1,33.11,Driving,False,-0.034,0.525,-0.001,0.3,False,False,1,,,,NONE,False,Green,60.0
315,18.9881,14.05,372,Vehicle 3,vehicle,vehicle.tesla.model3,hero_2,43.1188,330.5233,0.0017,0.0,-0.0,0.1748,43.1188,-330.5233,-0.003051,-0.0,-0.0,0.0,0.0,-0.0,0.0,0.0,-0.0,-0.0,0.0,5,0,-1,33.11,Driving,False,-0.034,0.525,-0.001,0.3,False,False,1,,,,NONE,False,Green,60.0
316,19.0381,14.1,372,Vehicle 3,vehicle,vehicle.tesla.model3,hero_2,43.1188,330.5233,0.0017,0.0,-0.0,0.1748,43.1188,-330.5233,-0.003051,-0.0,0.0,-0.0,0.0,0.0,0.0,-0.0,-0.0,-0.0,0.0,5,0,-1,33.11,Driving,False,-0.034,0.525,-0.001,0.3,False,False,1,,,,NONE,False,Green,60.0
317,19.0881,14.15,372,Vehicle 3,vehicle,vehicle.tesla.model3,hero_2,43.1188,330.5233,0.0017,0.0,-0.0,0.1748,43.1188,-330.5233,-0.003051,-0.0,0.0,-0.0,0.0,0.0,-0.0,-0.0,-0.0,-0.0,-0.0,5,0,-1,33.11,Driving,False,-0.034,0.525,-0.001,0.3,False,False,1,,,,NONE,False,Green,60.0
318,19.1381,14.2,372,Vehicle 3,vehicle,vehicle.tesla.model3,hero_2,43.1188,330.5233,0.0017,0.0,-0.0,0.1748,43.1188,-330.5233,-0.003051,-0.0,0.0,-0.0,0.0,-0.0,0.0,0.0,-0.0001,-0.0,-0.0,5,0,-1,33.11,Driving,False,-0.034,0.525,-0.001,0.3,False,False,1,,,,NONE,False,Green,60.0
319,19.1881,14.25,372,Vehicle 3,vehicle,vehicle.tesla.model3,hero_2,43.1188,330.5233,0.0017,0.0,-0.0,0.1748,43.1188,-330.5233,-0.003051,-0.0,-0.0,-0.0,0.0,0.0,-0.0,-0.0,0.0,-0.0,-0.0,5,0,-1,33.11,Driving,False,-0.034,0.525,-0.002,0.3,False,False,1,,,,NONE,False,Green,60.0
320,19.2381,14.3,372,Vehicle 3,vehicle,vehicle.tesla.model3,hero_2,43.1188,330.5233,0.0017,0.0,-0.0,0.1748,43.1188,-330.5233,-0.003051,0.0,0.0,0.0,0.0,0.0,0.0,0.0,0.0,0.0,0.0,5,0,-1,33.11,Driving,False,-0.034,0.525,-0.002,0.3,False,False,1,,,,NONE,False,Green,60.0
321,19.2881,14.35,372,Vehicle 3,vehicle,vehicle.tesla.model3,hero_2,43.1188,330.5233,0.0017,0.0,-0.0,0.1748,43.1188,-330.5233,-0.003051,-0.0,-0.0,0.0,0.0,-0.0,-0.0,0.0,0.0,-0.0,-0.0,5,0,-1,33.11,Driving,False,-0.034,0.525,-0.002,0.3,False,False,1,,,,NONE,False,Green,60.0
322,19.3381,14.4,372,Vehicle 3,vehicle,vehicle.tesla.model3,hero_2,43.1188,330.5233,0.0017,0.0,-0.0,0.1748,43.1188,-330.5233,-0.003051,-0.0,0.0,0.0,0.0,-0.0,0.0,0.0,0.0,-0.0,0.0,5,0,-1,33.11,Driving,False,-0.034,0.525,-0.002,0.3,False,False,1,,,,NONE,False,Green,60.0
323,19.3881,14.45,372,Vehicle 3,vehicle,vehicle.tesla.model3,hero_2,43.1188,330.5233,0.0017,0.0,-0.0,0.1748,43.1188,-330.5233,-0.003051,-0.0,0.0,0.0,0.0,-0.0,0.0,0.0,-0.0,-0.0,0.0,5,0,-1,33.11,Driving,False,-0.034,0.525,-0.001,0.3,False,False,1,,,,NONE,False,Green,60.0
324,19.4381,14.5,372,Vehicle 3,vehicle,vehicle.tesla.model3,hero_2,43.1188,330.5233,0.0017,0.0,-0.0,0.1748,43.1188,-330.5233,-0.003051,-0.0,-0.0,-0.0,0.0,0.0,-0.0,-0.0,0.0,-0.0,-0.0,5,0,-1,33.11,Driving,False,-0.034,0.525,-0.001,0.3,False,False,1,,,,NONE,False,Green,60.0
325,19.4881,14.55,372,Vehicle 3,vehicle,vehicle.tesla.model3,hero_2,43.1188,330.5233,0.0017,0.0,-0.0,0.1748,43.1188,-330.5233,-0.003051,-0.0,-0.0,-0.0,0.0,-0.0,0.0,0.0,0.0,-0.0,0.0,5,0,-1,33.11,Driving,False,-0.034,0.525,-0.001,0.3,False,False,1,,,,NONE,False,Green,60.0
326,19.5381,14.6,372,Vehicle 3,vehicle,vehicle.tesla.model3,hero_2,43.1188,330.5233,0.0017,0.0,-0.0,0.1748,43.1188,-330.5233,-0.003051,-0.0,0.0,-0.0,0.0,0.0,0.0,0.0,0.0,-0.0,0.0,5,0,-1,33.11,Driving,False,-0.034,0.525,-0.001,0.3,False,False,1,,,,NONE,False,Green,60.0
327,19.5881,14.65,372,Vehicle 3,vehicle,vehicle.tesla.model3,hero_2,43.1188,330.5233,0.0017,0.0,-0.0,0.1748,43.1188,-330.5233,-0.003051,-0.0,-0.0,-0.0,0.0,0.0,-0.0,0.0,-0.0,-0.0,0.0,5,0,-1,33.11,Driving,False,-0.034,0.525,-0.001,0.3,False,False,1,,,,NONE,False,Green,60.0
328,19.6381,14.7,372,Vehicle 3,vehicle,vehicle.tesla.model3,hero_2,43.1188,330.5233,0.0017,0.0,-0.0,0.1748,43.1188,-330.5233,-0.003051,-0.0,0.0,-0.0,0.0,0.0,0.0,0.0,-0.0,-0.0,0.0,5,0,-1,33.11,Driving,False,-0.034,0.525,-0.001,0.3,False,False,1,,,,NONE,False,Green,60.0
329,19.6881,14.75,372,Vehicle 3,vehicle,vehicle.tesla.model3,hero_2,43.1188,330.5233,0.0017,0.0,-0.0,0.1748,43.1188,-330.5233,-0.003051,0.0,-0.0,0.0,0.0,0.0,-0.0,0.0,0.0,0.0,0.0,5,0,-1,33.11,Driving,False,-0.034,0.525,-0.001,0.3,False,False,1,,,,NONE,False,Green,60.0
330,19.7381,14.8,372,Vehicle 3,vehicle,vehicle.tesla.model3,hero_2,43.1188,330.5233,0.0017,0.0,-0.0,0.1748,43.1188,-330.5233,-0.003051,0.0,0.0,0.0,0.0,0.0,0.0,0.0,0.0,0.0,-0.0,5,0,-1,33.11,Driving,False,-0.034,0.525,-0.001,0.3,False,False,1,,,,NONE,False,Green,60.0
331,19.7881,14.85,372,Vehicle 3,vehicle,vehicle.tesla.model3,hero_2,43.1188,330.5233,0.0017,0.0,-0.0,0.1748,43.1188,-330.5233,-0.003051,0.0,0.0,0.0,0.0,0.0,0.0,0.0,-0.0,0.0,0.0,5,0,-1,33.11,Driving,False,-0.034,0.525,0.001,0.3,False,False,1,,,,NONE,False,Green,60.0
332,19.8381,14.9,372,Vehicle 3,vehicle,vehicle.tesla.model3,hero_2,43.1188,330.5233,0.0017,0.0,-0.0,0.1748,43.1188,-330.5233,-0.003051,0.0,0.0,0.0,0.0,0.0,-0.0,0.0,-0.0,0.0,0.0,5,0,-1,33.11,Driving,False,-0.034,0.525,0.001,0.3,False,False,1,,,,NONE,False,Green,60.0
333,19.8881,14.95,372,Vehicle 3,vehicle,vehicle.tesla.model3,hero_2,43.1188,330.5233,0.0017,0.0,-0.0,0.1748,43.1188,-330.5233,-0.003051,0.0,0.0,0.0,0.0,-0.0,-0.0,0.0,-0.0,0.0,-0.0,5,0,-1,33.11,Driving,False,-0.034,0.525,0.001,0.3,False,False,1,,,,NONE,False,Green,60.0
334,19.9381,15.0,372,Vehicle 3,vehicle,vehicle.tesla.model3,hero_2,43.1188,330.5233,0.0017,0.0,-0.0,0.1748,43.1188,-330.5233,-0.003051,0.0,0.0,0.0,0.0,-0.0,-0.0,0.0,-0.0,0.0,-0.0,5,0,-1,33.11,Driving,False,-0.034,0.525,0.001,0.3,False,False,1,,,,NONE,False,Green,60.0
335,19.9881,15.05,372,Vehicle 3,vehicle,vehicle.tesla.model3,hero_2,43.1188,330.5233,0.0017,0.0,-0.0,0.1748,43.1188,-330.5233,-0.003051,-0.0,-0.0,0.0,0.0,-0.0,-0.0,0.0,-0.0,-0.0,-0.0,5,0,-1,33.11,Driving,False,-0.034,0.525,0.001,0.3,False,False,1,,,,NONE,False,Green,60.0
336,20.0381,15.1,372,Vehicle 3,vehicle,vehicle.tesla.model3,hero_2,43.1188,330.5233,0.0017,0.0,-0.0,0.1748,43.1188,-330.5233,-0.003051,-0.0,-0.0,0.0,0.0,-0.0,-0.0,0.0,-0.0,-0.0,-0.0,5,0,-1,33.11,Driving,False,-0.034,0.525,0.001,0.3,False,False,1,,,,NONE,False,Green,60.0
337,20.0881,15.15,372,Vehicle 3,vehicle,vehicle.tesla.model3,hero_2,43.1188,330.5233,0.0017,0.0,-0.0,0.1748,43.1188,-330.5233,-0.003051,-0.0,-0.0,-0.0,0.0,0.0,-0.0,-0.0,0.0,-0.0,-0.0,5,0,-1,33.11,Driving,False,-0.034,0.525,0.001,0.3,False,False,1,,,,NONE,False,Green,60.0
338,20.1381,15.2,372,Vehicle 3,vehicle,vehicle.tesla.model3,hero_2,43.1188,330.5233,0.0017,0.0,-0.0,0.1748,43.1188,-330.5233,-0.003051,-0.0,-0.0,-0.0,0.0,-0.0,-0.0,-0.0,0.0,-0.0,-0.0,5,0,-1,33.11,Driving,False,-0.034,0.525,0.001,0.3,False,False,1,,,,NONE,False,Green,60.0
339,20.1881,15.25,372,Vehicle 3,vehicle,vehicle.tesla.model3,hero_2,43.1188,330.5233,0.0017,0.0,-0.0,0.1748,43.1188,-330.5233,-0.003051,-0.0,-0.0,-0.0,0.0,-0.0,-0.0,-0.0,0.0,-0.0,0.0,5,0,-1,33.11,Driving,False,-0.034,0.525,-0.001,0.3,False,False,1,,,,NONE,False,Green,60.0
340,20.2381,15.3,372,Vehicle 3,vehicle,vehicle.tesla.model3,hero_2,43.1188,330.5233,0.0017,0.0,-0.0,0.1748,43.1188,-330.5233,-0.003051,-0.0,-0.0,-0.0,0.0,0.0,0.0,-0.0,0.0,-0.0,0.0,5,0,-1,33.11,Driving,False,-0.034,0.525,-0.001,0.3,False,False,1,,,,NONE,False,Green,60.0
341,20.2881,15.35,372,Vehicle 3,vehicle,vehicle.tesla.model3,hero_2,43.1188,330.5233,0.0017,0.0,-0.0,0.1748,43.1188,-330.5233,-0.003051,-0.0,0.0,-0.0,0.0,0.0,0.0,0.0,0.0,-0.0,0.0,5,0,-1,33.11,Driving,False,-0.034,0.525,-0.001,0.3,False,False,1,,,,NONE,False,Green,60.0
342,20.3381,15.4,372,Vehicle 3,vehicle,vehicle.tesla.model3,hero_2,43.1188,330.5233,0.0017,0.0,-0.0,0.1748,43.1188,-330.5233,-0.003051,-0.0,0.0,-0.0,0.0,0.0,0.0,0.0,0.0,-0.0,0.0,5,0,-1,33.11,Driving,False,-0.034,0.525,-0.001,0.3,False,False,1,,,,NONE,False,Green,60.0
343,20.3881,15.45,372,Vehicle 3,vehicle,vehicle.tesla.model3,hero_2,43.1188,330.5233,0.0017,0.0,-0.0,0.1748,43.1188,-330.5233,-0.003051,0.0,0.0,-0.0,0.0,0.0,0.0,0.0,-0.0,0.0,0.0,5,0,-1,33.11,Driving,False,-0.034,0.525,-0.0,0.3,False,False,1,,,,NONE,False,Green,60.0
344,20.4381,15.5,372,Vehicle 3,vehicle,vehicle.tesla.model3,hero_2,43.1188,330.5233,0.0017,0.0,-0.0,0.1748,43.1188,-330.5233,-0.003051,0.0,0.0,-0.0,0.0,0.0,0.0,0.0,-0.0,0.0,0.0,5,0,-1,33.11,Driving,False,-0.034,0.525,-0.0,0.3,False,False,1,,,,NONE,False,Green,60.0
345,20.4881,15.55,372,Vehicle 3,vehicle,vehicle.tesla.model3,hero_2,43.1188,330.5233,0.0017,0.0,-0.0,0.1748,43.1188,-330.5233,-0.003051,0.0,0.0,-0.0,0.0,0.0,0.0,0.0,-0.0,0.0,0.0,5,0,-1,33.11,Driving,False,-0.034,0.525,-0.0,0.3,False,False,1,,,,NONE,False,Green,60.0
346,20.5381,15.6,372,Vehicle 3,vehicle,vehicle.tesla.model3,hero_2,43.1188,330.5233,0.0017,0.0,-0.0,0.1748,43.1188,-330.5233,-0.003051,-0.0,0.0,0.0,0.0,-0.0,-0.0,0.0,-0.0,-0.0,-0.0,5,0,-1,33.11,Driving,False,-0.034,0.525,-0.0,0.3,False,False,1,,,,NONE,False,Green,60.0
347,20.5881,15.65,372,Vehicle 3,vehicle,vehicle.tesla.model3,hero_2,43.1188,330.5233,0.0017,0.0,-0.0,0.1748,43.1188,-330.5233,-0.003051,0.0,0.0,-0.0,0.0,0.0,-0.0,-0.0,-0.0,0.0,0.0,5,0,-1,33.11,Driving,False,-0.034,0.525,0.0,0.3,False,False,1,,,,NONE,False,Green,60.0
348,20.6381,15.7,372,Vehicle 3,vehicle,vehicle.tesla.model3,hero_2,43.1188,330.5233,0.0017,0.0,-0.0,0.1748,43.1188,-330.5233,-0.003051,0.0,0.0,-0.0,0.0,0.0,-0.0,-0.0,-0.0,0.0,0.0,5,0,-1,33.11,Driving,False,-0.034,0.525,0.0,0.3,False,False,1,,,,NONE,False,Green,60.0
349,20.6881,15.75,372,Vehicle 3,vehicle,vehicle.tesla.model3,hero_2,43.1188,330.5233,0.0017,0.0,-0.0,0.1748,43.1188,-330.5233,-0.003051,0.0,-0.0,-0.0,0.0,0.0,-0.0,-0.0,-0.0,0.0,-0.0,5,0,-1,33.11,Driving,False,-0.034,0.525,0.0,0.3,False,False,1,,,,NONE,False,Green,60.0
350,20.7381,15.8,372,Vehicle 3,vehicle,vehicle.tesla.model3,hero_2,43.1188,330.5233,0.0017,0.0,-0.0,0.1748,43.1188,-330.5233,-0.003051,0.0,-0.0,-0.0,0.0,-0.0,-0.0,-0.0,-0.0,0.0,-0.0,5,0,-1,33.11,Driving,False,-0.034,0.525,0.0,0.3,False,False,1,,,,NONE,False,Green,60.0
351,20.7881,15.85,372,Vehicle 3,vehicle,vehicle.tesla.model3,hero_2,43.1188,330.5233,0.0017,0.0,-0.0,0.1748,43.1188,-330.5233,-0.003051,0.0,-0.0,-0.0,0.0,-0.0,-0.0,-0.0,0.0,0.0,0.0,5,0,-1,33.11,Driving,False,-0.034,0.525,-0.001,0.3,False,False,1,,,,NONE,False,Green,60.0
352,20.8381,15.9,372,Vehicle 3,vehicle,vehicle.tesla.model3,hero_2,43.1188,330.5233,0.0017,0.0,-0.0,0.1748,43.1188,-330.5233,-0.003051,-0.0,-0.0,-0.0,0.0,-0.0,0.0,-0.0,0.0,-0.0,-0.0,5,0,-1,33.11,Driving,False,-0.034,0.525,-0.001,0.3,False,False,1,,,,NONE,False,Green,60.0
353,20.8881,15.95,372,Vehicle 3,vehicle,vehicle.tesla.model3,hero_2,43.1188,330.5233,0.0017,0.0,-0.0,0.1748,43.1188,-330.5233,-0.003051,-0.0,0.0,-0.0,0.0,-0.0,0.0,0.0,0.0,-0.0,0.0,5,0,-1,33.11,Driving,False,-0.034,0.525,-0.001,0.3,False,False,1,,,,NONE,False,Green,60.0
354,20.9381,16.0,372,Vehicle 3,vehicle,vehicle.tesla.model3,hero_2,43.1188,330.5233,0.0017,0.0,-0.0,0.1748,43.1188,-330.5233,-0.003051,-0.0,0.0,0.0,0.0,0.0,0.0,0.0,-0.0,-0.0,-0.0,5,0,-1,33.11,Driving,False,-0.034,0.525,-0.001,0.3,False,False,1,,,,NONE,False,Green,60.0
355,20.9881,16.05,372,Vehicle 3,vehicle,vehicle.tesla.model3,hero_2,43.1188,330.5233,0.0017,0.0,-0.0,0.1748,43.1188,-330.5233,-0.003051,-0.0,0.0,-0.0,0.0,-0.0,-0.0,-0.0,-0.0,-0.0,-0.0,5,0,-1,33.11,Driving,False,-0.034,0.525,0.002,0.3,False,False,1,,,,NONE,False,Green,60.0
356,21.0381,16.1,372,Vehicle 3,vehicle,vehicle.tesla.model3,hero_2,43.1188,330.5233,0.0017,0.0,-0.0,0.1748,43.1188,-330.5233,-0.003051,0.0,0.0,-0.0,0.0,0.0,-0.0,-0.0,-0.0,0.0,0.0,5,0,-1,33.11,Driving,False,-0.034,0.525,0.002,0.3,False,False,1,,,,NONE,False,Green,60.0
357,21.0881,16.15,372,Vehicle 3,vehicle,vehicle.tesla.model3,hero_2,43.1188,330.5233,0.0017,0.0,-0.0,0.1748,43.1188,-330.5233,-0.003051,0.0,-0.0,-0.0,0.0,0.0,-0.0,-0.0,-0.0,0.0,-0.0,5,0,-1,33.11,Driving,False,-0.034,0.525,0.002,0.3,False,False,1,,,,NONE,False,Green,60.0
358,21.1381,16.2,372,Vehicle 3,vehicle,vehicle.tesla.model3,hero_2,43.1188,330.5233,0.0017,0.0,-0.0,0.1748,43.1188,-330.5233,-0.003051,0.0,-0.0,-0.0,0.0,-0.0,-0.0,-0.0,0.0,0.0,-0.0,5,0,-1,33.11,Driving,False,-0.034,0.525,0.002,0.3,False,False,1,,,,NONE,False,Green,60.0
359,21.1881,16.25,372,Vehicle 3,vehicle,vehicle.tesla.model3,hero_2,43.1188,330.5233,0.0017,0.0,-0.0,0.1748,43.1188,-330.5233,-0.003051,-0.0,-0.0,-0.0,0.0,-0.0,-0.0,-0.0,0.0,-0.0,-0.0,5,0,-1,33.11,Driving,False,-0.034,0.525,0.0,0.3,False,False,1,,,,NONE,False,Green,60.0
360,21.2381,16.3,372,Vehicle 3,vehicle,vehicle.tesla.model3,hero_2,43.1188,330.5233,0.0017,0.0,-0.0,0.1748,43.1188,-330.5233,-0.003051,0.0,-0.0,-0.0,0.0,0.0,0.0,-0.0,0.0,0.0,0.0,5,0,-1,33.11,Driving,False,-0.034,0.525,0.0,0.3,False,False,1,,,,NONE,False,Green,60.0
361,21.2881,16.35,372,Vehicle 3,vehicle,vehicle.tesla.model3,hero_2,43.1188,330.5233,0.0017,0.0,-0.0,0.1748,43.1188,-330.5233,-0.003051,-0.0,0.0,-0.0,0.0,-0.0,0.0,-0.0,0.0,-0.0,-0.0,5,0,-1,33.11,Driving,False,-0.034,0.525,0.0,0.3,False,False,1,,,,NONE,False,Green,60.0
362,21.3381,16.4,372,Vehicle 3,vehicle,vehicle.tesla.model3,hero_2,43.1188,330.5233,0.0017,0.0,-0.0,0.1748,43.1188,-330.5233,-0.003051,0.0,0.0,0.0,0.0,0.0,-0.0,0.0,0.0,0.0,0.0,5,0,-1,33.11,Driving,False,-0.034,0.525,0.0,0.3,False,False,1,,,,NONE,False,Green,60.0
363,21.3881,16.45,372,Vehicle 3,vehicle,vehicle.tesla.model3,hero_2,43.1188,330.5233,0.0017,0.0,-0.0,0.1748,43.1188,-330.5233,-0.003051,-0.0,0.0,0.0,0.0,-0.0,0.0,0.0,-0.0,-0.0,-0.0,5,0,-1,33.11,Driving,False,-0.034,0.525,0.001,0.3,False,False,1,,,,NONE,False,Green,60.0
364,21.4381,16.5,372,Vehicle 3,vehicle,vehicle.tesla.model3,hero_2,43.1188,330.5233,0.0017,0.0,-0.0,0.1748,43.1188,-330.5233,-0.003051,0.0,0.0,-0.0,0.0,0.0,-0.0,-0.0,-0.0,0.0,0.0,5,0,-1,33.11,Driving,False,-0.034,0.525,0.001,0.3,False,False,1,,,,NONE,False,Green,60.0
365,21.4881,16.55,372,Vehicle 3,vehicle,vehicle.tesla.model3,hero_2,43.1188,330.5233,0.0017,0.0,-0.0,0.1748,43.1188,-330.5233,-0.003051,0.0,-0.0,-0.0,0.0,0.0,-0.0,-0.0,-0.0,0.0,-0.0,5,0,-1,33.11,Driving,False,-0.034,0.525,0.001,0.3,False,False,1,,,,NONE,False,Green,60.0
366,21.5381,16.6,372,Vehicle 3,vehicle,vehicle.tesla.model3,hero_2,43.1188,330.5233,0.0017,0.0,-0.0,0.1748,43.1188,-330.5233,-0.003051,0.0,-0.0,-0.0,0.0,-0.0,-0.0,-0.0,0.0,0.0,-0.0,5,0,-1,33.11,Driving,False,-0.034,0.525,0.001,0.3,False,False,1,,,,NONE,False,Green,60.0
367,21.5881,16.65,372,Vehicle 3,vehicle,vehicle.tesla.model3,hero_2,43.1188,330.5233,0.0017,0.0,-0.0,0.1748,43.1188,-330.5233,-0.003051,0.0,-0.0,-0.0,0.0,-0.0,-0.0,-0.0,0.0,0.0,-0.0,5,0,-1,33.11,Driving,False,-0.034,0.525,0.001,0.3,False,False,1,,,,NONE,False,Green,60.0
368,21.6381,16.7,372,Vehicle 3,vehicle,vehicle.tesla.model3,hero_2,43.1188,330.5233,0.0017,0.0,-0.0,0.1748,43.1188,-330.5233,-0.003051,-0.0,-0.0,-0.0,0.0,-0.0,0.0,-0.0,0.0,-0.0,-0.0,5,0,-1,33.11,Driving,False,-0.034,0.525,0.001,0.3,False,False,1,,,,NONE,False,Green,60.0
369,21.6881,16.75,372,Vehicle 3,vehicle,vehicle.tesla.model3,hero_2,43.1188,330.5233,0.0017,0.0,-0.0,0.1748,43.1188,-330.5233,-0.003051,-0.0,0.0,-0.0,0.0,-0.0,0.0,0.0,0.0,-0.0,-0.0,5,0,-1,33.11,Driving,False,-0.034,0.525,0.001,0.3,False,False,1,,,,NONE,False,Green,60.0
370,21.7381,16.8,372,Vehicle 3,vehicle,vehicle.tesla.model3,hero_2,43.1188,330.5233,0.0017,0.0,-0.0,0.1748,43.1188,-330.5233,-0.003051,-0.0,0.0,-0.0,0.0,-0.0,-0.0,0.0,-0.0,-0.0,-0.0,5,0,-1,33.11,Driving,False,-0.034,0.525,0.001,0.3,False,False,1,,,,NONE,False,Green,60.0
371,21.7881,16.85,372,Vehicle 3,vehicle,vehicle.tesla.model3,hero_2,43.1188,330.5233,0.0017,0.0,-0.0,0.1748,43.1188,-330.5233,-0.003051,0.0,-0.0,-0.0,0.0,0.0,-0.0,0.0,0.0,0.0,0.0,5,0,-1,33.11,Driving,False,-0.034,0.525,0.001,0.3,False,False,1,,,,NONE,False,Green,60.0
372,21.8381,16.9,372,Vehicle 3,vehicle,vehicle.tesla.model3,hero_2,43.1188,330.5233,0.0017,0.0,-0.0,0.1748,43.1188,-330.5233,-0.003051,0.0,0.0,-0.0,0.0,0.0,0.0,-0.0,0.0,0.0,0.0,5,0,-1,33.11,Driving,False,-0.034,0.525,0.001,0.3,False,False,1,,,,NONE,False,Green,60.0
373,21.8881,16.95,372,Vehicle 3,vehicle,vehicle.tesla.model3,hero_2,43.1188,330.5233,0.0017,0.0,-0.0,0.1748,43.1188,-330.5233,-0.003051,0.0,0.0,-0.0,0.0,-0.0,0.0,0.0,-0.0,0.0,-0.0,5,0,-1,33.11,Driving,False,-0.034,0.525,0.001,0.3,False,False,1,,,,NONE,False,Green,60.0
374,21.9381,17.0,372,Vehicle 3,vehicle,vehicle.tesla.model3,hero_2,43.1188,330.5233,0.0017,0.0,-0.0,0.1748,43.1188,-330.5233,-0.003051,0.0,-0.0,-0.0,0.0,-0.0,-0.0,-0.0,-0.0,0.0,-0.0,5,0,-1,33.11,Driving,False,-0.034,0.525,0.001,0.3,False,False,1,,,,NONE,False,Green,60.0
375,21.9881,17.05,372,Vehicle 3,vehicle,vehicle.tesla.model3,hero_2,43.1188,330.5233,0.0017,0.0,-0.0,0.1748,43.1188,-330.5233,-0.003051,-0.0,0.0,-0.0,0.0,-0.0,0.0,-0.0,-0.0,-0.0,-0.0,5,0,-1,33.11,Driving,False,-0.034,0.525,0.001,0.3,False,False,1,,,,NONE,False,Green,60.0
376,22.0381,17.1,372,Vehicle 3,vehicle,vehicle.tesla.model3,hero_2,43.1188,330.5233,0.0017,0.0,-0.0,0.1748,43.1188,-330.5233,-0.003051,-0.0,-0.0,-0.0,0.0,-0.0,-0.0,-0.0,0.0,-0.0,-0.0,5,0,-1,33.11,Driving,False,-0.034,0.525,0.001,0.3,False,False,1,,,,NONE,False,Green,60.0
377,22.0881,17.15,372,Vehicle 3,vehicle,vehicle.tesla.model3,hero_2,43.1188,330.5233,0.0017,0.0,-0.0,0.1748,43.1188,-330.5233,-0.003051,-0.0,0.0,-0.0,0.0,-0.0,0.0,-0.0,0.0,-0.0,0.0,5,0,-1,33.11,Driving,False,-0.034,0.525,0.001,0.3,False,False,1,,,,NONE,False,Green,60.0
378,22.1381,17.2,372,Vehicle 3,vehicle,vehicle.tesla.model3,hero_2,43.1188,330.5233,0.0017,0.0,-0.0,0.1748,43.1188,-330.5233,-0.003051,-0.0,0.0,-0.0,0.0,0.0,0.0,-0.0,0.0,-0.0,0.0,5,0,-1,33.11,Driving,False,-0.034,0.525,0.001,0.3,False,False,1,,,,NONE,False,Green,60.0
379,22.1881,17.25,372,Vehicle 3,vehicle,vehicle.tesla.model3,hero_2,43.1188,330.5233,0.0017,0.0,-0.0,0.1748,43.1188,-330.5233,-0.003051,0.0,-0.0,-0.0,0.0,0.0,-0.0,0.0,0.0,0.0,0.0,5,0,-1,33.11,Driving,False,-0.034,0.525,0.001,0.3,False,False,1,,,,NONE,False,Green,60.0
380,22.2381,17.3,372,Vehicle 3,vehicle,vehicle.tesla.model3,hero_2,43.1188,330.5233,0.0017,0.0,-0.0,0.1748,43.1188,-330.5233,-0.003051,0.0,0.0,-0.0,0.0,0.0,0.0,-0.0,-0.0,0.0,0.0,5,0,-1,33.11,Driving,False,-0.034,0.525,0.001,0.3,False,False,1,,,,NONE,False,Green,60.0
381,22.2881,17.35,372,Vehicle 3,vehicle,vehicle.tesla.model3,hero_2,43.1188,330.5233,0.0017,0.0,-0.0,0.1748,43.1188,-330.5233,-0.003051,0.0,0.0,-0.0,0.0,0.0,0.0,-0.0,-0.0,0.0,0.0,5,0,-1,33.11,Driving,False,-0.034,0.525,0.001,0.3,False,False,1,,,,NONE,False,Green,60.0
382,22.3381,17.4,372,Vehicle 3,vehicle,vehicle.tesla.model3,hero_2,43.1188,330.5233,0.0017,0.0,-0.0,0.1748,43.1188,-330.5233,-0.003051,0.0,0.0,-0.0,0.0,-0.0,0.0,-0.0,-0.0,0.0,-0.0,5,0,-1,33.11,Driving,False,-0.034,0.525,0.001,0.3,False,False,1,,,,NONE,False,Green,60.0
383,22.3881,17.45,372,Vehicle 3,vehicle,vehicle.tesla.model3,hero_2,43.1188,330.5233,0.0017,0.0,-0.0,0.1748,43.1188,-330.5233,-0.003051,0.0,-0.0,-0.0,0.0,-0.0,-0.0,-0.0,-0.0,0.0,-0.0,5,0,-1,33.11,Driving,False,-0.034,0.525,0.001,0.3,False,False,1,,,,NONE,False,Green,60.0
384,22.4381,17.5,372,Vehicle 3,vehicle,vehicle.tesla.model3,hero_2,43.1188,330.5233,0.0017,0.0,-0.0,0.1748,43.1188,-330.5233,-0.003051,-0.0,0.0,-0.0,0.0,-0.0,0.0,-0.0,0.0,-0.0,-0.0,5,0,-1,33.11,Driving,False,-0.034,0.525,0.001,0.3,False,False,1,,,,NONE,False,Green,60.0
385,22.4881,17.55,372,Vehicle 3,vehicle,vehicle.tesla.model3,hero_2,43.1188,330.5233,0.0017,0.0,-0.0,0.1748,43.1188,-330.5233,-0.003051,-0.0,-0.0,-0.0,0.0,0.0,-0.0,-0.0,0.0,-0.0,0.0,5,0,-1,33.11,Driving,False,-0.034,0.525,0.001,0.3,False,False,1,,,,NONE,False,Green,60.0
386,22.5381,17.6,372,Vehicle 3,vehicle,vehicle.tesla.model3,hero_2,43.1188,330.5233,0.0017,0.0,-0.0,0.1748,43.1188,-330.5233,-0.003051,-0.0,0.0,-0.0,0.0,0.0,0.0,-0.0,0.0,-0.0,-0.0,5,0,-1,33.11,Driving,False,-0.034,0.525,0.001,0.3,False,False,1,,,,NONE,False,Green,60.0
387,22.5881,17.65,372,Vehicle 3,vehicle,vehicle.tesla.model3,hero_2,43.1188,330.5233,0.0017,0.0,-0.0,0.1748,43.1188,-330.5233,-0.003051,0.0,-0.0,-0.0,0.0,0.0,-0.0,-0.0,0.0,0.0,0.0,5,0,-1,33.11,Driving,False,-0.034,0.525,0.002,0.3,False,False,1,,,,NONE,False,Green,60.0
388,22.6381,17.7,372,Vehicle 3,vehicle,vehicle.tesla.model3,hero_2,43.1188,330.5233,0.0017,0.0,-0.0,0.1748,43.1188,-330.5233,-0.003051,0.0,0.0,-0.0,0.0,0.0,0.0,0.0,-0.0,0.0,0.0,5,0,-1,33.11,Driving,False,-0.034,0.525,0.002,0.3,False,False,1,,,,NONE,False,Green,60.0
389,22.6881,17.75,372,Vehicle 3,vehicle,vehicle.tesla.model3,hero_2,43.1188,330.5233,0.0017,0.0,-0.0,0.1748,43.1188,-330.5233,-0.003051,0.0,0.0,-0.0,0.0,0.0,-0.0,-0.0,-0.0,0.0,0.0,5,0,-1,33.11,Driving,False,-0.034,0.525,0.002,0.3,False,False,1,,,,NONE,False,Green,60.0
390,22.7381,17.8,372,Vehicle 3,vehicle,vehicle.tesla.model3,hero_2,43.1188,330.5233,0.0017,0.0,-0.0,0.1748,43.1188,-330.5233,-0.003051,0.0,0.0,-0.0,0.0,-0.0,0.0,-0.0,-0.0,0.0,-0.0,5,0,-1,33.11,Driving,False,-0.034,0.525,0.002,0.3,False,False,1,,,,NONE,False,Green,60.0
391,22.7881,17.85,372,Vehicle 3,vehicle,vehicle.tesla.model3,hero_2,43.1188,330.5233,0.0017,0.0,-0.0,0.1748,43.1188,-330.5233,-0.003051,0.0,-0.0,-0.0,0.0,-0.0,-0.0,-0.0,0.0,0.0,-0.0,5,0,-1,33.11,Driving,False,-0.034,0.525,-0.001,0.3,False,False,1,,,,NONE,False,Green,60.0
392,22.8381,17.9,372,Vehicle 3,vehicle,vehicle.tesla.model3,hero_2,43.1188,330.5233,0.0017,0.0,-0.0,0.1748,43.1188,-330.5233,-0.003051,-0.0,-0.0,-0.0,0.0,-0.0,0.0,-0.0,0.0,-0.0,-0.0,5,0,-1,33.11,Driving,False,-0.034,0.525,-0.001,0.3,False,False,1,,,,NONE,False,Green,60.0
393,22.8881,17.95,372,Vehicle 3,vehicle,vehicle.tesla.model3,hero_2,43.1188,330.5233,0.0017,0.0,-0.0,0.1748,43.1188,-330.5233,-0.003051,-0.0,0.0,-0.0,0.0,0.0,0.0,-0.0,0.0,-0.0,0.0,5,0,-1,33.11,Driving,False,-0.034,0.525,-0.001,0.3,False,False,1,,,,NONE,False,Green,60.0
394,22.9381,18.0,372,Vehicle 3,vehicle,vehicle.tesla.model3,hero_2,43.1188,330.5233,0.0017,0.0,-0.0,0.1748,43.1188,-330.5233,-0.003051,-0.0,-0.0,-0.0,0.0,0.0,-0.0,-0.0,0.0,-0.0,0.0,5,0,-1,33.11,Driving,False,-0.034,0.525,-0.001,0.3,False,False,1,,,,NONE,False,Green,60.0
395,22.9881,18.05,372,Vehicle 3,vehicle,vehicle.tesla.model3,hero_2,43.1188,330.5233,0.0017,0.0,-0.0,0.1748,43.1188,-330.5233,-0.003051,0.0,0.0,-0.0,0.0,0.0,0.0,-0.0,-0.0,0.0,-0.0,5,0,-1,33.11,Driving,False,-0.034,0.525,0.001,0.3,False,False,1,,,,NONE,False,Green,60.0
396,23.0381,18.1,372,Vehicle 3,vehicle,vehicle.tesla.model3,hero_2,43.1188,330.5233,0.0017,0.0,-0.0,0.1748,43.1188,-330.5233,-0.003051,0.0,0.0,-0.0,0.0,-0.0,0.0,0.0,-0.0,0.0,0.0,5,0,-1,33.11,Driving,False,-0.034,0.525,0.001,0.3,False,False,1,,,,NONE,False,Green,60.0
397,23.0881,18.15,372,Vehicle 3,vehicle,vehicle.tesla.model3,hero_2,43.1188,330.5233,0.0017,0.0,-0.0,0.1748,43.1188,-330.5233,-0.003051,0.0,0.0,-0.0,0.0,0.0,0.0,-0.0,-0.0,0.0,0.0,5,0,-1,33.11,Driving,False,-0.034,0.525,0.001,0.3,False,False,1,,,,NONE,False,Green,60.0
398,23.1381,18.2,372,Vehicle 3,vehicle,vehicle.tesla.model3,hero_2,43.1188,330.5233,0.0017,0.0,-0.0,0.1748,43.1188,-330.5233,-0.003051,0.0,-0.0,-0.0,0.0,-0.0,-0.0,-0.0,-0.0,0.0,-0.0,5,0,-1,33.11,Driving,False,-0.034,0.525,0.001,0.3,False,False,1,,,,NONE,False,Green,60.0
399,23.1881,18.25,372,Vehicle 3,vehicle,vehicle.tesla.model3,hero_2,43.1188,330.5233,0.0017,0.0,-0.0,0.1748,43.1188,-330.5233,-0.003051,-0.0,-0.0,-0.0,0.0,-0.0,-0.0,-0.0,0.0,-0.0,-0.0,5,0,-1,33.11,Driving,False,-0.034,0.525,0.0,0.3,False,False,1,,,,NONE,False,Green,60.0
400,23.2381,18.3,372,Vehicle 3,vehicle,vehicle.tesla.model3,hero_2,43.1188,330.5233,0.0017,0.0,-0.0,0.1748,43.1188,-330.5233,-0.003051,-0.0,0.0,-0.0,0.0,-0.0,0.0,-0.0,0.0,-0.0,0.0,5,0,-1,33.11,Driving,False,-0.034,0.525,0.0,0.3,False,False,1,,,,NONE,False,Green,60.0
401,23.2881,18.35,372,Vehicle 3,vehicle,vehicle.tesla.model3,hero_2,43.1188,330.5233,0.0017,0.0,-0.0,0.1748,43.1188,-330.5233,-0.003051,-0.0,-0.0,-0.0,0.0,0.0,-0.0,-0.0,0.0,-0.0,0.0,5,0,-1,33.11,Driving,False,-0.034,0.525,0.0,0.3,False,False,1,,,,NONE,False,Green,60.0
402,23.3381,18.4,372,Vehicle 3,vehicle,vehicle.tesla.model3,hero_2,43.1188,330.5233,0.0017,0.0,-0.0,0.1748,43.1188,-330.5233,-0.003051,0.0,0.0,-0.0,0.0,0.0,0.0,-0.0,-0.0,0.0,-0.0,5,0,-1,33.11,Driving,False,-0.034,0.525,0.0,0.3,False,False,1,,,,NONE,False,Green,60.0
403,23.3881,18.45,372,Vehicle 3,vehicle,vehicle.tesla.model3,hero_2,43.1188,330.5233,0.0017,0.0,-0.0,0.1748,43.1188,-330.5233,-0.003051,0.0,0.0,-0.0,0.0,0.0,0.0,-0.0,-0.0,0.0,0.0,5,0,-1,33.11,Driving,False,-0.034,0.525,-0.0,0.3,False,False,1,,,,NONE,False,Green,60.0
404,23.4381,18.5,372,Vehicle 3,vehicle,vehicle.tesla.model3,hero_2,43.1188,330.5233,0.0017,0.0,-0.0,0.1748,43.1188,-330.5233,-0.003051,0.0,0.0,0.0,0.0,-0.0,-0.0,0.0,0.0,0.0,0.0,5,0,-1,33.11,Driving,False,-0.034,0.525,-0.0,0.3,False,False,1,,,,NONE,False,Green,60.0
405,23.4881,18.55,372,Vehicle 3,vehicle,vehicle.tesla.model3,hero_2,43.1188,330.5233,0.0017,0.0,-0.0,0.1748,43.1188,-330.5233,-0.003051,-0.0,0.0,-0.0,0.0,-0.0,0.0,-0.0,0.0,-0.0,-0.0,5,0,-1,33.11,Driving,False,-0.034,0.525,-0.0,0.3,False,False,1,,,,NONE,False,Green,60.0
406,23.5381,18.6,372,Vehicle 3,vehicle,vehicle.tesla.model3,hero_2,43.1188,330.5233,0.0017,0.0,-0.0,0.1748,43.1188,-330.5233,-0.003051,-0.0,-0.0,-0.0,0.0,0.0,-0.0,-0.0,0.0,-0.0,0.0,5,0,-1,33.11,Driving,False,-0.034,0.525,-0.0,0.3,False,False,1,,,,NONE,False,Green,60.0
407,23.5881,18.65,372,Vehicle 3,vehicle,vehicle.tesla.model3,hero_2,43.1188,330.5233,0.0017,0.0,-0.0,0.1748,43.1188,-330.5233,-0.003051,-0.0,0.0,-0.0,0.0,0.0,0.0,-0.0,0.0,-0.0,-0.0,5,0,-1,33.11,Driving,False,-0.034,0.525,0.0,0.3,False,False,1,,,,NONE,False,Green,60.0
408,23.6381,18.7,372,Vehicle 3,vehicle,vehicle.tesla.model3,hero_2,43.1188,330.5233,0.0017,0.0,-0.0,0.1748,43.1188,-330.5233,-0.003051,0.0,0.0,-0.0,0.0,0.0,0.0,-0.0,-0.0,0.0,-0.0,5,0,-1,33.11,Driving,False,-0.034,0.525,0.0,0.3,False,False,1,,,,NONE,False,Green,60.0
409,23.6881,18.75,372,Vehicle 3,vehicle,vehicle.tesla.model3,hero_2,43.1188,330.5233,0.0017,0.0,-0.0,0.1748,43.1188,-330.5233,-0.003051,0.0,0.0,-0.0,0.0,0.0,0.0,-0.0,-0.0,0.0,0.0,5,0,-1,33.11,Driving,False,-0.034,0.525,0.0,0.3,False,False,1,,,,NONE,False,Green,60.0
410,23.7381,18.8,372,Vehicle 3,vehicle,vehicle.tesla.model3,hero_2,43.1188,330.5233,0.0017,0.0,-0.0,0.1748,43.1188,-330.5233,-0.003051,0.0,-0.0,-0.0,0.0,-0.0,-0.0,-0.0,-0.0,0.0,-0.0,5,0,-1,33.11,Driving,False,-0.034,0.525,0.0,0.3,False,False,1,,,,NONE,False,Green,60.0
411,23.7881,18.85,372,Vehicle 3,vehicle,vehicle.tesla.model3,hero_2,43.1188,330.5233,0.0017,0.0,-0.0,0.1748,43.1188,-330.5233,-0.003051,-0.0,-0.0,-0.0,0.0,-0.0,-0.0,-0.0,0.0,-0.0,-0.0,5,0,-1,33.11,Driving,False,-0.034,0.525,0.001,0.3,False,False,1,,,,NONE,False,Green,60.0
412,23.8381,18.9,372,Vehicle 3,vehicle,vehicle.tesla.model3,hero_2,43.1188,330.5233,0.0017,0.0,-0.0,0.1748,43.1188,-330.5233,-0.003051,-0.0,-0.0,-0.0,0.0,-0.0,0.0,-0.0,0.0,-0.0,-0.0,5,0,-1,33.11,Driving,False,-0.034,0.525,0.001,0.3,False,False,1,,,,NONE,False,Green,60.0
413,23.8881,18.95,372,Vehicle 3,vehicle,vehicle.tesla.model3,hero_2,43.1188,330.5233,0.0017,0.0,-0.0,0.1748,43.1188,-330.5233,-0.003051,0.0,-0.0,-0.0,0.0,0.0,0.0,0.0,0.0,0.0,0.0,5,0,-1,33.11,Driving,False,-0.034,0.525,0.001,0.3,False,False,1,,,,NONE,False,Green,60.0
414,23.9381,19.0,372,Vehicle 3,vehicle,vehicle.tesla.model3,hero_2,43.1188,330.5233,0.0017,0.0,-0.0,0.1748,43.1188,-330.5233,-0.003051,0.0,-0.0,-0.0,0.0,0.0,-0.0,-0.0,-0.0,0.0,-0.0,5,0,-1,33.11,Driving,False,-0.034,0.525,0.001,0.3,False,False,1,,,,NONE,False,Green,60.0
415,23.9881,19.05,372,Vehicle 3,vehicle,vehicle.tesla.model3,hero_2,43.1188,330.5233,0.0017,0.0,-0.0,0.1748,43.1188,-330.5233,-0.003051,-0.0,-0.0,-0.0,0.0,-0.0,-0.0,-0.0,0.0,-0.0,-0.0,5,0,-1,33.11,Driving,False,-0.034,0.525,-0.0,0.3,False,False,1,,,,NONE,False,Green,60.0
416,24.0381,19.1,372,Vehicle 3,vehicle,vehicle.tesla.model3,hero_2,43.1188,330.5233,0.0017,0.0,-0.0,0.1748,43.1188,-330.5233,-0.003051,-0.0,-0.0,-0.0,0.0,0.0,0.0,-0.0,0.0,-0.0,0.0,5,0,-1,33.11,Driving,False,-0.034,0.525,-0.0,0.3,False,False,1,,,,NONE,False,Green,60.0
417,24.0881,19.15,372,Vehicle 3,vehicle,vehicle.tesla.model3,hero_2,43.1188,330.5233,0.0017,0.0,-0.0,0.1748,43.1188,-330.5233,-0.003051,0.0,0.0,-0.0,0.0,0.0,0.0,-0.0,-0.0,0.0,0.0,5,0,-1,33.11,Driving,False,-0.034,0.525,-0.0,0.3,False,False,1,,,,NONE,False,Green,60.0
418,24.1381,19.2,372,Vehicle 3,vehicle,vehicle.tesla.model3,hero_2,43.1188,330.5233,0.0017,0.0,-0.0,0.1748,43.1188,-330.5233,-0.003051,0.0,0.0,-0.0,0.0,0.0,0.0,-0.0,-0.0,0.0,-0.0,5,0,-1,33.11,Driving,False,-0.034,0.525,-0.0,0.3,False,False,1,,,,NONE,False,Green,60.0
419,24.1881,19.25,372,Vehicle 3,vehicle,vehicle.tesla.model3,hero_2,43.1188,330.5233,0.0017,0.0,-0.0,0.1748,43.1188,-330.5233,-0.003051,0.0,-0.0,-0.0,0.0,0.0,-0.0,-0.0,0.0,0.0,-0.0,5,0,-1,33.11,Driving,False,-0.034,0.525,0.001,0.3,False,False,1,,,,NONE,False,Green,60.0
420,24.2381,19.3,372,Vehicle 3,vehicle,vehicle.tesla.model3,hero_2,43.1188,330.5233,0.0017,0.0,-0.0,0.1748,43.1188,-330.5233,-0.003051,0.0,-0.0,-0.0,0.0,-0.0,0.0,-0.0,0.0,0.0,-0.0,5,0,-1,33.11,Driving,False,-0.034,0.525,0.001,0.3,False,False,1,,,,NONE,False,Green,60.0
421,24.2881,19.35,372,Vehicle 3,vehicle,vehicle.tesla.model3,hero_2,43.1188,330.5233,0.0017,0.0,-0.0,0.1748,43.1188,-330.5233,-0.003051,0.0,-0.0,-0.0,0.0,-0.0,0.0,0.0,0.0,0.0,0.0,5,0,-1,33.11,Driving,False,-0.034,0.525,0.001,0.3,False,False,1,,,,NONE,False,Green,60.0
422,24.3381,19.4,372,Vehicle 3,vehicle,vehicle.tesla.model3,hero_2,43.1188,330.5233,0.0017,0.0,-0.0,0.1748,43.1188,-330.5233,-0.003051,0.0,-0.0,-0.0,0.0,0.0,-0.0,-0.0,0.0,0.0,-0.0,5,0,-1,33.11,Driving,False,-0.034,0.525,0.001,0.3,False,False,1,,,,NONE,False,Green,60.0
423,24.3881,19.45,372,Vehicle 3,vehicle,vehicle.tesla.model3,hero_2,43.1188,330.5233,0.0017,0.0,-0.0,0.1748,43.1188,-330.5233,-0.003051,-0.0,0.0,-0.0,0.0,-0.0,0.0,-0.0,0.0,-0.0,-0.0,5,0,-1,33.11,Driving,False,-0.034,0.525,0.0,0.3,False,False,1,,,,NONE,False,Green,60.0
424,24.4381,19.5,372,Vehicle 3,vehicle,vehicle.tesla.model3,hero_2,43.1188,330.5233,0.0017,0.0,-0.0,0.1748,43.1188,-330.5233,-0.003051,-0.0,0.0,-0.0,0.0,0.0,0.0,-0.0,-0.0,-0.0,0.0,5,0,-1,33.11,Driving,False,-0.034,0.525,0.0,0.3,False,False,1,,,,NONE,False,Green,60.0
425,24.4881,19.55,372,Vehicle 3,vehicle,vehicle.tesla.model3,hero_2,43.1188,330.5233,0.0017,0.0,-0.0,0.1748,43.1188,-330.5233,-0.003051,0.0,0.0,-0.0,0.0,0.0,-0.0,-0.0,-0.0,0.0,0.0,5,0,-1,33.11,Driving,False,-0.034,0.525,0.0,0.3,False,False,1,,,,NONE,False,Green,60.0
426,24.5381,19.6,372,Vehicle 3,vehicle,vehicle.tesla.model3,hero_2,43.1188,330.5233,0.0017,0.0,-0.0,0.1748,43.1188,-330.5233,-0.003051,0.0,0.0,-0.0,0.0,0.0,-0.0,-0.0,-0.0,0.0,-0.0,5,0,-1,33.11,Driving,False,-0.034,0.525,0.0,0.3,False,False,1,,,,NONE,False,Green,60.0
427,24.5881,19.65,372,Vehicle 3,vehicle,vehicle.tesla.model3,hero_2,43.1188,330.5233,0.0017,0.0,-0.0,0.1748,43.1188,-330.5233,-0.003051,-0.0,-0.0,-0.0,0.0,-0.0,-0.0,-0.0,0.0,-0.0,-0.0,5,0,-1,33.11,Driving,False,-0.034,0.525,0.001,0.3,False,False,1,,,,NONE,False,Green,60.0
428,24.6381,19.7,372,Vehicle 3,vehicle,vehicle.tesla.model3,hero_2,43.1188,330.5233,0.0017,0.0,-0.0,0.1748,43.1188,-330.5233,-0.003051,-0.0,0.0,-0.0,0.0,0.0,0.0,-0.0,0.0,-0.0,0.0,5,0,-1,33.11,Driving,False,-0.034,0.525,0.001,0.3,False,False,1,,,,NONE,False,Green,60.0
429,24.6881,19.75,372,Vehicle 3,vehicle,vehicle.tesla.model3,hero_2,43.1188,330.5233,0.0017,0.0,-0.0,0.1748,43.1188,-330.5233,-0.003051,0.0,0.0,-0.0,0.0,0.0,-0.0,-0.0,-0.0,0.0,0.0,5,0,-1,33.11,Driving,False,-0.034,0.525,0.001,0.3,False,False,1,,,,NONE,False,Green,60.0
430,24.7381,19.8,372,Vehicle 3,vehicle,vehicle.tesla.model3,hero_2,43.1188,330.5233,0.0017,0.0,-0.0,0.1748,43.1188,-330.5233,-0.003051,0.0,0.0,-0.0,0.0,-0.0,0.0,0.0,-0.0,0.0,-0.0,5,0,-1,33.11,Driving,False,-0.034,0.525,0.001,0.3,False,False,1,,,,NONE,False,Green,60.0
431,24.7881,19.85,372,Vehicle 3,vehicle,vehicle.tesla.model3,hero_2,43.1188,330.5233,0.0017,0.0,-0.0,0.1748,43.1188,-330.5233,-0.003051,0.0,-0.0,-0.0,0.0,0.0,-0.0,-0.0,0.0,0.0,-0.0,5,0,-1,33.11,Driving,False,-0.034,0.525,0.0,0.3,False,False,1,,,,NONE,False,Green,60.0
432,24.8381,19.9,372,Vehicle 3,vehicle,vehicle.tesla.model3,hero_2,43.1188,330.5233,0.0017,0.0,-0.0,0.1748,43.1188,-330.5233,-0.003051,-0.0,-0.0,-0.0,0.0,-0.0,0.0,-0.0,0.0,-0.0,0.0,5,0,-1,33.11,Driving,False,-0.034,0.525,0.0,0.3,False,False,1,,,,NONE,False,Green,60.0
433,24.8881,19.95,372,Vehicle 3,vehicle,vehicle.tesla.model3,hero_2,43.1188,330.5233,0.0017,0.0,-0.0,0.1748,43.1188,-330.5233,-0.003051,0.0,-0.0,-0.0,0.0,0.0,-0.0,-0.0,0.0,0.0,0.0,5,0,-1,33.11,Driving,False,-0.034,0.525,0.0,0.3,False,False,1,,,,NONE,False,Green,60.0
434,24.9381,20.0,372,Vehicle 3,vehicle,vehicle.tesla.model3,hero_2,43.1188,330.5233,0.0017,0.0,-0.0,0.1748,43.1188,-330.5233,-0.003051,0.0,0.0,-0.0,0.0,0.0,0.0,-0.0,-0.0,0.0,0.0,5,0,-1,33.11,Driving,False,-0.034,0.525,0.0,0.3,False,False,1,,,,NONE,False,Green,60.0
435,24.9881,20.05,372,Vehicle 3,vehicle,vehicle.tesla.model3,hero_2,43.1188,330.5233,0.0017,0.0,-0.0,0.1748,43.1188,-330.5233,-0.003051,0.0,-0.0,-0.0,0.0,-0.0,-0.0,-0.0,-0.0,0.0,-0.0,5,0,-1,33.11,Driving,False,-0.034,0.525,-0.0,0.3,False,False,1,,,,NONE,False,Green,60.0
436,25.0381,20.1,372,Vehicle 3,vehicle,vehicle.tesla.model3,hero_2,43.1188,330.5233,0.0017,0.0,-0.0,0.1748,43.1188,-330.5233,-0.003051,0.0,-0.0,-0.0,0.0,0.0,-0.0,-0.0,0.0,0.0,0.0,5,0,-1,33.11,Driving,False,-0.034,0.525,-0.0,0.3,False,False,1,,,,NONE,False,Green,60.0
437,25.0881,20.15,372,Vehicle 3,vehicle,vehicle.tesla.model3,hero_2,43.1188,330.5233,0.0017,0.0,-0.0,0.1748,43.1188,-330.5233,-0.003051,0.0,-0.0,-0.0,0.0,0.0,0.0,-0.0,0.0,0.0,0.0,5,0,-1,33.11,Driving,False,-0.034,0.525,-0.0,0.3,False,False,1,,,,NONE,False,Green,60.0
438,25.1381,20.2,372,Vehicle 3,vehicle,vehicle.tesla.model3,hero_2,43.1188,330.5233,0.0017,0.0,-0.0,0.1748,43.1188,-330.5233,-0.003051,0.0,-0.0,-0.0,0.0,-0.0,0.0,0.0,0.0,0.0,0.0,5,0,-1,33.11,Driving,False,-0.034,0.525,-0.0,0.3,False,False,1,,,,NONE,False,Green,60.0
439,25.1881,20.25,372,Vehicle 3,vehicle,vehicle.tesla.model3,hero_2,43.1188,330.5233,0.0017,0.0,-0.0,0.1748,43.1188,-330.5233,-0.003051,0.0,0.0,-0.0,0.0,0.0,0.0,-0.0,0.0,0.0,0.0,5,0,-1,33.11,Driving,False,-0.034,0.525,0.001,0.3,False,False,1,,,,NONE,False,Green,60.0
440,25.2381,20.3,372,Vehicle 3,vehicle,vehicle.tesla.model3,hero_2,43.1188,330.5233,0.0017,0.0,-0.0,0.1748,43.1188,-330.5233,-0.003051,0.0,0.0,-0.0,0.0,-0.0,0.0,-0.0,-0.0,0.0,-0.0,5,0,-1,33.11,Driving,False,-0.034,0.525,0.001,0.3,False,False,1,,,,NONE,False,Green,60.0
441,25.2881,20.35,372,Vehicle 3,vehicle,vehicle.tesla.model3,hero_2,43.1188,330.5233,0.0017,0.0,-0.0,0.1748,43.1188,-330.5233,-0.003051,-0.0,-0.0,-0.0,0.0,-0.0,-0.0,-0.0,0.0,-0.0,-0.0,5,0,-1,33.11,Driving,False,-0.034,0.525,0.001,0.3,False,False,1,,,,NONE,False,Green,60.0
442,25.3381,20.4,372,Vehicle 3,vehicle,vehicle.tesla.model3,hero_2,43.1188,330.5233,0.0017,0.0,-0.0,0.1748,43.1188,-330.5233,-0.003051,-0.0,-0.0,-0.0,0.0,0.0,0.0,-0.0,0.0,-0.0,0.0,5,0,-1,33.11,Driving,False,-0.034,0.525,0.001,0.3,False,False,1,,,,NONE,False,Green,60.0
443,25.3881,20.45,372,Vehicle 3,vehicle,vehicle.tesla.model3,hero_2,43.1188,330.5233,0.0017,0.0,-0.0,0.1748,43.1188,-330.5233,-0.003051,-0.0,-0.0,-0.0,0.0,0.0,0.0,-0.0,0.0,-0.0,0.0,5,0,-1,33.11,Driving,False,-0.034,0.525,0.0,0.3,False,False,1,,,,NONE,False,Green,60.0
444,25.4381,20.5,372,Vehicle 3,vehicle,vehicle.tesla.model3,hero_2,43.1188,330.5233,0.0017,0.0,-0.0,0.1748,43.1188,-330.5233,-0.003051,0.0,0.0,-0.0,0.0,0.0,0.0,-0.0,-0.0,0.0,0.0,5,0,-1,33.11,Driving,False,-0.034,0.525,0.0,0.3,False,False,1,,,,NONE,False,Green,60.0
445,25.4881,20.55,372,Vehicle 3,vehicle,vehicle.tesla.model3,hero_2,43.1188,330.5233,0.0017,0.0,-0.0,0.1748,43.1188,-330.5233,-0.003051,0.0,0.0,-0.0,0.0,0.0,-0.0,-0.0,-0.0,0.0,-0.0,5,0,-1,33.11,Driving,False,-0.034,0.525,0.0,0.3,False,False,1,,,,NONE,False,Green,60.0
446,25.5381,20.6,372,Vehicle 3,vehicle,vehicle.tesla.model3,hero_2,43.1188,330.5233,0.0017,0.0,-0.0,0.1748,43.1188,-330.5233,-0.003051,0.0,0.0,0.0,0.0,-0.0,-0.0,0.0,0.0,0.0,0.0,5,0,-1,33.11,Driving,False,-0.034,0.525,0.0,0.3,False,False,1,,,,NONE,False,Green,60.0
447,25.5881,20.65,372,Vehicle 3,vehicle,vehicle.tesla.model3,hero_2,43.1188,330.5233,0.0017,0.0,-0.0,0.1748,43.1188,-330.5233,-0.003051,-0.0,-0.0,-0.0,0.0,-0.0,-0.0,-0.0,0.0,-0.0,-0.0,5,0,-1,33.11,Driving,False,-0.034,0.525,0.0,0.3,False,False,1,,,,NONE,False,Green,60.0
448,25.6381,20.7,372,Vehicle 3,vehicle,vehicle.tesla.model3,hero_2,43.1188,330.5233,0.0017,0.0,-0.0,0.1748,43.1188,-330.5233,-0.003051,-0.0,-0.0,-0.0,0.0,0.0,0.0,-0.0,0.0,-0.0,0.0,5,0,-1,33.11,Driving,False,-0.034,0.525,0.0,0.3,False,False,1,,,,NONE,False,Green,60.0
449,25.6881,20.75,372,Vehicle 3,vehicle,vehicle.tesla.model3,hero_2,43.1188,330.5233,0.0017,0.0,-0.0,0.1748,43.1188,-330.5233,-0.003051,-0.0,0.0,-0.0,0.0,0.0,0.0,-0.0,-0.0,-0.0,-0.0,5,0,-1,33.11,Driving,False,-0.034,0.525,0.0,0.3,False,False,1,,,,NONE,False,Green,60.0
450,25.7381,20.8,372,Vehicle 3,vehicle,vehicle.tesla.model3,hero_2,43.1188,330.5233,0.0017,0.0,-0.0,0.1748,43.1188,-330.5233,-0.003051,0.0,0.0,-0.0,0.0,0.0,0.0,-0.0,-0.0,0.0,0.0,5,0,-1,33.11,Driving,False,-0.034,0.525,0.0,0.3,False,False,1,,,,NONE,False,Green,60.0
451,25.7881,20.85,372,Vehicle 3,vehicle,vehicle.tesla.model3,hero_2,43.1188,330.5233,0.0017,0.0,-0.0,0.1748,43.1188,-330.5233,-0.003051,0.0,-0.0,-0.0,0.0,0.0,-0.0,-0.0,-0.0,0.0,-0.0,5,0,-1,33.11,Driving,False,-0.034,0.525,0.0,0.3,False,False,1,,,,NONE,False,Green,60.0
452,25.8381,20.9,372,Vehicle 3,vehicle,vehicle.tesla.model3,hero_2,43.1188,330.5233,0.0017,0.0,-0.0,0.1748,43.1188,-330.5233,-0.003051,-0.0,-0.0,-0.0,0.0,-0.0,0.0,-0.0,0.0,-0.0,-0.0,5,0,-1,33.11,Driving,False,-0.034,0.525,0.0,0.3,False,False,1,,,,NONE,False,Green,60.0
453,25.8881,20.95,372,Vehicle 3,vehicle,vehicle.tesla.model3,hero_2,43.1188,330.5233,0.0017,0.0,-0.0,0.1748,43.1188,-330.5233,-0.003051,-0.0,-0.0,-0.0,0.0,-0.0,0.0,-0.0,0.0,-0.0,0.0,5,0,-1,33.11,Driving,False,-0.034,0.525,0.0,0.3,False,False,1,,,,NONE,False,Green,60.0
454,25.9381,21.0,372,Vehicle 3,vehicle,vehicle.tesla.model3,hero_2,43.1188,330.5233,0.0017,0.0,-0.0,0.1748,43.1188,-330.5233,-0.003051,-0.0,-0.0,-0.0,0.0,0.0,0.0,-0.0,0.0,-0.0,0.0,5,0,-1,33.11,Driving,False,-0.034,0.525,0.0,0.3,False,False,1,,,,NONE,False,Green,60.0
455,25.9881,21.05,372,Vehicle 3,vehicle,vehicle.tesla.model3,hero_2,43.1188,330.5233,0.0017,0.0,-0.0,0.1748,43.1188,-330.5233,-0.003051,0.0,0.0,-0.0,0.0,0.0,0.0,0.0,-0.0,0.0,-0.0,5,0,-1,33.11,Driving,False,-0.034,0.525,0.0,0.3,False,False,1,,,,NONE,False,Green,60.0
456,26.0381,21.1,372,Vehicle 3,vehicle,vehicle.tesla.model3,hero_2,43.1188,330.5233,0.0017,0.0,-0.0,0.1748,43.1188,-330.5233,-0.003051,0.0,0.0,-0.0,0.0,0.0,-0.0,-0.0,-0.0,0.0,0.0,5,0,-1,33.11,Driving,False,-0.034,0.525,0.0,0.3,False,False,1,,,,NONE,False,Green,60.0
457,26.0881,21.15,372,Vehicle 3,vehicle,vehicle.tesla.model3,hero_2,43.1188,330.5233,0.0017,0.0,-0.0,0.1748,43.1188,-330.5233,-0.003051,0.0,-0.0,-0.0,0.0,-0.0,-0.0,-0.0,-0.0,0.0,-0.0,5,0,-1,33.11,Driving,False,-0.034,0.525,0.0,0.3,False,False,1,,,,NONE,False,Green,60.0
458,26.1381,21.2,372,Vehicle 3,vehicle,vehicle.tesla.model3,hero_2,43.1188,330.5233,0.0017,0.0,-0.0,0.1748,43.1188,-330.5233,-0.003051,0.0,-0.0,-0.0,0.0,0.0,-0.0,-0.0,0.0,0.0,0.0,5,0,-1,33.11,Driving,False,-0.034,0.525,0.0,0.3,False,False,1,,,,NONE,False,Green,60.0
459,26.1881,21.25,372,Vehicle 3,vehicle,vehicle.tesla.model3,hero_2,43.1188,330.5233,0.0017,0.0,-0.0,0.1748,43.1188,-330.5233,-0.003051,0.0,-0.0,-0.0,0.0,0.0,0.0,-0.0,0.0,0.0,0.0,5,0,-1,33.11,Driving,False,-0.034,0.525,0.001,0.3,False,False,1,,,,NONE,False,Green,60.0
460,26.2381,21.3,372,Vehicle 3,vehicle,vehicle.tesla.model3,hero_2,43.1188,330.5233,0.0017,0.0,-0.0,0.1748,43.1188,-330.5233,-0.003051,0.0,0.0,-0.0,0.0,0.0,0.0,-0.0,0.0,0.0,0.0,5,0,-1,33.11,Driving,False,-0.034,0.525,0.001,0.3,False,False,1,,,,NONE,False,Green,60.0
461,26.2881,21.35,372,Vehicle 3,vehicle,vehicle.tesla.model3,hero_2,43.1188,330.5233,0.0017,0.0,-0.0,0.1748,43.1188,-330.5233,-0.003051,0.0,0.0,-0.0,0.0,-0.0,0.0,0.0,0.0,0.0,-0.0,5,0,-1,33.11,Driving,False,-0.034,0.525,0.001,0.3,False,False,1,,,,NONE,False,Green,60.0
462,26.3381,21.4,372,Vehicle 3,vehicle,vehicle.tesla.model3,hero_2,43.1188,330.5233,0.0017,0.0,-0.0,0.1748,43.1188,-330.5233,-0.003051,0.0,0.0,-0.0,0.0,-0.0,0.0,0.0,-0.0,0.0,-0.0,5,0,-1,33.11,Driving,False,-0.034,0.525,0.001,0.3,False,False,1,,,,NONE,False,Green,60.0
463,26.3881,21.45,372,Vehicle 3,vehicle,vehicle.tesla.model3,hero_2,43.1188,330.5233,0.0017,0.0,-0.0,0.1748,43.1188,-330.5233,-0.003051,-0.0,0.0,0.0,0.0,-0.0,-0.0,0.0,-0.0,-0.0,0.0,5,0,-1,33.11,Driving,False,-0.034,0.525,-0.0,0.3,False,False,1,,,,NONE,False,Green,60.0
464,26.4381,21.5,372,Vehicle 3,vehicle,vehicle.tesla.model3,hero_2,43.1188,330.5233,0.0017,0.0,-0.0,0.1748,43.1188,-330.5233,-0.003051,-0.0,0.0,0.0,0.0,-0.0,0.0,-0.0,-0.0,-0.0,-0.0,5,0,-1,33.11,Driving,False,-0.034,0.525,-0.0,0.3,False,False,1,,,,NONE,False,Green,60.0
465,26.4881,21.55,372,Vehicle 3,vehicle,vehicle.tesla.model3,hero_2,43.1188,330.5233,0.0017,0.0,-0.0,0.1748,43.1188,-330.5233,-0.003051,-0.0,-0.0,-0.0,0.0,-0.0,-0.0,-0.0,-0.0,-0.0,-0.0,5,0,-1,33.11,Driving,False,-0.034,0.525,-0.0,0.3,False,False,1,,,,NONE,False,Green,60.0
466,26.5381,21.6,372,Vehicle 3,vehicle,vehicle.tesla.model3,hero_2,43.1188,330.5233,0.0017,0.0,-0.0,0.1748,43.1188,-330.5233,-0.003051,-0.0,-0.0,-0.0,0.0,-0.0,-0.0,-0.0,-0.0,-0.0,-0.0,5,0,-1,33.11,Driving,False,-0.034,0.525,-0.0,0.3,False,False,1,,,,NONE,False,Green,60.0
467,26.5881,21.65,372,Vehicle 3,vehicle,vehicle.tesla.model3,hero_2,43.1188,330.5233,0.0017,0.0,-0.0,0.1748,43.1188,-330.5233,-0.003051,-0.0,-0.0,-0.0,0.0,0.0,-0.0,-0.0,0.0,-0.0,0.0,5,0,-1,33.11,Driving,False,-0.034,0.525,0.001,0.3,False,False,1,,,,NONE,False,Green,60.0
468,26.6381,21.7,372,Vehicle 3,vehicle,vehicle.tesla.model3,hero_2,43.1188,330.5233,0.0017,0.0,-0.0,0.1748,43.1188,-330.5233,-0.003051,0.0,-0.0,-0.0,0.0,0.0,0.0,-0.0,0.0,0.0,0.0,5,0,-1,33.11,Driving,False,-0.034,0.525,0.001,0.3,False,False,1,,,,NONE,False,Green,60.0
469,26.6881,21.75,372,Vehicle 3,vehicle,vehicle.tesla.model3,hero_2,43.1188,330.5233,0.0017,0.0,-0.0,0.1748,43.1188,-330.5233,-0.003051,0.0,-0.0,-0.0,0.0,0.0,0.0,-0.0,0.0,0.0,0.0,5,0,-1,33.11,Driving,False,-0.034,0.525,0.001,0.3,False,False,1,,,,NONE,False,Green,60.0
470,26.7381,21.8,372,Vehicle 3,vehicle,vehicle.tesla.model3,hero_2,43.1188,330.5233,0.0017,0.0,-0.0,0.1748,43.1188,-330.5233,-0.003051,0.0,-0.0,-0.0,0.0,-0.0,0.0,-0.0,0.0,0.0,-0.0,5,0,-1,33.11,Driving,False,-0.034,0.525,0.001,0.3,False,False,1,,,,NONE,False,Green,60.0
471,26.7881,21.85,372,Vehicle 3,vehicle,vehicle.tesla.model3,hero_2,43.1188,330.5233,0.0017,0.0,-0.0,0.1748,43.1188,-330.5233,-0.003051,-0.0,-0.0,-0.0,0.0,-0.0,0.0,0.0,0.0,-0.0,-0.0,5,0,-1,33.11,Driving,False,-0.034,0.525,0.0,0.3,False,False,1,,,,NONE,False,Green,60.0
472,26.8381,21.9,372,Vehicle 3,vehicle,vehicle.tesla.model3,hero_2,43.1188,330.5233,0.0017,0.0,-0.0,0.1748,43.1188,-330.5233,-0.003051,-0.0,0.0,0.0,0.0,0.0,0.0,0.0,-0.0,-0.0,-0.0,5,0,-1,33.11,Driving,False,-0.034,0.525,0.0,0.3,False,False,1,,,,NONE,False,Green,60.0
473,26.8881,21.95,372,Vehicle 3,vehicle,vehicle.tesla.model3,hero_2,43.1188,330.5233,0.0017,0.0,-0.0,0.1748,43.1188,-330.5233,-0.003051,-0.0,-0.0,-0.0,0.0,-0.0,-0.0,-0.0,-0.0,-0.0,-0.0,5,0,-1,33.11,Driving,False,-0.034,0.525,0.0,0.3,False,False,1,,,,NONE,False,Green,60.0
474,26.9381,22.0,372,Vehicle 3,vehicle,vehicle.tesla.model3,hero_2,43.1188,330.5233,0.0017,0.0,-0.0,0.1748,43.1188,-330.5233,-0.003051,-0.0,0.0,-0.0,0.0,0.0,0.0,-0.0,-0.0,-0.0,0.0,5,0,-1,33.11,Driving,False,-0.034,0.525,0.0,0.3,False,False,1,,,,NONE,False,Green,60.0
475,26.9881,22.05,372,Vehicle 3,vehicle,vehicle.tesla.model3,hero_2,43.1188,330.5233,0.0017,0.0,-0.0,0.1748,43.1188,-330.5233,-0.003051,-0.0,0.0,-0.0,0.0,0.0,0.0,-0.0,-0.0,-0.0,0.0,5,0,-1,33.11,Driving,False,-0.034,0.525,0.001,0.3,False,False,1,,,,NONE,False,Green,60.0
476,27.0381,22.1,372,Vehicle 3,vehicle,vehicle.tesla.model3,hero_2,43.1188,330.5233,0.0017,0.0,-0.0,0.1748,43.1188,-330.5233,-0.003051,-0.0,-0.0,-0.0,0.0,-0.0,-0.0,-0.0,0.0,-0.0,-0.0,5,0,-1,33.11,Driving,False,-0.034,0.525,0.001,0.3,False,False,1,,,,NONE,False,Green,60.0
477,27.0881,22.15,372,Vehicle 3,vehicle,vehicle.tesla.model3,hero_2,43.1188,330.5233,0.0017,0.0,-0.0,0.1748,43.1188,-330.5233,-0.003051,0.0,-0.0,-0.0,0.0,0.0,0.0,-0.0,0.0,0.0,0.0,5,0,-1,33.11,Driving,False,-0.034,0.525,0.001,0.3,False,False,1,,,,NONE,False,Green,60.0
478,27.1381,22.2,372,Vehicle 3,vehicle,vehicle.tesla.model3,hero_2,43.1188,330.5233,0.0017,0.0,-0.0,0.1748,43.1188,-330.5233,-0.003051,0.0,-0.0,-0.0,0.0,0.0,0.0,-0.0,0.0,0.0,0.0,5,0,-1,33.11,Driving,False,-0.034,0.525,0.001,0.3,False,False,1,,,,NONE,False,Green,60.0
479,27.1881,22.25,372,Vehicle 3,vehicle,vehicle.tesla.model3,hero_2,43.1188,330.5233,0.0017,0.0,-0.0,0.1748,43.1188,-330.5233,-0.003051,0.0,-0.0,-0.0,0.0,0.0,-0.0,-0.0,0.0,0.0,-0.0,5,0,-1,33.11,Driving,False,-0.034,0.525,-0.001,0.3,False,False,1,,,,NONE,False,Green,60.0
480,27.2381,22.3,372,Vehicle 3,vehicle,vehicle.tesla.model3,hero_2,43.1188,330.5233,0.0017,0.0,-0.0,0.1748,43.1188,-330.5233,-0.003051,-0.0,-0.0,-0.0,0.0,-0.0,0.0,0.0,0.0,-0.0,-0.0,5,0,-1,33.11,Driving,False,-0.034,0.525,-0.001,0.3,False,False,1,,,,NONE,False,Green,60.0
481,27.2881,22.35,372,Vehicle 3,vehicle,vehicle.tesla.model3,hero_2,43.1188,330.5233,0.0017,0.0,-0.0,0.1748,43.1188,-330.5233,-0.003051,0.0,-0.0,-0.0,0.0,0.0,0.0,-0.0,0.0,0.0,0.0,5,0,-1,33.11,Driving,False,-0.034,0.525,-0.001,0.3,False,False,1,,,,NONE,False,Green,60.0
482,27.3381,22.4,372,Vehicle 3,vehicle,vehicle.tesla.model3,hero_2,43.1188,330.5233,0.0017,0.0,-0.0,0.1748,43.1188,-330.5233,-0.003051,-0.0,0.0,-0.0,0.0,-0.0,0.0,-0.0,-0.0,-0.0,-0.0,5,0,-1,33.11,Driving,False,-0.034,0.525,-0.001,0.3,False,False,1,,,,NONE,False,Green,60.0
483,27.3881,22.45,372,Vehicle 3,vehicle,vehicle.tesla.model3,hero_2,43.1188,330.5233,0.0017,0.0,-0.0,0.1748,43.1188,-330.5233,-0.003051,0.0,0.0,-0.0,0.0,0.0,-0.0,-0.0,-0.0,0.0,0.0,5,0,-1,33.11,Driving,False,-0.034,0.525,-0.0,0.3,False,False,1,,,,NONE,False,Green,60.0
484,27.4381,22.5,372,Vehicle 3,vehicle,vehicle.tesla.model3,hero_2,43.1188,330.5233,0.0017,0.0,-0.0,0.1748,43.1188,-330.5233,-0.003051,0.0,-0.0,-0.0,0.0,0.0,-0.0,-0.0,-0.0,0.0,-0.0,5,0,-1,33.11,Driving,False,-0.034,0.525,-0.0,0.3,False,False,1,,,,NONE,False,Green,60.0
485,27.4881,22.55,372,Vehicle 3,vehicle,vehicle.tesla.model3,hero_2,43.1188,330.5233,0.0017,0.0,-0.0,0.1748,43.1188,-330.5233,-0.003051,-0.0,0.0,-0.0,0.0,-0.0,0.0,-0.0,0.0,-0.0,-0.0,5,0,-1,33.11,Driving,False,-0.034,0.525,-0.0,0.3,False,False,1,,,,NONE,False,Green,60.0
486,27.5381,22.6,372,Vehicle 3,vehicle,vehicle.tesla.model3,hero_2,43.1188,330.5233,0.0017,0.0,-0.0,0.1748,43.1188,-330.5233,-0.003051,-0.0,-0.0,-0.0,0.0,0.0,-0.0,-0.0,0.0,-0.0,0.0,5,0,-1,33.11,Driving,False,-0.034,0.525,-0.0,0.3,False,False,1,,,,NONE,False,Green,60.0
487,27.5881,22.65,372,Vehicle 3,vehicle,vehicle.tesla.model3,hero_2,43.1188,330.5233,0.0017,0.0,-0.0,0.1748,43.1188,-330.5233,-0.003051,-0.0,0.0,-0.0,0.0,0.0,0.0,-0.0,-0.0,-0.0,-0.0,5,0,-1,33.11,Driving,False,-0.034,0.525,0.001,0.3,False,False,1,,,,NONE,False,Green,60.0
488,27.6381,22.7,372,Vehicle 3,vehicle,vehicle.tesla.model3,hero_2,43.1188,330.5233,0.0017,0.0,-0.0,0.1748,43.1188,-330.5233,-0.003051,0.0,0.0,0.0,0.0,0.0,-0.0,0.0,0.0,0.0,0.0,5,0,-1,33.11,Driving,False,-0.034,0.525,0.001,0.3,False,False,1,,,,NONE,False,Green,60.0
489,27.6881,22.75,372,Vehicle 3,vehicle,vehicle.tesla.model3,hero_2,43.1188,330.5233,0.0017,0.0,-0.0,0.1748,43.1188,-330.5233,-0.003051,0.0,0.0,-0.0,0.0,0.0,0.0,-0.0,-0.0,0.0,0.0,5,0,-1,33.11,Driving,False,-0.034,0.525,0.001,0.3,False,False,1,,,,NONE,False,Green,60.0
490,27.7381,22.8,372,Vehicle 3,vehicle,vehicle.tesla.model3,hero_2,43.1188,330.5233,0.0017,0.0,-0.0,0.1748,43.1188,-330.5233,-0.003051,-0.0,0.0,-0.0,0.0,-0.0,-0.0,-0.0,0.0,-0.0,-0.0,5,0,-1,33.11,Driving,False,-0.034,0.525,0.001,0.3,False,False,1,,,,NONE,False,Green,60.0
491,27.7881,22.85,372,Vehicle 3,vehicle,vehicle.tesla.model3,hero_2,43.1188,330.5233,0.0017,0.0,-0.0,0.1748,43.1188,-330.5233,-0.003051,0.0,-0.0,-0.0,0.0,0.0,-0.0,-0.0,0.0,0.0,0.0,5,0,-1,33.11,Driving,False,-0.034,0.525,0.001,0.3,False,False,1,,,,NONE,False,Green,60.0
492,27.8381,22.9,372,Vehicle 3,vehicle,vehicle.tesla.model3,hero_2,43.1188,330.5233,0.0017,0.0,-0.0,0.1748,43.1188,-330.5233,-0.003051,-0.0,-0.0,-0.0,0.0,-0.0,-0.0,-0.0,0.0,-0.0,-0.0,5,0,-1,33.11,Driving,False,-0.034,0.525,0.001,0.3,False,False,1,,,,NONE,False,Green,60.0
493,27.8881,22.95,372,Vehicle 3,vehicle,vehicle.tesla.model3,hero_2,43.1188,330.5233,0.0017,0.0,-0.0,0.1748,43.1188,-330.5233,-0.003051,0.0,-0.0,-0.0,0.0,0.0,0.0,-0.0,0.0,0.0,0.0,5,0,-1,33.11,Driving,False,-0.034,0.525,0.001,0.3,False,False,1,,,,NONE,False,Green,60.0
494,27.9381,23.0,372,Vehicle 3,vehicle,vehicle.tesla.model3,hero_2,43.1188,330.5233,0.0017,0.0,-0.0,0.1748,43.1188,-330.5233,-0.003051,0.0,-0.0,-0.0,0.0,0.0,-0.0,-0.0,-0.0,0.0,-0.0,5,0,-1,33.11,Driving,False,-0.034,0.525,0.001,0.3,False,False,1,,,,NONE,False,Green,60.0
495,27.9881,23.05,372,Vehicle 3,vehicle,vehicle.tesla.model3,hero_2,43.1188,330.5233,0.0017,0.0,-0.0,0.1748,43.1188,-330.5233,-0.003051,-0.0,-0.0,-0.0,0.0,-0.0,0.0,-0.0,0.0,-0.0,0.0,5,0,-1,33.11,Driving,False,-0.034,0.525,0.001,0.3,False,False,1,,,,NONE,False,Green,60.0
496,28.0381,23.1,372,Vehicle 3,vehicle,vehicle.tesla.model3,hero_2,43.1188,330.5233,0.0017,0.0,-0.0,0.1748,43.1188,-330.5233,-0.003051,0.0,0.0,-0.0,0.0,0.0,0.0,-0.0,-0.0,0.0,0.0,5,0,-1,33.11,Driving,False,-0.034,0.525,0.001,0.3,False,False,1,,,,NONE,False,Green,60.0
497,28.0881,23.15,372,Vehicle 3,vehicle,vehicle.tesla.model3,hero_2,43.1188,330.5233,0.0017,0.0,-0.0,0.1748,43.1188,-330.5233,-0.003051,0.0,0.0,-0.0,0.0,0.0,0.0,0.0,-0.0,0.0,0.0,5,0,-1,33.11,Driving,False,-0.034,0.525,0.001,0.3,False,False,1,,,,NONE,False,Green,60.0
498,28.1381,23.2,372,Vehicle 3,vehicle,vehicle.tesla.model3,hero_2,43.1188,330.5233,0.0017,0.0,-0.0,0.1748,43.1188,-330.5233,-0.003051,-0.0,-0.0,-0.0,0.0,-0.0,-0.0,-0.0,0.0,-0.0,-0.0,5,0,-1,33.11,Driving,False,-0.034,0.525,0.001,0.3,False,False,1,,,,NONE,False,Green,60.0
499,28.1881,23.25,372,Vehicle 3,vehicle,vehicle.tesla.model3,hero_2,43.1188,330.5233,0.0017,0.0,-0.0,0.1748,43.1188,-330.5233,-0.003051,0.0,-0.0,-0.0,0.0,0.0,0.0,-0.0,0.0,0.0,0.0,5,0,-1,33.11,Driving,False,-0.034,0.525,0.001,0.3,False,False,1,,,,NONE,False,Green,60.0
500,28.2381,23.3,372,Vehicle 3,vehicle,vehicle.tesla.model3,hero_2,43.1188,330.5233,0.0017,0.0,-0.0,0.1748,43.1188,-330.5233,-0.003051,0.0,-0.0,-0.0,0.0,0.0,0.0,-0.0,0.0,0.0,0.0,5,0,-1,33.11,Driving,False,-0.034,0.525,0.001,0.3,False,False,1,,,,NONE,False,Green,60.0
501,28.2881,23.35,372,Vehicle 3,vehicle,vehicle.tesla.model3,hero_2,43.1188,330.5233,0.0017,0.0,-0.0,0.1748,43.1188,-330.5233,-0.003051,0.0,-0.0,-0.0,0.0,-0.0,0.0,-0.0,0.0,0.0,-0.0,5,0,-1,33.11,Driving,False,-0.034,0.525,0.001,0.3,False,False,1,,,,NONE,False,Green,60.0
502,28.3381,23.4,372,Vehicle 3,vehicle,vehicle.tesla.model3,hero_2,43.1188,330.5233,0.0017,0.0,-0.0,0.1748,43.1188,-330.5233,-0.003051,0.0,0.0,-0.0,0.0,-0.0,0.0,0.0,0.0,0.0,-0.0,5,0,-1,33.11,Driving,False,-0.034,0.525,0.001,0.3,False,False,1,,,,NONE,False,Green,60.0
503,28.3881,23.45,372,Vehicle 3,vehicle,vehicle.tesla.model3,hero_2,43.1188,330.5233,0.0017,0.0,-0.0,0.1748,43.1188,-330.5233,-0.003051,-0.0,0.0,-0.0,0.0,-0.0,0.0,0.0,-0.0,-0.0,-0.0,5,0,-1,33.11,Driving,False,-0.034,0.525,0.001,0.3,False,False,1,,,,NONE,False,Green,60.0
504,28.4381,23.5,372,Vehicle 3,vehicle,vehicle.tesla.model3,hero_2,43.1188,330.5233,0.0017,0.0,-0.0,0.1748,43.1188,-330.5233,-0.003051,-0.0,0.0,-0.0,0.0,-0.0,0.0,0.0,-0.0,-0.0,-0.0,5,0,-1,33.11,Driving,False,-0.034,0.525,0.001,0.3,False,False,1,,,,NONE,False,Green,60.0
505,28.4881,23.55,372,Vehicle 3,vehicle,vehicle.tesla.model3,hero_2,43.1188,330.5233,0.0017,0.0,-0.0,0.1748,43.1188,-330.5233,-0.003051,-0.0,-0.0,-0.0,0.0,0.0,-0.0,0.0,0.0,-0.0,-0.0,5,0,-1,33.11,Driving,False,-0.034,0.525,0.001,0.3,False,False,1,,,,NONE,False,Green,60.0
506,28.5381,23.6,372,Vehicle 3,vehicle,vehicle.tesla.model3,hero_2,43.1188,330.5233,0.0017,0.0,-0.0,0.1748,43.1188,-330.5233,-0.003051,-0.0,0.0,-0.0,0.0,-0.0,0.0,-0.0,0.0,-0.0,-0.0,5,0,-1,33.11,Driving,False,-0.034,0.525,0.001,0.3,False,False,1,,,,NONE,False,Green,60.0
507,28.5881,23.65,372,Vehicle 3,vehicle,vehicle.tesla.model3,hero_2,43.1188,330.5233,0.0017,0.0,-0.0,0.1748,43.1188,-330.5233,-0.003051,-0.0,0.0,-0.0,0.0,0.0,0.0,-0.0,-0.0,-0.0,0.0,5,0,-1,33.11,Driving,False,-0.034,0.525,0.0,0.3,False,False,1,,,,NONE,False,Green,60.0
508,28.6381,23.7,372,Vehicle 3,vehicle,vehicle.tesla.model3,hero_2,43.1188,330.5233,0.0017,0.0,-0.0,0.1748,43.1188,-330.5233,-0.003051,0.0,0.0,-0.0,0.0,0.0,-0.0,-0.0,-0.0,0.0,0.0,5,0,-1,33.11,Driving,False,-0.034,0.525,0.0,0.3,False,False,1,,,,NONE,False,Green,60.0
509,28.6881,23.75,372,Vehicle 3,vehicle,vehicle.tesla.model3,hero_2,43.1188,330.5233,0.0017,0.0,-0.0,0.1748,43.1188,-330.5233,-0.003051,0.0,-0.0,-0.0,0.0,-0.0,-0.0,-0.0,-0.0,0.0,-0.0,5,0,-1,33.11,Driving,False,-0.034,0.525,0.0,0.3,False,False,1,,,,NONE,False,Green,60.0
510,28.7381,23.8,372,Vehicle 3,vehicle,vehicle.tesla.model3,hero_2,43.1188,330.5233,0.0017,0.0,-0.0,0.1748,43.1188,-330.5233,-0.003051,-0.0,-0.0,-0.0,0.0,-0.0,-0.0,-0.0,0.0,-0.0,-0.0,5,0,-1,33.11,Driving,False,-0.034,0.525,0.0,0.3,False,False,1,,,,NONE,False,Green,60.0
511,28.7881,23.85,372,Vehicle 3,vehicle,vehicle.tesla.model3,hero_2,43.1188,330.5233,0.0017,0.0,-0.0,0.1748,43.1188,-330.5233,-0.003051,-0.0,-0.0,-0.0,0.0,0.0,0.0,-0.0,0.0,-0.0,0.0,5,0,-1,33.11,Driving,False,-0.034,0.525,0.001,0.3,False,False,1,,,,NONE,False,Green,60.0
