frame,sim_time,t_rel,actor_id,name,category,type_id,role_name,x,y,z,roll,pitch,yaw,x_odr,y_odr,heading_odr_rad,vx,vy,vz,speed_mps,ax,ay,az,wx_dps,wy_dps,wz_dps,road_id,section_id,lane_id,s,lane_type,is_junction,lateral_offset_m,throttle,steer,brake,hand_brake,reverse,gear,walker_dir_x,walker_dir_y,walker_speed,light_state,at_traffic_light,traffic_light_state,speed_limit_kmh
34,4.9381,0.0,371,Vehicle 2,vehicle,vehicle.tesla.model3,hero_1,77.011,326.576,0.0014,-0.0014,0.0007,-179.9711,77.011,-326.576,3.141088,-0.0,-0.0001,0.0023,0.0023,0.0,0.0005,-0.0231,0.0089,-0.0041,0.0,5,0,1,67.0,Driving,False,-0.0,0.0,0.0,0.0,False,False,0,,,,NONE,False,Green,30.0
35,4.9881,0.05,371,Vehicle 2,vehicle,vehicle.tesla.model3,hero_1,77.011,326.576,0.0014,-0.0014,0.0007,-179.9711,77.011,-326.576,3.141088,0.0,0.0,0.0,0.0,0.0001,0.0013,-0.046,0.0,0.0,0.0,5,0,1,67.0,Driving,False,-0.0,0.0,0.0,0.0,False,False,0,,,,NONE,False,Green,30.0
36,5.0381,0.1,371,Vehicle 2,vehicle,vehicle.tesla.model3,hero_1,77.011,326.576,0.0014,-0.0014,0.0007,-179.9711,77.011,-326.576,3.141088,0.0,0.0,0.0,0.0,0.0,0.0,0.0,0.0,0.0,0.0,5,0,1,67.0,Driving,False,-0.0,0.0,0.0,0.0,False,False,0,,,,NONE,False,Green,30.0
37,5.0881,0.15,371,Vehicle 2,vehicle,vehicle.tesla.model3,hero_1,77.011,326.576,0.0014,-0.0014,0.0007,-179.9711,77.011,-326.576,3.141088,0.0,0.0,0.0,0.0,0.0,0.0,0.0,0.0,0.0,0.0,5,0,1,67.0,Driving,False,-0.0,0.0,0.0,0.0,False,False,0,,,,NONE,False,Green,30.0
38,5.1381,0.2,371,Vehicle 2,vehicle,vehicle.tesla.model3,hero_1,77.011,326.576,0.0014,-0.0014,0.0007,-179.9711,77.011,-326.576,3.141088,0.0,0.0,0.0,0.0,0.0,0.0,0.0,0.0,0.0,0.0,5,0,1,67.0,Driving,False,-0.0,0.0,0.0,0.0,False,False,0,,,,NONE,False,Green,30.0
39,5.1881,0.25,371,Vehicle 2,vehicle,vehicle.tesla.model3,hero_1,77.011,326.576,0.0013,-0.001,0.0005,-179.9711,77.011,-326.576,3.141088,-0.0,-0.0,-0.002,0.002,-0.0,-0.0,-0.0397,0.004,-0.0017,0.0,5,0,1,67.0,Driving,False,-0.0,0.75,0.012,0.0,False,False,0,,,,NONE,False,Green,30.0
40,5.2381,0.3,371,Vehicle 2,vehicle,vehicle.tesla.model3,hero_1,77.011,326.576,0.0013,-0.0008,0.0004,-179.9711,77.011,-326.576,3.141088,-0.0,-0.0,0.0004,0.0004,-0.0,0.0,0.0474,0.0042,-0.0019,0.0,5,0,1,67.0,Driving,False,-0.0,0.75,0.012,0.0,False,False,0,,,,NONE,False,Green,30.0
41,5.2881,0.35,371,Vehicle 2,vehicle,vehicle.tesla.model3,hero_1,77.011,326.576,0.0013,-0.0006,0.0003,-179.9711,77.011,-326.576,3.141088,-0.0,-0.0,0.0013,0.0013,0.0,0.0,0.0176,0.0036,-0.0017,0.0,5,0,1,67.0,Driving,False,-0.0,0.75,0.012,0.0,False,False,0,,,,NONE,False,Green,30.0
42,5.3381,0.4,371,Vehicle 2,vehicle,vehicle.tesla.model3,hero_1,77.011,326.576,0.0014,-0.0005,0.0002,-179.9711,77.011,-326.576,3.141088,-0.0,-0.0,0.0014,0.0014,0.0,-0.0,0.0035,0.0029,-0.0013,0.0,5,0,1,67.0,Driving,False,-0.0,0.75,0.012,0.0,False,False,0,,,,NONE,False,Green,30.0
43,5.3881,0.45,371,Vehicle 2,vehicle,vehicle.tesla.model3,hero_1,77.011,326.576,0.0015,-0.0004,0.0002,-179.9711,77.011,-326.576,3.141088,-0.0,-0.0,0.0013,0.0013,0.0,0.0,-0.0026,0.0022,-0.001,0.0,5,0,1,67.0,Driving,False,-0.0,0.75,0.016,0.0,False,False,0,,,,NONE,False,Green,30.0
44,5.4381,0.5,371,Vehicle 2,vehicle,vehicle.tesla.model3,hero_1,77.011,326.576,0.0015,-0.0004,0.0002,-179.9711,77.011,-326.576,3.141088,-0.0,-0.0,0.0011,0.0011,0.0,-0.0,-0.0047,0.0017,-0.0007,0.0,5,0,1,67.0,Driving,False,-0.0,0.75,0.016,0.0,False,False,0,,,,NONE,False,Green,30.0
45,5.4881,0.55,371,Vehicle 2,vehicle,vehicle.tesla.model3,hero_1,77.011,326.576,0.0016,-0.0002,0.0001,-179.9711,77.011,-326.576,3.141088,-0.0,-0.0,0.0008,0.0008,0.0,0.0,-0.0048,0.0012,-0.0005,0.0,5,0,1,67.0,Driving,False,-0.0,0.75,0.016,0.0,False,False,0,,,,NONE,False,Green,30.0
46,5.5381,0.6,371,Vehicle 2,vehicle,vehicle.tesla.model3,hero_1,77.011,326.576,0.0016,-0.0002,0.0001,-179.9711,77.011,-326.576,3.141088,-0.0,-0.0,0.0006,0.0006,0.0,-0.0,-0.0042,0.001,-0.0004,0.0,5,0,1,67.0,Driving,False,-0.0,0.75,0.016,0.0,False,False,0,,,,NONE,False,Green,30.0
47,5.5881,0.65,371,Vehicle 2,vehicle,vehicle.tesla.model3,hero_1,77.011,326.576,0.0016,-0.0002,0.0001,-179.9711,77.011,-326.576,3.141088,-0.0,-0.0,0.0002,0.0002,0.0,0.0,-0.0084,0.0004,-0.0002,0.0,5,0,1,67.0,Driving,False,-0.0,0.75,0.014,0.0,False,False,0,,,,NONE,False,Green,30.0
48,5.6381,0.7,371,Vehicle 2,vehicle,vehicle.tesla.model3,hero_1,77.011,326.576,0.0016,-0.0002,0.0001,-179.9711,77.011,-326.576,3.141088,-0.0,-0.0,0.0003,0.0003,-0.0,0.0,0.0014,0.0006,-0.0002,0.0,5,0,1,67.0,Driving,False,-0.0,0.75,0.014,0.0,False,False,0,,,,NONE,False,Green,30.0
49,5.6881,0.75,371,Vehicle 2,vehicle,vehicle.tesla.model3,hero_1,77.011,326.576,0.0016,-0.0001,0.0,-179.9711,77.011,-326.576,3.141088,-0.0,-0.0,0.0003,0.0003,0.0,-0.0,-0.0002,0.0005,-0.0002,0.0,5,0,1,67.0,Driving,False,-0.0,0.75,0.014,0.0,False,False,0,,,,NONE,False,Green,30.0
50,5.7381,0.8,371,Vehicle 2,vehicle,vehicle.tesla.model3,hero_1,77.011,326.576,0.0016,-0.0001,0.0,-179.9711,77.011,-326.576,3.141088,-0.0,0.0,0.0002,0.0002,0.0,0.0,-0.0008,0.0003,-0.0002,0.0,5,0,1,67.0,Driving,False,-0.0,0.75,0.014,0.0,False,False,0,,,,NONE,False,Green,30.0
51,5.7881,0.85,371,Vehicle 2,vehicle,vehicle.tesla.model3,hero_1,77.011,326.576,0.0017,-0.0001,0.0,-179.9711,77.011,-326.576,3.141088,-0.0,-0.0,0.0002,0.0002,0.0,-0.0,-0.001,0.0003,-0.0001,0.0,5,0,1,67.0,Driving,False,-0.0,0.75,0.02,0.0,False,False,0,,,,NONE,False,Green,30.0
52,5.8381,0.9,371,Vehicle 2,vehicle,vehicle.tesla.model3,hero_1,77.011,326.576,0.0017,-0.0001,0.0,-179.9711,77.011,-326.576,3.141088,-0.0,-0.0,0.0001,0.0001,0.0,-0.0,-0.0009,0.0002,-0.0001,0.0,5,0,1,67.0,Driving,False,-0.0,0.75,0.02,0.0,False,False,0,,,,NONE,False,Green,30.0
53,5.8881,0.95,371,Vehicle 2,vehicle,vehicle.tesla.model3,hero_1,77.011,326.576,0.0017,-0.0001,0.0,-179.9711,77.011,-326.576,3.141088,-0.0,0.0,0.0001,0.0001,0.0,0.0,-0.0007,0.0001,-0.0001,0.0,5,0,1,67.0,Driving,False,-0.0,0.75,0.02,0.0,False,False,0,,,,NONE,False,Green,30.0
54,5.9381,1.0,371,Vehicle 2,vehicle,vehicle.tesla.model3,hero_1,77.011,326.576,0.0017,-0.0001,0.0,-179.9711,77.011,-326.576,3.141088,-0.0,-0.0,0.0001,0.0001,0.0,-0.0,-0.0006,0.0001,-0.0,0.0,5,0,1,67.0,Driving,False,-0.0,0.75,0.02,0.0,False,False,0,,,,NONE,False,Green,30.0
55,5.9881,1.05,371,Vehicle 2,vehicle,vehicle.tesla.model3,hero_1,77.011,326.576,0.0017,-0.0001,0.0,-179.9711,77.011,-326.576,3.141088,-0.0,-0.0,0.0,0.0,0.0,0.0,-0.0012,0.0,-0.0,0.0,5,0,1,67.0,Driving,False,-0.0,0.75,0.015,0.0,False,False,0,,,,NONE,False,Green,30.0
56,6.0381,1.1,371,Vehicle 2,vehicle,vehicle.tesla.model3,hero_1,77.011,326.576,0.0017,-0.0001,0.0,-179.9711,77.011,-326.576,3.141088,0.0,-0.0,0.0,0.0,0.0,0.0,0.0002,0.0001,0.0,0.0,5,0,1,67.0,Driving,False,-0.0,0.75,0.015,0.0,False,False,0,,,,NONE,False,Green,30.0
57,6.0881,1.15,371,Vehicle 2,vehicle,vehicle.tesla.model3,hero_1,77.011,326.576,0.0017,-0.0001,0.0,-179.9711,77.011,-326.576,3.141088,-0.0,0.0,0.0,0.0,-0.0,0.0,0.0,0.0,-0.0,-0.0,5,0,1,67.0,Driving,False,-0.0,0.75,0.015,0.0,False,False,0,,,,NONE,False,Green,30.0
58,6.1381,1.2,371,Vehicle 2,vehicle,vehicle.tesla.model3,hero_1,77.011,326.576,0.0017,-0.0001,0.0,-179.9711,77.011,-326.576,3.141088,-0.0,-0.0,0.0,0.0,0.0,-0.0,-0.0001,0.0001,-0.0,0.0,5,0,1,67.0,Driving,False,-0.0,0.75,0.015,0.0,False,False,0,,,,NONE,False,Green,30.0
59,6.1881,1.25,371,Vehicle 2,vehicle,vehicle.tesla.model3,hero_1,77.011,326.576,0.0017,-0.0001,0.0,-179.9711,77.011,-326.576,3.141088,-0.0,0.0,0.0,0.0,-0.0,0.0,-0.0001,-0.0,-0.0,-0.0,5,0,1,67.0,Driving,False,-0.0,0.75,0.02,0.0,False,False,0,,,,NONE,False,Green,30.0
60,6.2381,1.3,371,Vehicle 2,vehicle,vehicle.tesla.model3,hero_1,77.011,326.576,0.0017,-0.0001,0.0,-179.9711,77.011,-326.576,3.141088,0.0,-0.0,0.0,0.0,0.0,-0.0,-0.0001,0.0,0.0,0.0,5,0,1,67.0,Driving,False,-0.0,0.75,0.02,0.0,False,False,0,,,,NONE,False,Green,30.0
61,6.2881,1.35,371,Vehicle 2,vehicle,vehicle.tesla.model3,hero_1,77.011,326.576,0.0017,-0.0001,0.0,-179.9711,77.011,-326.576,3.141088,-0.0,-0.0,0.0,0.0,-0.0,0.0,-0.0001,0.0,-0.0,0.0,5,0,1,67.0,Driving,False,-0.0,0.75,0.02,0.0,False,False,0,,,,NONE,False,Green,30.0
62,6.3381,1.4,371,Vehicle 2,vehicle,vehicle.tesla.model3,hero_1,77.011,326.576,0.0017,-0.0001,0.0,-179.9711,77.011,-326.576,3.141088,-0.0,0.0,0.0,0.0,0.0,0.0,-0.0001,0.0,-0.0,-0.0,5,0,1,67.0,Driving,False,-0.0,0.75,0.02,0.0,False,False,0,,,,NONE,False,Green,30.0
63,6.3881,1.45,371,Vehicle 2,vehicle,vehicle.tesla.model3,hero_1,77.011,326.576,0.0017,-0.0001,0.0,-179.9711,77.011,-326.576,3.141088,-0.0,-0.0,0.0,0.0,-0.0,-0.0,-0.0,0.0,-0.0,0.0,5,0,1,67.0,Driving,False,-0.0,0.75,0.016,0.0,False,False,0,,,,NONE,False,Green,30.0
64,6.4381,1.5,371,Vehicle 2,vehicle,vehicle.tesla.model3,hero_1,77.011,326.576,0.0017,-0.0001,0.0,-179.9711,77.011,-326.576,3.141088,-0.0,-0.0,0.0,0.0,0.0,0.0,-0.0001,0.0,-0.0,0.0,5,0,1,67.0,Driving,False,-0.0,0.75,0.016,0.0,False,False,0,,,,NONE,False,Green,30.0
65,6.4881,1.55,371,Vehicle 2,vehicle,vehicle.tesla.model3,hero_1,77.0021,326.576,0.0016,-0.0004,0.0101,-179.9667,77.0021,-326.576,3.141011,-0.4206,-0.0045,0.0,0.4206,-8.4111,-0.0895,0.0,-0.022,0.431,0.2083,5,0,1,66.99,Driving,False,-0.0,0.75,0.016,0.0,False,False,0,,,,NONE,False,Green,30.0
66,6.5381,1.6,371,Vehicle 2,vehicle,vehicle.tesla.model3,hero_1,76.9638,326.5756,0.0015,-0.0017,0.036,-179.9526,76.9638,-326.5756,3.140765,-0.9725,-0.0109,-0.0,0.9725,-11.0381,-0.1295,-0.0001,-0.0246,0.5082,0.2646,5,0,1,66.95,Driving,False,0.0,0.75,0.016,0.0,False,False,1,,,,NONE,False,Green,30.0
67,6.5881,1.65,371,Vehicle 2,vehicle,vehicle.tesla.model3,hero_1,76.9049,326.575,0.0014,-0.0021,0.0534,-179.9456,76.9049,-326.575,3.140643,-1.34,-0.0129,0.0,1.34,-7.3501,-0.0386,0.0,-0.0105,0.3281,0.3722,5,0,1,66.89,Driving,False,0.001,0.75,0.014,0.0,False,False,1,,,,NONE,False,Green,30.0
68,6.6381,1.7,371,Vehicle 2,vehicle,vehicle.tesla.model3,hero_1,76.8314,326.5744,0.0013,-0.0022,0.0612,-179.9379,76.8314,-326.5744,3.140509,-1.5653,-0.0148,-0.0,1.5654,-4.5069,-0.0389,-0.0,-0.0011,0.081,0.4604,5,0,1,66.82,Driving,False,0.001,0.75,0.014,0.0,False,False,1,,,,NONE,False,Green,30.0
69,6.6881,1.75,371,Vehicle 2,vehicle,vehicle.tesla.model3,hero_1,76.7456,326.5737,0.0013,-0.0024,0.0635,-179.9078,76.7456,-326.5737,3.139983,-1.8004,-0.0185,-0.0,1.8005,-4.7025,-0.073,-0.0001,-0.0036,0.0064,0.683,5,0,1,66.73,Driving,False,0.002,0.75,0.014,0.0,False,False,1,,,,NONE,False,Green,30.0
70,6.7381,1.8,371,Vehicle 2,vehicle,vehicle.tesla.model3,hero_1,76.6507,326.5728,0.0013,-0.0026,0.061,-179.8794,76.6507,-326.5728,3.139488,-1.97,-0.0218,0.0,1.9701,-3.3905,-0.0666,0.0001,-0.002,-0.061,0.2774,5,0,1,66.64,Driving,False,0.003,0.75,0.014,0.0,False,False,1,,,,NONE,False,Green,30.0
71,6.7881,1.85,371,Vehicle 2,vehicle,vehicle.tesla.model3,hero_1,76.5475,326.5723,0.0013,-0.0004,0.057,-179.8665,76.5475,-326.5723,3.139263,-2.1247,-0.0097,0.0,2.1247,-3.0949,0.2429,-0.0,0.0423,-0.0841,0.1735,5,0,1,66.54,Driving,False,0.003,0.75,0.002,0.0,False,False,1,,,,NONE,False,Green,30.0
72,6.8381,1.9,371,Vehicle 2,vehicle,vehicle.tesla.model3,hero_1,76.4368,326.5719,0.0014,0.0008,0.0529,-179.8624,76.4368,-326.5719,3.139191,-2.2742,-0.0083,0.0,2.2742,-2.9891,0.0274,-0.0,0.0155,-0.0799,-0.0119,5,0,1,66.43,Driving,False,0.004,0.75,0.002,0.0,False,False,1,,,,NONE,False,Green,30.0
73,6.8881,1.95,371,Vehicle 2,vehicle,vehicle.tesla.model3,hero_1,76.3188,326.5716,0.0014,0.0011,0.0492,-179.8574,76.3188,-326.5716,3.139104,-2.4197,-0.0085,0.0,2.4197,-2.9114,-0.004,-0.0,0.0006,-0.0688,0.1609,5,0,1,66.31,Driving,False,0.004,0.75,0.002,0.0,False,False,1,,,,NONE,False,Green,30.0
74,6.9381,2.0,371,Vehicle 2,vehicle,vehicle.tesla.model3,hero_1,76.1935,326.5711,0.0014,0.001,0.0461,-179.854,76.1935,-326.5711,3.139044,-2.5627,-0.009,0.0,2.5628,-2.8601,-0.0109,0.0,-0.0038,-0.0565,0.0098,5,0,1,66.18,Driving,False,0.004,0.75,0.002,0.0,False,False,1,,,,NONE,False,Green,30.0
75,6.9881,2.05,371,Vehicle 2,vehicle,vehicle.tesla.model3,hero_1,76.0611,326.5708,0.0014,0.0016,0.0436,-179.8564,76.0611,-326.5708,3.139086,-2.7039,-0.004,0.0,2.7039,-2.8228,0.0998,-0.0,0.0116,-0.0454,-0.0395,5,0,1,66.05,Driving,False,0.005,0.75,-0.002,0.0,False,False,1,,,,NONE,False,Green,30.0
76,7.0381,2.1,371,Vehicle 2,vehicle,vehicle.tesla.model3,hero_1,75.9218,326.5706,0.0014,0.0019,0.0417,-179.8638,75.9218,-326.5706,3.139216,-2.8436,-0.003,0.0,2.8436,-2.7942,0.0214,0.0,0.0022,-0.0361,-0.2106,5,0,1,65.91,Driving,False,0.005,0.75,-0.002,0.0,False,False,1,,,,NONE,False,Green,30.0
77,7.0881,2.15,371,Vehicle 2,vehicle,vehicle.tesla.model3,hero_1,75.7754,326.5705,0.0014,0.0018,0.0401,-179.8704,75.7754,-326.5705,3.139331,-2.9822,-0.0025,0.0,2.9822,-2.7714,0.0087,0.0001,-0.003,-0.0286,-0.0803,5,0,1,65.76,Driving,False,0.005,0.75,-0.002,0.0,False,False,1,,,,NONE,False,Green,30.0
78,7.1381,2.2,371,Vehicle 2,vehicle,vehicle.tesla.model3,hero_1,75.6222,326.5703,0.0015,0.0016,0.0388,-179.8787,75.6222,-326.5703,3.139476,-3.1197,-0.0022,-0.0,3.1198,-2.7517,0.0065,-0.0001,-0.0039,-0.0227,-0.2213,5,0,1,65.61,Driving,False,0.005,0.75,-0.002,0.0,False,False,1,,,,NONE,False,Green,30.0
79,7.1881,2.25,371,Vehicle 2,vehicle,vehicle.tesla.model3,hero_1,75.4621,326.5701,0.0015,0.0008,0.0378,-179.8808,75.4621,-326.5701,3.139512,-3.2565,-0.0057,-0.0,3.2565,-2.7348,-0.0687,-0.0,-0.0152,-0.0181,0.0397,5,0,1,65.45,Driving,False,0.005,0.75,-0.0,0.0,False,False,1,,,,NONE,False,Green,30.0
80,7.2381,2.3,371,Vehicle 2,vehicle,vehicle.tesla.model3,hero_1,75.2952,326.5698,0.0015,0.0003,0.0371,-179.8821,75.2952,-326.5698,3.139535,-3.3925,-0.0066,-0.0,3.3925,-2.7201,-0.0181,0.0,-0.0074,-0.0144,-0.0736,5,0,1,65.28,Driving,False,0.005,0.75,-0.0,0.0,False,False,1,,,,NONE,False,Green,30.0
81,7.2881,2.35,371,Vehicle 2,vehicle,vehicle.tesla.model3,hero_1,75.1215,326.5694,0.0015,0.0001,0.0364,-179.8819,75.1215,-326.5694,3.139531,-3.5279,-0.007,-0.0,3.5279,-2.7081,-0.0082,0.0,-0.003,-0.0116,0.0589,5,0,1,65.11,Driving,False,0.005,0.75,-0.0,0.0,False,False,1,,,,NONE,False,Green,30.0
82,7.3381,2.4,371,Vehicle 2,vehicle,vehicle.tesla.model3,hero_1,74.9411,326.569,0.0015,0.0,0.0359,-179.883,74.9411,-326.569,3.139551,-3.663,-0.0073,-0.0,3.663,-2.7024,-0.0061,-0.0,-0.0007,-0.0091,-0.0856,5,0,1,64.93,Driving,False,0.006,0.75,-0.0,0.0,False,False,1,,,,NONE,False,Green,30.0
83,7.3881,2.45,371,Vehicle 2,vehicle,vehicle.tesla.model3,hero_1,74.7539,326.5692,0.0015,0.0028,0.0355,-179.9077,74.7539,-326.5692,3.139982,-3.797,0.0111,0.0,3.797,-2.6786,0.368,0.0001,0.0568,-0.008,-0.6092,5,0,1,64.74,Driving,False,0.005,0.75,-0.01,0.0,False,False,1,,,,NONE,False,Green,30.0
84,7.4381,2.5,371,Vehicle 2,vehicle,vehicle.tesla.model3,hero_1,74.5601,326.5698,0.0015,0.0046,0.0351,-179.9464,74.5601,-326.5698,3.140657,-3.9297,0.0175,-0.0,3.9298,-2.6559,0.1283,-0.0001,0.0248,-0.0073,-0.8507,5,0,1,64.55,Driving,False,0.005,0.75,-0.01,0.0,False,False,1,,,,NONE,False,Green,30.0
85,7.4881,2.55,371,Vehicle 2,vehicle,vehicle.tesla.model3,hero_1,74.3596,326.5705,0.0015,0.0052,0.0348,-179.9867,74.3596,-326.5705,3.141361,-4.0611,0.0218,-0.0,4.0611,-2.6268,0.085,-0.0,0.0052,-0.0072,-0.7676,5,0,1,64.35,Driving,False,0.004,0.75,-0.01,0.0,False,False,1,,,,NONE,False,Green,30.0
86,7.5381,2.6,371,Vehicle 2,vehicle,vehicle.tesla.model3,hero_1,74.1527,326.5715,0.0015,0.0052,0.0344,179.9702,74.1527,-326.5715,-3.141073,-4.1907,0.0257,0.0,4.1907,-2.5916,0.0778,0.0,-0.0015,-0.0075,-0.9279,5,0,1,64.14,Driving,False,0.003,0.75,-0.01,0.0,False,False,1,,,,NONE,False,Green,30.0
87,7.5881,2.65,371,Vehicle 2,vehicle,vehicle.tesla.model3,hero_1,73.9393,326.5724,0.0015,0.0039,0.034,179.938,73.9393,-326.5724,-3.140511,-4.3186,0.0215,0.0,4.3186,-2.5583,-0.0832,-0.0,-0.0283,-0.0077,-0.5387,5,0,1,63.93,Driving,False,0.002,0.75,-0.006,0.0,False,False,1,,,,NONE,False,Green,30.0
88,7.6381,2.7,371,Vehicle 2,vehicle,vehicle.tesla.model3,hero_1,73.7196,326.5733,0.0015,0.0029,0.0336,179.9093,73.7196,-326.5733,-3.14001,-4.4449,0.0227,0.0,4.4449,-2.5257,0.0235,-0.0,-0.0136,-0.0078,-0.5815,5,0,1,63.71,Driving,False,0.001,0.75,-0.006,0.0,False,False,1,,,,NONE,False,Green,30.0
89,7.6881,2.75,371,Vehicle 2,vehicle,vehicle.tesla.model3,hero_1,73.4936,326.5743,0.0015,0.0025,0.0332,179.8811,73.4936,-326.5743,-3.139517,-4.5699,0.0251,0.0,4.5699,-2.4998,0.0476,0.0,-0.0042,-0.0076,-0.5678,5,0,1,63.48,Driving,False,-0.0,0.75,-0.006,0.0,False,False,1,,,,NONE,False,Green,30.0
90,7.7381,2.8,371,Vehicle 2,vehicle,vehicle.tesla.model3,hero_1,73.2614,326.5755,0.0015,0.0025,0.0329,179.8521,73.2614,-326.5755,-3.139011,-4.6938,0.0279,0.0,4.6939,-2.4784,0.056,-0.0,0.0001,-0.0072,-0.5845,5,0,1,63.25,Driving,False,-0.002,0.75,-0.006,0.0,False,False,1,,,,NONE,False,Green,30.0
91,7.7881,2.85,371,Vehicle 2,vehicle,vehicle.tesla.model3,hero_1,73.023,326.5766,0.0015,0.0014,0.0325,179.833,73.023,-326.5766,-3.138678,-4.817,0.0231,-0.0,4.8171,-2.4645,-0.0955,-0.0,-0.0224,-0.0064,-0.3127,5,0,1,63.01,Driving,False,-0.003,0.75,-0.002,0.0,False,False,1,,,,NONE,False,Green,30.0
92,7.8381,2.9,371,Vehicle 2,vehicle,vehicle.tesla.model3,hero_1,72.7785,326.5777,0.0015,0.0007,0.0322,179.8188,72.7785,-326.5777,-3.13843,-4.9396,0.0232,-0.0,4.9397,-2.4526,0.0023,0.0,-0.0091,-0.0057,-0.2723,5,0,1,62.77,Driving,False,-0.004,0.75,-0.002,0.0,False,False,1,,,,NONE,False,Green,30.0
93,7.8881,2.95,371,Vehicle 2,vehicle,vehicle.tesla.model3,hero_1,72.5278,326.5788,0.0016,0.0005,0.0319,179.8053,72.5278,-326.5788,-3.138194,-5.0617,0.0245,0.0058,5.0617,-2.4407,0.025,0.1165,-0.0008,-0.0058,-0.2699,5,0,1,62.52,Driving,False,-0.005,0.75,-0.002,0.0,False,False,1,,,,NONE,False,Green,30.0
94,7.9381,3.0,371,Vehicle 2,vehicle,vehicle.tesla.model3,hero_1,72.2712,326.58,0.0018,0.0006,0.0315,179.7917,72.2712,-326.58,-3.137957,-5.17,0.0259,0.0019,5.1701,-2.1677,0.029,-0.0793,0.0021,-0.0243,-0.2766,5,0,1,62.26,Driving,False,-0.007,0.75,-0.002,0.0,False,False,1,,,,NONE,False,Green,30.0
95,7.9881,3.05,371,Vehicle 2,vehicle,vehicle.tesla.model3,hero_1,72.0142,326.5805,0.0019,-0.0038,0.0252,179.8169,72.0142,-326.5805,-3.138397,-5.136,-0.0022,0.0002,5.136,0.6808,-0.5627,-0.0333,-0.1051,-0.133,0.8703,5,0,1,62.0,Driving,False,-0.007,0.7,0.013,0.0,False,False,1,,,,NONE,False,Green,30.0
96,8.0381,3.1,371,Vehicle 2,vehicle,vehicle.tesla.model3,hero_1,71.7586,326.5803,0.0019,-0.0073,0.0183,179.8706,71.7586,-326.5803,-3.139334,-5.1035,-0.0143,-0.0004,5.1035,0.6504,-0.2412,-0.0122,-0.0433,-0.1362,1.1609,5,0,1,61.75,Driving,False,-0.007,0.7,0.013,0.0,False,False,1,,,,NONE,False,Green,30.0
97,8.0881,3.15,371,Vehicle 2,vehicle,vehicle.tesla.model3,hero_1,71.5023,326.5796,0.0019,-0.0088,0.0143,179.9357,71.5023,-326.5796,-3.14047,-5.1447,-0.0257,-0.0006,5.1447,-0.8238,-0.2285,-0.0029,-0.0261,-0.0432,1.3779,5,0,1,61.49,Driving,False,-0.007,0.7,0.013,0.0,False,False,1,,,,NONE,False,Green,30.0
98,8.1381,3.2,371,Vehicle 2,vehicle,vehicle.tesla.model3,hero_1,71.2446,326.5786,0.0019,-0.0091,0.0122,-179.996,71.2446,-326.5786,3.141523,-5.1619,-0.0317,-0.0005,5.162,-0.3445,-0.1205,0.0006,0.0061,-0.0412,1.3494,5,0,1,61.23,Driving,False,-0.006,0.7,0.013,0.0,False,False,1,,,,NONE,False,Green,30.0
99,8.1881,3.25,371,Vehicle 2,vehicle,vehicle.tesla.model3,hero_1,70.9842,326.5771,0.0018,-0.009,0.0123,-179.926,70.9842,-326.5771,3.140301,-5.2424,-0.0406,-0.0004,5.2425,-1.6094,-0.1769,0.0019,-0.0034,0.0274,1.4357,5,0,1,60.97,Driving,False,-0.004,0.704,0.013,0.0,False,False,1,,,,NONE,False,Green,30.0
100,8.2381,3.3,371,Vehicle 2,vehicle,vehicle.tesla.model3,hero_1,70.7206,326.5753,0.0018,-0.0087,0.013,-179.856,70.7206,-326.5753,3.139079,-5.2911,-0.0458,-0.0003,5.2913,-0.9737,-0.1049,0.002,0.0129,0.004,1.3763,5,0,1,60.71,Driving,False,-0.003,0.704,0.013,0.0,False,False,1,,,,NONE,False,Green,30.0
101,8.2881,3.35,371,Vehicle 2,vehicle,vehicle.tesla.model3,hero_1,70.453,326.5732,0.0018,-0.0086,0.0146,-179.7845,70.453,-326.5732,3.137831,-5.3949,-0.055,-0.0003,5.3952,-2.077,-0.184,0.0016,-0.0045,0.0515,1.4671,5,0,1,60.44,Driving,False,-0.001,0.704,0.013,0.0,False,False,1,,,,NONE,False,Green,30.0
102,8.3381,3.4,371,Vehicle 2,vehicle,vehicle.tesla.model3,hero_1,70.1813,326.5707,0.0018,-0.0084,0.0161,-179.7126,70.1813,-326.5707,3.136577,-5.4614,-0.0608,-0.0002,5.4618,-1.3309,-0.1148,0.0014,0.0098,0.0151,1.4166,5,0,1,60.17,Driving,False,0.002,0.704,0.013,0.0,False,False,1,,,,NONE,False,Green,30.0
103,8.3881,3.45,371,Vehicle 2,vehicle,vehicle.tesla.model3,hero_1,69.9048,326.5685,0.0018,-0.0042,0.0178,-179.6741,69.9048,-326.5685,3.135905,-5.5687,-0.0441,-0.0001,5.5689,-2.1459,0.334,0.001,0.09,0.0403,0.4723,5,0,1,59.89,Driving,False,0.004,0.208,-0.0,0.0,False,False,1,,,,NONE,False,Green,30.0
104,8.4381,3.5,371,Vehicle 2,vehicle,vehicle.tesla.model3,hero_1,69.6255,326.5666,0.0018,-0.0009,0.0173,-179.6613,69.6255,-326.5666,3.135681,-5.5929,-0.0379,-0.0001,5.593,-0.4827,0.1225,0.0008,0.0492,-0.0417,0.1591,5,0,1,59.61,Driving,False,0.005,0.208,-0.0,0.0,False,False,1,,,,NONE,False,Green,30.0
105,8.4881,3.55,371,Vehicle 2,vehicle,vehicle.tesla.model3,hero_1,69.3447,326.5648,0.0018,0.0006,0.0153,-179.6569,69.3447,-326.5648,3.135604,-5.6282,-0.0357,-0.0001,5.6283,-0.7064,0.0442,0.0006,0.0187,-0.0375,0.0539,5,0,1,59.33,Driving,False,0.007,0.208,-0.0,0.0,False,False,1,,,,NONE,False,Green,30.0
106,8.5381,3.6,371,Vehicle 2,vehicle,vehicle.tesla.model3,hero_1,69.0642,326.563,0.0018,0.001,0.0117,-179.6555,69.0642,-326.563,3.13558,-5.5975,-0.0345,-0.0,5.5976,0.6138,0.0242,0.0004,0.0047,-0.0922,0.0177,5,0,1,59.05,Driving,False,0.009,0.208,-0.0,0.0,False,False,1,,,,NONE,False,Green,30.0
107,8.5881,3.65,371,Vehicle 2,vehicle,vehicle.tesla.model3,hero_1,68.785,326.5613,0.0018,0.0006,0.0073,-179.6513,68.785,-326.5613,3.135507,-5.5647,-0.0366,-0.0,5.5648,0.6564,-0.0426,0.0002,-0.0111,-0.092,0.1156,5,0,1,58.77,Driving,False,0.01,0.0,0.001,0.7,False,False,1,,,,NONE,False,Green,30.0
108,8.6381,3.7,371,Vehicle 2,vehicle,vehicle.tesla.model3,hero_1,68.5134,326.5595,0.0019,0.0001,-0.0038,-179.6449,68.5134,-326.5595,3.135395,-5.1974,-0.0352,-0.0,5.1975,7.3453,0.029,0.0002,-0.0029,-0.5409,0.1328,5,0,1,58.5,Driving,False,0.012,0.0,0.001,0.7,False,False,1,,,,NONE,False,Green,30.0
109,8.6881,3.75,371,Vehicle 2,vehicle,vehicle.tesla.model3,hero_1,68.2941,326.558,0.002,0.0001,-0.0539,-179.6392,68.2941,-326.558,3.135296,-3.8556,-0.0264,-0.0037,3.8557,26.8363,0.1754,-0.0729,0.0073,-1.1764,0.0993,5,0,1,58.28,Driving,False,0.013,0.0,0.001,0.7,False,False,1,,,,NONE,False,Green,30.0
110,8.7381,3.8,371,Vehicle 2,vehicle,vehicle.tesla.model3,hero_1,68.1421,326.557,0.0022,0.0001,-0.1145,-179.6353,68.1421,-326.557,3.135227,-2.5108,-0.0175,-0.0012,2.5109,26.8962,0.1789,0.0489,0.009,-1.1855,0.0664,5,0,1,58.13,Driving,False,0.014,0.0,0.001,0.7,False,False,1,,,,NONE,False,Green,30.0
111,8.7881,3.85,371,Vehicle 2,vehicle,vehicle.tesla.model3,hero_1,68.057,326.5565,0.0025,0.0006,-0.1681,-179.637,68.057,-326.5565,3.135257,-1.1756,-0.0059,-0.0001,1.1757,26.7031,0.2321,0.0226,0.0144,-0.9846,-0.0611,5,0,1,58.05,Driving,False,0.015,0.75,-0.006,0.0,False,False,1,,,,NONE,False,Green,30.0
112,8.8381,3.9,371,Vehicle 2,vehicle,vehicle.tesla.model3,hero_1,68.0072,326.5563,0.0026,0.0011,-0.1762,-179.6427,68.0072,-326.5563,3.135357,-1.0853,-0.0026,0.0004,1.0853,1.806,0.0654,0.0093,0.0074,0.4038,-0.1503,5,0,1,58.0,Driving,False,0.015,0.75,-0.006,0.0,False,False,1,,,,NONE,False,Green,30.0
113,8.8881,3.95,371,Vehicle 2,vehicle,vehicle.tesla.model3,hero_1,67.9485,326.5562,0.0024,0.0013,-0.1428,-179.649,67.9485,-326.5562,3.135467,-1.2324,-0.0027,0.0005,1.2324,-2.9412,-0.0018,0.0029,-0.0024,0.7557,-0.0681,5,0,1,57.94,Driving,False,0.015,0.75,-0.006,0.0,False,False,1,,,,NONE,False,Green,30.0
114,8.9381,4.0,371,Vehicle 2,vehicle,vehicle.tesla.model3,hero_1,67.8803,326.556,0.0022,0.0014,-0.1024,-179.6497,67.8803,-326.556,3.135479,-1.4534,-0.0031,0.0005,1.4534,-4.4205,-0.0091,-0.0003,-0.0025,0.8314,-0.1104,5,0,1,57.87,Driving,False,0.015,0.75,-0.006,0.0,False,False,1,,,,NONE,False,Green,30.0
115,8.9881,4.05,371,Vehicle 2,vehicle,vehicle.tesla.model3,hero_1,67.804,326.5558,0.002,0.0016,-0.0681,-179.6606,67.804,-326.5558,3.135669,-1.5622,-0.0021,0.0004,1.5622,-2.1749,0.0206,-0.0015,-0.0025,0.5809,-0.2437,5,0,1,57.79,Driving,False,0.015,0.75,-0.007,0.0,False,False,1,,,,NONE,False,Green,30.0
116,9.0381,4.1,371,Vehicle 2,vehicle,vehicle.tesla.model3,hero_1,67.7194,326.5556,0.0019,0.0016,-0.0404,-179.674,67.7194,-326.5556,3.135903,-1.773,-0.0019,0.0003,1.773,-4.217,0.0047,-0.0018,-0.0023,0.5365,-0.284,5,0,1,57.71,Driving,False,0.015,0.75,-0.007,0.0,False,False,1,,,,NONE,False,Green,30.0
117,9.0881,4.15,371,Vehicle 2,vehicle,vehicle.tesla.model3,hero_1,67.6277,326.5555,0.0018,0.0015,-0.0206,-179.6886,67.6277,-326.5555,3.136158,-1.8684,-0.0015,0.0003,1.8684,-1.908,0.0069,-0.0017,-0.004,0.3097,-0.298,5,0,1,57.62,Driving,False,0.015,0.75,-0.007,0.0,False,False,1,,,,NONE,False,Green,30.0
118,9.1381,4.2,371,Vehicle 2,vehicle,vehicle.tesla.model3,hero_1,67.5283,326.5553,0.0017,0.0015,-0.0052,-179.7044,67.5283,-326.5553,3.136433,-2.0645,-0.0012,0.0002,2.0645,-3.9219,0.0073,-0.0014,-0.0015,0.3102,-0.3282,5,0,1,57.52,Driving,False,0.016,0.75,-0.007,0.0,False,False,1,,,,NONE,False,Green,30.0
119,9.1881,4.25,371,Vehicle 2,vehicle,vehicle.tesla.model3,hero_1,67.4222,326.5551,0.0016,0.0011,0.0053,-179.718,67.4222,-326.5551,3.136671,-2.158,-0.003,0.0001,2.158,-1.8702,-0.0358,-0.001,-0.0088,0.147,-0.2594,5,0,1,57.41,Driving,False,0.016,0.75,-0.005,0.0,False,False,1,,,,NONE,False,Green,30.0
120,9.2381,4.3,371,Vehicle 2,vehicle,vehicle.tesla.model3,hero_1,67.3086,326.5548,0.0016,0.0009,0.0137,-179.7314,67.3086,-326.5548,3.136905,-2.3445,-0.003,0.0001,2.3445,-3.7293,-0.0015,-0.0008,-0.0026,0.1812,-0.2741,5,0,1,57.3,Driving,False,0.016,0.75,-0.005,0.0,False,False,1,,,,NONE,False,Green,30.0
121,9.2881,4.35,371,Vehicle 2,vehicle,vehicle.tesla.model3,hero_1,67.1885,326.5546,0.0016,0.0008,0.019,-179.7454,67.1885,-326.5546,3.137149,-2.44,-0.0027,0.0001,2.44,-1.9096,0.007,-0.0006,-0.0008,0.0616,-0.2844,5,0,1,57.18,Driving,False,0.016,0.75,-0.005,0.0,False,False,1,,,,NONE,False,Green,30.0
122,9.3381,4.4,371,Vehicle 2,vehicle,vehicle.tesla.model3,hero_1,67.0611,326.5544,0.0015,0.0009,0.0236,-179.7602,67.0611,-326.5544,3.137407,-2.6179,-0.0023,0.0,2.6179,-3.5578,0.0085,-0.0004,0.0013,0.109,-0.3027,5,0,1,57.05,Driving,False,0.016,0.75,-0.005,0.0,False,False,1,,,,NONE,False,Green,30.0
123,9.3881,4.45,371,Vehicle 2,vehicle,vehicle.tesla.model3,hero_1,66.9272,326.5543,0.0015,0.0014,0.0263,-179.7794,66.9272,-326.5543,3.137742,-2.7178,0.001,0.0,2.7178,-1.998,0.0661,-0.0003,0.0088,0.0201,-0.4147,5,0,1,56.92,Driving,False,0.016,0.75,-0.007,0.0,False,False,1,,,,NONE,False,Green,30.0
124,9.4381,4.5,371,Vehicle 2,vehicle,vehicle.tesla.model3,hero_1,66.7862,326.5543,0.0015,0.0017,0.0287,-179.8009,66.7862,-326.5543,3.138118,-2.8854,0.0026,0.0,2.8854,-3.3523,0.0312,-0.0002,0.005,0.0644,-0.4071,5,0,1,56.78,Driving,False,0.016,0.75,-0.007,0.0,False,False,1,,,,NONE,False,Green,30.0
125,9.4881,4.55,371,Vehicle 2,vehicle,vehicle.tesla.model3,hero_1,66.6392,326.5543,0.0015,0.0018,0.0295,-179.8262,66.6392,-326.5543,3.138559,-2.9795,0.0039,0.0,2.9795,-1.8826,0.026,-0.0001,0.0018,-0.0061,-0.7788,5,0,1,56.63,Driving,False,0.016,0.75,-0.007,0.0,False,False,1,,,,NONE,False,Green,30.0
126,9.5381,4.6,371,Vehicle 2,vehicle,vehicle.tesla.model3,hero_1,66.4858,326.5544,0.0015,0.0019,0.0302,-179.8507,66.4858,-326.5544,3.138987,-3.1239,0.0056,0.0,3.1239,-2.8883,0.033,-0.0001,0.0017,0.0272,-0.305,5,0,1,56.47,Driving,False,0.016,0.75,-0.007,0.0,False,False,1,,,,NONE,False,Green,30.0
127,9.5881,4.65,371,Vehicle 2,vehicle,vehicle.tesla.model3,hero_1,66.3264,326.5547,0.0015,0.0027,0.0306,-179.8869,66.3264,-326.5547,3.139619,-3.2346,0.012,0.0,3.2347,-2.2145,0.1287,-0.0,0.0159,-0.0047,-0.9408,5,0,1,56.32,Driving,False,0.015,0.75,-0.01,0.0,False,False,1,,,,NONE,False,Green,30.0
128,9.6381,4.7,371,Vehicle 2,vehicle,vehicle.tesla.model3,hero_1,66.1602,326.5552,0.0015,0.0033,0.0313,-179.9218,66.1602,-326.5552,3.140228,-3.3809,0.0156,0.0,3.3809,-2.9242,0.0718,-0.0001,0.0076,0.024,-0.5496,5,0,1,56.15,Driving,False,0.015,0.75,-0.01,0.0,False,False,1,,,,NONE,False,Green,30.0
129,9.6881,4.75,371,Vehicle 2,vehicle,vehicle.tesla.model3,hero_1,65.9876,326.5558,0.0015,0.0035,0.0317,-179.9613,65.9876,-326.5558,3.140917,-3.4991,0.0184,0.0,3.4991,-2.3647,0.0568,-0.0,0.002,-0.0014,-0.929,5,0,1,55.98,Driving,False,0.014,0.75,-0.01,0.0,False,False,1,,,,NONE,False,Green,30.0
130,9.7381,4.8,371,Vehicle 2,vehicle,vehicle.tesla.model3,hero_1,65.8084,326.5566,0.0015,0.0035,0.0322,-179.9981,65.8084,-326.5566,3.141559,-3.6424,0.0217,0.0,3.6425,-2.8668,0.0647,-0.0001,0.0009,0.0173,-0.6451,5,0,1,55.8,Driving,False,0.013,0.75,-0.01,0.0,False,False,1,,,,NONE,False,Green,30.0
131,9.7881,4.85,371,Vehicle 2,vehicle,vehicle.tesla.model3,hero_1,65.6226,326.5572,0.0015,0.0015,0.0325,179.9797,65.6226,-326.5572,-3.141238,-3.7665,0.0113,0.0,3.7665,-2.4814,-0.2072,0.0,-0.0405,0.0007,-0.3881,5,0,1,55.61,Driving,False,0.013,0.75,-0.003,0.0,False,False,1,,,,NONE,False,Green,30.0
132,9.8381,4.9,371,Vehicle 2,vehicle,vehicle.tesla.model3,hero_1,65.4302,326.5576,0.0015,0.0002,0.0328,179.9661,65.4302,-326.5576,-3.141001,-3.9008,0.0102,0.0,3.9008,-2.6865,-0.0227,0.0,-0.016,0.0051,-0.2608,5,0,1,55.42,Driving,False,0.012,0.75,-0.003,0.0,False,False,1,,,,NONE,False,Green,30.0
133,9.8881,4.95,371,Vehicle 2,vehicle,vehicle.tesla.model3,hero_1,65.2314,326.558,0.0015,-0.0001,0.0328,179.9529,65.2314,-326.558,-3.140771,-4.0263,0.0107,-0.0,4.0263,-2.5095,0.011,-0.0001,-0.0021,-0.002,-0.2633,5,0,1,55.22,Driving,False,0.012,0.75,-0.003,0.0,False,False,1,,,,NONE,False,Green,30.0
134,9.9381,5.0,371,Vehicle 2,vehicle,vehicle.tesla.model3,hero_1,65.0261,326.5585,0.0015,0.0,0.0328,179.9396,65.0261,-326.5585,-3.140538,-4.157,0.0118,0.0,4.1571,-2.6148,0.0222,0.0,0.0037,0.0015,-0.2695,5,0,1,55.02,Driving,False,0.011,0.75,-0.003,0.0,False,False,1,,,,NONE,False,Green,30.0
135,9.9881,5.05,371,Vehicle 2,vehicle,vehicle.tesla.model3,hero_1,64.8145,326.5594,0.0015,0.002,0.0327,179.9102,64.8145,-326.5594,-3.140025,-4.2827,0.0248,0.0,4.2828,-2.5135,0.2591,0.0,0.0407,-0.0025,-0.7006,5,0,1,54.8,Driving,False,0.01,0.75,-0.008,0.0,False,False,1,,,,NONE,False,Green,30.0
136,10.0381,5.1,371,Vehicle 2,vehicle,vehicle.tesla.model3,hero_1,64.5965,326.5607,0.0015,0.0034,0.0327,179.8724,64.5965,-326.5607,-3.139366,-4.4099,0.0305,0.0,4.41,-2.5438,0.114,-0.0,0.0206,-0.002,-0.7765,5,0,1,54.59,Driving,False,0.009,0.75,-0.008,0.0,False,False,1,,,,NONE,False,Green,30.0
137,10.0881,5.15,371,Vehicle 2,vehicle,vehicle.tesla.model3,hero_1,64.3723,326.5621,0.0015,0.004,0.0325,179.8326,64.3723,-326.5621,-3.138671,-4.5347,0.0349,-0.0,4.5348,-2.4952,0.0883,-0.0,0.0079,-0.0034,-0.8069,5,0,1,54.36,Driving,False,0.007,0.75,-0.008,0.0,False,False,1,,,,NONE,False,Green,30.0
138,10.1381,5.2,371,Vehicle 2,vehicle,vehicle.tesla.model3,hero_1,64.1418,326.5637,0.0015,0.0042,0.0323,179.7916,64.1418,-326.5637,-3.137955,-4.6586,0.0392,0.0,4.6588,-2.4794,0.0858,0.0,0.0028,-0.0039,-0.8278,5,0,1,54.13,Driving,False,0.005,0.75,-0.008,0.0,False,False,1,,,,NONE,False,Green,30.0
139,10.1881,5.25,371,Vehicle 2,vehicle,vehicle.tesla.model3,hero_1,63.9055,326.5643,0.0015,-0.0024,0.0318,179.8105,63.9055,-326.5643,-3.138285,-4.7666,-0.0021,0.0,4.7666,-2.159,-0.8249,0.0,-0.1409,-0.0206,0.8138,5,0,1,53.89,Driving,False,0.005,0.283,0.011,0.0,False,False,1,,,,NONE,False,Green,30.0
140,10.2381,5.3,371,Vehicle 2,vehicle,vehicle.tesla.model3,hero_1,63.6652,326.564,0.0015,-0.0072,0.0295,179.8616,63.6652,-326.564,-3.139177,-4.8279,-0.0156,0.0,4.8279,-1.2253,-0.2711,-0.0,-0.0657,-0.0613,1.0966,5,0,1,53.65,Driving,False,0.005,0.283,0.011,0.0,False,False,1,,,,NONE,False,Green,30.0
141,10.2881,5.35,371,Vehicle 2,vehicle,vehicle.tesla.model3,hero_1,63.4229,326.5633,0.0015,-0.0089,0.0255,179.9183,63.4229,-326.5633,-3.140167,-4.8572,-0.023,-0.0,4.8572,-0.5859,-0.1474,-0.0,-0.0159,-0.0872,1.1474,5,0,1,53.41,Driving,False,0.005,0.283,0.011,0.0,False,False,1,,,,NONE,False,Green,30.0
142,10.3381,5.4,371,Vehicle 2,vehicle,vehicle.tesla.model3,hero_1,63.1796,326.5623,0.0016,-0.0089,0.0209,179.976,63.1796,-326.5623,-3.141174,-4.8683,-0.0287,0.0,4.8684,-0.2232,-0.1144,0.0,0.0051,-0.094,1.157,5,0,1,53.17,Driving,False,0.006,0.283,0.011,0.0,False,False,1,,,,NONE,False,Green,30.0
143,10.3881,5.45,371,Vehicle 2,vehicle,vehicle.tesla.model3,hero_1,62.9378,326.5619,0.0016,-0.004,0.0145,179.994,62.9378,-326.5619,-3.141488,-4.7969,-0.0041,-0.0,4.7969,1.429,0.4922,-0.0,0.1041,-0.1631,0.0737,5,0,1,52.93,Driving,False,0.006,0.0,-0.001,0.7,False,False,1,,,,NONE,False,Green,30.0
144,10.4381,5.5,371,Vehicle 2,vehicle,vehicle.tesla.model3,hero_1,62.7038,326.5619,0.0017,-0.0003,0.0032,179.9911,62.7038,-326.5619,-3.141437,-4.5881,0.0021,0.0,4.5881,4.175,0.1237,0.0,0.0536,-0.268,-0.1056,5,0,1,52.69,Driving,False,0.006,0.0,-0.001,0.7,False,False,1,,,,NONE,False,Green,30.0
145,10.4881,5.55,371,Vehicle 2,vehicle,vehicle.tesla.model3,hero_1,62.4835,326.5621,0.0018,0.0012,-0.0122,179.9849,62.4835,-326.5621,-3.141329,-4.2853,0.004,0.0,4.2853,6.0568,0.0386,0.0,0.0185,-0.3199,-0.1287,5,0,1,52.47,Driving,False,0.006,0.0,-0.001,0.7,False,False,1,,,,NONE,False,Green,30.0
146,10.5381,5.6,371,Vehicle 2,vehicle,vehicle.tesla.model3,hero_1,62.2787,326.5622,0.0018,0.0016,-0.0274,179.9785,62.2787,-326.5622,-3.141217,-3.9718,0.0047,-0.0,3.9718,6.2696,0.0143,-0.0,0.0024,-0.2871,-0.1246,5,0,1,52.27,Driving,False,0.006,0.0,-0.001,0.7,False,False,1,,,,NONE,False,Green,30.0
147,10.5881,5.65,371,Vehicle 2,vehicle,vehicle.tesla.model3,hero_1,62.0872,326.5623,0.0019,0.0008,-0.0374,179.979,62.0872,-326.5623,-3.141226,-3.7666,0.0003,-0.0,3.7666,4.1039,-0.088,-0.0,-0.0176,-0.1194,0.0545,5,0,1,52.08,Driving,False,0.006,0.75,0.001,0.0,False,False,1,,,,NONE,False,Green,30.0
148,10.6381,5.7,371,Vehicle 2,vehicle,vehicle.tesla.model3,hero_1,61.9001,326.5623,0.0019,0.0002,-0.0368,179.9824,61.9001,-326.5623,-3.141285,-3.7368,-0.0007,-0.0,3.7368,0.5965,-0.0208,0.0,-0.0094,0.0808,0.075,5,0,1,51.89,Driving,False,0.005,0.75,0.001,0.0,False,False,1,,,,NONE,False,Green,30.0
149,10.6881,5.75,371,Vehicle 2,vehicle,vehicle.tesla.model3,hero_1,61.7128,326.5623,0.0019,-0.0001,-0.0302,179.9863,61.7128,-326.5623,-3.141354,-3.7564,-0.0012,-0.0,3.7564,-0.3931,-0.0088,-0.0,-0.0039,0.1568,0.0775,5,0,1,51.7,Driving,False,0.005,0.75,0.001,0.0,False,False,1,,,,NONE,False,Green,30.0
150,10.7381,5.8,371,Vehicle 2,vehicle,vehicle.tesla.model3,hero_1,61.523,326.5622,0.0018,-0.0002,-0.0211,179.9902,61.523,-326.5622,-3.141422,-3.8246,-0.0015,-0.0,3.8246,-1.3633,-0.0072,0.0,-0.0017,0.1929,0.0799,5,0,1,51.51,Driving,False,0.005,0.75,0.001,0.0,False,False,1,,,,NONE,False,Green,30.0
151,10.7881,5.85,371,Vehicle 2,vehicle,vehicle.tesla.model3,hero_1,61.3291,326.5623,0.0017,0.0006,-0.0116,179.9863,61.3291,-326.5623,-3.141354,-3.9133,0.0041,-0.0,3.9133,-1.7748,0.1126,-0.0,0.0175,0.1845,-0.1344,5,0,1,51.32,Driving,False,0.005,0.75,-0.002,0.0,False,False,1,,,,NONE,False,Green,30.0
152,10.8381,5.9,371,Vehicle 2,vehicle,vehicle.tesla.model3,hero_1,61.1301,326.5625,0.0017,0.0012,-0.0028,179.9782,61.1301,-326.5625,-3.141212,-4.0232,0.0059,0.0,4.0232,-2.1976,0.0365,0.0,0.0076,0.1702,-0.1689,5,0,1,51.12,Driving,False,0.005,0.75,-0.002,0.0,False,False,1,,,,NONE,False,Green,30.0
153,10.8881,5.95,371,Vehicle 2,vehicle,vehicle.tesla.model3,hero_1,60.9256,326.5628,0.0017,0.0013,0.0048,179.9696,60.9256,-326.5628,-3.141062,-4.1365,0.007,0.0,4.1365,-2.2661,0.0209,0.0,0.0013,0.1394,-0.1769,5,0,1,50.91,Driving,False,0.004,0.75,-0.002,0.0,False,False,1,,,,NONE,False,Green,30.0
154,10.9381,6.0,371,Vehicle 2,vehicle,vehicle.tesla.model3,hero_1,60.715,326.5631,0.0016,0.0013,0.0111,179.9605,60.715,-326.5631,-3.140903,-4.2592,0.0079,0.0,4.2592,-2.453,0.0189,0.0,-0.0009,0.1165,-0.1826,5,0,1,50.7,Driving,False,0.004,0.75,-0.002,0.0,False,False,1,,,,NONE,False,Green,30.0
155,10.9881,6.05,371,Vehicle 2,vehicle,vehicle.tesla.model3,hero_1,60.4984,326.5638,0.0016,0.0025,0.0161,179.9398,60.4984,-326.5638,-3.140542,-4.3806,0.0174,0.0,4.3806,-2.4279,0.1893,-0.0,0.0248,0.0896,-0.4976,5,0,1,50.49,Driving,False,0.003,0.75,-0.006,0.0,False,False,1,,,,NONE,False,Green,30.0
156,11.0381,6.1,371,Vehicle 2,vehicle,vehicle.tesla.model3,hero_1,60.2756,326.5646,0.0016,0.0033,0.0199,179.9129,60.2756,-326.5646,-3.140072,-4.5039,0.0215,0.0,4.504,-2.4674,0.0827,0.0,0.0106,0.0689,-0.5538,5,0,1,50.26,Driving,False,0.002,0.75,-0.006,0.0,False,False,1,,,,NONE,False,Green,30.0
157,11.0881,6.15,371,Vehicle 2,vehicle,vehicle.tesla.model3,hero_1,60.0467,326.5656,0.0015,0.0036,0.0228,179.8845,60.0467,-326.5656,-3.139577,-4.6267,0.0247,-0.0,4.6268,-2.4557,0.0637,-0.0001,0.0021,0.0516,-0.5746,5,0,1,50.04,Driving,False,0.001,0.75,-0.006,0.0,False,False,1,,,,NONE,False,Green,30.0
158,11.1381,6.2,371,Vehicle 2,vehicle,vehicle.tesla.model3,hero_1,59.8117,326.5668,0.0015,0.0036,0.025,179.8553,59.8117,-326.5668,-3.139067,-4.7493,0.0278,-0.0,4.7494,-2.4524,0.0616,-0.0,-0.0009,0.0383,-0.5894,5,0,1,49.8,Driving,False,-0.0,0.75,-0.006,0.0,False,False,1,,,,NONE,False,Green,30.0
159,11.1881,6.25,371,Vehicle 2,vehicle,vehicle.tesla.model3,hero_1,59.5708,326.5673,0.0015,-0.0008,0.0263,179.8644,59.5708,-326.5673,-3.139226,-4.8566,0.0017,-0.0,4.8566,-2.1457,-0.5211,0.0001,-0.0924,0.0114,0.4611,5,0,1,49.56,Driving,False,-0.001,0.292,0.007,0.0,False,False,1,,,,NONE,False,Green,30.0
160,11.2381,6.3,371,Vehicle 2,vehicle,vehicle.tesla.model3,hero_1,59.326,326.5672,0.0015,-0.004,0.0254,179.8942,59.326,-326.5672,-3.139746,-4.918,-0.0068,-0.0,4.918,-1.2269,-0.17,0.0,-0.0443,-0.0364,0.6453,5,0,1,49.31,Driving,False,-0.001,0.292,0.007,0.0,False,False,1,,,,NONE,False,Green,30.0
161,11.2881,6.35,371,Vehicle 2,vehicle,vehicle.tesla.model3,hero_1,59.0791,326.5669,0.0015,-0.0052,0.0225,179.9277,59.0791,-326.5669,-3.140331,-4.9481,-0.0113,-0.0,4.9481,-0.6024,-0.0911,-0.0,-0.0121,-0.0677,0.6791,5,0,1,49.07,Driving,False,-0.001,0.292,0.007,0.0,False,False,1,,,,NONE,False,Green,30.0
162,11.3381,6.4,371,Vehicle 2,vehicle,vehicle.tesla.model3,hero_1,58.8313,326.5664,0.0016,-0.0053,0.0187,179.9618,58.8313,-326.5664,-3.140926,-4.9605,-0.0148,0.0,4.9605,-0.2473,-0.0699,0.0001,0.0017,-0.0789,0.6857,5,0,1,48.82,Driving,False,-0.0,0.292,0.007,0.0,False,False,1,,,,NONE,False,Green,30.0
163,11.3881,6.45,371,Vehicle 2,vehicle,vehicle.tesla.model3,hero_1,58.5849,326.5654,0.0016,-0.0069,0.013,-179.9865,58.5849,-326.5654,3.141357,-4.8901,-0.0307,-0.0,4.8902,1.4065,-0.3176,-0.0,-0.0325,-0.1517,1.1514,5,0,1,48.57,Driving,False,0.001,0.0,0.012,0.7,False,False,1,,,,NONE,False,Green,30.0
164,11.4381,6.5,371,Vehicle 2,vehicle,vehicle.tesla.model3,hero_1,58.3462,326.564,0.0017,-0.0078,0.0021,-179.9272,58.3462,-326.564,3.140322,-4.6818,-0.0371,0.0,4.6819,4.1668,-0.1276,0.0,-0.0055,-0.2602,1.1846,5,0,1,48.34,Driving,False,0.002,0.0,0.012,0.7,False,False,1,,,,NONE,False,Green,30.0
165,11.4881,6.55,371,Vehicle 2,vehicle,vehicle.tesla.model3,hero_1,58.1212,326.5624,0.0018,-0.0075,-0.013,-179.8697,58.1212,-326.5624,3.139318,-4.3787,-0.0402,-0.0,4.3789,6.0609,-0.0632,-0.0001,0.012,-0.3149,1.1263,5,0,1,48.11,Driving,False,0.003,0.0,0.012,0.7,False,False,1,,,,NONE,False,Green,30.0
166,11.5381,6.6,371,Vehicle 2,vehicle,vehicle.tesla.model3,hero_1,57.9118,326.5607,0.0018,-0.0067,-0.028,-179.8155,57.9118,-326.5607,3.138373,-4.0645,-0.042,0.0,4.0647,6.2851,-0.035,0.0001,0.0185,-0.284,1.0537,5,0,1,47.9,Driving,False,0.005,0.0,0.012,0.7,False,False,1,,,,NONE,False,Green,30.0
167,11.5881,6.65,371,Vehicle 2,vehicle,vehicle.tesla.model3,hero_1,57.7156,326.5599,0.0019,-0.0001,-0.0379,-179.8166,57.7156,-326.5599,3.138392,-3.8582,-0.0054,-0.0,3.8582,4.1264,0.7321,-0.0001,0.1336,-0.1169,-0.391,5,0,1,47.7,Driving,False,0.006,0.75,-0.007,0.0,False,False,1,,,,NONE,False,Green,30.0
168,11.6381,6.7,371,Vehicle 2,vehicle,vehicle.tesla.model3,hero_1,57.524,326.5599,0.0019,0.0042,-0.0372,-179.8429,57.524,-326.5599,3.138851,-3.8277,0.0036,-0.0,3.8277,0.6091,0.1803,0.0,0.0552,0.0825,-0.5709,5,0,1,47.51,Driving,False,0.006,0.75,-0.007,0.0,False,False,1,,,,NONE,False,Green,30.0
169,11.6881,6.75,371,Vehicle 2,vehicle,vehicle.tesla.model3,hero_1,57.3321,326.56,0.0019,0.0055,-0.0306,-179.8723,57.3321,-326.56,3.139364,-3.8471,0.0072,0.0,3.8471,-0.387,0.0724,0.0001,0.0098,0.1585,-0.5939,5,0,1,47.32,Driving,False,0.005,0.75,-0.007,0.0,False,False,1,,,,NONE,False,Green,30.0
170,11.7381,6.8,371,Vehicle 2,vehicle,vehicle.tesla.model3,hero_1,57.1378,326.5603,0.0018,0.0055,-0.0214,-179.9025,57.1378,-326.5603,3.139891,-3.9148,0.0101,-0.0,3.9148,-1.355,0.0564,-0.0001,-0.0054,0.1939,-0.6116,5,0,1,47.13,Driving,False,0.005,0.75,-0.007,0.0,False,False,1,,,,NONE,False,Green,30.0
171,11.7881,6.85,371,Vehicle 2,vehicle,vehicle.tesla.model3,hero_1,56.9394,326.5608,0.0017,0.006,-0.0119,-179.9422,56.9394,-326.5608,3.140584,-4.0033,0.019,-0.0,4.0033,-1.7697,0.1793,0.0,0.0101,0.1854,-0.8588,5,0,1,46.93,Driving,False,0.004,0.75,-0.01,0.0,False,False,1,,,,NONE,False,Green,30.0
172,11.8381,6.9,371,Vehicle 2,vehicle,vehicle.tesla.model3,hero_1,56.736,326.5617,0.0017,0.0062,-0.003,-179.9872,56.736,-326.5617,3.141369,-4.1122,0.0241,-0.0,4.1123,-2.1781,0.101,-0.0,0.0004,0.1703,-0.9177,5,0,1,46.72,Driving,False,0.003,0.75,-0.01,0.0,False,False,1,,,,NONE,False,Green,30.0
173,11.8881,6.95,371,Vehicle 2,vehicle,vehicle.tesla.model3,hero_1,56.527,326.5627,0.0017,0.0061,0.0046,179.9662,56.527,-326.5627,-3.141003,-4.2252,0.0283,-0.0,4.2253,-2.2597,0.0846,0.0,-0.0049,0.1399,-0.9433,5,0,1,46.52,Driving,False,0.002,0.75,-0.01,0.0,False,False,1,,,,NONE,False,Green,30.0
174,11.9381,7.0,371,Vehicle 2,vehicle,vehicle.tesla.model3,hero_1,56.312,326.564,0.0016,0.0058,0.0109,179.9182,56.312,-326.564,-3.140165,-4.3465,0.0327,0.0,4.3466,-2.4268,0.0884,0.0,-0.0049,0.1158,-0.9681,5,0,1,46.3,Driving,False,0.001,0.75,-0.01,0.0,False,False,1,,,,NONE,False,Green,30.0
175,11.9881,7.05,371,Vehicle 2,vehicle,vehicle.tesla.model3,hero_1,56.0913,326.5645,0.0016,0.0005,0.0155,179.9151,56.0913,-326.5645,-3.140111,-4.4525,0.0028,0.0,4.4525,-2.1198,-0.5984,0.0,-0.1101,0.073,0.2521,5,0,1,46.08,Driving,False,0.0,0.286,0.005,0.0,False,False,1,,,,NONE,False,Green,30.0
176,12.0381,7.1,371,Vehicle 2,vehicle,vehicle.tesla.model3,hero_1,55.8667,326.5644,0.0016,-0.0032,0.0173,179.9347,55.8667,-326.5644,-3.140453,-4.5147,-0.0053,-0.0,4.5147,-1.2441,-0.1622,-0.0001,-0.0498,0.0126,0.4432,5,0,1,45.86,Driving,False,0.0,0.286,0.005,0.0,False,False,1,,,,NONE,False,Green,30.0
177,12.0881,7.15,371,Vehicle 2,vehicle,vehicle.tesla.model3,hero_1,55.6399,326.5641,0.0016,-0.0045,0.0166,179.9578,55.6399,-326.5641,-3.140856,-4.5459,-0.0089,-0.0,4.5459,-0.6236,-0.0713,0.0,-0.0119,-0.0301,0.4637,5,0,1,45.63,Driving,False,0.0,0.286,0.005,0.0,False,False,1,,,,NONE,False,Green,30.0
178,12.1381,7.2,371,Vehicle 2,vehicle,vehicle.tesla.model3,hero_1,55.4121,326.5638,0.0016,-0.0045,0.0144,179.9816,55.4121,-326.5638,-3.141272,-4.5605,-0.0113,-0.0,4.5605,-0.2927,-0.0485,0.0,0.0035,-0.0494,0.4841,5,0,1,45.4,Driving,False,0.001,0.286,0.005,0.0,False,False,1,,,,NONE,False,Green,30.0
179,12.1881,7.25,371,Vehicle 2,vehicle,vehicle.tesla.model3,hero_1,55.184,326.564,0.0016,-0.0002,0.0118,179.9694,55.184,-326.564,-3.141059,-4.5651,0.0134,-0.0,4.5652,-0.0924,0.4938,0.0,0.0906,-0.0544,-0.4997,5,0,1,45.17,Driving,False,0.0,0.3,-0.007,0.0,False,False,1,,,,NONE,False,Green,30.0
180,12.2381,7.3,371,Vehicle 2,vehicle,vehicle.tesla.model3,hero_1,54.9557,326.5648,0.0016,0.0029,0.0092,179.939,54.9557,-326.5648,-3.140528,-4.567,0.0211,-0.0,4.5671,-0.0381,0.1544,-0.0,0.0444,-0.0484,-0.645,5,0,1,44.94,Driving,False,-0.001,0.3,-0.007,0.0,False,False,1,,,,NONE,False,Green,30.0
181,12.2881,7.35,371,Vehicle 2,vehicle,vehicle.tesla.model3,hero_1,54.7274,326.5658,0.0016,0.0041,0.007,179.9059,54.7274,-326.5658,-3.13995,-4.5651,0.0251,0.0,4.5652,0.039,0.0802,0.0,0.0134,-0.0423,-0.6701,5,0,1,44.72,Driving,False,-0.002,0.3,-0.007,0.0,False,False,1,,,,NONE,False,Green,30.0
182,12.3381,7.4,371,Vehicle 2,vehicle,vehicle.tesla.model3,hero_1,54.4992,326.567,0.0016,0.0044,0.0051,179.8722,54.4992,-326.567,-3.139362,-4.5635,0.0283,0.0,4.5636,0.0314,0.0628,-0.0,0.0005,-0.0328,-0.6741,5,0,1,44.49,Driving,False,-0.003,0.3,-0.007,0.0,False,False,1,,,,NONE,False,Green,30.0
183,12.3881,7.45,371,Vehicle 2,vehicle,vehicle.tesla.model3,hero_1,54.2728,326.5678,0.0017,0.0016,0.0018,179.8626,54.2728,-326.5678,-3.139195,-4.4868,0.013,0.0,4.4868,1.5347,-0.3058,0.0,-0.0594,-0.1026,-0.0234,5,0,1,44.26,Driving,False,-0.004,0.0,0.001,0.7,False,False,1,,,,NONE,False,Green,30.0
184,12.4381,7.5,371,Vehicle 2,vehicle,vehicle.tesla.model3,hero_1,54.0542,326.5683,0.0017,-0.0005,-0.0066,179.8652,54.0542,-326.5683,-3.13924,-4.2779,0.0088,0.0,4.278,4.1769,-0.0832,-0.0,-0.029,-0.2131,0.0774,5,0,1,44.04,Driving,False,-0.005,0.0,0.001,0.7,False,False,1,,,,NONE,False,Green,30.0
185,12.4881,7.55,371,Vehicle 2,vehicle,vehicle.tesla.model3,hero_1,53.8494,326.5687,0.0018,-0.0012,-0.0197,179.8694,53.8494,-326.5687,-3.139313,-3.9747,0.007,-0.0,3.9747,6.065,-0.0362,-0.0,-0.0084,-0.2762,0.085,5,0,1,43.84,Driving,False,-0.005,0.0,0.001,0.7,False,False,1,,,,NONE,False,Green,30.0
186,12.5381,7.6,371,Vehicle 2,vehicle,vehicle.tesla.model3,hero_1,53.6601,326.569,0.0019,-0.0013,-0.0328,179.8737,53.6601,-326.569,-3.139388,-3.6669,0.0059,-0.0,3.6669,6.1562,-0.0226,-0.0,0.0004,-0.246,0.0932,5,0,1,43.65,Driving,False,-0.006,0.0,0.001,0.7,False,False,1,,,,NONE,False,Green,30.0
187,12.5881,7.65,371,Vehicle 2,vehicle,vehicle.tesla.model3,hero_1,53.4836,326.5695,0.0019,0.0,-0.041,179.8668,53.4836,-326.5695,-3.139268,-3.4649,0.013,-0.0,3.4649,4.0394,0.1424,0.0,0.0267,-0.0936,-0.2053,5,0,1,43.47,Driving,False,-0.006,0.75,-0.003,0.0,False,False,1,,,,NONE,False,Green,30.0
188,12.6381,7.7,371,Vehicle 2,vehicle,vehicle.tesla.model3,hero_1,53.3115,326.5702,0.0019,0.001,-0.0394,179.8549,53.3115,-326.5702,-3.13906,-3.4359,0.0153,0.0,3.4359,0.5804,0.046,0.0,0.0135,0.0998,-0.2506,5,0,1,43.3,Driving,False,-0.007,0.75,-0.003,0.0,False,False,1,,,,NONE,False,Green,30.0
189,12.6881,7.75,371,Vehicle 2,vehicle,vehicle.tesla.model3,hero_1,53.1393,326.5709,0.0019,0.0013,-0.0321,179.8422,53.1393,-326.5709,-3.138839,-3.4553,0.0165,0.0,3.4553,-0.3882,0.0237,0.0,0.0039,0.1687,-0.2546,5,0,1,43.13,Driving,False,-0.008,0.75,-0.003,0.0,False,False,1,,,,NONE,False,Green,30.0
190,12.7381,7.8,371,Vehicle 2,vehicle,vehicle.tesla.model3,hero_1,52.9646,326.5717,0.0018,0.0014,-0.0225,179.8292,52.9646,-326.5717,-3.138612,-3.5241,0.0178,-0.0,3.5242,-1.3762,0.0261,-0.0001,0.0012,0.2024,-0.2634,5,0,1,42.95,Driving,False,-0.009,0.75,-0.003,0.0,False,False,1,,,,NONE,False,Green,30.0
191,12.7881,7.85,371,Vehicle 2,vehicle,vehicle.tesla.model3,hero_1,52.7857,326.5723,0.0018,0.0,-0.0127,179.8282,52.7857,-326.5723,-3.138594,-3.6119,0.01,0.0,3.6119,-1.7554,-0.1566,0.0,-0.0279,0.1899,0.062,5,0,1,42.77,Driving,False,-0.009,0.75,0.001,0.0,False,False,1,,,,NONE,False,Green,30.0
192,12.8381,7.9,371,Vehicle 2,vehicle,vehicle.tesla.model3,hero_1,52.6018,326.5728,0.0017,-0.0009,-0.0035,179.833,52.6018,-326.5728,-3.138678,-3.7233,0.0082,-0.0,3.7233,-2.2274,-0.0354,-0.0,-0.0119,0.1764,0.1097,5,0,1,42.59,Driving,False,-0.01,0.75,0.001,0.0,False,False,1,,,,NONE,False,Green,30.0
193,12.8881,7.95,371,Vehicle 2,vehicle,vehicle.tesla.model3,hero_1,52.4122,326.5732,0.0017,-0.0012,0.0043,179.8388,52.4122,-326.5732,-3.138779,-3.8381,0.0077,0.0,3.8381,-2.2963,-0.0108,0.0,-0.002,0.1443,0.1181,5,0,1,42.4,Driving,False,-0.01,0.75,0.001,0.0,False,False,1,,,,NONE,False,Green,30.0
194,12.9381,8.0,371,Vehicle 2,vehicle,vehicle.tesla.model3,hero_1,52.2164,326.5736,0.0016,-0.0012,0.0109,179.8449,52.2164,-326.5736,-3.138886,-3.9642,0.0074,0.0,3.9643,-2.5235,-0.0059,0.0,0.0016,0.1222,0.1231,5,0,1,42.21,Driving,False,-0.011,0.75,0.001,0.0,False,False,1,,,,NONE,False,Green,30.0
195,12.9881,8.05,371,Vehicle 2,vehicle,vehicle.tesla.model3,hero_1,52.0145,326.574,0.0016,-0.001,0.0161,179.8499,52.0145,-326.574,-3.138973,-4.0869,0.0081,-0.0,4.0869,-2.4523,0.014,-0.0,0.0053,0.0919,0.0929,5,0,1,42.0,Driving,False,-0.012,0.75,0.001,0.0,False,False,1,,,,NONE,False,Green,30.0
196,13.0381,8.1,371,Vehicle 2,vehicle,vehicle.tesla.model3,hero_1,51.8063,326.5744,0.0016,-0.0008,0.0201,179.8545,51.8063,-326.5744,-3.139053,-4.2154,0.0081,-0.0,4.2154,-2.5706,0.0018,-0.0,0.0035,0.0742,0.0912,5,0,1,41.8,Driving,False,-0.012,0.75,0.001,0.0,False,False,1,,,,NONE,False,Green,30.0
197,13.0881,8.15,371,Vehicle 2,vehicle,vehicle.tesla.model3,hero_1,51.5917,326.5749,0.0015,-0.0006,0.0232,179.8591,51.5917,-326.5749,-3.139133,-4.3401,0.0081,0.0,4.3401,-2.4947,-0.0009,0.0001,0.002,0.0537,0.0933,5,0,1,41.58,Driving,False,-0.013,0.75,0.001,0.0,False,False,1,,,,NONE,False,Green,30.0
198,13.1381,8.2,371,Vehicle 2,vehicle,vehicle.tesla.model3,hero_1,51.3709,326.5753,0.0015,-0.0006,0.0255,179.8638,51.3709,-326.5753,-3.139216,-4.4658,0.008,-0.0,4.4658,-2.514,-0.002,-0.0,0.0012,0.0399,0.0953,5,0,1,41.36,Driving,False,-0.013,0.75,0.001,0.0,False,False,1,,,,NONE,False,Green,30.0
199,13.1881,8.25,371,Vehicle 2,vehicle,vehicle.tesla.model3,hero_1,51.1442,326.5754,0.0015,-0.0019,0.0267,179.881,51.1442,-326.5754,-3.139516,-4.575,-0.0014,-0.0,4.575,-2.1843,-0.1877,0.0,-0.0278,0.0117,0.4323,5,0,1,41.13,Driving,False,-0.013,0.3,0.005,0.0,False,False,1,,,,NONE,False,Green,30.0
200,13.2381,8.3,371,Vehicle 2,vehicle,vehicle.tesla.model3,hero_1,50.9134,326.5754,0.0015,-0.0028,0.0259,179.9047,50.9134,-326.5754,-3.139929,-4.6392,-0.0051,-0.0,4.6392,-1.2824,-0.0739,0.0,-0.0122,-0.0355,0.4884,5,0,1,40.9,Driving,False,-0.013,0.3,0.005,0.0,False,False,1,,,,NONE,False,Green,30.0
201,13.2881,8.35,371,Vehicle 2,vehicle,vehicle.tesla.model3,hero_1,50.6803,326.5752,0.0015,-0.0031,0.0231,179.9295,50.6803,-326.5752,-3.140362,-4.673,-0.0076,-0.0,4.673,-0.676,-0.0502,-0.0,-0.0024,-0.0661,0.4994,5,0,1,40.67,Driving,False,-0.013,0.3,0.005,0.0,False,False,1,,,,NONE,False,Green,30.0
202,13.3381,8.4,371,Vehicle 2,vehicle,vehicle.tesla.model3,hero_1,50.4462,326.5749,0.0016,-0.0031,0.0194,179.9545,50.4462,-326.5749,-3.140799,-4.6896,-0.0098,-0.0,4.6896,-0.3327,-0.0442,-0.0,0.0016,-0.0769,0.5019,5,0,1,40.44,Driving,False,-0.013,0.3,0.005,0.0,False,False,1,,,,NONE,False,Green,30.0
203,13.3881,8.45,371,Vehicle 2,vehicle,vehicle.tesla.model3,hero_1,50.2115,326.5749,0.0016,-0.0006,0.0156,179.9583,50.2115,-326.5749,-3.140865,-4.6965,0.004,0.0,4.6965,-0.1377,0.2769,0.0,0.0521,-0.0747,-0.0765,5,0,1,40.2,Driving,False,-0.013,0.3,-0.002,0.0,False,False,1,,,,NONE,False,Green,30.0
204,13.4381,8.5,371,Vehicle 2,vehicle,vehicle.tesla.model3,hero_1,49.9766,326.5752,0.0016,0.0012,0.0121,179.9511,49.9766,-326.5752,-3.140739,-4.6979,0.0078,0.0,4.6979,-0.029,0.0752,0.0,0.0245,-0.066,-0.167,5,0,1,39.97,Driving,False,-0.014,0.3,-0.002,0.0,False,False,1,,,,NONE,False,Green,30.0
205,13.4881,8.55,371,Vehicle 2,vehicle,vehicle.tesla.model3,hero_1,49.7418,326.5756,0.0016,0.0018,0.0091,179.9422,49.7418,-326.5756,-3.140584,-4.6963,0.0094,-0.0,4.6963,0.0327,0.0314,-0.0,0.0065,-0.0551,-0.1837,5,0,1,39.73,Driving,False,-0.014,0.3,-0.002,0.0,False,False,1,,,,NONE,False,Green,30.0
206,13.5381,8.6,371,Vehicle 2,vehicle,vehicle.tesla.model3,hero_1,49.5071,326.576,0.0016,0.0019,0.0067,179.933,49.5071,-326.576,-3.140423,-4.693,0.0104,-0.0,4.693,0.066,0.0201,0.0,-0.001,-0.0443,-0.1807,5,0,1,39.5,Driving,False,-0.015,0.3,-0.002,0.0,False,False,1,,,,NONE,False,Green,30.0
207,13.5881,8.65,371,Vehicle 2,vehicle,vehicle.tesla.model3,hero_1,49.2742,326.5764,0.0017,0.0007,0.0029,179.9331,49.2742,-326.5764,-3.140425,-4.6157,0.0042,-0.0,4.6157,1.5467,-0.1238,0.0,-0.0247,-0.1103,0.0647,5,0,1,39.26,Driving,False,-0.015,0.0,0.001,0.7,False,False,1,,,,NONE,False,Green,30.0
208,13.6381,8.7,371,Vehicle 2,vehicle,vehicle.tesla.model3,hero_1,49.0493,326.5765,0.0017,-0.0002,-0.0059,179.9379,49.0493,-326.5765,-3.140509,-4.4044,0.0023,-0.0,4.4044,4.2242,-0.0372,-0.0,-0.0126,-0.2206,0.1037,5,0,1,39.04,Driving,False,-0.016,0.0,0.001,0.7,False,False,1,,,,NONE,False,Green,30.0
209,13.6881,8.75,371,Vehicle 2,vehicle,vehicle.tesla.model3,hero_1,48.8382,326.5766,0.0018,-0.0005,-0.0192,179.943,48.8382,-326.5766,-3.140598,-4.1011,0.0014,-0.0,4.1011,6.0673,-0.0182,-0.0,-0.0043,-0.2801,0.1022,5,0,1,38.83,Driving,False,-0.016,0.0,0.001,0.7,False,False,1,,,,NONE,False,Green,30.0
210,13.7381,8.8,371,Vehicle 2,vehicle,vehicle.tesla.model3,hero_1,48.6426,326.5767,0.0019,-0.0006,-0.0326,179.948,48.6426,-326.5767,-3.140685,-3.7886,0.0008,-0.0,3.7886,6.2491,-0.0119,0.0,-0.0004,-0.2547,0.0972,5,0,1,38.63,Driving,False,-0.016,0.0,0.001,0.7,False,False,1,,,,NONE,False,Green,30.0
211,13.7881,8.85,371,Vehicle 2,vehicle,vehicle.tesla.model3,hero_1,48.4601,326.5774,0.0019,0.0029,-0.0411,179.9214,48.4601,-326.5774,-3.140221,-3.5858,0.0229,-0.0,3.5859,4.0558,0.4413,-0.0,0.0675,-0.0941,-0.7866,5,0,1,38.45,Driving,False,-0.017,0.75,-0.011,0.0,False,False,1,,,,NONE,False,Green,30.0
212,13.8381,8.9,371,Vehicle 2,vehicle,vehicle.tesla.model3,hero_1,48.2821,326.5786,0.0019,0.005,-0.0395,179.882,48.2821,-326.5786,-3.139533,-3.5564,0.0292,-0.0,3.5565,0.5882,0.126,0.0,0.0262,0.0995,-0.819,5,0,1,38.27,Driving,False,-0.018,0.75,-0.011,0.0,False,False,1,,,,NONE,False,Green,30.0
213,13.8881,8.95,371,Vehicle 2,vehicle,vehicle.tesla.model3,hero_1,48.1038,326.5799,0.0019,0.0054,-0.0322,179.8408,48.1038,-326.5799,-3.138814,-3.5761,0.0327,-0.0,3.5763,-0.3944,0.07,0.0,0.0015,0.1694,-0.8278,5,0,1,38.09,Driving,False,-0.02,0.75,-0.011,0.0,False,False,1,,,,NONE,False,Green,30.0
214,13.9381,9.0,371,Vehicle 2,vehicle,vehicle.tesla.model3,hero_1,47.923,326.5814,0.0018,0.0053,-0.0225,179.7986,47.923,-326.5814,-3.138078,-3.6448,0.0365,0.0,3.645,-1.3733,0.0752,0.0,-0.0036,0.2026,-0.8537,5,0,1,37.91,Driving,False,-0.021,0.75,-0.011,0.0,False,False,1,,,,NONE,False,Green,30.0
215,13.9881,9.05,371,Vehicle 2,vehicle,vehicle.tesla.model3,hero_1,47.7384,326.5824,0.0018,0.0016,-0.013,179.7859,47.7384,-326.5824,-3.137856,-3.72,0.0175,-0.0,3.72,-1.503,-0.3786,-0.0,-0.0742,0.1762,-0.053,5,0,1,37.73,Driving,False,-0.022,0.413,0.001,0.0,False,False,1,,,,NONE,False,Green,30.0
216,14.0381,9.1,371,Vehicle 2,vehicle,vehicle.tesla.model3,hero_1,47.5503,326.5831,0.0017,-0.0009,-0.0055,179.7875,47.5503,-326.5831,-3.137884,-3.7846,0.0134,-0.0,3.7847,-1.2936,-0.0817,0.0,-0.0332,0.1332,0.0584,5,0,1,37.54,Driving,False,-0.023,0.413,0.001,0.0,False,False,1,,,,NONE,False,Green,30.0
217,14.0881,9.15,371,Vehicle 2,vehicle,vehicle.tesla.model3,hero_1,47.3596,326.5838,0.0017,-0.0017,-0.0003,179.7909,47.3596,-326.5838,-3.137943,-3.8315,0.0123,-0.0,3.8315,-0.9368,-0.0229,0.0,-0.0079,0.0835,0.0741,5,0,1,37.35,Driving,False,-0.024,0.413,0.001,0.0,False,False,1,,,,NONE,False,Green,30.0
218,14.1381,9.2,371,Vehicle 2,vehicle,vehicle.tesla.model3,hero_1,47.1666,326.5844,0.0017,-0.0018,0.003,179.7948,47.1666,-326.5844,-3.138011,-3.8772,0.0118,-0.0,3.8772,-0.9142,-0.0091,-0.0,0.0021,0.0572,0.0777,5,0,1,37.16,Driving,False,-0.025,0.413,0.001,0.0,False,False,1,,,,NONE,False,Green,30.0
219,14.1881,9.25,371,Vehicle 2,vehicle,vehicle.tesla.model3,hero_1,46.9718,326.5847,0.0017,-0.0029,0.0049,179.8107,46.9718,-326.5847,-3.138289,-3.9083,0.0027,-0.0,3.9083,-0.6218,-0.1824,-0.0,-0.0218,0.0264,0.4,5,0,1,36.96,Driving,False,-0.025,0.334,0.005,0.0,False,False,1,,,,NONE,False,Green,30.0
220,14.2381,9.3,371,Vehicle 2,vehicle,vehicle.tesla.model3,hero_1,46.7755,326.5849,0.0016,-0.0035,0.0058,179.8326,46.7755,-326.5849,-3.138671,-3.9353,-0.0006,-0.0,3.9353,-0.5412,-0.0665,0.0,-0.0063,0.0121,0.4527,5,0,1,36.76,Driving,False,-0.025,0.334,0.005,0.0,False,False,1,,,,NONE,False,Green,30.0
221,14.2881,9.35,371,Vehicle 2,vehicle,vehicle.tesla.model3,hero_1,46.5782,326.585,0.0016,-0.0035,0.0059,179.8554,46.5782,-326.585,-3.139069,-3.9516,-0.0025,0.0,3.9516,-0.3247,-0.0388,0.0,0.0033,-0.0038,0.4577,5,0,1,36.57,Driving,False,-0.025,0.334,0.005,0.0,False,False,1,,,,NONE,False,Green,30.0
222,14.3381,9.4,371,Vehicle 2,vehicle,vehicle.tesla.model3,hero_1,46.3801,326.5849,0.0016,-0.0033,0.0056,179.8785,46.3801,-326.5849,-3.139472,-3.9698,-0.0044,0.0,3.9698,-0.3638,-0.0362,0.0,0.0054,-0.0044,0.464,5,0,1,36.37,Driving,False,-0.025,0.334,0.005,0.0,False,False,1,,,,NONE,False,Green,30.0
223,14.3881,9.45,371,Vehicle 2,vehicle,vehicle.tesla.model3,hero_1,46.1811,326.5852,0.0016,-0.0006,0.0054,179.8802,46.1811,-326.5852,-3.139502,-3.9886,0.01,-0.0,3.9886,-0.3765,0.2862,-0.0001,0.0546,-0.0023,-0.1149,5,0,1,36.17,Driving,False,-0.026,0.564,-0.002,0.0,False,False,1,,,,NONE,False,Green,30.0
224,14.4381,9.5,371,Vehicle 2,vehicle,vehicle.tesla.model3,hero_1,45.9804,326.5858,0.0016,0.0012,0.006,179.8712,45.9804,-326.5858,-3.139345,-4.0325,0.0139,0.0,4.0325,-0.8778,0.0788,0.0,0.0254,0.0206,-0.2031,5,0,1,35.97,Driving,False,-0.027,0.564,-0.002,0.0,False,False,1,,,,NONE,False,Green,30.0
225,14.4881,9.55,371,Vehicle 2,vehicle,vehicle.tesla.model3,hero_1,45.7773,326.5865,0.0016,0.0019,0.0073,179.8605,45.7773,-326.5865,-3.139158,-4.0846,0.0156,0.0,4.0846,-1.0424,0.0346,-0.0,0.0067,0.0285,-0.2169,5,0,1,35.77,Driving,False,-0.027,0.564,-0.002,0.0,False,False,1,,,,NONE,False,Green,30.0
226,14.5381,9.6,371,Vehicle 2,vehicle,vehicle.tesla.model3,hero_1,45.5711,326.5872,0.0016,0.002,0.009,179.8494,45.5711,-326.5872,-3.138964,-4.1487,0.0169,0.0,4.1487,-1.2816,0.0261,-0.0,-0.0006,0.0364,-0.2229,5,0,1,35.56,Driving,False,-0.028,0.564,-0.002,0.0,False,False,1,,,,NONE,False,Green,30.0
227,14.5881,9.65,371,Vehicle 2,vehicle,vehicle.tesla.model3,hero_1,45.3616,326.5877,0.0016,-0.0003,0.0108,179.8579,45.3616,-326.5877,-3.139113,-4.2206,0.0035,-0.0,4.2206,-1.4386,-0.2688,-0.0,-0.0478,0.0403,0.3037,5,0,1,35.35,Driving,False,-0.029,0.75,0.004,0.0,False,False,1,,,,NONE,False,Green,30.0
228,14.6381,9.7,371,Vehicle 2,vehicle,vehicle.tesla.model3,hero_1,45.1477,326.5878,0.0016,-0.002,0.0133,179.8762,45.1477,-326.5878,-3.139432,-4.3174,-0.0007,-0.0,4.3174,-1.9363,-0.0829,-0.0,-0.0229,0.0555,0.3889,5,0,1,35.14,Driving,False,-0.029,0.75,0.004,0.0,False,False,1,,,,NONE,False,Green,30.0
229,14.6881,9.75,371,Vehicle 2,vehicle,vehicle.tesla.model3,hero_1,44.9287,326.5878,0.0016,-0.0026,0.0162,179.8963,44.9287,-326.5878,-3.139783,-4.4239,-0.0029,-0.0,4.4239,-2.1301,-0.0448,0.0,-0.0068,0.0575,0.41,5,0,1,34.92,Driving,False,-0.029,0.75,0.004,0.0,False,False,1,,,,NONE,False,Green,30.0
230,14.7381,9.8,371,Vehicle 2,vehicle,vehicle.tesla.model3,hero_1,44.704,326.5877,0.0016,-0.0027,0.019,179.9171,44.704,-326.5877,-3.140146,-4.5387,-0.0048,-0.0,4.5387,-2.2961,-0.0375,-0.0,-0.0003,0.055,0.4204,5,0,1,34.69,Driving,False,-0.029,0.75,0.004,0.0,False,False,1,,,,NONE,False,Green,30.0
231,14.7881,9.85,371,Vehicle 2,vehicle,vehicle.tesla.model3,hero_1,44.4752,326.588,0.0016,-0.0007,0.0197,179.9212,44.4752,-326.588,-3.140217,-4.5812,0.0062,-0.0,4.5812,-0.8489,0.219,0.0,0.0414,-0.0311,-0.0368,5,0,1,34.46,Driving,False,-0.03,0.0,-0.001,0.7,False,False,1,,,,NONE,False,Green,30.0
232,14.8381,9.9,371,Vehicle 2,vehicle,vehicle.tesla.model3,hero_1,44.2492,326.5883,0.0016,0.0007,0.0134,179.9168,44.2492,-326.5883,-3.140141,-4.4577,0.0087,-0.0,4.4578,2.4685,0.0507,0.0,0.019,-0.1911,-0.1041,5,0,1,34.24,Driving,False,-0.03,0.0,-0.001,0.7,False,False,1,,,,NONE,False,Green,30.0
233,14.8881,9.95,371,Vehicle 2,vehicle,vehicle.tesla.model3,hero_1,44.0339,326.5888,0.0017,0.0012,0.0,179.9115,44.0339,-326.5888,-3.140048,-4.2027,0.0092,-0.0,4.2027,5.1004,0.0106,-0.0,0.0044,-0.3002,-0.108,5,0,1,34.02,Driving,False,-0.031,0.0,-0.001,0.7,False,False,1,,,,NONE,False,Green,30.0
234,14.9381,10.0,371,Vehicle 2,vehicle,vehicle.tesla.model3,hero_1,43.8323,326.5892,0.0018,0.0012,-0.0153,179.9061,43.8323,-326.5892,-3.139954,-3.9164,0.0092,0.0,3.9164,5.7267,-0.0007,0.0,-0.0018,-0.3021,-0.1035,5,0,1,33.82,Driving,False,-0.031,0.0,-0.001,0.7,False,False,1,,,,NONE,False,Green,30.0
235,14.9881,10.05,371,Vehicle 2,vehicle,vehicle.tesla.model3,hero_1,43.6431,326.5901,0.0018,0.0033,-0.0265,179.8808,43.6431,-326.5901,-3.139512,-3.7266,0.0241,-0.0,3.7267,3.7961,0.2988,-0.0001,0.0417,-0.151,-0.6256,5,0,1,33.63,Driving,False,-0.032,0.75,-0.009,0.0,False,False,1,,,,NONE,False,Green,30.0
236,15.0381,10.1,371,Vehicle 2,vehicle,vehicle.tesla.model3,hero_1,43.4577,326.5912,0.0018,0.0045,-0.0277,179.8463,43.4577,-326.5912,-3.13891,-3.7049,0.029,-0.0,3.705,0.4339,0.0967,0.0,0.0146,0.0449,-0.7087,5,0,1,33.45,Driving,False,-0.033,0.75,-0.009,0.0,False,False,1,,,,NONE,False,Green,30.0
237,15.0881,10.15,371,Vehicle 2,vehicle,vehicle.tesla.model3,hero_1,43.2719,326.5926,0.0018,0.0047,-0.0228,179.8107,43.2719,-326.5926,-3.138289,-3.7296,0.032,-0.0,3.7298,-0.495,0.0601,-0.0,-0.0013,0.1236,-0.7158,5,0,1,33.26,Driving,False,-0.035,0.75,-0.009,0.0,False,False,1,,,,NONE,False,Green,30.0
238,15.1381,10.2,371,Vehicle 2,vehicle,vehicle.tesla.model3,hero_1,43.0833,326.5941,0.0018,0.0045,-0.0153,179.7742,43.0833,-326.5941,-3.137652,-3.801,0.0353,-0.0,3.8012,-1.4279,0.0666,-0.0,-0.0037,0.1642,-0.7364,5,0,1,33.07,Driving,False,-0.036,0.75,-0.009,0.0,False,False,1,,,,NONE,False,Green,30.0
239,15.1881,10.25,371,Vehicle 2,vehicle,vehicle.tesla.model3,hero_1,42.8906,326.5948,0.0017,-0.0003,-0.0071,179.7782,42.8906,-326.5948,-3.137722,-3.8917,0.0081,-0.0,3.8917,-1.8133,-0.5439,0.0,-0.0978,0.1612,0.3552,5,0,1,32.88,Driving,False,-0.037,0.75,0.006,0.0,False,False,1,,,,NONE,False,Green,30.0
240,15.2381,10.3,371,Vehicle 2,vehicle,vehicle.tesla.model3,hero_1,42.6927,326.5951,0.0017,-0.0035,0.0007,179.802,42.6927,-326.5951,-3.138137,-4.0029,0.0008,-0.0,4.0029,-2.2249,-0.147,-0.0,-0.0436,0.1515,0.5215,5,0,1,32.68,Driving,False,-0.038,0.75,0.006,0.0,False,False,1,,,,NONE,False,Green,30.0
241,15.2881,10.35,371,Vehicle 2,vehicle,vehicle.tesla.model3,hero_1,42.4891,326.5952,0.0016,-0.0046,0.0075,179.8292,42.4891,-326.5952,-3.138612,-4.117,-0.0025,0.0,4.117,-2.281,-0.0661,0.0,-0.0097,0.1245,0.5548,5,0,1,32.48,Driving,False,-0.038,0.75,0.006,0.0,False,False,1,,,,NONE,False,Green,30.0
242,15.3381,10.4,371,Vehicle 2,vehicle,vehicle.tesla.model3,hero_1,42.2795,326.5951,0.0016,-0.0047,0.0131,179.8576,42.2795,-326.5951,-3.139107,-4.2403,-0.0051,-0.0,4.2403,-2.4654,-0.0514,-0.0001,0.0029,0.105,0.574,5,0,1,32.27,Driving,False,-0.038,0.75,0.006,0.0,False,False,1,,,,NONE,False,Green,30.0
243,15.3881,10.45,371,Vehicle 2,vehicle,vehicle.tesla.model3,hero_1,42.0638,326.5943,0.0016,-0.0079,0.0176,179.9179,42.0638,-326.5943,-3.14016,-4.3617,-0.0307,0.0,4.3618,-2.4284,-0.5115,0.0001,-0.0648,0.0805,1.4318,5,0,1,32.05,Driving,False,-0.037,0.75,0.017,0.0,False,False,1,,,,NONE,False,Green,30.0
244,15.4381,10.5,371,Vehicle 2,vehicle,vehicle.tesla.model3,hero_1,41.842,326.5929,0.0016,-0.0099,0.0211,179.9951,41.842,-326.5929,-3.141507,-4.4854,-0.0418,-0.0,4.4856,-2.4737,-0.2218,-0.0,-0.0258,0.0623,1.5866,5,0,1,31.83,Driving,False,-0.036,0.75,0.017,0.0,False,False,1,,,,NONE,False,Green,30.0
245,15.4881,10.55,371,Vehicle 2,vehicle,vehicle.tesla.model3,hero_1,41.614,326.591,0.0015,-0.0104,0.0237,-179.9237,41.614,-326.591,3.140261,-4.6083,-0.0503,-0.0,4.6086,-2.4583,-0.17,-0.0,-0.0031,0.0465,1.6459,5,0,1,31.6,Driving,False,-0.034,0.75,0.017,0.0,False,False,1,,,,NONE,False,Green,30.0
246,15.5381,10.6,371,Vehicle 2,vehicle,vehicle.tesla.model3,hero_1,41.3799,326.5888,0.0015,-0.0103,0.0257,-179.8401,41.3799,-326.5888,3.138802,-4.731,-0.0585,0.0,4.7313,-2.4539,-0.1647,0.0001,0.0043,0.0344,1.6882,5,0,1,31.37,Driving,False,-0.032,0.75,0.017,0.0,False,False,1,,,,NONE,False,Green,30.0
247,15.5881,10.65,371,Vehicle 2,vehicle,vehicle.tesla.model3,hero_1,41.1397,326.5869,0.0015,-0.006,0.0271,-179.7911,41.1397,-326.5869,3.137947,-4.8536,-0.0396,-0.0,4.8538,-2.4532,0.3785,-0.0001,0.0906,0.0256,0.7276,5,0,1,31.13,Driving,False,-0.03,0.75,0.005,0.0,False,False,1,,,,NONE,False,Green,30.0
248,15.6381,10.7,371,Vehicle 2,vehicle,vehicle.tesla.model3,hero_1,40.8933,326.5852,0.0015,-0.0029,0.0282,-179.7604,40.8933,-326.5852,3.137411,-4.9758,-0.0374,-0.0,4.976,-2.4442,0.0431,0.0,0.0446,0.0185,0.5747,5,0,1,30.88,Driving,False,-0.029,0.75,0.005,0.0,False,False,1,,,,NONE,False,Green,30.0
249,15.6881,10.75,371,Vehicle 2,vehicle,vehicle.tesla.model3,hero_1,40.6409,326.5834,0.0017,-0.0015,0.029,-179.7324,40.6409,-326.5834,3.136922,-5.0973,-0.0391,0.0038,5.0974,-2.4286,-0.0331,0.0767,0.0134,0.0132,0.5556,5,0,1,30.63,Driving,False,-0.027,0.75,0.005,0.0,False,False,1,,,,NONE,False,Green,30.0
250,15.7381,10.8,371,Vehicle 2,vehicle,vehicle.tesla.model3,hero_1,40.3838,326.5816,0.0018,-0.0013,0.0274,-179.7048,40.3838,-326.5816,3.13644,-5.1178,-0.0404,0.001,5.118,-0.4105,-0.0263,-0.0566,0.0064,-0.1359,0.5203,5,0,1,30.37,Driving,False,-0.025,0.75,0.005,0.0,False,False,1,,,,NONE,False,Green,30.0
251,15.7881,10.85,371,Vehicle 2,vehicle,vehicle.tesla.model3,hero_1,40.128,326.5805,0.0019,0.0038,0.0208,-179.7215,40.128,-326.5805,3.136732,-5.1183,-0.0097,-0.0001,5.1183,-0.0104,0.6146,-0.0228,0.117,-0.1133,-0.7416,5,0,1,30.12,Driving,False,-0.024,0.737,-0.012,0.0,False,False,1,,,,NONE,False,Green,30.0
252,15.8381,10.9,371,Vehicle 2,vehicle,vehicle.tesla.model3,hero_1,39.8727,326.5802,0.0019,0.0076,0.0154,-179.7702,39.8727,-326.5802,3.137582,-5.1028,0.0031,-0.0005,5.1028,0.3113,0.2556,-0.0075,0.0475,-0.1028,-1.0747,5,0,1,29.86,Driving,False,-0.024,0.737,-0.012,0.0,False,False,1,,,,NONE,False,Green,30.0
253,15.8881,10.95,371,Vehicle 2,vehicle,vehicle.tesla.model3,hero_1,39.6159,326.5804,0.0019,0.0092,0.013,-179.8313,39.6159,-326.5804,3.138648,-5.161,0.0143,-0.0006,5.161,-1.1639,0.2243,-0.0011,0.0249,-0.0122,-1.2962,5,0,1,29.6,Driving,False,-0.025,0.737,-0.012,0.0,False,False,1,,,,NONE,False,Green,30.0
254,15.9381,11.0,371,Vehicle 2,vehicle,vehicle.tesla.model3,hero_1,39.3569,326.5809,0.0019,0.0094,0.0123,-179.8957,39.3569,-326.5809,3.139772,-5.1957,0.0203,-0.0005,5.1957,-0.6943,0.1192,0.0013,-0.0074,-0.0164,-1.2801,5,0,1,29.35,Driving,False,-0.025,0.737,-0.012,0.0,False,False,1,,,,NONE,False,Green,30.0
255,15.9881,11.05,371,Vehicle 2,vehicle,vehicle.tesla.model3,hero_1,39.0943,326.5813,0.0018,0.0066,0.0134,-179.9401,39.0943,-326.5813,3.140547,-5.2931,0.012,-0.0004,5.2931,-1.9493,-0.1655,0.002,-0.0603,0.0459,-0.712,5,0,1,29.08,Driving,False,-0.026,0.732,-0.004,0.0,False,False,1,,,,NONE,False,Green,30.0
256,16.0381,11.1,371,Vehicle 2,vehicle,vehicle.tesla.model3,hero_1,38.8277,326.5817,0.0018,0.0042,0.0149,-179.9685,38.8277,-326.5817,3.141043,-5.3579,0.0096,-0.0003,5.3579,-1.2947,-0.0477,0.0018,-0.0395,0.0171,-0.4998,5,0,1,28.82,Driving,False,-0.026,0.732,-0.004,0.0,False,False,1,,,,NONE,False,Green,30.0
257,16.0881,11.15,371,Vehicle 2,vehicle,vehicle.tesla.model3,hero_1,38.5563,326.582,0.0018,0.003,0.0171,-179.9922,38.5563,-326.582,3.141457,-5.4767,0.0108,-0.0002,5.4767,-2.3759,0.0232,0.0016,-0.0142,0.0598,-0.4671,5,0,1,28.55,Driving,False,-0.027,0.732,-0.004,0.0,False,False,1,,,,NONE,False,Green,30.0
258,16.1381,11.2,371,Vehicle 2,vehicle,vehicle.tesla.model3,hero_1,38.28,326.5825,0.0018,0.0025,0.0189,179.9855,38.28,-326.5825,-3.14134,-5.5576,0.0119,-0.0002,5.5576,-1.6183,0.0213,0.0013,-0.0086,0.0209,-0.4339,5,0,1,28.27,Driving,False,-0.027,0.732,-0.004,0.0,False,False,1,,,,NONE,False,Green,30.0
259,16.1881,11.25,371,Vehicle 2,vehicle,vehicle.tesla.model3,hero_1,37.9983,326.5823,0.0017,-0.0019,0.0209,179.9991,37.9983,-326.5823,-3.141577,-5.6844,-0.0126,-0.0001,5.6845,-2.5373,-0.4893,0.0009,-0.0987,0.0514,0.605,5,0,1,27.99,Driving,False,-0.027,0.679,0.009,0.0,False,False,1,,,,NONE,False,Green,30.0
260,16.2381,11.3,371,Vehicle 2,vehicle,vehicle.tesla.model3,hero_1,37.7116,326.5815,0.0017,-0.0053,0.0221,-179.9603,37.7116,-326.5815,3.1409,-5.7653,-0.0236,-0.0001,5.7654,-1.618,-0.2202,0.0007,-0.046,0.0055,0.9039,5,0,1,27.7,Driving,False,-0.027,0.679,0.009,0.0,False,False,1,,,,NONE,False,Green,30.0
261,16.2881,11.35,371,Vehicle 2,vehicle,vehicle.tesla.model3,hero_1,37.4197,326.5803,0.0017,-0.0069,0.0232,-179.9097,37.4197,-326.5803,3.140017,-5.8877,-0.0333,-0.0001,5.8878,-2.447,-0.1926,0.0005,-0.0253,0.0336,1.0718,5,0,1,27.41,Driving,False,-0.026,0.679,0.009,0.0,False,False,1,,,,NONE,False,Green,30.0
262,16.3381,11.4,371,Vehicle 2,vehicle,vehicle.tesla.model3,hero_1,37.123,326.5788,0.0017,-0.0073,0.0236,-179.8556,37.123,-326.5788,3.139072,-5.9658,-0.0392,-0.0,5.9659,-1.5613,-0.1196,0.0003,-0.0006,-0.0075,1.0792,5,0,1,27.11,Driving,False,-0.024,0.679,0.009,0.0,False,False,1,,,,NONE,False,Green,30.0
263,16.3881,11.45,371,Vehicle 2,vehicle,vehicle.tesla.model3,hero_1,36.8212,326.5779,0.0017,-0.0017,0.0239,-179.8481,36.8212,-326.5779,3.138941,-6.0758,-0.0104,-0.0,6.0758,-2.2002,0.5768,0.0002,0.1303,0.0109,-0.2914,5,0,1,26.81,Driving,False,-0.023,0.126,-0.008,0.0,False,False,1,,,,NONE,False,Green,30.0
264,16.4381,11.5,371,Vehicle 2,vehicle,vehicle.tesla.model3,hero_1,36.5166,326.5776,0.0017,0.003,0.0221,-179.8774,36.5166,-326.5776,3.139453,-6.0974,0.002,-0.0,6.0974,-0.432,0.2469,0.0002,0.068,-0.0708,-0.7152,5,0,1,26.51,Driving,False,-0.023,0.126,-0.008,0.0,False,False,1,,,,NONE,False,Green,30.0
265,16.4881,11.55,371,Vehicle 2,vehicle,vehicle.tesla.model3,hero_1,36.2109,326.5778,0.0017,0.0053,0.0184,-179.9202,36.2109,-326.5778,3.1402,-6.1207,0.0113,-0.0,6.1207,-0.4666,0.1862,0.0001,0.0355,-0.0709,-0.9285,5,0,1,26.2,Driving,False,-0.024,0.126,-0.008,0.0,False,False,1,,,,NONE,False,Green,30.0
266,16.5381,11.6,371,Vehicle 2,vehicle,vehicle.tesla.model3,hero_1,35.9062,326.5782,0.0018,0.0061,0.0133,-179.9671,35.9062,-326.5782,3.141018,-6.075,0.0166,-0.0,6.075,0.9143,0.1066,0.0002,0.0054,-0.1221,-0.9364,5,0,1,25.9,Driving,False,-0.024,0.126,-0.008,0.0,False,False,1,,,,NONE,False,Green,30.0
267,16.5881,11.65,371,Vehicle 2,vehicle,vehicle.tesla.model3,hero_1,35.6031,326.5785,0.0018,0.0039,0.0083,-179.9953,35.6031,-326.5785,3.141511,-6.0547,0.0077,-0.0,6.0547,0.4065,-0.1781,-0.0,-0.0514,-0.083,-0.3857,5,0,1,25.59,Driving,False,-0.025,0.135,-0.0,0.0,False,False,1,,,,NONE,False,Green,30.0
268,16.6381,11.7,371,Vehicle 2,vehicle,vehicle.tesla.model3,hero_1,35.3026,326.5787,0.0018,0.0019,0.0032,179.9925,35.3026,-326.5787,-3.141462,-5.9779,0.0046,-0.0,5.9779,1.5344,-0.0614,0.0001,-0.0317,-0.1158,-0.1756,5,0,1,25.29,Driving,False,-0.025,0.135,-0.0,0.0,False,False,1,,,,NONE,False,Green,30.0
269,16.6881,11.75,371,Vehicle 2,vehicle,vehicle.tesla.model3,hero_1,35.0049,326.5789,0.0019,0.0009,-0.001,179.9864,35.0049,-326.5789,-3.141355,-5.9379,0.0036,-0.0,5.9379,0.8011,-0.0199,0.0,-0.0145,-0.0612,-0.0983,5,0,1,24.99,Driving,False,-0.025,0.135,-0.0,0.0,False,False,1,,,,NONE,False,Green,30.0
270,16.7381,11.8,371,Vehicle 2,vehicle,vehicle.tesla.model3,hero_1,34.7108,326.579,0.0019,0.0005,-0.005,179.9825,34.7108,-326.579,-3.141287,-5.8459,0.0033,-0.0,5.8459,1.8394,-0.0068,0.0,-0.0063,-0.0937,-0.0653,5,0,1,24.7,Driving,False,-0.026,0.135,-0.0,0.0,False,False,1,,,,NONE,False,Green,30.0
271,16.7881,11.85,371,Vehicle 2,vehicle,vehicle.tesla.model3,hero_1,34.42,326.5789,0.0019,-0.0016,-0.008,179.9954,34.42,-326.5789,-3.141512,-5.797,-0.0085,-0.0,5.797,0.9777,-0.2356,0.0,-0.0459,-0.0347,0.4138,5,0,1,24.41,Driving,False,-0.026,0.158,0.005,0.0,False,False,1,,,,NONE,False,Green,30.0
272,16.8381,11.9,371,Vehicle 2,vehicle,vehicle.tesla.model3,hero_1,34.1331,326.5784,0.0019,-0.0031,-0.0108,-179.9796,34.1331,-326.5784,3.141237,-5.6995,-0.0136,-0.0,5.6995,1.9508,-0.1029,-0.0,-0.0189,-0.0704,0.5344,5,0,1,24.12,Driving,False,-0.026,0.158,0.005,0.0,False,False,1,,,,NONE,False,Green,30.0
273,16.8881,11.95,371,Vehicle 2,vehicle,vehicle.tesla.model3,hero_1,33.8496,326.5777,0.0019,-0.0038,-0.0125,-179.9498,33.8496,-326.5777,3.140716,-5.6488,-0.0187,0.0,5.6488,1.0141,-0.1003,0.0,-0.0118,-0.0115,0.6292,5,0,1,23.84,Driving,False,-0.025,0.158,0.005,0.0,False,False,1,,,,NONE,False,Green,30.0
274,16.9381,12.0,371,Vehicle 2,vehicle,vehicle.tesla.model3,hero_1,33.5702,326.5769,0.0019,-0.0039,-0.0143,-179.9189,33.5702,-326.5769,3.140177,-5.5494,-0.0212,-0.0,5.5495,1.9872,-0.0513,-0.0,0.0023,-0.0529,0.6056,5,0,1,23.56,Driving,False,-0.024,0.158,0.005,0.0,False,False,1,,,,NONE,False,Green,30.0
275,16.9881,12.05,371,Vehicle 2,vehicle,vehicle.tesla.model3,hero_1,33.2942,326.5762,0.0019,-0.0019,-0.0152,-179.9046,33.2942,-326.5762,3.139928,-5.5011,-0.0123,-0.0,5.5011,0.9661,0.1786,-0.0,0.0454,0.0077,0.137,5,0,1,23.28,Driving,False,-0.024,0.696,-0.001,0.0,False,False,1,,,,NONE,False,Green,30.0
276,17.0381,12.1,371,Vehicle 2,vehicle,vehicle.tesla.model3,hero_1,33.0216,326.5757,0.0019,-0.0002,-0.0156,-179.9032,33.0216,-326.5757,3.139903,-5.4236,-0.0088,-0.0,5.4236,1.551,0.0693,0.0,0.0249,-0.0168,-0.024,5,0,1,23.01,Driving,False,-0.023,0.696,-0.001,0.0,False,False,1,,,,NONE,False,Green,30.0
277,17.0881,12.15,371,Vehicle 2,vehicle,vehicle.tesla.model3,hero_1,32.7505,326.5753,0.0019,0.0006,-0.014,-179.9068,32.7505,-326.5753,3.139966,-5.424,-0.0069,0.0,5.424,-0.0089,0.039,0.0001,0.0116,0.0639,-0.0947,5,0,1,22.74,Driving,False,-0.023,0.696,-0.001,0.0,False,False,1,,,,NONE,False,Green,30.0
278,17.1381,12.2,371,Vehicle 2,vehicle,vehicle.tesla.model3,hero_1,32.4799,326.575,0.0019,0.0009,-0.0114,-179.912,32.4799,-326.575,3.140057,-5.4079,-0.0059,0.0,5.4079,0.3217,0.0193,-0.0,0.0029,0.0431,-0.1101,5,0,1,22.47,Driving,False,-0.023,0.696,-0.001,0.0,False,False,1,,,,NONE,False,Green,30.0
279,17.1881,12.25,371,Vehicle 2,vehicle,vehicle.tesla.model3,hero_1,32.208,326.5746,0.0019,0.0001,-0.0074,-179.9107,32.208,-326.5746,3.140034,-5.4594,-0.0106,0.0,5.4594,-1.0301,-0.0929,0.0,-0.0193,0.1014,0.0935,5,0,1,22.2,Driving,False,-0.023,0.672,0.002,0.0,False,False,1,,,,NONE,False,Green,30.0
280,17.2381,12.3,371,Vehicle 2,vehicle,vehicle.tesla.model3,hero_1,31.9343,326.574,0.0019,-0.0006,-0.0036,-179.904,31.9343,-326.574,3.139917,-5.4833,-0.0125,0.0,5.4833,-0.4769,-0.0396,0.0,-0.0099,0.0609,0.1518,5,0,1,21.92,Driving,False,-0.022,0.672,0.002,0.0,False,False,1,,,,NONE,False,Green,30.0
281,17.2881,12.35,371,Vehicle 2,vehicle,vehicle.tesla.model3,hero_1,31.6578,326.5734,0.0018,-0.0009,0.0007,-179.8953,31.6578,-326.5734,3.139765,-5.564,-0.0144,0.0,5.564,-1.6141,-0.0361,-0.0,-0.0059,0.1003,0.1854,5,0,1,21.65,Driving,False,-0.022,0.672,0.002,0.0,False,False,1,,,,NONE,False,Green,30.0
282,17.3381,12.4,371,Vehicle 2,vehicle,vehicle.tesla.model3,hero_1,31.3782,326.5727,0.0018,-0.0011,0.0043,-179.8859,31.3782,-326.5727,3.139601,-5.6104,-0.0154,-0.0,5.6104,-0.9289,-0.0208,-0.0,-0.0009,0.0525,0.1858,5,0,1,21.37,Driving,False,-0.021,0.672,0.002,0.0,False,False,1,,,,NONE,False,Green,30.0
283,17.3881,12.45,371,Vehicle 2,vehicle,vehicle.tesla.model3,hero_1,31.0947,326.5721,0.0018,-0.0004,0.0079,-179.8824,31.0947,-326.5721,3.13954,-5.7081,-0.0123,0.0,5.7081,-1.9534,0.0619,0.0,0.0152,0.085,0.0187,5,0,1,21.08,Driving,False,-0.021,0.684,-0.001,0.0,False,False,1,,,,NONE,False,Green,30.0
284,17.4381,12.5,371,Vehicle 2,vehicle,vehicle.tesla.model3,hero_1,30.8075,326.5715,0.0018,0.0001,0.0107,-179.8833,30.8075,-326.5715,3.139556,-5.7688,-0.0111,0.0,5.7688,-1.2136,0.024,0.0,0.0082,0.038,-0.0354,5,0,1,20.8,Driving,False,-0.02,0.684,-0.001,0.0,False,False,1,,,,NONE,False,Green,30.0
285,17.4881,12.55,371,Vehicle 2,vehicle,vehicle.tesla.model3,hero_1,30.5158,326.5709,0.0018,0.0004,0.0135,-179.8858,30.5158,-326.5709,3.139599,-5.8771,-0.0105,-0.0,5.8771,-2.1669,0.012,-0.0001,0.0037,0.0683,-0.058,5,0,1,20.5,Driving,False,-0.02,0.684,-0.001,0.0,False,False,1,,,,NONE,False,Green,30.0
286,17.5381,12.6,371,Vehicle 2,vehicle,vehicle.tesla.model3,hero_1,30.2199,326.5704,0.0018,0.0005,0.0156,-179.8889,30.2199,-326.5704,3.139654,-5.9459,-0.0102,-0.0,5.9459,-1.3757,0.0064,-0.0,0.0007,0.0231,-0.0626,5,0,1,20.21,Driving,False,-0.02,0.684,-0.001,0.0,False,False,1,,,,NONE,False,Green,30.0
287,17.5881,12.65,371,Vehicle 2,vehicle,vehicle.tesla.model3,hero_1,29.9194,326.5703,0.0017,0.003,0.0174,-179.9127,29.9194,-326.5703,3.140069,-6.0501,0.0056,0.0,6.0501,-2.0842,0.3158,0.0001,0.0574,0.0401,-0.6769,5,0,1,19.91,Driving,False,-0.02,0.295,-0.008,0.0,False,False,1,,,,NONE,False,Green,30.0
288,17.6381,12.7,371,Vehicle 2,vehicle,vehicle.tesla.model3,hero_1,29.6159,326.5706,0.0017,0.0049,0.0171,-179.9523,29.6159,-326.5706,3.14076,-6.0775,0.0132,-0.0,6.0775,-0.5481,0.1519,-0.0,0.0249,-0.0363,-0.8383,5,0,1,19.6,Driving,False,-0.02,0.295,-0.008,0.0,False,False,1,,,,NONE,False,Green,30.0
289,17.6881,12.75,371,Vehicle 2,vehicle,vehicle.tesla.model3,hero_1,29.3107,326.5712,0.0018,0.0058,0.0154,-179.998,29.3107,-326.5712,3.141558,-6.1203,0.0207,-0.0,6.1203,-0.8557,0.1493,0.0,0.0162,-0.0286,-0.9569,5,0,1,19.3,Driving,False,-0.021,0.295,-0.008,0.0,False,False,1,,,,NONE,False,Green,30.0
290,17.7381,12.8,371,Vehicle 2,vehicle,vehicle.tesla.model3,hero_1,29.0051,326.5721,0.0018,0.0061,0.0125,179.9546,29.0051,-326.5721,-3.1408,-6.103,0.0253,0.0,6.103,0.3467,0.0916,0.0001,-0.0015,-0.0786,-0.9376,5,0,1,18.99,Driving,False,-0.022,0.295,-0.008,0.0,False,False,1,,,,NONE,False,Green,30.0
291,17.7881,12.85,371,Vehicle 2,vehicle,vehicle.tesla.model3,hero_1,28.6997,326.5728,0.0018,0.0029,0.0094,179.9338,28.6997,-326.5728,-3.140437,-6.1115,0.0107,0.0,6.1115,-0.1713,-0.2907,-0.0,-0.0731,-0.0483,-0.1662,5,0,1,18.69,Driving,False,-0.023,0.182,0.002,0.0,False,False,1,,,,NONE,False,Green,30.0
292,17.8381,12.9,371,Vehicle 2,vehicle,vehicle.tesla.model3,hero_1,28.3956,326.5731,0.0018,0.0002,0.0057,179.9346,28.3956,-326.5731,-3.140451,-6.0599,0.0049,0.0,6.06,1.0317,-0.1157,-0.0,-0.0405,-0.0921,0.1001,5,0,1,18.38,Driving,False,-0.023,0.182,0.002,0.0,False,False,1,,,,NONE,False,Green,30.0
293,17.8881,12.95,371,Vehicle 2,vehicle,vehicle.tesla.model3,hero_1,28.0932,326.5733,0.0018,-0.0012,0.0023,179.9436,28.0932,-326.5733,-3.140608,-6.0397,0.0014,-0.0,6.0397,0.4044,-0.071,-0.0001,-0.0196,-0.0498,0.2192,5,0,1,18.08,Driving,False,-0.024,0.182,0.002,0.0,False,False,1,,,,NONE,False,Green,30.0
294,17.9381,13.0,371,Vehicle 2,vehicle,vehicle.tesla.model3,hero_1,27.7934,326.5734,0.0019,-0.0017,-0.0013,179.9554,27.7934,-326.5734,-3.140814,-5.9667,-0.0005,0.0,5.9667,1.46,-0.0374,0.0001,-0.0051,-0.0864,0.2423,5,0,1,17.78,Driving,False,-0.024,0.182,0.002,0.0,False,False,1,,,,NONE,False,Green,30.0
295,17.9881,13.05,371,Vehicle 2,vehicle,vehicle.tesla.model3,hero_1,27.4961,326.574,0.0019,0.0019,-0.0041,179.9367,27.4961,-326.574,-3.140488,-5.9311,0.0213,-0.0,5.9311,0.7136,0.4348,-0.0001,0.0853,-0.0368,-0.6724,5,0,1,17.49,Driving,False,-0.025,0.135,-0.009,0.0,False,False,1,,,,NONE,False,Green,30.0
296,18.0381,13.1,371,Vehicle 2,vehicle,vehicle.tesla.model3,hero_1,27.2022,326.5751,0.0019,0.0048,-0.0071,179.8945,27.2022,-326.5751,-3.139751,-5.8426,0.0307,-0.0,5.8427,1.7694,0.1887,0.0,0.0391,-0.0764,-0.9181,5,0,1,17.19,Driving,False,-0.026,0.135,-0.009,0.0,False,False,1,,,,NONE,False,Green,30.0
297,18.0881,13.15,371,Vehicle 2,vehicle,vehicle.tesla.model3,hero_1,26.9115,326.5766,0.0019,0.0063,-0.0094,179.8428,26.9115,-326.5766,-3.138849,-5.7955,0.0396,0.0,5.7956,0.9423,0.1785,0.0001,0.0243,-0.0232,-1.0943,5,0,1,16.9,Driving,False,-0.028,0.135,-0.009,0.0,False,False,1,,,,NONE,False,Green,30.0
298,18.1381,13.2,371,Vehicle 2,vehicle,vehicle.tesla.model3,hero_1,26.6247,326.5785,0.0019,0.0067,-0.0117,179.7889,26.6247,-326.5785,-3.137908,-5.6978,0.0442,0.0,5.6979,1.9541,0.0921,0.0,-0.0013,-0.0643,-1.0606,5,0,1,16.61,Driving,False,-0.03,0.135,-0.009,0.0,False,False,1,,,,NONE,False,Green,30.0
299,18.1881,13.25,371,Vehicle 2,vehicle,vehicle.tesla.model3,hero_1,26.3413,326.5807,0.0019,0.0075,-0.0132,179.7279,26.3413,-326.5807,-3.136844,-5.6481,0.0554,-0.0,5.6484,0.9933,0.2243,-0.0001,0.0214,-0.0052,-1.3045,5,0,1,16.33,Driving,False,-0.032,0.682,-0.011,0.0,False,False,1,,,,NONE,False,Green,30.0
300,18.2381,13.3,371,Vehicle 2,vehicle,vehicle.tesla.model3,hero_1,26.0614,326.5832,0.0019,0.0078,-0.0142,179.6632,26.0614,-326.5832,-3.135714,-5.5687,0.0611,0.0,5.569,1.5887,0.1124,0.0,-0.002,-0.0272,-1.2784,5,0,1,16.05,Driving,False,-0.035,0.682,-0.011,0.0,False,False,1,,,,NONE,False,Green,30.0
301,18.2881,13.35,371,Vehicle 2,vehicle,vehicle.tesla.model3,hero_1,25.7832,326.5862,0.0019,0.008,-0.0131,179.5963,25.7832,-326.5862,-3.134547,-5.566,0.0699,-0.0,5.5664,0.0531,0.1767,-0.0,0.0089,0.0543,-1.3742,5,0,1,15.77,Driving,False,-0.038,0.682,-0.011,0.0,False,False,1,,,,NONE,False,Green,30.0
302,18.3381,13.4,371,Vehicle 2,vehicle,vehicle.tesla.model3,hero_1,25.5055,326.5894,0.0019,0.008,-0.0109,179.5296,25.5055,-326.5894,-3.133383,-5.5467,0.0751,0.0,5.5472,0.3859,0.1033,0.0,-0.0077,0.0357,-1.3086,5,0,1,15.49,Driving,False,-0.041,0.682,-0.011,0.0,False,False,1,,,,NONE,False,Green,30.0
303,18.3881,13.45,371,Vehicle 2,vehicle,vehicle.tesla.model3,hero_1,25.2268,326.5919,0.0019,0.0012,-0.0073,179.5192,25.2268,-326.5919,-3.133201,-5.596,0.041,0.0,5.5962,-0.9867,-0.6819,0.0,-0.1523,0.0982,0.3126,5,0,1,15.22,Driving,False,-0.044,0.714,0.009,0.0,False,False,1,,,,NONE,False,Green,30.0
304,18.4381,13.5,371,Vehicle 2,vehicle,vehicle.tesla.model3,hero_1,24.9462,326.5937,0.0019,-0.0042,-0.0034,179.5521,24.9462,-326.5937,-3.133775,-5.6229,0.0266,0.0,5.623,-0.5379,-0.2865,-0.0,-0.0763,0.0635,0.8145,5,0,1,14.94,Driving,False,-0.046,0.714,0.009,0.0,False,False,1,,,,NONE,False,Green,30.0
305,18.4881,13.55,371,Vehicle 2,vehicle,vehicle.tesla.model3,hero_1,24.6625,326.5949,0.0018,-0.0068,0.0011,179.6012,24.6625,-326.5949,-3.134632,-5.7099,0.0162,0.0,5.71,-1.7402,-0.2088,-0.0,-0.0382,0.1064,1.067,5,0,1,14.65,Driving,False,-0.047,0.714,0.009,0.0,False,False,1,,,,NONE,False,Green,30.0
306,18.5381,13.6,371,Vehicle 2,vehicle,vehicle.tesla.model3,hero_1,24.3753,326.5959,0.0018,-0.0076,0.005,179.6556,24.3753,-326.5959,-3.135582,-5.7661,0.0102,0.0,5.7661,-1.1237,-0.1194,-0.0,-0.0041,0.0613,1.0929,5,0,1,14.36,Driving,False,-0.048,0.714,0.009,0.0,False,False,1,,,,NONE,False,Green,30.0
307,18.5881,13.65,371,Vehicle 2,vehicle,vehicle.tesla.model3,hero_1,24.0839,326.5966,0.0018,-0.0071,0.0089,179.7065,24.0839,-326.5966,-3.13647,-5.8656,0.0076,0.0,5.8656,-1.9895,-0.0533,0.0,0.012,0.081,0.9892,5,0,1,14.07,Driving,False,-0.049,0.133,0.007,0.0,False,False,1,,,,NONE,False,Green,30.0
308,18.6381,13.7,371,Vehicle 2,vehicle,vehicle.tesla.model3,hero_1,23.7899,326.5972,0.0018,-0.0063,0.0102,179.7532,23.7899,-326.5972,-3.137285,-5.8828,0.005,0.0,5.8828,-0.3436,-0.0521,-0.0,0.0168,-0.012,0.9001,5,0,1,13.78,Driving,False,-0.05,0.133,0.007,0.0,False,False,1,,,,NONE,False,Green,30.0
309,18.6881,13.75,371,Vehicle 2,vehicle,vehicle.tesla.model3,hero_1,23.495,326.5976,0.0018,-0.0059,0.0093,179.7988,23.495,-326.5976,-3.138081,-5.9052,-0.0001,0.0,5.9052,-0.4491,-0.1011,0.0,0.0035,-0.0187,0.9271,5,0,1,13.48,Driving,False,-0.05,0.133,0.007,0.0,False,False,1,,,,NONE,False,Green,30.0
310,18.7381,13.8,371,Vehicle 2,vehicle,vehicle.tesla.model3,hero_1,23.2011,326.5977,0.0018,-0.0056,0.0064,179.8435,23.2011,-326.5977,-3.138861,-5.8596,-0.0035,-0.0,5.8596,0.9129,-0.0674,-0.0,0.0095,-0.0825,0.8716,5,0,1,13.19,Driving,False,-0.051,0.133,0.007,0.0,False,False,1,,,,NONE,False,Green,30.0
311,18.7881,13.85,371,Vehicle 2,vehicle,vehicle.tesla.model3,hero_1,22.9086,326.5983,0.0018,-0.0017,0.0031,179.857,22.9086,-326.5983,-3.139097,-5.8406,0.0146,-0.0,5.8406,0.3794,0.3623,-0.0,0.0859,-0.0504,-0.0183,5,0,1,12.9,Driving,False,-0.051,0.124,-0.004,0.0,False,False,1,,,,NONE,False,Green,30.0
312,18.8381,13.9,371,Vehicle 2,vehicle,vehicle.tesla.model3,hero_1,22.6189,326.5992,0.0018,0.0013,-0.0007,179.8463,22.6189,-326.5992,-3.13891,-5.764,0.0217,-0.0,5.7641,1.5322,0.142,0.0,0.0435,-0.0933,-0.3033,5,0,1,12.61,Driving,False,-0.052,0.124,-0.004,0.0,False,False,1,,,,NONE,False,Green,30.0
313,18.8881,13.95,371,Vehicle 2,vehicle,vehicle.tesla.model3,hero_1,22.3319,326.6003,0.0019,0.0028,-0.0038,179.8263,22.3319,-326.6003,-3.138561,-5.7247,0.0269,0.0,5.7248,0.7863,0.1025,0.0,0.0214,-0.043,-0.4477,5,0,1,12.32,Driving,False,-0.054,0.124,-0.004,0.0,False,False,1,,,,NONE,False,Green,30.0
314,18.9381,14.0,371,Vehicle 2,vehicle,vehicle.tesla.model3,hero_1,22.0484,326.6016,0.0019,0.0033,-0.0071,179.8035,22.0484,-326.6016,-3.138163,-5.6322,0.0292,-0.0,5.6323,1.8492,0.047,-0.0001,0.0023,-0.0818,-0.4563,5,0,1,12.04,Driving,False,-0.055,0.124,-0.004,0.0,False,False,1,,,,NONE,False,Green,30.0
315,18.9881,14.05,371,Vehicle 2,vehicle,vehicle.tesla.model3,hero_1,21.7682,326.6027,0.0019,0.0012,-0.0095,179.7983,21.7682,-326.6027,-3.138072,-5.5856,0.0183,0.0,5.5856,0.9337,-0.2186,0.0001,-0.0499,-0.0223,0.0624,5,0,1,11.76,Driving,False,-0.056,0.25,0.003,0.0,False,False,1,,,,NONE,False,Green,30.0
316,19.0381,14.1,371,Vehicle 2,vehicle,vehicle.tesla.model3,hero_1,21.4917,326.6034,0.0019,-0.0006,-0.0116,179.8069,21.4917,-326.6034,-3.138222,-5.4954,0.0137,-0.0,5.4954,1.8039,-0.0914,-0.0,-0.0262,-0.0559,0.2223,5,0,1,11.48,Driving,False,-0.057,0.25,0.003,0.0,False,False,1,,,,NONE,False,Green,30.0
317,19.0881,14.15,371,Vehicle 2,vehicle,vehicle.tesla.model3,hero_1,21.2181,326.6041,0.0019,-0.0016,-0.0126,179.8209,21.2181,-326.6041,-3.138467,-5.4567,0.0103,-0.0,5.4567,0.7725,-0.0681,0.0,-0.0141,0.0051,0.3093,5,0,1,11.21,Driving,False,-0.058,0.25,0.003,0.0,False,False,1,,,,NONE,False,Green,30.0
318,19.1381,14.2,371,Vehicle 2,vehicle,vehicle.tesla.model3,hero_1,20.9478,326.6046,0.0019,-0.0019,-0.0135,179.8365,20.9478,-326.6046,-3.138739,-5.373,0.0085,-0.0,5.373,1.675,-0.0373,-0.0,-0.0023,-0.0356,0.3101,5,0,1,10.94,Driving,False,-0.059,0.25,0.003,0.0,False,False,1,,,,NONE,False,Green,30.0
319,19.1881,14.25,371,Vehicle 2,vehicle,vehicle.tesla.model3,hero_1,20.6801,326.6046,0.0019,-0.0044,-0.0136,179.8733,20.6801,-326.6046,-3.139381,-5.3421,-0.0091,-0.0,5.3421,0.6185,-0.3518,0.0,-0.0591,0.0232,0.9444,5,0,1,10.67,Driving,False,-0.059,0.676,0.011,0.0,False,False,1,,,,NONE,False,Green,30.0
320,19.2381,14.3,371,Vehicle 2,vehicle,vehicle.tesla.model3,hero_1,20.4148,326.6042,0.0019,-0.0062,-0.0132,179.925,20.4148,-326.6042,-3.140284,-5.2851,-0.017,0.0,5.2852,1.1386,-0.158,0.0001,-0.0202,-0.0012,1.0681,5,0,1,10.4,Driving,False,-0.059,0.676,0.011,0.0,False,False,1,,,,NONE,False,Green,30.0
321,19.2881,14.35,371,Vehicle 2,vehicle,vehicle.tesla.model3,hero_1,20.1501,326.6034,0.0019,-0.007,-0.0111,179.9831,20.1501,-326.6034,-3.141298,-5.3027,-0.0259,-0.0,5.3028,-0.3512,-0.1781,-0.0,-0.017,0.0722,1.2113,5,0,1,10.14,Driving,False,-0.058,0.676,0.011,0.0,False,False,1,,,,NONE,False,Green,30.0
322,19.3381,14.4,371,Vehicle 2,vehicle,vehicle.tesla.model3,hero_1,19.8852,326.6023,0.0019,-0.0072,-0.0082,-179.9575,19.8852,-326.6023,3.140851,-5.2989,-0.0308,-0.0,5.299,0.0753,-0.0981,0.0,0.005,0.0447,1.1701,5,0,1,9.87,Driving,False,-0.057,0.676,0.011,0.0,False,False,1,,,,NONE,False,Green,30.0
323,19.3881,14.45,371,Vehicle 2,vehicle,vehicle.tesla.model3,hero_1,19.6186,326.6013,0.0019,-0.0049,-0.0045,-179.9169,19.6186,-326.6013,3.140142,-5.3523,-0.0235,0.0,5.3524,-1.0683,0.1475,0.0,0.0502,0.0883,0.6527,5,0,1,9.61,Driving,False,-0.056,0.155,0.003,0.0,False,False,1,,,,NONE,False,Green,30.0
324,19.4381,14.5,371,Vehicle 2,vehicle,vehicle.tesla.model3,hero_1,19.3513,326.6004,0.0019,-0.0029,-0.0025,-179.891,19.3513,-326.6004,3.13969,-5.3372,-0.0212,-0.0,5.3373,0.3023,0.0454,-0.0001,0.032,0.0079,0.451,5,0,1,9.34,Driving,False,-0.055,0.155,0.003,0.0,False,False,1,,,,NONE,False,Green,30.0
325,19.4881,14.55,371,Vehicle 2,vehicle,vehicle.tesla.model3,hero_1,19.0841,326.5995,0.0019,-0.002,-0.0018,-179.87,19.0841,-326.5995,3.139324,-5.3439,-0.022,-0.0,5.344,-0.1339,-0.0161,-0.0,0.0105,0.0184,0.4098,5,0,1,9.07,Driving,False,-0.055,0.155,0.003,0.0,False,False,1,,,,NONE,False,Green,30.0
326,19.5381,14.6,371,Vehicle 2,vehicle,vehicle.tesla.model3,hero_1,18.8185,326.5985,0.0019,-0.0016,-0.0029,-179.8509,18.8185,-326.5985,3.13899,-5.2884,-0.0224,-0.0,5.2885,1.1103,-0.0088,0.0,0.0066,-0.047,0.3647,5,0,1,8.81,Driving,False,-0.054,0.155,0.003,0.0,False,False,1,,,,NONE,False,Green,30.0
327,19.5881,14.65,371,Vehicle 2,vehicle,vehicle.tesla.model3,hero_1,18.5547,326.5972,0.0019,-0.0028,-0.0042,-179.8216,18.5547,-326.5972,3.138479,-5.268,-0.0322,0.0,5.2681,0.4078,-0.1959,0.0,-0.0308,-0.0113,0.695,5,0,1,8.54,Driving,False,-0.053,0.137,0.007,0.0,False,False,1,,,,NONE,False,Green,30.0
328,19.6381,14.7,371,Vehicle 2,vehicle,vehicle.tesla.model3,hero_1,18.2936,326.5956,0.0019,-0.0037,-0.0063,-179.7852,18.2936,-326.5956,3.137844,-5.1907,-0.0362,0.0,5.1908,1.5462,-0.0798,0.0,-0.009,-0.0625,0.7349,5,0,1,8.28,Driving,False,-0.051,0.137,0.007,0.0,False,False,1,,,,NONE,False,Green,30.0
329,19.6881,14.75,371,Vehicle 2,vehicle,vehicle.tesla.model3,hero_1,18.0351,326.5939,0.0019,-0.0042,-0.008,-179.7459,18.0351,-326.5939,3.137158,-5.1557,-0.0415,0.0,5.1559,0.6997,-0.1046,-0.0,-0.01,-0.0131,0.8166,5,0,1,8.02,Driving,False,-0.05,0.137,0.007,0.0,False,False,1,,,,NONE,False,Green,30.0
330,19.7381,14.8,371,Vehicle 2,vehicle,vehicle.tesla.model3,hero_1,17.78,326.592,0.0019,-0.0042,-0.01,-179.7065,17.78,-326.592,3.13647,-5.0666,-0.0436,-0.0,5.0668,1.782,-0.0431,-0.0001,0.0047,-0.0601,0.7661,5,0,1,7.77,Driving,False,-0.048,0.137,0.007,0.0,False,False,1,,,,NONE,False,Green,30.0
331,19.7881,14.85,371,Vehicle 2,vehicle,vehicle.tesla.model3,hero_1,17.5279,326.5903,0.0019,-0.0018,-0.0114,-179.6875,17.5279,-326.5903,3.136138,-5.0248,-0.0325,-0.0,5.0249,0.8356,0.2218,0.0,0.0535,-0.0043,0.2015,5,0,1,7.52,Driving,False,-0.046,0.143,-0.001,0.0,False,False,1,,,,NONE,False,Green,30.0
332,19.8381,14.9,371,Vehicle 2,vehicle,vehicle.tesla.model3,hero_1,17.2766,326.5889,0.0019,0.0002,-0.0097,-179.685,17.2766,-326.5889,3.136095,-5.0109,-0.0275,0.0008,5.011,0.2786,0.0999,0.016,0.0326,-0.0028,-0.0259,5,0,1,7.27,Driving,False,-0.045,0.143,-0.001,0.0,False,False,1,,,,NONE,False,Green,30.0
333,19.8881,14.95,371,Vehicle 2,vehicle,vehicle.tesla.model3,hero_1,17.0262,326.5875,0.0018,0.0011,-0.0086,-179.6879,17.0262,-326.5875,3.136145,-5.0184,-0.0257,-0.0051,5.0184,-0.149,0.0361,-0.1174,0.0092,0.0482,-0.0777,5,0,1,7.02,Driving,False,-0.044,0.143,-0.001,0.0,False,False,1,,,,NONE,False,Green,30.0
334,19.9381,15.0,371,Vehicle 2,vehicle,vehicle.tesla.model3,hero_1,16.7757,326.5862,0.0018,0.0013,-0.0069,-179.6924,16.7757,-326.5862,3.136224,-4.9992,-0.0246,0.0023,4.9992,0.3838,0.0222,0.1466,0.0017,0.0184,-0.0945,5,0,1,6.76,Driving,False,-0.043,0.143,-0.001,0.0,False,False,1,,,,NONE,False,Green,30.0
335,19.9881,15.05,371,Vehicle 2,vehicle,vehicle.tesla.model3,hero_1,16.5258,326.585,0.0017,0.0013,-0.0058,-179.6968,16.5258,-326.585,3.136301,-4.9939,-0.024,-0.0038,4.9939,0.1059,0.0126,-0.1204,-0.0019,0.0192,-0.0977,5,0,1,6.51,Driving,False,-0.042,0.143,-0.001,0.0,False,False,1,,,,NONE,False,Green,30.0
336,20.0381,15.1,371,Vehicle 2,vehicle,vehicle.tesla.model3,hero_1,16.2769,326.5834,0.0016,-0.0008,-0.0055,-179.6843,16.2769,-326.5834,3.136083,-4.9648,-0.0363,-0.0013,4.965,0.5807,-0.2455,0.0488,-0.0431,-0.0024,0.3771,5,0,1,6.27,Driving,False,-0.04,0.103,0.005,0.0,False,False,1,,,,NONE,False,Green,30.0
337,20.0881,15.15,371,Vehicle 2,vehicle,vehicle.tesla.model3,hero_1,16.0299,326.5816,0.0016,-0.0023,-0.0061,-179.6626,16.0299,-326.5816,3.135704,-4.9229,-0.0405,-0.0002,4.9231,0.838,-0.0851,0.0229,-0.0211,-0.0179,0.455,5,0,1,6.02,Driving,False,-0.038,0.103,0.005,0.0,False,False,1,,,,NONE,False,Green,30.0
338,20.1381,15.2,371,Vehicle 2,vehicle,vehicle.tesla.model3,hero_1,15.7852,326.5796,0.0016,-0.0028,-0.0073,-179.6394,15.7852,-326.5796,3.135299,-4.8737,-0.0429,0.0003,4.8738,0.9858,-0.0467,0.0096,-0.006,-0.0248,0.4653,5,0,1,5.77,Driving,False,-0.037,0.103,0.005,0.0,False,False,1,,,,NONE,False,Green,30.0
339,20.1881,15.25,371,Vehicle 2,vehicle,vehicle.tesla.model3,hero_1,15.5429,326.5777,0.0016,-0.0021,-0.0084,-179.6232,15.5429,-326.5777,3.135016,-4.8289,-0.0395,0.0004,4.829,0.8961,0.0674,0.0029,0.0166,-0.0161,0.274,5,0,1,5.53,Driving,False,-0.035,0.644,0.002,0.0,False,False,1,,,,NONE,False,Green,30.0
340,20.2381,15.3,371,Vehicle 2,vehicle,vehicle.tesla.model3,hero_1,15.302,326.5758,0.0016,-0.0015,-0.0082,-179.6106,15.302,-326.5758,3.134796,-4.8171,-0.0395,0.0004,4.8173,0.2341,0.0005,-0.0001,0.0095,0.0191,0.242,5,0,1,5.29,Driving,False,-0.033,0.644,0.002,0.0,False,False,1,,,,NONE,False,Green,30.0
341,20.2881,15.35,371,Vehicle 2,vehicle,vehicle.tesla.model3,hero_1,15.0604,326.5739,0.0017,-0.0012,-0.006,-179.5987,15.0604,-326.5739,3.134589,-4.8461,-0.0404,0.0004,4.8463,-0.5788,-0.0194,-0.0013,0.0035,0.0581,0.238,5,0,1,5.05,Driving,False,-0.031,0.644,0.002,0.0,False,False,1,,,,NONE,False,Green,30.0
342,20.3381,15.4,371,Vehicle 2,vehicle,vehicle.tesla.model3,hero_1,14.8165,326.5719,0.0016,-0.0011,-0.0024,-179.5868,14.8165,-326.5719,3.134381,-4.9002,-0.0418,0.0003,4.9004,-1.0819,-0.0273,-0.0016,0.0006,0.0787,0.2397,5,0,1,4.81,Driving,False,-0.029,0.644,0.002,0.0,False,False,1,,,,NONE,False,Green,30.0
343,20.3881,15.45,371,Vehicle 2,vehicle,vehicle.tesla.model3,hero_1,14.5697,326.5697,0.0016,-0.0018,0.0014,-179.568,14.5697,-326.5697,3.134053,-4.954,-0.0483,0.0002,4.9543,-1.0769,-0.1297,-0.0014,-0.0162,0.0659,0.4255,5,0,1,4.56,Driving,False,-0.027,0.165,0.004,0.0,False,False,1,,,,NONE,False,Green,30.0
344,20.4381,15.5,371,Vehicle 2,vehicle,vehicle.tesla.model3,hero_1,14.3214,326.5674,0.0016,-0.0024,0.0033,-179.5455,14.3214,-326.5674,3.13366,-4.9701,-0.0514,0.0002,4.9703,-0.3207,-0.0626,-0.0012,-0.0076,0.0195,0.458,5,0,1,4.31,Driving,False,-0.025,0.165,0.004,0.0,False,False,1,,,,NONE,False,Green,30.0
345,20.4881,15.55,371,Vehicle 2,vehicle,vehicle.tesla.model3,hero_1,14.0731,326.5648,0.0016,-0.0026,0.0031,-179.5224,14.0731,-326.5648,3.133257,-4.9595,-0.0536,0.0001,4.9598,0.2104,-0.0435,-0.001,-0.0017,-0.0169,0.4624,5,0,1,4.06,Driving,False,-0.023,0.165,0.004,0.0,False,False,1,,,,NONE,False,Green,30.0
346,20.5381,15.6,371,Vehicle 2,vehicle,vehicle.tesla.model3,hero_1,13.8259,326.5623,0.0017,-0.0026,0.0016,-179.4993,13.8259,-326.5623,3.132854,-4.9344,-0.0554,0.0001,4.9347,0.5031,-0.0364,-0.0006,0.001,-0.0353,0.4612,5,0,1,3.81,Driving,False,-0.02,0.165,0.004,0.0,False,False,1,,,,NONE,False,Green,30.0
347,20.5881,15.65,371,Vehicle 2,vehicle,vehicle.tesla.model3,hero_1,13.5802,326.5597,0.0017,-0.0017,-0.0004,-179.4837,13.5802,-326.5597,3.132582,-4.8987,-0.0515,0.0001,4.8989,0.7144,0.078,-0.0005,0.0192,-0.0432,0.2572,5,0,1,3.57,Driving,False,-0.018,0.122,0.002,0.0,False,False,1,,,,NONE,False,Green,30.0
348,20.6381,15.7,371,Vehicle 2,vehicle,vehicle.tesla.model3,hero_1,13.3366,326.5573,0.0017,-0.001,-0.0026,-179.4722,13.3366,-326.5573,3.132381,-4.855,-0.0509,0.0,4.8553,0.8733,0.0119,-0.0004,0.0099,-0.0443,0.2209,5,0,1,3.33,Driving,False,-0.016,0.122,0.002,0.0,False,False,1,,,,NONE,False,Green,30.0
349,20.6881,15.75,371,Vehicle 2,vehicle,vehicle.tesla.model3,hero_1,13.0953,326.5548,0.0017,-0.0008,-0.0048,-179.4614,13.0953,-326.5548,3.132192,-4.8073,-0.051,0.0,4.8075,0.955,-0.0022,-0.0002,0.0035,-0.0404,0.2131,5,0,1,3.08,Driving,False,-0.013,0.122,0.002,0.0,False,False,1,,,,NONE,False,Green,30.0
350,20.7381,15.8,371,Vehicle 2,vehicle,vehicle.tesla.model3,hero_1,12.8564,326.5523,0.0017,-0.0007,-0.0066,-179.4509,12.8564,-326.5523,3.132009,-4.7576,-0.0513,0.0,4.7578,0.9938,-0.0054,-0.0002,0.0007,-0.0342,0.2102,5,0,1,2.85,Driving,False,-0.011,0.122,0.002,0.0,False,False,1,,,,NONE,False,Green,30.0
351,20.7881,15.85,371,Vehicle 2,vehicle,vehicle.tesla.model3,hero_1,12.6216,326.5497,0.0017,-0.0012,-0.0098,-179.4358,12.6216,-326.5497,3.131746,-4.6401,-0.0543,0.0,4.6405,2.3484,-0.0602,-0.0001,-0.0097,-0.0958,0.3308,5,0,1,2.61,Driving,False,-0.008,0.0,0.004,0.81,False,False,1,,,,NONE,False,Green,30.0
352,20.8381,15.9,371,Vehicle 2,vehicle,vehicle.tesla.model3,hero_1,12.3962,326.5471,0.0018,-0.0015,-0.0175,-179.419,12.3962,-326.5471,3.131452,-4.4062,-0.0536,0.0,4.4065,4.6791,0.014,-0.0001,-0.0016,-0.193,0.3349,5,0,1,2.39,Driving,False,-0.006,0.0,0.004,0.81,False,False,1,,,,NONE,False,Green,30.0
353,20.8881,15.95,371,Vehicle 2,vehicle,vehicle.tesla.model3,hero_1,12.1858,326.5446,0.0019,-0.0016,-0.0297,-179.4028,12.1858,-326.5446,3.13117,-4.0689,-0.0509,0.0,4.0693,6.7449,0.0529,-0.0001,0.0044,-0.2691,0.3138,5,0,1,2.17,Driving,False,-0.003,0.0,0.004,0.81,False,False,1,,,,NONE,False,Green,30.0
354,20.9381,16.0,371,Vehicle 2,vehicle,vehicle.tesla.model3,hero_1,11.9932,326.5422,0.0019,-0.0014,-0.043,-179.3879,11.9932,-326.5422,3.130909,-3.7102,-0.0477,0.0,3.7105,7.1754,0.0659,0.0,0.0065,-0.2554,0.2884,5,0,1,1.98,Driving,False,-0.001,0.0,0.004,0.81,False,False,1,,,,NONE,False,Green,30.0
355,20.9881,16.05,371,Vehicle 2,vehicle,vehicle.tesla.model3,hero_1,11.8197,326.5406,0.002,0.0016,-0.0557,-179.3999,11.8197,-326.5406,3.131119,-3.3033,-0.0252,0.0,3.3033,8.1384,0.4487,-0.0,0.0611,-0.254,-0.4032,5,0,1,1.81,Driving,False,0.0,0.0,-0.007,1.0,False,False,1,,,,NONE,False,Green,30.0
356,21.0381,16.1,371,Vehicle 2,vehicle,vehicle.tesla.model3,hero_1,11.667,326.5395,0.0021,0.0032,-0.0671,-179.4212,11.667,-326.5395,3.131491,-2.8965,-0.0179,0.0,2.8966,8.1348,0.1456,-0.0,0.0165,-0.2074,-0.4144,5,0,1,1.66,Driving,False,0.001,0.0,-0.007,1.0,False,False,1,,,,NONE,False,Green,30.0
357,21.0881,16.15,371,Vehicle 2,vehicle,vehicle.tesla.model3,hero_1,11.5335,326.5386,0.0021,0.003,-0.0765,-179.4411,11.5335,-326.5386,3.131838,-2.5235,-0.0137,-0.0011,2.5235,7.4604,0.0852,-0.0216,-0.0077,-0.1672,-0.3844,5,0,1,1.52,Driving,False,0.002,0.0,-0.007,1.0,False,False,1,,,,NONE,False,Green,30.0
358,21.1381,16.2,371,Vehicle 2,vehicle,vehicle.tesla.model3,hero_1,11.4338,326.5379,0.0022,0.0018,-0.1003,-179.4552,11.4338,-326.5379,3.132084,-1.5332,-0.0083,-0.0009,1.5332,19.8057,0.1065,0.0037,-0.0223,-0.726,-0.1948,5,0,1,1.42,Driving,False,0.003,0.0,-0.007,1.0,False,False,1,,,,NONE,False,Green,30.0
359,21.1881,16.25,371,Vehicle 2,vehicle,vehicle.tesla.model3,hero_1,11.3971,326.5377,0.0024,0.0001,-0.1447,-179.4581,11.3971,-326.5377,3.132135,-0.22,-0.0012,-0.0003,0.22,26.2633,0.1437,0.0117,-0.0209,-0.9103,-0.0086,5,0,1,1.39,Driving,False,0.003,0.0,-0.0,0.7,False,False,1,,,,NONE,False,Green,30.0
360,21.2381,16.3,371,Vehicle 2,vehicle,vehicle.tesla.model3,hero_1,11.3958,326.5377,0.0025,-0.0008,-0.1574,-179.4583,11.3958,-326.5377,3.132138,0.0001,0.0001,-0.0002,0.0003,4.403,0.0251,0.0011,-0.0111,0.1546,-0.0,5,0,1,1.38,Driving,False,0.003,0.0,-0.0,0.7,False,False,1,,,,NONE,False,Green,30.0
361,21.2881,16.35,371,Vehicle 2,vehicle,vehicle.tesla.model3,hero_1,11.3957,326.5377,0.0023,-0.0009,-0.1363,-179.4583,11.3957,-326.5377,3.132138,0.0003,0.0,-0.0002,0.0004,0.0047,-0.0014,0.0,-0.0059,0.522,-0.0001,5,0,1,1.38,Driving,False,0.003,0.0,-0.0,0.7,False,False,1,,,,NONE,False,Green,30.0
362,21.3381,16.4,371,Vehicle 2,vehicle,vehicle.tesla.model3,hero_1,11.3955,326.5377,0.0022,-0.0009,-0.1091,-179.4583,11.3955,-326.5377,3.132138,0.0004,-0.0,-0.0002,0.0004,0.0002,-0.0005,0.0007,-0.0034,0.5352,-0.0,5,0,1,1.38,Driving,False,0.003,0.0,-0.0,0.7,False,False,1,,,,NONE,False,Green,30.0
363,21.3881,16.45,371,Vehicle 2,vehicle,vehicle.tesla.model3,hero_1,11.3954,326.5377,0.002,-0.0008,-0.0847,-179.4583,11.3954,-326.5377,3.132138,0.0003,0.0,-0.0002,0.0003,-0.0011,0.0002,0.0009,-0.0022,0.4503,-0.0001,5,0,1,1.38,Driving,False,0.003,0.0,-0.008,0.7,False,False,1,,,,NONE,False,Green,30.0
364,21.4381,16.5,371,Vehicle 2,vehicle,vehicle.tesla.model3,hero_1,11.3952,326.5377,0.0019,-0.0007,-0.0652,-179.4583,11.3952,-326.5377,3.132138,0.0002,0.0,-0.0001,0.0003,-0.0013,-0.0,0.0007,-0.0015,0.3529,-0.0001,5,0,1,1.38,Driving,False,0.003,0.0,-0.008,0.7,False,False,1,,,,NONE,False,Green,30.0
365,21.4881,16.55,371,Vehicle 2,vehicle,vehicle.tesla.model3,hero_1,11.3952,326.5377,0.0018,-0.0006,-0.0501,-179.4583,11.3952,-326.5377,3.132138,0.0002,0.0,-0.0001,0.0002,-0.0011,-0.0,0.0007,-0.0011,0.2682,-0.0,5,0,1,1.38,Driving,False,0.003,0.0,-0.008,0.7,False,False,1,,,,NONE,False,Green,30.0
366,21.5381,16.6,371,Vehicle 2,vehicle,vehicle.tesla.model3,hero_1,11.3951,326.5377,0.0017,-0.0005,-0.0388,-179.4583,11.3951,-326.5377,3.132138,0.0001,-0.0,-0.0001,0.0002,-0.0009,-0.0,0.0005,-0.0008,0.2009,-0.0,5,0,1,1.38,Driving,False,0.003,0.0,-0.008,0.7,False,False,1,,,,NONE,False,Green,30.0
367,21.5881,16.65,371,Vehicle 2,vehicle,vehicle.tesla.model3,hero_1,11.395,326.5377,0.0017,-0.0005,-0.0304,-179.4583,11.395,-326.5377,3.132138,0.0001,0.0,-0.0001,0.0001,-0.0007,0.0,0.0004,-0.0006,0.1495,-0.0,5,0,1,1.38,Driving,False,0.003,0.0,-0.01,0.7,False,False,1,,,,NONE,False,Green,30.0
368,21.6381,16.7,371,Vehicle 2,vehicle,vehicle.tesla.model3,hero_1,11.395,326.5377,0.0017,-0.0005,-0.0266,-179.4583,11.395,-326.5377,3.132138,0.0,0.0,-0.0,0.0,-0.0012,-0.0,0.0008,-0.0002,0.0566,-0.0,5,0,1,1.38,Driving,False,0.003,0.0,-0.01,0.7,False,False,1,,,,NONE,False,Green,30.0
369,21.6881,16.75,371,Vehicle 2,vehicle,vehicle.tesla.model3,hero_1,11.395,326.5377,0.0016,-0.0005,-0.0229,-179.4583,11.395,-326.5377,3.132138,0.0001,0.0,-0.0,0.0001,0.0003,0.0,-0.0001,-0.0003,0.0782,-0.0,5,0,1,1.38,Driving,False,0.003,0.0,-0.01,0.7,False,False,1,,,,NONE,False,Green,30.0
370,21.7381,16.8,371,Vehicle 2,vehicle,vehicle.tesla.model3,hero_1,11.3949,326.5377,0.0016,-0.0004,-0.0192,-179.4583,11.3949,-326.5377,3.132138,0.0,0.0,-0.0,0.0001,-0.0001,-0.0,0.0001,-0.0003,0.0711,-0.0,5,0,1,1.38,Driving,False,0.003,0.0,-0.01,0.7,False,False,1,,,,NONE,False,Green,30.0
371,21.7881,16.85,371,Vehicle 2,vehicle,vehicle.tesla.model3,hero_1,11.3949,326.5377,0.0016,-0.0004,-0.016,-179.4583,11.3949,-326.5377,3.132138,0.0,0.0,-0.0,0.0,-0.0002,-0.0,-0.0,-0.0002,0.0574,-0.0,5,0,1,1.38,Driving,False,0.003,0.75,-0.011,0.0,False,False,1,,,,NONE,False,Green,30.0
372,21.8381,16.9,371,Vehicle 2,vehicle,vehicle.tesla.model3,hero_1,11.3937,326.5377,0.0016,-0.0004,-0.0122,-179.4586,11.3937,-326.5377,3.132143,-0.0786,-0.0001,-0.0001,0.0786,-1.5728,-0.0028,-0.001,0.0027,0.1514,-0.0244,5,0,1,1.38,Driving,False,0.003,0.75,-0.011,0.0,False,False,1,,,,NONE,False,Green,30.0
373,21.8881,16.95,371,Vehicle 2,vehicle,vehicle.tesla.model3,hero_1,11.3927,326.5377,0.0016,-0.0004,-0.0109,-179.4588,11.3927,-326.5377,3.132147,0.0215,0.0001,0.0,0.0215,2.0021,0.004,0.0013,-0.0023,-0.0539,0.0094,5,0,1,1.38,Driving,False,0.003,0.75,-0.011,0.0,False,False,1,,,,NONE,False,Green,30.0
374,21.9381,17.0,371,Vehicle 2,vehicle,vehicle.tesla.model3,hero_1,11.3901,326.5377,0.0015,-0.0003,-0.0081,-179.461,11.3901,-326.5377,3.132185,-0.0572,-0.0006,-0.0,0.0572,-1.5743,-0.0129,-0.0003,-0.0038,0.0339,-0.0404,5,0,1,1.38,Driving,False,0.003,0.75,-0.011,0.0,False,False,1,,,,NONE,False,Green,30.0
375,21.9881,17.05,371,Vehicle 2,vehicle,vehicle.tesla.model3,hero_1,11.3894,326.5376,0.0015,-0.0004,-0.0092,-179.4614,11.3894,-326.5376,3.132192,-0.0,0.0,-0.0,0.0,1.144,0.0119,0.0,-0.0008,-0.0175,-0.0,5,0,1,1.38,Driving,False,0.003,0.0,-0.012,0.7,False,False,1,,,,NONE,False,Green,30.0
376,22.0381,17.1,371,Vehicle 2,vehicle,vehicle.tesla.model3,hero_1,11.3894,326.5376,0.0015,-0.0004,-0.0092,-179.4614,11.3894,-326.5376,3.132192,0.0,0.0,-0.0,0.0,0.0003,-0.0001,0.0002,-0.0002,0.0053,-0.0,5,0,1,1.38,Driving,False,0.003,0.0,-0.012,0.7,False,False,1,,,,NONE,False,Green,30.0
377,22.0881,17.15,371,Vehicle 2,vehicle,vehicle.tesla.model3,hero_1,11.3894,326.5376,0.0015,-0.0004,-0.0088,-179.4614,11.3894,-326.5376,3.132192,0.0,-0.0,-0.0,0.0,0.0001,-0.0,0.0001,-0.0,0.0105,-0.0,5,0,1,1.38,Driving,False,0.003,0.0,-0.012,0.7,False,False,1,,,,NONE,False,Green,30.0
378,22.1381,17.2,371,Vehicle 2,vehicle,vehicle.tesla.model3,hero_1,11.3894,326.5376,0.0015,-0.0004,-0.0083,-179.4614,11.3894,-326.5376,3.132192,0.0,-0.0,-0.0,0.0,-0.0,-0.0,0.0,0.0001,0.0102,-0.0,5,0,1,1.38,Driving,False,0.003,0.0,-0.012,0.7,False,False,1,,,,NONE,False,Green,30.0
379,22.1881,17.25,371,Vehicle 2,vehicle,vehicle.tesla.model3,hero_1,11.3894,326.5376,0.0015,-0.0004,-0.0078,-179.4614,11.3894,-326.5376,3.132192,0.0,-0.0,0.0,0.0,-0.0,-0.0,0.0,0.0001,0.0085,-0.0,5,0,1,1.38,Driving,False,0.003,0.75,-0.014,0.0,False,False,1,,,,NONE,False,Green,30.0
380,22.2381,17.3,371,Vehicle 2,vehicle,vehicle.tesla.model3,hero_1,11.3879,326.5376,0.0015,-0.0003,-0.0059,-179.4619,11.3879,-326.5376,3.132201,-0.0847,-0.0,-0.0001,0.0847,-1.6942,-0.0002,-0.0011,0.0039,0.1168,-0.0315,5,0,1,1.38,Driving,False,0.003,0.75,-0.014,0.0,False,False,1,,,,NONE,False,Green,30.0
381,22.2881,17.35,371,Vehicle 2,vehicle,vehicle.tesla.model3,hero_1,11.3867,326.5376,0.0015,-0.0003,-0.0061,-179.4622,11.3867,-326.5376,3.132206,0.0154,0.0,0.0,0.0154,2.0017,0.0007,0.0013,-0.0028,-0.0822,0.0093,5,0,1,1.38,Driving,False,0.003,0.75,-0.014,0.0,False,False,1,,,,NONE,False,Green,30.0
382,22.3381,17.4,371,Vehicle 2,vehicle,vehicle.tesla.model3,hero_1,11.3829,326.5376,0.0015,-0.0002,-0.0037,-179.468,11.3829,-326.5376,3.132308,-0.1128,-0.0003,-0.0001,0.1128,-2.5627,-0.0059,-0.0019,0.0021,0.077,0.4589,5,0,1,1.37,Driving,False,0.003,0.75,-0.014,0.0,False,False,1,,,,NONE,False,Green,30.0
383,22.3881,17.45,371,Vehicle 2,vehicle,vehicle.tesla.model3,hero_1,11.3741,326.5376,0.0015,0.0,0.0007,-179.4675,11.3741,-326.5376,3.132299,-0.214,0.0007,-0.0001,0.214,-2.0241,0.0194,-0.0006,0.0107,0.076,-0.2535,5,0,1,1.36,Driving,False,0.003,0.75,-0.015,0.0,False,False,1,,,,NONE,False,Green,30.0
384,22.4381,17.5,371,Vehicle 2,vehicle,vehicle.tesla.model3,hero_1,11.3598,326.5377,0.0014,0.0002,0.005,-179.4584,11.3598,-326.5377,3.13214,-0.3322,0.0,-0.0002,0.3322,-2.3655,-0.0135,-0.0015,-0.0035,0.0916,0.9451,5,0,1,1.35,Driving,False,0.003,0.75,-0.015,0.0,False,False,1,,,,NONE,False,Green,30.0
385,22.4881,17.55,371,Vehicle 2,vehicle,vehicle.tesla.model3,hero_1,11.3408,326.5376,0.0014,0.0005,0.0078,-179.4757,11.3408,-326.5376,3.132442,-0.4047,0.0005,-0.0003,0.4047,-1.449,0.0087,-0.0012,0.0002,0.0168,-0.4459,5,0,1,1.33,Driving,False,0.003,0.75,-0.015,0.0,False,False,1,,,,NONE,False,Green,30.0
386,22.5381,17.6,371,Vehicle 2,vehicle,vehicle.tesla.model3,hero_1,11.3147,326.5376,0.0014,0.0006,0.0121,-179.4693,11.3147,-326.5376,3.13233,-0.5841,0.0005,-0.0004,0.5841,-3.5879,0.0018,-0.0027,0.0036,0.0915,-0.0923,5,0,1,1.3,Driving,False,0.003,0.75,-0.015,0.0,False,False,1,,,,NONE,False,Green,30.0
387,22.5881,17.65,371,Vehicle 2,vehicle,vehicle.tesla.model3,hero_1,11.2833,326.5377,0.0013,0.0007,0.0137,-179.4698,11.2833,-326.5377,3.132339,-0.6729,0.0013,-0.0004,0.6729,-1.7773,0.0153,-0.0002,-0.0042,0.0225,0.6953,5,0,1,1.27,Driving,False,0.003,0.139,-0.017,0.0,False,False,1,,,,NONE,False,Green,30.0
388,22.6381,17.7,371,Vehicle 2,vehicle,vehicle.tesla.model3,hero_1,11.2474,326.5377,0.0013,0.0001,0.0135,-179.4777,11.2474,-326.5377,3.132477,-0.7577,0.0014,-0.0003,0.7577,-1.6951,0.0024,0.0016,-0.017,0.0054,-0.8799,5,0,1,1.24,Driving,False,0.003,0.139,-0.017,0.0,False,False,1,,,,NONE,False,Green,30.0
389,22.6881,17.75,371,Vehicle 2,vehicle,vehicle.tesla.model3,hero_1,11.2084,326.5377,0.0013,-0.0009,0.0118,-179.49,11.2084,-326.5377,3.132691,-0.7867,0.0018,-0.0003,0.7867,-0.5806,0.0081,0.0006,-0.026,-0.0684,-0.1787,5,0,1,1.2,Driving,False,0.003,0.139,-0.017,0.0,False,False,1,,,,NONE,False,Green,30.0
390,22.7381,17.8,371,Vehicle 2,vehicle,vehicle.tesla.model3,hero_1,11.168,326.5377,0.0013,-0.0021,0.0088,-179.5134,11.168,-326.5377,3.1331,-0.8495,0.0022,-0.0003,0.8495,-1.2547,0.0068,0.0002,-0.0234,-0.0111,-0.3855,5,0,1,1.16,Driving,False,0.003,0.139,-0.017,0.0,False,False,1,,,,NONE,False,Green,30.0
391,22.7881,17.85,371,Vehicle 2,vehicle,vehicle.tesla.model3,hero_1,11.1563,326.5376,0.0015,-0.0038,-0.0233,-179.5173,11.1563,-326.5376,3.133168,-0.0005,0.0002,0.0,0.0006,16.9793,-0.0394,0.0062,-0.0202,-0.5982,-0.0008,5,0,1,1.15,Driving,False,0.003,0.0,-0.005,0.7,False,False,1,,,,NONE,False,Green,30.0
392,22.8381,17.9,371,Vehicle 2,vehicle,vehicle.tesla.model3,hero_1,11.1564,326.5376,0.0016,-0.0044,-0.0357,-179.5173,11.1564,-326.5376,3.133168,-0.0001,0.0001,0.0,0.0001,0.009,-0.003,-0.0003,-0.0052,-0.0892,-0.0,5,0,1,1.15,Driving,False,0.003,0.0,-0.005,0.7,False,False,1,,,,NONE,False,Green,30.0
393,22.8881,17.95,371,Vehicle 2,vehicle,vehicle.tesla.model3,hero_1,11.1564,326.5376,0.0016,-0.0045,-0.0348,-179.5173,11.1564,-326.5376,3.133168,0.0,0.0,0.0,0.0,0.0021,-0.001,-0.0001,-0.0002,0.0629,0.0,5,0,1,1.15,Driving,False,0.003,0.0,-0.005,0.7,False,False,1,,,,NONE,False,Green,30.0
394,22.9381,18.0,371,Vehicle 2,vehicle,vehicle.tesla.model3,hero_1,11.1563,326.5376,0.0016,-0.0044,-0.0305,-179.5173,11.1563,-326.5376,3.133168,0.0001,0.0,0.0,0.0001,0.0004,-0.0003,-0.0,0.0011,0.0936,0.0,5,0,1,1.15,Driving,False,0.003,0.0,-0.005,0.7,False,False,1,,,,NONE,False,Green,30.0
395,22.9881,18.05,371,Vehicle 2,vehicle,vehicle.tesla.model3,hero_1,11.1563,326.5376,0.0015,-0.0043,-0.0259,-179.5173,11.1563,-326.5376,3.133168,0.0001,0.0,0.0,0.0001,-0.0001,0.0,-0.0001,0.0013,0.0864,0.0,5,0,1,1.15,Driving,False,0.003,0.57,-0.011,0.0,False,False,1,,,,NONE,False,Green,30.0
396,23.0381,18.1,371,Vehicle 2,vehicle,vehicle.tesla.model3,hero_1,11.1547,326.5376,0.0015,-0.0042,-0.0203,-179.5178,11.1547,-326.5376,3.133177,-0.0874,-0.0,-0.0,0.0874,-1.7501,-0.001,-0.0006,0.0012,0.1827,-0.0265,5,0,1,1.14,Driving,False,0.003,0.57,-0.011,0.0,False,False,1,,,,NONE,False,Green,30.0
397,23.0881,18.15,371,Vehicle 2,vehicle,vehicle.tesla.model3,hero_1,11.1533,326.5376,0.0015,-0.0042,-0.0179,-179.518,11.1533,-326.5376,3.13318,0.0135,0.0001,0.0,0.0135,2.0195,0.0021,0.0006,-0.0005,-0.0343,0.0076,5,0,1,1.14,Driving,False,0.003,0.57,-0.011,0.0,False,False,1,,,,NONE,False,Green,30.0
398,23.1381,18.2,371,Vehicle 2,vehicle,vehicle.tesla.model3,hero_1,11.1502,326.5376,0.0015,-0.0041,-0.0138,-179.521,11.1502,-326.5376,3.133233,-0.119,-0.0001,-0.0,0.119,-2.6505,-0.0025,-0.001,-0.0013,0.1547,-0.0923,5,0,1,1.14,Driving,False,0.003,0.57,-0.011,0.0,False,False,1,,,,NONE,False,Green,30.0
399,23.1881,18.25,371,Vehicle 2,vehicle,vehicle.tesla.model3,hero_1,11.1438,326.5375,0.0014,-0.0041,-0.0095,-179.5298,11.1438,-326.5375,3.133386,-0.1437,0.0007,-0.0,0.1437,-0.494,0.0156,0.0003,0.0045,0.0591,-1.1841,5,0,1,1.13,Driving,False,0.003,0.75,-0.01,0.0,False,False,1,,,,NONE,False,Green,30.0
400,23.2381,18.3,371,Vehicle 2,vehicle,vehicle.tesla.model3,hero_1,11.133,326.5375,0.0014,-0.0043,-0.0049,-179.5354,11.133,-326.5375,3.133484,-0.2612,-0.0004,-0.0001,0.2612,-2.3505,-0.0227,-0.0007,-0.0025,0.1166,-0.3521,5,0,1,1.12,Driving,False,0.003,0.75,-0.01,0.0,False,False,1,,,,NONE,False,Green,30.0
401,23.2881,18.35,371,Vehicle 2,vehicle,vehicle.tesla.model3,hero_1,11.1168,326.5375,0.0014,-0.0046,-0.0001,-179.5379,11.1168,-326.5375,3.133527,-0.3683,-0.0006,-0.0001,0.3683,-2.1415,-0.0029,-0.0008,-0.0064,0.1011,-0.7291,5,0,1,1.11,Driving,False,0.003,0.75,-0.01,0.0,False,False,1,,,,NONE,False,Green,30.0
402,23.3381,18.4,371,Vehicle 2,vehicle,vehicle.tesla.model3,hero_1,11.0931,326.5374,0.0013,-0.0049,0.0058,-179.5452,11.0931,-326.5374,3.133655,-0.5204,-0.0003,-0.0002,0.5204,-3.0411,0.0052,-0.001,-0.0069,0.0997,-0.5415,5,0,1,1.08,Driving,False,0.003,0.75,-0.01,0.0,False,False,1,,,,NONE,False,Green,30.0
403,23.3881,18.45,371,Vehicle 2,vehicle,vehicle.tesla.model3,hero_1,11.0648,326.5373,0.0013,-0.006,0.0083,-179.5376,11.0648,-326.5373,3.133522,-0.6299,-0.0035,-0.0002,0.6299,-2.1911,-0.0648,-0.0014,-0.0256,0.0796,0.5016,5,0,1,1.05,Driving,False,0.003,0.046,-0.005,0.0,False,False,1,,,,NONE,False,Green,30.0
404,23.4381,18.5,371,Vehicle 2,vehicle,vehicle.tesla.model3,hero_1,11.0319,326.5372,0.0013,-0.0068,0.009,-179.545,11.0319,-326.5372,3.133651,-0.6723,-0.0025,-0.0002,0.6723,-0.8484,0.0201,-0.0004,-0.0167,-0.0269,-0.1423,5,0,1,1.02,Driving,False,0.003,0.046,-0.005,0.0,False,False,1,,,,NONE,False,Green,30.0
405,23.4881,18.55,371,Vehicle 2,vehicle,vehicle.tesla.model3,hero_1,10.9968,326.5369,0.0013,-0.0079,0.0071,-179.5488,10.9968,-326.5369,3.133718,-0.7234,-0.0038,-0.0003,0.7234,-1.0208,-0.0257,-0.0003,-0.0217,-0.028,0.3516,5,0,1,0.99,Driving,False,0.004,0.046,-0.005,0.0,False,False,1,,,,NONE,False,Green,30.0
406,23.5381,18.6,371,Vehicle 2,vehicle,vehicle.tesla.model3,hero_1,10.9613,326.5366,0.0013,-0.0089,0.0034,-179.5604,10.9613,-326.5366,3.13392,-0.6974,-0.0036,-0.0002,0.6974,0.5186,0.005,0.0002,-0.0146,-0.1056,-0.5158,5,0,1,0.95,Driving,False,0.004,0.046,-0.005,0.0,False,False,1,,,,NONE,False,Green,30.0
407,23.5881,18.65,371,Vehicle 2,vehicle,vehicle.tesla.model3,hero_1,10.9511,326.5367,0.0015,-0.0092,-0.0248,-179.5535,10.9511,-326.5367,3.1338,-0.0005,0.0,-0.0,0.0005,13.9397,0.0717,0.0048,0.0003,-0.5232,-0.0007,5,0,1,0.94,Driving,False,0.004,0.0,-0.007,0.7,False,False,1,,,,NONE,False,Green,30.0
408,23.6381,18.7,371,Vehicle 2,vehicle,vehicle.tesla.model3,hero_1,10.9512,326.5367,0.0015,-0.0093,-0.0355,-179.5535,10.9512,-326.5367,3.1338,-0.0,0.0,-0.0,0.0001,0.0081,0.0,0.0001,0.0001,-0.0755,-0.0,5,0,1,0.94,Driving,False,0.004,0.0,-0.007,0.7,False,False,1,,,,NONE,False,Green,30.0
409,23.6881,18.75,371,Vehicle 2,vehicle,vehicle.tesla.model3,hero_1,10.9512,326.5367,0.0015,-0.0093,-0.0346,-179.5535,10.9512,-326.5367,3.1338,0.0,0.0,-0.0,0.0,0.0018,-0.0,0.0,-0.0001,0.0578,-0.0,5,0,1,0.94,Driving,False,0.004,0.0,-0.007,0.7,False,False,1,,,,NONE,False,Green,30.0
410,23.7381,18.8,371,Vehicle 2,vehicle,vehicle.tesla.model3,hero_1,10.9512,326.5367,0.0015,-0.0092,-0.0307,-179.5535,10.9512,-326.5367,3.1338,0.0001,0.0,-0.0,0.0001,0.0004,-0.0,0.0,-0.0,0.0843,0.0,5,0,1,0.94,Driving,False,0.004,0.0,-0.007,0.7,False,False,1,,,,NONE,False,Green,30.0
411,23.7881,18.85,371,Vehicle 2,vehicle,vehicle.tesla.model3,hero_1,10.9511,326.5367,0.0015,-0.0092,-0.0266,-179.5535,10.9511,-326.5367,3.1338,0.0001,0.0,-0.0,0.0001,-0.0001,0.0,-0.0,-0.0001,0.0775,0.0,5,0,1,0.94,Driving,False,0.004,0.75,-0.009,0.0,False,False,1,,,,NONE,False,Green,30.0
412,23.8381,18.9,371,Vehicle 2,vehicle,vehicle.tesla.model3,hero_1,10.9495,326.5367,0.0014,-0.0092,-0.0215,-179.5539,10.9495,-326.5367,3.133807,-0.0865,-0.0001,-0.0,0.0865,-1.732,-0.0026,-0.0006,-0.0006,0.1749,-0.0207,5,0,1,0.94,Driving,False,0.004,0.75,-0.009,0.0,False,False,1,,,,NONE,False,Green,30.0
413,23.8881,18.95,371,Vehicle 2,vehicle,vehicle.tesla.model3,hero_1,10.9482,326.5367,0.0014,-0.0092,-0.0193,-179.5541,10.9482,-326.5367,3.13381,0.0142,0.0001,0.0,0.0142,2.0142,0.0038,0.0008,-0.0009,-0.0396,0.006,5,0,1,0.94,Driving,False,0.004,0.75,-0.009,0.0,False,False,1,,,,NONE,False,Green,30.0
414,23.9381,19.0,371,Vehicle 2,vehicle,vehicle.tesla.model3,hero_1,10.9446,326.5366,0.0014,-0.0093,-0.0153,-179.5589,10.9446,-326.5366,3.133894,-0.1063,-0.0005,-0.0,0.1063,-2.4089,-0.0108,-0.0009,-0.0035,0.1065,0.4663,5,0,1,0.93,Driving,False,0.004,0.75,-0.009,0.0,False,False,1,,,,NONE,False,Green,30.0
415,23.9881,19.05,371,Vehicle 2,vehicle,vehicle.tesla.model3,hero_1,10.9441,326.5366,0.0014,-0.0093,-0.0168,-179.5603,10.9441,-326.5366,3.133918,-0.0,0.0,0.0,0.0,2.1254,0.0096,0.0009,-0.0001,-0.0167,-0.0,5,0,1,0.93,Driving,False,0.004,0.0,-0.009,0.7,False,False,1,,,,NONE,False,Green,30.0
416,24.0381,19.1,371,Vehicle 2,vehicle,vehicle.tesla.model3,hero_1,10.9441,326.5366,0.0014,-0.0093,-0.0167,-179.5603,10.9441,-326.5366,3.133918,0.0,0.0,0.0,0.0,0.0004,-0.0,-0.0001,0.0,0.0102,-0.0,5,0,1,0.93,Driving,False,0.004,0.0,-0.009,0.7,False,False,1,,,,NONE,False,Green,30.0
417,24.0881,19.15,371,Vehicle 2,vehicle,vehicle.tesla.model3,hero_1,10.9441,326.5366,0.0014,-0.0093,-0.016,-179.5603,10.9441,-326.5366,3.133918,0.0,0.0,-0.0,0.0,0.0001,-0.0,-0.0,-0.0001,0.0158,-0.0,5,0,1,0.93,Driving,False,0.004,0.0,-0.009,0.7,False,False,1,,,,NONE,False,Green,30.0
418,24.1381,19.2,371,Vehicle 2,vehicle,vehicle.tesla.model3,hero_1,10.9441,326.5366,0.0014,-0.0093,-0.0152,-179.5603,10.9441,-326.5366,3.133918,0.0,0.0,-0.0,0.0,-0.0,-0.0,-0.0,0.0,0.0147,-0.0,5,0,1,0.93,Driving,False,0.004,0.0,-0.009,0.7,False,False,1,,,,NONE,False,Green,30.0
419,24.1881,19.25,371,Vehicle 2,vehicle,vehicle.tesla.model3,hero_1,10.9441,326.5366,0.0014,-0.0093,-0.0146,-179.5603,10.9441,-326.5366,3.133918,0.0,0.0,-0.0,0.0,-0.0,0.0,0.0,0.0,0.0119,-0.0,5,0,1,0.93,Driving,False,0.004,0.0,-0.011,0.7,False,False,1,,,,NONE,False,Green,30.0
420,24.2381,19.3,371,Vehicle 2,vehicle,vehicle.tesla.model3,hero_1,10.9441,326.5366,0.0014,-0.0093,-0.0141,-179.5603,10.9441,-326.5366,3.133918,0.0,0.0,-0.0,0.0,-0.0,0.0,-0.0,0.0,0.0092,-0.0,5,0,1,0.93,Driving,False,0.004,0.0,-0.011,0.7,False,False,1,,,,NONE,False,Green,30.0
421,24.2881,19.35,371,Vehicle 2,vehicle,vehicle.tesla.model3,hero_1,10.9441,326.5366,0.0014,-0.0093,-0.0137,-179.5603,10.9441,-326.5366,3.133918,0.0,0.0,-0.0,0.0,-0.0,-0.0,0.0,-0.0001,0.0069,-0.0,5,0,1,0.93,Driving,False,0.004,0.0,-0.011,0.7,False,False,1,,,,NONE,False,Green,30.0
422,24.3381,19.4,371,Vehicle 2,vehicle,vehicle.tesla.model3,hero_1,10.9441,326.5366,0.0014,-0.0093,-0.0134,-179.5603,10.9441,-326.5366,3.133918,0.0,0.0,-0.0,0.0,-0.0,-0.0,0.0,-0.0,0.0052,-0.0,5,0,1,0.93,Driving,False,0.004,0.0,-0.011,0.7,False,False,1,,,,NONE,False,Green,30.0
423,24.3881,19.45,371,Vehicle 2,vehicle,vehicle.tesla.model3,hero_1,10.9441,326.5366,0.0014,-0.0093,-0.0132,-179.5603,10.9441,-326.5366,3.133918,0.0,0.0,-0.0,0.0,-0.0,-0.0,0.0,0.0,0.002,-0.0,5,0,1,0.93,Driving,False,0.004,0.0,-0.014,0.7,False,False,1,,,,NONE,False,Green,30.0
424,24.4381,19.5,371,Vehicle 2,vehicle,vehicle.tesla.model3,hero_1,10.9441,326.5366,0.0014,-0.0093,-0.0131,-179.5603,10.9441,-326.5366,3.133918,0.0,0.0,-0.0,0.0,0.0,0.0,0.0,0.0,0.0027,-0.0,5,0,1,0.93,Driving,False,0.004,0.0,-0.014,0.7,False,False,1,,,,NONE,False,Green,30.0
425,24.4881,19.55,371,Vehicle 2,vehicle,vehicle.tesla.model3,hero_1,10.9441,326.5366,0.0014,-0.0093,-0.013,-179.5603,10.9441,-326.5366,3.133918,0.0,0.0,-0.0,0.0,-0.0,-0.0,-0.0,-0.0,0.0024,-0.0,5,0,1,0.93,Driving,False,0.004,0.0,-0.014,0.7,False,False,1,,,,NONE,False,Green,30.0
426,24.5381,19.6,371,Vehicle 2,vehicle,vehicle.tesla.model3,hero_1,10.9441,326.5366,0.0014,-0.0093,-0.013,-179.5603,10.9441,-326.5366,3.133918,0.0,0.0,-0.0,0.0,-0.0,-0.0,0.0,-0.0,0.002,-0.0,5,0,1,0.93,Driving,False,0.004,0.0,-0.014,0.7,False,False,1,,,,NONE,False,Green,30.0
427,24.5881,19.65,371,Vehicle 2,vehicle,vehicle.tesla.model3,hero_1,10.9441,326.5366,0.0014,-0.0093,-0.0128,-179.5603,10.9441,-326.5366,3.133918,0.0,0.0,-0.0,0.0,-0.0,0.0,0.0,-0.0,0.0016,-0.0,5,0,1,0.93,Driving,False,0.004,0.0,-0.012,0.7,False,False,1,,,,NONE,False,Green,30.0
428,24.6381,19.7,371,Vehicle 2,vehicle,vehicle.tesla.model3,hero_1,10.9441,326.5366,0.0014,-0.0093,-0.0128,-179.5603,10.9441,-326.5366,3.133918,0.0,0.0,-0.0,0.0,-0.0,-0.0,-0.0,0.0,0.0012,-0.0,5,0,1,0.93,Driving,False,0.004,0.0,-0.012,0.7,False,False,1,,,,NONE,False,Green,30.0
429,24.6881,19.75,371,Vehicle 2,vehicle,vehicle.tesla.model3,hero_1,10.9441,326.5366,0.0014,-0.0093,-0.0127,-179.5603,10.9441,-326.5366,3.133918,-0.0,0.0,-0.0,0.0,-0.0,-0.0,0.0,-0.0,0.0009,-0.0,5,0,1,0.93,Driving,False,0.004,0.0,-0.012,0.7,False,False,1,,,,NONE,False,Green,30.0
430,24.7381,19.8,371,Vehicle 2,vehicle,vehicle.tesla.model3,hero_1,10.9441,326.5366,0.0014,-0.0093,-0.0127,-179.5603,10.9441,-326.5366,3.133918,-0.0,0.0,-0.0,0.0,-0.0,0.0,0.0,-0.0,0.0007,-0.0,5,0,1,0.93,Driving,False,0.004,0.0,-0.012,0.7,False,False,1,,,,NONE,False,Green,30.0
431,24.7881,19.85,371,Vehicle 2,vehicle,vehicle.tesla.model3,hero_1,10.9441,326.5366,0.0014,-0.0093,-0.0127,-179.5603,10.9441,-326.5366,3.133918,0.0,0.0,0.0,0.0,0.0,-0.0002,0.0,0.0,0.0,0.0,5,0,1,0.93,Driving,False,0.004,0.0,-0.012,0.7,False,False,1,,,,NONE,False,Green,30.0
432,24.8381,19.9,371,Vehicle 2,vehicle,vehicle.tesla.model3,hero_1,10.9441,326.5366,0.0014,-0.0093,-0.0127,-179.5603,10.9441,-326.5366,3.133918,-0.0,0.0,-0.0,0.0,-0.0,0.0002,-0.0,0.0001,0.0003,-0.0,5,0,1,0.93,Driving,False,0.004,0.0,-0.012,0.7,False,False,1,,,,NONE,False,Green,30.0
433,24.8881,19.95,371,Vehicle 2,vehicle,vehicle.tesla.model3,hero_1,10.9441,326.5366,0.0014,-0.0093,-0.0127,-179.5603,10.9441,-326.5366,3.133918,-0.0,0.0,-0.0,0.0,0.0,0.0,-0.0,0.0,0.0003,-0.0,5,0,1,0.93,Driving,False,0.004,0.0,-0.012,0.7,False,False,1,,,,NONE,False,Green,30.0
434,24.9381,20.0,371,Vehicle 2,vehicle,vehicle.tesla.model3,hero_1,10.9441,326.5366,0.0014,-0.0093,-0.0127,-179.5603,10.9441,-326.5366,3.133918,-0.0,0.0,-0.0,0.0,-0.0,0.0,-0.0,-0.0,0.0002,-0.0,5,0,1,0.93,Driving,False,0.004,0.0,-0.012,0.7,False,False,1,,,,NONE,False,Green,30.0
435,24.9881,20.05,371,Vehicle 2,vehicle,vehicle.tesla.model3,hero_1,10.9441,326.5366,0.0014,-0.0093,-0.0127,-179.5603,10.9441,-326.5366,3.133918,-0.0,0.0,-0.0,0.0,0.0,-0.0002,0.0,-0.0,0.0002,0.0,5,0,1,0.93,Driving,False,0.004,0.0,-0.014,0.7,False,False,1,,,,NONE,False,Green,30.0
436,25.0381,20.1,371,Vehicle 2,vehicle,vehicle.tesla.model3,hero_1,10.9441,326.5366,0.0014,-0.0093,-0.0127,-179.5603,10.9441,-326.5366,3.133918,-0.0,0.0,-0.0,0.0,-0.0,0.0,-0.0,-0.0001,0.0001,0.0,5,0,1,0.93,Driving,False,0.004,0.0,-0.014,0.7,False,False,1,,,,NONE,False,Green,30.0
437,25.0881,20.15,371,Vehicle 2,vehicle,vehicle.tesla.model3,hero_1,10.9441,326.5366,0.0014,-0.0093,-0.0127,-179.5603,10.9441,-326.5366,3.133918,-0.0,0.0,-0.0,0.0,-0.0,-0.0,0.0,-0.0,0.0001,0.0,5,0,1,0.93,Driving,False,0.004,0.0,-0.014,0.7,False,False,1,,,,NONE,False,Green,30.0
438,25.1381,20.2,371,Vehicle 2,vehicle,vehicle.tesla.model3,hero_1,10.9441,326.5366,0.0014,-0.0093,-0.0127,-179.5603,10.9441,-326.5366,3.133918,-0.0,0.0,-0.0,0.0,-0.0,0.0,0.0,-0.0,0.0001,0.0,5,0,1,0.93,Driving,False,0.004,0.0,-0.014,0.7,False,False,1,,,,NONE,False,Green,30.0
439,25.1881,20.25,371,Vehicle 2,vehicle,vehicle.tesla.model3,hero_1,10.9441,326.5366,0.0014,-0.0093,-0.0127,-179.5603,10.9441,-326.5366,3.133918,-0.0,0.0,-0.0,0.0,-0.0,-0.0,-0.0,-0.0,0.0,0.0,5,0,1,0.93,Driving,False,0.004,0.0,-0.01,0.7,False,False,1,,,,NONE,False,Green,30.0
440,25.2381,20.3,371,Vehicle 2,vehicle,vehicle.tesla.model3,hero_1,10.9441,326.5366,0.0014,-0.0093,-0.0127,-179.5603,10.9441,-326.5366,3.133918,-0.0,0.0,-0.0,0.0,0.0,0.0,0.0,0.0,0.0001,0.0,5,0,1,0.93,Driving,False,0.004,0.0,-0.01,0.7,False,False,1,,,,NONE,False,Green,30.0
441,25.2881,20.35,371,Vehicle 2,vehicle,vehicle.tesla.model3,hero_1,10.9441,326.5366,0.0014,-0.0093,-0.0127,-179.5603,10.9441,-326.5366,3.133918,-0.0,0.0,-0.0,0.0,-0.0,0.0,-0.0,0.0,0.0,0.0,5,0,1,0.93,Driving,False,0.004,0.0,-0.01,0.7,False,False,1,,,,NONE,False,Green,30.0
442,25.3381,20.4,371,Vehicle 2,vehicle,vehicle.tesla.model3,hero_1,10.9441,326.5366,0.0014,-0.0093,-0.0127,-179.5603,10.9441,-326.5366,3.133918,-0.0,0.0,-0.0,0.0,-0.0,0.0,-0.0,0.0,0.0,0.0,5,0,1,0.93,Driving,False,0.004,0.0,-0.01,0.7,False,False,1,,,,NONE,False,Green,30.0
443,25.3881,20.45,371,Vehicle 2,vehicle,vehicle.tesla.model3,hero_1,10.9441,326.5366,0.0014,-0.0093,-0.0127,-179.5603,10.9441,-326.5366,3.133918,-0.0,0.0,-0.0,0.0,-0.0,0.0,0.0,-0.0001,0.0,0.0,5,0,1,0.93,Driving,False,0.004,0.0,-0.014,0.7,False,False,1,,,,NONE,False,Green,30.0
444,25.4381,20.5,371,Vehicle 2,vehicle,vehicle.tesla.model3,hero_1,10.9441,326.5366,0.0014,-0.0093,-0.0127,-179.5603,10.9441,-326.5366,3.133918,-0.0,0.0,-0.0,0.0,-0.0,-0.0,-0.0,0.0,-0.0,0.0,5,0,1,0.93,Driving,False,0.004,0.0,-0.014,0.7,False,False,1,,,,NONE,False,Green,30.0
445,25.4881,20.55,371,Vehicle 2,vehicle,vehicle.tesla.model3,hero_1,10.9441,326.5366,0.0014,-0.0093,-0.0127,-179.5603,10.9441,-326.5366,3.133918,-0.0,0.0,-0.0,0.0,0.0,0.0,-0.0,0.0,0.0,0.0,5,0,1,0.93,Driving,False,0.004,0.0,-0.014,0.7,False,False,1,,,,NONE,False,Green,30.0
446,25.5381,20.6,371,Vehicle 2,vehicle,vehicle.tesla.model3,hero_1,10.9441,326.5366,0.0014,-0.0093,-0.0127,-179.5603,10.9441,-326.5366,3.133918,-0.0,0.0,-0.0,0.0,0.0,-0.0,-0.0,0.0,0.0,0.0,5,0,1,0.93,Driving,False,0.004,0.0,-0.014,0.7,False,False,1,,,,NONE,False,Green,30.0
447,25.5881,20.65,371,Vehicle 2,vehicle,vehicle.tesla.model3,hero_1,10.9441,326.5366,0.0014,-0.0093,-0.0127,-179.5603,10.9441,-326.5366,3.133918,-0.0,0.0,-0.0,0.0,-0.0,0.0,0.0,-0.0,0.0,0.0,5,0,1,0.93,Driving,False,0.004,0.0,-0.012,0.7,False,False,1,,,,NONE,False,Green,30.0
448,25.6381,20.7,371,Vehicle 2,vehicle,vehicle.tesla.model3,hero_1,10.9441,326.5366,0.0014,-0.0093,-0.0127,-179.5603,10.9441,-326.5366,3.133918,-0.0,0.0,-0.0,0.0,0.0,-0.0,0.0,0.0,0.0,0.0,5,0,1,0.93,Driving,False,0.004,0.0,-0.012,0.7,False,False,1,,,,NONE,False,Green,30.0
449,25.6881,20.75,371,Vehicle 2,vehicle,vehicle.tesla.model3,hero_1,10.9441,326.5366,0.0014,-0.0093,-0.0127,-179.5603,10.9441,-326.5366,3.133918,-0.0,0.0,-0.0,0.0,-0.0,0.0,-0.0,0.0,0.0,0.0,5,0,1,0.93,Driving,False,0.004,0.0,-0.012,0.7,False,False,1,,,,NONE,False,Green,30.0
450,25.7381,20.8,371,Vehicle 2,vehicle,vehicle.tesla.model3,hero_1,10.9441,326.5366,0.0014,-0.0093,-0.0127,-179.5603,10.9441,-326.5366,3.133918,-0.0,0.0,-0.0,0.0,0.0,-0.0,-0.0,-0.0,0.0,0.0,5,0,1,0.93,Driving,False,0.004,0.0,-0.012,0.7,False,False,1,,,,NONE,False,Green,30.0
451,25.7881,20.85,371,Vehicle 2,vehicle,vehicle.tesla.model3,hero_1,10.9441,326.5366,0.0014,-0.0093,-0.0127,-179.5603,10.9441,-326.5366,3.133918,-0.0,0.0,-0.0,0.0,0.0,-0.0,0.0,-0.0,0.0,0.0,5,0,1,0.93,Driving,False,0.004,0.0,-0.014,0.7,False,False,1,,,,NONE,False,Green,30.0
452,25.8381,20.9,371,Vehicle 2,vehicle,vehicle.tesla.model3,hero_1,10.9441,326.5366,0.0014,-0.0093,-0.0127,-179.5603,10.9441,-326.5366,3.133918,-0.0,0.0,-0.0,0.0,0.0,-0.0,-0.0,-0.0,0.0,0.0,5,0,1,0.93,Driving,False,0.004,0.0,-0.014,0.7,False,False,1,,,,NONE,False,Green,30.0
453,25.8881,20.95,371,Vehicle 2,vehicle,vehicle.tesla.model3,hero_1,10.9441,326.5366,0.0014,-0.0093,-0.0127,-179.5603,10.9441,-326.5366,3.133918,-0.0,0.0,-0.0,0.0,-0.0,0.0,0.0,-0.0,-0.0,0.0,5,0,1,0.93,Driving,False,0.004,0.0,-0.014,0.7,False,False,1,,,,NONE,False,Green,30.0
454,25.9381,21.0,371,Vehicle 2,vehicle,vehicle.tesla.model3,hero_1,10.9441,326.5366,0.0014,-0.0093,-0.0127,-179.5603,10.9441,-326.5366,3.133918,-0.0,0.0,-0.0,0.0,0.0,0.0,-0.0,-0.0,-0.0,0.0,5,0,1,0.93,Driving,False,0.004,0.0,-0.014,0.7,False,False,1,,,,NONE,False,Green,30.0
455,25.9881,21.05,371,Vehicle 2,vehicle,vehicle.tesla.model3,hero_1,10.9441,326.5366,0.0014,-0.0093,-0.0127,-179.5603,10.9441,-326.5366,3.133918,-0.0,0.0,-0.0,0.0,-0.0,-0.0,-0.0,-0.0,-0.0,0.0,5,0,1,0.93,Driving,False,0.004,0.0,-0.012,0.7,False,False,1,,,,NONE,False,Green,30.0
456,26.0381,21.1,371,Vehicle 2,vehicle,vehicle.tesla.model3,hero_1,10.9441,326.5366,0.0014,-0.0093,-0.0127,-179.5603,10.9441,-326.5366,3.133918,-0.0,0.0,-0.0,0.0,-0.0,-0.0,-0.0,0.0,-0.0,0.0,5,0,1,0.93,Driving,False,0.004,0.0,-0.012,0.7,False,False,1,,,,NONE,False,Green,30.0
457,26.0881,21.15,371,Vehicle 2,vehicle,vehicle.tesla.model3,hero_1,10.9441,326.5366,0.0014,-0.0093,-0.0127,-179.5603,10.9441,-326.5366,3.133918,-0.0,0.0,-0.0,0.0,-0.0,0.0,-0.0,-0.0,-0.0,0.0,5,0,1,0.93,Driving,False,0.004,0.0,-0.012,0.7,False,False,1,,,,NONE,False,Green,30.0
458,26.1381,21.2,371,Vehicle 2,vehicle,vehicle.tesla.model3,hero_1,10.9441,326.5366,0.0014,-0.0093,-0.0127,-179.5603,10.9441,-326.5366,3.133918,-0.0,0.0,-0.0,0.0,0.0,-0.0,0.0,0.0,-0.0,0.0,5,0,1,0.93,Driving,False,0.004,0.0,-0.012,0.7,False,False,1,,,,NONE,False,Green,30.0
459,26.1881,21.25,371,Vehicle 2,vehicle,vehicle.tesla.model3,hero_1,10.9441,326.5366,0.0014,-0.0093,-0.0127,-179.5603,10.9441,-326.5366,3.133918,-0.0,0.0,-0.0,0.0,-0.0,-0.0,-0.0,0.0,-0.0,0.0,5,0,1,0.93,Driving,False,0.004,0.0,-0.015,0.7,False,False,1,,,,NONE,False,Green,30.0
460,26.2381,21.3,371,Vehicle 2,vehicle,vehicle.tesla.model3,hero_1,10.9441,326.5366,0.0014,-0.0093,-0.0127,-179.5603,10.9441,-326.5366,3.133918,-0.0,0.0,0.0,0.0,-0.0,-0.0,0.0,0.0,-0.0,0.0,5,0,1,0.93,Driving,False,0.004,0.0,-0.015,0.7,False,False,1,,,,NONE,False,Green,30.0
461,26.2881,21.35,371,Vehicle 2,vehicle,vehicle.tesla.model3,hero_1,10.9441,326.5366,0.0014,-0.0093,-0.0127,-179.5603,10.9441,-326.5366,3.133918,-0.0,0.0,-0.0,0.0,0.0,0.0,-0.0,-0.0,0.0,0.0,5,0,1,0.93,Driving,False,0.004,0.0,-0.015,0.7,False,False,1,,,,NONE,False,Green,30.0
462,26.3381,21.4,371,Vehicle 2,vehicle,vehicle.tesla.model3,hero_1,10.9441,326.5366,0.0014,-0.0093,-0.0127,-179.5603,10.9441,-326.5366,3.133918,-0.0,0.0,-0.0,0.0,-0.0,-0.0,-0.0,0.0,-0.0,0.0,5,0,1,0.93,Driving,False,0.004,0.0,-0.015,0.7,False,False,1,,,,NONE,False,Green,30.0
463,26.3881,21.45,371,Vehicle 2,vehicle,vehicle.tesla.model3,hero_1,10.9441,326.5366,0.0014,-0.0093,-0.0127,-179.5603,10.9441,-326.5366,3.133918,-0.0,0.0,-0.0,0.0,0.0,0.0,0.0,-0.0,0.0,0.0,5,0,1,0.93,Driving,False,0.004,0.0,-0.014,0.7,False,False,1,,,,NONE,False,Green,30.0
464,26.4381,21.5,371,Vehicle 2,vehicle,vehicle.tesla.model3,hero_1,10.9441,326.5366,0.0014,-0.0093,-0.0127,-179.5603,10.9441,-326.5366,3.133918,-0.0,0.0,-0.0,0.0,-0.0,-0.0,-0.0,-0.0,0.0,0.0,5,0,1,0.93,Driving,False,0.004,0.0,-0.014,0.7,False,False,1,,,,NONE,False,Green,30.0
465,26.4881,21.55,371,Vehicle 2,vehicle,vehicle.tesla.model3,hero_1,10.9441,326.5366,0.0014,-0.0093,-0.0127,-179.5603,10.9441,-326.5366,3.133918,-0.0,0.0,0.0,0.0,-0.0,-0.0,0.0,0.0,-0.0,0.0,5,0,1,0.93,Driving,False,0.004,0.0,-0.014,0.7,False,False,1,,,,NONE,False,Green,30.0
466,26.5381,21.6,371,Vehicle 2,vehicle,vehicle.tesla.model3,hero_1,10.9441,326.5366,0.0014,-0.0093,-0.0127,-179.5603,10.9441,-326.5366,3.133918,-0.0,0.0,0.0,0.0,-0.0,0.0,0.0,0.0,-0.0,0.0,5,0,1,0.93,Driving,False,0.004,0.0,-0.014,0.7,False,False,1,,,,NONE,False,Green,30.0
467,26.5881,21.65,371,Vehicle 2,vehicle,vehicle.tesla.model3,hero_1,10.9441,326.5366,0.0014,-0.0093,-0.0127,-179.5603,10.9441,-326.5366,3.133918,-0.0,0.0,0.0,0.0,-0.0,0.0,0.0,0.0,-0.0,0.0,5,0,1,0.93,Driving,False,0.004,0.0,-0.014,0.7,False,False,1,,,,NONE,False,Green,30.0
468,26.6381,21.7,371,Vehicle 2,vehicle,vehicle.tesla.model3,hero_1,10.9441,326.5366,0.0014,-0.0093,-0.0127,-179.5603,10.9441,-326.5366,3.133918,-0.0,0.0,0.0,0.0,-0.0,-0.0,0.0,0.0,-0.0,0.0,5,0,1,0.93,Driving,False,0.004,0.0,-0.014,0.7,False,False,1,,,,NONE,False,Green,30.0
469,26.6881,21.75,371,Vehicle 2,vehicle,vehicle.tesla.model3,hero_1,10.9441,326.5366,0.0014,-0.0093,-0.0127,-179.5603,10.9441,-326.5366,3.133918,-0.0,0.0,0.0,0.0,-0.0,0.0,-0.0,0.0,-0.0,0.0,5,0,1,0.93,Driving,False,0.004,0.0,-0.014,0.7,False,False,1,,,,NONE,False,Green,30.0
470,26.7381,21.8,371,Vehicle 2,vehicle,vehicle.tesla.model3,hero_1,10.9441,326.5366,0.0014,-0.0093,-0.0127,-179.5603,10.9441,-326.5366,3.133918,-0.0,0.0,0.0,0.0,0.0,0.0,-0.0,0.0,-0.0,0.0,5,0,1,0.93,Driving,False,0.004,0.0,-0.014,0.7,False,False,1,,,,NONE,False,Green,30.0
471,26.7881,21.85,371,Vehicle 2,vehicle,vehicle.tesla.model3,hero_1,10.9441,326.5366,0.0014,-0.0093,-0.0127,-179.5603,10.9441,-326.5366,3.133918,-0.0,0.0,-0.0,0.0,-0.0,0.0,-0.0,0.0,-0.0,0.0,5,0,1,0.93,Driving,False,0.004,0.0,-0.013,0.7,False,False,1,,,,NONE,False,Green,30.0
472,26.8381,21.9,371,Vehicle 2,vehicle,vehicle.tesla.model3,hero_1,10.9441,326.5366,0.0014,-0.0093,-0.0127,-179.5603,10.9441,-326.5366,3.133918,-0.0,0.0,-0.0,0.0,0.0,0.0,-0.0,0.0,-0.0,0.0,5,0,1,0.93,Driving,False,0.004,0.0,-0.013,0.7,False,False,1,,,,NONE,False,Green,30.0
473,26.8881,21.95,371,Vehicle 2,vehicle,vehicle.tesla.model3,hero_1,10.9441,326.5366,0.0014,-0.0093,-0.0127,-179.5603,10.9441,-326.5366,3.133918,0.0,0.0,0.0,0.0,0.0,-0.0,0.0,0.0,0.0,0.0,5,0,1,0.93,Driving,False,0.004,0.0,-0.013,0.7,False,False,1,,,,NONE,False,Green,30.0
474,26.9381,22.0,371,Vehicle 2,vehicle,vehicle.tesla.model3,hero_1,10.9441,326.5366,0.0014,-0.0093,-0.0127,-179.5603,10.9441,-326.5366,3.133918,-0.0,0.0,-0.0,0.0,-0.0,0.0,-0.0,0.0,0.0,0.0,5,0,1,0.93,Driving,False,0.004,0.0,-0.013,0.7,False,False,1,,,,NONE,False,Green,30.0
475,26.9881,22.05,371,Vehicle 2,vehicle,vehicle.tesla.model3,hero_1,10.9441,326.5366,0.0014,-0.0093,-0.0127,-179.5603,10.9441,-326.5366,3.133918,-0.0,0.0,-0.0,0.0,0.0,-0.0,-0.0,-0.0,0.0,0.0,5,0,1,0.93,Driving,False,0.004,0.0,-0.014,0.7,False,False,1,,,,NONE,False,Green,30.0
476,27.0381,22.1,371,Vehicle 2,vehicle,vehicle.tesla.model3,hero_1,10.9441,326.5366,0.0014,-0.0093,-0.0127,-179.5603,10.9441,-326.5366,3.133918,-0.0,0.0,-0.0,0.0,0.0,0.0,-0.0,-0.0,0.0,0.0,5,0,1,0.93,Driving,False,0.004,0.0,-0.014,0.7,False,False,1,,,,NONE,False,Green,30.0
477,27.0881,22.15,371,Vehicle 2,vehicle,vehicle.tesla.model3,hero_1,10.9441,326.5366,0.0014,-0.0093,-0.0127,-179.5603,10.9441,-326.5366,3.133918,-0.0,0.0,-0.0,0.0,0.0,0.0,-0.0,-0.0,0.0,0.0,5,0,1,0.93,Driving,False,0.004,0.0,-0.014,0.7,False,False,1,,,,NONE,False,Green,30.0
478,27.1381,22.2,371,Vehicle 2,vehicle,vehicle.tesla.model3,hero_1,10.9441,326.5366,0.0014,-0.0093,-0.0127,-179.5603,10.9441,-326.5366,3.133918,-0.0,0.0,-0.0,0.0,0.0,0.0,-0.0,-0.0,0.0,0.0,5,0,1,0.93,Driving,False,0.004,0.0,-0.014,0.7,False,False,1,,,,NONE,False,Green,30.0
479,27.1881,22.25,371,Vehicle 2,vehicle,vehicle.tesla.model3,hero_1,10.9441,326.5366,0.0014,-0.0093,-0.0127,-179.5603,10.9441,-326.5366,3.133918,-0.0,0.0,-0.0,0.0,0.0,0.0,-0.0,-0.0,0.0,0.0,5,0,1,0.93,Driving,False,0.004,0.0,-0.013,0.7,False,False,1,,,,NONE,False,Green,30.0
480,27.2381,22.3,371,Vehicle 2,vehicle,vehicle.tesla.model3,hero_1,10.9441,326.5366,0.0014,-0.0093,-0.0127,-179.5603,10.9441,-326.5366,3.133918,-0.0,0.0,-0.0,0.0,-0.0,-0.0,-0.0,-0.0,0.0,0.0,5,0,1,0.93,Driving,False,0.004,0.0,-0.013,0.7,False,False,1,,,,NONE,False,Green,30.0
481,27.2881,22.35,371,Vehicle 2,vehicle,vehicle.tesla.model3,hero_1,10.9441,326.5366,0.0014,-0.0093,-0.0127,-179.5603,10.9441,-326.5366,3.133918,-0.0,0.0,-0.0,0.0,-0.0,-0.0,0.0,-0.0,0.0,0.0,5,0,1,0.93,Driving,False,0.004,0.0,-0.013,0.7,False,False,1,,,,NONE,False,Green,30.0
482,27.3381,22.4,371,Vehicle 2,vehicle,vehicle.tesla.model3,hero_1,10.9441,326.5366,0.0014,-0.0093,-0.0127,-179.5603,10.9441,-326.5366,3.133918,-0.0,0.0,0.0,0.0,-0.0,-0.0,0.0,0.0,-0.0,0.0,5,0,1,0.93,Driving,False,0.004,0.0,-0.013,0.7,False,False,1,,,,NONE,False,Green,30.0
483,27.3881,22.45,371,Vehicle 2,vehicle,vehicle.tesla.model3,hero_1,10.9441,326.5366,0.0014,-0.0093,-0.0127,-179.5603,10.9441,-326.5366,3.133918,-0.0,0.0,0.0,0.0,0.0,-0.0,0.0,0.0,-0.0,0.0,5,0,1,0.93,Driving,False,0.004,0.0,-0.015,0.7,False,False,1,,,,NONE,False,Green,30.0
484,27.4381,22.5,371,Vehicle 2,vehicle,vehicle.tesla.model3,hero_1,10.9441,326.5366,0.0014,-0.0093,-0.0127,-179.5603,10.9441,-326.5366,3.133918,-0.0,0.0,0.0,0.0,-0.0,-0.0,0.0,0.0,-0.0,0.0,5,0,1,0.93,Driving,False,0.004,0.0,-0.015,0.7,False,False,1,,,,NONE,False,Green,30.0
485,27.4881,22.55,371,Vehicle 2,vehicle,vehicle.tesla.model3,hero_1,10.9441,326.5366,0.0014,-0.0093,-0.0127,-179.5603,10.9441,-326.5366,3.133918,-0.0,0.0,0.0,0.0,-0.0,-0.0,0.0,0.0,-0.0,0.0,5,0,1,0.93,Driving,False,0.004,0.0,-0.015,0.7,False,False,1,,,,NONE,False,Green,30.0
486,27.5381,22.6,371,Vehicle 2,vehicle,vehicle.tesla.model3,hero_1,10.9441,326.5366,0.0014,-0.0093,-0.0127,-179.5603,10.9441,-326.5366,3.133918,-0.0,0.0,-0.0,0.0,-0.0,0.0,-0.0,0.0,-0.0,0.0,5,0,1,0.93,Driving,False,0.004,0.0,-0.015,0.7,False,False,1,,,,NONE,False,Green,30.0
487,27.5881,22.65,371,Vehicle 2,vehicle,vehicle.tesla.model3,hero_1,10.9441,326.5366,0.0014,-0.0093,-0.0127,-179.5603,10.9441,-326.5366,3.133918,-0.0,0.0,-0.0,0.0,-0.0,0.0,-0.0,0.0,-0.0,0.0,5,0,1,0.93,Driving,False,0.004,0.0,-0.013,0.7,False,False,1,,,,NONE,False,Green,30.0
488,27.6381,22.7,371,Vehicle 2,vehicle,vehicle.tesla.model3,hero_1,10.9441,326.5366,0.0014,-0.0093,-0.0127,-179.5603,10.9441,-326.5366,3.133918,-0.0,0.0,-0.0,0.0,0.0,0.0,-0.0,0.0,-0.0,0.0,5,0,1,0.93,Driving,False,0.004,0.0,-0.013,0.7,False,False,1,,,,NONE,False,Green,30.0
489,27.6881,22.75,371,Vehicle 2,vehicle,vehicle.tesla.model3,hero_1,10.9441,326.5366,0.0014,-0.0093,-0.0127,-179.5603,10.9441,-326.5366,3.133918,-0.0,0.0,-0.0,0.0,0.0,0.0,-0.0,-0.0,-0.0,0.0,5,0,1,0.93,Driving,False,0.004,0.0,-0.013,0.7,False,False,1,,,,NONE,False,Green,30.0
490,27.7381,22.8,371,Vehicle 2,vehicle,vehicle.tesla.model3,hero_1,10.9441,326.5366,0.0014,-0.0093,-0.0127,-179.5603,10.9441,-326.5366,3.133918,-0.0,0.0,-0.0,0.0,0.0,-0.0,0.0,0.0,0.0,0.0,5,0,1,0.93,Driving,False,0.004,0.0,-0.013,0.7,False,False,1,,,,NONE,False,Green,30.0
491,27.7881,22.85,371,Vehicle 2,vehicle,vehicle.tesla.model3,hero_1,10.9441,326.5366,0.0014,-0.0093,-0.0127,-179.5603,10.9441,-326.5366,3.133918,-0.0,0.0,-0.0,0.0,-0.0,0.0,-0.0,0.0,0.0,0.0,5,0,1,0.93,Driving,False,0.004,0.0,-0.015,0.7,False,False,1,,,,NONE,False,Green,30.0
492,27.8381,22.9,371,Vehicle 2,vehicle,vehicle.tesla.model3,hero_1,10.9441,326.5366,0.0014,-0.0093,-0.0127,-179.5603,10.9441,-326.5366,3.133918,-0.0,0.0,-0.0,0.0,0.0,0.0,-0.0,-0.0,0.0,0.0,5,0,1,0.93,Driving,False,0.004,0.0,-0.015,0.7,False,False,1,,,,NONE,False,Green,30.0
493,27.8881,22.95,371,Vehicle 2,vehicle,vehicle.tesla.model3,hero_1,10.9441,326.5366,0.0014,-0.0093,-0.0127,-179.5603,10.9441,-326.5366,3.133918,-0.0,0.0,-0.0,0.0,0.0,0.0,-0.0,-0.0,0.0,0.0,5,0,1,0.93,Driving,False,0.004,0.0,-0.015,0.7,False,False,1,,,,NONE,False,Green,30.0
494,27.9381,23.0,371,Vehicle 2,vehicle,vehicle.tesla.model3,hero_1,10.9441,326.5366,0.0014,-0.0093,-0.0127,-179.5603,10.9441,-326.5366,3.133918,-0.0,0.0,-0.0,0.0,0.0,0.0,-0.0,-0.0,0.0,0.0,5,0,1,0.93,Driving,False,0.004,0.0,-0.015,0.7,False,False,1,,,,NONE,False,Green,30.0
495,27.9881,23.05,371,Vehicle 2,vehicle,vehicle.tesla.model3,hero_1,10.9441,326.5366,0.0014,-0.0093,-0.0127,-179.5603,10.9441,-326.5366,3.133918,-0.0,0.0,-0.0,0.0,-0.0,0.0,-0.0,-0.0,0.0,0.0,5,0,1,0.93,Driving,False,0.004,0.0,-0.013,0.7,False,False,1,,,,NONE,False,Green,30.0
496,28.0381,23.1,371,Vehicle 2,vehicle,vehicle.tesla.model3,hero_1,10.9441,326.5366,0.0014,-0.0093,-0.0127,-179.5603,10.9441,-326.5366,3.133918,-0.0,0.0,-0.0,0.0,-0.0,-0.0,0.0,-0.0,0.0,0.0,5,0,1,0.93,Driving,False,0.004,0.0,-0.013,0.7,False,False,1,,,,NONE,False,Green,30.0
497,28.0881,23.15,371,Vehicle 2,vehicle,vehicle.tesla.model3,hero_1,10.9441,326.5366,0.0014,-0.0093,-0.0127,-179.5603,10.9441,-326.5366,3.133918,-0.0,0.0,-0.0,0.0,-0.0,-0.0,0.0,-0.0,0.0,0.0,5,0,1,0.93,Driving,False,0.004,0.0,-0.013,0.7,False,False,1,,,,NONE,False,Green,30.0
498,28.1381,23.2,371,Vehicle 2,vehicle,vehicle.tesla.model3,hero_1,10.9441,326.5366,0.0014,-0.0093,-0.0127,-179.5603,10.9441,-326.5366,3.133918,-0.0,0.0,-0.0,0.0,-0.0,-0.0,0.0,-0.0,-0.0,0.0,5,0,1,0.93,Driving,False,0.004,0.0,-0.013,0.7,False,False,1,,,,NONE,False,Green,30.0
499,28.1881,23.25,371,Vehicle 2,vehicle,vehicle.tesla.model3,hero_1,10.9441,326.5366,0.0014,-0.0093,-0.0127,-179.5603,10.9441,-326.5366,3.133918,-0.0,0.0,-0.0,0.0,0.0,-0.0,0.0,0.0,0.0,0.0,5,0,1,0.93,Driving,False,0.004,0.0,-0.015,0.7,False,False,1,,,,NONE,False,Green,30.0
500,28.2381,23.3,371,Vehicle 2,vehicle,vehicle.tesla.model3,hero_1,10.9441,326.5366,0.0014,-0.0093,-0.0127,-179.5603,10.9441,-326.5366,3.133918,-0.0,0.0,-0.0,0.0,-0.0,0.0,0.0,0.0,-0.0,0.0,5,0,1,0.93,Driving,False,0.004,0.0,-0.015,0.7,False,False,1,,,,NONE,False,Green,30.0
501,28.2881,23.35,371,Vehicle 2,vehicle,vehicle.tesla.model3,hero_1,10.9441,326.5366,0.0014,-0.0093,-0.0127,-179.5603,10.9441,-326.5366,3.133918,-0.0,0.0,-0.0,0.0,-0.0,-0.0,0.0,0.0,-0.0,0.0,5,0,1,0.93,Driving,False,0.004,0.0,-0.015,0.7,False,False,1,,,,NONE,False,Green,30.0
502,28.3381,23.4,371,Vehicle 2,vehicle,vehicle.tesla.model3,hero_1,10.9441,326.5366,0.0014,-0.0093,-0.0127,-179.5603,10.9441,-326.5366,3.133918,-0.0,0.0,-0.0,0.0,-0.0,-0.0,0.0,0.0,-0.0,0.0,5,0,1,0.93,Driving,False,0.004,0.0,-0.015,0.7,False,False,1,,,,NONE,False,Green,30.0
503,28.3881,23.45,371,Vehicle 2,vehicle,vehicle.tesla.model3,hero_1,10.9441,326.5366,0.0014,-0.0093,-0.0127,-179.5603,10.9441,-326.5366,3.133918,-0.0,0.0,-0.0,0.0,-0.0,0.0,-0.0,0.0,-0.0,0.0,5,0,1,0.93,Driving,False,0.004,0.0,-0.011,0.7,False,False,1,,,,NONE,False,Green,30.0
504,28.4381,23.5,371,Vehicle 2,vehicle,vehicle.tesla.model3,hero_1,10.9441,326.5366,0.0014,-0.0093,-0.0127,-179.5603,10.9441,-326.5366,3.133918,-0.0,0.0,-0.0,0.0,0.0,0.0,-0.0,0.0,-0.0,0.0,5,0,1,0.93,Driving,False,0.004,0.0,-0.011,0.7,False,False,1,,,,NONE,False,Green,30.0
505,28.4881,23.55,371,Vehicle 2,vehicle,vehicle.tesla.model3,hero_1,10.9441,326.5366,0.0014,-0.0093,-0.0127,-179.5603,10.9441,-326.5366,3.133918,-0.0,0.0,-0.0,0.0,0.0,0.0,-0.0,0.0,-0.0,0.0,5,0,1,0.93,Driving,False,0.004,0.0,-0.011,0.7,False,False,1,,,,NONE,False,Green,30.0
506,28.5381,23.6,371,Vehicle 2,vehicle,vehicle.tesla.model3,hero_1,10.9441,326.5366,0.0014,-0.0093,-0.0127,-179.5603,10.9441,-326.5366,3.133918,-0.0,0.0,-0.0,0.0,0.0,0.0,-0.0,-0.0,-0.0,0.0,5,0,1,0.93,Driving,False,0.004,0.0,-0.011,0.7,False,False,1,,,,NONE,False,Green,30.0
507,28.5881,23.65,371,Vehicle 2,vehicle,vehicle.tesla.model3,hero_1,10.9441,326.5366,0.0014,-0.0093,-0.0127,-179.5603,10.9441,-326.5366,3.133918,-0.0,0.0,-0.0,0.0,0.0,-0.0,0.0,0.0,0.0,0.0,5,0,1,0.93,Driving,False,0.004,0.0,-0.014,0.7,False,False,1,,,,NONE,False,Green,30.0
508,28.6381,23.7,371,Vehicle 2,vehicle,vehicle.tesla.model3,hero_1,10.9441,326.5366,0.0014,-0.0093,-0.0127,-179.5603,10.9441,-326.5366,3.133918,-0.0,0.0,-0.0,0.0,0.0,0.0,-0.0,0.0,0.0,0.0,5,0,1,0.93,Driving,False,0.004,0.0,-0.014,0.7,False,False,1,,,,NONE,False,Green,30.0
509,28.6881,23.75,371,Vehicle 2,vehicle,vehicle.tesla.model3,hero_1,10.9441,326.5366,0.0014,-0.0093,-0.0127,-179.5603,10.9441,-326.5366,3.133918,-0.0,0.0,-0.0,0.0,0.0,0.0,-0.0,-0.0,0.0,0.0,5,0,1,0.93,Driving,False,0.004,0.0,-0.014,0.7,False,False,1,,,,NONE,False,Green,30.0
510,28.7381,23.8,371,Vehicle 2,vehicle,vehicle.tesla.model3,hero_1,10.9441,326.5366,0.0014,-0.0093,-0.0127,-179.5603,10.9441,-326.5366,3.133918,-0.0,0.0,-0.0,0.0,0.0,0.0,-0.0,-0.0,0.0,0.0,5,0,1,0.93,Driving,False,0.004,0.0,-0.014,0.7,False,False,1,,,,NONE,False,Green,30.0
511,28.7881,23.85,371,Vehicle 2,vehicle,vehicle.tesla.model3,hero_1,10.9441,326.5366,0.0014,-0.0093,-0.0127,-179.5603,10.9441,-326.5366,3.133918,-0.0,0.0,-0.0,0.0,-0.0,0.0,-0.0,-0.0,0.0,0.0,5,0,1,0.93,Driving,False,0.004,0.0,-0.011,0.7,False,False,1,,,,NONE,False,Green,30.0
