frame,sim_time,t_rel,actor_id,name,category,type_id,role_name,x,y,z,roll,pitch,yaw,x_odr,y_odr,heading_odr_rad,vx,vy,vz,speed_mps,ax,ay,az,wx_dps,wy_dps,wz_dps,road_id,section_id,lane_id,s,lane_type,is_junction,lateral_offset_m,throttle,steer,brake,hand_brake,reverse,gear,walker_dir_x,walker_dir_y,walker_speed,light_state,at_traffic_light,traffic_light_state,speed_limit_kmh
34,4.9381,0.0,373,Vehicle 4,vehicle,vehicle.tesla.model3,hero_3,25.009,330.5476,0.0011,-0.0026,0.0012,0.0318,25.009,-330.5476,-0.000555,0.0,0.0001,0.0052,0.0052,-0.0,-0.0009,-0.0504,-0.0163,0.0073,0.0,5,0,-1,15.0,Driving,False,-0.0,0.0,0.0,0.0,False,False,0,,,,NONE,False,Green,30.0
35,4.9881,0.05,373,Vehicle 4,vehicle,vehicle.tesla.model3,hero_3,25.009,330.5476,0.0013,-0.0019,0.0009,0.0318,25.009,-330.5476,-0.000555,0.0,0.0001,0.0035,0.0035,-0.0,-0.0006,-0.0342,-0.012,0.0054,0.0,5,0,-1,15.0,Driving,False,-0.0,0.0,0.0,0.0,False,False,0,,,,NONE,False,Green,30.0
36,5.0381,0.1,373,Vehicle 4,vehicle,vehicle.tesla.model3,hero_3,25.009,330.5476,0.0014,-0.0014,0.0007,0.0318,25.009,-330.5476,-0.000555,0.0,0.0001,0.0023,0.0023,-0.0,-0.0005,-0.0231,-0.009,0.004,0.0,5,0,-1,15.0,Driving,False,-0.0,0.0,0.0,0.0,False,False,0,,,,NONE,False,Green,30.0
37,5.0881,0.15,373,Vehicle 4,vehicle,vehicle.tesla.model3,hero_3,25.009,330.5476,0.0014,-0.0014,0.0007,0.0318,25.009,-330.5476,-0.000555,0.0,0.0,0.0,0.0,-0.0001,-0.0013,-0.046,0.0,0.0,0.0,5,0,-1,15.0,Driving,False,-0.0,0.0,0.0,0.0,False,False,0,,,,NONE,False,Green,30.0
38,5.1381,0.2,373,Vehicle 4,vehicle,vehicle.tesla.model3,hero_3,25.009,330.5476,0.0014,-0.0014,0.0007,0.0318,25.009,-330.5476,-0.000555,0.0,0.0,0.0,0.0,0.0,0.0,0.0,0.0,0.0,0.0,5,0,-1,15.0,Driving,False,-0.0,0.0,0.0,0.0,False,False,0,,,,NONE,False,Green,30.0
39,5.1881,0.25,373,Vehicle 4,vehicle,vehicle.tesla.model3,hero_3,25.009,330.5476,0.0013,-0.0011,0.0005,0.0318,25.009,-330.5476,-0.000555,0.0,0.0,-0.0019,0.0019,0.0,0.0,-0.0387,-0.0043,0.0019,-0.0,5,0,-1,15.0,Driving,False,-0.0,0.75,0.009,0.0,False,False,0,,,,NONE,False,Green,30.0
40,5.2381,0.3,373,Vehicle 4,vehicle,vehicle.tesla.model3,hero_3,25.009,330.5476,0.0012,-0.0009,0.0004,0.0318,25.009,-330.5476,-0.000555,0.0,0.0,0.0004,0.0004,0.0,-0.0,0.0476,-0.0045,0.0021,0.0,5,0,-1,15.0,Driving,False,-0.0,0.75,0.009,0.0,False,False,0,,,,NONE,False,Green,30.0
41,5.2881,0.35,373,Vehicle 4,vehicle,vehicle.tesla.model3,hero_3,25.009,330.5476,0.0013,-0.0007,0.0003,0.0318,25.009,-330.5476,-0.000555,0.0,0.0,0.0013,0.0013,-0.0,-0.0,0.0176,-0.0039,0.0017,0.0,5,0,-1,15.0,Driving,False,-0.0,0.75,0.009,0.0,False,False,0,,,,NONE,False,Green,30.0
42,5.3381,0.4,373,Vehicle 4,vehicle,vehicle.tesla.model3,hero_3,25.009,330.5476,0.0014,-0.0005,0.0002,0.0318,25.009,-330.5476,-0.000555,0.0,0.0,0.0015,0.0015,-0.0,0.0,0.0032,-0.003,0.0014,0.0,5,0,-1,15.0,Driving,False,-0.0,0.75,0.009,0.0,False,False,0,,,,NONE,False,Green,30.0
43,5.3881,0.45,373,Vehicle 4,vehicle,vehicle.tesla.model3,hero_3,25.009,330.5476,0.0014,-0.0004,0.0002,0.0318,25.009,-330.5476,-0.000555,0.0,0.0,0.0013,0.0013,-0.0,0.0,-0.0028,-0.0023,0.0011,0.0,5,0,-1,15.0,Driving,False,-0.0,0.75,0.012,0.0,False,False,0,,,,NONE,False,Green,30.0
44,5.4381,0.5,373,Vehicle 4,vehicle,vehicle.tesla.model3,hero_3,25.009,330.5476,0.0015,-0.0004,0.0002,0.0318,25.009,-330.5476,-0.000555,0.0,0.0,0.0011,0.0011,-0.0,0.0,-0.0048,-0.0019,0.0008,0.0,5,0,-1,15.0,Driving,False,-0.0,0.75,0.012,0.0,False,False,0,,,,NONE,False,Green,30.0
45,5.4881,0.55,373,Vehicle 4,vehicle,vehicle.tesla.model3,hero_3,25.009,330.5476,0.0016,-0.0002,0.0001,0.0318,25.009,-330.5476,-0.000555,0.0,-0.0,0.0009,0.0009,-0.0,-0.0,-0.005,-0.0013,0.0006,0.0,5,0,-1,15.0,Driving,False,-0.0,0.75,0.012,0.0,False,False,0,,,,NONE,False,Green,30.0
46,5.5381,0.6,373,Vehicle 4,vehicle,vehicle.tesla.model3,hero_3,25.009,330.5476,0.0016,-0.0002,0.0001,0.0318,25.009,-330.5476,-0.000555,0.0,0.0,0.0006,0.0006,-0.0,0.0,-0.0043,-0.001,0.0004,0.0,5,0,-1,15.0,Driving,False,-0.0,0.75,0.012,0.0,False,False,0,,,,NONE,False,Green,30.0
47,5.5881,0.65,373,Vehicle 4,vehicle,vehicle.tesla.model3,hero_3,25.009,330.5476,0.0016,-0.0002,0.0001,0.0318,25.009,-330.5476,-0.000555,0.0,0.0,0.0002,0.0002,-0.0,0.0,-0.0086,-0.0005,0.0002,0.0,5,0,-1,15.0,Driving,False,-0.0,0.75,0.008,0.0,False,False,0,,,,NONE,False,Green,30.0
48,5.6381,0.7,373,Vehicle 4,vehicle,vehicle.tesla.model3,hero_3,25.009,330.5476,0.0016,-0.0001,0.0001,0.0318,25.009,-330.5476,-0.000555,0.0,0.0,0.0003,0.0003,0.0,-0.0,0.0015,-0.0006,0.0003,0.0,5,0,-1,15.0,Driving,False,-0.0,0.75,0.008,0.0,False,False,0,,,,NONE,False,Green,30.0
49,5.6881,0.75,373,Vehicle 4,vehicle,vehicle.tesla.model3,hero_3,25.009,330.5476,0.0016,-0.0001,0.0001,0.0318,25.009,-330.5476,-0.000555,0.0,-0.0,0.0003,0.0003,-0.0,-0.0,-0.0002,-0.0005,0.0002,0.0,5,0,-1,15.0,Driving,False,-0.0,0.75,0.008,0.0,False,False,0,,,,NONE,False,Green,30.0
50,5.7381,0.8,373,Vehicle 4,vehicle,vehicle.tesla.model3,hero_3,25.009,330.5476,0.0016,-0.0001,0.0001,0.0318,25.009,-330.5476,-0.000555,0.0,-0.0,0.0002,0.0002,-0.0,0.0,-0.0008,-0.0004,0.0002,0.0,5,0,-1,15.0,Driving,False,-0.0,0.75,0.008,0.0,False,False,0,,,,NONE,False,Green,30.0
51,5.7881,0.85,373,Vehicle 4,vehicle,vehicle.tesla.model3,hero_3,25.009,330.5476,0.0017,-0.0001,0.0001,0.0318,25.009,-330.5476,-0.000555,0.0,0.0,0.0002,0.0002,-0.0,0.0,-0.001,-0.0003,0.0002,0.0,5,0,-1,15.0,Driving,False,-0.0,0.75,0.01,0.0,False,False,0,,,,NONE,False,Green,30.0
52,5.8381,0.9,373,Vehicle 4,vehicle,vehicle.tesla.model3,hero_3,25.009,330.5476,0.0017,-0.0001,0.0001,0.0318,25.009,-330.5476,-0.000555,0.0,-0.0,0.0001,0.0001,-0.0,-0.0,-0.0009,-0.0002,0.0001,0.0,5,0,-1,15.0,Driving,False,-0.0,0.75,0.01,0.0,False,False,0,,,,NONE,False,Green,30.0
53,5.8881,0.95,373,Vehicle 4,vehicle,vehicle.tesla.model3,hero_3,25.009,330.5476,0.0017,-0.0001,0.0001,0.0318,25.009,-330.5476,-0.000555,0.0,-0.0,0.0001,0.0001,-0.0,-0.0,-0.0007,-0.0001,0.0001,0.0,5,0,-1,15.0,Driving,False,-0.0,0.75,0.01,0.0,False,False,0,,,,NONE,False,Green,30.0
54,5.9381,1.0,373,Vehicle 4,vehicle,vehicle.tesla.model3,hero_3,25.009,330.5476,0.0017,-0.0001,0.0001,0.0318,25.009,-330.5476,-0.000555,0.0,-0.0,0.0001,0.0001,0.0,0.0,-0.0006,-0.0001,0.0001,0.0,5,0,-1,15.0,Driving,False,-0.0,0.75,0.01,0.0,False,False,0,,,,NONE,False,Green,30.0
55,5.9881,1.05,373,Vehicle 4,vehicle,vehicle.tesla.model3,hero_3,25.009,330.5476,0.0017,-0.0001,0.0001,0.0318,25.009,-330.5476,-0.000555,0.0,0.0,0.0,0.0,-0.0,0.0,-0.0012,-0.0001,0.0,0.0,5,0,-1,15.0,Driving,False,-0.0,0.75,0.011,0.0,False,False,0,,,,NONE,False,Green,30.0
56,6.0381,1.1,373,Vehicle 4,vehicle,vehicle.tesla.model3,hero_3,25.009,330.5476,0.0017,-0.0001,0.0001,0.0318,25.009,-330.5476,-0.000555,-0.0,-0.0,0.0,0.0,-0.0,-0.0,0.0002,-0.0,-0.0,-0.0,5,0,-1,15.0,Driving,False,-0.0,0.75,0.011,0.0,False,False,0,,,,NONE,False,Green,30.0
57,6.0881,1.15,373,Vehicle 4,vehicle,vehicle.tesla.model3,hero_3,25.009,330.5476,0.0017,0.0,0.0,0.0318,25.009,-330.5476,-0.000555,0.0,-0.0,0.0,0.0,0.0,0.0,0.0,-0.0,0.0,0.0,5,0,-1,15.0,Driving,False,-0.0,0.75,0.011,0.0,False,False,0,,,,NONE,False,Green,30.0
58,6.1381,1.2,373,Vehicle 4,vehicle,vehicle.tesla.model3,hero_3,25.009,330.5476,0.0017,0.0,0.0,0.0318,25.009,-330.5476,-0.000555,0.0,-0.0,0.0,0.0,-0.0,-0.0,-0.0001,0.0,0.0,-0.0,5,0,-1,15.0,Driving,False,-0.0,0.75,0.011,0.0,False,False,0,,,,NONE,False,Green,30.0
59,6.1881,1.25,373,Vehicle 4,vehicle,vehicle.tesla.model3,hero_3,25.009,330.5476,0.0017,0.0,0.0,0.0318,25.009,-330.5476,-0.000555,0.0,0.0,0.0,0.0,0.0,0.0,-0.0001,-0.0001,0.0,0.0,5,0,-1,15.0,Driving,False,-0.0,0.75,0.011,0.0,False,False,0,,,,NONE,False,Green,30.0
60,6.2381,1.3,373,Vehicle 4,vehicle,vehicle.tesla.model3,hero_3,25.009,330.5476,0.0017,0.0,0.0,0.0318,25.009,-330.5476,-0.000555,0.0,0.0,0.0,0.0,-0.0,-0.0,-0.0001,-0.0,0.0,0.0,5,0,-1,15.0,Driving,False,-0.0,0.75,0.011,0.0,False,False,0,,,,NONE,False,Green,30.0
61,6.2881,1.35,373,Vehicle 4,vehicle,vehicle.tesla.model3,hero_3,25.009,330.5476,0.0017,0.0,0.0,0.0318,25.009,-330.5476,-0.000555,0.0,0.0,0.0,0.0,0.0,0.0,-0.0001,-0.0001,0.0,0.0,5,0,-1,15.0,Driving,False,-0.0,0.75,0.011,0.0,False,False,0,,,,NONE,False,Green,30.0
62,6.3381,1.4,373,Vehicle 4,vehicle,vehicle.tesla.model3,hero_3,25.009,330.5476,0.0017,0.0,0.0,0.0318,25.009,-330.5476,-0.000555,0.0,-0.0,0.0,0.0,-0.0,-0.0,-0.0001,0.0,0.0,0.0,5,0,-1,15.0,Driving,False,-0.0,0.75,0.011,0.0,False,False,0,,,,NONE,False,Green,30.0
63,6.3881,1.45,373,Vehicle 4,vehicle,vehicle.tesla.model3,hero_3,25.009,330.5476,0.0017,0.0,0.0,0.0318,25.009,-330.5476,-0.000555,0.0,0.0,0.0,0.0,0.0,0.0,-0.0001,-0.0,0.0,0.0,5,0,-1,15.0,Driving,False,-0.0,0.75,0.007,0.0,False,False,0,,,,NONE,False,Green,30.0
64,6.4381,1.5,373,Vehicle 4,vehicle,vehicle.tesla.model3,hero_3,25.009,330.5476,0.0017,0.0,0.0,0.0318,25.009,-330.5476,-0.000555,0.0,0.0,0.0,0.0,-0.0,-0.0,-0.0001,-0.0,0.0,0.0,5,0,-1,15.0,Driving,False,-0.0,0.75,0.007,0.0,False,False,0,,,,NONE,False,Green,30.0
65,6.4881,1.55,373,Vehicle 4,vehicle,vehicle.tesla.model3,hero_3,25.0179,330.5476,0.0016,-0.0002,0.0102,0.0339,25.0179,-330.5476,-0.000592,0.421,0.0021,0.0,0.421,8.4201,0.0411,0.0,0.0096,-0.4317,0.0982,5,0,-1,15.01,Driving,False,-0.0,0.75,0.007,0.0,False,False,0,,,,NONE,False,Green,30.0
66,6.5381,1.6,373,Vehicle 4,vehicle,vehicle.tesla.model3,hero_3,25.0558,330.5477,0.0015,-0.0006,0.0356,0.0463,25.0558,-330.5477,-0.000808,0.9813,0.0047,0.0,0.9813,11.2058,0.0522,-0.0,0.0118,-0.5404,-0.5716,5,0,-1,15.05,Driving,False,-0.0,0.75,0.007,0.0,False,False,1,,,,NONE,False,Green,30.0
67,6.5881,1.65,373,Vehicle 4,vehicle,vehicle.tesla.model3,hero_3,25.1147,330.5477,0.0014,-0.0,0.0532,0.0588,25.1147,-330.5477,-0.001026,1.3069,0.0,-0.0,1.3069,6.5122,-0.0928,-0.0,-0.0119,-0.2633,0.6544,5,0,-1,15.11,Driving,False,-0.0,0.75,-0.001,0.0,False,False,1,,,,NONE,False,Green,30.0
68,6.6381,1.7,373,Vehicle 4,vehicle,vehicle.tesla.model3,hero_3,25.1892,330.5477,0.0013,0.0003,0.0621,0.0625,25.1892,-330.5477,-0.001091,1.6119,-0.0,0.0,1.6119,6.0996,-0.0014,0.0,-0.0038,-0.1501,-0.1296,5,0,-1,15.18,Driving,False,-0.0,0.75,-0.001,0.0,False,False,1,,,,NONE,False,Green,30.0
69,6.6881,1.75,373,Vehicle 4,vehicle,vehicle.tesla.model3,hero_3,25.2755,330.5477,0.0013,0.0003,0.0639,0.0659,25.2755,-330.5477,-0.00115,1.7972,0.0004,-0.0,1.7972,3.707,0.0091,-0.0,0.0004,0.0336,-0.0796,5,0,-1,15.27,Driving,False,-0.0,0.75,-0.001,0.0,False,False,1,,,,NONE,False,Green,30.0
70,6.7381,1.8,373,Vehicle 4,vehicle,vehicle.tesla.model3,hero_3,25.3728,330.5477,0.0013,0.0003,0.0631,0.0631,25.3728,-330.5477,-0.001101,2.041,0.0004,0.0,2.041,4.8743,-0.001,0.0,-0.0001,0.0015,-0.0616,5,0,-1,15.36,Driving,False,-0.001,0.75,-0.001,0.0,False,False,1,,,,NONE,False,Green,30.0
71,6.7881,1.85,373,Vehicle 4,vehicle,vehicle.tesla.model3,hero_3,25.4786,330.5476,0.0013,0.0012,0.0594,0.0513,25.4786,-330.5476,-0.000895,2.1655,-0.0058,0.0,2.1655,2.4905,-0.1226,0.0,-0.017,0.1169,-0.2843,5,0,-1,15.47,Driving,False,-0.001,0.75,-0.006,0.0,False,False,1,,,,NONE,False,Green,30.0
72,6.8381,1.9,373,Vehicle 4,vehicle,vehicle.tesla.model3,hero_3,25.593,330.5473,0.0014,0.0018,0.0558,0.0357,25.593,-330.5473,-0.000623,2.3668,-0.0077,-0.0,2.3668,4.0262,-0.0394,-0.0,-0.0069,0.0401,-0.326,5,0,-1,15.58,Driving,False,-0.001,0.75,-0.006,0.0,False,False,1,,,,NONE,False,Green,30.0
73,6.8881,1.95,373,Vehicle 4,vehicle,vehicle.tesla.model3,hero_3,25.7145,330.547,0.0014,0.0019,0.0515,0.019,25.7145,-330.547,-0.000332,2.4732,-0.0089,0.0,2.4732,2.1276,-0.0234,0.0001,0.0001,0.1139,-0.3414,5,0,-1,15.71,Driving,False,-0.001,0.75,-0.006,0.0,False,False,1,,,,NONE,False,Green,30.0
74,6.9381,2.0,373,Vehicle 4,vehicle,vehicle.tesla.model3,hero_3,25.8436,330.5466,0.0014,0.0019,0.0484,0.0012,25.8436,-330.5466,-2.1e-05,2.6551,-0.0104,0.0,2.6551,3.6382,-0.0297,-0.0,0.0003,0.0317,-0.3635,5,0,-1,15.83,Driving,False,-0.002,0.75,-0.006,0.0,False,False,1,,,,NONE,False,Green,30.0
75,6.9881,2.05,373,Vehicle 4,vehicle,vehicle.tesla.model3,hero_3,25.9794,330.5461,0.0014,0.0023,0.045,-0.0223,25.9794,-330.5461,0.000389,2.7596,-0.0152,0.0,2.7596,2.0901,-0.0953,0.0,-0.0085,0.0865,-0.5109,5,0,-1,15.97,Driving,False,-0.002,0.75,-0.008,0.0,False,False,1,,,,NONE,False,Green,30.0
76,7.0381,2.1,373,Vehicle 4,vehicle,vehicle.tesla.model3,hero_3,26.1224,330.5453,0.0014,0.0026,0.0427,-0.0473,26.1224,-330.5453,0.000826,2.9177,-0.018,0.0,2.9177,3.1618,-0.0563,0.0,-0.0033,0.0362,-0.2655,5,0,-1,16.11,Driving,False,-0.003,0.75,-0.008,0.0,False,False,1,,,,NONE,False,Green,30.0
77,7.0881,2.15,373,Vehicle 4,vehicle,vehicle.tesla.model3,hero_3,26.2713,330.5446,0.0014,0.0027,0.0399,-0.0805,26.2713,-330.5446,0.001405,3.0184,-0.0201,0.0,3.0184,2.0139,-0.0416,-0.0001,-0.0003,0.0675,-0.8854,5,0,-1,16.26,Driving,False,-0.004,0.75,-0.008,0.0,False,False,1,,,,NONE,False,Green,30.0
78,7.1381,2.2,373,Vehicle 4,vehicle,vehicle.tesla.model3,hero_3,26.4266,330.5437,0.0015,0.0027,0.038,-0.1103,26.4266,-330.5437,0.001925,3.1647,-0.0228,-0.0,3.1647,2.9257,-0.0554,-0.0,-0.0003,0.0185,-0.4135,5,0,-1,16.42,Driving,False,-0.005,0.75,-0.008,0.0,False,False,1,,,,NONE,False,Green,30.0
79,7.1881,2.25,373,Vehicle 4,vehicle,vehicle.tesla.model3,hero_3,26.5881,330.5429,0.0015,0.0013,0.0365,-0.1326,26.5881,-330.5429,0.002314,3.2776,-0.0163,0.0,3.2776,2.2581,0.1297,0.0,0.0266,0.0378,-0.538,5,0,-1,16.58,Driving,False,-0.006,0.75,-0.003,0.0,False,False,1,,,,NONE,False,Green,30.0
80,7.2381,2.3,373,Vehicle 4,vehicle,vehicle.tesla.model3,hero_3,26.7564,330.5422,0.0015,0.0005,0.0357,-0.1452,26.7564,-330.5422,0.002534,3.4239,-0.0164,0.0,3.4239,2.9259,-0.0009,-0.0,0.0103,0.0024,-0.0888,5,0,-1,16.75,Driving,False,-0.007,0.75,-0.003,0.0,False,False,1,,,,NONE,False,Green,30.0
81,7.2881,2.35,373,Vehicle 4,vehicle,vehicle.tesla.model3,hero_3,26.9312,330.5416,0.0015,0.0003,0.035,-0.1605,26.9312,-330.5416,0.002801,3.5433,-0.0174,0.0,3.5434,2.3896,-0.0194,0.0,0.0008,0.0202,-0.428,5,0,-1,16.92,Driving,False,-0.007,0.75,-0.003,0.0,False,False,1,,,,NONE,False,Green,30.0
82,7.3381,2.4,373,Vehicle 4,vehicle,vehicle.tesla.model3,hero_3,27.1126,330.5406,0.0015,0.0004,0.0347,-0.1725,27.1126,-330.5406,0.003011,3.6859,-0.0188,-0.0,3.686,2.8514,-0.0291,-0.0001,-0.0024,-0.0013,-0.1596,5,0,-1,17.1,Driving,False,-0.009,0.75,-0.003,0.0,False,False,1,,,,NONE,False,Green,30.0
83,7.3881,2.45,373,Vehicle 4,vehicle,vehicle.tesla.model3,hero_3,27.3006,330.5404,0.0015,-0.0031,0.0344,-0.154,27.3006,-330.5404,0.002688,3.8106,0.0043,0.0,3.8106,2.4933,0.4613,0.0,0.0707,0.0098,0.5556,5,0,-1,17.29,Driving,False,-0.009,0.75,0.009,0.0,False,False,1,,,,NONE,False,Green,30.0
84,7.4381,2.5,373,Vehicle 4,vehicle,vehicle.tesla.model3,hero_3,27.4952,330.5407,0.0015,-0.0054,0.0341,-0.119,27.4952,-330.5407,0.002077,3.9433,0.0113,-0.0,3.9434,2.6554,0.1405,-0.0,0.0285,0.004,0.7384,5,0,-1,17.49,Driving,False,-0.009,0.75,0.009,0.0,False,False,1,,,,NONE,False,Green,30.0
85,7.4881,2.55,373,Vehicle 4,vehicle,vehicle.tesla.model3,hero_3,27.6961,330.5412,0.0015,-0.0059,0.0338,-0.0809,27.6961,-330.5412,0.001412,4.069,0.0153,-0.0,4.069,2.5123,0.0795,0.0,0.003,0.0082,0.7726,5,0,-1,17.69,Driving,False,-0.008,0.75,0.009,0.0,False,False,1,,,,NONE,False,Green,30.0
86,7.5381,2.6,373,Vehicle 4,vehicle,vehicle.tesla.model3,hero_3,27.9035,330.5418,0.0015,-0.0058,0.0335,-0.0414,27.9035,-330.5418,0.000723,4.1994,0.0189,-0.0,4.1994,2.6085,0.0726,-0.0,-0.0051,0.0034,0.7997,5,0,-1,17.89,Driving,False,-0.008,0.75,0.009,0.0,False,False,1,,,,NONE,False,Green,30.0
87,7.5881,2.65,373,Vehicle 4,vehicle,vehicle.tesla.model3,hero_3,28.1172,330.5427,0.0015,-0.006,0.0332,0.0044,28.1172,-330.5427,-7.7e-05,4.3251,0.0262,-0.0,4.3252,2.5142,0.1471,0.0,0.0047,0.0057,0.9624,5,0,-1,18.11,Driving,False,-0.007,0.75,0.011,0.0,False,False,1,,,,NONE,False,Green,30.0
88,7.6381,2.7,373,Vehicle 4,vehicle,vehicle.tesla.model3,hero_3,28.3373,330.5439,0.0015,-0.0061,0.033,0.0538,28.3373,-330.5439,-0.000939,4.4515,0.0314,0.0,4.4516,2.5289,0.1033,0.0,-0.0005,0.005,1.0036,5,0,-1,18.33,Driving,False,-0.006,0.75,0.011,0.0,False,False,1,,,,NONE,False,Green,30.0
89,7.6881,2.75,373,Vehicle 4,vehicle,vehicle.tesla.model3,hero_3,28.5636,330.5453,0.0015,-0.006,0.0327,0.105,28.5636,-330.5453,-0.001833,4.576,0.0363,0.0,4.5762,2.4895,0.0986,0.0,-0.0028,0.0054,1.0342,5,0,-1,18.55,Driving,False,-0.005,0.75,0.011,0.0,False,False,1,,,,NONE,False,Green,30.0
90,7.7381,2.8,373,Vehicle 4,vehicle,vehicle.tesla.model3,hero_3,28.7961,330.547,0.0015,-0.0059,0.0325,0.1575,28.7961,-330.547,-0.002749,4.6997,0.0415,0.0,4.6999,2.4737,0.1023,-0.0,-0.0026,0.0053,1.0597,5,0,-1,18.79,Driving,False,-0.003,0.75,0.011,0.0,False,False,1,,,,NONE,False,Green,30.0
91,7.7881,2.85,373,Vehicle 4,vehicle,vehicle.tesla.model3,hero_3,29.0348,330.548,0.0015,-0.0005,0.0322,0.1633,29.0348,-330.548,-0.00285,4.8227,0.0109,0.0,4.8227,2.4598,-0.6107,0.0,-0.1133,0.0047,-0.2252,5,0,-1,19.03,Driving,False,-0.002,0.75,-0.005,0.0,False,False,1,,,,NONE,False,Green,30.0
92,7.8381,2.9,373,Vehicle 4,vehicle,vehicle.tesla.model3,hero_3,29.2796,330.5483,0.0015,0.0034,0.032,0.1438,29.2796,-330.5483,-0.00251,4.9452,0.0021,0.0,4.9452,2.451,-0.1757,-0.0,-0.0539,0.0043,-0.451,5,0,-1,19.27,Driving,False,-0.002,0.75,-0.005,0.0,False,False,1,,,,NONE,False,Green,30.0
93,7.8881,2.95,373,Vehicle 4,vehicle,vehicle.tesla.model3,hero_3,29.5305,330.5484,0.0016,0.0049,0.0318,0.1195,29.5305,-330.5484,-0.002086,5.0672,-0.002,0.0058,5.0672,2.4398,-0.0822,0.1164,-0.0174,0.0046,-0.5003,5,0,-1,19.52,Driving,False,-0.002,0.75,-0.005,0.0,False,False,1,,,,NONE,False,Green,30.0
94,7.9381,3.0,373,Vehicle 4,vehicle,vehicle.tesla.model3,hero_3,29.7874,330.5484,0.0018,0.005,0.0314,0.0941,29.7874,-330.5484,-0.001642,5.1757,-0.0047,0.0019,5.1757,2.1703,-0.0543,-0.0793,0.0046,0.0233,-0.4926,5,0,-1,19.78,Driving,False,-0.002,0.75,-0.005,0.0,False,False,1,,,,NONE,False,Green,30.0
95,7.9881,3.05,373,Vehicle 4,vehicle,vehicle.tesla.model3,hero_3,30.0447,330.549,0.0019,0.0004,0.0251,0.1036,30.0447,-330.549,-0.001808,5.1417,0.0197,0.0002,5.1418,-0.6801,0.4874,-0.0332,0.107,0.133,0.5261,5,0,-1,20.04,Driving,False,-0.002,0.691,0.009,0.0,False,False,1,,,,NONE,False,Green,30.0
96,8.0381,3.1,373,Vehicle 4,vehicle,vehicle.tesla.model3,hero_3,30.3006,330.5501,0.0019,-0.0033,0.0182,0.1396,30.3006,-330.5501,-0.002436,5.1083,0.0298,-0.0004,5.1084,-0.6691,0.2028,-0.0122,0.0519,0.137,0.8056,5,0,-1,20.29,Driving,False,-0.001,0.691,0.009,0.0,False,False,1,,,,NONE,False,Green,30.0
97,8.0881,3.15,373,Vehicle 4,vehicle,vehicle.tesla.model3,hero_3,30.5571,330.5515,0.0019,-0.0052,0.0141,0.1858,30.5571,-330.5515,-0.003243,5.1479,0.0389,-0.0006,5.148,0.7917,0.1814,-0.003,0.0308,0.0446,0.9865,5,0,-1,20.55,Driving,False,0.001,0.691,0.009,0.0,False,False,1,,,,NONE,False,Green,30.0
98,8.1381,3.2,373,Vehicle 4,vehicle,vehicle.tesla.model3,hero_3,30.8149,330.5533,0.0019,-0.0059,0.012,0.2349,30.8149,-330.5533,-0.0041,5.1629,0.0436,-0.0005,5.1631,0.3003,0.094,0.0007,0.0021,0.043,0.9733,5,0,-1,20.81,Driving,False,0.002,0.691,0.009,0.0,False,False,1,,,,NONE,False,Green,30.0
99,8.1881,3.25,373,Vehicle 4,vehicle,vehicle.tesla.model3,hero_3,31.0753,330.5554,0.0018,-0.0054,0.012,0.2797,31.0753,-330.5554,-0.004882,5.2406,0.0461,-0.0004,5.2409,1.5553,0.05,0.0019,-0.0094,-0.0255,0.8676,5,0,-1,21.07,Driving,False,0.004,0.692,0.007,0.0,False,False,1,,,,NONE,False,Green,30.0
100,8.2381,3.3,373,Vehicle 4,vehicle,vehicle.tesla.model3,hero_3,31.3386,330.5574,0.0018,-0.0048,0.0126,0.3203,31.3386,-330.5574,-0.00559,5.286,0.0482,-0.0003,5.2862,0.9075,0.0421,0.002,-0.0135,-0.0017,0.7834,5,0,-1,21.33,Driving,False,0.006,0.692,0.007,0.0,False,False,1,,,,NONE,False,Green,30.0
101,8.2881,3.35,373,Vehicle 4,vehicle,vehicle.tesla.model3,hero_3,31.6059,330.5598,0.0018,-0.0045,0.0141,0.3604,31.6059,-330.5598,-0.00629,5.3862,0.0533,-0.0003,5.3864,2.0027,0.1025,0.0017,0.0005,-0.0494,0.8171,5,0,-1,21.6,Driving,False,0.008,0.692,0.007,0.0,False,False,1,,,,NONE,False,Green,30.0
102,8.3381,3.4,373,Vehicle 4,vehicle,vehicle.tesla.model3,hero_3,31.8771,330.5623,0.0018,-0.0044,0.0155,0.4002,31.8771,-330.5623,-0.006985,5.4487,0.0566,-0.0002,5.449,1.2501,0.065,0.0013,-0.0055,-0.0129,0.783,5,0,-1,21.87,Driving,False,0.011,0.692,0.007,0.0,False,False,1,,,,NONE,False,Green,30.0
103,8.3881,3.45,373,Vehicle 4,vehicle,vehicle.tesla.model3,hero_3,32.1529,330.5649,0.0018,-0.0035,0.0172,0.4332,32.1529,-330.5649,-0.007561,5.5596,0.0566,-0.0001,5.5599,2.2189,0.0002,0.0011,-0.0164,-0.0491,0.6051,5,0,-1,22.14,Driving,False,0.013,0.668,0.004,0.0,False,False,1,,,,NONE,False,Green,30.0
104,8.4381,3.5,373,Vehicle 4,vehicle,vehicle.tesla.model3,hero_3,32.4329,330.5676,0.0018,-0.0027,0.0184,0.4605,32.4329,-330.5676,-0.008037,5.6276,0.0576,-0.0001,5.6279,1.3596,0.0209,0.0007,-0.0124,-0.0064,0.519,5,0,-1,22.42,Driving,False,0.016,0.668,0.004,0.0,False,False,1,,,,NONE,False,Green,30.0
105,8.4881,3.55,373,Vehicle 4,vehicle,vehicle.tesla.model3,hero_3,32.7177,330.5704,0.0017,-0.0025,0.0197,0.4866,32.7177,-330.5704,-0.008493,5.74,0.0612,-0.0001,5.7403,2.2483,0.0711,0.0006,0.0001,-0.0385,0.527,5,0,-1,22.71,Driving,False,0.018,0.668,0.004,0.0,False,False,1,,,,NONE,False,Green,30.0
106,8.5381,3.6,373,Vehicle 4,vehicle,vehicle.tesla.model3,hero_3,33.0067,330.5734,0.0017,-0.0025,0.0204,0.5123,33.0067,-330.5734,-0.008941,5.8095,0.0636,-0.0001,5.8098,1.3896,0.0492,0.0004,-0.002,0.0023,0.5041,5,0,-1,23.0,Driving,False,0.021,0.668,0.004,0.0,False,False,1,,,,NONE,False,Green,30.0
107,8.5881,3.65,373,Vehicle 4,vehicle,vehicle.tesla.model3,hero_3,33.3005,330.5759,0.0017,0.0014,0.021,0.5047,33.3005,-330.5759,-0.008809,5.9132,0.0425,-0.0,5.9133,2.0737,-0.4227,0.0003,-0.0887,-0.0185,-0.4608,5,0,-1,23.29,Driving,False,0.023,0.133,-0.007,0.0,False,False,1,,,,NONE,False,Green,30.0
108,8.6381,3.7,373,Vehicle 4,vehicle,vehicle.tesla.model3,hero_3,33.5968,330.5779,0.0017,0.0045,0.0195,0.472,33.5968,-330.5779,-0.008238,5.9302,0.033,-0.0,5.9303,0.3415,-0.1889,0.0002,-0.0416,0.0632,-0.7379,5,0,-1,23.59,Driving,False,0.025,0.133,-0.007,0.0,False,False,1,,,,NONE,False,Green,30.0
109,8.6881,3.75,373,Vehicle 4,vehicle,vehicle.tesla.model3,hero_3,33.8941,330.5795,0.0018,0.0059,0.0163,0.43,33.8941,-330.5795,-0.007505,5.9524,0.0252,-0.0,5.9524,0.4429,-0.1562,0.0002,-0.0219,0.061,-0.8959,5,0,-1,23.89,Driving,False,0.027,0.133,-0.007,0.0,False,False,1,,,,NONE,False,Green,30.0
110,8.7381,3.8,373,Vehicle 4,vehicle,vehicle.tesla.model3,hero_3,34.1904,330.5809,0.0018,0.0062,0.0116,0.3853,34.1904,-330.5809,-0.006725,5.9064,0.0204,-0.0,5.9064,-0.9196,-0.0965,0.0001,0.0007,0.1135,-0.8848,5,0,-1,24.18,Driving,False,0.028,0.133,-0.007,0.0,False,False,1,,,,NONE,False,Green,30.0
111,8.7881,3.85,373,Vehicle 4,vehicle,vehicle.tesla.model3,hero_3,34.4851,330.5815,0.0018,0.0091,0.007,0.3145,34.4851,-330.5815,-0.005489,5.8871,-0.0043,-0.0,5.8871,-0.3858,-0.495,0.0001,-0.0719,0.0742,-1.6799,5,0,-1,24.48,Driving,False,0.028,0.134,-0.016,0.0,False,False,1,,,,NONE,False,Green,30.0
112,8.8381,3.9,373,Vehicle 4,vehicle,vehicle.tesla.model3,hero_3,34.7772,330.5815,0.0018,0.0112,0.0023,0.2256,34.7772,-330.5815,-0.003937,5.811,-0.0167,-0.0,5.8111,-1.5215,-0.2468,-0.0,-0.0209,0.1097,-1.8089,5,0,-1,24.77,Driving,False,0.028,0.134,-0.016,0.0,False,False,1,,,,NONE,False,Green,30.0
113,8.8881,3.95,373,Vehicle 4,vehicle,vehicle.tesla.model3,hero_3,35.0666,330.5807,0.0019,0.0121,-0.0016,0.129,35.0666,-330.5807,-0.002251,5.7724,-0.0307,-0.0,5.7725,-0.7722,-0.2812,0.0,-0.0199,0.0556,-2.0013,5,0,-1,25.06,Driving,False,0.027,0.134,-0.016,0.0,False,False,1,,,,NONE,False,Green,30.0
114,8.9381,4.0,373,Vehicle 4,vehicle,vehicle.tesla.model3,hero_3,35.3525,330.5794,0.0019,0.0121,-0.0054,0.0318,35.3525,-330.5794,-0.000555,5.6813,-0.0387,-0.0,5.6814,-1.8226,-0.16,-0.0,0.0119,0.0901,-1.8998,5,0,-1,25.34,Driving,False,0.026,0.134,-0.016,0.0,False,False,1,,,,NONE,False,Green,30.0
115,8.9881,4.05,373,Vehicle 4,vehicle,vehicle.tesla.model3,hero_3,35.6351,330.5786,0.0019,0.0062,-0.0082,-0.017,35.6351,-330.5786,0.000297,5.6339,-0.0138,-0.0,5.6339,-0.9481,0.4981,0.0001,0.1318,0.0315,-0.5399,5,0,-1,25.63,Driving,False,0.025,0.149,0.002,0.0,False,False,1,,,,NONE,False,Green,30.0
116,9.0381,4.1,373,Vehicle 4,vehicle,vehicle.tesla.model3,hero_3,35.9139,330.5784,0.0019,0.0014,-0.0109,-0.0278,35.9139,-330.5784,0.000485,5.5366,-0.0046,-0.0,5.5366,-1.9464,0.1842,-0.0,0.0724,0.0691,-0.0621,5,0,-1,25.9,Driving,False,0.025,0.149,0.002,0.0,False,False,1,,,,NONE,False,Green,30.0
117,9.0881,4.15,373,Vehicle 4,vehicle,vehicle.tesla.model3,hero_3,36.1892,330.5783,0.0019,-0.0009,-0.0126,-0.0241,36.1892,-330.5783,0.000421,5.4866,0.0003,-0.0,5.4866,-1.0005,0.0974,0.0,0.0327,0.0102,0.1382,5,0,-1,26.18,Driving,False,0.024,0.149,0.002,0.0,False,False,1,,,,NONE,False,Green,30.0
118,9.1381,4.2,373,Vehicle 4,vehicle,vehicle.tesla.model3,hero_3,36.4605,330.5783,0.0019,-0.0018,-0.0143,-0.0155,36.4605,-330.5783,0.000271,5.3867,0.0024,-0.0,5.3867,-1.9964,0.0434,0.0,0.0085,0.0531,0.1882,5,0,-1,26.45,Driving,False,0.024,0.149,0.002,0.0,False,False,1,,,,NONE,False,Green,30.0
119,9.1881,4.25,373,Vehicle 4,vehicle,vehicle.tesla.model3,hero_3,36.7283,330.5789,0.0019,-0.0049,-0.0153,0.0198,36.7283,-330.5789,-0.000346,5.3368,0.0228,-0.0,5.3369,-0.9987,0.4069,0.0,0.0706,-0.0056,0.9549,5,0,-1,26.72,Driving,False,0.025,0.194,0.012,0.0,False,False,1,,,,NONE,False,Green,30.0
120,9.2381,4.3,373,Vehicle 4,vehicle,vehicle.tesla.model3,hero_3,36.9922,330.58,0.0019,-0.007,-0.0163,0.073,36.9922,-330.58,-0.001274,5.2397,0.0313,-0.0,5.2397,-1.943,0.1705,0.0,0.0223,0.0386,1.1051,5,0,-1,26.98,Driving,False,0.026,0.194,0.012,0.0,False,False,1,,,,NONE,False,Green,30.0
121,9.2881,4.35,373,Vehicle 4,vehicle,vehicle.tesla.model3,hero_3,37.2529,330.5815,0.0019,-0.0078,-0.0165,0.1335,37.2529,-330.5815,-0.00233,5.1943,0.0405,-0.0,5.1944,-0.9076,0.185,-0.0,0.016,-0.0189,1.2687,5,0,-1,27.24,Driving,False,0.027,0.194,0.012,0.0,False,False,1,,,,NONE,False,Green,30.0
122,9.3381,4.4,373,Vehicle 4,vehicle,vehicle.tesla.model3,hero_3,37.5097,330.5833,0.0019,-0.0078,-0.017,0.1951,37.5097,-330.5833,-0.003405,5.1004,0.0448,0.0,5.1006,-1.8777,0.0845,0.0001,-0.0102,0.0295,1.2006,5,0,-1,27.5,Driving,False,0.029,0.194,0.012,0.0,False,False,1,,,,NONE,False,Green,30.0
123,9.3881,4.45,373,Vehicle 4,vehicle,vehicle.tesla.model3,hero_3,37.7635,330.5851,0.0019,-0.0056,-0.0168,0.2396,37.7635,-330.5851,-0.004182,5.0606,0.0387,0.0,5.0607,-0.796,-0.1215,-0.0,-0.0475,-0.029,0.7506,5,0,-1,27.75,Driving,False,0.03,0.75,0.004,0.0,False,False,1,,,,NONE,False,Green,30.0
124,9.4381,4.5,373,Vehicle 4,vehicle,vehicle.tesla.model3,hero_3,38.0143,330.5868,0.0019,-0.0036,-0.0163,0.2703,38.0143,-330.5868,-0.004718,4.9902,0.0367,0.0,4.9903,-1.4081,-0.0408,0.0,-0.0324,0.0017,0.5463,5,0,-1,28.01,Driving,False,0.032,0.75,0.004,0.0,False,False,1,,,,NONE,False,Green,30.0
125,9.4881,4.55,373,Vehicle 4,vehicle,vehicle.tesla.model3,hero_3,38.2699,330.5886,0.0019,-0.0028,-0.0081,0.2963,38.2699,-330.5886,-0.005171,5.1461,0.0396,0.0007,5.1462,3.1177,0.0598,0.0135,-0.0078,-0.1607,0.5253,5,0,-1,28.26,Driving,False,0.033,0.75,0.004,0.0,False,False,1,,,,NONE,False,Green,30.0
126,9.5381,4.6,373,Vehicle 4,vehicle,vehicle.tesla.model3,hero_3,38.5253,330.5903,0.0019,-0.0024,-0.0056,0.319,38.5253,-330.5903,-0.005568,5.0977,0.0401,0.0003,5.0978,-0.9682,0.0081,-0.0079,-0.0086,-0.0192,0.4659,5,0,-1,28.52,Driving,False,0.035,0.75,0.004,0.0,False,False,1,,,,NONE,False,Green,30.0
127,9.5881,4.65,373,Vehicle 4,vehicle,vehicle.tesla.model3,hero_3,38.7806,330.5914,0.0019,0.003,-0.0043,0.2975,38.7806,-330.5914,-0.005192,5.1021,0.0091,0.0001,5.1021,0.0879,-0.6198,-0.0036,-0.122,-0.0243,-0.8346,5,0,-1,28.77,Driving,False,0.036,0.0,-0.013,0.7,False,False,1,,,,NONE,False,Green,30.0
128,9.6381,4.7,373,Vehicle 4,vehicle,vehicle.tesla.model3,hero_3,39.0303,330.5918,0.0019,0.0067,-0.0103,0.2459,39.0303,-330.5918,-0.004292,4.7676,-0.0031,0.0,4.7676,-6.6888,-0.2435,-0.0015,-0.0429,0.458,-1.1059,5,0,-1,29.02,Driving,False,0.036,0.0,-0.013,0.7,False,False,1,,,,NONE,False,Green,30.0
129,9.6881,4.75,373,Vehicle 4,vehicle,vehicle.tesla.model3,hero_3,39.2527,330.5916,0.0018,0.0081,-0.0336,0.1814,39.2527,-330.5916,-0.003166,4.1943,-0.0149,-0.003,4.1944,-11.4657,-0.2367,-0.0608,-0.0154,0.5427,-1.3263,5,0,-1,29.24,Driving,False,0.036,0.0,-0.013,0.7,False,False,1,,,,NONE,False,Green,30.0
130,9.7381,4.8,373,Vehicle 4,vehicle,vehicle.tesla.model3,hero_3,39.4425,330.5911,0.0019,0.0078,-0.0611,0.1189,39.4425,-330.5911,-0.002075,3.5406,-0.0189,-0.0009,3.5406,-13.0752,-0.0801,0.0421,0.0152,0.526,-1.1465,5,0,-1,29.43,Driving,False,0.035,0.0,-0.013,0.7,False,False,1,,,,NONE,False,Green,30.0
131,9.7881,4.85,373,Vehicle 4,vehicle,vehicle.tesla.model3,hero_3,39.5997,330.5903,0.002,0.0076,-0.0846,0.0548,39.5997,-330.5903,-0.000956,2.8933,-0.0266,0.0,2.8934,-12.9454,-0.1533,0.0191,0.0106,0.4255,-1.2578,5,0,-1,29.59,Driving,False,0.034,0.75,-0.017,0.0,False,False,1,,,,NONE,False,Green,30.0
132,9.8381,4.9,373,Vehicle 4,vehicle,vehicle.tesla.model3,hero_3,39.74,330.5891,0.0021,0.007,-0.087,-0.0034,39.74,-330.5891,5.9e-05,2.8522,-0.0311,0.0004,2.8524,-0.822,-0.0897,0.0075,0.009,-0.2355,-1.1123,5,0,-1,29.73,Driving,False,0.033,0.75,-0.017,0.0,False,False,1,,,,NONE,False,Green,30.0
133,9.8881,4.95,373,Vehicle 4,vehicle,vehicle.tesla.model3,hero_3,39.8847,330.5878,0.002,0.0064,-0.0696,-0.06,39.8847,-330.5878,0.001047,2.9222,-0.0348,0.0005,2.9224,1.4004,-0.0732,0.0019,0.0126,-0.3838,-1.2257,5,0,-1,29.88,Driving,False,0.032,0.75,-0.017,0.0,False,False,1,,,,NONE,False,Green,30.0
134,9.9381,5.0,373,Vehicle 4,vehicle,vehicle.tesla.model3,hero_3,40.0345,330.5863,0.0019,0.006,-0.049,-0.1164,40.0345,-330.5863,0.002032,3.0438,-0.0394,0.0005,3.0441,2.4324,-0.0919,-0.0008,0.0053,-0.4164,-0.9738,5,0,-1,30.03,Driving,False,0.03,0.75,-0.017,0.0,False,False,1,,,,NONE,False,Green,30.0
135,9.9881,5.05,373,Vehicle 4,vehicle,vehicle.tesla.model3,hero_3,40.1896,330.5853,0.0018,0.0017,-0.031,-0.146,40.1896,-330.5853,0.002548,3.1378,-0.0179,0.0004,3.1378,1.8787,0.4298,-0.0015,0.0834,-0.3223,-0.567,5,0,-1,30.18,Driving,False,0.029,0.75,-0.002,0.0,False,False,1,,,,NONE,False,Green,30.0
136,10.0381,5.1,373,Vehicle 4,vehicle,vehicle.tesla.model3,hero_3,40.3508,330.5846,0.0017,-0.0009,-0.0158,-0.1559,40.3508,-330.5846,0.002721,3.2769,-0.0148,0.0003,3.2769,2.7824,0.0611,-0.0018,0.0313,-0.2902,0.0068,5,0,-1,30.34,Driving,False,0.028,0.75,-0.002,0.0,False,False,1,,,,NONE,False,Green,30.0
137,10.0881,5.15,373,Vehicle 4,vehicle,vehicle.tesla.model3,hero_3,40.518,330.5839,0.0017,-0.0016,-0.004,-0.1678,40.518,-330.5839,0.002929,3.388,-0.0148,0.0002,3.388,2.2212,0.0009,-0.0016,0.004,-0.2021,-0.3871,5,0,-1,30.51,Driving,False,0.028,0.75,-0.002,0.0,False,False,1,,,,NONE,False,Green,30.0
138,10.1381,5.2,373,Vehicle 4,vehicle,vehicle.tesla.model3,hero_3,40.6918,330.5831,0.0016,-0.0014,0.0054,-0.1751,40.6918,-330.5831,0.003056,3.5303,-0.0157,0.0002,3.5304,2.8474,-0.0177,-0.0013,-0.0066,-0.1774,-0.0082,5,0,-1,30.68,Driving,False,0.027,0.75,-0.002,0.0,False,False,1,,,,NONE,False,Green,30.0
139,10.1881,5.25,373,Vehicle 4,vehicle,vehicle.tesla.model3,hero_3,40.8719,330.5825,0.0016,-0.0016,0.0124,-0.1803,40.8719,-330.5825,0.003147,3.6506,-0.013,0.0001,3.6506,2.4054,0.0528,-0.0009,0.0023,-0.1183,-0.1661,5,0,-1,30.86,Driving,False,0.026,0.75,-0.0,0.0,False,False,1,,,,NONE,False,Green,30.0
140,10.2381,5.3,373,Vehicle 4,vehicle,vehicle.tesla.model3,hero_3,41.0587,330.5819,0.0016,-0.0015,0.0178,-0.1811,41.0587,-330.5819,0.003161,3.789,-0.0129,0.0001,3.7891,2.769,0.0013,-0.0008,-0.0036,-0.1004,0.0342,5,0,-1,31.05,Driving,False,0.025,0.75,-0.0,0.0,False,False,1,,,,NONE,False,Green,30.0
141,10.2881,5.35,373,Vehicle 4,vehicle,vehicle.tesla.model3,hero_3,41.2519,330.5813,0.0015,-0.0013,0.0217,-0.183,41.2519,-330.5813,0.003194,3.9135,-0.0133,0.0001,3.9135,2.4889,-0.0067,-0.0005,-0.0059,-0.0663,-0.0373,5,0,-1,31.24,Driving,False,0.025,0.75,-0.0,0.0,False,False,1,,,,NONE,False,Green,30.0
142,10.3381,5.4,373,Vehicle 4,vehicle,vehicle.tesla.model3,hero_3,41.4515,330.5807,0.0015,-0.001,0.0246,-0.1845,41.4515,-330.5807,0.00322,4.0445,-0.0138,0.0,4.0445,2.6205,-0.0099,-0.0004,-0.0059,-0.0526,-0.0292,5,0,-1,31.44,Driving,False,0.024,0.75,-0.0,0.0,False,False,1,,,,NONE,False,Green,30.0
143,10.3881,5.45,373,Vehicle 4,vehicle,vehicle.tesla.model3,hero_3,41.6575,330.5803,0.0015,-0.0022,0.0267,-0.1725,41.6575,-330.5803,0.003011,4.1701,-0.0043,0.0,4.1701,2.5117,0.1899,-0.0003,0.0255,-0.0349,0.3326,5,0,-1,31.65,Driving,False,0.023,0.75,0.004,0.0,False,False,1,,,,NONE,False,Green,30.0
144,10.4381,5.5,373,Vehicle 4,vehicle,vehicle.tesla.model3,hero_3,41.8699,330.5801,0.0015,-0.003,0.0282,-0.1537,41.8699,-330.5801,0.002683,4.2992,-0.0012,0.0,4.2992,2.5825,0.0623,-0.0002,0.0095,-0.0276,0.3919,5,0,-1,31.86,Driving,False,0.023,0.75,0.004,0.0,False,False,1,,,,NONE,False,Green,30.0
145,10.4881,5.55,373,Vehicle 4,vehicle,vehicle.tesla.model3,hero_3,42.0886,330.58,0.0015,-0.0032,0.0293,-0.1335,42.0886,-330.58,0.00233,4.4246,0.0007,0.0,4.4246,2.5083,0.0382,-0.0001,-0.0,-0.018,0.411,5,0,-1,32.08,Driving,False,0.023,0.75,0.004,0.0,False,False,1,,,,NONE,False,Green,30.0
146,10.5381,5.6,373,Vehicle 4,vehicle,vehicle.tesla.model3,hero_3,42.3136,330.5799,0.0015,-0.0031,0.03,-0.1126,42.3136,-330.5799,0.001965,4.5496,0.0025,0.0,4.5496,2.5,0.0346,-0.0001,-0.0032,-0.012,0.4217,5,0,-1,32.3,Driving,False,0.023,0.75,0.004,0.0,False,False,1,,,,NONE,False,Green,30.0
147,10.5881,5.65,373,Vehicle 4,vehicle,vehicle.tesla.model3,hero_3,42.5445,330.5792,0.0015,0.001,0.0301,-0.1261,42.5445,-330.5792,0.002201,4.6587,-0.0218,0.0,4.6587,2.1809,-0.4856,-0.0001,-0.0842,0.0092,-0.5153,5,0,-1,32.54,Driving,False,0.022,0.365,-0.007,0.0,False,False,1,,,,NONE,False,Green,30.0
148,10.6381,5.7,373,Vehicle 4,vehicle,vehicle.tesla.model3,hero_3,42.7797,330.578,0.0015,0.0038,0.0285,-0.1576,42.7797,-330.578,0.002751,4.7283,-0.0299,0.0,4.7284,1.3914,-0.1611,-0.0,-0.0398,0.0457,-0.6713,5,0,-1,32.77,Driving,False,0.021,0.365,-0.007,0.0,False,False,1,,,,NONE,False,Green,30.0
149,10.6881,5.75,373,Vehicle 4,vehicle,vehicle.tesla.model3,hero_3,43.0175,330.5766,0.0015,0.0049,0.0255,-0.1922,43.0175,-330.5766,0.003355,4.7725,-0.0344,0.0,4.7726,0.8839,-0.0902,-0.0,-0.0106,0.0679,-0.7006,5,0,-1,33.01,Driving,False,0.019,0.365,-0.007,0.0,False,False,1,,,,NONE,False,Green,30.0
150,10.7381,5.8,373,Vehicle 4,vehicle,vehicle.tesla.model3,hero_3,43.257,330.575,0.0016,0.005,0.0219,-0.2274,43.257,-330.575,0.003969,4.8021,-0.0379,0.0,4.8022,0.5925,-0.0714,0.0001,0.0015,0.0741,-0.7082,5,0,-1,33.25,Driving,False,0.017,0.365,-0.007,0.0,False,False,1,,,,NONE,False,Green,30.0
151,10.7881,5.85,373,Vehicle 4,vehicle,vehicle.tesla.model3,hero_3,43.4977,330.5732,0.0016,0.0045,0.0182,-0.2598,43.4977,-330.5732,0.004534,4.8232,-0.0389,0.0,4.8234,0.4228,-0.0181,-0.0,0.0127,0.0702,-0.6254,5,0,-1,33.49,Driving,False,0.015,0.362,-0.006,0.0,False,False,1,,,,NONE,False,Green,30.0
152,10.8381,5.9,373,Vehicle 4,vehicle,vehicle.tesla.model3,hero_3,43.7394,330.5714,0.0016,0.004,0.015,-0.2906,43.7394,-330.5714,0.005072,4.8393,-0.0411,-0.0,4.8395,0.3219,-0.0456,-0.0001,0.0091,0.0615,-0.6133,5,0,-1,33.73,Driving,False,0.013,0.362,-0.006,0.0,False,False,1,,,,NONE,False,Green,30.0
153,10.8881,5.95,373,Vehicle 4,vehicle,vehicle.tesla.model3,hero_3,43.9817,330.5694,0.0016,0.0036,0.0122,-0.3212,43.9817,-330.5694,0.005606,4.8525,-0.0437,-0.0,4.8527,0.2635,-0.0514,0.0,0.0058,0.0512,-0.6125,5,0,-1,33.97,Driving,False,0.011,0.362,-0.006,0.0,False,False,1,,,,NONE,False,Green,30.0
154,10.9381,6.0,373,Vehicle 4,vehicle,vehicle.tesla.model3,hero_3,44.2247,330.5673,0.0016,0.0034,0.01,-0.3519,44.2247,-330.5673,0.006142,4.864,-0.0464,-0.0,4.8642,0.2294,-0.053,0.0,0.0037,0.0413,-0.6134,5,0,-1,34.22,Driving,False,0.009,0.362,-0.006,0.0,False,False,1,,,,NONE,False,Green,30.0
155,10.9881,6.05,373,Vehicle 4,vehicle,vehicle.tesla.model3,hero_3,44.4681,330.5656,0.0016,0.0009,0.0081,-0.3615,44.4681,-330.5656,0.006309,4.8706,-0.0332,-0.0,4.8707,0.1321,0.2622,-0.0,0.0516,0.0364,-0.0407,5,0,-1,34.46,Driving,False,0.007,0.3,0.001,0.0,False,False,1,,,,NONE,False,Green,30.0
156,11.0381,6.1,373,Vehicle 4,vehicle,vehicle.tesla.model3,hero_3,44.7116,330.564,0.0016,-0.0008,0.0063,-0.36,44.7116,-330.564,0.006283,4.8709,-0.0299,0.0,4.871,0.0076,0.0674,0.0001,0.0242,0.034,0.0551,5,0,-1,34.7,Driving,False,0.005,0.3,0.001,0.0,False,False,1,,,,NONE,False,Green,30.0
157,11.0881,6.15,373,Vehicle 4,vehicle,vehicle.tesla.model3,hero_3,44.9551,330.5625,0.0017,-0.0014,0.0047,-0.3567,44.9551,-330.5625,0.006226,4.8679,-0.0287,0.0,4.8679,-0.0618,0.0237,0.0,0.0063,0.0305,0.0713,5,0,-1,34.95,Driving,False,0.004,0.3,0.001,0.0,False,False,1,,,,NONE,False,Green,30.0
158,11.1381,6.2,373,Vehicle 4,vehicle,vehicle.tesla.model3,hero_3,45.1983,330.5612,0.0017,-0.0015,0.0033,-0.353,45.1983,-330.5612,0.006161,4.8628,-0.0281,0.0,4.8629,-0.1003,0.0123,0.0,-0.0012,0.026,0.0738,5,0,-1,35.19,Driving,False,0.002,0.3,0.001,0.0,False,False,1,,,,NONE,False,Green,30.0
159,11.1881,6.25,373,Vehicle 4,vehicle,vehicle.tesla.model3,hero_3,45.4413,330.56,0.0017,-0.0028,0.0021,-0.3361,45.4413,-330.56,0.005866,4.8568,-0.0177,0.0,4.8568,-0.1212,0.2068,-0.0,0.0273,0.0211,0.4343,5,0,-1,35.43,Driving,False,0.001,0.3,0.005,0.0,False,False,1,,,,NONE,False,Green,30.0
160,11.2381,6.3,373,Vehicle 4,vehicle,vehicle.tesla.model3,hero_3,45.6839,330.5591,0.0017,-0.0036,0.0012,-0.3122,45.6839,-330.5591,0.005449,4.8502,-0.0136,0.0,4.8502,-0.1325,0.0822,-0.0,0.0101,0.0169,0.4936,5,0,-1,35.67,Driving,False,0.0,0.3,0.005,0.0,False,False,1,,,,NONE,False,Green,30.0
161,11.2881,6.35,373,Vehicle 4,vehicle,vehicle.tesla.model3,hero_3,45.9262,330.5584,0.0017,-0.0038,0.0005,-0.2871,45.9262,-330.5584,0.005011,4.8432,-0.0109,0.0,4.8433,-0.1382,0.0539,0.0,-0.0002,0.0132,0.5033,5,0,-1,35.92,Driving,False,-0.001,0.3,0.005,0.0,False,False,1,,,,NONE,False,Green,30.0
162,11.3381,6.4,373,Vehicle 4,vehicle,vehicle.tesla.model3,hero_3,46.1682,330.5578,0.0017,-0.0036,-0.0001,-0.2619,46.1682,-330.5578,0.004571,4.8362,-0.0086,0.0,4.8362,-0.1406,0.0464,-0.0,-0.0042,0.01,0.504,5,0,-1,36.16,Driving,False,-0.002,0.3,0.005,0.0,False,False,1,,,,NONE,False,Green,30.0
163,11.3881,6.45,373,Vehicle 4,vehicle,vehicle.tesla.model3,hero_3,46.4081,330.5574,0.0017,-0.0038,-0.0023,-0.2324,46.4081,-330.5574,0.004056,4.7564,-0.003,0.0,4.7564,-1.5965,0.1126,0.0,0.0048,0.0827,0.6182,5,0,-1,36.4,Driving,False,-0.002,0.0,0.006,0.7,False,False,1,,,,NONE,False,Green,30.0
164,11.4381,6.5,373,Vehicle 4,vehicle,vehicle.tesla.model3,hero_3,46.64,330.5572,0.0017,-0.0038,-0.01,-0.2015,46.64,-330.5572,0.003517,4.5433,0.0004,0.0,4.5433,-4.261,0.0672,-0.0,-0.0023,0.1988,0.6113,5,0,-1,36.63,Driving,False,-0.002,0.0,0.006,0.7,False,False,1,,,,NONE,False,Green,30.0
165,11.4881,6.55,373,Vehicle 4,vehicle,vehicle.tesla.model3,hero_3,46.858,330.5571,0.0018,-0.0035,-0.0223,-0.1719,46.858,-330.5571,0.003,4.2383,0.0029,-0.0,4.2383,-6.1001,0.0513,-0.0,-0.007,0.2635,0.5758,5,0,-1,36.85,Driving,False,-0.003,0.0,0.006,0.7,False,False,1,,,,NONE,False,Green,30.0
166,11.5381,6.6,373,Vehicle 4,vehicle,vehicle.tesla.model3,hero_3,47.0604,330.5571,0.0019,-0.0031,-0.0351,-0.1443,47.0604,-330.5571,0.002519,3.924,0.005,-0.0,3.924,-6.2871,0.0403,-0.0,-0.0085,0.2424,0.5367,5,0,-1,37.05,Driving,False,-0.003,0.0,0.006,0.7,False,False,1,,,,NONE,False,Green,30.0
167,11.5881,6.65,373,Vehicle 4,vehicle,vehicle.tesla.model3,hero_3,47.2496,330.5572,0.0019,-0.0022,-0.0431,-0.1225,47.2496,-330.5572,0.002138,3.7187,0.0036,-0.0,3.7187,-4.106,-0.0276,-0.0,-0.0166,0.0852,0.4059,5,0,-1,37.24,Driving,False,-0.003,0.3,0.005,0.0,False,False,1,,,,NONE,False,Green,30.0
168,11.6381,6.7,373,Vehicle 4,vehicle,vehicle.tesla.model3,hero_3,47.4342,330.5573,0.0019,-0.0016,-0.0412,-0.103,47.4342,-330.5573,0.001798,3.6816,0.0043,-0.0,3.6816,-0.7412,0.0149,0.0,-0.0078,-0.0988,0.3876,5,0,-1,37.43,Driving,False,-0.003,0.3,0.005,0.0,False,False,1,,,,NONE,False,Green,30.0
169,11.6881,6.75,373,Vehicle 4,vehicle,vehicle.tesla.model3,hero_3,47.6177,330.5573,0.0019,-0.0014,-0.0347,-0.0839,47.6177,-330.5573,0.001464,3.6625,0.0053,-0.0,3.6625,-0.3829,0.0191,0.0,-0.004,-0.1389,0.3801,5,0,-1,37.61,Driving,False,-0.003,0.3,0.005,0.0,False,False,1,,,,NONE,False,Green,30.0
170,11.7381,6.8,373,Vehicle 4,vehicle,vehicle.tesla.model3,hero_3,47.8008,330.5576,0.0018,-0.0013,-0.0276,-0.0648,47.8008,-330.5576,0.001131,3.659,0.0065,-0.0,3.659,-0.0693,0.0252,0.0,-0.0008,-0.1426,0.3838,5,0,-1,37.79,Driving,False,-0.003,0.3,0.005,0.0,False,False,1,,,,NONE,False,Green,30.0
171,11.7881,6.85,373,Vehicle 4,vehicle,vehicle.tesla.model3,hero_3,47.9837,330.558,0.0018,-0.0027,-0.0211,-0.0328,47.9837,-330.558,0.000572,3.6615,0.0171,0.0,3.6616,0.0504,0.2117,0.0,0.0281,-0.1239,0.725,5,0,-1,37.97,Driving,False,-0.002,0.75,0.01,0.0,False,False,1,,,,NONE,False,Green,30.0
172,11.8381,6.9,373,Vehicle 4,vehicle,vehicle.tesla.model3,hero_3,48.168,330.5588,0.0018,-0.0037,-0.0145,0.0058,48.168,-330.5588,-0.000101,3.7059,0.0219,-0.0,3.7059,0.8863,0.0949,-0.0,0.0135,-0.1376,0.7911,5,0,-1,38.16,Driving,False,-0.002,0.75,0.01,0.0,False,False,1,,,,NONE,False,Green,30.0
173,11.8881,6.95,373,Vehicle 4,vehicle,vehicle.tesla.model3,hero_3,48.3554,330.5598,0.0017,-0.004,-0.0075,0.0458,48.3554,-330.5598,-0.000799,3.7789,0.0252,0.0,3.779,1.4613,0.0664,0.0,0.0024,-0.139,0.8056,5,0,-1,38.35,Driving,False,-0.001,0.75,0.01,0.0,False,False,1,,,,NONE,False,Green,30.0
174,11.9381,7.0,373,Vehicle 4,vehicle,vehicle.tesla.model3,hero_3,48.5474,330.5609,0.0017,-0.004,-0.0005,0.0869,48.5474,-330.5609,-0.001517,3.8806,0.0288,-0.0,3.8807,2.0343,0.0732,-0.0001,0.0007,-0.1411,0.8323,5,0,-1,38.54,Driving,False,0.0,0.75,0.01,0.0,False,False,1,,,,NONE,False,Green,30.0
175,11.9881,7.05,373,Vehicle 4,vehicle,vehicle.tesla.model3,hero_3,48.743,330.5613,0.0017,0.001,0.0041,0.0838,48.743,-330.5613,-0.001463,3.913,-0.001,-0.0,3.913,0.6484,-0.5964,0.0,-0.1015,-0.0426,-0.3555,5,0,-1,38.73,Driving,False,0.001,0.0,-0.007,0.7,False,False,1,,,,NONE,False,Green,30.0
176,12.0381,7.1,373,Vehicle 4,vehicle,vehicle.tesla.model3,hero_3,48.9358,330.5611,0.0017,0.0042,0.0016,0.0601,48.9358,-330.5611,-0.001049,3.7973,-0.0086,0.0,3.7973,-2.3143,-0.1533,0.0,-0.0414,0.115,-0.512,5,0,-1,38.93,Driving,False,0.0,0.0,-0.007,0.7,False,False,1,,,,NONE,False,Green,30.0
177,12.0881,7.15,373,Vehicle 4,vehicle,vehicle.tesla.model3,hero_3,49.1184,330.5607,0.0017,0.005,-0.0085,0.0348,49.1184,-330.5607,-0.000607,3.5489,-0.0112,-0.0,3.5489,-4.9686,-0.0504,-0.0,-0.002,0.2416,-0.4953,5,0,-1,39.11,Driving,False,-0.0,0.0,-0.007,0.7,False,False,1,,,,NONE,False,Green,30.0
178,12.1381,7.2,373,Vehicle 4,vehicle,vehicle.tesla.model3,hero_3,49.2879,330.5602,0.0018,0.0046,-0.0208,0.0107,49.2879,-330.5602,-0.000187,3.284,-0.0125,-0.0,3.2841,-5.2976,-0.0273,-0.0,0.0113,0.2406,-0.472,5,0,-1,39.28,Driving,False,-0.001,0.0,-0.007,0.7,False,False,1,,,,NONE,False,Green,30.0
179,12.1881,7.25,373,Vehicle 4,vehicle,vehicle.tesla.model3,hero_3,49.4454,330.5598,0.0019,0.0034,-0.0301,-0.0075,49.4454,-330.5598,0.000131,3.0903,-0.0099,-0.0,3.0903,-3.8745,0.0521,0.0,0.0251,0.1258,-0.3224,5,0,-1,39.44,Driving,False,-0.001,0.3,-0.005,0.0,False,False,1,,,,NONE,False,Green,30.0
180,12.2381,7.3,373,Vehicle 4,vehicle,vehicle.tesla.model3,hero_3,49.5988,330.5593,0.0019,0.0025,-0.0305,-0.023,49.5988,-330.5593,0.000401,3.0609,-0.0102,-0.0,3.0609,-0.5888,-0.0047,0.0,0.0146,-0.0547,-0.3085,5,0,-1,39.59,Driving,False,-0.002,0.3,-0.005,0.0,False,False,1,,,,NONE,False,Green,30.0
181,12.2881,7.35,373,Vehicle 4,vehicle,vehicle.tesla.model3,hero_3,49.7514,330.5588,0.0018,0.0019,-0.0261,-0.0382,49.7514,-330.5588,0.000667,3.0469,-0.0106,-0.0,3.0469,-0.2796,-0.0092,-0.0,0.0095,-0.098,-0.2995,5,0,-1,39.74,Driving,False,-0.003,0.3,-0.005,0.0,False,False,1,,,,NONE,False,Green,30.0
182,12.3381,7.4,373,Vehicle 4,vehicle,vehicle.tesla.model3,hero_3,49.9039,330.5583,0.0018,0.0016,-0.0207,-0.0533,49.9039,-330.5583,0.00093,3.0506,-0.0115,-0.0,3.0506,0.0735,-0.0177,-0.0,0.0047,-0.112,-0.3053,5,0,-1,39.89,Driving,False,-0.003,0.3,-0.005,0.0,False,False,1,,,,NONE,False,Green,30.0
183,12.3881,7.45,373,Vehicle 4,vehicle,vehicle.tesla.model3,hero_3,50.0566,330.5578,0.0018,0.0012,-0.0156,-0.0665,50.0566,-330.5578,0.001161,3.057,-0.0108,0.0,3.0571,0.1296,0.0144,0.0,0.0079,-0.0975,-0.2497,5,0,-1,40.05,Driving,False,-0.004,0.75,-0.004,0.0,False,False,1,,,,NONE,False,Green,30.0
184,12.4381,7.5,373,Vehicle 4,vehicle,vehicle.tesla.model3,hero_3,50.2108,330.5573,0.0017,0.0009,-0.0101,-0.079,50.2108,-330.5573,0.001379,3.1056,-0.0114,-0.0,3.1056,0.9716,-0.0129,-0.0,0.0027,-0.1177,-0.2513,5,0,-1,40.2,Driving,False,-0.004,0.75,-0.004,0.0,False,False,1,,,,NONE,False,Green,30.0
185,12.4881,7.55,373,Vehicle 4,vehicle,vehicle.tesla.model3,hero_3,50.3682,330.5568,0.0017,0.0008,-0.0042,-0.0916,50.3682,-330.5568,0.001599,3.1791,-0.0122,0.0,3.1791,1.47,-0.0154,0.0001,0.001,-0.1203,-0.252,5,0,-1,40.36,Driving,False,-0.005,0.75,-0.004,0.0,False,False,1,,,,NONE,False,Green,30.0
186,12.5381,7.6,373,Vehicle 4,vehicle,vehicle.tesla.model3,hero_3,50.5302,330.5562,0.0017,0.0008,0.0022,-0.1045,50.5302,-330.5562,0.001824,3.2832,-0.0134,0.0,3.2833,2.0824,-0.0235,-0.0,-0.0011,-0.1283,-0.2635,5,0,-1,40.52,Driving,False,-0.005,0.75,-0.004,0.0,False,False,1,,,,NONE,False,Green,30.0
187,12.5881,7.65,373,Vehicle 4,vehicle,vehicle.tesla.model3,hero_3,50.696,330.5561,0.0016,-0.0013,0.0062,-0.0977,50.696,-330.5561,0.001705,3.3172,0.0003,-0.0,3.3172,0.6798,0.2734,-0.0,0.0429,-0.0329,0.2643,5,0,-1,40.69,Driving,False,-0.006,0.0,0.005,0.7,False,False,1,,,,NONE,False,Green,30.0
188,12.6381,7.7,373,Vehicle 4,vehicle,vehicle.tesla.model3,hero_3,50.8593,330.5561,0.0017,-0.0026,0.0035,-0.0819,50.8593,-330.5561,0.001429,3.2128,0.004,-0.0,3.2128,-2.0885,0.0733,0.0,0.0157,0.1133,0.3304,5,0,-1,40.85,Driving,False,-0.006,0.0,0.005,0.7,False,False,1,,,,NONE,False,Green,30.0
189,12.6881,7.75,373,Vehicle 4,vehicle,vehicle.tesla.model3,hero_3,51.013,330.5562,0.0017,-0.0028,-0.0064,-0.0659,51.013,-330.5562,0.00115,2.9762,0.0051,-0.0,2.9762,-4.7322,0.0227,0.0,-0.0029,0.2385,0.3086,5,0,-1,41.0,Driving,False,-0.006,0.0,0.005,0.7,False,False,1,,,,NONE,False,Green,30.0
190,12.7381,7.8,373,Vehicle 4,vehicle,vehicle.tesla.model3,hero_3,51.1543,330.5564,0.0018,-0.0025,-0.0185,-0.051,51.1543,-330.5564,0.00089,2.7259,0.0059,-0.0,2.7259,-5.0059,0.0151,-0.0,-0.0077,0.2342,0.2925,5,0,-1,41.15,Driving,False,-0.006,0.0,0.005,0.7,False,False,1,,,,NONE,False,Green,30.0
191,12.7881,7.85,373,Vehicle 4,vehicle,vehicle.tesla.model3,hero_3,51.284,330.5563,0.0018,-0.0007,-0.0278,-0.0493,51.284,-330.5563,0.00086,2.5337,-0.0027,-0.0,2.5337,-3.8441,-0.1715,0.0,-0.0359,0.1319,-0.0561,5,0,-1,41.28,Driving,False,-0.006,0.75,-0.002,0.0,False,False,1,,,,NONE,False,Green,30.0
192,12.8381,7.9,373,Vehicle 4,vehicle,vehicle.tesla.model3,hero_3,51.4097,330.5562,0.0018,0.0006,-0.0285,-0.0541,51.4097,-330.5562,0.000944,2.5105,-0.005,-0.0,2.5105,-0.4641,-0.0458,0.0,-0.0168,-0.0535,-0.11,5,0,-1,41.4,Driving,False,-0.006,0.75,-0.002,0.0,False,False,1,,,,NONE,False,Green,30.0
193,12.8881,7.95,373,Vehicle 4,vehicle,vehicle.tesla.model3,hero_3,51.5356,330.556,0.0018,0.001,-0.0235,-0.0597,51.5356,-330.556,0.001042,2.5306,-0.0057,-0.0,2.5306,0.4021,-0.0143,0.0,-0.004,-0.1227,-0.1137,5,0,-1,41.53,Driving,False,-0.006,0.75,-0.002,0.0,False,False,1,,,,NONE,False,Green,30.0
194,12.9381,8.0,373,Vehicle 4,vehicle,vehicle.tesla.model3,hero_3,51.6643,330.5556,0.0018,0.001,-0.0158,-0.0656,51.6643,-330.5556,0.001145,2.6021,-0.0064,0.0,2.6022,1.4309,-0.0126,0.0,0.0001,-0.1672,-0.1203,5,0,-1,41.66,Driving,False,-0.007,0.75,-0.002,0.0,False,False,1,,,,NONE,False,Green,30.0
195,12.9881,8.05,373,Vehicle 4,vehicle,vehicle.tesla.model3,hero_3,51.7953,330.5555,0.0017,0.0005,-0.0094,-0.0672,51.7953,-330.5555,0.001173,2.6181,-0.0035,-0.0,2.6181,0.3181,0.0562,-0.0,0.0114,-0.0858,-0.0053,5,0,-1,41.79,Driving,False,-0.007,0.026,0.0,0.3,False,False,1,,,,NONE,False,Green,30.0
196,13.0381,8.1,373,Vehicle 4,vehicle,vehicle.tesla.model3,hero_3,51.9248,330.5553,0.0017,0.0001,-0.0078,-0.067,51.9248,-330.5553,0.001169,2.5643,-0.0029,-0.0,2.5643,-1.0747,0.0126,0.0,0.0055,-0.0029,0.0084,5,0,-1,41.92,Driving,False,-0.007,0.026,0.0,0.3,False,False,1,,,,NONE,False,Green,30.0
197,13.0881,8.15,373,Vehicle 4,vehicle,vehicle.tesla.model3,hero_3,52.0501,330.5551,0.0017,-0.0001,-0.0097,-0.0665,52.0501,-330.5551,0.001161,2.4625,-0.0026,0.0,2.4625,-2.0362,0.0053,0.0,0.0018,0.0628,0.0095,5,0,-1,42.04,Driving,False,-0.007,0.026,0.0,0.3,False,False,1,,,,NONE,False,Green,30.0
198,13.1381,8.2,373,Vehicle 4,vehicle,vehicle.tesla.model3,hero_3,52.1699,330.5549,0.0018,-0.0001,-0.0133,-0.066,52.1699,-330.5549,0.001152,2.3517,-0.0025,0.0,2.3517,-2.2155,0.0038,0.0,0.0003,0.0716,0.0096,5,0,-1,42.16,Driving,False,-0.008,0.026,0.0,0.3,False,False,1,,,,NONE,False,Green,30.0
199,13.1881,8.25,373,Vehicle 4,vehicle,vehicle.tesla.model3,hero_3,52.2824,330.5547,0.0018,0.0002,-0.0186,-0.0682,52.2824,-330.5547,0.00119,2.1668,-0.0041,0.0,2.1668,-3.6992,-0.0322,0.0,-0.0054,0.1397,-0.0583,5,0,-1,42.27,Driving,False,-0.008,0.0,-0.001,1.0,False,False,1,,,,NONE,False,Green,30.0
200,13.2381,8.3,373,Vehicle 4,vehicle,vehicle.tesla.model3,hero_3,52.3622,330.5545,0.002,0.0002,-0.0496,-0.0703,52.3622,-330.5545,0.001227,1.0859,-0.0022,-0.0,1.0859,-21.6178,0.0377,-0.0001,0.0032,0.9591,-0.0263,5,0,-1,42.35,Driving,False,-0.008,0.0,-0.001,1.0,False,False,1,,,,NONE,False,Green,30.0
201,13.2881,8.35,373,Vehicle 4,vehicle,vehicle.tesla.model3,hero_3,52.3819,330.5545,0.0023,0.0,-0.0976,-0.0707,52.3819,-330.5545,0.001234,0.119,-0.0003,-0.0,0.119,-19.3377,0.0378,-0.0001,0.004,0.6845,-0.0036,5,0,-1,42.37,Driving,False,-0.008,0.0,-0.001,1.0,False,False,1,,,,NONE,False,Green,30.0
202,13.3381,8.4,373,Vehicle 4,vehicle,vehicle.tesla.model3,hero_3,52.3818,330.5545,0.0023,-0.0001,-0.1072,-0.0709,52.3818,-330.5545,0.001237,-0.0001,-0.0,-0.0,0.0001,-2.3816,0.0056,0.0,0.0008,-0.1213,-0.0,5,0,-1,42.37,Driving,False,-0.008,0.0,-0.001,1.0,False,False,1,,,,NONE,False,Green,30.0
203,13.3881,8.45,373,Vehicle 4,vehicle,vehicle.tesla.model3,hero_3,52.3819,330.5545,0.0022,-0.0001,-0.092,-0.0709,52.3819,-330.5545,0.001237,-0.0003,-0.0,-0.0,0.0003,-0.0033,0.0,0.0001,-0.0004,-0.3731,-0.0001,5,0,-1,42.37,Driving,False,-0.008,0.525,-0.005,0.3,False,False,1,,,,NONE,False,Green,30.0
204,13.4381,8.5,373,Vehicle 4,vehicle,vehicle.tesla.model3,hero_3,52.382,330.5545,0.0021,-0.0001,-0.0727,-0.0709,52.382,-330.5545,0.001237,-0.0003,-0.0,0.0,0.0003,-0.0001,0.0,0.0001,-0.0008,-0.3795,-0.0,5,0,-1,42.37,Driving,False,-0.008,0.525,-0.005,0.3,False,False,1,,,,NONE,False,Green,30.0
205,13.4881,8.55,373,Vehicle 4,vehicle,vehicle.tesla.model3,hero_3,52.3822,330.5545,0.002,-0.0001,-0.0554,-0.0709,52.3822,-330.5545,0.001237,-0.0002,-0.0,0.0,0.0002,0.0008,0.0,-0.0,-0.0008,-0.3185,-0.0,5,0,-1,42.37,Driving,False,-0.008,0.525,-0.005,0.3,False,False,1,,,,NONE,False,Green,30.0
206,13.5381,8.6,373,Vehicle 4,vehicle,vehicle.tesla.model3,hero_3,52.3823,330.5545,0.0019,-0.0,-0.0416,-0.0709,52.3823,-330.5545,0.001237,-0.0002,-0.0,0.0,0.0002,0.0009,0.0,-0.0,-0.0006,-0.2494,-0.0,5,0,-1,42.37,Driving,False,-0.008,0.525,-0.005,0.3,False,False,1,,,,NONE,False,Green,30.0
207,13.5881,8.65,373,Vehicle 4,vehicle,vehicle.tesla.model3,hero_3,52.3823,330.5545,0.0019,-0.0,-0.031,-0.0709,52.3823,-330.5545,0.001237,-0.0001,-0.0,0.0,0.0001,0.0008,0.0,-0.0,-0.0005,-0.1894,-0.0,5,0,-1,42.37,Driving,False,-0.008,0.525,-0.004,0.3,False,False,1,,,,NONE,False,Green,30.0
208,13.6381,8.7,373,Vehicle 4,vehicle,vehicle.tesla.model3,hero_3,52.3824,330.5545,0.0018,0.0,-0.023,-0.0709,52.3824,-330.5545,0.001237,-0.0001,-0.0,0.0,0.0001,0.0007,0.0,0.0,-0.0003,-0.1419,-0.0,5,0,-1,42.37,Driving,False,-0.008,0.525,-0.004,0.3,False,False,1,,,,NONE,False,Green,30.0
209,13.6881,8.75,373,Vehicle 4,vehicle,vehicle.tesla.model3,hero_3,52.3824,330.5545,0.0018,0.0,-0.017,-0.0709,52.3824,-330.5545,0.001237,-0.0001,-0.0,0.0,0.0001,0.0005,0.0,-0.0,-0.0003,-0.1056,-0.0,5,0,-1,42.37,Driving,False,-0.008,0.525,-0.004,0.3,False,False,1,,,,NONE,False,Green,30.0
210,13.7381,8.8,373,Vehicle 4,vehicle,vehicle.tesla.model3,hero_3,52.3825,330.5545,0.0018,-0.0,-0.0148,-0.0709,52.3825,-330.5545,0.001237,-0.0,-0.0,-0.0,0.0,0.0008,0.0,-0.0,-0.0001,-0.049,-0.0,5,0,-1,42.37,Driving,False,-0.008,0.525,-0.004,0.3,False,False,1,,,,NONE,False,Green,30.0
211,13.7881,8.85,373,Vehicle 4,vehicle,vehicle.tesla.model3,hero_3,52.3825,330.5545,0.0017,0.0,-0.0119,-0.0709,52.3825,-330.5545,0.001237,-0.0,0.0,0.0,0.0,-0.0001,0.0,0.0,-0.0001,-0.0585,-0.0,5,0,-1,42.37,Driving,False,-0.008,0.525,-0.002,0.3,False,False,1,,,,NONE,False,Green,30.0
212,13.8381,8.9,373,Vehicle 4,vehicle,vehicle.tesla.model3,hero_3,52.3825,330.5545,0.0017,0.0,-0.0092,-0.0709,52.3825,-330.5545,0.001237,-0.0,-0.0,-0.0,0.0,0.0001,-0.0,-0.0,-0.0001,-0.0514,-0.0,5,0,-1,42.37,Driving,False,-0.008,0.525,-0.002,0.3,False,False,1,,,,NONE,False,Green,30.0
213,13.8881,8.95,373,Vehicle 4,vehicle,vehicle.tesla.model3,hero_3,52.3825,330.5545,0.0017,0.0,-0.0069,-0.0709,52.3825,-330.5545,0.001237,-0.0,-0.0,0.0,0.0,0.0001,-0.0,0.0,-0.0,-0.041,-0.0,5,0,-1,42.37,Driving,False,-0.008,0.525,-0.002,0.3,False,False,1,,,,NONE,False,Green,30.0
214,13.9381,9.0,373,Vehicle 4,vehicle,vehicle.tesla.model3,hero_3,52.3825,330.5545,0.0017,0.0,-0.0052,-0.0709,52.3825,-330.5545,0.001237,-0.0,-0.0,0.0,0.0,0.0001,0.0,-0.0,-0.0001,-0.0314,-0.0,5,0,-1,42.37,Driving,False,-0.008,0.525,-0.002,0.3,False,False,1,,,,NONE,False,Green,30.0
215,13.9881,9.05,373,Vehicle 4,vehicle,vehicle.tesla.model3,hero_3,52.3825,330.5545,0.0017,0.0,-0.0038,-0.0709,52.3825,-330.5545,0.001237,-0.0,0.0,0.0,0.0,0.0001,0.0,0.0,-0.0001,-0.0236,0.0,5,0,-1,42.37,Driving,False,-0.008,0.525,-0.003,0.3,False,False,1,,,,NONE,False,Green,30.0
216,14.0381,9.1,373,Vehicle 4,vehicle,vehicle.tesla.model3,hero_3,52.3825,330.5545,0.0017,0.0,-0.0028,-0.0709,52.3825,-330.5545,0.001237,-0.0,0.0,0.0,0.0,0.0001,-0.0,-0.0,-0.0,-0.0176,0.0,5,0,-1,42.37,Driving,False,-0.008,0.525,-0.003,0.3,False,False,1,,,,NONE,False,Green,30.0
217,14.0881,9.15,373,Vehicle 4,vehicle,vehicle.tesla.model3,hero_3,52.3825,330.5545,0.0017,0.0,-0.0021,-0.0709,52.3825,-330.5545,0.001237,-0.0,0.0,-0.0,0.0,0.0001,0.0,-0.0,-0.0001,-0.0131,0.0,5,0,-1,42.37,Driving,False,-0.008,0.525,-0.003,0.3,False,False,1,,,,NONE,False,Green,30.0
218,14.1381,9.2,373,Vehicle 4,vehicle,vehicle.tesla.model3,hero_3,52.3826,330.5545,0.0017,0.0,-0.0017,-0.0709,52.3826,-330.5545,0.001237,-0.0,0.0,0.0,0.0,0.0001,-0.0,0.0,-0.0,-0.0037,-0.0,5,0,-1,42.37,Driving,False,-0.008,0.525,-0.003,0.3,False,False,1,,,,NONE,False,Green,30.0
219,14.1881,9.25,373,Vehicle 4,vehicle,vehicle.tesla.model3,hero_3,52.3826,330.5545,0.0017,0.0,-0.0014,-0.0709,52.3826,-330.5545,0.001237,-0.0,0.0,-0.0,0.0,-0.0,0.0,-0.0,-0.0,-0.0063,0.0,5,0,-1,42.37,Driving,False,-0.008,0.525,-0.004,0.3,False,False,1,,,,NONE,False,Green,30.0
220,14.2381,9.3,373,Vehicle 4,vehicle,vehicle.tesla.model3,hero_3,52.3826,330.5545,0.0017,0.0,-0.0011,-0.0709,52.3826,-330.5545,0.001237,-0.0,0.0,-0.0,0.0,0.0,0.0,-0.0,-0.0001,-0.0061,0.0,5,0,-1,42.37,Driving,False,-0.008,0.525,-0.004,0.3,False,False,1,,,,NONE,False,Green,30.0
221,14.2881,9.35,373,Vehicle 4,vehicle,vehicle.tesla.model3,hero_3,52.3826,330.5545,0.0017,0.0,-0.0009,-0.0709,52.3826,-330.5545,0.001237,-0.0,0.0,-0.0,0.0,0.0,-0.0,-0.0,-0.0,-0.005,0.0,5,0,-1,42.37,Driving,False,-0.008,0.525,-0.004,0.3,False,False,1,,,,NONE,False,Green,30.0
222,14.3381,9.4,373,Vehicle 4,vehicle,vehicle.tesla.model3,hero_3,52.3826,330.5545,0.0017,0.0,-0.0006,-0.0709,52.3826,-330.5545,0.001237,-0.0,0.0,-0.0,0.0,0.0,0.0,-0.0,-0.0,-0.0038,0.0,5,0,-1,42.37,Driving,False,-0.008,0.525,-0.004,0.3,False,False,1,,,,NONE,False,Green,30.0
223,14.3881,9.45,373,Vehicle 4,vehicle,vehicle.tesla.model3,hero_3,52.3826,330.5545,0.0017,0.0,-0.0006,-0.0709,52.3826,-330.5545,0.001237,-0.0,-0.0,-0.0,0.0,0.0,-0.0,0.0,0.0,-0.0029,0.0,5,0,-1,42.37,Driving,False,-0.008,0.525,-0.005,0.3,False,False,1,,,,NONE,False,Green,30.0
224,14.4381,9.5,373,Vehicle 4,vehicle,vehicle.tesla.model3,hero_3,52.3826,330.5545,0.0017,0.0,-0.0003,-0.0709,52.3826,-330.5545,0.001237,-0.0,-0.0,-0.0,0.0,0.0,0.0,0.0,0.0,-0.0022,0.0,5,0,-1,42.37,Driving,False,-0.008,0.525,-0.005,0.3,False,False,1,,,,NONE,False,Green,30.0
225,14.4881,9.55,373,Vehicle 4,vehicle,vehicle.tesla.model3,hero_3,52.3826,330.5545,0.0017,0.0,-0.0003,-0.0709,52.3826,-330.5545,0.001237,-0.0,0.0,-0.0,0.0,0.0,0.0,-0.0,-0.0001,-0.0016,0.0,5,0,-1,42.37,Driving,False,-0.008,0.525,-0.005,0.3,False,False,1,,,,NONE,False,Green,30.0
226,14.5381,9.6,373,Vehicle 4,vehicle,vehicle.tesla.model3,hero_3,52.3826,330.5545,0.0017,0.0,-0.0003,-0.0709,52.3826,-330.5545,0.001237,-0.0,0.0,0.0,0.0,0.0,0.0,0.0,-0.0001,-0.0012,0.0,5,0,-1,42.37,Driving,False,-0.008,0.525,-0.005,0.3,False,False,1,,,,NONE,False,Green,30.0
227,14.5881,9.65,373,Vehicle 4,vehicle,vehicle.tesla.model3,hero_3,52.3826,330.5545,0.0017,0.0,-0.0002,-0.0709,52.3826,-330.5545,0.001237,-0.0,0.0,0.0,0.0,0.0,-0.0,0.0,0.0,-0.0006,0.0,5,0,-1,42.37,Driving,False,-0.008,0.525,-0.004,0.3,False,False,1,,,,NONE,False,Green,30.0
228,14.6381,9.7,373,Vehicle 4,vehicle,vehicle.tesla.model3,hero_3,52.3826,330.5545,0.0017,0.0,-0.0002,-0.0709,52.3826,-330.5545,0.001237,-0.0,-0.0,0.0,0.0,-0.0,-0.0,-0.0,0.0,-0.0007,0.0,5,0,-1,42.37,Driving,False,-0.008,0.525,-0.004,0.3,False,False,1,,,,NONE,False,Green,30.0
229,14.6881,9.75,373,Vehicle 4,vehicle,vehicle.tesla.model3,hero_3,52.3826,330.5545,0.0017,0.0,-0.0002,-0.0709,52.3826,-330.5545,0.001237,-0.0,-0.0,0.0,0.0,0.0,0.0,0.0,0.0001,-0.0006,0.0,5,0,-1,42.37,Driving,False,-0.008,0.525,-0.004,0.3,False,False,1,,,,NONE,False,Green,30.0
230,14.7381,9.8,373,Vehicle 4,vehicle,vehicle.tesla.model3,hero_3,52.3826,330.5545,0.0017,0.0,-0.0002,-0.0709,52.3826,-330.5545,0.001237,-0.0,0.0,0.0,0.0,0.0,0.0,-0.0,-0.0,-0.0005,0.0,5,0,-1,42.37,Driving,False,-0.008,0.525,-0.004,0.3,False,False,1,,,,NONE,False,Green,30.0
231,14.7881,9.85,373,Vehicle 4,vehicle,vehicle.tesla.model3,hero_3,52.3826,330.5545,0.0017,0.0,-0.0002,-0.0709,52.3826,-330.5545,0.001237,-0.0,-0.0,0.0,0.0,0.0,-0.0,-0.0,-0.0,-0.0003,0.0,5,0,-1,42.37,Driving,False,-0.008,0.525,-0.003,0.3,False,False,1,,,,NONE,False,Green,30.0
232,14.8381,9.9,373,Vehicle 4,vehicle,vehicle.tesla.model3,hero_3,52.3826,330.5545,0.0017,0.0,-0.0002,-0.0709,52.3826,-330.5545,0.001237,-0.0,-0.0,0.0,0.0,0.0,-0.0,-0.0,0.0,-0.0003,0.0,5,0,-1,42.37,Driving,False,-0.008,0.525,-0.003,0.3,False,False,1,,,,NONE,False,Green,30.0
233,14.8881,9.95,373,Vehicle 4,vehicle,vehicle.tesla.model3,hero_3,52.3826,330.5545,0.0017,0.0,-0.0002,-0.0709,52.3826,-330.5545,0.001237,-0.0,-0.0,0.0,0.0,0.0,-0.0,-0.0,-0.0,-0.0002,-0.0,5,0,-1,42.37,Driving,False,-0.008,0.525,-0.003,0.3,False,False,1,,,,NONE,False,Green,30.0
234,14.9381,10.0,373,Vehicle 4,vehicle,vehicle.tesla.model3,hero_3,52.3826,330.5545,0.0017,0.0,-0.0002,-0.0709,52.3826,-330.5545,0.001237,-0.0,-0.0,0.0,0.0,0.0,0.0,0.0,0.0001,-0.0001,0.0,5,0,-1,42.37,Driving,False,-0.008,0.525,-0.003,0.3,False,False,1,,,,NONE,False,Green,30.0
235,14.9881,10.05,373,Vehicle 4,vehicle,vehicle.tesla.model3,hero_3,52.3826,330.5545,0.0017,0.0,-0.0002,-0.0709,52.3826,-330.5545,0.001237,-0.0,0.0,-0.0,0.0,0.0,0.0,-0.0,-0.0,-0.0001,0.0,5,0,-1,42.37,Driving,False,-0.008,0.525,-0.003,0.3,False,False,1,,,,NONE,False,Green,30.0
236,15.0381,10.1,373,Vehicle 4,vehicle,vehicle.tesla.model3,hero_3,52.3826,330.5545,0.0017,0.0,-0.0002,-0.0709,52.3826,-330.5545,0.001237,-0.0,0.0,-0.0,0.0,-0.0,0.0,-0.0,0.0,-0.0001,-0.0,5,0,-1,42.37,Driving,False,-0.008,0.525,-0.003,0.3,False,False,1,,,,NONE,False,Green,30.0
237,15.0881,10.15,373,Vehicle 4,vehicle,vehicle.tesla.model3,hero_3,52.3826,330.5545,0.0017,0.0,-0.0002,-0.0709,52.3826,-330.5545,0.001237,-0.0,0.0,0.0,0.0,0.0,0.0,0.0,-0.0,-0.0001,-0.0,5,0,-1,42.37,Driving,False,-0.008,0.525,-0.003,0.3,False,False,1,,,,NONE,False,Green,30.0
238,15.1381,10.2,373,Vehicle 4,vehicle,vehicle.tesla.model3,hero_3,52.3826,330.5545,0.0017,0.0,-0.0002,-0.0709,52.3826,-330.5545,0.001237,-0.0,-0.0,-0.0,0.0,0.0,-0.0,-0.0,0.0,-0.0,-0.0,5,0,-1,42.37,Driving,False,-0.008,0.525,-0.003,0.3,False,False,1,,,,NONE,False,Green,30.0
239,15.1881,10.25,373,Vehicle 4,vehicle,vehicle.tesla.model3,hero_3,52.3826,330.5545,0.0017,0.0,-0.0002,-0.0709,52.3826,-330.5545,0.001237,-0.0,0.0,-0.0,0.0,-0.0,0.0,0.0,-0.0,-0.0001,0.0,5,0,-1,42.37,Driving,False,-0.008,0.525,-0.003,0.3,False,False,1,,,,NONE,False,Green,30.0
240,15.2381,10.3,373,Vehicle 4,vehicle,vehicle.tesla.model3,hero_3,52.3826,330.5545,0.0017,0.0,-0.0002,-0.0709,52.3826,-330.5545,0.001237,-0.0,-0.0,-0.0,0.0,0.0,-0.0,-0.0,0.0,-0.0,-0.0,5,0,-1,42.37,Driving,False,-0.008,0.525,-0.003,0.3,False,False,1,,,,NONE,False,Green,30.0
241,15.2881,10.35,373,Vehicle 4,vehicle,vehicle.tesla.model3,hero_3,52.3826,330.5545,0.0017,0.0,-0.0002,-0.0709,52.3826,-330.5545,0.001237,-0.0,-0.0,0.0,0.0,0.0,0.0,0.0,0.0,-0.0,0.0,5,0,-1,42.37,Driving,False,-0.008,0.525,-0.003,0.3,False,False,1,,,,NONE,False,Green,30.0
242,15.3381,10.4,373,Vehicle 4,vehicle,vehicle.tesla.model3,hero_3,52.3826,330.5545,0.0017,0.0,-0.0002,-0.0709,52.3826,-330.5545,0.001237,-0.0,-0.0,-0.0,0.0,0.0,-0.0,-0.0,0.0,-0.0,0.0,5,0,-1,42.37,Driving,False,-0.008,0.525,-0.003,0.3,False,False,1,,,,NONE,False,Green,30.0
243,15.3881,10.45,373,Vehicle 4,vehicle,vehicle.tesla.model3,hero_3,52.3826,330.5545,0.0017,0.0,-0.0002,-0.0709,52.3826,-330.5545,0.001237,0.0,0.0,0.0,0.0,0.0,0.0,0.0,0.0,0.0,0.0,5,0,-1,42.37,Driving,False,-0.008,0.525,-0.002,0.3,False,False,1,,,,NONE,False,Green,30.0
244,15.4381,10.5,373,Vehicle 4,vehicle,vehicle.tesla.model3,hero_3,52.3826,330.5545,0.0017,0.0,-0.0002,-0.0709,52.3826,-330.5545,0.001237,-0.0,0.0,-0.0,0.0,-0.0,0.0,-0.0,-0.0,-0.0,0.0,5,0,-1,42.37,Driving,False,-0.008,0.525,-0.002,0.3,False,False,1,,,,NONE,False,Green,30.0
245,15.4881,10.55,373,Vehicle 4,vehicle,vehicle.tesla.model3,hero_3,52.3826,330.5545,0.0017,0.0,-0.0002,-0.0709,52.3826,-330.5545,0.001237,-0.0,0.0,-0.0,0.0,0.0,0.0,-0.0,-0.0001,-0.0,-0.0,5,0,-1,42.37,Driving,False,-0.008,0.525,-0.002,0.3,False,False,1,,,,NONE,False,Green,30.0
246,15.5381,10.6,373,Vehicle 4,vehicle,vehicle.tesla.model3,hero_3,52.3826,330.5545,0.0017,0.0,-0.0002,-0.0709,52.3826,-330.5545,0.001237,-0.0,0.0,-0.0,0.0,-0.0,0.0,-0.0,-0.0,-0.0,0.0,5,0,-1,42.37,Driving,False,-0.008,0.525,-0.002,0.3,False,False,1,,,,NONE,False,Green,30.0
247,15.5881,10.65,373,Vehicle 4,vehicle,vehicle.tesla.model3,hero_3,52.3826,330.5545,0.0017,0.0,-0.0002,-0.0709,52.3826,-330.5545,0.001237,0.0,-0.0,-0.0,0.0,0.0,-0.0,0.0,-0.0,0.0,0.0,5,0,-1,42.37,Driving,False,-0.008,0.525,-0.003,0.3,False,False,1,,,,NONE,False,Green,30.0
248,15.6381,10.7,373,Vehicle 4,vehicle,vehicle.tesla.model3,hero_3,52.3826,330.5545,0.0017,0.0,-0.0002,-0.0709,52.3826,-330.5545,0.001237,-0.0,-0.0,-0.0,0.0,-0.0,-0.0,0.0,0.0,-0.0,-0.0,5,0,-1,42.37,Driving,False,-0.008,0.525,-0.003,0.3,False,False,1,,,,NONE,False,Green,30.0
249,15.6881,10.75,373,Vehicle 4,vehicle,vehicle.tesla.model3,hero_3,52.3826,330.5545,0.0017,0.0,-0.0002,-0.0709,52.3826,-330.5545,0.001237,-0.0,-0.0,0.0,0.0,-0.0,-0.0,0.0,0.0,-0.0,-0.0,5,0,-1,42.37,Driving,False,-0.008,0.525,-0.003,0.3,False,False,1,,,,NONE,False,Green,30.0
250,15.7381,10.8,373,Vehicle 4,vehicle,vehicle.tesla.model3,hero_3,52.3826,330.5545,0.0017,0.0,-0.0002,-0.0709,52.3826,-330.5545,0.001237,0.0,0.0,-0.0,0.0,0.0,0.0,-0.0,-0.0,0.0,0.0,5,0,-1,42.37,Driving,False,-0.008,0.525,-0.003,0.3,False,False,1,,,,NONE,False,Green,30.0
251,15.7881,10.85,373,Vehicle 4,vehicle,vehicle.tesla.model3,hero_3,52.3826,330.5545,0.0017,0.0,-0.0002,-0.0709,52.3826,-330.5545,0.001237,-0.0,-0.0,-0.0,0.0,-0.0,-0.0,0.0,0.0,-0.0,0.0,5,0,-1,42.37,Driving,False,-0.008,0.525,-0.002,0.3,False,False,1,,,,NONE,False,Green,30.0
252,15.8381,10.9,373,Vehicle 4,vehicle,vehicle.tesla.model3,hero_3,52.3826,330.5545,0.0017,0.0,-0.0002,-0.0709,52.3826,-330.5545,0.001237,-0.0,0.0,-0.0,0.0,0.0,0.0,0.0,-0.0,-0.0,-0.0,5,0,-1,42.37,Driving,False,-0.008,0.525,-0.002,0.3,False,False,1,,,,NONE,False,Green,30.0
253,15.8881,10.95,373,Vehicle 4,vehicle,vehicle.tesla.model3,hero_3,52.3826,330.5545,0.0017,0.0,-0.0002,-0.0709,52.3826,-330.5545,0.001237,-0.0,0.0,-0.0,0.0,-0.0,0.0,-0.0,-0.0,-0.0,0.0,5,0,-1,42.37,Driving,False,-0.008,0.525,-0.002,0.3,False,False,1,,,,NONE,False,Green,30.0
254,15.9381,11.0,373,Vehicle 4,vehicle,vehicle.tesla.model3,hero_3,52.3826,330.5545,0.0017,0.0,-0.0002,-0.0709,52.3826,-330.5545,0.001237,-0.0,0.0,-0.0,0.0,0.0,-0.0,-0.0,-0.0,-0.0,-0.0,5,0,-1,42.37,Driving,False,-0.008,0.525,-0.002,0.3,False,False,1,,,,NONE,False,Green,30.0
255,15.9881,11.05,373,Vehicle 4,vehicle,vehicle.tesla.model3,hero_3,52.3826,330.5545,0.0017,0.0,-0.0002,-0.0709,52.3826,-330.5545,0.001237,0.0,0.0,-0.0,0.0,0.0,0.0,-0.0,-0.0,0.0,-0.0,5,0,-1,42.37,Driving,False,-0.008,0.525,-0.004,0.3,False,False,1,,,,NONE,False,Green,30.0
256,16.0381,11.1,373,Vehicle 4,vehicle,vehicle.tesla.model3,hero_3,52.3826,330.5545,0.0017,0.0,-0.0002,-0.0709,52.3826,-330.5545,0.001237,-0.0,-0.0,-0.0,0.0,-0.0,-0.0,0.0,0.0,-0.0,-0.0,5,0,-1,42.37,Driving,False,-0.008,0.525,-0.004,0.3,False,False,1,,,,NONE,False,Green,30.0
257,16.0881,11.15,373,Vehicle 4,vehicle,vehicle.tesla.model3,hero_3,52.3826,330.5545,0.0017,0.0,-0.0002,-0.0709,52.3826,-330.5545,0.001237,0.0,0.0,-0.0,0.0,0.0,0.0,-0.0,-0.0,0.0,-0.0,5,0,-1,42.37,Driving,False,-0.008,0.525,-0.004,0.3,False,False,1,,,,NONE,False,Green,30.0
258,16.1381,11.2,373,Vehicle 4,vehicle,vehicle.tesla.model3,hero_3,52.3826,330.5545,0.0017,0.0,-0.0002,-0.0709,52.3826,-330.5545,0.001237,0.0,0.0,-0.0,0.0,-0.0,-0.0,0.0,0.0,0.0,-0.0,5,0,-1,42.37,Driving,False,-0.008,0.525,-0.004,0.3,False,False,1,,,,NONE,False,Green,30.0
259,16.1881,11.25,373,Vehicle 4,vehicle,vehicle.tesla.model3,hero_3,52.3826,330.5545,0.0017,0.0,-0.0002,-0.0709,52.3826,-330.5545,0.001237,0.0,0.0,-0.0,0.0,-0.0,0.0,0.0,0.0,0.0,-0.0,5,0,-1,42.37,Driving,False,-0.008,0.525,-0.001,0.3,False,False,1,,,,NONE,False,Green,30.0
260,16.2381,11.3,373,Vehicle 4,vehicle,vehicle.tesla.model3,hero_3,52.3826,330.5545,0.0017,0.0,-0.0002,-0.0709,52.3826,-330.5545,0.001237,0.0,0.0,-0.0,0.0,-0.0,0.0,-0.0,-0.0,0.0,0.0,5,0,-1,42.37,Driving,False,-0.008,0.525,-0.001,0.3,False,False,1,,,,NONE,False,Green,30.0
261,16.2881,11.35,373,Vehicle 4,vehicle,vehicle.tesla.model3,hero_3,52.3826,330.5545,0.0017,0.0,-0.0002,-0.0709,52.3826,-330.5545,0.001237,0.0,0.0,-0.0,0.0,0.0,-0.0,-0.0,-0.0,0.0,-0.0,5,0,-1,42.37,Driving,False,-0.008,0.525,-0.001,0.3,False,False,1,,,,NONE,False,Green,30.0
262,16.3381,11.4,373,Vehicle 4,vehicle,vehicle.tesla.model3,hero_3,52.3826,330.5545,0.0017,0.0,-0.0002,-0.0709,52.3826,-330.5545,0.001237,0.0,0.0,-0.0,0.0,0.0,0.0,-0.0,-0.0,0.0,-0.0,5,0,-1,42.37,Driving,False,-0.008,0.525,-0.001,0.3,False,False,1,,,,NONE,False,Green,30.0
263,16.3881,11.45,373,Vehicle 4,vehicle,vehicle.tesla.model3,hero_3,52.3826,330.5545,0.0017,0.0,-0.0002,-0.0709,52.3826,-330.5545,0.001237,-0.0,-0.0,-0.0,0.0,-0.0,-0.0,0.0,0.0,-0.0,-0.0,5,0,-1,42.37,Driving,False,-0.008,0.525,-0.003,0.3,False,False,1,,,,NONE,False,Green,30.0
264,16.4381,11.5,373,Vehicle 4,vehicle,vehicle.tesla.model3,hero_3,52.3826,330.5545,0.0017,0.0,-0.0002,-0.0709,52.3826,-330.5545,0.001237,0.0,0.0,-0.0,0.0,0.0,0.0,-0.0,-0.0,0.0,-0.0,5,0,-1,42.37,Driving,False,-0.008,0.525,-0.003,0.3,False,False,1,,,,NONE,False,Green,30.0
265,16.4881,11.55,373,Vehicle 4,vehicle,vehicle.tesla.model3,hero_3,52.3826,330.5545,0.0017,0.0,-0.0002,-0.0709,52.3826,-330.5545,0.001237,0.0,0.0,-0.0,0.0,-0.0,-0.0,0.0,0.0,0.0,-0.0,5,0,-1,42.37,Driving,False,-0.008,0.525,-0.003,0.3,False,False,1,,,,NONE,False,Green,30.0
266,16.5381,11.6,373,Vehicle 4,vehicle,vehicle.tesla.model3,hero_3,52.3826,330.5545,0.0017,0.0,-0.0002,-0.0709,52.3826,-330.5545,0.001237,0.0,0.0,-0.0,0.0,-0.0,0.0,0.0,0.0,0.0,-0.0,5,0,-1,42.37,Driving,False,-0.008,0.525,-0.003,0.3,False,False,1,,,,NONE,False,Green,30.0
267,16.5881,11.65,373,Vehicle 4,vehicle,vehicle.tesla.model3,hero_3,52.3826,330.5545,0.0017,0.0,-0.0002,-0.0709,52.3826,-330.5545,0.001237,0.0,0.0,-0.0,0.0,-0.0,0.0,0.0,0.0,0.0,-0.0,5,0,-1,42.37,Driving,False,-0.008,0.525,-0.002,0.3,False,False,1,,,,NONE,False,Green,30.0
268,16.6381,11.7,373,Vehicle 4,vehicle,vehicle.tesla.model3,hero_3,52.3826,330.5545,0.0017,0.0,-0.0002,-0.0709,52.3826,-330.5545,0.001237,0.0,0.0,-0.0,0.0,-0.0,0.0,0.0,0.0,0.0,-0.0,5,0,-1,42.37,Driving,False,-0.008,0.525,-0.002,0.3,False,False,1,,,,NONE,False,Green,30.0
269,16.6881,11.75,373,Vehicle 4,vehicle,vehicle.tesla.model3,hero_3,52.3826,330.5545,0.0017,0.0,-0.0002,-0.0709,52.3826,-330.5545,0.001237,-0.0,0.0,-0.0,0.0,-0.0,0.0,0.0,-0.0,-0.0,-0.0,5,0,-1,42.37,Driving,False,-0.008,0.525,-0.002,0.3,False,False,1,,,,NONE,False,Green,30.0
270,16.7381,11.8,373,Vehicle 4,vehicle,vehicle.tesla.model3,hero_3,52.3826,330.5545,0.0017,0.0,-0.0002,-0.0709,52.3826,-330.5545,0.001237,-0.0,0.0,-0.0,0.0,-0.0,0.0,-0.0,-0.0,-0.0,0.0,5,0,-1,42.37,Driving,False,-0.008,0.525,-0.002,0.3,False,False,1,,,,NONE,False,Green,30.0
271,16.7881,11.85,373,Vehicle 4,vehicle,vehicle.tesla.model3,hero_3,52.3826,330.5545,0.0017,0.0,-0.0002,-0.0709,52.3826,-330.5545,0.001237,-0.0,0.0,-0.0,0.0,-0.0,0.0,-0.0,-0.0,-0.0,0.0,5,0,-1,42.37,Driving,False,-0.008,0.525,-0.005,0.3,False,False,1,,,,NONE,False,Green,30.0
272,16.8381,11.9,373,Vehicle 4,vehicle,vehicle.tesla.model3,hero_3,52.3826,330.5545,0.0017,0.0,-0.0002,-0.0709,52.3826,-330.5545,0.001237,-0.0,0.0,-0.0,0.0,0.0,-0.0,-0.0,-0.0,-0.0,-0.0,5,0,-1,42.37,Driving,False,-0.008,0.525,-0.005,0.3,False,False,1,,,,NONE,False,Green,30.0
273,16.8881,11.95,373,Vehicle 4,vehicle,vehicle.tesla.model3,hero_3,52.3826,330.5545,0.0017,0.0,-0.0002,-0.0709,52.3826,-330.5545,0.001237,-0.0,0.0,-0.0,0.0,0.0,0.0,-0.0,-0.0,-0.0,-0.0,5,0,-1,42.37,Driving,False,-0.008,0.525,-0.005,0.3,False,False,1,,,,NONE,False,Green,30.0
274,16.9381,12.0,373,Vehicle 4,vehicle,vehicle.tesla.model3,hero_3,52.3826,330.5545,0.0017,0.0,-0.0002,-0.0709,52.3826,-330.5545,0.001237,-0.0,-0.0,-0.0,0.0,-0.0,-0.0,0.0,0.0,-0.0,-0.0,5,0,-1,42.37,Driving,False,-0.008,0.525,-0.005,0.3,False,False,1,,,,NONE,False,Green,30.0
275,16.9881,12.05,373,Vehicle 4,vehicle,vehicle.tesla.model3,hero_3,52.3826,330.5545,0.0017,0.0,-0.0002,-0.0709,52.3826,-330.5545,0.001237,0.0,0.0,-0.0,0.0,0.0,0.0,-0.0,-0.0,0.0,-0.0,5,0,-1,42.37,Driving,False,-0.008,0.525,-0.004,0.3,False,False,1,,,,NONE,False,Green,30.0
276,17.0381,12.1,373,Vehicle 4,vehicle,vehicle.tesla.model3,hero_3,52.3826,330.5545,0.0017,0.0,-0.0002,-0.0709,52.3826,-330.5545,0.001237,0.0,0.0,-0.0,0.0,-0.0,-0.0,0.0,0.0,0.0,-0.0,5,0,-1,42.37,Driving,False,-0.008,0.525,-0.004,0.3,False,False,1,,,,NONE,False,Green,30.0
277,17.0881,12.15,373,Vehicle 4,vehicle,vehicle.tesla.model3,hero_3,52.3826,330.5545,0.0017,0.0,-0.0002,-0.0709,52.3826,-330.5545,0.001237,-0.0,0.0,0.0,0.0,-0.0,0.0,0.0,-0.0,-0.0,-0.0,5,0,-1,42.37,Driving,False,-0.008,0.525,-0.004,0.3,False,False,1,,,,NONE,False,Green,30.0
278,17.1381,12.2,373,Vehicle 4,vehicle,vehicle.tesla.model3,hero_3,52.3826,330.5545,0.0017,0.0,-0.0002,-0.0709,52.3826,-330.5545,0.001237,-0.0,0.0,-0.0,0.0,-0.0,0.0,-0.0,-0.0,-0.0,0.0,5,0,-1,42.37,Driving,False,-0.008,0.525,-0.004,0.3,False,False,1,,,,NONE,False,Green,30.0
279,17.1881,12.25,373,Vehicle 4,vehicle,vehicle.tesla.model3,hero_3,52.3826,330.5545,0.0017,0.0,-0.0002,-0.0709,52.3826,-330.5545,0.001237,-0.0,0.0,-0.0,0.0,-0.0,0.0,-0.0,-0.0,-0.0,-0.0,5,0,-1,42.37,Driving,False,-0.008,0.525,-0.004,0.3,False,False,1,,,,NONE,False,Green,30.0
280,17.2381,12.3,373,Vehicle 4,vehicle,vehicle.tesla.model3,hero_3,52.3826,330.5545,0.0017,0.0,-0.0002,-0.0709,52.3826,-330.5545,0.001237,0.0,0.0,-0.0,0.0,0.0,0.0,-0.0,-0.0,-0.0,0.0,5,0,-1,42.37,Driving,False,-0.008,0.525,-0.004,0.3,False,False,1,,,,NONE,False,Green,30.0
281,17.2881,12.35,373,Vehicle 4,vehicle,vehicle.tesla.model3,hero_3,52.3826,330.5545,0.0017,0.0,-0.0002,-0.0709,52.3826,-330.5545,0.001237,-0.0,0.0,-0.0,0.0,-0.0,-0.0,-0.0,-0.0,0.0,0.0,5,0,-1,42.37,Driving,False,-0.008,0.525,-0.004,0.3,False,False,1,,,,NONE,False,Green,30.0
282,17.3381,12.4,373,Vehicle 4,vehicle,vehicle.tesla.model3,hero_3,52.3826,330.5545,0.0017,0.0,-0.0002,-0.0709,52.3826,-330.5545,0.001237,0.0,0.0,-0.0,0.0,0.0,-0.0,-0.0,-0.0,0.0,0.0,5,0,-1,42.37,Driving,False,-0.008,0.525,-0.004,0.3,False,False,1,,,,NONE,False,Green,30.0
283,17.3881,12.45,373,Vehicle 4,vehicle,vehicle.tesla.model3,hero_3,52.3826,330.5545,0.0017,0.0,-0.0002,-0.0709,52.3826,-330.5545,0.001237,0.0,-0.0,-0.0,0.0,0.0,-0.0,0.0,0.0,0.0,-0.0,5,0,-1,42.37,Driving,False,-0.008,0.525,-0.004,0.3,False,False,1,,,,NONE,False,Green,30.0
284,17.4381,12.5,373,Vehicle 4,vehicle,vehicle.tesla.model3,hero_3,52.3826,330.5545,0.0017,0.0,-0.0002,-0.0709,52.3826,-330.5545,0.001237,0.0,0.0,-0.0,0.0,-0.0,0.0,0.0,0.0,0.0,-0.0,5,0,-1,42.37,Driving,False,-0.008,0.525,-0.004,0.3,False,False,1,,,,NONE,False,Green,30.0
285,17.4881,12.55,373,Vehicle 4,vehicle,vehicle.tesla.model3,hero_3,52.3826,330.5545,0.0017,0.0,-0.0002,-0.0709,52.3826,-330.5545,0.001237,0.0,0.0,0.0,0.0,-0.0,-0.0,0.0,0.0,0.0,0.0,5,0,-1,42.37,Driving,False,-0.008,0.525,-0.004,0.3,False,False,1,,,,NONE,False,Green,30.0
286,17.5381,12.6,373,Vehicle 4,vehicle,vehicle.tesla.model3,hero_3,52.3826,330.5545,0.0017,0.0,-0.0002,-0.0709,52.3826,-330.5545,0.001237,-0.0,0.0,-0.0,0.0,-0.0,0.0,-0.0,-0.0,-0.0,0.0,5,0,-1,42.37,Driving,False,-0.008,0.525,-0.004,0.3,False,False,1,,,,NONE,False,Green,30.0
287,17.5881,12.65,373,Vehicle 4,vehicle,vehicle.tesla.model3,hero_3,52.3826,330.5545,0.0017,0.0,-0.0002,-0.0709,52.3826,-330.5545,0.001237,-0.0,0.0,-0.0,0.0,-0.0,0.0,0.0,-0.0,-0.0,0.0,5,0,-1,42.37,Driving,False,-0.008,0.525,-0.007,0.3,False,False,1,,,,NONE,False,Green,30.0
288,17.6381,12.7,373,Vehicle 4,vehicle,vehicle.tesla.model3,hero_3,52.3826,330.5545,0.0017,0.0,-0.0002,-0.0709,52.3826,-330.5545,0.001237,-0.0,0.0,-0.0,0.0,-0.0,0.0,-0.0,-0.0,-0.0,-0.0,5,0,-1,42.37,Driving,False,-0.008,0.525,-0.007,0.3,False,False,1,,,,NONE,False,Green,30.0
289,17.6881,12.75,373,Vehicle 4,vehicle,vehicle.tesla.model3,hero_3,52.3826,330.5545,0.0017,0.0,-0.0002,-0.0709,52.3826,-330.5545,0.001237,0.0,0.0,-0.0,0.0,0.0,0.0,-0.0,-0.0,-0.0,0.0,5,0,-1,42.37,Driving,False,-0.008,0.525,-0.007,0.3,False,False,1,,,,NONE,False,Green,30.0
290,17.7381,12.8,373,Vehicle 4,vehicle,vehicle.tesla.model3,hero_3,52.3826,330.5545,0.0017,0.0,-0.0002,-0.0709,52.3826,-330.5545,0.001237,0.0,0.0,-0.0,0.0,0.0,-0.0,-0.0,-0.0,0.0,-0.0,5,0,-1,42.37,Driving,False,-0.008,0.525,-0.007,0.3,False,False,1,,,,NONE,False,Green,30.0
291,17.7881,12.85,373,Vehicle 4,vehicle,vehicle.tesla.model3,hero_3,52.3826,330.5545,0.0017,0.0,-0.0002,-0.0709,52.3826,-330.5545,0.001237,0.0,0.0,-0.0,0.0,-0.0,0.0,-0.0,-0.0,0.0,0.0,5,0,-1,42.37,Driving,False,-0.008,0.525,-0.004,0.3,False,False,1,,,,NONE,False,Green,30.0
292,17.8381,12.9,373,Vehicle 4,vehicle,vehicle.tesla.model3,hero_3,52.3826,330.5545,0.0017,0.0,-0.0002,-0.0709,52.3826,-330.5545,0.001237,0.0,0.0,-0.0,0.0,0.0,-0.0,0.0,0.0,0.0,-0.0,5,0,-1,42.37,Driving,False,-0.008,0.525,-0.004,0.3,False,False,1,,,,NONE,False,Green,30.0
293,17.8881,12.95,373,Vehicle 4,vehicle,vehicle.tesla.model3,hero_3,52.3826,330.5545,0.0017,0.0,-0.0002,-0.0709,52.3826,-330.5545,0.001237,0.0,0.0,-0.0,0.0,-0.0,-0.0,0.0,-0.0,0.0,-0.0,5,0,-1,42.37,Driving,False,-0.008,0.525,-0.004,0.3,False,False,1,,,,NONE,False,Green,30.0
294,17.9381,13.0,373,Vehicle 4,vehicle,vehicle.tesla.model3,hero_3,52.3826,330.5545,0.0017,0.0,-0.0002,-0.0709,52.3826,-330.5545,0.001237,-0.0,0.0,-0.0,0.0,-0.0,0.0,0.0,-0.0,-0.0,-0.0,5,0,-1,42.37,Driving,False,-0.008,0.525,-0.004,0.3,False,False,1,,,,NONE,False,Green,30.0
295,17.9881,13.05,373,Vehicle 4,vehicle,vehicle.tesla.model3,hero_3,52.3826,330.5545,0.0017,0.0,-0.0002,-0.0709,52.3826,-330.5545,0.001237,-0.0,0.0,-0.0,0.0,-0.0,0.0,-0.0,-0.0,-0.0,0.0,5,0,-1,42.37,Driving,False,-0.008,0.525,-0.007,0.3,False,False,1,,,,NONE,False,Green,30.0
296,18.0381,13.1,373,Vehicle 4,vehicle,vehicle.tesla.model3,hero_3,52.3826,330.5545,0.0017,0.0,-0.0002,-0.0709,52.3826,-330.5545,0.001237,-0.0,-0.0,-0.0,0.0,-0.0,-0.0,-0.0,0.0,-0.0,-0.0,5,0,-1,42.37,Driving,False,-0.008,0.525,-0.007,0.3,False,False,1,,,,NONE,False,Green,30.0
297,18.0881,13.15,373,Vehicle 4,vehicle,vehicle.tesla.model3,hero_3,52.3826,330.5545,0.0017,0.0,-0.0002,-0.0709,52.3826,-330.5545,0.001237,-0.0,0.0,-0.0,0.0,0.0,0.0,-0.0,-0.0,-0.0,0.0,5,0,-1,42.37,Driving,False,-0.008,0.525,-0.007,0.3,False,False,1,,,,NONE,False,Green,30.0
298,18.1381,13.2,373,Vehicle 4,vehicle,vehicle.tesla.model3,hero_3,52.3826,330.5545,0.0017,0.0,-0.0002,-0.0709,52.3826,-330.5545,0.001237,-0.0,0.0,-0.0,0.0,-0.0,0.0,-0.0,-0.0,0.0,0.0,5,0,-1,42.37,Driving,False,-0.008,0.525,-0.007,0.3,False,False,1,,,,NONE,False,Green,30.0
299,18.1881,13.25,373,Vehicle 4,vehicle,vehicle.tesla.model3,hero_3,52.3826,330.5545,0.0017,0.0,-0.0002,-0.0709,52.3826,-330.5545,0.001237,0.0,0.0,-0.0,0.0,0.0,-0.0,-0.0,-0.0,0.0,-0.0,5,0,-1,42.37,Driving,False,-0.008,0.525,-0.005,0.3,False,False,1,,,,NONE,False,Green,30.0
300,18.2381,13.3,373,Vehicle 4,vehicle,vehicle.tesla.model3,hero_3,52.3826,330.5545,0.0017,0.0,-0.0002,-0.0709,52.3826,-330.5545,0.001237,-0.0,-0.0,-0.0,0.0,-0.0,-0.0,0.0,0.0,-0.0,-0.0,5,0,-1,42.37,Driving,False,-0.008,0.525,-0.005,0.3,False,False,1,,,,NONE,False,Green,30.0
301,18.2881,13.35,373,Vehicle 4,vehicle,vehicle.tesla.model3,hero_3,52.3826,330.5545,0.0017,0.0,-0.0002,-0.0709,52.3826,-330.5545,0.001237,0.0,0.0,-0.0,0.0,0.0,0.0,0.0,0.0,0.0,-0.0,5,0,-1,42.37,Driving,False,-0.008,0.525,-0.005,0.3,False,False,1,,,,NONE,False,Green,30.0
302,18.3381,13.4,373,Vehicle 4,vehicle,vehicle.tesla.model3,hero_3,52.3826,330.5545,0.0017,0.0,-0.0002,-0.0709,52.3826,-330.5545,0.001237,-0.0,0.0,0.0,0.0,-0.0,0.0,0.0,-0.0,-0.0,-0.0,5,0,-1,42.37,Driving,False,-0.008,0.525,-0.005,0.3,False,False,1,,,,NONE,False,Green,30.0
303,18.3881,13.45,373,Vehicle 4,vehicle,vehicle.tesla.model3,hero_3,52.3826,330.5545,0.0017,0.0,-0.0002,-0.0709,52.3826,-330.5545,0.001237,-0.0,0.0,-0.0,0.0,-0.0,0.0,-0.0,-0.0,-0.0,0.0,5,0,-1,42.37,Driving,False,-0.008,0.525,-0.006,0.3,False,False,1,,,,NONE,False,Green,30.0
304,18.4381,13.5,373,Vehicle 4,vehicle,vehicle.tesla.model3,hero_3,52.3826,330.5545,0.0017,0.0,-0.0002,-0.0709,52.3826,-330.5545,0.001237,-0.0,0.0,-0.0,0.0,-0.0,0.0,-0.0,-0.0,-0.0,0.0,5,0,-1,42.37,Driving,False,-0.008,0.525,-0.006,0.3,False,False,1,,,,NONE,False,Green,30.0
305,18.4881,13.55,373,Vehicle 4,vehicle,vehicle.tesla.model3,hero_3,52.3826,330.5545,0.0017,0.0,-0.0002,-0.0709,52.3826,-330.5545,0.001237,-0.0,0.0,-0.0,0.0,0.0,0.0,-0.0,-0.0,-0.0,0.0,5,0,-1,42.37,Driving,False,-0.008,0.525,-0.006,0.3,False,False,1,,,,NONE,False,Green,30.0
306,18.5381,13.6,373,Vehicle 4,vehicle,vehicle.tesla.model3,hero_3,52.3826,330.5545,0.0017,0.0,-0.0002,-0.0709,52.3826,-330.5545,0.001237,-0.0,0.0,-0.0,0.0,0.0,-0.0,-0.0,-0.0,-0.0,0.0,5,0,-1,42.37,Driving,False,-0.008,0.525,-0.006,0.3,False,False,1,,,,NONE,False,Green,30.0
307,18.5881,13.65,373,Vehicle 4,vehicle,vehicle.tesla.model3,hero_3,52.3826,330.5545,0.0017,0.0,-0.0002,-0.0709,52.3826,-330.5545,0.001237,0.0,0.0,-0.0,0.0,0.0,0.0,-0.0,-0.0,0.0,-0.0,5,0,-1,42.37,Driving,False,-0.008,0.525,-0.004,0.3,False,False,1,,,,NONE,False,Green,30.0
308,18.6381,13.7,373,Vehicle 4,vehicle,vehicle.tesla.model3,hero_3,52.3826,330.5545,0.0017,0.0,-0.0002,-0.0709,52.3826,-330.5545,0.001237,-0.0,-0.0,-0.0,0.0,-0.0,-0.0,0.0,0.0,-0.0,-0.0,5,0,-1,42.37,Driving,False,-0.008,0.525,-0.004,0.3,False,False,1,,,,NONE,False,Green,30.0
309,18.6881,13.75,373,Vehicle 4,vehicle,vehicle.tesla.model3,hero_3,52.3826,330.5545,0.0017,0.0,-0.0002,-0.0709,52.3826,-330.5545,0.001237,0.0,0.0,-0.0,0.0,0.0,0.0,0.0,0.0,0.0,-0.0,5,0,-1,42.37,Driving,False,-0.008,0.525,-0.004,0.3,False,False,1,,,,NONE,False,Green,30.0
310,18.7381,13.8,373,Vehicle 4,vehicle,vehicle.tesla.model3,hero_3,52.3826,330.5545,0.0017,0.0,-0.0002,-0.0709,52.3826,-330.5545,0.001237,0.0,0.0,-0.0,0.0,-0.0,0.0,0.0,-0.0,0.0,-0.0,5,0,-1,42.37,Driving,False,-0.008,0.525,-0.004,0.3,False,False,1,,,,NONE,False,Green,30.0
311,18.7881,13.85,373,Vehicle 4,vehicle,vehicle.tesla.model3,hero_3,52.3826,330.5545,0.0017,0.0,-0.0002,-0.0709,52.3826,-330.5545,0.001237,-0.0,0.0,-0.0,0.0,-0.0,0.0,0.0,-0.0,-0.0,0.0,5,0,-1,42.37,Driving,False,-0.008,0.525,-0.006,0.3,False,False,1,,,,NONE,False,Green,30.0
312,18.8381,13.9,373,Vehicle 4,vehicle,vehicle.tesla.model3,hero_3,52.3826,330.5545,0.0017,0.0,-0.0002,-0.0709,52.3826,-330.5545,0.001237,-0.0,0.0,-0.0,0.0,-0.0,0.0,-0.0,-0.0,-0.0,0.0,5,0,-1,42.37,Driving,False,-0.008,0.525,-0.006,0.3,False,False,1,,,,NONE,False,Green,30.0
313,18.8881,13.95,373,Vehicle 4,vehicle,vehicle.tesla.model3,hero_3,52.3826,330.5545,0.0017,0.0,-0.0002,-0.0709,52.3826,-330.5545,0.001237,-0.0,0.0,-0.0,0.0,-0.0,0.0,-0.0,-0.0,-0.0,-0.0,5,0,-1,42.37,Driving,False,-0.008,0.525,-0.006,0.3,False,False,1,,,,NONE,False,Green,30.0
314,18.9381,14.0,373,Vehicle 4,vehicle,vehicle.tesla.model3,hero_3,52.3826,330.5545,0.0017,0.0,-0.0002,-0.0709,52.3826,-330.5545,0.001237,-0.0,0.0,-0.0,0.0,0.0,-0.0,-0.0,-0.0,-0.0,-0.0,5,0,-1,42.37,Driving,False,-0.008,0.525,-0.006,0.3,False,False,1,,,,NONE,False,Green,30.0
315,18.9881,14.05,373,Vehicle 4,vehicle,vehicle.tesla.model3,hero_3,52.3826,330.5545,0.0017,0.0,-0.0002,-0.0709,52.3826,-330.5545,0.001237,0.0,0.0,-0.0,0.0,0.0,0.0,-0.0,-0.0,0.0,-0.0,5,0,-1,42.37,Driving,False,-0.008,0.525,-0.004,0.3,False,False,1,,,,NONE,False,Green,30.0
316,19.0381,14.1,373,Vehicle 4,vehicle,vehicle.tesla.model3,hero_3,52.3826,330.5545,0.0017,0.0,-0.0002,-0.0709,52.3826,-330.5545,0.001237,0.0,0.0,-0.0,0.0,0.0,0.0,-0.0,-0.0,0.0,0.0,5,0,-1,42.37,Driving,False,-0.008,0.525,-0.004,0.3,False,False,1,,,,NONE,False,Green,30.0
317,19.0881,14.15,373,Vehicle 4,vehicle,vehicle.tesla.model3,hero_3,52.3826,330.5545,0.0017,0.0,-0.0002,-0.0709,52.3826,-330.5545,0.001237,0.0,0.0,-0.0,0.0,0.0,-0.0,0.0,0.0,0.0,-0.0,5,0,-1,42.37,Driving,False,-0.008,0.525,-0.004,0.3,False,False,1,,,,NONE,False,Green,30.0
318,19.1381,14.2,373,Vehicle 4,vehicle,vehicle.tesla.model3,hero_3,52.3826,330.5545,0.0017,0.0,-0.0002,-0.0709,52.3826,-330.5545,0.001237,0.0,0.0,-0.0,0.0,-0.0,-0.0,0.0,-0.0,0.0,-0.0,5,0,-1,42.37,Driving,False,-0.008,0.525,-0.004,0.3,False,False,1,,,,NONE,False,Green,30.0
319,19.1881,14.25,373,Vehicle 4,vehicle,vehicle.tesla.model3,hero_3,52.3826,330.5545,0.0017,0.0,-0.0002,-0.0709,52.3826,-330.5545,0.001237,-0.0,0.0,0.0,0.0,-0.0,0.0,0.0,-0.0,-0.0,-0.0,5,0,-1,42.37,Driving,False,-0.008,0.525,-0.005,0.3,False,False,1,,,,NONE,False,Green,30.0
320,19.2381,14.3,373,Vehicle 4,vehicle,vehicle.tesla.model3,hero_3,52.3826,330.5545,0.0017,0.0,-0.0002,-0.0709,52.3826,-330.5545,0.001237,-0.0,0.0,-0.0,0.0,-0.0,0.0,-0.0,-0.0,-0.0,0.0,5,0,-1,42.37,Driving,False,-0.008,0.525,-0.005,0.3,False,False,1,,,,NONE,False,Green,30.0
321,19.2881,14.35,373,Vehicle 4,vehicle,vehicle.tesla.model3,hero_3,52.3826,330.5545,0.0017,0.0,-0.0002,-0.0709,52.3826,-330.5545,0.001237,-0.0,0.0,-0.0,0.0,-0.0,0.0,-0.0,-0.0,-0.0,0.0,5,0,-1,42.37,Driving,False,-0.008,0.525,-0.005,0.3,False,False,1,,,,NONE,False,Green,30.0
322,19.3381,14.4,373,Vehicle 4,vehicle,vehicle.tesla.model3,hero_3,52.3826,330.5545,0.0017,0.0,-0.0002,-0.0709,52.3826,-330.5545,0.001237,0.0,0.0,-0.0,0.0,0.0,0.0,-0.0,-0.0,-0.0,0.0,5,0,-1,42.37,Driving,False,-0.008,0.525,-0.005,0.3,False,False,1,,,,NONE,False,Green,30.0
323,19.3881,14.45,373,Vehicle 4,vehicle,vehicle.tesla.model3,hero_3,52.3826,330.5545,0.0017,0.0,-0.0002,-0.0709,52.3826,-330.5545,0.001237,-0.0,-0.0,-0.0,0.0,-0.0,-0.0,-0.0,0.0001,-0.0,-0.0,5,0,-1,42.37,Driving,False,-0.008,0.525,-0.005,0.3,False,False,1,,,,NONE,False,Green,30.0
324,19.4381,14.5,373,Vehicle 4,vehicle,vehicle.tesla.model3,hero_3,52.3826,330.5545,0.0017,0.0,-0.0002,-0.0709,52.3826,-330.5545,0.001237,0.0,0.0,-0.0,0.0,0.0,0.0,-0.0,-0.0,0.0,-0.0,5,0,-1,42.37,Driving,False,-0.008,0.525,-0.005,0.3,False,False,1,,,,NONE,False,Green,30.0
325,19.4881,14.55,373,Vehicle 4,vehicle,vehicle.tesla.model3,hero_3,52.3826,330.5545,0.0017,0.0,-0.0002,-0.0709,52.3826,-330.5545,0.001237,0.0,0.0,-0.0,0.0,0.0,0.0,0.0,-0.0,0.0,-0.0,5,0,-1,42.37,Driving,False,-0.008,0.525,-0.005,0.3,False,False,1,,,,NONE,False,Green,30.0
326,19.5381,14.6,373,Vehicle 4,vehicle,vehicle.tesla.model3,hero_3,52.3826,330.5545,0.0017,0.0,-0.0002,-0.0709,52.3826,-330.5545,0.001237,0.0,0.0,-0.0,0.0,0.0,-0.0,0.0,0.0,0.0,-0.0,5,0,-1,42.37,Driving,False,-0.008,0.525,-0.005,0.3,False,False,1,,,,NONE,False,Green,30.0
327,19.5881,14.65,373,Vehicle 4,vehicle,vehicle.tesla.model3,hero_3,52.3826,330.5545,0.0017,0.0,-0.0002,-0.0709,52.3826,-330.5545,0.001237,0.0,0.0,0.0,0.0,-0.0,-0.0,0.0,0.0,0.0,0.0,5,0,-1,42.37,Driving,False,-0.008,0.525,-0.006,0.3,False,False,1,,,,NONE,False,Green,30.0
328,19.6381,14.7,373,Vehicle 4,vehicle,vehicle.tesla.model3,hero_3,52.3826,330.5545,0.0017,0.0,-0.0002,-0.0709,52.3826,-330.5545,0.001237,-0.0,0.0,-0.0,0.0,-0.0,0.0,-0.0,-0.0,-0.0,0.0,5,0,-1,42.37,Driving,False,-0.008,0.525,-0.006,0.3,False,False,1,,,,NONE,False,Green,30.0
329,19.6881,14.75,373,Vehicle 4,vehicle,vehicle.tesla.model3,hero_3,52.3826,330.5545,0.0017,0.0,-0.0002,-0.0709,52.3826,-330.5545,0.001237,-0.0,0.0,-0.0,0.0,-0.0,0.0,-0.0,-0.0,-0.0,0.0,5,0,-1,42.37,Driving,False,-0.008,0.525,-0.006,0.3,False,False,1,,,,NONE,False,Green,30.0
330,19.7381,14.8,373,Vehicle 4,vehicle,vehicle.tesla.model3,hero_3,52.3826,330.5545,0.0017,0.0,-0.0002,-0.0709,52.3826,-330.5545,0.001237,-0.0,0.0,0.0,0.0,-0.0,0.0,0.0,-0.0,-0.0,-0.0,5,0,-1,42.37,Driving,False,-0.008,0.525,-0.006,0.3,False,False,1,,,,NONE,False,Green,30.0
331,19.7881,14.85,373,Vehicle 4,vehicle,vehicle.tesla.model3,hero_3,52.3826,330.5545,0.0017,0.0,-0.0002,-0.0709,52.3826,-330.5545,0.001237,-0.0,0.0,0.0,0.0,-0.0,-0.0,0.0,-0.0,-0.0,0.0,5,0,-1,42.37,Driving,False,-0.008,0.525,-0.004,0.3,False,False,1,,,,NONE,False,Green,30.0
332,19.8381,14.9,373,Vehicle 4,vehicle,vehicle.tesla.model3,hero_3,52.3826,330.5545,0.0017,0.0,-0.0002,-0.0709,52.3826,-330.5545,0.001237,-0.0,0.0,-0.0,0.0,0.0,0.0,-0.0,-0.0,-0.0,0.0,5,0,-1,42.37,Driving,False,-0.008,0.525,-0.004,0.3,False,False,1,,,,NONE,False,Green,30.0
333,19.8881,14.95,373,Vehicle 4,vehicle,vehicle.tesla.model3,hero_3,52.3826,330.5545,0.0017,0.0,-0.0002,-0.0709,52.3826,-330.5545,0.001237,-0.0,0.0,-0.0,0.0,0.0,0.0,-0.0,-0.0,-0.0,-0.0,5,0,-1,42.37,Driving,False,-0.008,0.525,-0.004,0.3,False,False,1,,,,NONE,False,Green,30.0
334,19.9381,15.0,373,Vehicle 4,vehicle,vehicle.tesla.model3,hero_3,52.3826,330.5545,0.0017,0.0,-0.0002,-0.0709,52.3826,-330.5545,0.001237,-0.0,-0.0,-0.0,0.0,-0.0,-0.0,0.0,0.0,-0.0,-0.0,5,0,-1,42.37,Driving,False,-0.008,0.525,-0.004,0.3,False,False,1,,,,NONE,False,Green,30.0
335,19.9881,15.05,373,Vehicle 4,vehicle,vehicle.tesla.model3,hero_3,52.3826,330.5545,0.0017,0.0,-0.0002,-0.0709,52.3826,-330.5545,0.001237,0.0,0.0,-0.0,0.0,0.0,0.0,-0.0,-0.0,0.0,0.0,5,0,-1,42.37,Driving,False,-0.008,0.525,-0.005,0.3,False,False,1,,,,NONE,False,Green,30.0
336,20.0381,15.1,373,Vehicle 4,vehicle,vehicle.tesla.model3,hero_3,52.3826,330.5545,0.0017,0.0,-0.0002,-0.0709,52.3826,-330.5545,0.001237,0.0,-0.0,0.0,0.0,0.0,-0.0,0.0,0.0,0.0,-0.0,5,0,-1,42.37,Driving,False,-0.008,0.525,-0.005,0.3,False,False,1,,,,NONE,False,Green,30.0
337,20.0881,15.15,373,Vehicle 4,vehicle,vehicle.tesla.model3,hero_3,52.3826,330.5545,0.0017,0.0,-0.0002,-0.0709,52.3826,-330.5545,0.001237,0.0,-0.0,0.0,0.0,0.0,-0.0,0.0,0.0,0.0,-0.0,5,0,-1,42.37,Driving,False,-0.008,0.525,-0.005,0.3,False,False,1,,,,NONE,False,Green,30.0
338,20.1381,15.2,373,Vehicle 4,vehicle,vehicle.tesla.model3,hero_3,52.3826,330.5545,0.0017,0.0,-0.0002,-0.0709,52.3826,-330.5545,0.001237,0.0,-0.0,0.0,0.0,0.0,-0.0,0.0,0.0,0.0,0.0,5,0,-1,42.37,Driving,False,-0.008,0.525,-0.005,0.3,False,False,1,,,,NONE,False,Green,30.0
339,20.1881,15.25,373,Vehicle 4,vehicle,vehicle.tesla.model3,hero_3,52.3826,330.5545,0.0017,0.0,-0.0002,-0.0709,52.3826,-330.5545,0.001237,-0.0,0.0,-0.0,0.0,-0.0,0.0,-0.0,-0.0,-0.0,0.0,5,0,-1,42.37,Driving,False,-0.008,0.525,-0.005,0.3,False,False,1,,,,NONE,False,Green,30.0
340,20.2381,15.3,373,Vehicle 4,vehicle,vehicle.tesla.model3,hero_3,52.3826,330.5545,0.0017,0.0,-0.0002,-0.0709,52.3826,-330.5545,0.001237,0.0,-0.0,-0.0,0.0,0.0,-0.0,-0.0,0.0,0.0,-0.0,5,0,-1,42.37,Driving,False,-0.008,0.525,-0.005,0.3,False,False,1,,,,NONE,False,Green,30.0
341,20.2881,15.35,373,Vehicle 4,vehicle,vehicle.tesla.model3,hero_3,52.3826,330.5545,0.0017,0.0,-0.0002,-0.0709,52.3826,-330.5545,0.001237,-0.0,-0.0,-0.0,0.0,-0.0,-0.0,0.0,0.0001,-0.0,-0.0,5,0,-1,42.37,Driving,False,-0.008,0.525,-0.005,0.3,False,False,1,,,,NONE,False,Green,30.0
342,20.3381,15.4,373,Vehicle 4,vehicle,vehicle.tesla.model3,hero_3,52.3826,330.5545,0.0017,0.0,-0.0002,-0.0709,52.3826,-330.5545,0.001237,-0.0,0.0,-0.0,0.0,0.0,0.0,0.0,-0.0,-0.0,-0.0,5,0,-1,42.37,Driving,False,-0.008,0.525,-0.005,0.3,False,False,1,,,,NONE,False,Green,30.0
343,20.3881,15.45,373,Vehicle 4,vehicle,vehicle.tesla.model3,hero_3,52.3826,330.5545,0.0017,0.0,-0.0002,-0.0709,52.3826,-330.5545,0.001237,0.0,-0.0,-0.0,0.0,0.0,-0.0,-0.0,0.0,0.0,-0.0,5,0,-1,42.37,Driving,False,-0.008,0.525,-0.006,0.3,False,False,1,,,,NONE,False,Green,30.0
344,20.4381,15.5,373,Vehicle 4,vehicle,vehicle.tesla.model3,hero_3,52.3826,330.5545,0.0017,0.0,-0.0002,-0.0709,52.3826,-330.5545,0.001237,0.0,-0.0,0.0,0.0,-0.0,0.0,0.0,0.0,0.0,-0.0,5,0,-1,42.37,Driving,False,-0.008,0.525,-0.006,0.3,False,False,1,,,,NONE,False,Green,30.0
345,20.4881,15.55,373,Vehicle 4,vehicle,vehicle.tesla.model3,hero_3,52.3826,330.5545,0.0017,0.0,-0.0002,-0.0709,52.3826,-330.5545,0.001237,0.0,-0.0,0.0,0.0,0.0,0.0,0.0,0.0,0.0,-0.0,5,0,-1,42.37,Driving,False,-0.008,0.525,-0.006,0.3,False,False,1,,,,NONE,False,Green,30.0
346,20.5381,15.6,373,Vehicle 4,vehicle,vehicle.tesla.model3,hero_3,52.3826,330.5545,0.0017,0.0,-0.0002,-0.0709,52.3826,-330.5545,0.001237,0.0,-0.0,0.0,0.0,0.0,-0.0,0.0,0.0,0.0,0.0,5,0,-1,42.37,Driving,False,-0.008,0.525,-0.006,0.3,False,False,1,,,,NONE,False,Green,30.0
347,20.5881,15.65,373,Vehicle 4,vehicle,vehicle.tesla.model3,hero_3,52.3826,330.5545,0.0017,0.0,-0.0002,-0.0709,52.3826,-330.5545,0.001237,-0.0,0.0,-0.0,0.0,-0.0,0.0,-0.0,-0.0,-0.0,0.0,5,0,-1,42.37,Driving,False,-0.008,0.525,-0.004,0.3,False,False,1,,,,NONE,False,Green,30.0
348,20.6381,15.7,373,Vehicle 4,vehicle,vehicle.tesla.model3,hero_3,52.3826,330.5545,0.0017,0.0,-0.0002,-0.0709,52.3826,-330.5545,0.001237,0.0,-0.0,-0.0,0.0,0.0,-0.0,-0.0,0.0,0.0,0.0,5,0,-1,42.37,Driving,False,-0.008,0.525,-0.004,0.3,False,False,1,,,,NONE,False,Green,30.0
349,20.6881,15.75,373,Vehicle 4,vehicle,vehicle.tesla.model3,hero_3,52.3826,330.5545,0.0017,0.0,-0.0002,-0.0709,52.3826,-330.5545,0.001237,0.0,-0.0,-0.0,0.0,0.0,-0.0,0.0,0.0,0.0,-0.0,5,0,-1,42.37,Driving,False,-0.008,0.525,-0.004,0.3,False,False,1,,,,NONE,False,Green,30.0
350,20.7381,15.8,373,Vehicle 4,vehicle,vehicle.tesla.model3,hero_3,52.3826,330.5545,0.0017,0.0,-0.0002,-0.0709,52.3826,-330.5545,0.001237,-0.0,-0.0,-0.0,0.0,-0.0,-0.0,0.0,0.0001,-0.0,-0.0,5,0,-1,42.37,Driving,False,-0.008,0.525,-0.004,0.3,False,False,1,,,,NONE,False,Green,30.0
351,20.7881,15.85,373,Vehicle 4,vehicle,vehicle.tesla.model3,hero_3,52.3826,330.5545,0.0017,0.0,-0.0002,-0.0709,52.3826,-330.5545,0.001237,-0.0,0.0,-0.0,0.0,0.0,0.0,0.0,-0.0,-0.0,0.0,5,0,-1,42.37,Driving,False,-0.008,0.525,-0.007,0.3,False,False,1,,,,NONE,False,Green,30.0
352,20.8381,15.9,373,Vehicle 4,vehicle,vehicle.tesla.model3,hero_3,52.3826,330.5545,0.0017,0.0,-0.0002,-0.0709,52.3826,-330.5545,0.001237,-0.0,-0.0,-0.0,0.0,-0.0,-0.0,0.0,0.0,-0.0,-0.0,5,0,-1,42.37,Driving,False,-0.008,0.525,-0.007,0.3,False,False,1,,,,NONE,False,Green,30.0
353,20.8881,15.95,373,Vehicle 4,vehicle,vehicle.tesla.model3,hero_3,52.3826,330.5545,0.0017,0.0,-0.0002,-0.0709,52.3826,-330.5545,0.001237,0.0,-0.0,0.0,0.0,0.0,0.0,0.0,0.0,0.0,-0.0,5,0,-1,42.37,Driving,False,-0.008,0.525,-0.007,0.3,False,False,1,,,,NONE,False,Green,30.0
354,20.9381,16.0,373,Vehicle 4,vehicle,vehicle.tesla.model3,hero_3,52.3826,330.5545,0.0017,0.0,-0.0002,-0.0709,52.3826,-330.5545,0.001237,0.0,-0.0,0.0,0.0,0.0,-0.0,0.0,0.0,0.0,-0.0,5,0,-1,42.37,Driving,False,-0.008,0.525,-0.007,0.3,False,False,1,,,,NONE,False,Green,30.0
355,20.9881,16.05,373,Vehicle 4,vehicle,vehicle.tesla.model3,hero_3,52.3826,330.5545,0.0017,0.0,-0.0002,-0.0709,52.3826,-330.5545,0.001237,-0.0,0.0,-0.0,0.0,-0.0,0.0,-0.0,-0.0,-0.0,-0.0,5,0,-1,42.37,Driving,False,-0.008,0.525,-0.005,0.3,False,False,1,,,,NONE,False,Green,30.0
356,21.0381,16.1,373,Vehicle 4,vehicle,vehicle.tesla.model3,hero_3,52.3826,330.5545,0.0017,0.0,-0.0002,-0.0709,52.3826,-330.5545,0.001237,-0.0,0.0,-0.0,0.0,0.0,0.0,0.0,-0.0,-0.0,0.0,5,0,-1,42.37,Driving,False,-0.008,0.525,-0.005,0.3,False,False,1,,,,NONE,False,Green,30.0
357,21.0881,16.15,373,Vehicle 4,vehicle,vehicle.tesla.model3,hero_3,52.3826,330.5545,0.0017,0.0,-0.0002,-0.0709,52.3826,-330.5545,0.001237,-0.0,0.0,-0.0,0.0,0.0,-0.0,0.0,-0.0,-0.0,0.0,5,0,-1,42.37,Driving,False,-0.008,0.525,-0.005,0.3,False,False,1,,,,NONE,False,Green,30.0
358,21.1381,16.2,373,Vehicle 4,vehicle,vehicle.tesla.model3,hero_3,52.3826,330.5545,0.0017,0.0,-0.0002,-0.0709,52.3826,-330.5545,0.001237,0.0,-0.0,-0.0,0.0,0.0,-0.0,-0.0,0.0,0.0,-0.0,5,0,-1,42.37,Driving,False,-0.008,0.525,-0.005,0.3,False,False,1,,,,NONE,False,Green,30.0
359,21.1881,16.25,373,Vehicle 4,vehicle,vehicle.tesla.model3,hero_3,52.3826,330.5545,0.0017,0.0,-0.0002,-0.0709,52.3826,-330.5545,0.001237,-0.0,0.0,-0.0,0.0,-0.0,0.0,0.0,-0.0,-0.0,-0.0,5,0,-1,42.37,Driving,False,-0.008,0.525,-0.006,0.3,False,False,1,,,,NONE,False,Green,30.0
360,21.2381,16.3,373,Vehicle 4,vehicle,vehicle.tesla.model3,hero_3,52.3826,330.5545,0.0017,0.0,-0.0002,-0.0709,52.3826,-330.5545,0.001237,-0.0,0.0,-0.0,0.0,0.0,0.0,0.0,-0.0,-0.0,-0.0,5,0,-1,42.37,Driving,False,-0.008,0.525,-0.006,0.3,False,False,1,,,,NONE,False,Green,30.0
361,21.2881,16.35,373,Vehicle 4,vehicle,vehicle.tesla.model3,hero_3,52.3826,330.5545,0.0017,0.0,-0.0002,-0.0709,52.3826,-330.5545,0.001237,0.0,-0.0,-0.0,0.0,0.0,-0.0,0.0,0.0,0.0,-0.0,5,0,-1,42.37,Driving,False,-0.008,0.525,-0.006,0.3,False,False,1,,,,NONE,False,Green,30.0
362,21.3381,16.4,373,Vehicle 4,vehicle,vehicle.tesla.model3,hero_3,52.3826,330.5545,0.0017,0.0,-0.0002,-0.0709,52.3826,-330.5545,0.001237,0.0,-0.0,-0.0,0.0,0.0,-0.0,-0.0,0.0,0.0,-0.0,5,0,-1,42.37,Driving,False,-0.008,0.525,-0.006,0.3,False,False,1,,,,NONE,False,Green,30.0
363,21.3881,16.45,373,Vehicle 4,vehicle,vehicle.tesla.model3,hero_3,52.3826,330.5545,0.0017,0.0,-0.0002,-0.0709,52.3826,-330.5545,0.001237,-0.0,-0.0,0.0,0.0,-0.0,-0.0,0.0,0.0001,-0.0,-0.0,5,0,-1,42.37,Driving,False,-0.008,0.525,-0.004,0.3,False,False,1,,,,NONE,False,Green,30.0
364,21.4381,16.5,373,Vehicle 4,vehicle,vehicle.tesla.model3,hero_3,52.3826,330.5545,0.0017,0.0,-0.0002,-0.0709,52.3826,-330.5545,0.001237,0.0,0.0,-0.0,0.0,0.0,0.0,-0.0,0.0,0.0,-0.0,5,0,-1,42.37,Driving,False,-0.008,0.525,-0.004,0.3,False,False,1,,,,NONE,False,Green,30.0
365,21.4881,16.55,373,Vehicle 4,vehicle,vehicle.tesla.model3,hero_3,52.3826,330.5545,0.0017,0.0,-0.0002,-0.0709,52.3826,-330.5545,0.001237,0.0,-0.0,-0.0,0.0,0.0,-0.0,-0.0,-0.0,0.0,0.0,5,0,-1,42.37,Driving,False,-0.008,0.525,-0.004,0.3,False,False,1,,,,NONE,False,Green,30.0
366,21.5381,16.6,373,Vehicle 4,vehicle,vehicle.tesla.model3,hero_3,52.3826,330.5545,0.0017,0.0,-0.0002,-0.0709,52.3826,-330.5545,0.001237,0.0,0.0,-0.0,0.0,0.0,0.0,-0.0,-0.0,0.0,0.0,5,0,-1,42.37,Driving,False,-0.008,0.525,-0.004,0.3,False,False,1,,,,NONE,False,Green,30.0
367,21.5881,16.65,373,Vehicle 4,vehicle,vehicle.tesla.model3,hero_3,52.3826,330.5545,0.0017,0.0,-0.0002,-0.0709,52.3826,-330.5545,0.001237,0.0,-0.0,-0.0,0.0,-0.0,-0.0,-0.0,-0.0,0.0,0.0,5,0,-1,42.37,Driving,False,-0.008,0.525,-0.007,0.3,False,False,1,,,,NONE,False,Green,30.0
368,21.6381,16.7,373,Vehicle 4,vehicle,vehicle.tesla.model3,hero_3,52.3826,330.5545,0.0017,0.0,-0.0002,-0.0709,52.3826,-330.5545,0.001237,0.0,0.0,-0.0,0.0,0.0,0.0,-0.0,-0.0,0.0,0.0,5,0,-1,42.37,Driving,False,-0.008,0.525,-0.007,0.3,False,False,1,,,,NONE,False,Green,30.0
369,21.6881,16.75,373,Vehicle 4,vehicle,vehicle.tesla.model3,hero_3,52.3826,330.5545,0.0017,0.0,-0.0002,-0.0709,52.3826,-330.5545,0.001237,0.0,0.0,0.0,0.0,-0.0,-0.0,0.0,0.0,0.0,0.0,5,0,-1,42.37,Driving,False,-0.008,0.525,-0.007,0.3,False,False,1,,,,NONE,False,Green,30.0
370,21.7381,16.8,373,Vehicle 4,vehicle,vehicle.tesla.model3,hero_3,52.3826,330.5545,0.0017,0.0,-0.0002,-0.0709,52.3826,-330.5545,0.001237,-0.0,0.0,-0.0,0.0,-0.0,0.0,-0.0,-0.0,-0.0,0.0,5,0,-1,42.37,Driving,False,-0.008,0.525,-0.007,0.3,False,False,1,,,,NONE,False,Green,30.0
371,21.7881,16.85,373,Vehicle 4,vehicle,vehicle.tesla.model3,hero_3,52.3826,330.5545,0.0017,0.0,-0.0002,-0.0709,52.3826,-330.5545,0.001237,-0.0,0.0,-0.0,0.0,-0.0,0.0,-0.0,-0.0,-0.0,-0.0,5,0,-1,42.37,Driving,False,-0.008,0.525,-0.005,0.3,False,False,1,,,,NONE,False,Green,30.0
372,21.8381,16.9,373,Vehicle 4,vehicle,vehicle.tesla.model3,hero_3,52.3826,330.5545,0.0017,0.0,-0.0002,-0.0709,52.3826,-330.5545,0.001237,-0.0,0.0,-0.0,0.0,-0.0,0.0,-0.0,-0.0,-0.0,-0.0,5,0,-1,42.37,Driving,False,-0.008,0.525,-0.005,0.3,False,False,1,,,,NONE,False,Green,30.0
373,21.8881,16.95,373,Vehicle 4,vehicle,vehicle.tesla.model3,hero_3,52.3826,330.5545,0.0017,0.0,-0.0002,-0.0709,52.3826,-330.5545,0.001237,-0.0,0.0,-0.0,0.0,-0.0,-0.0,-0.0,-0.0,-0.0,0.0,5,0,-1,42.37,Driving,False,-0.008,0.525,-0.005,0.3,False,False,1,,,,NONE,False,Green,30.0
374,21.9381,17.0,373,Vehicle 4,vehicle,vehicle.tesla.model3,hero_3,52.3826,330.5545,0.0017,0.0,-0.0002,-0.0709,52.3826,-330.5545,0.001237,-0.0,0.0,-0.0,0.0,-0.0,0.0,-0.0,-0.0,-0.0,-0.0,5,0,-1,42.37,Driving,False,-0.008,0.525,-0.005,0.3,False,False,1,,,,NONE,False,Green,30.0
375,21.9881,17.05,373,Vehicle 4,vehicle,vehicle.tesla.model3,hero_3,52.3826,330.5545,0.0017,0.0,-0.0002,-0.0709,52.3826,-330.5545,0.001237,-0.0,0.0,-0.0,0.0,-0.0,-0.0,-0.0,-0.0,-0.0,0.0,5,0,-1,42.37,Driving,False,-0.008,0.525,-0.005,0.3,False,False,1,,,,NONE,False,Green,30.0
376,22.0381,17.1,373,Vehicle 4,vehicle,vehicle.tesla.model3,hero_3,52.3826,330.5545,0.0017,0.0,-0.0002,-0.0709,52.3826,-330.5545,0.001237,-0.0,0.0,-0.0,0.0,-0.0,0.0,-0.0,-0.0,-0.0,-0.0,5,0,-1,42.37,Driving,False,-0.008,0.525,-0.005,0.3,False,False,1,,,,NONE,False,Green,30.0
377,22.0881,17.15,373,Vehicle 4,vehicle,vehicle.tesla.model3,hero_3,52.3826,330.5545,0.0017,0.0,-0.0002,-0.0709,52.3826,-330.5545,0.001237,0.0,-0.0,-0.0,0.0,0.0,-0.0,0.0,0.0,0.0,0.0,5,0,-1,42.37,Driving,False,-0.008,0.525,-0.005,0.3,False,False,1,,,,NONE,False,Green,30.0
378,22.1381,17.2,373,Vehicle 4,vehicle,vehicle.tesla.model3,hero_3,52.3826,330.5545,0.0017,0.0,-0.0002,-0.0709,52.3826,-330.5545,0.001237,-0.0,0.0,-0.0,0.0,-0.0,0.0,0.0,-0.0,-0.0,0.0,5,0,-1,42.37,Driving,False,-0.008,0.525,-0.005,0.3,False,False,1,,,,NONE,False,Green,30.0
379,22.1881,17.25,373,Vehicle 4,vehicle,vehicle.tesla.model3,hero_3,52.3826,330.5545,0.0017,0.0,-0.0002,-0.0709,52.3826,-330.5545,0.001237,0.0,-0.0,0.0,0.0,0.0,-0.0,0.0,0.0,0.0,-0.0,5,0,-1,42.37,Driving,False,-0.008,0.525,-0.006,0.3,False,False,1,,,,NONE,False,Green,30.0
380,22.2381,17.3,373,Vehicle 4,vehicle,vehicle.tesla.model3,hero_3,52.3826,330.5545,0.0017,0.0,-0.0002,-0.0709,52.3826,-330.5545,0.001237,-0.0,0.0,-0.0,0.0,-0.0,0.0,-0.0,-0.0,-0.0,-0.0,5,0,-1,42.37,Driving,False,-0.008,0.525,-0.006,0.3,False,False,1,,,,NONE,False,Green,30.0
381,22.2881,17.35,373,Vehicle 4,vehicle,vehicle.tesla.model3,hero_3,52.3826,330.5545,0.0017,0.0,-0.0002,-0.0709,52.3826,-330.5545,0.001237,-0.0,0.0,-0.0,0.0,-0.0,-0.0,-0.0,-0.0,-0.0,-0.0,5,0,-1,42.37,Driving,False,-0.008,0.525,-0.006,0.3,False,False,1,,,,NONE,False,Green,30.0
382,22.3381,17.4,373,Vehicle 4,vehicle,vehicle.tesla.model3,hero_3,52.3826,330.5545,0.0017,0.0,-0.0002,-0.0709,52.3826,-330.5545,0.001237,0.0,-0.0,-0.0,0.0,0.0,-0.0,0.0,0.0,0.0,0.0,5,0,-1,42.37,Driving,False,-0.008,0.525,-0.006,0.3,False,False,1,,,,NONE,False,Green,30.0
383,22.3881,17.45,373,Vehicle 4,vehicle,vehicle.tesla.model3,hero_3,52.3826,330.5545,0.0017,0.0,-0.0002,-0.0709,52.3826,-330.5545,0.001237,-0.0,0.0,-0.0,0.0,-0.0,0.0,-0.0,-0.0,-0.0,-0.0,5,0,-1,42.37,Driving,False,-0.008,0.525,-0.007,0.3,False,False,1,,,,NONE,False,Green,30.0
384,22.4381,17.5,373,Vehicle 4,vehicle,vehicle.tesla.model3,hero_3,52.3826,330.5545,0.0017,0.0,-0.0002,-0.0709,52.3826,-330.5545,0.001237,-0.0,0.0,-0.0,0.0,-0.0,0.0,-0.0,-0.0,-0.0,-0.0,5,0,-1,42.37,Driving,False,-0.008,0.525,-0.007,0.3,False,False,1,,,,NONE,False,Green,30.0
385,22.4881,17.55,373,Vehicle 4,vehicle,vehicle.tesla.model3,hero_3,52.3826,330.5545,0.0017,0.0,-0.0002,-0.0709,52.3826,-330.5545,0.001237,0.0,-0.0,-0.0,0.0,0.0,-0.0,0.0,0.0,0.0,-0.0,5,0,-1,42.37,Driving,False,-0.008,0.525,-0.007,0.3,False,False,1,,,,NONE,False,Green,30.0
386,22.5381,17.6,373,Vehicle 4,vehicle,vehicle.tesla.model3,hero_3,52.3826,330.5545,0.0017,0.0,-0.0002,-0.0709,52.3826,-330.5545,0.001237,0.0,0.0,0.0,0.0,-0.0,0.0,0.0,-0.0,0.0,0.0,5,0,-1,42.37,Driving,False,-0.008,0.525,-0.007,0.3,False,False,1,,,,NONE,False,Green,30.0
387,22.5881,17.65,373,Vehicle 4,vehicle,vehicle.tesla.model3,hero_3,52.3826,330.5545,0.0017,0.0,-0.0002,-0.0709,52.3826,-330.5545,0.001237,0.0,-0.0,-0.0,0.0,0.0,-0.0,-0.0,0.0,0.0,-0.0,5,0,-1,42.37,Driving,False,-0.008,0.525,-0.005,0.3,False,False,1,,,,NONE,False,Green,30.0
388,22.6381,17.7,373,Vehicle 4,vehicle,vehicle.tesla.model3,hero_3,52.3826,330.5545,0.0017,0.0,-0.0002,-0.0709,52.3826,-330.5545,0.001237,-0.0,-0.0,0.0,0.0,-0.0,-0.0,0.0,0.0001,-0.0,-0.0,5,0,-1,42.37,Driving,False,-0.008,0.525,-0.005,0.3,False,False,1,,,,NONE,False,Green,30.0
389,22.6881,17.75,373,Vehicle 4,vehicle,vehicle.tesla.model3,hero_3,52.3826,330.5545,0.0017,0.0,-0.0002,-0.0709,52.3826,-330.5545,0.001237,0.0,0.0,-0.0,0.0,0.0,0.0,-0.0,0.0,0.0,-0.0,5,0,-1,42.37,Driving,False,-0.008,0.525,-0.005,0.3,False,False,1,,,,NONE,False,Green,30.0
390,22.7381,17.8,373,Vehicle 4,vehicle,vehicle.tesla.model3,hero_3,52.3826,330.5545,0.0017,0.0,-0.0002,-0.0709,52.3826,-330.5545,0.001237,0.0,-0.0,-0.0,0.0,0.0,-0.0,-0.0,-0.0,0.0,0.0,5,0,-1,42.37,Driving,False,-0.008,0.525,-0.005,0.3,False,False,1,,,,NONE,False,Green,30.0
391,22.7881,17.85,373,Vehicle 4,vehicle,vehicle.tesla.model3,hero_3,52.3826,330.5545,0.0017,0.0,-0.0002,-0.0709,52.3826,-330.5545,0.001237,-0.0,-0.0,0.0,0.0,-0.0,-0.0,0.0,0.0,-0.0,-0.0,5,0,-1,42.37,Driving,False,-0.008,0.525,-0.007,0.3,False,False,1,,,,NONE,False,Green,30.0
392,22.8381,17.9,373,Vehicle 4,vehicle,vehicle.tesla.model3,hero_3,52.3826,330.5545,0.0017,0.0,-0.0002,-0.0709,52.3826,-330.5545,0.001237,0.0,0.0,-0.0,0.0,0.0,0.0,-0.0,-0.0,0.0,-0.0,5,0,-1,42.37,Driving,False,-0.008,0.525,-0.007,0.3,False,False,1,,,,NONE,False,Green,30.0
393,22.8881,17.95,373,Vehicle 4,vehicle,vehicle.tesla.model3,hero_3,52.3826,330.5545,0.0017,0.0,-0.0002,-0.0709,52.3826,-330.5545,0.001237,-0.0,-0.0,0.0,0.0,-0.0,-0.0,0.0,0.0,-0.0,-0.0,5,0,-1,42.37,Driving,False,-0.008,0.525,-0.007,0.3,False,False,1,,,,NONE,False,Green,30.0
394,22.9381,18.0,373,Vehicle 4,vehicle,vehicle.tesla.model3,hero_3,52.3826,330.5545,0.0017,0.0,-0.0002,-0.0709,52.3826,-330.5545,0.001237,0.0,0.0,-0.0,0.0,0.0,0.0,-0.0,-0.0,0.0,-0.0,5,0,-1,42.37,Driving,False,-0.008,0.525,-0.007,0.3,False,False,1,,,,NONE,False,Green,30.0
395,22.9881,18.05,373,Vehicle 4,vehicle,vehicle.tesla.model3,hero_3,52.3826,330.5545,0.0017,0.0,-0.0002,-0.0709,52.3826,-330.5545,0.001237,-0.0,0.0,-0.0,0.0,-0.0,0.0,0.0,-0.0,-0.0,0.0,5,0,-1,42.37,Driving,False,-0.008,0.525,-0.005,0.3,False,False,1,,,,NONE,False,Green,30.0
396,23.0381,18.1,373,Vehicle 4,vehicle,vehicle.tesla.model3,hero_3,52.3826,330.5545,0.0017,0.0,-0.0002,-0.0709,52.3826,-330.5545,0.001237,0.0,0.0,-0.0,0.0,0.0,-0.0,-0.0,-0.0,0.0,0.0,5,0,-1,42.37,Driving,False,-0.008,0.525,-0.005,0.3,False,False,1,,,,NONE,False,Green,30.0
397,23.0881,18.15,373,Vehicle 4,vehicle,vehicle.tesla.model3,hero_3,52.3826,330.5545,0.0017,0.0,-0.0002,-0.0709,52.3826,-330.5545,0.001237,0.0,0.0,-0.0,0.0,0.0,0.0,-0.0,-0.0,0.0,-0.0,5,0,-1,42.37,Driving,False,-0.008,0.525,-0.005,0.3,False,False,1,,,,NONE,False,Green,30.0
398,23.1381,18.2,373,Vehicle 4,vehicle,vehicle.tesla.model3,hero_3,52.3826,330.5545,0.0017,0.0,-0.0002,-0.0709,52.3826,-330.5545,0.001237,0.0,0.0,-0.0,0.0,0.0,-0.0,-0.0,-0.0,0.0,-0.0,5,0,-1,42.37,Driving,False,-0.008,0.525,-0.005,0.3,False,False,1,,,,NONE,False,Green,30.0
399,23.1881,18.25,373,Vehicle 4,vehicle,vehicle.tesla.model3,hero_3,52.3826,330.5545,0.0017,0.0,-0.0002,-0.0709,52.3826,-330.5545,0.001237,0.0,0.0,-0.0,0.0,-0.0,0.0,-0.0,-0.0,0.0,-0.0,5,0,-1,42.37,Driving,False,-0.008,0.525,-0.007,0.3,False,False,1,,,,NONE,False,Green,30.0
400,23.2381,18.3,373,Vehicle 4,vehicle,vehicle.tesla.model3,hero_3,52.3826,330.5545,0.0017,0.0,-0.0002,-0.0709,52.3826,-330.5545,0.001237,0.0,0.0,-0.0,0.0,0.0,0.0,-0.0,-0.0,0.0,-0.0,5,0,-1,42.37,Driving,False,-0.008,0.525,-0.007,0.3,False,False,1,,,,NONE,False,Green,30.0
401,23.2881,18.35,373,Vehicle 4,vehicle,vehicle.tesla.model3,hero_3,52.3826,330.5545,0.0017,0.0,-0.0002,-0.0709,52.3826,-330.5545,0.001237,0.0,0.0,-0.0,0.0,0.0,-0.0,-0.0,-0.0,0.0,-0.0,5,0,-1,42.37,Driving,False,-0.008,0.525,-0.007,0.3,False,False,1,,,,NONE,False,Green,30.0
402,23.3381,18.4,373,Vehicle 4,vehicle,vehicle.tesla.model3,hero_3,52.3826,330.5545,0.0017,0.0,-0.0002,-0.0709,52.3826,-330.5545,0.001237,0.0,0.0,-0.0,0.0,-0.0,0.0,-0.0,-0.0,0.0,-0.0,5,0,-1,42.37,Driving,False,-0.008,0.525,-0.007,0.3,False,False,1,,,,NONE,False,Green,30.0
403,23.3881,18.45,373,Vehicle 4,vehicle,vehicle.tesla.model3,hero_3,52.3826,330.5545,0.0017,0.0,-0.0002,-0.0709,52.3826,-330.5545,0.001237,0.0,0.0,-0.0,0.0,-0.0,-0.0,0.0,-0.0,0.0,-0.0,5,0,-1,42.37,Driving,False,-0.008,0.525,-0.005,0.3,False,False,1,,,,NONE,False,Green,30.0
404,23.4381,18.5,373,Vehicle 4,vehicle,vehicle.tesla.model3,hero_3,52.3826,330.5545,0.0017,0.0,-0.0002,-0.0709,52.3826,-330.5545,0.001237,0.0,0.0,-0.0,0.0,0.0,0.0,-0.0,-0.0,0.0,-0.0,5,0,-1,42.37,Driving,False,-0.008,0.525,-0.005,0.3,False,False,1,,,,NONE,False,Green,30.0
405,23.4881,18.55,373,Vehicle 4,vehicle,vehicle.tesla.model3,hero_3,52.3826,330.5545,0.0017,0.0,-0.0002,-0.0709,52.3826,-330.5545,0.001237,0.0,0.0,-0.0,0.0,0.0,-0.0,-0.0,-0.0,0.0,-0.0,5,0,-1,42.37,Driving,False,-0.008,0.525,-0.005,0.3,False,False,1,,,,NONE,False,Green,30.0
406,23.5381,18.6,373,Vehicle 4,vehicle,vehicle.tesla.model3,hero_3,52.3826,330.5545,0.0017,0.0,-0.0002,-0.0709,52.3826,-330.5545,0.001237,0.0,0.0,-0.0,0.0,-0.0,0.0,-0.0,-0.0,0.0,-0.0,5,0,-1,42.37,Driving,False,-0.008,0.525,-0.005,0.3,False,False,1,,,,NONE,False,Green,30.0
407,23.5881,18.65,373,Vehicle 4,vehicle,vehicle.tesla.model3,hero_3,52.3826,330.5545,0.0017,0.0,-0.0002,-0.0709,52.3826,-330.5545,0.001237,0.0,0.0,-0.0,0.0,0.0,-0.0,-0.0,-0.0,0.0,-0.0,5,0,-1,42.37,Driving,False,-0.008,0.525,-0.007,0.3,False,False,1,,,,NONE,False,Green,30.0
408,23.6381,18.7,373,Vehicle 4,vehicle,vehicle.tesla.model3,hero_3,52.3826,330.5545,0.0017,0.0,-0.0002,-0.0709,52.3826,-330.5545,0.001237,0.0,0.0,-0.0,0.0,0.0,-0.0,-0.0,-0.0,0.0,-0.0,5,0,-1,42.37,Driving,False,-0.008,0.525,-0.007,0.3,False,False,1,,,,NONE,False,Green,30.0
409,23.6881,18.75,373,Vehicle 4,vehicle,vehicle.tesla.model3,hero_3,52.3826,330.5545,0.0017,0.0,-0.0002,-0.0709,52.3826,-330.5545,0.001237,0.0,0.0,-0.0,0.0,-0.0,0.0,-0.0,-0.0,0.0,-0.0,5,0,-1,42.37,Driving,False,-0.008,0.525,-0.007,0.3,False,False,1,,,,NONE,False,Green,30.0
410,23.7381,18.8,373,Vehicle 4,vehicle,vehicle.tesla.model3,hero_3,52.3826,330.5545,0.0017,0.0,-0.0002,-0.0709,52.3826,-330.5545,0.001237,0.0,0.0,-0.0,0.0,0.0,-0.0,-0.0,-0.0,0.0,-0.0,5,0,-1,42.37,Driving,False,-0.008,0.525,-0.007,0.3,False,False,1,,,,NONE,False,Green,30.0
411,23.7881,18.85,373,Vehicle 4,vehicle,vehicle.tesla.model3,hero_3,52.3826,330.5545,0.0017,0.0,-0.0002,-0.0709,52.3826,-330.5545,0.001237,0.0,0.0,0.0,0.0,-0.0,-0.0,0.0,0.0,0.0,0.0,5,0,-1,42.37,Driving,False,-0.008,0.525,-0.006,0.3,False,False,1,,,,NONE,False,Green,30.0
412,23.8381,18.9,373,Vehicle 4,vehicle,vehicle.tesla.model3,hero_3,52.3826,330.5545,0.0017,0.0,-0.0002,-0.0709,52.3826,-330.5545,0.001237,0.0,0.0,-0.0,0.0,0.0,0.0,-0.0,-0.0,0.0,-0.0,5,0,-1,42.37,Driving,False,-0.008,0.525,-0.006,0.3,False,False,1,,,,NONE,False,Green,30.0
413,23.8881,18.95,373,Vehicle 4,vehicle,vehicle.tesla.model3,hero_3,52.3826,330.5545,0.0017,0.0,-0.0002,-0.0709,52.3826,-330.5545,0.001237,0.0,0.0,-0.0,0.0,0.0,0.0,-0.0,-0.0,0.0,-0.0,5,0,-1,42.37,Driving,False,-0.008,0.525,-0.006,0.3,False,False,1,,,,NONE,False,Green,30.0
414,23.9381,19.0,373,Vehicle 4,vehicle,vehicle.tesla.model3,hero_3,52.3826,330.5545,0.0017,0.0,-0.0002,-0.0709,52.3826,-330.5545,0.001237,0.0,0.0,-0.0,0.0,0.0,0.0,-0.0,-0.0,0.0,-0.0,5,0,-1,42.37,Driving,False,-0.008,0.525,-0.006,0.3,False,False,1,,,,NONE,False,Green,30.0
415,23.9881,19.05,373,Vehicle 4,vehicle,vehicle.tesla.model3,hero_3,52.3826,330.5545,0.0017,0.0,-0.0002,-0.0709,52.3826,-330.5545,0.001237,0.0,0.0,-0.0,0.0,0.0,0.0,-0.0,-0.0,0.0,-0.0,5,0,-1,42.37,Driving,False,-0.008,0.525,-0.007,0.3,False,False,1,,,,NONE,False,Green,30.0
416,24.0381,19.1,373,Vehicle 4,vehicle,vehicle.tesla.model3,hero_3,52.3826,330.5545,0.0017,0.0,-0.0002,-0.0709,52.3826,-330.5545,0.001237,0.0,0.0,-0.0,0.0,0.0,0.0,-0.0,-0.0,0.0,-0.0,5,0,-1,42.37,Driving,False,-0.008,0.525,-0.007,0.3,False,False,1,,,,NONE,False,Green,30.0
417,24.0881,19.15,373,Vehicle 4,vehicle,vehicle.tesla.model3,hero_3,52.3826,330.5545,0.0017,0.0,-0.0002,-0.0709,52.3826,-330.5545,0.001237,0.0,0.0,-0.0,0.0,0.0,0.0,-0.0,-0.0,0.0,0.0,5,0,-1,42.37,Driving,False,-0.008,0.525,-0.007,0.3,False,False,1,,,,NONE,False,Green,30.0
418,24.1381,19.2,373,Vehicle 4,vehicle,vehicle.tesla.model3,hero_3,52.3826,330.5545,0.0017,0.0,-0.0002,-0.0709,52.3826,-330.5545,0.001237,0.0,0.0,-0.0,0.0,-0.0,-0.0,-0.0,-0.0,0.0,-0.0,5,0,-1,42.37,Driving,False,-0.008,0.525,-0.007,0.3,False,False,1,,,,NONE,False,Green,30.0
419,24.1881,19.25,373,Vehicle 4,vehicle,vehicle.tesla.model3,hero_3,52.3826,330.5545,0.0017,0.0,-0.0002,-0.0709,52.3826,-330.5545,0.001237,0.0,0.0,-0.0,0.0,-0.0,0.0,-0.0,-0.0,0.0,-0.0,5,0,-1,42.37,Driving,False,-0.008,0.525,-0.004,0.3,False,False,1,,,,NONE,False,Green,30.0
420,24.2381,19.3,373,Vehicle 4,vehicle,vehicle.tesla.model3,hero_3,52.3826,330.5545,0.0017,0.0,-0.0002,-0.0709,52.3826,-330.5545,0.001237,0.0,0.0,-0.0,0.0,-0.0,-0.0,0.0,-0.0,0.0,-0.0,5,0,-1,42.37,Driving,False,-0.008,0.525,-0.004,0.3,False,False,1,,,,NONE,False,Green,30.0
421,24.2881,19.35,373,Vehicle 4,vehicle,vehicle.tesla.model3,hero_3,52.3826,330.5545,0.0017,0.0,-0.0002,-0.0709,52.3826,-330.5545,0.001237,0.0,0.0,-0.0,0.0,0.0,-0.0,-0.0,-0.0,0.0,-0.0,5,0,-1,42.37,Driving,False,-0.008,0.525,-0.004,0.3,False,False,1,,,,NONE,False,Green,30.0
422,24.3381,19.4,373,Vehicle 4,vehicle,vehicle.tesla.model3,hero_3,52.3826,330.5545,0.0017,0.0,-0.0002,-0.0709,52.3826,-330.5545,0.001237,0.0,0.0,-0.0,0.0,0.0,0.0,-0.0,-0.0,0.0,-0.0,5,0,-1,42.37,Driving,False,-0.008,0.525,-0.004,0.3,False,False,1,,,,NONE,False,Green,30.0
423,24.3881,19.45,373,Vehicle 4,vehicle,vehicle.tesla.model3,hero_3,52.3826,330.5545,0.0017,0.0,-0.0002,-0.0709,52.3826,-330.5545,0.001237,0.0,0.0,-0.0,0.0,0.0,0.0,-0.0,-0.0,0.0,0.0,5,0,-1,42.37,Driving,False,-0.008,0.525,-0.007,0.3,False,False,1,,,,NONE,False,Green,30.0
424,24.4381,19.5,373,Vehicle 4,vehicle,vehicle.tesla.model3,hero_3,52.3826,330.5545,0.0017,0.0,-0.0002,-0.0709,52.3826,-330.5545,0.001237,0.0,0.0,-0.0,0.0,-0.0,-0.0,-0.0,-0.0,0.0,-0.0,5,0,-1,42.37,Driving,False,-0.008,0.525,-0.007,0.3,False,False,1,,,,NONE,False,Green,30.0
425,24.4881,19.55,373,Vehicle 4,vehicle,vehicle.tesla.model3,hero_3,52.3826,330.5545,0.0017,0.0,-0.0002,-0.0709,52.3826,-330.5545,0.001237,0.0,0.0,-0.0,0.0,-0.0,0.0,-0.0,-0.0,0.0,-0.0,5,0,-1,42.37,Driving,False,-0.008,0.525,-0.007,0.3,False,False,1,,,,NONE,False,Green,30.0
426,24.5381,19.6,373,Vehicle 4,vehicle,vehicle.tesla.model3,hero_3,52.3826,330.5545,0.0017,0.0,-0.0002,-0.0709,52.3826,-330.5545,0.001237,0.0,0.0,-0.0,0.0,0.0,0.0,-0.0,-0.0,0.0,-0.0,5,0,-1,42.37,Driving,False,-0.008,0.525,-0.007,0.3,False,False,1,,,,NONE,False,Green,30.0
427,24.5881,19.65,373,Vehicle 4,vehicle,vehicle.tesla.model3,hero_3,52.3826,330.5545,0.0017,0.0,-0.0002,-0.0709,52.3826,-330.5545,0.001237,0.0,0.0,-0.0,0.0,-0.0,-0.0,-0.0,-0.0,0.0,-0.0,5,0,-1,42.37,Driving,False,-0.008,0.525,-0.005,0.3,False,False,1,,,,NONE,False,Green,30.0
428,24.6381,19.7,373,Vehicle 4,vehicle,vehicle.tesla.model3,hero_3,52.3826,330.5545,0.0017,0.0,-0.0002,-0.0709,52.3826,-330.5545,0.001237,0.0,0.0,0.0,0.0,-0.0,-0.0,0.0,-0.0,0.0,0.0,5,0,-1,42.37,Driving,False,-0.008,0.525,-0.005,0.3,False,False,1,,,,NONE,False,Green,30.0
429,24.6881,19.75,373,Vehicle 4,vehicle,vehicle.tesla.model3,hero_3,52.3826,330.5545,0.0017,0.0,-0.0002,-0.0709,52.3826,-330.5545,0.001237,0.0,0.0,-0.0,0.0,-0.0,0.0,-0.0,-0.0,0.0,-0.0,5,0,-1,42.37,Driving,False,-0.008,0.525,-0.005,0.3,False,False,1,,,,NONE,False,Green,30.0
430,24.7381,19.8,373,Vehicle 4,vehicle,vehicle.tesla.model3,hero_3,52.3826,330.5545,0.0017,0.0,-0.0002,-0.0709,52.3826,-330.5545,0.001237,0.0,0.0,-0.0,0.0,0.0,-0.0,-0.0,-0.0,0.0,-0.0,5,0,-1,42.37,Driving,False,-0.008,0.525,-0.005,0.3,False,False,1,,,,NONE,False,Green,30.0
431,24.7881,19.85,373,Vehicle 4,vehicle,vehicle.tesla.model3,hero_3,52.3826,330.5545,0.0017,0.0,-0.0002,-0.0709,52.3826,-330.5545,0.001237,0.0,0.0,-0.0,0.0,-0.0,0.0,-0.0,-0.0,0.0,-0.0,5,0,-1,42.37,Driving,False,-0.008,0.525,-0.006,0.3,False,False,1,,,,NONE,False,Green,30.0
432,24.8381,19.9,373,Vehicle 4,vehicle,vehicle.tesla.model3,hero_3,52.3826,330.5545,0.0017,0.0,-0.0002,-0.0709,52.3826,-330.5545,0.001237,0.0,0.0,-0.0,0.0,0.0,0.0,-0.0,-0.0,0.0,-0.0,5,0,-1,42.37,Driving,False,-0.008,0.525,-0.006,0.3,False,False,1,,,,NONE,False,Green,30.0
433,24.8881,19.95,373,Vehicle 4,vehicle,vehicle.tesla.model3,hero_3,52.3826,330.5545,0.0017,0.0,-0.0002,-0.0709,52.3826,-330.5545,0.001237,0.0,0.0,-0.0,0.0,0.0,-0.0,-0.0,-0.0,0.0,-0.0,5,0,-1,42.37,Driving,False,-0.008,0.525,-0.006,0.3,False,False,1,,,,NONE,False,Green,30.0
434,24.9381,20.0,373,Vehicle 4,vehicle,vehicle.tesla.model3,hero_3,52.3826,330.5545,0.0017,0.0,-0.0002,-0.0709,52.3826,-330.5545,0.001237,0.0,0.0,-0.0,0.0,0.0,0.0,-0.0,-0.0,0.0,0.0,5,0,-1,42.37,Driving,False,-0.008,0.525,-0.006,0.3,False,False,1,,,,NONE,False,Green,30.0
435,24.9881,20.05,373,Vehicle 4,vehicle,vehicle.tesla.model3,hero_3,52.3826,330.5545,0.0017,0.0,-0.0002,-0.0709,52.3826,-330.5545,0.001237,0.0,0.0,-0.0,0.0,-0.0,-0.0,-0.0,-0.0,0.0,-0.0,5,0,-1,42.37,Driving,False,-0.008,0.525,-0.005,0.3,False,False,1,,,,NONE,False,Green,30.0
436,25.0381,20.1,373,Vehicle 4,vehicle,vehicle.tesla.model3,hero_3,52.3826,330.5545,0.0017,0.0,-0.0002,-0.0709,52.3826,-330.5545,0.001237,0.0,0.0,-0.0,0.0,-0.0,0.0,-0.0,-0.0,0.0,-0.0,5,0,-1,42.37,Driving,False,-0.008,0.525,-0.005,0.3,False,False,1,,,,NONE,False,Green,30.0
437,25.0881,20.15,373,Vehicle 4,vehicle,vehicle.tesla.model3,hero_3,52.3826,330.5545,0.0017,0.0,-0.0002,-0.0709,52.3826,-330.5545,0.001237,-0.0,0.0,-0.0,0.0,-0.0,-0.0,0.0,-0.0,-0.0,-0.0,5,0,-1,42.37,Driving,False,-0.008,0.525,-0.005,0.3,False,False,1,,,,NONE,False,Green,30.0
438,25.1381,20.2,373,Vehicle 4,vehicle,vehicle.tesla.model3,hero_3,52.3826,330.5545,0.0017,0.0,-0.0002,-0.0709,52.3826,-330.5545,0.001237,0.0,0.0,-0.0,0.0,0.0,-0.0,-0.0,-0.0,0.0,-0.0,5,0,-1,42.37,Driving,False,-0.008,0.525,-0.005,0.3,False,False,1,,,,NONE,False,Green,30.0
439,25.1881,20.25,373,Vehicle 4,vehicle,vehicle.tesla.model3,hero_3,52.3826,330.5545,0.0017,0.0,-0.0002,-0.0709,52.3826,-330.5545,0.001237,0.0,0.0,-0.0,0.0,0.0,-0.0,-0.0,-0.0,0.0,-0.0,5,0,-1,42.37,Driving,False,-0.008,0.525,-0.007,0.3,False,False,1,,,,NONE,False,Green,30.0
440,25.2381,20.3,373,Vehicle 4,vehicle,vehicle.tesla.model3,hero_3,52.3826,330.5545,0.0017,0.0,-0.0002,-0.0709,52.3826,-330.5545,0.001237,0.0,0.0,-0.0,0.0,0.0,0.0,-0.0,-0.0,0.0,0.0,5,0,-1,42.37,Driving,False,-0.008,0.525,-0.007,0.3,False,False,1,,,,NONE,False,Green,30.0
441,25.2881,20.35,373,Vehicle 4,vehicle,vehicle.tesla.model3,hero_3,52.3826,330.5545,0.0017,0.0,-0.0002,-0.0709,52.3826,-330.5545,0.001237,0.0,0.0,-0.0,0.0,-0.0,-0.0,-0.0,-0.0,0.0,-0.0,5,0,-1,42.37,Driving,False,-0.008,0.525,-0.007,0.3,False,False,1,,,,NONE,False,Green,30.0
442,25.3381,20.4,373,Vehicle 4,vehicle,vehicle.tesla.model3,hero_3,52.3826,330.5545,0.0017,0.0,-0.0002,-0.0709,52.3826,-330.5545,0.001237,0.0,0.0,-0.0,0.0,-0.0,0.0,-0.0,-0.0,0.0,-0.0,5,0,-1,42.37,Driving,False,-0.008,0.525,-0.007,0.3,False,False,1,,,,NONE,False,Green,30.0
443,25.3881,20.45,373,Vehicle 4,vehicle,vehicle.tesla.model3,hero_3,52.3826,330.5545,0.0017,0.0,-0.0002,-0.0709,52.3826,-330.5545,0.001237,0.0,0.0,-0.0,0.0,-0.0,-0.0,-0.0,-0.0,0.0,-0.0,5,0,-1,42.37,Driving,False,-0.008,0.525,-0.005,0.3,False,False,1,,,,NONE,False,Green,30.0
444,25.4381,20.5,373,Vehicle 4,vehicle,vehicle.tesla.model3,hero_3,52.3826,330.5545,0.0017,0.0,-0.0002,-0.0709,52.3826,-330.5545,0.001237,-0.0,-0.0,0.0,0.0,-0.0,-0.0,0.0,0.0,-0.0,-0.0,5,0,-1,42.37,Driving,False,-0.008,0.525,-0.005,0.3,False,False,1,,,,NONE,False,Green,30.0
445,25.4881,20.55,373,Vehicle 4,vehicle,vehicle.tesla.model3,hero_3,52.3826,330.5545,0.0017,0.0,-0.0002,-0.0709,52.3826,-330.5545,0.001237,-0.0,0.0,-0.0,0.0,0.0,0.0,-0.0,-0.0,-0.0,-0.0,5,0,-1,42.37,Driving,False,-0.008,0.525,-0.005,0.3,False,False,1,,,,NONE,False,Green,30.0
446,25.5381,20.6,373,Vehicle 4,vehicle,vehicle.tesla.model3,hero_3,52.3826,330.5545,0.0017,0.0,-0.0002,-0.0709,52.3826,-330.5545,0.001237,0.0,0.0,-0.0,0.0,0.0,-0.0,-0.0,-0.0,0.0,-0.0,5,0,-1,42.37,Driving,False,-0.008,0.525,-0.005,0.3,False,False,1,,,,NONE,False,Green,30.0
447,25.5881,20.65,373,Vehicle 4,vehicle,vehicle.tesla.model3,hero_3,52.3826,330.5545,0.0017,0.0,-0.0002,-0.0709,52.3826,-330.5545,0.001237,0.0,0.0,-0.0,0.0,0.0,0.0,-0.0,-0.0,0.0,-0.0,5,0,-1,42.37,Driving,False,-0.008,0.525,-0.007,0.3,False,False,1,,,,NONE,False,Green,30.0
448,25.6381,20.7,373,Vehicle 4,vehicle,vehicle.tesla.model3,hero_3,52.3826,330.5545,0.0017,0.0,-0.0002,-0.0709,52.3826,-330.5545,0.001237,0.0,0.0,-0.0,0.0,0.0,-0.0,-0.0,-0.0,0.0,-0.0,5,0,-1,42.37,Driving,False,-0.008,0.525,-0.007,0.3,False,False,1,,,,NONE,False,Green,30.0
449,25.6881,20.75,373,Vehicle 4,vehicle,vehicle.tesla.model3,hero_3,52.3826,330.5545,0.0017,0.0,-0.0002,-0.0709,52.3826,-330.5545,0.001237,0.0,0.0,-0.0,0.0,0.0,0.0,-0.0,-0.0,0.0,-0.0,5,0,-1,42.37,Driving,False,-0.008,0.525,-0.007,0.3,False,False,1,,,,NONE,False,Green,30.0
450,25.7381,20.8,373,Vehicle 4,vehicle,vehicle.tesla.model3,hero_3,52.3826,330.5545,0.0017,0.0,-0.0002,-0.0709,52.3826,-330.5545,0.001237,0.0,0.0,-0.0,0.0,0.0,-0.0,-0.0,-0.0,0.0,-0.0,5,0,-1,42.37,Driving,False,-0.008,0.525,-0.007,0.3,False,False,1,,,,NONE,False,Green,30.0
451,25.7881,20.85,373,Vehicle 4,vehicle,vehicle.tesla.model3,hero_3,52.3826,330.5545,0.0017,0.0,-0.0002,-0.0709,52.3826,-330.5545,0.001237,0.0,0.0,-0.0,0.0,-0.0,0.0,-0.0,-0.0,0.0,-0.0,5,0,-1,42.37,Driving,False,-0.008,0.525,-0.006,0.3,False,False,1,,,,NONE,False,Green,30.0
452,25.8381,20.9,373,Vehicle 4,vehicle,vehicle.tesla.model3,hero_3,52.3826,330.5545,0.0017,0.0,-0.0002,-0.0709,52.3826,-330.5545,0.001237,0.0,0.0,-0.0,0.0,0.0,-0.0,-0.0,-0.0,0.0,-0.0,5,0,-1,42.37,Driving,False,-0.008,0.525,-0.006,0.3,False,False,1,,,,NONE,False,Green,30.0
453,25.8881,20.95,373,Vehicle 4,vehicle,vehicle.tesla.model3,hero_3,52.3826,330.5545,0.0017,0.0,-0.0002,-0.0709,52.3826,-330.5545,0.001237,0.0,0.0,0.0,0.0,-0.0,-0.0,0.0,0.0,0.0,0.0,5,0,-1,42.37,Driving,False,-0.008,0.525,-0.006,0.3,False,False,1,,,,NONE,False,Green,30.0
454,25.9381,21.0,373,Vehicle 4,vehicle,vehicle.tesla.model3,hero_3,52.3826,330.5545,0.0017,0.0,-0.0002,-0.0709,52.3826,-330.5545,0.001237,-0.0,0.0,-0.0,0.0,-0.0,0.0,-0.0,-0.0,-0.0,0.0,5,0,-1,42.37,Driving,False,-0.008,0.525,-0.006,0.3,False,False,1,,,,NONE,False,Green,30.0
455,25.9881,21.05,373,Vehicle 4,vehicle,vehicle.tesla.model3,hero_3,52.3826,330.5545,0.0017,0.0,-0.0002,-0.0709,52.3826,-330.5545,0.001237,0.0,0.0,-0.0,0.0,0.0,-0.0,-0.0,-0.0,0.0,-0.0,5,0,-1,42.37,Driving,False,-0.008,0.525,-0.008,0.3,False,False,1,,,,NONE,False,Green,30.0
456,26.0381,21.1,373,Vehicle 4,vehicle,vehicle.tesla.model3,hero_3,52.3826,330.5545,0.0017,0.0,-0.0002,-0.0709,52.3826,-330.5545,0.001237,0.0,0.0,-0.0,0.0,-0.0,0.0,-0.0,-0.0,0.0,-0.0,5,0,-1,42.37,Driving,False,-0.008,0.525,-0.008,0.3,False,False,1,,,,NONE,False,Green,30.0
457,26.0881,21.15,373,Vehicle 4,vehicle,vehicle.tesla.model3,hero_3,52.3826,330.5545,0.0017,0.0,-0.0002,-0.0709,52.3826,-330.5545,0.001237,0.0,0.0,-0.0,0.0,-0.0,0.0,-0.0,-0.0,0.0,-0.0,5,0,-1,42.37,Driving,False,-0.008,0.525,-0.008,0.3,False,False,1,,,,NONE,False,Green,30.0
458,26.1381,21.2,373,Vehicle 4,vehicle,vehicle.tesla.model3,hero_3,52.3826,330.5545,0.0017,0.0,-0.0002,-0.0709,52.3826,-330.5545,0.001237,0.0,0.0,-0.0,0.0,0.0,-0.0,-0.0,-0.0,0.0,-0.0,5,0,-1,42.37,Driving,False,-0.008,0.525,-0.008,0.3,False,False,1,,,,NONE,False,Green,30.0
459,26.1881,21.25,373,Vehicle 4,vehicle,vehicle.tesla.model3,hero_3,52.3826,330.5545,0.0017,0.0,-0.0002,-0.0709,52.3826,-330.5545,0.001237,-0.0,-0.0,0.0,0.0,-0.0,-0.0,0.0,0.0,-0.0,-0.0,5,0,-1,42.37,Driving,False,-0.008,0.525,-0.004,0.3,False,False,1,,,,NONE,False,Green,30.0
460,26.2381,21.3,373,Vehicle 4,vehicle,vehicle.tesla.model3,hero_3,52.3826,330.5545,0.0017,0.0,-0.0002,-0.0709,52.3826,-330.5545,0.001237,0.0,0.0,-0.0,0.0,0.0,0.0,-0.0,-0.0,0.0,-0.0,5,0,-1,42.37,Driving,False,-0.008,0.525,-0.004,0.3,False,False,1,,,,NONE,False,Green,30.0
461,26.2881,21.35,373,Vehicle 4,vehicle,vehicle.tesla.model3,hero_3,52.3826,330.5545,0.0017,0.0,-0.0002,-0.0709,52.3826,-330.5545,0.001237,0.0,0.0,-0.0,0.0,0.0,0.0,-0.0,-0.0,0.0,0.0,5,0,-1,42.37,Driving,False,-0.008,0.525,-0.004,0.3,False,False,1,,,,NONE,False,Green,30.0
462,26.3381,21.4,373,Vehicle 4,vehicle,vehicle.tesla.model3,hero_3,52.3826,330.5545,0.0017,0.0,-0.0002,-0.0709,52.3826,-330.5545,0.001237,-0.0,0.0,-0.0,0.0,-0.0,-0.0,0.0,-0.0,-0.0,-0.0,5,0,-1,42.37,Driving,False,-0.008,0.525,-0.004,0.3,False,False,1,,,,NONE,False,Green,30.0
463,26.3881,21.45,373,Vehicle 4,vehicle,vehicle.tesla.model3,hero_3,52.3826,330.5545,0.0017,0.0,-0.0002,-0.0709,52.3826,-330.5545,0.001237,0.0,0.0,-0.0,0.0,0.0,-0.0,-0.0,-0.0,0.0,-0.0,5,0,-1,42.37,Driving,False,-0.008,0.525,-0.007,0.3,False,False,1,,,,NONE,False,Green,30.0
464,26.4381,21.5,373,Vehicle 4,vehicle,vehicle.tesla.model3,hero_3,52.3826,330.5545,0.0017,0.0,-0.0002,-0.0709,52.3826,-330.5545,0.001237,0.0,0.0,-0.0,0.0,-0.0,0.0,-0.0,-0.0,0.0,-0.0,5,0,-1,42.37,Driving,False,-0.008,0.525,-0.007,0.3,False,False,1,,,,NONE,False,Green,30.0
465,26.4881,21.55,373,Vehicle 4,vehicle,vehicle.tesla.model3,hero_3,52.3826,330.5545,0.0017,0.0,-0.0002,-0.0709,52.3826,-330.5545,0.001237,0.0,0.0,-0.0,0.0,0.0,0.0,-0.0,-0.0,0.0,0.0,5,0,-1,42.37,Driving,False,-0.008,0.525,-0.007,0.3,False,False,1,,,,NONE,False,Green,30.0
466,26.5381,21.6,373,Vehicle 4,vehicle,vehicle.tesla.model3,hero_3,52.3826,330.5545,0.0017,0.0,-0.0002,-0.0709,52.3826,-330.5545,0.001237,0.0,0.0,-0.0,0.0,-0.0,-0.0,-0.0,-0.0,0.0,-0.0,5,0,-1,42.37,Driving,False,-0.008,0.525,-0.007,0.3,False,False,1,,,,NONE,False,Green,30.0
467,26.5881,21.65,373,Vehicle 4,vehicle,vehicle.tesla.model3,hero_3,52.3826,330.5545,0.0017,0.0,-0.0002,-0.0709,52.3826,-330.5545,0.001237,0.0,0.0,-0.0,0.0,0.0,-0.0,-0.0,-0.0,0.0,-0.0,5,0,-1,42.37,Driving,False,-0.008,0.525,-0.006,0.3,False,False,1,,,,NONE,False,Green,30.0
468,26.6381,21.7,373,Vehicle 4,vehicle,vehicle.tesla.model3,hero_3,52.3826,330.5545,0.0017,0.0,-0.0002,-0.0709,52.3826,-330.5545,0.001237,0.0,0.0,-0.0,0.0,-0.0,0.0,-0.0,-0.0,0.0,-0.0,5,0,-1,42.37,Driving,False,-0.008,0.525,-0.006,0.3,False,False,1,,,,NONE,False,Green,30.0
469,26.6881,21.75,373,Vehicle 4,vehicle,vehicle.tesla.model3,hero_3,52.3826,330.5545,0.0017,0.0,-0.0002,-0.0709,52.3826,-330.5545,0.001237,0.0,0.0,-0.0,0.0,0.0,-0.0,-0.0,-0.0,0.0,-0.0,5,0,-1,42.37,Driving,False,-0.008,0.525,-0.006,0.3,False,False,1,,,,NONE,False,Green,30.0
470,26.7381,21.8,373,Vehicle 4,vehicle,vehicle.tesla.model3,hero_3,52.3826,330.5545,0.0017,0.0,-0.0002,-0.0709,52.3826,-330.5545,0.001237,-0.0,0.0,0.0,0.0,-0.0,0.0,0.0,-0.0,-0.0,0.0,5,0,-1,42.37,Driving,False,-0.008,0.525,-0.006,0.3,False,False,1,,,,NONE,False,Green,30.0
471,26.7881,21.85,373,Vehicle 4,vehicle,vehicle.tesla.model3,hero_3,52.3826,330.5545,0.0017,0.0,-0.0002,-0.0709,52.3826,-330.5545,0.001237,0.0,0.0,-0.0,0.0,0.0,-0.0,-0.0,-0.0,0.0,-0.0,5,0,-1,42.37,Driving,False,-0.008,0.525,-0.007,0.3,False,False,1,,,,NONE,False,Green,30.0
472,26.8381,21.9,373,Vehicle 4,vehicle,vehicle.tesla.model3,hero_3,52.3826,330.5545,0.0017,0.0,-0.0002,-0.0709,52.3826,-330.5545,0.001237,0.0,0.0,-0.0,0.0,-0.0,0.0,-0.0,-0.0,0.0,-0.0,5,0,-1,42.37,Driving,False,-0.008,0.525,-0.007,0.3,False,False,1,,,,NONE,False,Green,30.0
473,26.8881,21.95,373,Vehicle 4,vehicle,vehicle.tesla.model3,hero_3,52.3826,330.5545,0.0017,0.0,-0.0002,-0.0709,52.3826,-330.5545,0.001237,0.0,0.0,-0.0,0.0,0.0,-0.0,-0.0,-0.0,0.0,-0.0,5,0,-1,42.37,Driving,False,-0.008,0.525,-0.007,0.3,False,False,1,,,,NONE,False,Green,30.0
474,26.9381,22.0,373,Vehicle 4,vehicle,vehicle.tesla.model3,hero_3,52.3826,330.5545,0.0017,0.0,-0.0002,-0.0709,52.3826,-330.5545,0.001237,0.0,0.0,-0.0,0.0,-0.0,0.0,-0.0,-0.0,0.0,-0.0,5,0,-1,42.37,Driving,False,-0.008,0.525,-0.007,0.3,False,False,1,,,,NONE,False,Green,30.0
475,26.9881,22.05,373,Vehicle 4,vehicle,vehicle.tesla.model3,hero_3,52.3826,330.5545,0.0017,0.0,-0.0002,-0.0709,52.3826,-330.5545,0.001237,0.0,0.0,-0.0,0.0,0.0,-0.0,-0.0,-0.0,0.0,-0.0,5,0,-1,42.37,Driving,False,-0.008,0.525,-0.006,0.3,False,False,1,,,,NONE,False,Green,30.0
476,27.0381,22.1,373,Vehicle 4,vehicle,vehicle.tesla.model3,hero_3,52.3826,330.5545,0.0017,0.0,-0.0002,-0.0709,52.3826,-330.5545,0.001237,0.0,0.0,-0.0,0.0,0.0,0.0,-0.0,-0.0,0.0,0.0,5,0,-1,42.37,Driving,False,-0.008,0.525,-0.006,0.3,False,False,1,,,,NONE,False,Green,30.0
477,27.0881,22.15,373,Vehicle 4,vehicle,vehicle.tesla.model3,hero_3,52.3826,330.5545,0.0017,0.0,-0.0002,-0.0709,52.3826,-330.5545,0.001237,0.0,0.0,-0.0,0.0,-0.0,-0.0,-0.0,-0.0,0.0,-0.0,5,0,-1,42.37,Driving,False,-0.008,0.525,-0.006,0.3,False,False,1,,,,NONE,False,Green,30.0
478,27.1381,22.2,373,Vehicle 4,vehicle,vehicle.tesla.model3,hero_3,52.3826,330.5545,0.0017,0.0,-0.0002,-0.0709,52.3826,-330.5545,0.001237,0.0,0.0,-0.0,0.0,-0.0,0.0,-0.0,-0.0,0.0,-0.0,5,0,-1,42.37,Driving,False,-0.008,0.525,-0.006,0.3,False,False,1,,,,NONE,False,Green,30.0
479,27.1881,22.25,373,Vehicle 4,vehicle,vehicle.tesla.model3,hero_3,52.3826,330.5545,0.0017,0.0,-0.0002,-0.0709,52.3826,-330.5545,0.001237,0.0,0.0,-0.0,0.0,-0.0,-0.0,0.0,-0.0,0.0,0.0,5,0,-1,42.37,Driving,False,-0.008,0.525,-0.008,0.3,False,False,1,,,,NONE,False,Green,30.0
480,27.2381,22.3,373,Vehicle 4,vehicle,vehicle.tesla.model3,hero_3,52.3826,330.5545,0.0017,0.0,-0.0002,-0.0709,52.3826,-330.5545,0.001237,0.0,0.0,-0.0,0.0,0.0,0.0,-0.0,-0.0,0.0,-0.0,5,0,-1,42.37,Driving,False,-0.008,0.525,-0.008,0.3,False,False,1,,,,NONE,False,Green,30.0
481,27.2881,22.35,373,Vehicle 4,vehicle,vehicle.tesla.model3,hero_3,52.3826,330.5545,0.0017,0.0,-0.0002,-0.0709,52.3826,-330.5545,0.001237,0.0,0.0,-0.0,0.0,0.0,-0.0,-0.0,-0.0,0.0,-0.0,5,0,-1,42.37,Driving,False,-0.008,0.525,-0.008,0.3,False,False,1,,,,NONE,False,Green,30.0
482,27.3381,22.4,373,Vehicle 4,vehicle,vehicle.tesla.model3,hero_3,52.3826,330.5545,0.0017,0.0,-0.0002,-0.0709,52.3826,-330.5545,0.001237,0.0,0.0,-0.0,0.0,0.0,0.0,-0.0,-0.0,0.0,0.0,5,0,-1,42.37,Driving,False,-0.008,0.525,-0.008,0.3,False,False,1,,,,NONE,False,Green,30.0
483,27.3881,22.45,373,Vehicle 4,vehicle,vehicle.tesla.model3,hero_3,52.3826,330.5545,0.0017,0.0,-0.0002,-0.0709,52.3826,-330.5545,0.001237,0.0,0.0,-0.0,0.0,-0.0,-0.0,-0.0,-0.0,0.0,-0.0,5,0,-1,42.37,Driving,False,-0.008,0.525,-0.006,0.3,False,False,1,,,,NONE,False,Green,30.0
484,27.4381,22.5,373,Vehicle 4,vehicle,vehicle.tesla.model3,hero_3,52.3826,330.5545,0.0017,0.0,-0.0002,-0.0709,52.3826,-330.5545,0.001237,0.0,0.0,-0.0,0.0,0.0,-0.0,-0.0,-0.0,0.0,-0.0,5,0,-1,42.37,Driving,False,-0.008,0.525,-0.006,0.3,False,False,1,,,,NONE,False,Green,30.0
485,27.4881,22.55,373,Vehicle 4,vehicle,vehicle.tesla.model3,hero_3,52.3826,330.5545,0.0017,0.0,-0.0002,-0.0709,52.3826,-330.5545,0.001237,0.0,0.0,-0.0,0.0,-0.0,-0.0,-0.0,-0.0,0.0,-0.0,5,0,-1,42.37,Driving,False,-0.008,0.525,-0.006,0.3,False,False,1,,,,NONE,False,Green,30.0
486,27.5381,22.6,373,Vehicle 4,vehicle,vehicle.tesla.model3,hero_3,52.3826,330.5545,0.0017,0.0,-0.0002,-0.0709,52.3826,-330.5545,0.001237,-0.0,-0.0,0.0,0.0,-0.0,-0.0,0.0,0.0,-0.0,-0.0,5,0,-1,42.37,Driving,False,-0.008,0.525,-0.006,0.3,False,False,1,,,,NONE,False,Green,30.0
487,27.5881,22.65,373,Vehicle 4,vehicle,vehicle.tesla.model3,hero_3,52.3826,330.5545,0.0017,0.0,-0.0002,-0.0709,52.3826,-330.5545,0.001237,-0.0,0.0,-0.0,0.0,0.0,0.0,-0.0,-0.0,-0.0,-0.0,5,0,-1,42.37,Driving,False,-0.008,0.525,-0.006,0.3,False,False,1,,,,NONE,False,Green,30.0
488,27.6381,22.7,373,Vehicle 4,vehicle,vehicle.tesla.model3,hero_3,52.3826,330.5545,0.0017,0.0,-0.0002,-0.0709,52.3826,-330.5545,0.001237,0.0,0.0,-0.0,0.0,0.0,-0.0,-0.0,-0.0,0.0,-0.0,5,0,-1,42.37,Driving,False,-0.008,0.525,-0.006,0.3,False,False,1,,,,NONE,False,Green,30.0
489,27.6881,22.75,373,Vehicle 4,vehicle,vehicle.tesla.model3,hero_3,52.3826,330.5545,0.0017,0.0,-0.0002,-0.0709,52.3826,-330.5545,0.001237,0.0,0.0,-0.0,0.0,0.0,0.0,-0.0,-0.0,0.0,-0.0,5,0,-1,42.37,Driving,False,-0.008,0.525,-0.006,0.3,False,False,1,,,,NONE,False,Green,30.0
490,27.7381,22.8,373,Vehicle 4,vehicle,vehicle.tesla.model3,hero_3,52.3826,330.5545,0.0017,0.0,-0.0002,-0.0709,52.3826,-330.5545,0.001237,0.0,0.0,-0.0,0.0,0.0,-0.0,-0.0,-0.0,0.0,-0.0,5,0,-1,42.37,Driving,False,-0.008,0.525,-0.006,0.3,False,False,1,,,,NONE,False,Green,30.0
491,27.7881,22.85,373,Vehicle 4,vehicle,vehicle.tesla.model3,hero_3,52.3826,330.5545,0.0017,0.0,-0.0002,-0.0709,52.3826,-330.5545,0.001237,0.0,0.0,-0.0,0.0,0.0,0.0,-0.0,-0.0,0.0,-0.0,5,0,-1,42.37,Driving,False,-0.008,0.525,-0.006,0.3,False,False,1,,,,NONE,False,Green,30.0
492,27.8381,22.9,373,Vehicle 4,vehicle,vehicle.tesla.model3,hero_3,52.3826,330.5545,0.0017,0.0,-0.0002,-0.0709,52.3826,-330.5545,0.001237,0.0,0.0,-0.0,0.0,0.0,-0.0,-0.0,-0.0,0.0,-0.0,5,0,-1,42.37,Driving,False,-0.008,0.525,-0.006,0.3,False,False,1,,,,NONE,False,Green,30.0
493,27.8881,22.95,373,Vehicle 4,vehicle,vehicle.tesla.model3,hero_3,52.3826,330.5545,0.0017,0.0,-0.0002,-0.0709,52.3826,-330.5545,0.001237,0.0,0.0,-0.0,0.0,0.0,0.0,-0.0,-0.0,0.0,-0.0,5,0,-1,42.37,Driving,False,-0.008,0.525,-0.006,0.3,False,False,1,,,,NONE,False,Green,30.0
494,27.9381,23.0,373,Vehicle 4,vehicle,vehicle.tesla.model3,hero_3,52.3826,330.5545,0.0017,0.0,-0.0002,-0.0709,52.3826,-330.5545,0.001237,0.0,0.0,-0.0,0.0,0.0,-0.0,-0.0,-0.0,0.0,-0.0,5,0,-1,42.37,Driving,False,-0.008,0.525,-0.006,0.3,False,False,1,,,,NONE,False,Green,30.0
495,27.9881,23.05,373,Vehicle 4,vehicle,vehicle.tesla.model3,hero_3,52.3826,330.5545,0.0017,0.0,-0.0002,-0.0709,52.3826,-330.5545,0.001237,0.0,0.0,0.0,0.0,-0.0,-0.0,0.0,0.0,0.0,0.0,5,0,-1,42.37,Driving,False,-0.008,0.525,-0.007,0.3,False,False,1,,,,NONE,False,Green,30.0
496,28.0381,23.1,373,Vehicle 4,vehicle,vehicle.tesla.model3,hero_3,52.3826,330.5545,0.0017,0.0,-0.0002,-0.0709,52.3826,-330.5545,0.001237,0.0,0.0,-0.0,0.0,0.0,0.0,-0.0,-0.0,0.0,0.0,5,0,-1,42.37,Driving,False,-0.008,0.525,-0.007,0.3,False,False,1,,,,NONE,False,Green,30.0
497,28.0881,23.15,373,Vehicle 4,vehicle,vehicle.tesla.model3,hero_3,52.3826,330.5545,0.0017,0.0,-0.0002,-0.0709,52.3826,-330.5545,0.001237,0.0,0.0,-0.0,0.0,0.0,0.0,-0.0,-0.0,0.0,-0.0,5,0,-1,42.37,Driving,False,-0.008,0.525,-0.007,0.3,False,False,1,,,,NONE,False,Green,30.0
498,28.1381,23.2,373,Vehicle 4,vehicle,vehicle.tesla.model3,hero_3,52.3826,330.5545,0.0017,0.0,-0.0002,-0.0709,52.3826,-330.5545,0.001237,0.0,0.0,-0.0,0.0,0.0,0.0,-0.0,-0.0,0.0,-0.0,5,0,-1,42.37,Driving,False,-0.008,0.525,-0.007,0.3,False,False,1,,,,NONE,False,Green,30.0
499,28.1881,23.25,373,Vehicle 4,vehicle,vehicle.tesla.model3,hero_3,52.3826,330.5545,0.0017,0.0,-0.0002,-0.0709,52.3826,-330.5545,0.001237,0.0,0.0,-0.0,0.0,-0.0,0.0,-0.0,-0.0,0.0,-0.0,5,0,-1,42.37,Driving,False,-0.008,0.525,-0.006,0.3,False,False,1,,,,NONE,False,Green,30.0
500,28.2381,23.3,373,Vehicle 4,vehicle,vehicle.tesla.model3,hero_3,52.3826,330.5545,0.0017,0.0,-0.0002,-0.0709,52.3826,-330.5545,0.001237,0.0,0.0,-0.0,0.0,0.0,-0.0,-0.0,-0.0,0.0,-0.0,5,0,-1,42.37,Driving,False,-0.008,0.525,-0.006,0.3,False,False,1,,,,NONE,False,Green,30.0
501,28.2881,23.35,373,Vehicle 4,vehicle,vehicle.tesla.model3,hero_3,52.3826,330.5545,0.0017,0.0,-0.0002,-0.0709,52.3826,-330.5545,0.001237,-0.0,-0.0,0.0,0.0,-0.0,-0.0,0.0,0.0,-0.0,-0.0,5,0,-1,42.37,Driving,False,-0.008,0.525,-0.006,0.3,False,False,1,,,,NONE,False,Green,30.0
502,28.3381,23.4,373,Vehicle 4,vehicle,vehicle.tesla.model3,hero_3,52.3826,330.5545,0.0017,0.0,-0.0002,-0.0709,52.3826,-330.5545,0.001237,0.0,0.0,-0.0,0.0,0.0,0.0,-0.0,-0.0,0.0,-0.0,5,0,-1,42.37,Driving,False,-0.008,0.525,-0.006,0.3,False,False,1,,,,NONE,False,Green,30.0
503,28.3881,23.45,373,Vehicle 4,vehicle,vehicle.tesla.model3,hero_3,52.3826,330.5545,0.0017,0.0,-0.0002,-0.0709,52.3826,-330.5545,0.001237,0.0,0.0,-0.0,0.0,0.0,0.0,-0.0,-0.0,0.0,0.0,5,0,-1,42.37,Driving,False,-0.008,0.525,-0.006,0.3,False,False,1,,,,NONE,False,Green,30.0
504,28.4381,23.5,373,Vehicle 4,vehicle,vehicle.tesla.model3,hero_3,52.3826,330.5545,0.0017,0.0,-0.0002,-0.0709,52.3826,-330.5545,0.001237,0.0,0.0,-0.0,0.0,-0.0,-0.0,0.0,-0.0,0.0,-0.0,5,0,-1,42.37,Driving,False,-0.008,0.525,-0.006,0.3,False,False,1,,,,NONE,False,Green,30.0
505,28.4881,23.55,373,Vehicle 4,vehicle,vehicle.tesla.model3,hero_3,52.3826,330.5545,0.0017,0.0,-0.0002,-0.0709,52.3826,-330.5545,0.001237,0.0,0.0,-0.0,0.0,0.0,0.0,-0.0,-0.0,0.0,-0.0,5,0,-1,42.37,Driving,False,-0.008,0.525,-0.006,0.3,False,False,1,,,,NONE,False,Green,30.0
506,28.5381,23.6,373,Vehicle 4,vehicle,vehicle.tesla.model3,hero_3,52.3826,330.5545,0.0017,0.0,-0.0002,-0.0709,52.3826,-330.5545,0.001237,0.0,0.0,-0.0,0.0,0.0,-0.0,-0.0,-0.0,0.0,-0.0,5,0,-1,42.37,Driving,False,-0.008,0.525,-0.006,0.3,False,False,1,,,,NONE,False,Green,30.0
507,28.5881,23.65,373,Vehicle 4,vehicle,vehicle.tesla.model3,hero_3,52.3826,330.5545,0.0017,0.0,-0.0002,-0.0709,52.3826,-330.5545,0.001237,0.0,0.0,-0.0,0.0,0.0,0.0,-0.0,-0.0,0.0,0.0,5,0,-1,42.37,Driving,False,-0.008,0.525,-0.006,0.3,False,False,1,,,,NONE,False,Green,30.0
508,28.6381,23.7,373,Vehicle 4,vehicle,vehicle.tesla.model3,hero_3,52.3826,330.5545,0.0017,0.0,-0.0002,-0.0709,52.3826,-330.5545,0.001237,0.0,0.0,-0.0,0.0,-0.0,-0.0,-0.0,-0.0,0.0,-0.0,5,0,-1,42.37,Driving,False,-0.008,0.525,-0.006,0.3,False,False,1,,,,NONE,False,Green,30.0
509,28.6881,23.75,373,Vehicle 4,vehicle,vehicle.tesla.model3,hero_3,52.3826,330.5545,0.0017,0.0,-0.0002,-0.0709,52.3826,-330.5545,0.001237,0.0,0.0,-0.0,0.0,0.0,0.0,-0.0,-0.0,0.0,-0.0,5,0,-1,42.37,Driving,False,-0.008,0.525,-0.006,0.3,False,False,1,,,,NONE,False,Green,30.0
510,28.7381,23.8,373,Vehicle 4,vehicle,vehicle.tesla.model3,hero_3,52.3826,330.5545,0.0017,0.0,-0.0002,-0.0709,52.3826,-330.5545,0.001237,0.0,0.0,-0.0,0.0,-0.0,0.0,-0.0,-0.0,0.0,-0.0,5,0,-1,42.37,Driving,False,-0.008,0.525,-0.006,0.3,False,False,1,,,,NONE,False,Green,30.0
511,28.7881,23.85,373,Vehicle 4,vehicle,vehicle.tesla.model3,hero_3,52.3826,330.5545,0.0017,0.0,-0.0002,-0.0709,52.3826,-330.5545,0.001237,0.0,0.0,-0.0,0.0,0.0,-0.0,-0.0,-0.0,0.0,-0.0,5,0,-1,42.37,Driving,False,-0.008,0.525,-0.007,0.3,False,False,1,,,,NONE,False,Green,30.0
