frame,sim_time,t_rel,actor_id,name,category,type_id,role_name,x,y,z,roll,pitch,yaw,x_odr,y_odr,heading_odr_rad,vx,vy,vz,speed_mps,ax,ay,az,wx_dps,wy_dps,wz_dps,road_id,section_id,lane_id,s,lane_type,is_junction,lateral_offset_m,throttle,steer,brake,hand_brake,reverse,gear,walker_dir_x,walker_dir_y,walker_speed,light_state,at_traffic_light,traffic_light_state,speed_limit_kmh
34,4.9381,0.0,370,Vehicle 1,vehicle,vehicle.tesla.model3,hero_0,9.2929,330.5399,0.0008,-0.015,0.0259,0.032,9.2929,-330.5399,-0.000559,-0.0,-0.0001,0.0015,0.0015,0.0,0.0002,-0.0151,0.0032,0.0007,0.0001,20,0,1,0.7,Driving,False,0.0,0.0,0.0,0.0,False,False,0,,,,NONE,False,Green,30.0
35,4.9881,0.05,370,Vehicle 1,vehicle,vehicle.tesla.model3,hero_0,9.2929,330.5399,0.0008,-0.0151,0.0259,0.032,9.2929,-330.5399,-0.000559,-0.0,-0.0,0.001,0.001,-0.0,0.0011,-0.0101,0.0025,0.0005,0.0,20,0,1,0.7,Driving,False,0.0,0.0,0.0,0.0,False,False,0,,,,NONE,False,Green,30.0
36,5.0381,0.1,370,Vehicle 1,vehicle,vehicle.tesla.model3,hero_0,9.2929,330.5399,0.0008,-0.0151,0.0259,0.032,9.2929,-330.5399,-0.000559,0.0,0.0,0.0,0.0,0.0,0.0,-0.0197,0.0,0.0,0.0,20,0,1,0.7,Driving,False,0.0,0.0,0.0,0.0,False,False,0,,,,NONE,False,Green,30.0
37,5.0881,0.15,370,Vehicle 1,vehicle,vehicle.tesla.model3,hero_0,9.2929,330.5399,0.0008,-0.0151,0.0259,0.032,9.2929,-330.5399,-0.000559,0.0,0.0,0.0,0.0,0.0,0.0,0.0,0.0,0.0,0.0,20,0,1,0.7,Driving,False,0.0,0.0,0.0,0.0,False,False,0,,,,NONE,False,Green,30.0
38,5.1381,0.2,370,Vehicle 1,vehicle,vehicle.tesla.model3,hero_0,9.2929,330.5399,0.0008,-0.0151,0.0259,0.032,9.2929,-330.5399,-0.000559,0.0,0.0,0.0,0.0,0.0,0.0,0.0,0.0,0.0,0.0,20,0,1,0.7,Driving,False,0.0,0.0,0.0,0.0,False,False,0,,,,NONE,False,Green,30.0
39,5.1881,0.25,370,Vehicle 1,vehicle,vehicle.tesla.model3,hero_0,9.2929,330.5399,0.0007,-0.0151,0.0259,0.032,9.2929,-330.5399,-0.000559,0.0,-0.0,-0.0023,0.0023,0.0,-0.0,-0.0463,0.001,0.0002,0.0,20,0,1,0.7,Driving,False,0.0,0.0,-0.008,0.969,False,False,0,,,,NONE,False,Green,30.0
40,5.2381,0.3,370,Vehicle 1,vehicle,vehicle.tesla.model3,hero_0,9.2929,330.5399,0.0006,-0.0153,0.0259,0.032,9.2929,-330.5399,-0.000559,-0.0,-0.0,-0.0,0.0,-0.0,-0.0,0.0458,0.0012,0.0002,0.0,20,0,1,0.7,Driving,False,0.0,0.0,-0.008,0.969,False,False,0,,,,NONE,False,Green,30.0
41,5.2881,0.35,370,Vehicle 1,vehicle,vehicle.tesla.model3,hero_0,9.2929,330.5399,0.0007,-0.0153,0.0259,0.032,9.2929,-330.5399,-0.000559,-0.0,-0.0,0.0009,0.0009,-0.0,-0.0,0.0181,0.0009,0.0002,0.0,20,0,1,0.7,Driving,False,0.0,0.0,-0.008,0.969,False,False,0,,,,NONE,False,Green,30.0
42,5.3381,0.4,370,Vehicle 1,vehicle,vehicle.tesla.model3,hero_0,9.2929,330.5399,0.0007,-0.0153,0.0259,0.032,9.2929,-330.5399,-0.000559,-0.0,-0.0,0.0011,0.0011,-0.0,-0.0,0.0047,0.0007,0.0002,0.0,20,0,1,0.7,Driving,False,0.0,0.0,-0.008,0.969,False,False,0,,,,NONE,False,Green,30.0
43,5.3881,0.45,370,Vehicle 1,vehicle,vehicle.tesla.model3,hero_0,9.2929,330.5399,0.0008,-0.0154,0.0259,0.032,9.2929,-330.5399,-0.000559,-0.0,-0.0,0.0011,0.0011,-0.0,0.0,-0.0012,0.0005,0.0001,0.0,20,0,1,0.7,Driving,False,0.0,0.0,-0.007,0.995,False,False,0,,,,NONE,False,Green,30.0
44,5.4381,0.5,370,Vehicle 1,vehicle,vehicle.tesla.model3,hero_0,9.2929,330.5399,0.0008,-0.0154,0.0259,0.032,9.2929,-330.5399,-0.000559,-0.0,-0.0,0.0009,0.0009,0.0,0.0,-0.0034,0.0004,0.0001,0.0,20,0,1,0.7,Driving,False,0.0,0.0,-0.007,0.995,False,False,0,,,,NONE,False,Green,30.0
45,5.4881,0.55,370,Vehicle 1,vehicle,vehicle.tesla.model3,hero_0,9.2929,330.5399,0.0008,-0.0154,0.0259,0.032,9.2929,-330.5399,-0.000559,-0.0,-0.0,0.0007,0.0007,0.0,0.0,-0.0038,0.0003,0.0001,0.0,20,0,1,0.7,Driving,False,0.0,0.0,-0.007,0.995,False,False,0,,,,NONE,False,Green,30.0
46,5.5381,0.6,370,Vehicle 1,vehicle,vehicle.tesla.model3,hero_0,9.2929,330.5399,0.0009,-0.0154,0.0259,0.032,9.2929,-330.5399,-0.000559,-0.0,-0.0,0.0005,0.0005,0.0,0.0,-0.0034,0.0003,0.0,0.0,20,0,1,0.7,Driving,False,0.0,0.0,-0.007,0.995,False,False,0,,,,NONE,False,Green,30.0
47,5.5881,0.65,370,Vehicle 1,vehicle,vehicle.tesla.model3,hero_0,9.2929,330.5399,0.0009,-0.0154,0.0259,0.032,9.2929,-330.5399,-0.000559,-0.0,-0.0,0.0002,0.0002,0.0,0.0,-0.007,0.0,0.0,0.0,20,0,1,0.7,Driving,False,0.0,0.0,-0.007,1.0,False,False,0,,,,NONE,False,Green,30.0
48,5.6381,0.7,370,Vehicle 1,vehicle,vehicle.tesla.model3,hero_0,9.2929,330.5399,0.0009,-0.0154,0.0259,0.032,9.2929,-330.5399,-0.000559,-0.0,-0.0,0.0002,0.0002,-0.0,-0.0,0.0012,0.0001,0.0,0.0,20,0,1,0.7,Driving,False,0.0,0.0,-0.007,1.0,False,False,0,,,,NONE,False,Green,30.0
49,5.6881,0.75,370,Vehicle 1,vehicle,vehicle.tesla.model3,hero_0,9.2929,330.5399,0.0009,-0.0154,0.0259,0.032,9.2929,-330.5399,-0.000559,-0.0,-0.0,0.0002,0.0002,0.0,0.0,-0.0002,0.0001,0.0,0.0,20,0,1,0.7,Driving,False,0.0,0.0,-0.007,1.0,False,False,0,,,,NONE,False,Green,30.0
50,5.7381,0.8,370,Vehicle 1,vehicle,vehicle.tesla.model3,hero_0,9.2929,330.5399,0.0009,-0.0154,0.0259,0.032,9.2929,-330.5399,-0.000559,-0.0,-0.0,0.0002,0.0002,0.0,0.0,-0.0007,0.0001,0.0,0.0,20,0,1,0.7,Driving,False,0.0,0.0,-0.007,1.0,False,False,0,,,,NONE,False,Green,30.0
51,5.7881,0.85,370,Vehicle 1,vehicle,vehicle.tesla.model3,hero_0,9.2929,330.5399,0.0009,-0.0154,0.0259,0.032,9.2929,-330.5399,-0.000559,-0.0,-0.0,0.0002,0.0002,0.0,0.0,-0.0008,0.0,0.0,0.0,20,0,1,0.7,Driving,False,0.0,0.0,-0.008,0.982,False,False,0,,,,NONE,False,Green,30.0
52,5.8381,0.9,370,Vehicle 1,vehicle,vehicle.tesla.model3,hero_0,9.2929,330.5399,0.0009,-0.0154,0.0259,0.032,9.2929,-330.5399,-0.000559,-0.0,-0.0,0.0001,0.0001,0.0,0.0,-0.0007,0.0001,0.0,0.0,20,0,1,0.7,Driving,False,0.0,0.0,-0.008,0.982,False,False,0,,,,NONE,False,Green,30.0
53,5.8881,0.95,370,Vehicle 1,vehicle,vehicle.tesla.model3,hero_0,9.2929,330.5399,0.0009,-0.0154,0.0259,0.032,9.2929,-330.5399,-0.000559,-0.0,-0.0,0.0001,0.0001,-0.0,0.0,-0.0006,0.0,-0.0,0.0,20,0,1,0.7,Driving,False,0.0,0.0,-0.008,0.982,False,False,0,,,,NONE,False,Green,30.0
54,5.9381,1.0,370,Vehicle 1,vehicle,vehicle.tesla.model3,hero_0,9.2929,330.5399,0.0009,-0.0154,0.0259,0.032,9.2929,-330.5399,-0.000559,-0.0,-0.0,0.0001,0.0001,0.0,-0.0,-0.0005,0.0,0.0,0.0,20,0,1,0.7,Driving,False,0.0,0.0,-0.008,0.982,False,False,0,,,,NONE,False,Green,30.0
55,5.9881,1.05,370,Vehicle 1,vehicle,vehicle.tesla.model3,hero_0,9.2929,330.5399,0.0009,-0.0154,0.0259,0.032,9.2929,-330.5399,-0.000559,-0.0,-0.0,0.0,0.0,0.0,0.0,-0.001,0.0,0.0,0.0,20,0,1,0.7,Driving,False,0.0,0.0,-0.008,0.967,False,False,0,,,,NONE,False,Green,30.0
56,6.0381,1.1,370,Vehicle 1,vehicle,vehicle.tesla.model3,hero_0,9.2929,330.5399,0.0009,-0.0154,0.0259,0.032,9.2929,-330.5399,-0.000559,-0.0,-0.0,0.0,0.0,-0.0,-0.0,0.0002,0.0,-0.0,0.0,20,0,1,0.7,Driving,False,0.0,0.0,-0.008,0.967,False,False,0,,,,NONE,False,Green,30.0
57,6.0881,1.15,370,Vehicle 1,vehicle,vehicle.tesla.model3,hero_0,9.2929,330.5399,0.0009,-0.0154,0.0259,0.032,9.2929,-330.5399,-0.000559,-0.0,-0.0,0.0,0.0,0.0,-0.0,-0.0,-0.0,0.0,0.0,20,0,1,0.7,Driving,False,0.0,0.0,-0.008,0.967,False,False,0,,,,NONE,False,Green,30.0
58,6.1381,1.2,370,Vehicle 1,vehicle,vehicle.tesla.model3,hero_0,9.2929,330.5399,0.0009,-0.0154,0.0259,0.032,9.2929,-330.5399,-0.000559,-0.0,-0.0,0.0,0.0,-0.0,0.0,-0.0001,0.0,-0.0,0.0,20,0,1,0.7,Driving,False,0.0,0.0,-0.008,0.967,False,False,0,,,,NONE,False,Green,30.0
59,6.1881,1.25,370,Vehicle 1,vehicle,vehicle.tesla.model3,hero_0,9.2929,330.5399,0.0009,-0.0154,0.0259,0.032,9.2929,-330.5399,-0.000559,-0.0,-0.0,0.0,0.0,0.0,-0.0,-0.0001,0.0,-0.0,0.0,20,0,1,0.7,Driving,False,0.0,0.0,-0.008,0.976,False,False,0,,,,NONE,False,Green,30.0
60,6.2381,1.3,370,Vehicle 1,vehicle,vehicle.tesla.model3,hero_0,9.2929,330.5399,0.0009,-0.0154,0.0259,0.032,9.2929,-330.5399,-0.000559,-0.0,-0.0,0.0,0.0,0.0,0.0,-0.0001,0.0,0.0,0.0,20,0,1,0.7,Driving,False,0.0,0.0,-0.008,0.976,False,False,0,,,,NONE,False,Green,30.0
61,6.2881,1.35,370,Vehicle 1,vehicle,vehicle.tesla.model3,hero_0,9.2929,330.5399,0.001,-0.0154,0.0259,0.032,9.2929,-330.5399,-0.000559,-0.0,-0.0,0.0,0.0,-0.0,0.0,-0.0,0.0,0.0,0.0,20,0,1,0.7,Driving,False,0.0,0.0,-0.008,0.976,False,False,0,,,,NONE,False,Green,30.0
62,6.3381,1.4,370,Vehicle 1,vehicle,vehicle.tesla.model3,hero_0,9.2929,330.5399,0.001,-0.0154,0.0259,0.032,9.2929,-330.5399,-0.000559,-0.0,-0.0,0.0,0.0,-0.0,0.0,-0.0001,-0.0,0.0,0.0,20,0,1,0.7,Driving,False,0.0,0.0,-0.008,0.976,False,False,0,,,,NONE,False,Green,30.0
63,6.3881,1.45,370,Vehicle 1,vehicle,vehicle.tesla.model3,hero_0,9.2929,330.5399,0.001,-0.0154,0.0259,0.032,9.2929,-330.5399,-0.000559,-0.0,-0.0,0.0,0.0,-0.0,-0.0,-0.0,0.0,-0.0,0.0,20,0,1,0.7,Driving,False,0.0,0.0,-0.009,0.935,False,False,0,,,,NONE,False,Green,30.0
64,6.4381,1.5,370,Vehicle 1,vehicle,vehicle.tesla.model3,hero_0,9.2929,330.5399,0.001,-0.0154,0.0259,0.032,9.2929,-330.5399,-0.000559,-0.0,-0.0,0.0,0.0,0.0,0.0,-0.0,-0.0,0.0,0.0,20,0,1,0.7,Driving,False,0.0,0.0,-0.009,0.935,False,False,0,,,,NONE,False,Green,30.0
65,6.4881,1.55,370,Vehicle 1,vehicle,vehicle.tesla.model3,hero_0,9.2929,330.5399,0.001,-0.0154,0.0259,0.032,9.2929,-330.5399,-0.000559,-0.0,-0.0,0.0,0.0,-0.0,0.0,0.0,0.0,0.0,0.0,20,0,1,0.7,Driving,False,0.0,0.0,-0.009,0.935,False,False,0,,,,NONE,False,Green,30.0
66,6.5381,1.6,370,Vehicle 1,vehicle,vehicle.tesla.model3,hero_0,9.2929,330.5399,0.001,-0.0154,0.0259,0.032,9.2929,-330.5399,-0.000559,-0.0,-0.0,0.0,0.0,0.0,-0.0,-0.0,-0.0,0.0,0.0,20,0,1,0.7,Driving,False,0.0,0.0,-0.009,0.935,False,False,0,,,,NONE,False,Green,30.0
67,6.5881,1.65,370,Vehicle 1,vehicle,vehicle.tesla.model3,hero_0,9.2929,330.5399,0.001,-0.0154,0.0259,0.032,9.2929,-330.5399,-0.000559,-0.0,-0.0,0.0,0.0,-0.0,-0.0,0.0,0.0001,-0.0,0.0,20,0,1,0.7,Driving,False,0.0,0.0,-0.008,1.0,False,False,0,,,,NONE,False,Green,30.0
68,6.6381,1.7,370,Vehicle 1,vehicle,vehicle.tesla.model3,hero_0,9.2929,330.5399,0.001,-0.0154,0.0259,0.032,9.2929,-330.5399,-0.000559,-0.0,-0.0,0.0,0.0,0.0,0.0,-0.0,-0.0,0.0,0.0,20,0,1,0.7,Driving,False,0.0,0.0,-0.008,1.0,False,False,0,,,,NONE,False,Green,30.0
69,6.6881,1.75,370,Vehicle 1,vehicle,vehicle.tesla.model3,hero_0,9.2929,330.5399,0.001,-0.0154,0.0259,0.032,9.2929,-330.5399,-0.000559,-0.0,-0.0,0.0,0.0,-0.0,-0.0,-0.0,0.0,-0.0,0.0,20,0,1,0.7,Driving,False,0.0,0.0,-0.008,1.0,False,False,0,,,,NONE,False,Green,30.0
70,6.7381,1.8,370,Vehicle 1,vehicle,vehicle.tesla.model3,hero_0,9.2929,330.5399,0.001,-0.0154,0.0259,0.032,9.2929,-330.5399,-0.000559,-0.0,-0.0,0.0,0.0,0.0,0.0,-0.0,-0.0,0.0,0.0,20,0,1,0.7,Driving,False,0.0,0.0,-0.008,1.0,False,False,0,,,,NONE,False,Green,30.0
71,6.7881,1.85,370,Vehicle 1,vehicle,vehicle.tesla.model3,hero_0,9.2929,330.5399,0.001,-0.0154,0.0259,0.032,9.2929,-330.5399,-0.000559,-0.0,-0.0,0.0,0.0,-0.0,0.0,-0.0,-0.0,0.0,0.0,20,0,1,0.7,Driving,False,0.0,0.0,-0.007,0.984,False,False,0,,,,NONE,False,Green,30.0
72,6.8381,1.9,370,Vehicle 1,vehicle,vehicle.tesla.model3,hero_0,9.2929,330.5399,0.001,-0.0154,0.0259,0.032,9.2929,-330.5399,-0.000559,-0.0,-0.0,0.0,0.0,0.0,-0.0,-0.0,0.0,0.0,0.0,20,0,1,0.7,Driving,False,0.0,0.0,-0.007,0.984,False,False,0,,,,NONE,False,Green,30.0
73,6.8881,1.95,370,Vehicle 1,vehicle,vehicle.tesla.model3,hero_0,9.2929,330.5399,0.001,-0.0154,0.0259,0.032,9.2929,-330.5399,-0.000559,-0.0,-0.0,0.0,0.0,-0.0,-0.0,0.0,0.0,-0.0,0.0,20,0,1,0.7,Driving,False,0.0,0.0,-0.007,0.984,False,False,0,,,,NONE,False,Green,30.0
74,6.9381,2.0,370,Vehicle 1,vehicle,vehicle.tesla.model3,hero_0,9.2929,330.5399,0.001,-0.0154,0.0259,0.032,9.2929,-330.5399,-0.000559,-0.0,-0.0,0.0,0.0,-0.0,0.0,0.0,0.0,-0.0,0.0,20,0,1,0.7,Driving,False,0.0,0.0,-0.007,0.984,False,False,0,,,,NONE,False,Green,30.0
75,6.9881,2.05,370,Vehicle 1,vehicle,vehicle.tesla.model3,hero_0,9.2929,330.5399,0.001,-0.0154,0.0259,0.032,9.2929,-330.5399,-0.000559,-0.0,-0.0,0.0,0.0,-0.0,-0.0,0.0,0.0,-0.0,0.0,20,0,1,0.7,Driving,False,0.0,0.0,-0.008,0.967,False,False,0,,,,NONE,False,Green,30.0
76,7.0381,2.1,370,Vehicle 1,vehicle,vehicle.tesla.model3,hero_0,9.2929,330.5399,0.001,-0.0154,0.0259,0.032,9.2929,-330.5399,-0.000559,-0.0,-0.0,0.0,0.0,0.0,-0.0,0.0,0.0,0.0,0.0,20,0,1,0.7,Driving,False,0.0,0.0,-0.008,0.967,False,False,0,,,,NONE,False,Green,30.0
77,7.0881,2.15,370,Vehicle 1,vehicle,vehicle.tesla.model3,hero_0,9.2929,330.5399,0.001,-0.0154,0.0259,0.032,9.2929,-330.5399,-0.000559,-0.0,-0.0,0.0,0.0,-0.0,0.0,-0.0,0.0,-0.0,0.0,20,0,1,0.7,Driving,False,0.0,0.0,-0.008,0.967,False,False,0,,,,NONE,False,Green,30.0
78,7.1381,2.2,370,Vehicle 1,vehicle,vehicle.tesla.model3,hero_0,9.2929,330.5399,0.001,-0.0154,0.0259,0.032,9.2929,-330.5399,-0.000559,-0.0,-0.0,0.0,0.0,0.0,0.0,-0.0,-0.0,0.0,0.0,20,0,1,0.7,Driving,False,0.0,0.0,-0.008,0.967,False,False,0,,,,NONE,False,Green,30.0
79,7.1881,2.25,370,Vehicle 1,vehicle,vehicle.tesla.model3,hero_0,9.2929,330.5399,0.001,-0.0154,0.0259,0.032,9.2929,-330.5399,-0.000559,-0.0,-0.0,0.0,0.0,-0.0,-0.0,0.0,0.0,-0.0,0.0,20,0,1,0.7,Driving,False,0.0,0.0,-0.009,0.904,False,False,0,,,,NONE,False,Green,30.0
80,7.2381,2.3,370,Vehicle 1,vehicle,vehicle.tesla.model3,hero_0,9.2929,330.5399,0.001,-0.0154,0.0259,0.032,9.2929,-330.5399,-0.000559,0.0,0.0,0.0,0.0,0.0,0.0,-0.0,0.0,0.0,0.0,20,0,1,0.7,Driving,False,0.0,0.0,-0.009,0.904,False,False,0,,,,NONE,False,Green,30.0
81,7.2881,2.35,370,Vehicle 1,vehicle,vehicle.tesla.model3,hero_0,9.2929,330.5399,0.001,-0.0154,0.0259,0.032,9.2929,-330.5399,-0.000559,-0.0,-0.0,0.0,0.0,-0.0,-0.0,0.0,-0.0,0.0,0.0,20,0,1,0.7,Driving,False,0.0,0.0,-0.009,0.904,False,False,0,,,,NONE,False,Green,30.0
82,7.3381,2.4,370,Vehicle 1,vehicle,vehicle.tesla.model3,hero_0,9.2929,330.5399,0.001,-0.0154,0.0259,0.032,9.2929,-330.5399,-0.000559,-0.0,-0.0,0.0,0.0,0.0,-0.0,0.0,-0.0,0.0,0.0,20,0,1,0.7,Driving,False,0.0,0.0,-0.009,0.904,False,False,0,,,,NONE,False,Green,30.0
83,7.3881,2.45,370,Vehicle 1,vehicle,vehicle.tesla.model3,hero_0,9.2929,330.5399,0.001,-0.0154,0.0259,0.032,9.2929,-330.5399,-0.000559,-0.0,-0.0,0.0,0.0,0.0,0.0,0.0,-0.0,0.0,0.0,20,0,1,0.7,Driving,False,0.0,0.0,-0.011,0.909,False,False,0,,,,NONE,False,Green,30.0
84,7.4381,2.5,370,Vehicle 1,vehicle,vehicle.tesla.model3,hero_0,9.2929,330.5399,0.001,-0.0154,0.0259,0.032,9.2929,-330.5399,-0.000559,-0.0,-0.0,0.0,0.0,-0.0,-0.0,-0.0,0.0,-0.0,0.0,20,0,1,0.7,Driving,False,0.0,0.0,-0.011,0.909,False,False,0,,,,NONE,False,Green,30.0
85,7.4881,2.55,370,Vehicle 1,vehicle,vehicle.tesla.model3,hero_0,9.2929,330.5399,0.001,-0.0154,0.0259,0.032,9.2929,-330.5399,-0.000559,-0.0,-0.0,0.0,0.0,0.0,0.0,0.0,-0.0,0.0,0.0,20,0,1,0.7,Driving,False,0.0,0.0,-0.011,0.909,False,False,0,,,,NONE,False,Green,30.0
86,7.5381,2.6,370,Vehicle 1,vehicle,vehicle.tesla.model3,hero_0,9.2929,330.5399,0.001,-0.0154,0.0259,0.032,9.2929,-330.5399,-0.000559,-0.0,-0.0,0.0,0.0,-0.0,-0.0,-0.0,0.0,-0.0,0.0,20,0,1,0.7,Driving,False,0.0,0.0,-0.011,0.909,False,False,0,,,,NONE,False,Green,30.0
87,7.5881,2.65,370,Vehicle 1,vehicle,vehicle.tesla.model3,hero_0,9.2929,330.5399,0.001,-0.0154,0.0259,0.032,9.2929,-330.5399,-0.000559,-0.0,-0.0,0.0,0.0,0.0,0.0,0.0,-0.0,0.0,0.0,20,0,1,0.7,Driving,False,0.0,0.0,-0.009,0.886,False,False,0,,,,NONE,False,Green,30.0
88,7.6381,2.7,370,Vehicle 1,vehicle,vehicle.tesla.model3,hero_0,9.2929,330.5399,0.001,-0.0154,0.0259,0.032,9.2929,-330.5399,-0.000559,-0.0,-0.0,0.0,0.0,0.0,0.0,0.0,-0.0,0.0,0.0,20,0,1,0.7,Driving,False,0.0,0.0,-0.009,0.886,False,False,0,,,,NONE,False,Green,30.0
89,7.6881,2.75,370,Vehicle 1,vehicle,vehicle.tesla.model3,hero_0,9.2929,330.5399,0.001,-0.0154,0.0259,0.032,9.2929,-330.5399,-0.000559,-0.0,-0.0,0.0,0.0,-0.0,-0.0,-0.0,-0.0,0.0,0.0,20,0,1,0.7,Driving,False,0.0,0.0,-0.009,0.886,False,False,0,,,,NONE,False,Green,30.0
90,7.7381,2.8,370,Vehicle 1,vehicle,vehicle.tesla.model3,hero_0,9.2929,330.5399,0.001,-0.0154,0.0259,0.032,9.2929,-330.5399,-0.000559,-0.0,-0.0,0.0,0.0,-0.0,-0.0,0.0,-0.0,0.0,0.0,20,0,1,0.7,Driving,False,0.0,0.0,-0.009,0.886,False,False,0,,,,NONE,False,Green,30.0
91,7.7881,2.85,370,Vehicle 1,vehicle,vehicle.tesla.model3,hero_0,9.2929,330.5399,0.001,-0.0154,0.0259,0.032,9.2929,-330.5399,-0.000559,-0.0,-0.0,0.0,0.0,0.0,-0.0,0.0,-0.0,0.0,0.0,20,0,1,0.7,Driving,False,0.0,0.0,-0.009,0.889,False,False,0,,,,NONE,False,Green,30.0
92,7.8381,2.9,370,Vehicle 1,vehicle,vehicle.tesla.model3,hero_0,9.2929,330.5399,0.001,-0.0154,0.0259,0.032,9.2929,-330.5399,-0.000559,-0.0,-0.0,0.0,0.0,0.0,0.0,0.0,0.0,0.0,0.0,20,0,1,0.7,Driving,False,0.0,0.0,-0.009,0.889,False,False,0,,,,NONE,False,Green,30.0
93,7.8881,2.95,370,Vehicle 1,vehicle,vehicle.tesla.model3,hero_0,9.2929,330.5399,0.001,-0.0154,0.0259,0.032,9.2929,-330.5399,-0.000559,-0.0,-0.0,0.0,0.0,-0.0,-0.0,0.0,0.0,0.0,0.0,20,0,1,0.7,Driving,False,0.0,0.0,-0.009,0.889,False,False,0,,,,NONE,False,Green,30.0
94,7.9381,3.0,370,Vehicle 1,vehicle,vehicle.tesla.model3,hero_0,9.2929,330.5399,0.001,-0.0154,0.0259,0.032,9.2929,-330.5399,-0.000559,-0.0,-0.0,0.0,0.0,-0.0,0.0,0.0,0.0,-0.0,0.0,20,0,1,0.7,Driving,False,0.0,0.0,-0.009,0.889,False,False,0,,,,NONE,False,Green,30.0
95,7.9881,3.05,370,Vehicle 1,vehicle,vehicle.tesla.model3,hero_0,9.2929,330.5399,0.001,-0.0154,0.0259,0.032,9.2929,-330.5399,-0.000559,-0.0,-0.0,0.0,0.0,-0.0,0.0,0.0,0.0,-0.0,0.0,20,0,1,0.7,Driving,False,0.0,0.0,-0.008,0.923,False,False,0,,,,NONE,False,Green,30.0
96,8.0381,3.1,370,Vehicle 1,vehicle,vehicle.tesla.model3,hero_0,9.2929,330.5399,0.001,-0.0154,0.0259,0.032,9.2929,-330.5399,-0.000559,-0.0,-0.0,0.0,0.0,0.0,0.0,0.0,-0.0,0.0,0.0,20,0,1,0.7,Driving,False,0.0,0.0,-0.008,0.923,False,False,0,,,,NONE,False,Green,30.0
97,8.0881,3.15,370,Vehicle 1,vehicle,vehicle.tesla.model3,hero_0,9.2929,330.5399,0.001,-0.0154,0.0259,0.032,9.2929,-330.5399,-0.000559,-0.0,-0.0,0.0,0.0,0.0,0.0,-0.0,-0.0,0.0,0.0,20,0,1,0.7,Driving,False,0.0,0.0,-0.008,0.923,False,False,0,,,,NONE,False,Green,30.0
98,8.1381,3.2,370,Vehicle 1,vehicle,vehicle.tesla.model3,hero_0,9.2929,330.5399,0.001,-0.0154,0.0259,0.032,9.2929,-330.5399,-0.000559,-0.0,-0.0,0.0,0.0,-0.0,-0.0,0.0,-0.0,-0.0,0.0,20,0,1,0.7,Driving,False,0.0,0.0,-0.008,0.923,False,False,0,,,,NONE,False,Green,30.0
99,8.1881,3.25,370,Vehicle 1,vehicle,vehicle.tesla.model3,hero_0,9.2929,330.5399,0.001,-0.0154,0.0259,0.032,9.2929,-330.5399,-0.000559,-0.0,-0.0,0.0,0.0,0.0,-0.0,0.0,-0.0,-0.0,0.0,20,0,1,0.7,Driving,False,0.0,0.0,-0.008,0.905,False,False,0,,,,NONE,False,Green,30.0
100,8.2381,3.3,370,Vehicle 1,vehicle,vehicle.tesla.model3,hero_0,9.2929,330.5399,0.001,-0.0154,0.0259,0.032,9.2929,-330.5399,-0.000559,-0.0,-0.0,0.0,0.0,0.0,-0.0,0.0,0.0,0.0,0.0,20,0,1,0.7,Driving,False,0.0,0.0,-0.008,0.905,False,False,0,,,,NONE,False,Green,30.0
101,8.2881,3.35,370,Vehicle 1,vehicle,vehicle.tesla.model3,hero_0,9.2929,330.5399,0.001,-0.0154,0.0259,0.032,9.2929,-330.5399,-0.000559,-0.0,-0.0,0.0,0.0,-0.0,0.0,0.0,0.0,0.0,0.0,20,0,1,0.7,Driving,False,0.0,0.0,-0.008,0.905,False,False,0,,,,NONE,False,Green,30.0
102,8.3381,3.4,370,Vehicle 1,vehicle,vehicle.tesla.model3,hero_0,9.2929,330.5399,0.001,-0.0154,0.0259,0.032,9.2929,-330.5399,-0.000559,-0.0,-0.0,0.0,0.0,-0.0,0.0,0.0,0.0,-0.0,0.0,20,0,1,0.7,Driving,False,0.0,0.0,-0.008,0.905,False,False,0,,,,NONE,False,Green,30.0
103,8.3881,3.45,370,Vehicle 1,vehicle,vehicle.tesla.model3,hero_0,9.2929,330.5399,0.001,-0.0154,0.0259,0.032,9.2929,-330.5399,-0.000559,-0.0,-0.0,0.0,0.0,0.0,0.0,0.0,0.0,-0.0,0.0,20,0,1,0.7,Driving,False,0.0,0.0,-0.006,0.936,False,False,0,,,,NONE,False,Green,30.0
104,8.4381,3.5,370,Vehicle 1,vehicle,vehicle.tesla.model3,hero_0,9.2929,330.5399,0.001,-0.0154,0.0259,0.032,9.2929,-330.5399,-0.000559,-0.0,-0.0,0.0,0.0,-0.0,-0.0,0.0,0.0,-0.0,0.0,20,0,1,0.7,Driving,False,0.0,0.0,-0.006,0.936,False,False,0,,,,NONE,False,Green,30.0
105,8.4881,3.55,370,Vehicle 1,vehicle,vehicle.tesla.model3,hero_0,9.2929,330.5399,0.001,-0.0154,0.0259,0.032,9.2929,-330.5399,-0.000559,-0.0,-0.0,0.0,0.0,-0.0,-0.0,0.0,0.0,-0.0,0.0,20,0,1,0.7,Driving,False,0.0,0.0,-0.006,0.936,False,False,0,,,,NONE,False,Green,30.0
106,8.5381,3.6,370,Vehicle 1,vehicle,vehicle.tesla.model3,hero_0,9.2929,330.5399,0.001,-0.0154,0.0259,0.032,9.2929,-330.5399,-0.000559,-0.0,-0.0,0.0,0.0,0.0,0.0,-0.0,-0.0,-0.0,0.0,20,0,1,0.7,Driving,False,0.0,0.0,-0.006,0.936,False,False,0,,,,NONE,False,Green,30.0
107,8.5881,3.65,370,Vehicle 1,vehicle,vehicle.tesla.model3,hero_0,9.2929,330.5399,0.001,-0.0154,0.0259,0.032,9.2929,-330.5399,-0.000559,-0.0,-0.0,0.0,0.0,-0.0,-0.0,0.0,-0.0,-0.0,0.0,20,0,1,0.7,Driving,False,0.0,0.525,-0.006,0.3,False,False,0,,,,NONE,False,Green,30.0
108,8.6381,3.7,370,Vehicle 1,vehicle,vehicle.tesla.model3,hero_0,9.2929,330.5399,0.001,-0.0154,0.0259,0.032,9.2929,-330.5399,-0.000559,-0.0,-0.0,0.0,0.0,0.0,-0.0,0.0,-0.0,-0.0,0.0,20,0,1,0.7,Driving,False,0.0,0.525,-0.006,0.3,False,False,0,,,,NONE,False,Green,30.0
109,8.6881,3.75,370,Vehicle 1,vehicle,vehicle.tesla.model3,hero_0,9.2929,330.5399,0.001,-0.0154,0.0259,0.032,9.2929,-330.5399,-0.000559,-0.0,-0.0,0.0,0.0,0.0,-0.0,0.0,0.0,0.0,0.0,20,0,1,0.7,Driving,False,0.0,0.525,-0.006,0.3,False,False,0,,,,NONE,False,Green,30.0
110,8.7381,3.8,370,Vehicle 1,vehicle,vehicle.tesla.model3,hero_0,9.2929,330.5399,0.001,-0.0154,0.0259,0.032,9.2929,-330.5399,-0.000559,-0.0,-0.0,0.0,0.0,-0.0,0.0,0.0,0.0,0.0,0.0,20,0,1,0.7,Driving,False,0.0,0.525,-0.006,0.3,False,False,0,,,,NONE,False,Green,30.0
111,8.7881,3.85,370,Vehicle 1,vehicle,vehicle.tesla.model3,hero_0,9.2929,330.5399,0.001,-0.0154,0.0259,0.032,9.2929,-330.5399,-0.000559,-0.0,-0.0,0.0,0.0,0.0,0.0,0.0,0.0,-0.0,0.0,20,0,1,0.7,Driving,False,0.0,0.525,0.0,0.3,False,False,0,,,,NONE,False,Green,30.0
112,8.8381,3.9,370,Vehicle 1,vehicle,vehicle.tesla.model3,hero_0,9.2929,330.5399,0.001,-0.0154,0.0259,0.032,9.2929,-330.5399,-0.000559,-0.0,-0.0,0.0,0.0,-0.0,-0.0,0.0,0.0,-0.0,0.0,20,0,1,0.7,Driving,False,0.0,0.525,0.0,0.3,False,False,0,,,,NONE,False,Green,30.0
113,8.8881,3.95,370,Vehicle 1,vehicle,vehicle.tesla.model3,hero_0,9.2929,330.5399,0.001,-0.0154,0.0259,0.032,9.2929,-330.5399,-0.000559,-0.0,-0.0,0.0,0.0,-0.0,-0.0,0.0,0.0,-0.0,0.0,20,0,1,0.7,Driving,False,0.0,0.525,0.0,0.3,False,False,0,,,,NONE,False,Green,30.0
114,8.9381,4.0,370,Vehicle 1,vehicle,vehicle.tesla.model3,hero_0,9.2929,330.5399,0.001,-0.0154,0.0259,0.032,9.2929,-330.5399,-0.000559,-0.0,-0.0,0.0,0.0,0.0,0.0,-0.0,-0.0,0.0,0.0,20,0,1,0.7,Driving,False,0.0,0.525,0.0,0.3,False,False,0,,,,NONE,False,Green,30.0
115,8.9881,4.05,370,Vehicle 1,vehicle,vehicle.tesla.model3,hero_0,9.2929,330.5399,0.001,-0.0154,0.0259,0.032,9.2929,-330.5399,-0.000559,-0.0,-0.0,0.0,0.0,0.0,-0.0,0.0,-0.0,0.0,0.0,20,0,1,0.7,Driving,False,0.0,0.525,0.006,0.3,False,False,0,,,,NONE,False,Green,30.0
116,9.0381,4.1,370,Vehicle 1,vehicle,vehicle.tesla.model3,hero_0,9.2929,330.5399,0.001,-0.0154,0.0259,0.032,9.2929,-330.5399,-0.000559,-0.0,-0.0,0.0,0.0,0.0,-0.0,0.0,0.0,0.0,0.0,20,0,1,0.7,Driving,False,0.0,0.525,0.006,0.3,False,False,0,,,,NONE,False,Green,30.0
117,9.0881,4.15,370,Vehicle 1,vehicle,vehicle.tesla.model3,hero_0,9.2929,330.5399,0.001,-0.0154,0.0259,0.032,9.2929,-330.5399,-0.000559,-0.0,-0.0,0.0,0.0,-0.0,0.0,-0.0,-0.0,0.0,0.0,20,0,1,0.7,Driving,False,0.0,0.525,0.006,0.3,False,False,0,,,,NONE,False,Green,30.0
118,9.1381,4.2,370,Vehicle 1,vehicle,vehicle.tesla.model3,hero_0,9.2929,330.5399,0.001,-0.0154,0.0259,0.032,9.2929,-330.5399,-0.000559,-0.0,-0.0,0.0,0.0,-0.0,-0.0,-0.0,0.0,-0.0,0.0,20,0,1,0.7,Driving,False,0.0,0.525,0.006,0.3,False,False,0,,,,NONE,False,Green,30.0
119,9.1881,4.25,370,Vehicle 1,vehicle,vehicle.tesla.model3,hero_0,9.2929,330.5399,0.001,-0.0154,0.0259,0.032,9.2929,-330.5399,-0.000559,-0.0,-0.0,0.0,0.0,0.0,0.0,0.0,0.0,-0.0,0.0,20,0,1,0.7,Driving,False,0.0,0.525,0.007,0.3,False,False,0,,,,NONE,False,Green,30.0
120,9.2381,4.3,370,Vehicle 1,vehicle,vehicle.tesla.model3,hero_0,9.2929,330.5399,0.001,-0.0154,0.0259,0.032,9.2929,-330.5399,-0.000559,-0.0,-0.0,0.0,0.0,0.0,-0.0,0.0,0.0,-0.0,0.0,20,0,1,0.7,Driving,False,0.0,0.525,0.007,0.3,False,False,0,,,,NONE,False,Green,30.0
121,9.2881,4.35,370,Vehicle 1,vehicle,vehicle.tesla.model3,hero_0,9.2929,330.5399,0.001,-0.0154,0.0259,0.032,9.2929,-330.5399,-0.000559,-0.0,-0.0,0.0,0.0,0.0,0.0,0.0,-0.0,0.0,0.0,20,0,1,0.7,Driving,False,0.0,0.525,0.007,0.3,False,False,0,,,,NONE,False,Green,30.0
122,9.3381,4.4,370,Vehicle 1,vehicle,vehicle.tesla.model3,hero_0,9.2929,330.5399,0.001,-0.0154,0.0259,0.032,9.2929,-330.5399,-0.000559,0.0,0.0,0.0,0.0,0.0,0.0,-0.0,0.0,0.0,0.0,20,0,1,0.7,Driving,False,0.0,0.525,0.007,0.3,False,False,0,,,,NONE,False,Green,30.0
123,9.3881,4.45,370,Vehicle 1,vehicle,vehicle.tesla.model3,hero_0,9.2929,330.5399,0.001,-0.0154,0.0259,0.032,9.2929,-330.5399,-0.000559,-0.0,-0.0,0.0,0.0,-0.0,-0.0,0.0,-0.0,0.0,0.0,20,0,1,0.7,Driving,False,0.0,0.75,0.005,0.0,False,False,0,,,,NONE,False,Green,30.0
124,9.4381,4.5,370,Vehicle 1,vehicle,vehicle.tesla.model3,hero_0,9.2929,330.5399,0.001,-0.0154,0.0259,0.032,9.2929,-330.5399,-0.000559,-0.0,-0.0,0.0,0.0,0.0,-0.0,0.0,-0.0,0.0,0.0,20,0,1,0.7,Driving,False,0.0,0.75,0.005,0.0,False,False,0,,,,NONE,False,Green,30.0
125,9.4881,4.55,370,Vehicle 1,vehicle,vehicle.tesla.model3,hero_0,9.2929,330.5399,0.001,-0.0154,0.0259,0.032,9.2929,-330.5399,-0.000559,-0.0,-0.0,0.0,0.0,0.0,-0.0,0.0,-0.0,0.0,0.0,20,0,1,0.7,Driving,False,0.0,0.75,0.005,0.0,False,False,0,,,,NONE,False,Green,30.0
126,9.5381,4.6,370,Vehicle 1,vehicle,vehicle.tesla.model3,hero_0,9.2929,330.5399,0.001,-0.0154,0.0259,0.032,9.2929,-330.5399,-0.000559,-0.0,-0.0,0.0,0.0,0.0,0.0,0.0,-0.0,0.0,0.0,20,0,1,0.7,Driving,False,0.0,0.75,0.005,0.0,False,False,0,,,,NONE,False,Green,30.0
127,9.5881,4.65,370,Vehicle 1,vehicle,vehicle.tesla.model3,hero_0,9.2929,330.5399,0.001,-0.0154,0.0259,0.032,9.2929,-330.5399,-0.000559,-0.0,-0.0,0.0,0.0,-0.0,0.0,0.0,-0.0,0.0,0.0,20,0,1,0.7,Driving,False,0.0,0.75,-0.004,0.0,False,False,0,,,,NONE,False,Green,30.0
128,9.6381,4.7,370,Vehicle 1,vehicle,vehicle.tesla.model3,hero_0,9.2929,330.5399,0.001,-0.0154,0.0259,0.032,9.2929,-330.5399,-0.000559,-0.0,-0.0,0.0,0.0,-0.0,-0.0,-0.0,0.0,-0.0,0.0,20,0,1,0.7,Driving,False,0.0,0.75,-0.004,0.0,False,False,0,,,,NONE,False,Green,30.0
129,9.6881,4.75,370,Vehicle 1,vehicle,vehicle.tesla.model3,hero_0,9.2929,330.5399,0.001,-0.0154,0.0259,0.032,9.2929,-330.5399,-0.000559,-0.0,-0.0,0.0,0.0,-0.0,-0.0,0.0,0.0,-0.0,0.0,20,0,1,0.7,Driving,False,0.0,0.75,-0.004,0.0,False,False,0,,,,NONE,False,Green,30.0
130,9.7381,4.8,370,Vehicle 1,vehicle,vehicle.tesla.model3,hero_0,9.2929,330.5399,0.001,-0.0154,0.0259,0.032,9.2929,-330.5399,-0.000559,-0.0,-0.0,0.0,0.0,-0.0,-0.0,0.0,0.0,-0.0,0.0,20,0,1,0.7,Driving,False,0.0,0.75,-0.004,0.0,False,False,0,,,,NONE,False,Green,30.0
131,9.7881,4.85,370,Vehicle 1,vehicle,vehicle.tesla.model3,hero_0,9.2929,330.5399,0.001,-0.0154,0.0259,0.032,9.2929,-330.5399,-0.000559,-0.0,-0.0,0.0,0.0,0.0,0.0,-0.0,-0.0,0.0,0.0,20,0,1,0.7,Driving,False,0.0,0.75,-0.008,0.0,False,False,0,,,,NONE,False,Green,30.0
132,9.8381,4.9,370,Vehicle 1,vehicle,vehicle.tesla.model3,hero_0,9.2929,330.5399,0.001,-0.0154,0.0259,0.032,9.2929,-330.5399,-0.000559,-0.0,-0.0,0.0,0.0,0.0,-0.0,0.0,-0.0,0.0,0.0,20,0,1,0.7,Driving,False,0.0,0.75,-0.008,0.0,False,False,0,,,,NONE,False,Green,30.0
133,9.8881,4.95,370,Vehicle 1,vehicle,vehicle.tesla.model3,hero_0,9.2929,330.5399,0.001,-0.0154,0.0259,0.032,9.2929,-330.5399,-0.000559,-0.0,-0.0,0.0,0.0,0.0,0.0,0.0,-0.0,0.0,0.0,20,0,1,0.7,Driving,False,0.0,0.75,-0.008,0.0,False,False,0,,,,NONE,False,Green,30.0
134,9.9381,5.0,370,Vehicle 1,vehicle,vehicle.tesla.model3,hero_0,9.2929,330.5399,0.001,-0.0154,0.0259,0.032,9.2929,-330.5399,-0.000559,-0.0,-0.0,0.0,0.0,0.0,-0.0,0.0,-0.0,0.0,0.0,20,0,1,0.7,Driving,False,0.0,0.75,-0.008,0.0,False,False,0,,,,NONE,False,Green,30.0
135,9.9881,5.05,370,Vehicle 1,vehicle,vehicle.tesla.model3,hero_0,9.2929,330.5399,0.001,-0.0154,0.0259,0.032,9.2929,-330.5399,-0.000559,-0.0,-0.0,0.0,0.0,0.0,0.0,0.0,-0.0,0.0,0.0,20,0,1,0.7,Driving,False,0.0,0.75,-0.002,0.0,False,False,0,,,,NONE,False,Green,30.0
136,10.0381,5.1,370,Vehicle 1,vehicle,vehicle.tesla.model3,hero_0,9.2929,330.5399,0.001,-0.0154,0.0259,0.032,9.2929,-330.5399,-0.000559,-0.0,-0.0,0.0,0.0,0.0,0.0,0.0,-0.0,0.0,0.0,20,0,1,0.7,Driving,False,0.0,0.75,-0.002,0.0,False,False,0,,,,NONE,False,Green,30.0
137,10.0881,5.15,370,Vehicle 1,vehicle,vehicle.tesla.model3,hero_0,9.2929,330.5399,0.001,-0.0154,0.0259,0.032,9.2929,-330.5399,-0.000559,-0.0,-0.0,0.0,0.0,-0.0,0.0,0.0,-0.0,0.0,0.0,20,0,1,0.7,Driving,False,0.0,0.75,-0.002,0.0,False,False,0,,,,NONE,False,Green,30.0
138,10.1381,5.2,370,Vehicle 1,vehicle,vehicle.tesla.model3,hero_0,9.3071,330.5399,0.0009,-0.0149,0.0407,0.0312,9.3071,-330.5399,-0.000545,0.5557,-0.0004,0.0002,0.5557,11.1149,-0.0079,0.0033,-0.0205,-0.5048,-0.0103,20,0,1,0.69,Driving,False,0.0,0.75,-0.002,0.0,False,False,0,,,,NONE,False,Green,30.0
139,10.1881,5.25,370,Vehicle 1,vehicle,vehicle.tesla.model3,hero_0,9.3502,330.5399,0.0007,-0.0135,0.0649,0.0262,9.3502,-330.5399,-0.000457,1.0248,-0.0008,0.0003,1.0248,9.381,-0.0079,0.002,-0.0248,-0.4107,-0.1442,20,0,1,0.65,Driving,False,0.0,0.75,-0.003,0.0,False,False,1,,,,NONE,False,Green,30.0
140,10.2381,5.3,370,Vehicle 1,vehicle,vehicle.tesla.model3,hero_0,9.4125,330.5399,0.0007,-0.012,0.0804,0.0163,9.4125,-330.5399,-0.000284,1.3906,-0.0022,0.0004,1.3906,7.3153,-0.0275,0.002,-0.0369,-0.2638,0.0328,20,0,1,0.58,Driving,False,0.0,0.75,-0.003,0.0,False,False,1,,,,NONE,False,Green,30.0
141,10.2881,5.35,370,Vehicle 1,vehicle,vehicle.tesla.model3,hero_0,9.4897,330.5398,0.0007,-0.0107,0.0866,-0.0079,9.4897,-330.5398,0.000138,1.6349,-0.0026,0.0006,1.6349,4.8878,-0.0083,0.0049,-0.011,-0.0386,-0.4762,20,0,1,0.51,Driving,False,0.0,0.75,-0.003,0.0,False,False,1,,,,NONE,False,Green,30.0
142,10.3381,5.4,370,Vehicle 1,vehicle,vehicle.tesla.model3,hero_0,9.578,330.5396,0.0007,-0.0104,0.0851,-0.0093,9.578,-330.5396,0.000162,1.8345,-0.0039,0.0009,1.8345,3.9901,-0.0272,0.0049,0.0023,0.0797,-0.0528,20,0,1,0.42,Driving,False,-0.0,0.75,-0.003,0.0,False,False,1,,,,NONE,False,Green,30.0
143,10.3881,5.45,370,Vehicle 1,vehicle,vehicle.tesla.model3,hero_0,9.6747,330.5397,0.0008,-0.012,0.0796,-0.004,9.6747,-330.5397,7e-05,2.0011,0.0048,0.001,2.0011,3.3332,0.1741,0.0028,0.029,0.1232,0.1212,20,0,1,0.32,Driving,False,-0.0,0.75,0.005,0.0,False,False,1,,,,NONE,False,Green,30.0
144,10.4381,5.5,370,Vehicle 1,vehicle,vehicle.tesla.model3,hero_0,9.7795,330.54,0.0009,-0.0131,0.0731,0.0085,9.7795,-330.54,-0.000148,2.1596,0.0069,0.0011,2.1596,3.1699,0.0424,0.002,0.0174,0.1313,0.337,20,0,1,0.22,Driving,False,0.0,0.75,0.005,0.0,False,False,1,,,,NONE,False,Green,30.0
145,10.4881,5.55,370,Vehicle 1,vehicle,vehicle.tesla.model3,hero_0,9.892,330.5403,0.001,-0.0133,0.0667,0.0205,9.892,-330.5403,-0.000358,2.311,0.0081,0.001,2.311,3.0271,0.0253,-0.0011,-0.0118,0.1195,0.1792,20,0,1,0.1,Driving,False,0.0,0.75,0.005,0.0,False,False,1,,,,NONE,False,Green,30.0
146,10.5381,5.6,370,Vehicle 1,vehicle,vehicle.tesla.model3,hero_0,10.0119,330.5406,0.001,-0.0117,0.0615,0.0348,10.0119,-330.5406,-0.000607,2.4577,0.0095,0.0007,2.4577,2.9351,0.0269,-0.0059,-0.0419,0.0945,0.3561,5,0,-1,0.0,Driving,False,0.001,0.75,0.005,0.0,False,False,1,,,,NONE,False,Green,30.0
147,10.5881,5.65,370,Vehicle 1,vehicle,vehicle.tesla.model3,hero_0,10.1391,330.5405,0.0011,-0.0077,0.0578,0.0255,10.1391,-330.5405,-0.000445,2.6014,-0.006,0.0003,2.6014,2.8728,-0.3107,-0.0096,-0.0673,0.0602,-0.3878,5,0,-1,0.13,Driving,False,0.0,0.75,-0.007,0.0,False,False,1,,,,NONE,False,Green,30.0
148,10.6381,5.7,370,Vehicle 1,vehicle,vehicle.tesla.model3,hero_0,10.2734,330.5402,0.0011,-0.0057,0.0554,0.0078,10.2734,-330.5402,-0.000136,2.7429,-0.0102,-0.0,2.7429,2.8309,-0.0821,-0.0057,-0.0225,0.0402,-0.3162,5,0,-1,0.26,Driving,False,0.0,0.75,-0.007,0.0,False,False,1,,,,NONE,False,Green,30.0
149,10.6881,5.75,370,Vehicle 1,vehicle,vehicle.tesla.model3,hero_0,10.4148,330.5397,0.0011,-0.0053,0.0538,-0.0131,10.4148,-330.5397,0.000229,2.8827,-0.0123,-0.0001,2.8827,2.7959,-0.0438,-0.0022,-0.002,0.0296,-0.484,5,0,-1,0.41,Driving,False,-0.0,0.75,-0.007,0.0,False,False,1,,,,NONE,False,Green,30.0
150,10.7381,5.8,370,Vehicle 1,vehicle,vehicle.tesla.model3,hero_0,10.5631,330.5392,0.0011,-0.0055,0.0525,-0.0337,10.5631,-330.5392,0.000588,3.0213,-0.0142,-0.0002,3.0213,2.7722,-0.0371,-0.0005,0.0054,0.0227,-0.3656,5,0,-1,0.55,Driving,False,-0.001,0.75,-0.007,0.0,False,False,1,,,,NONE,False,Green,30.0
151,10.7881,5.85,370,Vehicle 1,vehicle,vehicle.tesla.model3,hero_0,10.7182,330.5387,0.0011,-0.0057,0.0511,-0.0495,10.7182,-330.5387,0.000864,3.1587,-0.0107,0.0002,3.1588,2.7488,0.0704,0.0074,-0.0162,0.0389,-0.3289,5,0,-1,0.71,Driving,False,-0.002,0.75,-0.003,0.0,False,False,1,,,,NONE,False,Green,30.0
152,10.8381,5.9,370,Vehicle 1,vehicle,vehicle.tesla.model3,hero_0,10.8803,330.5381,0.0011,-0.0037,0.0487,-0.0615,10.8803,-330.5381,0.001073,3.2953,-0.0106,0.0006,3.2953,2.7303,0.0011,0.0074,-0.0522,0.0503,-0.1878,5,0,-1,0.87,Driving,False,-0.002,0.75,-0.003,0.0,False,False,1,,,,NONE,False,Green,30.0
153,10.8881,5.95,370,Vehicle 1,vehicle,vehicle.tesla.model3,hero_0,11.0491,330.5376,0.0012,-0.0005,0.0461,-0.075,11.0491,-330.5376,0.001309,3.4311,-0.0114,0.0008,3.4311,2.7162,-0.0157,0.0043,-0.0703,0.0535,-0.3235,5,0,-1,1.04,Driving,False,-0.003,0.75,-0.003,0.0,False,False,1,,,,NONE,False,Green,30.0
154,10.9381,6.0,370,Vehicle 1,vehicle,vehicle.tesla.model3,hero_0,11.2247,330.537,0.0013,0.0016,0.0426,-0.0875,11.2247,-330.537,0.001527,3.5662,-0.0127,0.0014,3.5662,2.7023,-0.0255,0.0128,-0.0215,0.0826,-0.1997,5,0,-1,1.22,Driving,False,-0.004,0.75,-0.003,0.0,False,False,1,,,,NONE,False,Green,30.0
155,10.9881,6.05,370,Vehicle 1,vehicle,vehicle.tesla.model3,hero_0,11.407,330.5359,0.0014,0.0052,0.038,-0.13,11.407,-330.5359,0.002269,3.7007,-0.0352,0.0018,3.7008,2.6896,-0.4495,0.0078,-0.0685,0.0948,-1.1098,5,0,-1,1.4,Driving,False,-0.005,0.75,-0.014,0.0,False,False,1,,,,NONE,False,Green,30.0
156,11.0381,6.1,370,Vehicle 1,vehicle,vehicle.tesla.model3,hero_0,11.596,330.5342,0.0015,0.0073,0.0345,-0.1858,11.596,-330.5342,0.003243,3.8342,-0.0441,0.001,3.8344,2.6698,-0.1791,-0.0168,-0.0265,0.0406,-1.1008,5,0,-1,1.59,Driving,False,-0.007,0.75,-0.014,0.0,False,False,1,,,,NONE,False,Green,30.0
157,11.0881,6.15,370,Vehicle 1,vehicle,vehicle.tesla.model3,hero_0,11.7917,330.5321,0.0015,0.0079,0.0335,-0.2466,11.7917,-330.5321,0.004304,3.9666,-0.0506,0.0003,3.9669,2.6484,-0.1305,-0.0134,-0.0032,0.0118,-1.2816,5,0,-1,1.78,Driving,False,-0.009,0.75,-0.014,0.0,False,False,1,,,,NONE,False,Green,30.0
158,11.1381,6.2,370,Vehicle 1,vehicle,vehicle.tesla.model3,hero_0,11.9939,330.5297,0.0015,0.0078,0.0332,-0.3083,11.9939,-330.5297,0.005381,4.0974,-0.0569,0.0,4.0978,2.6168,-0.1247,-0.0063,0.0048,0.0034,-1.1968,5,0,-1,1.98,Driving,False,-0.011,0.75,-0.014,0.0,False,False,1,,,,NONE,False,Green,30.0
159,11.1881,6.25,370,Vehicle 1,vehicle,vehicle.tesla.model3,hero_0,12.2027,330.5277,0.0015,0.0043,0.0331,-0.3443,12.2027,-330.5277,0.006009,4.2267,-0.0416,-0.0001,4.2269,2.5849,0.3048,-0.0024,0.0718,0.0017,-0.5859,5,0,-1,2.19,Driving,False,-0.013,0.75,-0.004,0.0,False,False,1,,,,NONE,False,Green,30.0
160,11.2381,6.3,370,Vehicle 1,vehicle,vehicle.tesla.model3,hero_0,12.4179,330.5259,0.0015,0.0018,0.033,-0.3662,12.4179,-330.5259,0.006391,4.3541,-0.0404,-0.0002,4.3543,2.5489,0.0246,-0.0007,0.0337,0.0025,-0.3839,5,0,-1,2.41,Driving,False,-0.015,0.75,-0.004,0.0,False,False,1,,,,NONE,False,Green,30.0
161,11.2881,6.35,370,Vehicle 1,vehicle,vehicle.tesla.model3,hero_0,12.6393,330.524,0.0015,0.001,0.0328,-0.3874,12.6393,-330.524,0.006761,4.48,-0.0421,-0.0001,4.4802,2.5178,-0.0333,0.0002,0.0093,0.0037,-0.4328,5,0,-1,2.63,Driving,False,-0.017,0.75,-0.004,0.0,False,False,1,,,,NONE,False,Green,30.0
162,11.3381,6.4,370,Vehicle 1,vehicle,vehicle.tesla.model3,hero_0,12.8671,330.5219,0.0015,0.0009,0.0326,-0.4086,12.8671,-330.5219,0.007131,4.6046,-0.0445,-0.0001,4.6048,2.4928,-0.0493,0.0005,-0.001,0.0045,-0.427,5,0,-1,2.86,Driving,False,-0.02,0.75,-0.004,0.0,False,False,1,,,,NONE,False,Green,30.0
163,11.3881,6.45,370,Vehicle 1,vehicle,vehicle.tesla.model3,hero_0,13.1007,330.5209,0.0015,-0.0049,0.032,-0.3771,13.1007,-330.5209,0.006582,4.7131,-0.0073,-0.0001,4.7131,2.1686,0.7439,0.0005,0.1195,0.0212,1.0122,5,0,-1,3.09,Driving,False,-0.021,0.21,0.013,0.0,False,False,1,,,,NONE,False,Green,30.0
164,11.4381,6.5,370,Vehicle 1,vehicle,vehicle.tesla.model3,hero_0,13.3382,330.5206,0.0015,-0.0088,0.0295,-0.3175,13.3382,-330.5206,0.005541,4.7694,0.0055,-0.0001,4.7694,1.1258,0.2576,0.0004,0.0524,0.0672,1.2568,5,0,-1,3.33,Driving,False,-0.021,0.21,0.013,0.0,False,False,1,,,,NONE,False,Green,30.0
165,11.4881,6.55,370,Vehicle 1,vehicle,vehicle.tesla.model3,hero_0,13.5773,330.5207,0.0015,-0.01,0.0251,-0.2531,13.5773,-330.5207,0.004417,4.7875,0.0131,-0.0,4.7876,0.3639,0.1508,0.0005,0.0091,0.0984,1.2983,5,0,-1,3.57,Driving,False,-0.021,0.21,0.013,0.0,False,False,1,,,,NONE,False,Green,30.0
166,11.5381,6.6,370,Vehicle 1,vehicle,vehicle.tesla.model3,hero_0,13.8166,330.5212,0.0016,-0.0098,0.0199,-0.188,13.8166,-330.5212,0.003281,4.7844,0.0192,-0.0,4.7845,-0.0626,0.122,0.0002,-0.0086,0.1072,1.3034,5,0,-1,3.81,Driving,False,-0.021,0.21,0.013,0.0,False,False,1,,,,NONE,False,Green,30.0
167,11.5881,6.65,370,Vehicle 1,vehicle,vehicle.tesla.model3,hero_0,14.0538,330.5215,0.0016,-0.007,0.0129,-0.1427,14.0538,-330.5215,0.002491,4.6989,0.0101,-0.0,4.6989,-1.7097,-0.1813,0.0002,-0.0597,0.1737,0.7614,5,0,-1,4.04,Driving,False,-0.021,0.0,0.007,1.0,False,False,1,,,,NONE,False,Green,30.0
168,11.6381,6.7,370,Vehicle 1,vehicle,vehicle.tesla.model3,hero_0,14.2827,330.5218,0.0017,-0.0047,0.0013,-0.1086,14.2827,-330.5218,0.001895,4.4823,0.0097,-0.0,4.4823,-4.3323,-0.0084,0.0001,-0.0365,0.271,0.6445,5,0,-1,4.27,Driving,False,-0.021,0.0,0.007,1.0,False,False,1,,,,NONE,False,Green,30.0
169,11.6881,6.75,370,Vehicle 1,vehicle,vehicle.tesla.model3,hero_0,14.4971,330.5222,0.0018,-0.0033,-0.0148,-0.0782,14.4971,-330.5222,0.001365,4.1472,0.0107,-0.0,4.1472,-6.7022,0.0196,0.0002,-0.0207,0.3503,0.585,5,0,-1,4.49,Driving,False,-0.02,0.0,0.007,1.0,False,False,1,,,,NONE,False,Green,30.0
170,11.7381,6.8,370,Vehicle 1,vehicle,vehicle.tesla.model3,hero_0,14.6918,330.5226,0.0019,-0.0025,-0.0334,-0.0507,14.6918,-330.5226,0.000885,3.7286,0.0115,-0.0,3.7286,-8.3731,0.0163,0.0001,-0.0137,0.3733,0.5271,5,0,-1,4.68,Driving,False,-0.02,0.0,0.007,1.0,False,False,1,,,,NONE,False,Green,30.0
171,11.7881,6.85,370,Vehicle 1,vehicle,vehicle.tesla.model3,hero_0,14.8679,330.5226,0.002,-0.0001,-0.0478,-0.0429,14.8679,-330.5226,0.000749,3.4154,-0.0002,-0.0,3.4154,-6.2621,-0.2343,-0.0,-0.0461,0.2073,0.0318,5,0,-1,4.86,Driving,False,-0.02,0.75,-0.0,0.0,False,False,1,,,,NONE,False,Green,30.0
172,11.8381,6.9,370,Vehicle 1,vehicle,vehicle.tesla.model3,hero_0,15.0351,330.5226,0.002,0.0013,-0.0502,-0.043,15.0351,-330.5226,0.00075,3.321,-0.0024,-0.0,3.321,-1.8881,-0.0435,0.0001,-0.0165,-0.0576,-0.017,5,0,-1,5.03,Driving,False,-0.02,0.75,-0.0,0.0,False,False,1,,,,NONE,False,Green,30.0
173,11.8881,6.95,370,Vehicle 1,vehicle,vehicle.tesla.model3,hero_0,15.2016,330.5224,0.0019,0.0016,-0.0427,-0.0442,15.2016,-330.5224,0.000771,3.3405,-0.0031,-0.0,3.3405,0.3888,-0.0132,0.0001,-0.0013,-0.1939,-0.0237,5,0,-1,5.19,Driving,False,-0.02,0.75,-0.0,0.0,False,False,1,,,,NONE,False,Green,30.0
174,11.9381,7.0,370,Vehicle 1,vehicle,vehicle.tesla.model3,hero_0,15.3706,330.5222,0.0019,0.0015,-0.0312,-0.0454,15.3706,-330.5222,0.000792,3.4097,-0.0034,-0.0,3.4097,1.3836,-0.0065,-0.0,0.004,-0.2427,-0.0254,5,0,-1,5.36,Driving,False,-0.021,0.75,-0.0,0.0,False,False,1,,,,NONE,False,Green,30.0
175,11.9881,7.05,370,Vehicle 1,vehicle,vehicle.tesla.model3,hero_0,15.5437,330.5217,0.0018,0.0029,-0.0194,-0.0613,15.5437,-330.5217,0.00107,3.4972,-0.0143,-0.0,3.4972,1.7501,-0.2192,-0.0001,-0.0275,-0.2263,-0.4164,5,0,-1,5.53,Driving,False,-0.021,0.75,-0.006,0.0,False,False,1,,,,NONE,False,Green,30.0
176,12.0381,7.1,370,Vehicle 1,vehicle,vehicle.tesla.model3,hero_0,15.722,330.521,0.0017,0.0037,-0.0087,-0.0846,15.722,-330.521,0.001477,3.6088,-0.0184,0.0,3.6089,2.2332,-0.0816,0.0001,-0.0098,-0.2068,-0.4863,5,0,-1,5.71,Driving,False,-0.022,0.75,-0.006,0.0,False,False,1,,,,NONE,False,Green,30.0
177,12.0881,7.15,370,Vehicle 1,vehicle,vehicle.tesla.model3,hero_0,15.9059,330.5201,0.0017,0.0038,0.0005,-0.1095,15.9059,-330.5201,0.001911,3.7232,-0.021,-0.0,3.7233,2.288,-0.0509,-0.0,0.0015,-0.1671,-0.5033,5,0,-1,5.9,Driving,False,-0.023,0.75,-0.006,0.0,False,False,1,,,,NONE,False,Green,30.0
178,12.1381,7.2,370,Vehicle 1,vehicle,vehicle.tesla.model3,hero_0,16.0959,330.5191,0.0016,0.0036,0.008,-0.1353,16.0959,-330.5191,0.002361,3.8508,-0.0236,0.0,3.8509,2.5515,-0.0522,0.0,0.0037,-0.1412,-0.5236,5,0,-1,6.09,Driving,False,-0.024,0.75,-0.006,0.0,False,False,1,,,,NONE,False,Green,30.0
179,12.1881,7.25,370,Vehicle 1,vehicle,vehicle.tesla.model3,hero_0,16.2922,330.5182,0.0016,0.0023,0.014,-0.1519,16.2922,-330.5182,0.002651,3.9744,-0.0188,0.0,3.9744,2.4716,0.0963,0.0,0.0267,-0.106,-0.2724,5,0,-1,6.28,Driving,False,-0.025,0.75,-0.003,0.0,False,False,1,,,,NONE,False,Green,30.0
180,12.2381,7.3,370,Vehicle 1,vehicle,vehicle.tesla.model3,hero_0,16.4948,330.5173,0.0016,0.0014,0.0187,-0.1645,16.4948,-330.5173,0.002871,4.1043,-0.0189,0.0,4.1044,2.5994,-0.0024,-0.0,0.0126,-0.0853,-0.2459,5,0,-1,6.49,Driving,False,-0.026,0.75,-0.003,0.0,False,False,1,,,,NONE,False,Green,30.0
181,12.2881,7.35,370,Vehicle 1,vehicle,vehicle.tesla.model3,hero_0,16.7038,330.5164,0.0015,0.001,0.0222,-0.1768,16.7038,-330.5164,0.003086,4.2295,-0.02,0.0,4.2296,2.5035,-0.0215,0.0,0.0041,-0.0608,-0.2475,5,0,-1,6.69,Driving,False,-0.027,0.75,-0.003,0.0,False,False,1,,,,NONE,False,Green,30.0
182,12.3381,7.4,370,Vehicle 1,vehicle,vehicle.tesla.model3,hero_0,16.9192,330.5155,0.0015,0.0009,0.0248,-0.1894,16.9192,-330.5155,0.003306,4.3574,-0.0214,-0.0,4.3575,2.5581,-0.0282,-0.0,0.0002,-0.0466,-0.2529,5,0,-1,6.91,Driving,False,-0.028,0.75,-0.003,0.0,False,False,1,,,,NONE,False,Green,30.0
183,12.3881,7.45,370,Vehicle 1,vehicle,vehicle.tesla.model3,hero_0,17.1405,330.5144,0.0015,0.0011,0.0264,-0.2033,17.1405,-330.5144,0.003548,4.4676,-0.0236,-0.0,4.4677,2.2042,-0.0452,-0.0,-0.0035,-0.0161,-0.2889,5,0,-1,7.13,Driving,False,-0.029,0.346,-0.003,0.0,False,False,1,,,,NONE,False,Green,30.0
184,12.4381,7.5,370,Vehicle 1,vehicle,vehicle.tesla.model3,hero_0,17.3661,330.5134,0.0015,0.0012,0.0258,-0.218,17.3661,-330.5134,0.003805,4.537,-0.0253,0.0,4.5371,1.3872,-0.0328,0.0001,-0.0021,0.0284,-0.2957,5,0,-1,7.36,Driving,False,-0.031,0.346,-0.003,0.0,False,False,1,,,,NONE,False,Green,30.0
185,12.4881,7.55,370,Vehicle 1,vehicle,vehicle.tesla.model3,hero_0,17.5943,330.5121,0.0015,0.0013,0.0234,-0.2329,17.5943,-330.5121,0.004065,4.5795,-0.0267,-0.0,4.5795,0.8494,-0.0289,-0.0001,-0.0011,0.0569,-0.3006,5,0,-1,7.59,Driving,False,-0.032,0.346,-0.003,0.0,False,False,1,,,,NONE,False,Green,30.0
186,12.5381,7.6,370,Vehicle 1,vehicle,vehicle.tesla.model3,hero_0,17.8241,330.5108,0.0016,0.0013,0.0202,-0.2479,17.8241,-330.5108,0.004327,4.6069,-0.0281,0.0,4.607,0.5492,-0.0274,0.0001,-0.0004,0.0669,-0.2987,5,0,-1,7.82,Driving,False,-0.033,0.346,-0.003,0.0,False,False,1,,,,NONE,False,Green,30.0
187,12.5881,7.65,370,Vehicle 1,vehicle,vehicle.tesla.model3,hero_0,18.055,330.5095,0.0016,0.0011,0.0168,-0.2612,18.055,-330.5095,0.004559,4.6225,-0.028,0.0,4.6226,0.3124,0.0014,-0.0,0.0041,0.0686,-0.2571,5,0,-1,8.05,Driving,False,-0.035,0.3,-0.002,0.0,False,False,1,,,,NONE,False,Green,30.0
188,12.6381,7.7,370,Vehicle 1,vehicle,vehicle.tesla.model3,hero_0,18.2863,330.5082,0.0016,0.001,0.0135,-0.2735,18.2863,-330.5082,0.004773,4.6295,-0.0288,-0.0,4.6296,0.1393,-0.0154,-0.0,0.002,0.0643,-0.2365,5,0,-1,8.28,Driving,False,-0.036,0.3,-0.002,0.0,False,False,1,,,,NONE,False,Green,30.0
189,12.6881,7.75,370,Vehicle 1,vehicle,vehicle.tesla.model3,hero_0,18.5178,330.5068,0.0016,0.001,0.0105,-0.2857,18.5178,-330.5068,0.004986,4.6308,-0.0297,0.0,4.6309,0.026,-0.0183,0.0001,0.0005,0.0572,-0.2519,5,0,-1,8.51,Driving,False,-0.038,0.3,-0.002,0.0,False,False,1,,,,NONE,False,Green,30.0
190,12.7381,7.8,370,Vehicle 1,vehicle,vehicle.tesla.model3,hero_0,18.7493,330.5053,0.0016,0.001,0.0079,-0.2979,18.7493,-330.5053,0.005199,4.6301,-0.0307,-0.0,4.6302,-0.0145,-0.0192,-0.0,-0.0001,0.047,-0.2377,5,0,-1,8.74,Driving,False,-0.039,0.3,-0.002,0.0,False,False,1,,,,NONE,False,Green,30.0
191,12.7881,7.85,370,Vehicle 1,vehicle,vehicle.tesla.model3,hero_0,18.9791,330.5042,0.0017,-0.0011,0.004,-0.291,18.9791,-330.5042,0.005079,4.5538,-0.0171,0.0,4.5538,-1.5257,0.2712,0.0001,0.0436,0.1143,0.2653,5,0,-1,8.97,Driving,False,-0.041,0.0,0.004,0.7,False,False,1,,,,NONE,False,Green,30.0
192,12.8381,7.9,370,Vehicle 1,vehicle,vehicle.tesla.model3,hero_0,19.2009,330.5034,0.0017,-0.0025,-0.005,-0.2748,19.2009,-330.5034,0.004796,4.3441,-0.0123,-0.0,4.3442,-4.1934,0.0953,-0.0001,0.018,0.2235,0.3387,5,0,-1,9.19,Driving,False,-0.041,0.0,0.004,0.7,False,False,1,,,,NONE,False,Green,30.0
193,12.8881,7.95,370,Vehicle 1,vehicle,vehicle.tesla.model3,hero_0,19.409,330.5028,0.0018,-0.0027,-0.0185,-0.2582,19.409,-330.5028,0.004506,4.0413,-0.0095,-0.0,4.0413,-6.057,0.0572,0.0,0.0015,0.2833,0.3253,5,0,-1,9.4,Driving,False,-0.042,0.0,0.004,0.7,False,False,1,,,,NONE,False,Green,30.0
194,12.9381,8.0,370,Vehicle 1,vehicle,vehicle.tesla.model3,hero_0,19.6017,330.5023,0.0019,-0.0025,-0.032,-0.2425,19.6017,-330.5023,0.004232,3.7301,-0.0073,-0.0,3.7301,-6.224,0.0426,0.0,-0.0053,0.2565,0.3121,5,0,-1,9.59,Driving,False,-0.043,0.0,0.004,0.7,False,False,1,,,,NONE,False,Green,30.0
195,12.9881,8.05,370,Vehicle 1,vehicle,vehicle.tesla.model3,hero_0,19.7813,330.5024,0.0019,-0.0047,-0.0406,-0.2052,19.7813,-330.5024,0.003581,3.5279,0.0104,0.0,3.5279,-4.0441,0.3542,0.0,0.0402,0.0974,0.872,5,0,-1,9.77,Driving,False,-0.043,0.75,0.013,0.0,False,False,1,,,,NONE,False,Green,30.0
196,13.0381,8.1,370,Vehicle 1,vehicle,vehicle.tesla.model3,hero_0,19.9565,330.5029,0.0019,-0.0059,-0.0391,-0.1583,19.9565,-330.5029,0.002763,3.4991,0.0164,-0.0,3.4991,-0.5758,0.1215,-0.0,0.0133,-0.0975,0.9611,5,0,-1,9.95,Driving,False,-0.042,0.75,0.013,0.0,False,False,1,,,,NONE,False,Green,30.0
197,13.0881,8.15,370,Vehicle 1,vehicle,vehicle.tesla.model3,hero_0,20.1319,330.5035,0.0019,-0.0059,-0.0318,-0.1101,20.1319,-330.5035,0.001922,3.5189,0.02,-0.0,3.519,0.3962,0.0706,-0.0,-0.0044,-0.1676,0.9655,5,0,-1,10.12,Driving,False,-0.042,0.75,0.013,0.0,False,False,1,,,,NONE,False,Green,30.0
198,13.1381,8.2,370,Vehicle 1,vehicle,vehicle.tesla.model3,hero_0,20.3098,330.5043,0.0018,-0.0057,-0.0223,-0.0609,20.3098,-330.5043,0.001063,3.5878,0.0239,-0.0,3.5879,1.3775,0.0776,0.0,-0.0057,-0.2013,0.9959,5,0,-1,10.3,Driving,False,-0.041,0.75,0.013,0.0,False,False,1,,,,NONE,False,Green,30.0
199,13.1881,8.25,370,Vehicle 1,vehicle,vehicle.tesla.model3,hero_0,20.4918,330.5051,0.0018,-0.0043,-0.0125,-0.0204,20.4918,-330.5051,0.000356,3.6759,0.0203,0.0,3.6759,1.762,-0.0714,0.0,-0.0286,-0.1893,0.7517,5,0,-1,10.48,Driving,False,-0.041,0.75,0.009,0.0,False,False,1,,,,NONE,False,Green,30.0
200,13.2381,8.3,370,Vehicle 1,vehicle,vehicle.tesla.model3,hero_0,20.679,330.5059,0.0017,-0.0033,-0.0034,0.0167,20.679,-330.5059,-0.000291,3.7872,0.022,-0.0,3.7873,2.2269,0.0349,-0.0,-0.0123,-0.1756,0.7432,5,0,-1,10.67,Driving,False,-0.04,0.75,0.009,0.0,False,False,1,,,,NONE,False,Green,30.0
201,13.2881,8.35,370,Vehicle 1,vehicle,vehicle.tesla.model3,hero_0,20.8718,330.5068,0.0017,-0.003,0.0044,0.0541,20.8718,-330.5068,-0.000944,3.902,0.0247,0.0,3.9021,2.2955,0.0529,0.0001,-0.004,-0.1436,0.7542,5,0,-1,10.86,Driving,False,-0.039,0.75,0.009,0.0,False,False,1,,,,NONE,False,Green,30.0
202,13.3381,8.4,370,Vehicle 1,vehicle,vehicle.tesla.model3,hero_0,21.0707,330.508,0.0016,-0.003,0.0109,0.0926,21.0707,-330.508,-0.001616,4.0273,0.028,0.0,4.0274,2.506,0.0672,-0.0001,0.0014,-0.121,0.7793,5,0,-1,11.06,Driving,False,-0.038,0.75,0.009,0.0,False,False,1,,,,NONE,False,Green,30.0
203,13.3881,8.45,370,Vehicle 1,vehicle,vehicle.tesla.model3,hero_0,21.2756,330.5088,0.0016,-0.0007,0.0159,0.1103,21.2756,-330.5088,-0.001925,4.1415,0.0153,0.0,4.1415,2.2834,-0.2543,-0.0,-0.047,-0.0829,0.2132,5,0,-1,11.27,Driving,False,-0.037,0.62,0.001,0.0,False,False,1,,,,NONE,False,Green,30.0
204,13.4381,8.5,370,Vehicle 1,vehicle,vehicle.tesla.model3,hero_0,21.4859,330.5094,0.0016,0.0008,0.0191,0.1182,21.4859,-330.5094,-0.002063,4.248,0.0132,-0.0,4.248,2.1311,-0.0422,-0.0,-0.0184,-0.0538,0.1381,5,0,-1,11.48,Driving,False,-0.037,0.62,0.001,0.0,False,False,1,,,,NONE,False,Green,30.0
205,13.4881,8.55,370,Vehicle 1,vehicle,vehicle.tesla.model3,hero_0,21.7012,330.5099,0.0016,0.0012,0.021,0.1247,21.7012,-330.5099,-0.002176,4.3435,0.0132,-0.0,4.3435,1.9089,-0.0003,0.0,-0.0015,-0.0276,0.1289,5,0,-1,11.69,Driving,False,-0.036,0.62,0.001,0.0,False,False,1,,,,NONE,False,Green,30.0
206,13.5381,8.6,370,Vehicle 1,vehicle,vehicle.tesla.model3,hero_0,21.9212,330.5105,0.0016,0.001,0.022,0.1312,21.9212,-330.5105,-0.00229,4.4372,0.0137,-0.0,4.4372,1.8746,0.0108,-0.0,0.0048,-0.015,0.1296,5,0,-1,11.91,Driving,False,-0.036,0.62,0.001,0.0,False,False,1,,,,NONE,False,Green,30.0
207,13.5881,8.65,370,Vehicle 1,vehicle,vehicle.tesla.model3,hero_0,22.1441,330.511,0.0016,0.0016,0.0205,0.1301,22.1441,-330.511,-0.002271,4.4503,0.0086,-0.0,4.4503,0.262,-0.1026,0.0,-0.0112,0.0741,-0.0723,5,0,-1,12.14,Driving,False,-0.035,0.0,-0.001,0.7,False,False,1,,,,NONE,False,Green,30.0
208,13.6381,8.7,370,Vehicle 1,vehicle,vehicle.tesla.model3,hero_0,22.3628,330.5114,0.0016,0.0018,0.0124,0.1255,22.3628,-330.5114,-0.00219,4.3029,0.0069,0.0,4.3029,-2.9485,-0.0341,0.0,-0.0019,0.2207,-0.0997,5,0,-1,12.35,Driving,False,-0.035,0.0,-0.001,0.7,False,False,1,,,,NONE,False,Green,30.0
209,13.6881,8.75,370,Vehicle 1,vehicle,vehicle.tesla.model3,hero_0,22.5699,330.5118,0.0017,0.0017,-0.002,0.1205,22.5699,-330.5118,-0.002103,4.0319,0.0058,-0.0,4.0319,-5.4198,-0.0215,-0.0,0.0034,0.316,-0.0975,5,0,-1,12.56,Driving,False,-0.035,0.0,-0.001,0.7,False,False,1,,,,NONE,False,Green,30.0
210,13.7381,8.8,370,Vehicle 1,vehicle,vehicle.tesla.model3,hero_0,22.7627,330.5121,0.0018,0.0015,-0.0176,0.1158,22.7627,-330.5121,-0.002021,3.7457,0.005,-0.0,3.7457,-5.7229,-0.017,-0.0,0.005,0.2941,-0.0906,5,0,-1,12.75,Driving,False,-0.035,0.0,-0.001,0.7,False,False,1,,,,NONE,False,Green,30.0
211,13.7881,8.85,370,Vehicle 1,vehicle,vehicle.tesla.model3,hero_0,22.9433,330.5124,0.0018,0.0009,-0.0285,0.1139,22.9433,-330.5124,-0.001988,3.5507,0.0063,-0.0,3.5507,-3.9007,0.0257,0.0,0.0106,0.148,-0.0199,5,0,-1,12.93,Driving,False,-0.035,0.325,-0.0,0.0,False,False,1,,,,NONE,False,Green,30.0
212,13.8381,8.9,370,Vehicle 1,vehicle,vehicle.tesla.model3,hero_0,23.1197,330.5128,0.0019,0.0005,-0.0296,0.1133,23.1197,-330.5128,-0.001977,3.5205,0.0066,-0.0,3.5205,-0.6037,0.006,0.0,0.0063,-0.0437,-0.0095,5,0,-1,13.11,Driving,False,-0.034,0.325,-0.0,0.0,False,False,1,,,,NONE,False,Green,60.0
213,13.8881,8.95,370,Vehicle 1,vehicle,vehicle.tesla.model3,hero_0,23.2953,330.5132,0.0018,0.0003,-0.0255,0.1129,23.2953,-330.5132,-0.00197,3.5084,0.0066,-0.0,3.5084,-0.242,0.0012,-0.0,0.0034,-0.0949,-0.008,5,0,-1,13.29,Driving,False,-0.034,0.325,-0.0,0.0,False,False,1,,,,NONE,False,Green,60.0
214,13.9381,9.0,370,Vehicle 1,vehicle,vehicle.tesla.model3,hero_0,23.4709,330.5136,0.0018,0.0002,-0.0202,0.1125,23.4709,-330.5136,-0.001963,3.5127,0.0067,0.0,3.5127,0.0865,0.0003,0.0001,0.0019,-0.1095,-0.0079,5,0,-1,13.46,Driving,False,-0.034,0.325,-0.0,0.0,False,False,1,,,,NONE,False,Green,60.0
215,13.9881,9.05,370,Vehicle 1,vehicle,vehicle.tesla.model3,hero_0,23.6468,330.5137,0.0018,0.0014,-0.0151,0.1011,23.6468,-330.5137,-0.001765,3.5224,-0.0014,-0.0,3.5224,0.1934,-0.1613,-0.0001,-0.0233,-0.0987,-0.3018,5,0,-1,13.64,Driving,False,-0.034,0.75,-0.005,0.0,False,False,1,,,,NONE,False,Green,60.0
216,14.0381,9.1,370,Vehicle 1,vehicle,vehicle.tesla.model3,hero_0,23.8243,330.5136,0.0017,0.0021,-0.0096,0.0842,23.8243,-330.5136,-0.00147,3.5738,-0.0042,0.0,3.5738,1.0275,-0.055,0.0001,-0.0099,-0.1185,-0.3515,5,0,-1,13.82,Driving,False,-0.034,0.75,-0.005,0.0,False,False,1,,,,NONE,False,Green,60.0
217,14.0881,9.15,370,Vehicle 1,vehicle,vehicle.tesla.model3,hero_0,24.0053,330.5135,0.0017,0.0023,-0.0036,0.0663,24.0053,-330.5135,-0.001157,3.6508,-0.0057,-0.0,3.6508,1.5402,-0.0303,-0.0001,-0.0006,-0.122,-0.3606,5,0,-1,14.0,Driving,False,-0.034,0.75,-0.005,0.0,False,False,1,,,,NONE,False,Green,60.0
218,14.1381,9.2,370,Vehicle 1,vehicle,vehicle.tesla.model3,hero_0,24.1909,330.5132,0.0017,0.0023,0.0027,0.0479,24.1909,-330.5132,-0.000836,3.7553,-0.0072,-0.0,3.7554,2.0911,-0.0305,0.0,0.0015,-0.1268,-0.3742,5,0,-1,14.18,Driving,False,-0.034,0.75,-0.005,0.0,False,False,1,,,,NONE,False,Green,60.0
219,14.1881,9.25,370,Vehicle 1,vehicle,vehicle.tesla.model3,hero_0,24.3817,330.5132,0.0016,0.0008,0.0082,0.0416,24.3817,-330.5132,-0.000726,3.8514,0.0008,-0.0,3.8514,1.9202,0.1593,-0.0,0.0309,-0.0936,-0.0418,5,0,-1,14.37,Driving,False,-0.034,0.3,0.0,0.0,False,False,1,,,,NONE,False,Green,60.0
220,14.2381,9.3,370,Vehicle 1,vehicle,vehicle.tesla.model3,hero_0,24.5764,330.5133,0.0016,-0.0003,0.0114,0.0412,24.5764,-330.5133,-0.000719,3.9161,0.0025,-0.0,3.9161,1.2952,0.0349,0.0,0.0139,-0.044,0.0036,5,0,-1,14.57,Driving,False,-0.034,0.3,0.0,0.0,False,False,1,,,,NONE,False,Green,60.0
221,14.2881,9.35,370,Vehicle 1,vehicle,vehicle.tesla.model3,hero_0,24.7733,330.5135,0.0016,-0.0006,0.0122,0.0417,24.7733,-330.5135,-0.000728,3.9499,0.003,-0.0,3.9499,0.6753,0.0099,-0.0,0.0035,0.0022,0.0101,5,0,-1,14.76,Driving,False,-0.034,0.3,0.0,0.0,False,False,1,,,,NONE,False,Green,60.0
222,14.3381,9.4,370,Vehicle 1,vehicle,vehicle.tesla.model3,hero_0,24.9715,330.5137,0.0016,-0.0006,0.0115,0.0422,24.9715,-330.5137,-0.000737,3.9743,0.0032,-0.0,3.9743,0.4888,0.0039,0.0,-0.0008,0.0203,0.0112,5,0,-1,14.96,Driving,False,-0.034,0.3,0.0,0.0,False,False,1,,,,NONE,False,Green,60.0
223,14.3881,9.45,370,Vehicle 1,vehicle,vehicle.tesla.model3,hero_0,25.169,330.5142,0.0016,-0.0019,0.0082,0.055,25.169,-330.5142,-0.00096,3.9141,0.0121,0.0,3.9141,-1.204,0.1788,0.0,0.0246,0.1076,0.3351,5,0,-1,15.16,Driving,False,-0.034,0.0,0.005,0.7,False,False,1,,,,NONE,False,Green,60.0
224,14.4381,9.5,370,Vehicle 1,vehicle,vehicle.tesla.model3,hero_0,25.3595,330.5148,0.0017,-0.0026,-0.0005,0.0732,25.3595,-330.5148,-0.001278,3.727,0.0146,-0.0,3.727,-3.743,0.0495,-0.0,0.0073,0.2153,0.3704,5,0,-1,15.35,Driving,False,-0.033,0.0,0.005,0.7,False,False,1,,,,NONE,False,Green,60.0
225,14.4881,9.55,370,Vehicle 1,vehicle,vehicle.tesla.model3,hero_0,25.5372,330.5154,0.0018,-0.0026,-0.0139,0.091,25.5372,-330.5154,-0.001588,3.4373,0.015,-0.0,3.4373,-5.7944,0.0078,-0.0,-0.0051,0.2882,0.3441,5,0,-1,15.53,Driving,False,-0.033,0.0,0.005,0.7,False,False,1,,,,NONE,False,Green,60.0
226,14.5381,9.6,370,Vehicle 1,vehicle,vehicle.tesla.model3,hero_0,25.7004,330.5161,0.0018,-0.0023,-0.0273,0.1076,25.7004,-330.5161,-0.001878,3.1525,0.015,-0.0,3.1525,-5.696,0.001,-0.0,-0.0078,0.2475,0.324,5,0,-1,15.69,Driving,False,-0.032,0.0,0.005,0.7,False,False,1,,,,NONE,False,Green,60.0
227,14.5881,9.65,370,Vehicle 1,vehicle,vehicle.tesla.model3,hero_0,25.851,330.5165,0.0019,-0.0008,-0.0364,0.1134,25.851,-330.5165,-0.001979,2.9463,0.0079,-0.0,2.9463,-4.1228,-0.143,0.0,-0.0294,0.1161,0.0439,5,0,-1,15.84,Driving,False,-0.032,0.75,-0.0,0.0,False,False,1,,,,NONE,False,Green,60.0
228,14.6381,9.7,370,Vehicle 1,vehicle,vehicle.tesla.model3,hero_0,25.9971,330.5169,0.0019,0.0002,-0.0358,0.1141,25.9971,-330.5169,-0.001991,2.916,0.0063,0.0,2.916,-0.6069,-0.0323,0.0,-0.0131,-0.0791,0.0031,5,0,-1,15.99,Driving,False,-0.032,0.75,-0.0,0.0,False,False,1,,,,NONE,False,Green,60.0
229,14.6881,9.75,370,Vehicle 1,vehicle,vehicle.tesla.model3,hero_0,26.1432,330.5173,0.0019,0.0005,-0.0295,0.114,26.1432,-330.5173,-0.00199,2.9326,0.0059,-0.0,2.9326,0.3326,-0.0072,-0.0,-0.0032,-0.1498,-0.0019,5,0,-1,16.13,Driving,False,-0.031,0.75,-0.0,0.0,False,False,1,,,,NONE,False,Green,60.0
230,14.7381,9.8,370,Vehicle 1,vehicle,vehicle.tesla.model3,hero_0,26.2919,330.5177,0.0018,0.0006,-0.0206,0.1139,26.2919,-330.5177,-0.001988,3.001,0.0059,0.0,3.001,1.3674,0.0002,0.0,0.001,-0.19,-0.0025,5,0,-1,16.28,Driving,False,-0.031,0.75,-0.0,0.0,False,False,1,,,,NONE,False,Green,60.0
231,14.7881,9.85,370,Vehicle 1,vehicle,vehicle.tesla.model3,hero_0,26.4445,330.5179,0.0017,0.0015,-0.0114,0.1047,26.4445,-330.5179,-0.001827,3.087,-0.0006,0.0,3.087,1.7209,-0.1297,0.0,-0.0177,-0.1794,-0.2431,5,0,-1,16.44,Driving,False,-0.031,0.75,-0.004,0.0,False,False,1,,,,NONE,False,Green,60.0
232,14.8381,9.9,370,Vehicle 1,vehicle,vehicle.tesla.model3,hero_0,26.6022,330.5178,0.0017,0.002,-0.0026,0.0911,26.6022,-330.5178,-0.00159,3.1994,-0.0027,0.0,3.1994,2.2476,-0.0421,0.0,-0.0064,-0.1711,-0.2858,5,0,-1,16.59,Driving,False,-0.031,0.75,-0.004,0.0,False,False,1,,,,NONE,False,Green,60.0
233,14.8881,9.95,370,Vehicle 1,vehicle,vehicle.tesla.model3,hero_0,26.7656,330.5177,0.0017,0.0021,0.005,0.0765,26.7656,-330.5177,-0.001335,3.3132,-0.0038,-0.0,3.3132,2.2752,-0.0221,-0.0001,0.0011,-0.139,-0.2949,5,0,-1,16.76,Driving,False,-0.031,0.75,-0.004,0.0,False,False,1,,,,NONE,False,Green,60.0
234,14.9381,10.0,370,Vehicle 1,vehicle,vehicle.tesla.model3,hero_0,26.9352,330.5176,0.0016,0.002,0.0114,0.0613,26.9352,-330.5176,-0.00107,3.4419,-0.0049,-0.0,3.4419,2.5747,-0.0237,0.0,0.0022,-0.1215,-0.3097,5,0,-1,16.93,Driving,False,-0.031,0.75,-0.004,0.0,False,False,1,,,,NONE,False,Green,60.0
235,14.9881,10.05,370,Vehicle 1,vehicle,vehicle.tesla.model3,hero_0,27.1093,330.5176,0.0016,0.0006,0.0147,0.0572,27.1093,-330.5176,-0.000998,3.4899,0.0024,0.0,3.4899,0.9594,0.1479,0.0,0.0285,-0.0122,-0.0072,5,0,-1,17.1,Driving,False,-0.032,0.0,0.001,0.7,False,False,1,,,,NONE,False,Green,60.0
236,15.0381,10.1,370,Vehicle 1,vehicle,vehicle.tesla.model3,hero_0,27.2814,330.5178,0.0016,-0.0003,0.0107,0.0584,27.2814,-330.5178,-0.001019,3.3905,0.004,-0.0,3.3905,-1.988,0.0306,-0.0,0.0126,0.1424,0.0337,5,0,-1,17.27,Driving,False,-0.031,0.0,0.001,0.7,False,False,1,,,,NONE,False,Green,60.0
237,15.0881,10.15,370,Vehicle 1,vehicle,vehicle.tesla.model3,hero_0,27.444,330.518,0.0017,-0.0006,-0.0007,0.0602,27.444,-330.518,-0.001051,3.1551,0.0042,0.0,3.1551,-4.7079,0.004,0.0,0.0026,0.2671,0.0363,5,0,-1,17.44,Driving,False,-0.031,0.0,0.001,0.7,False,False,1,,,,NONE,False,Green,60.0
238,15.1381,10.2,370,Vehicle 1,vehicle,vehicle.tesla.model3,hero_0,27.5942,330.5182,0.0018,-0.0006,-0.0142,0.062,27.5942,-330.5182,-0.001082,2.9027,0.0041,-0.0,2.9027,-5.0483,-0.0018,-0.0,-0.0012,0.2613,0.0353,5,0,-1,17.59,Driving,False,-0.031,0.0,0.001,0.7,False,False,1,,,,NONE,False,Green,60.0
239,15.1881,10.25,370,Vehicle 1,vehicle,vehicle.tesla.model3,hero_0,27.7328,330.5185,0.0018,-0.0013,-0.0246,0.07,27.7328,-330.5185,-0.001222,2.7115,0.0085,0.0,2.7115,-3.8239,0.0892,0.0,0.0114,0.1506,0.2021,5,0,-1,17.72,Driving,False,-0.031,0.3,0.004,0.0,False,False,1,,,,NONE,False,Green,60.0
240,15.2381,10.3,370,Vehicle 1,vehicle,vehicle.tesla.model3,hero_0,27.8672,330.5189,0.0018,-0.0016,-0.0262,0.0812,27.8672,-330.5189,-0.001417,2.6835,0.0102,-0.0,2.6836,-0.5585,0.0334,-0.0,0.004,-0.033,0.2338,5,0,-1,17.86,Driving,False,-0.031,0.3,0.004,0.0,False,False,1,,,,NONE,False,Green,60.0
241,15.2881,10.35,370,Vehicle 1,vehicle,vehicle.tesla.model3,hero_0,28.001,330.5194,0.0018,-0.0016,-0.0228,0.0929,28.001,-330.5194,-0.001621,2.6708,0.0108,-0.0,2.6708,-0.2546,0.0125,-0.0,-0.0023,-0.0802,0.2303,5,0,-1,17.99,Driving,False,-0.03,0.3,0.004,0.0,False,False,1,,,,NONE,False,Green,60.0
242,15.3381,10.4,370,Vehicle 1,vehicle,vehicle.tesla.model3,hero_0,28.1348,330.5199,0.0018,-0.0015,-0.0181,0.1046,28.1348,-330.5199,-0.001826,2.6773,0.0116,0.0,2.6773,0.1299,0.0154,0.0001,-0.0027,-0.0997,0.2368,5,0,-1,18.13,Driving,False,-0.03,0.3,0.004,0.0,False,False,1,,,,NONE,False,Green,60.0
243,15.3881,10.45,370,Vehicle 1,vehicle,vehicle.tesla.model3,hero_0,28.2688,330.5204,0.0018,-0.0009,-0.0135,0.1129,28.2688,-330.5204,-0.00197,2.6854,0.0096,-0.0,2.6855,0.1628,-0.0394,-0.0,-0.011,-0.0874,0.143,5,0,-1,18.26,Driving,False,-0.029,0.75,0.002,0.0,False,False,1,,,,NONE,False,Green,60.0
244,15.4381,10.5,370,Vehicle 1,vehicle,vehicle.tesla.model3,hero_0,28.4045,330.5208,0.0017,-0.0005,-0.0085,0.1198,28.4045,-330.5208,-0.002091,2.7359,0.0098,0.0,2.736,1.0103,0.0023,0.0,-0.0047,-0.1105,0.138,5,0,-1,18.4,Driving,False,-0.029,0.75,0.002,0.0,False,False,1,,,,NONE,False,Green,60.0
245,15.4881,10.55,370,Vehicle 1,vehicle,vehicle.tesla.model3,hero_0,28.5434,330.5213,0.0017,-0.0004,-0.0028,0.1266,28.5434,-330.5213,-0.00221,2.8098,0.0102,-0.0,2.8098,1.4773,0.008,-0.0,-0.0017,-0.1134,0.1374,5,0,-1,18.53,Driving,False,-0.029,0.75,0.002,0.0,False,False,1,,,,NONE,False,Green,60.0
246,15.5381,10.6,370,Vehicle 1,vehicle,vehicle.tesla.model3,hero_0,28.6871,330.5218,0.0017,-0.0004,0.0032,0.1337,28.6871,-330.5218,-0.002334,2.9156,0.0109,0.0,2.9156,2.1149,0.0151,0.0,0.0006,-0.1241,0.1449,5,0,-1,18.68,Driving,False,-0.028,0.75,0.002,0.0,False,False,1,,,,NONE,False,Green,60.0
247,15.5881,10.65,370,Vehicle 1,vehicle,vehicle.tesla.model3,hero_0,28.8361,330.5224,0.0016,-0.0002,0.0089,0.139,28.8361,-330.5224,-0.002426,3.0248,0.0101,0.0,3.0248,2.1853,-0.0164,-0.0,-0.0039,-0.1064,0.0923,5,0,-1,18.83,Driving,False,-0.028,0.75,0.001,0.0,False,False,1,,,,NONE,False,Green,60.0
248,15.6381,10.7,370,Vehicle 1,vehicle,vehicle.tesla.model3,hero_0,28.9912,330.5229,0.0016,-0.0001,0.0141,0.1435,28.9912,-330.5229,-0.002505,3.152,0.0105,0.0,3.1521,2.5442,0.0082,0.0,-0.0006,-0.1007,0.0907,5,0,-1,18.98,Driving,False,-0.027,0.75,0.001,0.0,False,False,1,,,,NONE,False,Green,60.0
249,15.6881,10.75,370,Vehicle 1,vehicle,vehicle.tesla.model3,hero_0,29.1525,330.5235,0.0016,-0.0001,0.0184,0.148,29.1525,-330.5235,-0.002583,3.2748,0.0111,0.0,3.2748,2.455,0.0111,-0.0,0.0006,-0.077,0.0918,5,0,-1,19.14,Driving,False,-0.027,0.75,0.001,0.0,False,False,1,,,,NONE,False,Green,60.0
250,15.7381,10.8,370,Vehicle 1,vehicle,vehicle.tesla.model3,hero_0,29.3203,330.524,0.0016,-0.0001,0.022,0.1528,29.3203,-330.524,-0.002667,3.4093,0.0118,-0.0,3.4093,2.6899,0.0146,-0.0,0.0015,-0.0689,0.0964,5,0,-1,19.31,Driving,False,-0.026,0.75,0.001,0.0,False,False,1,,,,NONE,False,Green,60.0
251,15.7881,10.85,370,Vehicle 1,vehicle,vehicle.tesla.model3,hero_0,29.4943,330.5244,0.0015,0.0009,0.0245,0.1476,29.4943,-330.5244,-0.002576,3.5238,0.0051,-0.0,3.5238,2.2894,-0.1347,-0.0,-0.021,-0.0339,-0.1695,5,0,-1,19.49,Driving,False,-0.026,0.439,-0.003,0.0,False,False,1,,,,NONE,False,Green,60.0
252,15.8381,10.9,370,Vehicle 1,vehicle,vehicle.tesla.model3,hero_0,29.6734,330.5246,0.0015,0.0016,0.0252,0.1376,29.6734,-330.5246,-0.002402,3.6156,0.0031,-0.0,3.6156,1.837,-0.0382,-0.0,-0.0084,-0.0015,-0.2107,5,0,-1,19.66,Driving,False,-0.026,0.439,-0.003,0.0,False,False,1,,,,NONE,False,Green,60.0
253,15.8881,10.95,370,Vehicle 1,vehicle,vehicle.tesla.model3,hero_0,29.8562,330.5249,0.0015,0.0017,0.0243,0.1269,29.8562,-330.5249,-0.002215,3.6812,0.0022,-0.0,3.6812,1.3112,-0.0182,0.0,-0.0002,0.0293,-0.2167,5,0,-1,19.85,Driving,False,-0.026,0.439,-0.003,0.0,False,False,1,,,,NONE,False,Green,60.0
254,15.9381,11.0,370,Vehicle 1,vehicle,vehicle.tesla.model3,hero_0,30.0421,330.525,0.0015,0.0017,0.0226,0.1158,30.0421,-330.525,-0.002021,3.7419,0.0014,-0.0,3.7419,1.2157,-0.0163,-0.0,0.0021,0.0355,-0.2227,5,0,-1,20.03,Driving,False,-0.026,0.439,-0.003,0.0,False,False,1,,,,NONE,False,Green,60.0
255,15.9881,11.05,370,Vehicle 1,vehicle,vehicle.tesla.model3,hero_0,30.229,330.5251,0.0016,0.0016,0.0187,0.1036,30.229,-330.5251,-0.001808,3.7167,-0.0001,0.0,3.7167,-0.5041,-0.0308,0.0,0.001,0.1186,-0.2493,5,0,-1,20.22,Driving,False,-0.026,0.0,-0.003,1.0,False,False,1,,,,NONE,False,Green,60.0
256,16.0381,11.1,370,Vehicle 1,vehicle,vehicle.tesla.model3,hero_0,30.4104,330.5251,0.0016,0.0015,0.0093,0.0912,30.4104,-330.5251,-0.001592,3.5552,-0.0012,0.0,3.5552,-3.2312,-0.0207,0.0,0.0026,0.2322,-0.2457,5,0,-1,20.4,Driving,False,-0.026,0.0,-0.003,1.0,False,False,1,,,,NONE,False,Green,60.0
257,16.0881,11.15,370,Vehicle 1,vehicle,vehicle.tesla.model3,hero_0,30.5796,330.5252,0.0017,0.0013,-0.0057,0.0796,30.5796,-330.5252,-0.001389,3.2546,-0.0018,-0.0,3.2546,-6.0112,-0.012,-0.0001,0.0048,0.3435,-0.2215,5,0,-1,20.57,Driving,False,-0.026,0.0,-0.003,1.0,False,False,1,,,,NONE,False,Green,60.0
258,16.1381,11.2,370,Vehicle 1,vehicle,vehicle.tesla.model3,hero_0,30.7312,330.5251,0.0018,0.001,-0.0237,0.0691,30.7312,-330.5251,-0.001206,2.8866,-0.0023,0.0,2.8866,-7.3595,-0.0106,0.0,0.0045,0.355,-0.2012,5,0,-1,20.72,Driving,False,-0.026,0.0,-0.003,1.0,False,False,1,,,,NONE,False,Green,60.0
259,16.1881,11.25,370,Vehicle 1,vehicle,vehicle.tesla.model3,hero_0,30.8652,330.5253,0.0019,-0.0008,-0.039,0.0744,30.8652,-330.5253,-0.001299,2.5609,0.008,-0.0,2.5609,-6.5149,0.2057,-0.0,0.0357,0.2615,0.2063,5,0,-1,20.86,Driving,False,-0.026,0.0,0.005,0.7,False,False,1,,,,NONE,False,Green,60.0
260,16.2381,11.3,370,Vehicle 1,vehicle,vehicle.tesla.model3,hero_0,30.9843,330.5257,0.002,-0.0019,-0.0497,0.0865,30.9843,-330.5257,-0.00151,2.2135,0.0096,-0.0,2.2135,-6.9488,0.0322,-0.0,0.0086,0.2737,0.2333,5,0,-1,20.98,Driving,False,-0.026,0.0,0.005,0.7,False,False,1,,,,NONE,False,Green,60.0
261,16.2881,11.35,370,Vehicle 1,vehicle,vehicle.tesla.model3,hero_0,31.0615,330.526,0.0022,-0.0015,-0.084,0.0937,31.0615,-330.526,-0.001635,1.027,0.0047,-0.0,1.027,-23.7289,-0.0984,-0.0001,-0.0171,0.9304,0.0887,5,0,-1,21.05,Driving,False,-0.025,0.0,0.005,0.7,False,False,1,,,,NONE,False,Green,60.0
262,16.3381,11.4,370,Vehicle 1,vehicle,vehicle.tesla.model3,hero_0,31.0778,330.526,0.0024,-0.0005,-0.1285,0.0947,31.0778,-330.526,-0.001653,0.0046,0.0,-0.0,0.0046,-20.4478,-0.093,-0.0001,-0.0198,0.6926,-0.0152,5,0,-1,21.07,Driving,False,-0.025,0.0,0.005,0.7,False,False,1,,,,NONE,False,Green,60.0
263,16.3881,11.45,370,Vehicle 1,vehicle,vehicle.tesla.model3,hero_0,31.0778,330.526,0.0024,-0.0001,-0.1286,0.0947,31.0778,-330.526,-0.001653,-0.0002,0.0001,-0.0,0.0002,-0.0961,0.0005,0.0001,-0.0049,-0.273,0.0,5,0,-1,21.07,Driving,False,-0.025,0.75,0.017,0.0,False,False,1,,,,NONE,False,Green,60.0
264,16.4381,11.5,370,Vehicle 1,vehicle,vehicle.tesla.model3,hero_0,31.08,330.526,0.0023,-0.0,-0.1051,0.0959,31.08,-330.526,-0.001674,0.1074,0.0014,0.0,0.1074,2.1513,0.0269,0.0002,0.0064,-0.6056,0.06,5,0,-1,21.07,Driving,False,-0.025,0.75,0.017,0.0,False,False,1,,,,NONE,False,Green,60.0
265,16.4881,11.55,370,Vehicle 1,vehicle,vehicle.tesla.model3,hero_0,31.0866,330.5259,0.0021,0.0,-0.0776,0.1139,31.0866,-330.5259,-0.001988,0.1565,0.0012,0.0,0.1565,0.9827,-0.0048,0.0001,-0.0001,-0.5236,0.4607,5,0,-1,21.08,Driving,False,-0.025,0.75,0.017,0.0,False,False,1,,,,NONE,False,Green,60.0
266,16.5381,11.6,370,Vehicle 1,vehicle,vehicle.tesla.model3,hero_0,31.0977,330.5261,0.002,-0.0003,-0.0535,0.1116,31.0977,-330.5261,-0.001948,0.2323,0.0025,0.0,0.2323,1.5153,0.0275,-0.0,0.0049,-0.3873,-0.8588,5,0,-1,21.09,Driving,False,-0.025,0.75,0.017,0.0,False,False,1,,,,NONE,False,Green,60.0
267,16.5881,11.65,370,Vehicle 1,vehicle,vehicle.tesla.model3,hero_0,31.1137,330.5262,0.0019,-0.0005,-0.0345,0.1242,31.1137,-330.5262,-0.002168,0.3198,0.0043,0.0,0.3198,1.7498,0.0352,-0.0001,0.0016,-0.2742,0.3372,5,0,-1,21.1,Driving,False,-0.025,0.75,0.02,0.0,False,False,1,,,,NONE,False,Green,60.0
268,16.6381,11.7,370,Vehicle 1,vehicle,vehicle.tesla.model3,hero_0,31.1358,330.5265,0.0018,-0.0009,-0.0186,0.1378,31.1358,-330.5265,-0.002405,0.4464,0.0067,0.0,0.4465,2.533,0.049,-0.0,0.0027,-0.2097,0.5323,5,0,-1,21.13,Driving,False,-0.025,0.75,0.02,0.0,False,False,1,,,,NONE,False,Green,60.0
269,16.6881,11.75,370,Vehicle 1,vehicle,vehicle.tesla.model3,hero_0,31.1651,330.5267,0.0017,-0.0012,-0.0047,0.1713,31.1651,-330.5267,-0.00299,0.6336,0.0091,0.0,0.6336,3.7428,0.0478,-0.0,0.0028,-0.2397,1.1923,5,0,-1,21.16,Driving,False,-0.025,0.75,0.02,0.0,False,False,1,,,,NONE,False,Green,60.0
270,16.7381,11.8,370,Vehicle 1,vehicle,vehicle.tesla.model3,hero_0,31.2007,330.5272,0.0016,-0.0014,0.0053,0.1693,31.2007,-330.5272,-0.002955,0.7722,0.0124,0.0,0.7723,2.7722,0.0647,-0.0,0.0095,-0.1938,-0.0352,5,0,-1,21.19,Driving,False,-0.024,0.75,0.02,0.0,False,False,1,,,,NONE,False,Green,60.0
271,16.7881,11.85,370,Vehicle 1,vehicle,vehicle.tesla.model3,hero_0,31.2437,330.5278,0.0016,-0.0016,0.0134,0.1815,31.2437,-330.5278,-0.003168,0.8952,0.0141,-0.0,0.8953,2.4599,0.0351,-0.0,0.0045,-0.106,0.0521,5,0,-1,21.23,Driving,False,-0.024,0.75,0.018,0.0,False,False,1,,,,NONE,False,Green,60.0
272,16.8381,11.9,370,Vehicle 1,vehicle,vehicle.tesla.model3,hero_0,31.2919,330.5283,0.0016,-0.0017,0.0177,0.2295,31.2919,-330.5283,-0.004006,1.0147,0.0161,0.0,1.0148,2.3906,0.0394,0.0,0.0025,-0.0802,1.1409,5,0,-1,21.28,Driving,False,-0.023,0.75,0.018,0.0,False,False,1,,,,NONE,False,Green,60.0
273,16.8881,11.95,370,Vehicle 1,vehicle,vehicle.tesla.model3,hero_0,31.3465,330.5291,0.0016,-0.0018,0.0212,0.2614,31.3465,-330.5291,-0.004562,1.1348,0.0193,0.0,1.135,2.4029,0.0637,0.0,0.0057,-0.0518,0.2428,5,0,-1,21.34,Driving,False,-0.022,0.75,0.018,0.0,False,False,1,,,,NONE,False,Green,60.0
274,16.9381,12.0,370,Vehicle 1,vehicle,vehicle.tesla.model3,hero_0,31.4076,330.53,0.0015,-0.0018,0.0242,0.2712,31.4076,-330.53,-0.004733,1.2782,0.0211,0.0,1.2784,2.8674,0.0365,-0.0,-0.0012,-0.0616,-0.2738,5,0,-1,21.4,Driving,False,-0.021,0.75,0.018,0.0,False,False,1,,,,NONE,False,Green,60.0
275,16.9881,12.05,370,Vehicle 1,vehicle,vehicle.tesla.model3,hero_0,31.4748,330.5305,0.0015,0.0007,0.0259,0.268,31.4748,-330.5305,-0.004677,1.4004,0.007,0.0,1.4005,2.4444,-0.2824,0.0,-0.0457,-0.0405,0.0496,5,0,-1,21.47,Driving,False,-0.021,0.75,-0.002,0.0,False,False,1,,,,NONE,False,Green,60.0
276,17.0381,12.1,370,Vehicle 1,vehicle,vehicle.tesla.model3,hero_0,31.5492,330.5308,0.0015,0.002,0.0281,0.2636,31.5492,-330.5308,-0.004601,1.5467,0.0055,-0.0,1.5467,2.9257,-0.0304,-0.0,-0.0138,-0.0442,-0.1805,5,0,-1,21.54,Driving,False,-0.021,0.75,-0.002,0.0,False,False,1,,,,NONE,False,Green,60.0
277,17.0881,12.15,370,Vehicle 1,vehicle,vehicle.tesla.model3,hero_0,31.6306,330.531,0.0015,0.0022,0.0298,0.2608,31.6306,-330.531,-0.004552,1.6753,0.0054,-0.0,1.6753,2.5722,-0.0011,-0.0,0.0018,-0.0227,0.0195,5,0,-1,21.62,Driving,False,-0.021,0.75,-0.002,0.0,False,False,1,,,,NONE,False,Green,60.0
278,17.1381,12.2,370,Vehicle 1,vehicle,vehicle.tesla.model3,hero_0,31.7179,330.5312,0.0015,0.0019,0.0304,0.2557,31.7179,-330.5312,-0.004463,1.7944,0.0056,0.0,1.7944,2.3813,0.003,0.0,0.0057,-0.0076,-0.1822,5,0,-1,21.71,Driving,False,-0.02,0.75,-0.002,0.0,False,False,1,,,,NONE,False,Green,60.0
279,17.1881,12.25,370,Vehicle 1,vehicle,vehicle.tesla.model3,hero_0,31.8114,330.5316,0.0015,0.0009,0.0307,0.2583,31.8114,-330.5316,-0.004508,1.9214,0.0102,-0.0,1.9214,2.5401,0.0928,-0.0,0.0194,-0.0086,0.1613,5,0,-1,21.8,Driving,False,-0.02,0.75,0.002,0.0,False,False,1,,,,NONE,False,Green,60.0
280,17.2381,12.3,370,Vehicle 1,vehicle,vehicle.tesla.model3,hero_0,31.9114,330.5322,0.0015,0.0003,0.0313,0.2615,31.9114,-330.5322,-0.004564,2.0534,0.0117,-0.0,2.0535,2.6405,0.0298,0.0,0.0097,-0.0115,-0.0031,5,0,-1,21.9,Driving,False,-0.02,0.75,0.002,0.0,False,False,1,,,,NONE,False,Green,60.0
281,17.2881,12.35,370,Vehicle 1,vehicle,vehicle.tesla.model3,hero_0,32.0181,330.5328,0.0015,-0.0,0.0319,0.2668,32.0181,-330.5328,-0.004657,2.1885,0.0128,-0.0,2.1886,2.702,0.0215,-0.0,0.0047,-0.0128,0.1769,5,0,-1,22.01,Driving,False,-0.019,0.75,0.002,0.0,False,False,1,,,,NONE,False,Green,60.0
282,17.3381,12.4,370,Vehicle 1,vehicle,vehicle.tesla.model3,hero_0,32.1317,330.5334,0.0015,-0.0002,0.0325,0.2708,32.1317,-330.5334,-0.004726,2.3254,0.0138,-0.0,2.3254,2.7376,0.0205,0.0001,0.002,-0.0124,0.0159,5,0,-1,22.12,Driving,False,-0.018,0.75,0.002,0.0,False,False,1,,,,NONE,False,Green,60.0
283,17.3881,12.45,370,Vehicle 1,vehicle,vehicle.tesla.model3,hero_0,32.2519,330.5342,0.0015,-0.0009,0.0328,0.2828,32.2519,-330.5342,-0.004936,2.4517,0.0193,0.0,2.4518,2.5258,0.1099,0.0,0.0147,0.0018,0.3429,5,0,-1,22.24,Driving,False,-0.018,0.444,0.005,0.0,False,False,1,,,,NONE,False,Green,60.0
284,17.4381,12.5,370,Vehicle 1,vehicle,vehicle.tesla.model3,hero_0,32.3775,330.5351,0.0015,-0.0014,0.032,0.2963,32.3775,-330.5351,-0.005171,2.5501,0.0214,-0.0,2.5502,1.968,0.0426,-0.0001,0.0049,0.0281,0.2192,5,0,-1,22.37,Driving,False,-0.017,0.444,0.005,0.0,False,False,1,,,,NONE,False,Green,60.0
285,17.4881,12.55,370,Vehicle 1,vehicle,vehicle.tesla.model3,hero_0,32.5074,330.5362,0.0015,-0.0015,0.03,0.312,32.5074,-330.5362,-0.005445,2.6302,0.0229,-0.0,2.6303,1.6031,0.0301,0.0,0.0004,0.0451,0.3738,5,0,-1,22.5,Driving,False,-0.016,0.444,0.005,0.0,False,False,1,,,,NONE,False,Green,60.0
286,17.5381,12.6,370,Vehicle 1,vehicle,vehicle.tesla.model3,hero_0,32.641,330.5373,0.0015,-0.0014,0.0275,0.3267,32.641,-330.5373,-0.005702,2.6991,0.0243,0.0,2.6993,1.3781,0.027,0.0001,-0.0017,0.0512,0.2416,5,0,-1,22.63,Driving,False,-0.015,0.444,0.005,0.0,False,False,1,,,,NONE,False,Green,60.0
287,17.5881,12.65,370,Vehicle 1,vehicle,vehicle.tesla.model3,hero_0,32.7763,330.5382,0.0015,-0.0003,0.0232,0.3339,32.7763,-330.5382,-0.005828,2.6918,0.0184,-0.0,2.6919,-0.1464,-0.1166,-0.0001,-0.0223,0.1213,0.1479,5,0,-1,22.77,Driving,False,-0.014,0.0,0.001,0.7,False,False,1,,,,NONE,False,Green,60.0
288,17.6381,12.7,370,Vehicle 1,vehicle,vehicle.tesla.model3,hero_0,32.907,330.539,0.0016,0.0003,0.0138,0.3354,32.907,-330.539,-0.005854,2.5484,0.0165,-0.0,2.5485,-2.8683,-0.0395,0.0,-0.0105,0.2329,-0.0694,5,0,-1,22.9,Driving,False,-0.013,0.0,0.001,0.7,False,False,1,,,,NONE,False,Green,60.0
289,17.6881,12.75,370,Vehicle 1,vehicle,vehicle.tesla.model3,hero_0,33.0269,330.5398,0.0017,0.0006,-0.0008,0.3297,33.0269,-330.5398,-0.005754,2.2701,0.0144,0.0,2.2701,-5.567,-0.0407,0.0,-0.0045,0.3605,-0.6994,5,0,-1,23.02,Driving,False,-0.012,0.0,0.001,0.7,False,False,1,,,,NONE,False,Green,60.0
290,17.7381,12.8,370,Vehicle 1,vehicle,vehicle.tesla.model3,hero_0,33.1075,330.5404,0.0019,0.0008,-0.0426,0.3212,33.1075,-330.5404,-0.005606,1.0873,0.0066,-0.0,1.0873,-23.6546,-0.1556,-0.0001,-0.0076,1.1116,-0.0012,5,0,-1,23.1,Driving,False,-0.012,0.0,0.001,0.7,False,False,1,,,,NONE,False,Green,60.0
291,17.7881,12.85,370,Vehicle 1,vehicle,vehicle.tesla.model3,hero_0,33.1252,330.5405,0.0023,0.0008,-0.0978,0.3215,33.1252,-330.5405,-0.005611,0.0042,-0.0002,-0.0,0.0042,-21.6634,-0.1364,-0.0001,-0.0086,0.9104,-0.0129,5,0,-1,23.12,Driving,False,-0.012,0.0,0.008,0.771,False,False,1,,,,NONE,False,Green,60.0
292,17.8381,12.9,370,Vehicle 1,vehicle,vehicle.tesla.model3,hero_0,33.1252,330.5405,0.0023,0.0007,-0.1067,0.3215,33.1252,-330.5405,-0.005611,-0.0001,-0.0,-0.0,0.0001,-0.085,0.0033,0.0,0.0031,-0.1241,-0.0,5,0,-1,23.12,Driving,False,-0.012,0.0,0.008,0.771,False,False,1,,,,NONE,False,Green,60.0
293,17.8881,12.95,370,Vehicle 1,vehicle,vehicle.tesla.model3,hero_0,33.1253,330.5405,0.0022,0.0005,-0.0915,0.3215,33.1253,-330.5405,-0.005611,-0.0003,-0.0,0.0,0.0003,-0.0033,0.0001,0.0001,0.0048,-0.3719,0.0,5,0,-1,23.12,Driving,False,-0.012,0.0,0.008,0.771,False,False,1,,,,NONE,False,Green,60.0
294,17.9381,13.0,370,Vehicle 1,vehicle,vehicle.tesla.model3,hero_0,33.1254,330.5405,0.0021,0.0004,-0.0722,0.3215,33.1254,-330.5405,-0.005611,-0.0003,-0.0,0.0,0.0003,-0.0001,0.0001,0.0,0.0044,-0.3775,0.0,5,0,-1,23.12,Driving,False,-0.012,0.0,0.008,0.771,False,False,1,,,,NONE,False,Green,60.0
295,17.9881,13.05,370,Vehicle 1,vehicle,vehicle.tesla.model3,hero_0,33.1255,330.5405,0.002,0.0003,-0.0551,0.3215,33.1255,-330.5405,-0.005611,-0.0002,0.0,0.0,0.0002,0.0008,0.0001,0.0,0.0036,-0.3166,0.0,5,0,-1,23.12,Driving,False,-0.012,0.525,0.012,0.3,False,False,1,,,,NONE,False,Green,60.0
296,18.0381,13.1,370,Vehicle 1,vehicle,vehicle.tesla.model3,hero_0,33.1256,330.5405,0.0019,0.0002,-0.0413,0.3215,33.1256,-330.5405,-0.005611,-0.0002,0.0,0.0,0.0002,0.0009,0.0,-0.0,0.0028,-0.2478,0.0,5,0,-1,23.12,Driving,False,-0.012,0.525,0.012,0.3,False,False,1,,,,NONE,False,Green,60.0
297,18.0881,13.15,370,Vehicle 1,vehicle,vehicle.tesla.model3,hero_0,33.1257,330.5405,0.0019,0.0002,-0.0308,0.3215,33.1257,-330.5405,-0.005611,-0.0001,0.0,0.0,0.0001,0.0008,0.0,0.0,0.0021,-0.1881,0.0,5,0,-1,23.12,Driving,False,-0.012,0.525,0.012,0.3,False,False,1,,,,NONE,False,Green,60.0
298,18.1381,13.2,370,Vehicle 1,vehicle,vehicle.tesla.model3,hero_0,33.1257,330.5405,0.0018,0.0001,-0.0228,0.3215,33.1257,-330.5405,-0.005611,-0.0001,0.0,0.0,0.0001,0.0006,-0.0,-0.0,0.0015,-0.1409,0.0,5,0,-1,23.12,Driving,False,-0.012,0.525,0.012,0.3,False,False,1,,,,NONE,False,Green,60.0
299,18.1881,13.25,370,Vehicle 1,vehicle,vehicle.tesla.model3,hero_0,33.1258,330.5405,0.0018,0.0001,-0.0169,0.3215,33.1258,-330.5405,-0.005611,-0.0001,0.0,0.0,0.0001,0.0005,-0.0,-0.0,0.0012,-0.1048,0.0,5,0,-1,23.12,Driving,False,-0.012,0.525,0.012,0.3,False,False,1,,,,NONE,False,Green,60.0
300,18.2381,13.3,370,Vehicle 1,vehicle,vehicle.tesla.model3,hero_0,33.1258,330.5405,0.0018,0.0001,-0.015,0.3215,33.1258,-330.5405,-0.005611,-0.0,0.0,0.0,0.0,0.0007,-0.0,-0.0,0.0006,-0.0565,0.0,5,0,-1,23.12,Driving,False,-0.012,0.525,0.012,0.3,False,False,1,,,,NONE,False,Green,60.0
301,18.2881,13.35,370,Vehicle 1,vehicle,vehicle.tesla.model3,hero_0,33.1258,330.5405,0.0017,0.0001,-0.012,0.3215,33.1258,-330.5405,-0.005611,-0.0,0.0,0.0,0.0,-0.0001,0.0,0.0,0.0006,-0.061,0.0,5,0,-1,23.12,Driving,False,-0.012,0.525,0.012,0.3,False,False,1,,,,NONE,False,Green,60.0
302,18.3381,13.4,370,Vehicle 1,vehicle,vehicle.tesla.model3,hero_0,33.1258,330.5405,0.0017,0.0001,-0.0092,0.3215,33.1258,-330.5405,-0.005611,-0.0,0.0,-0.0,0.0,0.0001,0.0,-0.0,0.0006,-0.0521,0.0,5,0,-1,23.12,Driving,False,-0.012,0.525,0.012,0.3,False,False,1,,,,NONE,False,Green,60.0
303,18.3881,13.45,370,Vehicle 1,vehicle,vehicle.tesla.model3,hero_0,33.1258,330.5405,0.0017,0.0001,-0.0069,0.3215,33.1258,-330.5405,-0.005611,-0.0,0.0,-0.0,0.0,0.0002,-0.0,0.0,0.0004,-0.0411,0.0,5,0,-1,23.12,Driving,False,-0.012,0.525,0.013,0.3,False,False,1,,,,NONE,False,Green,60.0
304,18.4381,13.5,370,Vehicle 1,vehicle,vehicle.tesla.model3,hero_0,33.1259,330.5405,0.0017,0.0,-0.0051,0.3215,33.1259,-330.5405,-0.005611,-0.0,0.0,0.0,0.0,0.0001,-0.0,0.0,0.0004,-0.0313,0.0,5,0,-1,23.12,Driving,False,-0.012,0.525,0.013,0.3,False,False,1,,,,NONE,False,Green,60.0
305,18.4881,13.55,370,Vehicle 1,vehicle,vehicle.tesla.model3,hero_0,33.1259,330.5405,0.0017,0.0,-0.0038,0.3215,33.1259,-330.5405,-0.005611,-0.0,0.0,-0.0,0.0,0.0001,-0.0,-0.0,0.0002,-0.0235,0.0,5,0,-1,23.12,Driving,False,-0.012,0.525,0.013,0.3,False,False,1,,,,NONE,False,Green,60.0
306,18.5381,13.6,370,Vehicle 1,vehicle,vehicle.tesla.model3,hero_0,33.1259,330.5405,0.0017,0.0,-0.0028,0.3215,33.1259,-330.5405,-0.005611,-0.0,0.0,-0.0,0.0,0.0001,0.0,0.0,0.0002,-0.0175,0.0,5,0,-1,23.12,Driving,False,-0.012,0.525,0.013,0.3,False,False,1,,,,NONE,False,Green,60.0
307,18.5881,13.65,370,Vehicle 1,vehicle,vehicle.tesla.model3,hero_0,33.1259,330.5405,0.0017,0.0,-0.0021,0.3215,33.1259,-330.5405,-0.005611,-0.0,-0.0,0.0,0.0,0.0001,-0.0,0.0,0.0002,-0.013,-0.0,5,0,-1,23.12,Driving,False,-0.012,0.525,0.011,0.3,False,False,1,,,,NONE,False,Green,60.0
308,18.6381,13.7,370,Vehicle 1,vehicle,vehicle.tesla.model3,hero_0,33.1259,330.5405,0.0017,0.0,-0.0018,0.3215,33.1259,-330.5405,-0.005611,-0.0,-0.0,0.0,0.0,0.0001,0.0,-0.0,0.0001,-0.0049,-0.0,5,0,-1,23.12,Driving,False,-0.012,0.525,0.011,0.3,False,False,1,,,,NONE,False,Green,60.0
309,18.6881,13.75,370,Vehicle 1,vehicle,vehicle.tesla.model3,hero_0,33.1259,330.5405,0.0017,0.0,-0.0014,0.3215,33.1259,-330.5405,-0.005611,-0.0,-0.0,-0.0,0.0,-0.0,-0.0,-0.0,0.0001,-0.0068,-0.0,5,0,-1,23.12,Driving,False,-0.012,0.525,0.011,0.3,False,False,1,,,,NONE,False,Green,60.0
310,18.7381,13.8,370,Vehicle 1,vehicle,vehicle.tesla.model3,hero_0,33.1259,330.5405,0.0017,0.0,-0.0011,0.3215,33.1259,-330.5405,-0.005611,-0.0,-0.0,-0.0,0.0,0.0,0.0,-0.0,0.0001,-0.0062,-0.0,5,0,-1,23.12,Driving,False,-0.012,0.525,0.011,0.3,False,False,1,,,,NONE,False,Green,60.0
311,18.7881,13.85,370,Vehicle 1,vehicle,vehicle.tesla.model3,hero_0,33.1259,330.5405,0.0017,0.0,-0.0009,0.3215,33.1259,-330.5405,-0.005611,-0.0,0.0,0.0,0.0,0.0,0.0,0.0,0.0,-0.005,-0.0,5,0,-1,23.12,Driving,False,-0.012,0.525,0.011,0.3,False,False,1,,,,NONE,False,Green,60.0
312,18.8381,13.9,370,Vehicle 1,vehicle,vehicle.tesla.model3,hero_0,33.1259,330.5405,0.0017,0.0,-0.0006,0.3215,33.1259,-330.5405,-0.005611,-0.0,0.0,-0.0,0.0,0.0,0.0,-0.0,-0.0,-0.0038,-0.0,5,0,-1,23.12,Driving,False,-0.012,0.525,0.011,0.3,False,False,1,,,,NONE,False,Green,60.0
313,18.8881,13.95,370,Vehicle 1,vehicle,vehicle.tesla.model3,hero_0,33.1259,330.5405,0.0017,0.0,-0.0005,0.3215,33.1259,-330.5405,-0.005611,-0.0,-0.0,0.0,0.0,0.0,-0.0,0.0,0.0,-0.0029,-0.0,5,0,-1,23.12,Driving,False,-0.012,0.525,0.011,0.3,False,False,1,,,,NONE,False,Green,60.0
314,18.9381,14.0,370,Vehicle 1,vehicle,vehicle.tesla.model3,hero_0,33.1259,330.5405,0.0017,0.0,-0.0005,0.3215,33.1259,-330.5405,-0.005611,-0.0,-0.0,0.0,0.0,0.0,-0.0,-0.0,0.0001,-0.0022,-0.0,5,0,-1,23.12,Driving,False,-0.012,0.525,0.011,0.3,False,False,1,,,,NONE,False,Green,60.0
315,18.9881,14.05,370,Vehicle 1,vehicle,vehicle.tesla.model3,hero_0,33.1259,330.5405,0.0017,0.0,-0.0002,0.3215,33.1259,-330.5405,-0.005611,-0.0,-0.0,-0.0,0.0,0.0,-0.0,-0.0,0.0001,-0.0016,-0.0,5,0,-1,23.12,Driving,False,-0.012,0.525,0.013,0.3,False,False,1,,,,NONE,False,Green,60.0
316,19.0381,14.1,370,Vehicle 1,vehicle,vehicle.tesla.model3,hero_0,33.1259,330.5405,0.0017,0.0,-0.0002,0.3215,33.1259,-330.5405,-0.005611,0.0,0.0,0.0,0.0,0.0,0.0,0.0,0.0,0.0,0.0,5,0,-1,23.12,Driving,False,-0.012,0.525,0.013,0.3,False,False,1,,,,NONE,False,Green,60.0
317,19.0881,14.15,370,Vehicle 1,vehicle,vehicle.tesla.model3,hero_0,33.1259,330.5405,0.0017,0.0,-0.0002,0.3215,33.1259,-330.5405,-0.005611,-0.0,-0.0,-0.0,0.0,-0.0,-0.0,-0.0,0.0001,-0.0007,-0.0,5,0,-1,23.12,Driving,False,-0.012,0.525,0.013,0.3,False,False,1,,,,NONE,False,Green,60.0
318,19.1381,14.2,370,Vehicle 1,vehicle,vehicle.tesla.model3,hero_0,33.1259,330.5405,0.0017,0.0,-0.0001,0.3215,33.1259,-330.5405,-0.005611,-0.0,-0.0,0.0,0.0,-0.0,0.0,0.0,0.0,-0.0007,-0.0,5,0,-1,23.12,Driving,False,-0.012,0.525,0.013,0.3,False,False,1,,,,NONE,False,Green,60.0
319,19.1881,14.25,370,Vehicle 1,vehicle,vehicle.tesla.model3,hero_0,33.1259,330.5405,0.0017,0.0,-0.0001,0.3215,33.1259,-330.5405,-0.005611,-0.0,-0.0,-0.0,0.0,0.0,-0.0,-0.0,0.0,-0.0006,-0.0,5,0,-1,23.12,Driving,False,-0.012,0.525,0.012,0.3,False,False,1,,,,NONE,False,Green,60.0
320,19.2381,14.3,370,Vehicle 1,vehicle,vehicle.tesla.model3,hero_0,33.1259,330.5405,0.0017,0.0,-0.0001,0.3215,33.1259,-330.5405,-0.005611,-0.0,-0.0,-0.0,0.0,0.0,-0.0,0.0,0.0,-0.0004,-0.0,5,0,-1,23.12,Driving,False,-0.012,0.525,0.012,0.3,False,False,1,,,,NONE,False,Green,60.0
321,19.2881,14.35,370,Vehicle 1,vehicle,vehicle.tesla.model3,hero_0,33.1259,330.5405,0.0017,0.0,-0.0001,0.3215,33.1259,-330.5405,-0.005611,-0.0,-0.0,-0.0,0.0,0.0,-0.0,-0.0,0.0,-0.0003,-0.0,5,0,-1,23.12,Driving,False,-0.012,0.525,0.012,0.3,False,False,1,,,,NONE,False,Green,60.0
322,19.3381,14.4,370,Vehicle 1,vehicle,vehicle.tesla.model3,hero_0,33.1259,330.5405,0.0017,0.0,-0.0001,0.3215,33.1259,-330.5405,-0.005611,-0.0,-0.0,0.0,0.0,0.0,0.0,0.0,-0.0,-0.0002,-0.0,5,0,-1,23.12,Driving,False,-0.012,0.525,0.012,0.3,False,False,1,,,,NONE,False,Green,60.0
323,19.3881,14.45,370,Vehicle 1,vehicle,vehicle.tesla.model3,hero_0,33.1259,330.5405,0.0017,0.0,-0.0001,0.3215,33.1259,-330.5405,-0.005611,-0.0,0.0,-0.0,0.0,0.0,0.0,-0.0,-0.0,-0.0002,-0.0,5,0,-1,23.12,Driving,False,-0.012,0.525,0.011,0.3,False,False,1,,,,NONE,False,Green,60.0
324,19.4381,14.5,370,Vehicle 1,vehicle,vehicle.tesla.model3,hero_0,33.1259,330.5405,0.0017,0.0,-0.0001,0.3215,33.1259,-330.5405,-0.005611,-0.0,0.0,0.0,0.0,0.0,-0.0,0.0,-0.0,-0.0001,-0.0,5,0,-1,23.12,Driving,False,-0.012,0.525,0.011,0.3,False,False,1,,,,NONE,False,Green,60.0
325,19.4881,14.55,370,Vehicle 1,vehicle,vehicle.tesla.model3,hero_0,33.1259,330.5405,0.0017,0.0,-0.0001,0.3215,33.1259,-330.5405,-0.005611,-0.0,-0.0,-0.0,0.0,0.0,-0.0,-0.0,0.0,-0.0001,-0.0,5,0,-1,23.12,Driving,False,-0.012,0.525,0.011,0.3,False,False,1,,,,NONE,False,Green,60.0
326,19.5381,14.6,370,Vehicle 1,vehicle,vehicle.tesla.model3,hero_0,33.1259,330.5405,0.0017,0.0,-0.0001,0.3215,33.1259,-330.5405,-0.005611,-0.0,-0.0,-0.0,0.0,0.0,-0.0,-0.0,0.0001,-0.0001,-0.0,5,0,-1,23.12,Driving,False,-0.012,0.525,0.011,0.3,False,False,1,,,,NONE,False,Green,60.0
327,19.5881,14.65,370,Vehicle 1,vehicle,vehicle.tesla.model3,hero_0,33.1259,330.5405,0.0017,0.0,-0.0001,0.3215,33.1259,-330.5405,-0.005611,-0.0,0.0,-0.0,0.0,-0.0,0.0,-0.0,-0.0001,-0.0001,-0.0,5,0,-1,23.12,Driving,False,-0.012,0.525,0.012,0.3,False,False,1,,,,NONE,False,Green,60.0
328,19.6381,14.7,370,Vehicle 1,vehicle,vehicle.tesla.model3,hero_0,33.1259,330.5405,0.0017,0.0,-0.0001,0.3215,33.1259,-330.5405,-0.005611,-0.0,0.0,-0.0,0.0,0.0,-0.0,0.0,-0.0,-0.0001,-0.0,5,0,-1,23.12,Driving,False,-0.012,0.525,0.012,0.3,False,False,1,,,,NONE,False,Green,60.0
329,19.6881,14.75,370,Vehicle 1,vehicle,vehicle.tesla.model3,hero_0,33.1259,330.5405,0.0017,0.0,-0.0001,0.3215,33.1259,-330.5405,-0.005611,-0.0,0.0,0.0,0.0,0.0,-0.0,0.0,-0.0,-0.0,-0.0,5,0,-1,23.12,Driving,False,-0.012,0.525,0.012,0.3,False,False,1,,,,NONE,False,Green,60.0
330,19.7381,14.8,370,Vehicle 1,vehicle,vehicle.tesla.model3,hero_0,33.1259,330.5405,0.0017,0.0,-0.0001,0.3215,33.1259,-330.5405,-0.005611,-0.0,-0.0,-0.0,0.0,0.0,-0.0,-0.0,-0.0,-0.0,-0.0,5,0,-1,23.12,Driving,False,-0.012,0.525,0.012,0.3,False,False,1,,,,NONE,False,Green,60.0
331,19.7881,14.85,370,Vehicle 1,vehicle,vehicle.tesla.model3,hero_0,33.1259,330.5405,0.0017,0.0,-0.0001,0.3215,33.1259,-330.5405,-0.005611,-0.0,0.0,-0.0,0.0,-0.0,0.0,0.0,-0.0,-0.0,-0.0,5,0,-1,23.12,Driving,False,-0.012,0.525,0.015,0.3,False,False,1,,,,NONE,False,Green,60.0
332,19.8381,14.9,370,Vehicle 1,vehicle,vehicle.tesla.model3,hero_0,33.1259,330.5405,0.0017,0.0,-0.0001,0.3215,33.1259,-330.5405,-0.005611,0.0,-0.0,0.0,0.0,0.0,-0.0,0.0,0.0,0.0,-0.0,5,0,-1,23.12,Driving,False,-0.012,0.525,0.015,0.3,False,False,1,,,,NONE,False,Green,60.0
333,19.8881,14.95,370,Vehicle 1,vehicle,vehicle.tesla.model3,hero_0,33.1259,330.5405,0.0017,0.0,-0.0001,0.3215,33.1259,-330.5405,-0.005611,-0.0,0.0,0.0,0.0,-0.0,0.0,-0.0,-0.0,-0.0,-0.0,5,0,-1,23.12,Driving,False,-0.012,0.525,0.015,0.3,False,False,1,,,,NONE,False,Green,60.0
334,19.9381,15.0,370,Vehicle 1,vehicle,vehicle.tesla.model3,hero_0,33.1259,330.5405,0.0017,0.0,-0.0001,0.3215,33.1259,-330.5405,-0.005611,-0.0,-0.0,0.0,0.0,-0.0,-0.0,0.0,0.0,-0.0,-0.0,5,0,-1,23.12,Driving,False,-0.012,0.525,0.015,0.3,False,False,1,,,,NONE,False,Green,60.0
335,19.9881,15.05,370,Vehicle 1,vehicle,vehicle.tesla.model3,hero_0,33.1259,330.5405,0.0017,0.0,-0.0001,0.3215,33.1259,-330.5405,-0.005611,0.0,0.0,-0.0,0.0,0.0,0.0,-0.0,-0.0,0.0,0.0,5,0,-1,23.12,Driving,False,-0.012,0.525,0.014,0.3,False,False,1,,,,NONE,False,Green,60.0
336,20.0381,15.1,370,Vehicle 1,vehicle,vehicle.tesla.model3,hero_0,33.1259,330.5405,0.0017,0.0,-0.0001,0.3215,33.1259,-330.5405,-0.005611,0.0,0.0,-0.0,0.0,-0.0,-0.0,0.0,-0.0,0.0,0.0,5,0,-1,23.12,Driving,False,-0.012,0.525,0.014,0.3,False,False,1,,,,NONE,False,Green,60.0
337,20.0881,15.15,370,Vehicle 1,vehicle,vehicle.tesla.model3,hero_0,33.1259,330.5405,0.0017,0.0,-0.0001,0.3215,33.1259,-330.5405,-0.005611,0.0,0.0,-0.0,0.0,-0.0,-0.0,0.0,-0.0,0.0,-0.0,5,0,-1,23.12,Driving,False,-0.012,0.525,0.014,0.3,False,False,1,,,,NONE,False,Green,60.0
338,20.1381,15.2,370,Vehicle 1,vehicle,vehicle.tesla.model3,hero_0,33.1259,330.5405,0.0017,0.0,-0.0001,0.3215,33.1259,-330.5405,-0.005611,-0.0,-0.0,-0.0,0.0,-0.0,-0.0,0.0,-0.0,-0.0,-0.0,5,0,-1,23.12,Driving,False,-0.012,0.525,0.014,0.3,False,False,1,,,,NONE,False,Green,60.0
339,20.1881,15.25,370,Vehicle 1,vehicle,vehicle.tesla.model3,hero_0,33.1259,330.5405,0.0017,0.0,-0.0001,0.3215,33.1259,-330.5405,-0.005611,-0.0,-0.0,-0.0,0.0,-0.0,-0.0,0.0,-0.0,-0.0,-0.0,5,0,-1,23.12,Driving,False,-0.012,0.525,0.012,0.3,False,False,1,,,,NONE,False,Green,60.0
340,20.2381,15.3,370,Vehicle 1,vehicle,vehicle.tesla.model3,hero_0,33.1259,330.5405,0.0017,0.0,-0.0001,0.3215,33.1259,-330.5405,-0.005611,-0.0,-0.0,-0.0,0.0,-0.0,-0.0,-0.0,0.0,-0.0,-0.0,5,0,-1,23.12,Driving,False,-0.012,0.525,0.012,0.3,False,False,1,,,,NONE,False,Green,60.0
341,20.2881,15.35,370,Vehicle 1,vehicle,vehicle.tesla.model3,hero_0,33.1259,330.5405,0.0017,0.0,-0.0001,0.3215,33.1259,-330.5405,-0.005611,0.0,0.0,-0.0,0.0,0.0,0.0,-0.0,-0.0,0.0,0.0,5,0,-1,23.12,Driving,False,-0.012,0.525,0.012,0.3,False,False,1,,,,NONE,False,Green,60.0
342,20.3381,15.4,370,Vehicle 1,vehicle,vehicle.tesla.model3,hero_0,33.1259,330.5405,0.0017,0.0,-0.0001,0.3215,33.1259,-330.5405,-0.005611,-0.0,-0.0,-0.0,0.0,-0.0,-0.0,0.0,0.0,-0.0,-0.0,5,0,-1,23.12,Driving,False,-0.012,0.525,0.012,0.3,False,False,1,,,,NONE,False,Green,60.0
343,20.3881,15.45,370,Vehicle 1,vehicle,vehicle.tesla.model3,hero_0,33.1259,330.5405,0.0017,0.0,-0.0001,0.3215,33.1259,-330.5405,-0.005611,-0.0,-0.0,-0.0,0.0,-0.0,-0.0,-0.0,0.0,-0.0,-0.0,5,0,-1,23.12,Driving,False,-0.012,0.525,0.013,0.3,False,False,1,,,,NONE,False,Green,60.0
344,20.4381,15.5,370,Vehicle 1,vehicle,vehicle.tesla.model3,hero_0,33.1259,330.5405,0.0017,0.0,-0.0001,0.3215,33.1259,-330.5405,-0.005611,-0.0,-0.0,-0.0,0.0,-0.0,0.0,0.0,0.0,-0.0,0.0,5,0,-1,23.12,Driving,False,-0.012,0.525,0.013,0.3,False,False,1,,,,NONE,False,Green,60.0
345,20.4881,15.55,370,Vehicle 1,vehicle,vehicle.tesla.model3,hero_0,33.1259,330.5405,0.0017,0.0,-0.0001,0.3215,33.1259,-330.5405,-0.005611,-0.0,-0.0,-0.0,0.0,-0.0,-0.0,-0.0,0.0,-0.0,-0.0,5,0,-1,23.12,Driving,False,-0.012,0.525,0.013,0.3,False,False,1,,,,NONE,False,Green,60.0
346,20.5381,15.6,370,Vehicle 1,vehicle,vehicle.tesla.model3,hero_0,33.1259,330.5405,0.0017,0.0,-0.0001,0.3215,33.1259,-330.5405,-0.005611,-0.0,-0.0,-0.0,0.0,-0.0,-0.0,-0.0,0.0,-0.0,-0.0,5,0,-1,23.12,Driving,False,-0.012,0.525,0.013,0.3,False,False,1,,,,NONE,False,Green,60.0
347,20.5881,15.65,370,Vehicle 1,vehicle,vehicle.tesla.model3,hero_0,33.1259,330.5405,0.0017,0.0,-0.0001,0.3215,33.1259,-330.5405,-0.005611,0.0,0.0,-0.0,0.0,0.0,0.0,-0.0,-0.0,0.0,0.0,5,0,-1,23.12,Driving,False,-0.012,0.525,0.013,0.3,False,False,1,,,,NONE,False,Green,60.0
348,20.6381,15.7,370,Vehicle 1,vehicle,vehicle.tesla.model3,hero_0,33.1259,330.5405,0.0017,0.0,-0.0001,0.3215,33.1259,-330.5405,-0.005611,0.0,0.0,-0.0,0.0,-0.0,-0.0,0.0,-0.0,0.0,0.0,5,0,-1,23.12,Driving,False,-0.012,0.525,0.013,0.3,False,False,1,,,,NONE,False,Green,60.0
349,20.6881,15.75,370,Vehicle 1,vehicle,vehicle.tesla.model3,hero_0,33.1259,330.5405,0.0017,0.0,-0.0001,0.3215,33.1259,-330.5405,-0.005611,-0.0,-0.0,-0.0,0.0,-0.0,-0.0,0.0,0.0,-0.0,-0.0,5,0,-1,23.12,Driving,False,-0.012,0.525,0.013,0.3,False,False,1,,,,NONE,False,Green,60.0
350,20.7381,15.8,370,Vehicle 1,vehicle,vehicle.tesla.model3,hero_0,33.1259,330.5405,0.0017,0.0,-0.0001,0.3215,33.1259,-330.5405,-0.005611,-0.0,-0.0,-0.0,0.0,0.0,0.0,0.0,0.0,-0.0,-0.0,5,0,-1,23.12,Driving,False,-0.012,0.525,0.013,0.3,False,False,1,,,,NONE,False,Green,60.0
351,20.7881,15.85,370,Vehicle 1,vehicle,vehicle.tesla.model3,hero_0,33.1259,330.5405,0.0017,0.0,-0.0001,0.3215,33.1259,-330.5405,-0.005611,-0.0,-0.0,-0.0,0.0,-0.0,-0.0,-0.0,0.0,-0.0,-0.0,5,0,-1,23.12,Driving,False,-0.012,0.525,0.014,0.3,False,False,1,,,,NONE,False,Green,60.0
352,20.8381,15.9,370,Vehicle 1,vehicle,vehicle.tesla.model3,hero_0,33.1259,330.5405,0.0017,0.0,-0.0001,0.3215,33.1259,-330.5405,-0.005611,-0.0,-0.0,-0.0,0.0,-0.0,-0.0,-0.0,0.0,-0.0,-0.0,5,0,-1,23.12,Driving,False,-0.012,0.525,0.014,0.3,False,False,1,,,,NONE,False,Green,60.0
353,20.8881,15.95,370,Vehicle 1,vehicle,vehicle.tesla.model3,hero_0,33.1259,330.5405,0.0017,0.0,-0.0001,0.3215,33.1259,-330.5405,-0.005611,-0.0,-0.0,-0.0,0.0,0.0,0.0,-0.0,0.0,-0.0,-0.0,5,0,-1,23.12,Driving,False,-0.012,0.525,0.014,0.3,False,False,1,,,,NONE,False,Green,60.0
354,20.9381,16.0,370,Vehicle 1,vehicle,vehicle.tesla.model3,hero_0,33.1259,330.5405,0.0017,0.0,-0.0001,0.3215,33.1259,-330.5405,-0.005611,-0.0,0.0,-0.0,0.0,0.0,0.0,-0.0,0.0,-0.0,-0.0,5,0,-1,23.12,Driving,False,-0.012,0.525,0.014,0.3,False,False,1,,,,NONE,False,Green,60.0
355,20.9881,16.05,370,Vehicle 1,vehicle,vehicle.tesla.model3,hero_0,33.1259,330.5405,0.0017,0.0,-0.0001,0.3215,33.1259,-330.5405,-0.005611,0.0,0.0,-0.0,0.0,0.0,-0.0,-0.0,-0.0,0.0,0.0,5,0,-1,23.12,Driving,False,-0.012,0.525,0.013,0.3,False,False,1,,,,NONE,False,Green,60.0
356,21.0381,16.1,370,Vehicle 1,vehicle,vehicle.tesla.model3,hero_0,33.1259,330.5405,0.0017,0.0,-0.0001,0.3215,33.1259,-330.5405,-0.005611,0.0,0.0,-0.0,0.0,0.0,0.0,-0.0,-0.0,0.0,-0.0,5,0,-1,23.12,Driving,False,-0.012,0.525,0.013,0.3,False,False,1,,,,NONE,False,Green,60.0
357,21.0881,16.15,370,Vehicle 1,vehicle,vehicle.tesla.model3,hero_0,33.1259,330.5405,0.0017,0.0,-0.0001,0.3215,33.1259,-330.5405,-0.005611,0.0,0.0,-0.0,0.0,0.0,0.0,0.0,-0.0,0.0,0.0,5,0,-1,23.12,Driving,False,-0.012,0.525,0.013,0.3,False,False,1,,,,NONE,False,Green,60.0
358,21.1381,16.2,370,Vehicle 1,vehicle,vehicle.tesla.model3,hero_0,33.1259,330.5405,0.0017,0.0,-0.0001,0.3215,33.1259,-330.5405,-0.005611,0.0,0.0,0.0,0.0,-0.0,-0.0,0.0,0.0,0.0,0.0,5,0,-1,23.12,Driving,False,-0.012,0.525,0.013,0.3,False,False,1,,,,NONE,False,Green,60.0
359,21.1881,16.25,370,Vehicle 1,vehicle,vehicle.tesla.model3,hero_0,33.1259,330.5405,0.0017,0.0,-0.0001,0.3215,33.1259,-330.5405,-0.005611,-0.0,-0.0,-0.0,0.0,-0.0,-0.0,-0.0,0.0,-0.0,-0.0,5,0,-1,23.12,Driving,False,-0.012,0.525,0.015,0.3,False,False,1,,,,NONE,False,Green,60.0
360,21.2381,16.3,370,Vehicle 1,vehicle,vehicle.tesla.model3,hero_0,33.1259,330.5405,0.0017,0.0,-0.0001,0.3215,33.1259,-330.5405,-0.005611,-0.0,-0.0,-0.0,0.0,0.0,0.0,0.0,0.0,-0.0,-0.0,5,0,-1,23.12,Driving,False,-0.012,0.525,0.015,0.3,False,False,1,,,,NONE,False,Green,60.0
361,21.2881,16.35,370,Vehicle 1,vehicle,vehicle.tesla.model3,hero_0,33.1259,330.5405,0.0017,0.0,-0.0001,0.3215,33.1259,-330.5405,-0.005611,0.0,0.0,0.0,0.0,0.0,0.0,0.0,-0.0,0.0,0.0,5,0,-1,23.12,Driving,False,-0.012,0.525,0.015,0.3,False,False,1,,,,NONE,False,Green,60.0
362,21.3381,16.4,370,Vehicle 1,vehicle,vehicle.tesla.model3,hero_0,33.1259,330.5405,0.0017,0.0,-0.0001,0.3215,33.1259,-330.5405,-0.005611,0.0,0.0,0.0,0.0,0.0,-0.0,0.0,-0.0,0.0,0.0,5,0,-1,23.12,Driving,False,-0.012,0.525,0.015,0.3,False,False,1,,,,NONE,False,Green,60.0
363,21.3881,16.45,370,Vehicle 1,vehicle,vehicle.tesla.model3,hero_0,33.1259,330.5405,0.0017,0.0,-0.0001,0.3215,33.1259,-330.5405,-0.005611,-0.0,-0.0,-0.0,0.0,-0.0,-0.0,-0.0,0.0,-0.0,-0.0,5,0,-1,23.12,Driving,False,-0.012,0.525,0.015,0.3,False,False,1,,,,NONE,False,Green,60.0
364,21.4381,16.5,370,Vehicle 1,vehicle,vehicle.tesla.model3,hero_0,33.1259,330.5405,0.0017,0.0,-0.0001,0.3215,33.1259,-330.5405,-0.005611,0.0,0.0,0.0,0.0,0.0,0.0,0.0,-0.0,0.0,0.0,5,0,-1,23.12,Driving,False,-0.012,0.525,0.015,0.3,False,False,1,,,,NONE,False,Green,60.0
365,21.4881,16.55,370,Vehicle 1,vehicle,vehicle.tesla.model3,hero_0,33.1259,330.5405,0.0017,0.0,-0.0001,0.3215,33.1259,-330.5405,-0.005611,0.0,0.0,0.0,0.0,0.0,-0.0,0.0,-0.0,0.0,0.0,5,0,-1,23.12,Driving,False,-0.012,0.525,0.015,0.3,False,False,1,,,,NONE,False,Green,60.0
366,21.5381,16.6,370,Vehicle 1,vehicle,vehicle.tesla.model3,hero_0,33.1259,330.5405,0.0017,0.0,-0.0001,0.3215,33.1259,-330.5405,-0.005611,-0.0,-0.0,-0.0,0.0,-0.0,-0.0,-0.0,0.0,-0.0,-0.0,5,0,-1,23.12,Driving,False,-0.012,0.525,0.015,0.3,False,False,1,,,,NONE,False,Green,60.0
367,21.5881,16.65,370,Vehicle 1,vehicle,vehicle.tesla.model3,hero_0,33.1259,330.5405,0.0017,0.0,-0.0001,0.3215,33.1259,-330.5405,-0.005611,0.0,0.0,-0.0,0.0,0.0,0.0,0.0,-0.0,0.0,0.0,5,0,-1,23.12,Driving,False,-0.012,0.525,0.013,0.3,False,False,1,,,,NONE,False,Green,60.0
368,21.6381,16.7,370,Vehicle 1,vehicle,vehicle.tesla.model3,hero_0,33.1259,330.5405,0.0017,0.0,-0.0001,0.3215,33.1259,-330.5405,-0.005611,0.0,0.0,-0.0,0.0,0.0,0.0,0.0,-0.0,0.0,0.0,5,0,-1,23.12,Driving,False,-0.012,0.525,0.013,0.3,False,False,1,,,,NONE,False,Green,60.0
369,21.6881,16.75,370,Vehicle 1,vehicle,vehicle.tesla.model3,hero_0,33.1259,330.5405,0.0017,0.0,-0.0001,0.3215,33.1259,-330.5405,-0.005611,0.0,-0.0,-0.0,0.0,-0.0,-0.0,-0.0,-0.0,0.0,0.0,5,0,-1,23.12,Driving,False,-0.012,0.525,0.013,0.3,False,False,1,,,,NONE,False,Green,60.0
370,21.7381,16.8,370,Vehicle 1,vehicle,vehicle.tesla.model3,hero_0,33.1259,330.5405,0.0017,0.0,-0.0001,0.3215,33.1259,-330.5405,-0.005611,-0.0,-0.0,-0.0,0.0,-0.0,-0.0,-0.0,-0.0,-0.0,-0.0,5,0,-1,23.12,Driving,False,-0.012,0.525,0.013,0.3,False,False,1,,,,NONE,False,Green,60.0
371,21.7881,16.85,370,Vehicle 1,vehicle,vehicle.tesla.model3,hero_0,33.1259,330.5405,0.0017,0.0,-0.0001,0.3215,33.1259,-330.5405,-0.005611,-0.0,-0.0,-0.0,0.0,-0.0,-0.0,-0.0,0.0,-0.0,-0.0,5,0,-1,23.12,Driving,False,-0.012,0.525,0.012,0.3,False,False,1,,,,NONE,False,Green,60.0
372,21.8381,16.9,370,Vehicle 1,vehicle,vehicle.tesla.model3,hero_0,33.1259,330.5405,0.0017,0.0,-0.0001,0.3215,33.1259,-330.5405,-0.005611,-0.0,-0.0,-0.0,0.0,-0.0,0.0,-0.0,0.0,-0.0,-0.0,5,0,-1,23.12,Driving,False,-0.012,0.525,0.012,0.3,False,False,1,,,,NONE,False,Green,60.0
373,21.8881,16.95,370,Vehicle 1,vehicle,vehicle.tesla.model3,hero_0,33.1259,330.5405,0.0017,0.0,-0.0001,0.3215,33.1259,-330.5405,-0.005611,-0.0,0.0,-0.0,0.0,0.0,0.0,0.0,0.0,-0.0,-0.0,5,0,-1,23.12,Driving,False,-0.012,0.525,0.012,0.3,False,False,1,,,,NONE,False,Green,60.0
374,21.9381,17.0,370,Vehicle 1,vehicle,vehicle.tesla.model3,hero_0,33.1259,330.5405,0.0017,0.0,-0.0001,0.3215,33.1259,-330.5405,-0.005611,-0.0,0.0,-0.0,0.0,0.0,0.0,0.0,-0.0,-0.0,-0.0,5,0,-1,23.12,Driving,False,-0.012,0.525,0.012,0.3,False,False,1,,,,NONE,False,Green,60.0
375,21.9881,17.05,370,Vehicle 1,vehicle,vehicle.tesla.model3,hero_0,33.1259,330.5405,0.0017,0.0,-0.0001,0.3215,33.1259,-330.5405,-0.005611,0.0,0.0,0.0,0.0,0.0,-0.0,0.0,-0.0,0.0,0.0,5,0,-1,23.12,Driving,False,-0.012,0.525,0.012,0.3,False,False,1,,,,NONE,False,Green,60.0
376,22.0381,17.1,370,Vehicle 1,vehicle,vehicle.tesla.model3,hero_0,33.1259,330.5405,0.0017,0.0,-0.0001,0.3215,33.1259,-330.5405,-0.005611,0.0,0.0,-0.0,0.0,0.0,0.0,-0.0,-0.0,0.0,0.0,5,0,-1,23.12,Driving,False,-0.012,0.525,0.012,0.3,False,False,1,,,,NONE,False,Green,60.0
377,22.0881,17.15,370,Vehicle 1,vehicle,vehicle.tesla.model3,hero_0,33.1259,330.5405,0.0017,0.0,-0.0001,0.3215,33.1259,-330.5405,-0.005611,0.0,0.0,-0.0,0.0,0.0,0.0,0.0,-0.0,0.0,0.0,5,0,-1,23.12,Driving,False,-0.012,0.525,0.012,0.3,False,False,1,,,,NONE,False,Green,60.0
378,22.1381,17.2,370,Vehicle 1,vehicle,vehicle.tesla.model3,hero_0,33.1259,330.5405,0.0017,0.0,-0.0001,0.3215,33.1259,-330.5405,-0.005611,0.0,-0.0,-0.0,0.0,-0.0,-0.0,-0.0,-0.0,0.0,0.0,5,0,-1,23.12,Driving,False,-0.012,0.525,0.012,0.3,False,False,1,,,,NONE,False,Green,60.0
379,22.1881,17.25,370,Vehicle 1,vehicle,vehicle.tesla.model3,hero_0,33.1259,330.5405,0.0017,0.0,-0.0001,0.3215,33.1259,-330.5405,-0.005611,-0.0,-0.0,-0.0,0.0,-0.0,-0.0,-0.0,-0.0,-0.0,-0.0,5,0,-1,23.12,Driving,False,-0.012,0.525,0.012,0.3,False,False,1,,,,NONE,False,Green,60.0
380,22.2381,17.3,370,Vehicle 1,vehicle,vehicle.tesla.model3,hero_0,33.1259,330.5405,0.0017,0.0,-0.0001,0.3215,33.1259,-330.5405,-0.005611,-0.0,-0.0,-0.0,0.0,-0.0,-0.0,-0.0,0.0,-0.0,-0.0,5,0,-1,23.12,Driving,False,-0.012,0.525,0.012,0.3,False,False,1,,,,NONE,False,Green,60.0
381,22.2881,17.35,370,Vehicle 1,vehicle,vehicle.tesla.model3,hero_0,33.1259,330.5405,0.0017,0.0,-0.0001,0.3215,33.1259,-330.5405,-0.005611,-0.0,-0.0,-0.0,0.0,-0.0,0.0,-0.0,0.0,-0.0,-0.0,5,0,-1,23.12,Driving,False,-0.012,0.525,0.012,0.3,False,False,1,,,,NONE,False,Green,60.0
382,22.3381,17.4,370,Vehicle 1,vehicle,vehicle.tesla.model3,hero_0,33.1259,330.5405,0.0017,0.0,-0.0001,0.3215,33.1259,-330.5405,-0.005611,-0.0,-0.0,-0.0,0.0,0.0,0.0,0.0,0.0,-0.0,-0.0,5,0,-1,23.12,Driving,False,-0.012,0.525,0.012,0.3,False,False,1,,,,NONE,False,Green,60.0
383,22.3881,17.45,370,Vehicle 1,vehicle,vehicle.tesla.model3,hero_0,33.1259,330.5405,0.0017,0.0,-0.0001,0.3215,33.1259,-330.5405,-0.005611,-0.0,0.0,-0.0,0.0,0.0,0.0,0.0,0.0,-0.0,-0.0,5,0,-1,23.12,Driving,False,-0.012,0.525,0.013,0.3,False,False,1,,,,NONE,False,Green,60.0
384,22.4381,17.5,370,Vehicle 1,vehicle,vehicle.tesla.model3,hero_0,33.1259,330.5405,0.0017,0.0,-0.0001,0.3215,33.1259,-330.5405,-0.005611,0.0,0.0,-0.0,0.0,0.0,0.0,0.0,-0.0,0.0,0.0,5,0,-1,23.12,Driving,False,-0.012,0.525,0.013,0.3,False,False,1,,,,NONE,False,Green,60.0
385,22.4881,17.55,370,Vehicle 1,vehicle,vehicle.tesla.model3,hero_0,33.1259,330.5405,0.0017,0.0,-0.0001,0.3215,33.1259,-330.5405,-0.005611,0.0,0.0,-0.0,0.0,0.0,0.0,0.0,-0.0,0.0,0.0,5,0,-1,23.12,Driving,False,-0.012,0.525,0.013,0.3,False,False,1,,,,NONE,False,Green,60.0
386,22.5381,17.6,370,Vehicle 1,vehicle,vehicle.tesla.model3,hero_0,33.1259,330.5405,0.0017,0.0,-0.0001,0.3215,33.1259,-330.5405,-0.005611,0.0,0.0,-0.0,0.0,0.0,0.0,0.0,-0.0,0.0,0.0,5,0,-1,23.12,Driving,False,-0.012,0.525,0.013,0.3,False,False,1,,,,NONE,False,Green,60.0
387,22.5881,17.65,370,Vehicle 1,vehicle,vehicle.tesla.model3,hero_0,33.1259,330.5405,0.0017,0.0,-0.0001,0.3215,33.1259,-330.5405,-0.005611,0.0,-0.0,-0.0,0.0,-0.0,-0.0,-0.0,-0.0,0.0,0.0,5,0,-1,23.12,Driving,False,-0.012,0.525,0.013,0.3,False,False,1,,,,NONE,False,Green,60.0
388,22.6381,17.7,370,Vehicle 1,vehicle,vehicle.tesla.model3,hero_0,33.1259,330.5405,0.0017,0.0,-0.0001,0.3215,33.1259,-330.5405,-0.005611,-0.0,-0.0,-0.0,0.0,-0.0,-0.0,-0.0,0.0,-0.0,0.0,5,0,-1,23.12,Driving,False,-0.012,0.525,0.013,0.3,False,False,1,,,,NONE,False,Green,60.0
389,22.6881,17.75,370,Vehicle 1,vehicle,vehicle.tesla.model3,hero_0,33.1259,330.5405,0.0017,0.0,-0.0001,0.3215,33.1259,-330.5405,-0.005611,-0.0,-0.0,-0.0,0.0,-0.0,-0.0,0.0,0.0,-0.0,0.0,5,0,-1,23.12,Driving,False,-0.012,0.525,0.013,0.3,False,False,1,,,,NONE,False,Green,60.0
390,22.7381,17.8,370,Vehicle 1,vehicle,vehicle.tesla.model3,hero_0,33.1259,330.5405,0.0017,0.0,-0.0001,0.3215,33.1259,-330.5405,-0.005611,-0.0,-0.0,-0.0,0.0,-0.0,-0.0,-0.0,0.0,-0.0,-0.0,5,0,-1,23.12,Driving,False,-0.012,0.525,0.013,0.3,False,False,1,,,,NONE,False,Green,60.0
391,22.7881,17.85,370,Vehicle 1,vehicle,vehicle.tesla.model3,hero_0,33.1259,330.5405,0.0017,0.0,-0.0001,0.3215,33.1259,-330.5405,-0.005611,-0.0,-0.0,-0.0,0.0,-0.0,0.0,0.0,0.0,-0.0,0.0,5,0,-1,23.12,Driving,False,-0.012,0.525,0.013,0.3,False,False,1,,,,NONE,False,Green,60.0
392,22.8381,17.9,370,Vehicle 1,vehicle,vehicle.tesla.model3,hero_0,33.1259,330.5405,0.0017,0.0,-0.0001,0.3215,33.1259,-330.5405,-0.005611,-0.0,-0.0,-0.0,0.0,0.0,0.0,0.0,0.0,-0.0,-0.0,5,0,-1,23.12,Driving,False,-0.012,0.525,0.013,0.3,False,False,1,,,,NONE,False,Green,60.0
393,22.8881,17.95,370,Vehicle 1,vehicle,vehicle.tesla.model3,hero_0,33.1259,330.5405,0.0017,0.0,-0.0001,0.3215,33.1259,-330.5405,-0.005611,-0.0,-0.0,-0.0,0.0,-0.0,-0.0,-0.0,0.0,-0.0,-0.0,5,0,-1,23.12,Driving,False,-0.012,0.525,0.013,0.3,False,False,1,,,,NONE,False,Green,60.0
394,22.9381,18.0,370,Vehicle 1,vehicle,vehicle.tesla.model3,hero_0,33.1259,330.5405,0.0017,0.0,-0.0001,0.3215,33.1259,-330.5405,-0.005611,-0.0,-0.0,-0.0,0.0,-0.0,-0.0,-0.0,0.0,-0.0,-0.0,5,0,-1,23.12,Driving,False,-0.012,0.525,0.013,0.3,False,False,1,,,,NONE,False,Green,60.0
395,22.9881,18.05,370,Vehicle 1,vehicle,vehicle.tesla.model3,hero_0,33.1259,330.5405,0.0017,0.0,-0.0001,0.3215,33.1259,-330.5405,-0.005611,-0.0,0.0,-0.0,0.0,0.0,0.0,-0.0,0.0,-0.0,-0.0,5,0,-1,23.12,Driving,False,-0.012,0.525,0.012,0.3,False,False,1,,,,NONE,False,Green,60.0
396,23.0381,18.1,370,Vehicle 1,vehicle,vehicle.tesla.model3,hero_0,33.1259,330.5405,0.0017,0.0,-0.0001,0.3215,33.1259,-330.5405,-0.005611,-0.0,0.0,-0.0,0.0,0.0,0.0,-0.0,0.0,-0.0,-0.0,5,0,-1,23.12,Driving,False,-0.012,0.525,0.012,0.3,False,False,1,,,,NONE,False,Green,60.0
397,23.0881,18.15,370,Vehicle 1,vehicle,vehicle.tesla.model3,hero_0,33.1259,330.5405,0.0017,0.0,-0.0001,0.3215,33.1259,-330.5405,-0.005611,0.0,-0.0,0.0,0.0,0.0,-0.0,0.0,0.0,0.0,0.0,5,0,-1,23.12,Driving,False,-0.012,0.525,0.012,0.3,False,False,1,,,,NONE,False,Green,60.0
398,23.1381,18.2,370,Vehicle 1,vehicle,vehicle.tesla.model3,hero_0,33.1259,330.5405,0.0017,0.0,-0.0001,0.3215,33.1259,-330.5405,-0.005611,0.0,0.0,0.0,0.0,0.0,0.0,0.0,0.0,0.0,0.0,5,0,-1,23.12,Driving,False,-0.012,0.525,0.012,0.3,False,False,1,,,,NONE,False,Green,60.0
399,23.1881,18.25,370,Vehicle 1,vehicle,vehicle.tesla.model3,hero_0,33.1259,330.5405,0.0017,0.0,-0.0001,0.3215,33.1259,-330.5405,-0.005611,0.0,0.0,-0.0,0.0,0.0,0.0,-0.0,-0.0,0.0,-0.0,5,0,-1,23.12,Driving,False,-0.012,0.525,0.013,0.3,False,False,1,,,,NONE,False,Green,60.0
400,23.2381,18.3,370,Vehicle 1,vehicle,vehicle.tesla.model3,hero_0,33.1259,330.5405,0.0017,0.0,-0.0001,0.3215,33.1259,-330.5405,-0.005611,0.0,0.0,0.0,0.0,-0.0,-0.0,0.0,0.0,0.0,0.0,5,0,-1,23.12,Driving,False,-0.012,0.525,0.013,0.3,False,False,1,,,,NONE,False,Green,60.0
401,23.2881,18.35,370,Vehicle 1,vehicle,vehicle.tesla.model3,hero_0,33.1259,330.5405,0.0017,0.0,-0.0001,0.3215,33.1259,-330.5405,-0.005611,0.0,0.0,-0.0,0.0,0.0,0.0,-0.0,-0.0,0.0,0.0,5,0,-1,23.12,Driving,False,-0.012,0.525,0.013,0.3,False,False,1,,,,NONE,False,Green,60.0
402,23.3381,18.4,370,Vehicle 1,vehicle,vehicle.tesla.model3,hero_0,33.1259,330.5405,0.0017,0.0,-0.0001,0.3215,33.1259,-330.5405,-0.005611,0.0,0.0,-0.0,0.0,0.0,-0.0,0.0,-0.0,0.0,0.0,5,0,-1,23.12,Driving,False,-0.012,0.525,0.013,0.3,False,False,1,,,,NONE,False,Green,60.0
403,23.3881,18.45,370,Vehicle 1,vehicle,vehicle.tesla.model3,hero_0,33.1259,330.5405,0.0017,0.0,-0.0001,0.3215,33.1259,-330.5405,-0.005611,0.0,0.0,0.0,0.0,0.0,0.0,0.0,-0.0,0.0,-0.0,5,0,-1,23.12,Driving,False,-0.012,0.525,0.011,0.3,False,False,1,,,,NONE,False,Green,60.0
404,23.4381,18.5,370,Vehicle 1,vehicle,vehicle.tesla.model3,hero_0,33.1259,330.5405,0.0017,0.0,-0.0001,0.3215,33.1259,-330.5405,-0.005611,0.0,0.0,0.0,0.0,0.0,0.0,0.0,-0.0,0.0,-0.0,5,0,-1,23.12,Driving,False,-0.012,0.525,0.011,0.3,False,False,1,,,,NONE,False,Green,60.0
405,23.4881,18.55,370,Vehicle 1,vehicle,vehicle.tesla.model3,hero_0,33.1259,330.5405,0.0017,0.0,-0.0001,0.3215,33.1259,-330.5405,-0.005611,-0.0,-0.0,-0.0,0.0,-0.0,-0.0,-0.0,0.0,-0.0,-0.0,5,0,-1,23.12,Driving,False,-0.012,0.525,0.011,0.3,False,False,1,,,,NONE,False,Green,60.0
406,23.5381,18.6,370,Vehicle 1,vehicle,vehicle.tesla.model3,hero_0,33.1259,330.5405,0.0017,0.0,-0.0001,0.3215,33.1259,-330.5405,-0.005611,-0.0,-0.0,-0.0,0.0,0.0,0.0,0.0,0.0,-0.0,0.0,5,0,-1,23.12,Driving,False,-0.012,0.525,0.011,0.3,False,False,1,,,,NONE,False,Green,60.0
407,23.5881,18.65,370,Vehicle 1,vehicle,vehicle.tesla.model3,hero_0,33.1259,330.5405,0.0017,0.0,-0.0001,0.3215,33.1259,-330.5405,-0.005611,0.0,0.0,0.0,0.0,0.0,0.0,0.0,-0.0,0.0,0.0,5,0,-1,23.12,Driving,False,-0.012,0.525,0.012,0.3,False,False,1,,,,NONE,False,Green,60.0
408,23.6381,18.7,370,Vehicle 1,vehicle,vehicle.tesla.model3,hero_0,33.1259,330.5405,0.0017,0.0,-0.0001,0.3215,33.1259,-330.5405,-0.005611,-0.0,-0.0,-0.0,0.0,-0.0,-0.0,-0.0,0.0,-0.0,-0.0,5,0,-1,23.12,Driving,False,-0.012,0.525,0.012,0.3,False,False,1,,,,NONE,False,Green,60.0
409,23.6881,18.75,370,Vehicle 1,vehicle,vehicle.tesla.model3,hero_0,33.1259,330.5405,0.0017,0.0,-0.0001,0.3215,33.1259,-330.5405,-0.005611,0.0,-0.0,0.0,0.0,0.0,-0.0,0.0,0.0,0.0,0.0,5,0,-1,23.12,Driving,False,-0.012,0.525,0.012,0.3,False,False,1,,,,NONE,False,Green,60.0
410,23.7381,18.8,370,Vehicle 1,vehicle,vehicle.tesla.model3,hero_0,33.1259,330.5405,0.0017,0.0,-0.0001,0.3215,33.1259,-330.5405,-0.005611,0.0,-0.0,0.0,0.0,-0.0,0.0,0.0,0.0,0.0,0.0,5,0,-1,23.12,Driving,False,-0.012,0.525,0.012,0.3,False,False,1,,,,NONE,False,Green,60.0
411,23.7881,18.85,370,Vehicle 1,vehicle,vehicle.tesla.model3,hero_0,33.1259,330.5405,0.0017,0.0,-0.0001,0.3215,33.1259,-330.5405,-0.005611,-0.0,-0.0,0.0,0.0,-0.0,0.0,0.0,0.0,-0.0,-0.0,5,0,-1,23.12,Driving,False,-0.012,0.525,0.013,0.3,False,False,1,,,,NONE,False,Green,60.0
412,23.8381,18.9,370,Vehicle 1,vehicle,vehicle.tesla.model3,hero_0,33.1259,330.5405,0.0017,0.0,-0.0001,0.3215,33.1259,-330.5405,-0.005611,-0.0,-0.0,0.0,0.0,-0.0,-0.0,0.0,0.0,-0.0,0.0,5,0,-1,23.12,Driving,False,-0.012,0.525,0.013,0.3,False,False,1,,,,NONE,False,Green,60.0
413,23.8881,18.95,370,Vehicle 1,vehicle,vehicle.tesla.model3,hero_0,33.1259,330.5405,0.0017,0.0,-0.0001,0.3215,33.1259,-330.5405,-0.005611,-0.0,-0.0,-0.0,0.0,-0.0,-0.0,-0.0,0.0,-0.0,-0.0,5,0,-1,23.12,Driving,False,-0.012,0.525,0.013,0.3,False,False,1,,,,NONE,False,Green,60.0
414,23.9381,19.0,370,Vehicle 1,vehicle,vehicle.tesla.model3,hero_0,33.1259,330.5405,0.0017,0.0,-0.0001,0.3215,33.1259,-330.5405,-0.005611,-0.0,-0.0,-0.0,0.0,-0.0,-0.0,-0.0,0.0,-0.0,-0.0,5,0,-1,23.12,Driving,False,-0.012,0.525,0.013,0.3,False,False,1,,,,NONE,False,Green,60.0
415,23.9881,19.05,370,Vehicle 1,vehicle,vehicle.tesla.model3,hero_0,33.1259,330.5405,0.0017,0.0,-0.0001,0.3215,33.1259,-330.5405,-0.005611,0.0,0.0,-0.0,0.0,0.0,0.0,-0.0,-0.0,0.0,0.0,5,0,-1,23.12,Driving,False,-0.012,0.525,0.014,0.3,False,False,1,,,,NONE,False,Green,60.0
416,24.0381,19.1,370,Vehicle 1,vehicle,vehicle.tesla.model3,hero_0,33.1259,330.5405,0.0017,0.0,-0.0001,0.3215,33.1259,-330.5405,-0.005611,0.0,0.0,-0.0,0.0,-0.0,0.0,-0.0,-0.0,0.0,0.0,5,0,-1,23.12,Driving,False,-0.012,0.525,0.014,0.3,False,False,1,,,,NONE,False,Green,60.0
417,24.0881,19.15,370,Vehicle 1,vehicle,vehicle.tesla.model3,hero_0,33.1259,330.5405,0.0017,0.0,-0.0001,0.3215,33.1259,-330.5405,-0.005611,-0.0,0.0,-0.0,0.0,-0.0,-0.0,0.0,-0.0,-0.0,-0.0,5,0,-1,23.12,Driving,False,-0.012,0.525,0.014,0.3,False,False,1,,,,NONE,False,Green,60.0
418,24.1381,19.2,370,Vehicle 1,vehicle,vehicle.tesla.model3,hero_0,33.1259,330.5405,0.0017,0.0,-0.0001,0.3215,33.1259,-330.5405,-0.005611,-0.0,0.0,-0.0,0.0,-0.0,0.0,-0.0,-0.0,-0.0,-0.0,5,0,-1,23.12,Driving,False,-0.012,0.525,0.014,0.3,False,False,1,,,,NONE,False,Green,60.0
419,24.1881,19.25,370,Vehicle 1,vehicle,vehicle.tesla.model3,hero_0,33.1259,330.5405,0.0017,0.0,-0.0001,0.3215,33.1259,-330.5405,-0.005611,-0.0,-0.0,-0.0,0.0,-0.0,-0.0,-0.0,0.0,-0.0,-0.0,5,0,-1,23.12,Driving,False,-0.012,0.525,0.012,0.3,False,False,1,,,,NONE,False,Green,60.0
420,24.2381,19.3,370,Vehicle 1,vehicle,vehicle.tesla.model3,hero_0,33.1259,330.5405,0.0017,0.0,-0.0001,0.3215,33.1259,-330.5405,-0.005611,-0.0,0.0,-0.0,0.0,0.0,0.0,-0.0,-0.0,-0.0,-0.0,5,0,-1,23.12,Driving,False,-0.012,0.525,0.012,0.3,False,False,1,,,,NONE,False,Green,60.0
421,24.2881,19.35,370,Vehicle 1,vehicle,vehicle.tesla.model3,hero_0,33.1259,330.5405,0.0017,0.0,-0.0001,0.3215,33.1259,-330.5405,-0.005611,-0.0,0.0,-0.0,0.0,0.0,0.0,-0.0,-0.0,-0.0,-0.0,5,0,-1,23.12,Driving,False,-0.012,0.525,0.012,0.3,False,False,1,,,,NONE,False,Green,60.0
422,24.3381,19.4,370,Vehicle 1,vehicle,vehicle.tesla.model3,hero_0,33.1259,330.5405,0.0017,0.0,-0.0001,0.3215,33.1259,-330.5405,-0.005611,0.0,0.0,-0.0,0.0,0.0,-0.0,-0.0,-0.0,0.0,0.0,5,0,-1,23.12,Driving,False,-0.012,0.525,0.012,0.3,False,False,1,,,,NONE,False,Green,60.0
423,24.3881,19.45,370,Vehicle 1,vehicle,vehicle.tesla.model3,hero_0,33.1259,330.5405,0.0017,0.0,-0.0001,0.3215,33.1259,-330.5405,-0.005611,0.0,0.0,-0.0,0.0,0.0,0.0,0.0,-0.0,0.0,0.0,5,0,-1,23.12,Driving,False,-0.012,0.525,0.012,0.3,False,False,1,,,,NONE,False,Green,60.0
424,24.4381,19.5,370,Vehicle 1,vehicle,vehicle.tesla.model3,hero_0,33.1259,330.5405,0.0017,0.0,-0.0001,0.3215,33.1259,-330.5405,-0.005611,0.0,0.0,-0.0,0.0,0.0,0.0,-0.0,-0.0,0.0,0.0,5,0,-1,23.12,Driving,False,-0.012,0.525,0.012,0.3,False,False,1,,,,NONE,False,Green,60.0
425,24.4881,19.55,370,Vehicle 1,vehicle,vehicle.tesla.model3,hero_0,33.1259,330.5405,0.0017,0.0,-0.0001,0.3215,33.1259,-330.5405,-0.005611,0.0,0.0,-0.0,0.0,0.0,-0.0,0.0,-0.0,0.0,0.0,5,0,-1,23.12,Driving,False,-0.012,0.525,0.012,0.3,False,False,1,,,,NONE,False,Green,60.0
426,24.5381,19.6,370,Vehicle 1,vehicle,vehicle.tesla.model3,hero_0,33.1259,330.5405,0.0017,0.0,-0.0001,0.3215,33.1259,-330.5405,-0.005611,0.0,0.0,-0.0,0.0,-0.0,-0.0,0.0,-0.0,0.0,0.0,5,0,-1,23.12,Driving,False,-0.012,0.525,0.012,0.3,False,False,1,,,,NONE,False,Green,60.0
427,24.5881,19.65,370,Vehicle 1,vehicle,vehicle.tesla.model3,hero_0,33.1259,330.5405,0.0017,0.0,-0.0001,0.3215,33.1259,-330.5405,-0.005611,0.0,-0.0,-0.0,0.0,-0.0,-0.0,-0.0,-0.0,0.0,0.0,5,0,-1,23.12,Driving,False,-0.012,0.525,0.012,0.3,False,False,1,,,,NONE,False,Green,60.0
428,24.6381,19.7,370,Vehicle 1,vehicle,vehicle.tesla.model3,hero_0,33.1259,330.5405,0.0017,0.0,-0.0001,0.3215,33.1259,-330.5405,-0.005611,-0.0,-0.0,-0.0,0.0,-0.0,-0.0,-0.0,0.0,-0.0,-0.0,5,0,-1,23.12,Driving,False,-0.012,0.525,0.012,0.3,False,False,1,,,,NONE,False,Green,60.0
429,24.6881,19.75,370,Vehicle 1,vehicle,vehicle.tesla.model3,hero_0,33.1259,330.5405,0.0017,0.0,-0.0001,0.3215,33.1259,-330.5405,-0.005611,-0.0,0.0,-0.0,0.0,-0.0,0.0,-0.0,0.0,-0.0,-0.0,5,0,-1,23.12,Driving,False,-0.012,0.525,0.012,0.3,False,False,1,,,,NONE,False,Green,60.0
430,24.7381,19.8,370,Vehicle 1,vehicle,vehicle.tesla.model3,hero_0,33.1259,330.5405,0.0017,0.0,-0.0001,0.3215,33.1259,-330.5405,-0.005611,-0.0,0.0,-0.0,0.0,0.0,0.0,0.0,-0.0,-0.0,-0.0,5,0,-1,23.12,Driving,False,-0.012,0.525,0.012,0.3,False,False,1,,,,NONE,False,Green,60.0
431,24.7881,19.85,370,Vehicle 1,vehicle,vehicle.tesla.model3,hero_0,33.1259,330.5405,0.0017,0.0,-0.0001,0.3215,33.1259,-330.5405,-0.005611,0.0,0.0,-0.0,0.0,0.0,0.0,0.0,-0.0,0.0,0.0,5,0,-1,23.12,Driving,False,-0.012,0.525,0.013,0.3,False,False,1,,,,NONE,False,Green,60.0
432,24.8381,19.9,370,Vehicle 1,vehicle,vehicle.tesla.model3,hero_0,33.1259,330.5405,0.0017,0.0,-0.0001,0.3215,33.1259,-330.5405,-0.005611,-0.0,-0.0,-0.0,0.0,-0.0,-0.0,0.0,0.0,-0.0,0.0,5,0,-1,23.12,Driving,False,-0.012,0.525,0.013,0.3,False,False,1,,,,NONE,False,Green,60.0
433,24.8881,19.95,370,Vehicle 1,vehicle,vehicle.tesla.model3,hero_0,33.1259,330.5405,0.0017,0.0,-0.0001,0.3215,33.1259,-330.5405,-0.005611,-0.0,-0.0,-0.0,0.0,-0.0,0.0,0.0,0.0,-0.0,-0.0,5,0,-1,23.12,Driving,False,-0.012,0.525,0.013,0.3,False,False,1,,,,NONE,False,Green,60.0
434,24.9381,20.0,370,Vehicle 1,vehicle,vehicle.tesla.model3,hero_0,33.1259,330.5405,0.0017,0.0,-0.0001,0.3215,33.1259,-330.5405,-0.005611,-0.0,-0.0,-0.0,0.0,0.0,0.0,0.0,0.0,-0.0,-0.0,5,0,-1,23.12,Driving,False,-0.012,0.525,0.013,0.3,False,False,1,,,,NONE,False,Green,60.0
435,24.9881,20.05,370,Vehicle 1,vehicle,vehicle.tesla.model3,hero_0,33.1259,330.5405,0.0017,0.0,-0.0001,0.3215,33.1259,-330.5405,-0.005611,-0.0,-0.0,0.0,0.0,-0.0,-0.0,0.0,0.0,-0.0,0.0,5,0,-1,23.12,Driving,False,-0.012,0.525,0.011,0.3,False,False,1,,,,NONE,False,Green,60.0
436,25.0381,20.1,370,Vehicle 1,vehicle,vehicle.tesla.model3,hero_0,33.1259,330.5405,0.0017,0.0,-0.0001,0.3215,33.1259,-330.5405,-0.005611,-0.0,-0.0,-0.0,0.0,-0.0,-0.0,-0.0,0.0,-0.0,-0.0,5,0,-1,23.12,Driving,False,-0.012,0.525,0.011,0.3,False,False,1,,,,NONE,False,Green,60.0
437,25.0881,20.15,370,Vehicle 1,vehicle,vehicle.tesla.model3,hero_0,33.1259,330.5405,0.0017,0.0,-0.0001,0.3215,33.1259,-330.5405,-0.005611,0.0,0.0,-0.0,0.0,0.0,0.0,-0.0,-0.0,0.0,0.0,5,0,-1,23.12,Driving,False,-0.012,0.525,0.011,0.3,False,False,1,,,,NONE,False,Green,60.0
438,25.1381,20.2,370,Vehicle 1,vehicle,vehicle.tesla.model3,hero_0,33.1259,330.5405,0.0017,0.0,-0.0001,0.3215,33.1259,-330.5405,-0.005611,0.0,0.0,-0.0,0.0,-0.0,-0.0,0.0,-0.0,0.0,0.0,5,0,-1,23.12,Driving,False,-0.012,0.525,0.011,0.3,False,False,1,,,,NONE,False,Green,60.0
439,25.1881,20.25,370,Vehicle 1,vehicle,vehicle.tesla.model3,hero_0,33.1259,330.5405,0.0017,0.0,-0.0001,0.3215,33.1259,-330.5405,-0.005611,0.0,0.0,-0.0,0.0,-0.0,-0.0,0.0,-0.0,0.0,0.0,5,0,-1,23.12,Driving,False,-0.012,0.525,0.014,0.3,False,False,1,,,,NONE,False,Green,60.0
440,25.2381,20.3,370,Vehicle 1,vehicle,vehicle.tesla.model3,hero_0,33.1259,330.5405,0.0017,0.0,-0.0001,0.3215,33.1259,-330.5405,-0.005611,0.0,0.0,-0.0,0.0,-0.0,-0.0,0.0,-0.0,0.0,0.0,5,0,-1,23.12,Driving,False,-0.012,0.525,0.014,0.3,False,False,1,,,,NONE,False,Green,60.0
441,25.2881,20.35,370,Vehicle 1,vehicle,vehicle.tesla.model3,hero_0,33.1259,330.5405,0.0017,0.0,-0.0001,0.3215,33.1259,-330.5405,-0.005611,0.0,0.0,-0.0,0.0,-0.0,-0.0,0.0,-0.0,0.0,0.0,5,0,-1,23.12,Driving,False,-0.012,0.525,0.014,0.3,False,False,1,,,,NONE,False,Green,60.0
442,25.3381,20.4,370,Vehicle 1,vehicle,vehicle.tesla.model3,hero_0,33.1259,330.5405,0.0017,0.0,-0.0001,0.3215,33.1259,-330.5405,-0.005611,0.0,0.0,0.0,0.0,-0.0,-0.0,0.0,0.0,0.0,0.0,5,0,-1,23.12,Driving,False,-0.012,0.525,0.014,0.3,False,False,1,,,,NONE,False,Green,60.0
443,25.3881,20.45,370,Vehicle 1,vehicle,vehicle.tesla.model3,hero_0,33.1259,330.5405,0.0017,0.0,-0.0001,0.3215,33.1259,-330.5405,-0.005611,-0.0,-0.0,-0.0,0.0,-0.0,-0.0,-0.0,0.0,-0.0,-0.0,5,0,-1,23.12,Driving,False,-0.012,0.525,0.013,0.3,False,False,1,,,,NONE,False,Green,60.0
444,25.4381,20.5,370,Vehicle 1,vehicle,vehicle.tesla.model3,hero_0,33.1259,330.5405,0.0017,0.0,-0.0001,0.3215,33.1259,-330.5405,-0.005611,-0.0,-0.0,-0.0,0.0,-0.0,-0.0,-0.0,0.0,-0.0,-0.0,5,0,-1,23.12,Driving,False,-0.012,0.525,0.013,0.3,False,False,1,,,,NONE,False,Green,60.0
445,25.4881,20.55,370,Vehicle 1,vehicle,vehicle.tesla.model3,hero_0,33.1259,330.5405,0.0017,0.0,-0.0001,0.3215,33.1259,-330.5405,-0.005611,-0.0,0.0,-0.0,0.0,0.0,0.0,-0.0,0.0,-0.0,-0.0,5,0,-1,23.12,Driving,False,-0.012,0.525,0.013,0.3,False,False,1,,,,NONE,False,Green,60.0
446,25.5381,20.6,370,Vehicle 1,vehicle,vehicle.tesla.model3,hero_0,33.1259,330.5405,0.0017,0.0,-0.0001,0.3215,33.1259,-330.5405,-0.005611,-0.0,0.0,-0.0,0.0,0.0,0.0,-0.0,0.0,-0.0,-0.0,5,0,-1,23.12,Driving,False,-0.012,0.525,0.013,0.3,False,False,1,,,,NONE,False,Green,60.0
447,25.5881,20.65,370,Vehicle 1,vehicle,vehicle.tesla.model3,hero_0,33.1259,330.5405,0.0017,0.0,-0.0001,0.3215,33.1259,-330.5405,-0.005611,0.0,0.0,-0.0,0.0,0.0,0.0,-0.0,-0.0,0.0,0.0,5,0,-1,23.12,Driving,False,-0.012,0.525,0.013,0.3,False,False,1,,,,NONE,False,Green,60.0
448,25.6381,20.7,370,Vehicle 1,vehicle,vehicle.tesla.model3,hero_0,33.1259,330.5405,0.0017,0.0,-0.0001,0.3215,33.1259,-330.5405,-0.005611,0.0,0.0,0.0,0.0,0.0,-0.0,0.0,0.0,0.0,0.0,5,0,-1,23.12,Driving,False,-0.012,0.525,0.013,0.3,False,False,1,,,,NONE,False,Green,60.0
449,25.6881,20.75,370,Vehicle 1,vehicle,vehicle.tesla.model3,hero_0,33.1259,330.5405,0.0017,0.0,-0.0001,0.3215,33.1259,-330.5405,-0.005611,-0.0,-0.0,0.0,0.0,-0.0,-0.0,-0.0,0.0,-0.0,-0.0,5,0,-1,23.12,Driving,False,-0.012,0.525,0.013,0.3,False,False,1,,,,NONE,False,Green,60.0
450,25.7381,20.8,370,Vehicle 1,vehicle,vehicle.tesla.model3,hero_0,33.1259,330.5405,0.0017,0.0,-0.0001,0.3215,33.1259,-330.5405,-0.005611,0.0,0.0,-0.0,0.0,0.0,0.0,-0.0,-0.0,0.0,0.0,5,0,-1,23.12,Driving,False,-0.012,0.525,0.013,0.3,False,False,1,,,,NONE,False,Green,60.0
451,25.7881,20.85,370,Vehicle 1,vehicle,vehicle.tesla.model3,hero_0,33.1259,330.5405,0.0017,0.0,-0.0001,0.3215,33.1259,-330.5405,-0.005611,0.0,0.0,-0.0,0.0,-0.0,-0.0,0.0,-0.0,0.0,0.0,5,0,-1,23.12,Driving,False,-0.012,0.525,0.012,0.3,False,False,1,,,,NONE,False,Green,60.0
452,25.8381,20.9,370,Vehicle 1,vehicle,vehicle.tesla.model3,hero_0,33.1259,330.5405,0.0017,0.0,-0.0001,0.3215,33.1259,-330.5405,-0.005611,0.0,0.0,-0.0,0.0,0.0,0.0,0.0,-0.0,0.0,0.0,5,0,-1,23.12,Driving,False,-0.012,0.525,0.012,0.3,False,False,1,,,,NONE,False,Green,60.0
453,25.8881,20.95,370,Vehicle 1,vehicle,vehicle.tesla.model3,hero_0,33.1259,330.5405,0.0017,0.0,-0.0001,0.3215,33.1259,-330.5405,-0.005611,-0.0,-0.0,-0.0,0.0,-0.0,-0.0,-0.0,-0.0,-0.0,-0.0,5,0,-1,23.12,Driving,False,-0.012,0.525,0.012,0.3,False,False,1,,,,NONE,False,Green,60.0
454,25.9381,21.0,370,Vehicle 1,vehicle,vehicle.tesla.model3,hero_0,33.1259,330.5405,0.0017,0.0,-0.0001,0.3215,33.1259,-330.5405,-0.005611,-0.0,-0.0,-0.0,0.0,-0.0,-0.0,-0.0,0.0,-0.0,-0.0,5,0,-1,23.12,Driving,False,-0.012,0.525,0.012,0.3,False,False,1,,,,NONE,False,Green,60.0
455,25.9881,21.05,370,Vehicle 1,vehicle,vehicle.tesla.model3,hero_0,33.1259,330.5405,0.0017,0.0,-0.0001,0.3215,33.1259,-330.5405,-0.005611,-0.0,0.0,-0.0,0.0,0.0,0.0,-0.0,0.0,-0.0,-0.0,5,0,-1,23.12,Driving,False,-0.012,0.525,0.013,0.3,False,False,1,,,,NONE,False,Green,60.0
456,26.0381,21.1,370,Vehicle 1,vehicle,vehicle.tesla.model3,hero_0,33.1259,330.5405,0.0017,0.0,-0.0001,0.3215,33.1259,-330.5405,-0.005611,0.0,0.0,-0.0,0.0,0.0,0.0,0.0,-0.0,0.0,-0.0,5,0,-1,23.12,Driving,False,-0.012,0.525,0.013,0.3,False,False,1,,,,NONE,False,Green,60.0
457,26.0881,21.15,370,Vehicle 1,vehicle,vehicle.tesla.model3,hero_0,33.1259,330.5405,0.0017,0.0,-0.0001,0.3215,33.1259,-330.5405,-0.005611,0.0,0.0,-0.0,0.0,0.0,0.0,0.0,-0.0,0.0,0.0,5,0,-1,23.12,Driving,False,-0.012,0.525,0.013,0.3,False,False,1,,,,NONE,False,Green,60.0
458,26.1381,21.2,370,Vehicle 1,vehicle,vehicle.tesla.model3,hero_0,33.1259,330.5405,0.0017,0.0,-0.0001,0.3215,33.1259,-330.5405,-0.005611,-0.0,-0.0,-0.0,0.0,-0.0,-0.0,-0.0,-0.0,-0.0,-0.0,5,0,-1,23.12,Driving,False,-0.012,0.525,0.013,0.3,False,False,1,,,,NONE,False,Green,60.0
459,26.1881,21.25,370,Vehicle 1,vehicle,vehicle.tesla.model3,hero_0,33.1259,330.5405,0.0017,0.0,-0.0001,0.3215,33.1259,-330.5405,-0.005611,-0.0,-0.0,-0.0,0.0,0.0,-0.0,0.0,0.0,-0.0,-0.0,5,0,-1,23.12,Driving,False,-0.012,0.525,0.013,0.3,False,False,1,,,,NONE,False,Green,60.0
460,26.2381,21.3,370,Vehicle 1,vehicle,vehicle.tesla.model3,hero_0,33.1259,330.5405,0.0017,0.0,-0.0001,0.3215,33.1259,-330.5405,-0.005611,-0.0,0.0,-0.0,0.0,-0.0,0.0,0.0,0.0,-0.0,-0.0,5,0,-1,23.12,Driving,False,-0.012,0.525,0.013,0.3,False,False,1,,,,NONE,False,Green,60.0
461,26.2881,21.35,370,Vehicle 1,vehicle,vehicle.tesla.model3,hero_0,33.1259,330.5405,0.0017,0.0,-0.0001,0.3215,33.1259,-330.5405,-0.005611,0.0,0.0,-0.0,0.0,0.0,0.0,0.0,-0.0,0.0,0.0,5,0,-1,23.12,Driving,False,-0.012,0.525,0.013,0.3,False,False,1,,,,NONE,False,Green,60.0
462,26.3381,21.4,370,Vehicle 1,vehicle,vehicle.tesla.model3,hero_0,33.1259,330.5405,0.0017,0.0,-0.0001,0.3215,33.1259,-330.5405,-0.005611,-0.0,-0.0,-0.0,0.0,-0.0,-0.0,-0.0,-0.0,-0.0,-0.0,5,0,-1,23.12,Driving,False,-0.012,0.525,0.013,0.3,False,False,1,,,,NONE,False,Green,60.0
463,26.3881,21.45,370,Vehicle 1,vehicle,vehicle.tesla.model3,hero_0,33.1259,330.5405,0.0017,0.0,-0.0001,0.3215,33.1259,-330.5405,-0.005611,-0.0,-0.0,-0.0,0.0,-0.0,0.0,-0.0,0.0,-0.0,-0.0,5,0,-1,23.12,Driving,False,-0.012,0.525,0.013,0.3,False,False,1,,,,NONE,False,Green,60.0
464,26.4381,21.5,370,Vehicle 1,vehicle,vehicle.tesla.model3,hero_0,33.1259,330.5405,0.0017,0.0,-0.0001,0.3215,33.1259,-330.5405,-0.005611,-0.0,0.0,-0.0,0.0,0.0,0.0,0.0,-0.0,-0.0,-0.0,5,0,-1,23.12,Driving,False,-0.012,0.525,0.013,0.3,False,False,1,,,,NONE,False,Green,60.0
465,26.4881,21.55,370,Vehicle 1,vehicle,vehicle.tesla.model3,hero_0,33.1259,330.5405,0.0017,0.0,-0.0001,0.3215,33.1259,-330.5405,-0.005611,0.0,0.0,-0.0,0.0,0.0,0.0,0.0,-0.0,0.0,0.0,5,0,-1,23.12,Driving,False,-0.012,0.525,0.013,0.3,False,False,1,,,,NONE,False,Green,60.0
466,26.5381,21.6,370,Vehicle 1,vehicle,vehicle.tesla.model3,hero_0,33.1259,330.5405,0.0017,0.0,-0.0001,0.3215,33.1259,-330.5405,-0.005611,-0.0,-0.0,-0.0,0.0,-0.0,-0.0,-0.0,-0.0,-0.0,-0.0,5,0,-1,23.12,Driving,False,-0.012,0.525,0.013,0.3,False,False,1,,,,NONE,False,Green,60.0
467,26.5881,21.65,370,Vehicle 1,vehicle,vehicle.tesla.model3,hero_0,33.1259,330.5405,0.0017,0.0,-0.0001,0.3215,33.1259,-330.5405,-0.005611,-0.0,-0.0,-0.0,0.0,-0.0,0.0,-0.0,0.0,-0.0,-0.0,5,0,-1,23.12,Driving,False,-0.012,0.525,0.012,0.3,False,False,1,,,,NONE,False,Green,60.0
468,26.6381,21.7,370,Vehicle 1,vehicle,vehicle.tesla.model3,hero_0,33.1259,330.5405,0.0017,0.0,-0.0001,0.3215,33.1259,-330.5405,-0.005611,0.0,-0.0,-0.0,0.0,0.0,-0.0,0.0,-0.0,0.0,-0.0,5,0,-1,23.12,Driving,False,-0.012,0.525,0.012,0.3,False,False,1,,,,NONE,False,Green,60.0
469,26.6881,21.75,370,Vehicle 1,vehicle,vehicle.tesla.model3,hero_0,33.1259,330.5405,0.0017,0.0,-0.0001,0.3215,33.1259,-330.5405,-0.005611,0.0,0.0,-0.0,0.0,-0.0,0.0,-0.0,-0.0,0.0,-0.0,5,0,-1,23.12,Driving,False,-0.012,0.525,0.012,0.3,False,False,1,,,,NONE,False,Green,60.0
470,26.7381,21.8,370,Vehicle 1,vehicle,vehicle.tesla.model3,hero_0,33.1259,330.5405,0.0017,0.0,-0.0001,0.3215,33.1259,-330.5405,-0.005611,0.0,0.0,-0.0,0.0,-0.0,0.0,0.0,-0.0,0.0,-0.0,5,0,-1,23.12,Driving,False,-0.012,0.525,0.012,0.3,False,False,1,,,,NONE,False,Green,60.0
471,26.7881,21.85,370,Vehicle 1,vehicle,vehicle.tesla.model3,hero_0,33.1259,330.5405,0.0017,0.0,-0.0001,0.3215,33.1259,-330.5405,-0.005611,-0.0,-0.0,-0.0,0.0,-0.0,-0.0,0.0,0.0,-0.0,-0.0,5,0,-1,23.12,Driving,False,-0.012,0.525,0.014,0.3,False,False,1,,,,NONE,False,Green,60.0
472,26.8381,21.9,370,Vehicle 1,vehicle,vehicle.tesla.model3,hero_0,33.1259,330.5405,0.0017,0.0,-0.0001,0.3215,33.1259,-330.5405,-0.005611,-0.0,-0.0,-0.0,0.0,0.0,-0.0,-0.0,-0.0,-0.0,-0.0,5,0,-1,23.12,Driving,False,-0.012,0.525,0.014,0.3,False,False,1,,,,NONE,False,Green,60.0
473,26.8881,21.95,370,Vehicle 1,vehicle,vehicle.tesla.model3,hero_0,33.1259,330.5405,0.0017,0.0,-0.0001,0.3215,33.1259,-330.5405,-0.005611,-0.0,0.0,-0.0,0.0,-0.0,0.0,-0.0,-0.0,-0.0,-0.0,5,0,-1,23.12,Driving,False,-0.012,0.525,0.014,0.3,False,False,1,,,,NONE,False,Green,60.0
474,26.9381,22.0,370,Vehicle 1,vehicle,vehicle.tesla.model3,hero_0,33.1259,330.5405,0.0017,0.0,-0.0001,0.3215,33.1259,-330.5405,-0.005611,0.0,0.0,-0.0,0.0,0.0,0.0,0.0,-0.0,0.0,-0.0,5,0,-1,23.12,Driving,False,-0.012,0.525,0.014,0.3,False,False,1,,,,NONE,False,Green,60.0
475,26.9881,22.05,370,Vehicle 1,vehicle,vehicle.tesla.model3,hero_0,33.1259,330.5405,0.0017,0.0,-0.0001,0.3215,33.1259,-330.5405,-0.005611,-0.0,-0.0,-0.0,0.0,-0.0,-0.0,-0.0,-0.0,-0.0,-0.0,5,0,-1,23.12,Driving,False,-0.012,0.525,0.013,0.3,False,False,1,,,,NONE,False,Green,60.0
476,27.0381,22.1,370,Vehicle 1,vehicle,vehicle.tesla.model3,hero_0,33.1259,330.5405,0.0017,0.0,-0.0001,0.3215,33.1259,-330.5405,-0.005611,0.0,0.0,-0.0,0.0,0.0,0.0,0.0,-0.0,0.0,0.0,5,0,-1,23.12,Driving,False,-0.012,0.525,0.013,0.3,False,False,1,,,,NONE,False,Green,60.0
477,27.0881,22.15,370,Vehicle 1,vehicle,vehicle.tesla.model3,hero_0,33.1259,330.5405,0.0017,0.0,-0.0001,0.3215,33.1259,-330.5405,-0.005611,-0.0,-0.0,-0.0,0.0,-0.0,-0.0,-0.0,0.0,-0.0,-0.0,5,0,-1,23.12,Driving,False,-0.012,0.525,0.013,0.3,False,False,1,,,,NONE,False,Green,60.0
478,27.1381,22.2,370,Vehicle 1,vehicle,vehicle.tesla.model3,hero_0,33.1259,330.5405,0.0017,0.0,-0.0001,0.3215,33.1259,-330.5405,-0.005611,0.0,0.0,-0.0,0.0,0.0,0.0,-0.0,-0.0,0.0,-0.0,5,0,-1,23.12,Driving,False,-0.012,0.525,0.013,0.3,False,False,1,,,,NONE,False,Green,60.0
479,27.1881,22.25,370,Vehicle 1,vehicle,vehicle.tesla.model3,hero_0,33.1259,330.5405,0.0017,0.0,-0.0001,0.3215,33.1259,-330.5405,-0.005611,-0.0,-0.0,-0.0,0.0,-0.0,-0.0,-0.0,0.0,-0.0,-0.0,5,0,-1,23.12,Driving,False,-0.012,0.525,0.013,0.3,False,False,1,,,,NONE,False,Green,60.0
480,27.2381,22.3,370,Vehicle 1,vehicle,vehicle.tesla.model3,hero_0,33.1259,330.5405,0.0017,0.0,-0.0001,0.3215,33.1259,-330.5405,-0.005611,-0.0,0.0,-0.0,0.0,-0.0,0.0,-0.0,-0.0,-0.0,-0.0,5,0,-1,23.12,Driving,False,-0.012,0.525,0.013,0.3,False,False,1,,,,NONE,False,Green,60.0
481,27.2881,22.35,370,Vehicle 1,vehicle,vehicle.tesla.model3,hero_0,33.1259,330.5405,0.0017,0.0,-0.0001,0.3215,33.1259,-330.5405,-0.005611,0.0,0.0,-0.0,0.0,0.0,0.0,0.0,-0.0,0.0,0.0,5,0,-1,23.12,Driving,False,-0.012,0.525,0.013,0.3,False,False,1,,,,NONE,False,Green,60.0
482,27.3381,22.4,370,Vehicle 1,vehicle,vehicle.tesla.model3,hero_0,33.1259,330.5405,0.0017,0.0,-0.0001,0.3215,33.1259,-330.5405,-0.005611,-0.0,-0.0,-0.0,0.0,-0.0,-0.0,-0.0,0.0,-0.0,-0.0,5,0,-1,23.12,Driving,False,-0.012,0.525,0.013,0.3,False,False,1,,,,NONE,False,Green,60.0
483,27.3881,22.45,370,Vehicle 1,vehicle,vehicle.tesla.model3,hero_0,33.1259,330.5405,0.0017,0.0,-0.0001,0.3215,33.1259,-330.5405,-0.005611,-0.0,0.0,-0.0,0.0,0.0,0.0,-0.0,-0.0,-0.0,-0.0,5,0,-1,23.12,Driving,False,-0.012,0.525,0.013,0.3,False,False,1,,,,NONE,False,Green,60.0
484,27.4381,22.5,370,Vehicle 1,vehicle,vehicle.tesla.model3,hero_0,33.1259,330.5405,0.0017,0.0,-0.0001,0.3215,33.1259,-330.5405,-0.005611,0.0,0.0,0.0,0.0,0.0,-0.0,0.0,0.0,0.0,0.0,5,0,-1,23.12,Driving,False,-0.012,0.525,0.013,0.3,False,False,1,,,,NONE,False,Green,60.0
485,27.4881,22.55,370,Vehicle 1,vehicle,vehicle.tesla.model3,hero_0,33.1259,330.5405,0.0017,0.0,-0.0001,0.3215,33.1259,-330.5405,-0.005611,-0.0,0.0,-0.0,0.0,-0.0,0.0,-0.0,-0.0,-0.0,-0.0,5,0,-1,23.12,Driving,False,-0.012,0.525,0.013,0.3,False,False,1,,,,NONE,False,Green,60.0
486,27.5381,22.6,370,Vehicle 1,vehicle,vehicle.tesla.model3,hero_0,33.1259,330.5405,0.0017,0.0,-0.0001,0.3215,33.1259,-330.5405,-0.005611,-0.0,-0.0,-0.0,0.0,-0.0,-0.0,-0.0,-0.0,-0.0,-0.0,5,0,-1,23.12,Driving,False,-0.012,0.525,0.013,0.3,False,False,1,,,,NONE,False,Green,60.0
487,27.5881,22.65,370,Vehicle 1,vehicle,vehicle.tesla.model3,hero_0,33.1259,330.5405,0.0017,0.0,-0.0001,0.3215,33.1259,-330.5405,-0.005611,-0.0,0.0,-0.0,0.0,-0.0,0.0,-0.0,-0.0,-0.0,-0.0,5,0,-1,23.12,Driving,False,-0.012,0.525,0.014,0.3,False,False,1,,,,NONE,False,Green,60.0
488,27.6381,22.7,370,Vehicle 1,vehicle,vehicle.tesla.model3,hero_0,33.1259,330.5405,0.0017,0.0,-0.0001,0.3215,33.1259,-330.5405,-0.005611,0.0,-0.0,-0.0,0.0,0.0,-0.0,-0.0,-0.0,0.0,-0.0,5,0,-1,23.12,Driving,False,-0.012,0.525,0.014,0.3,False,False,1,,,,NONE,False,Green,60.0
489,27.6881,22.75,370,Vehicle 1,vehicle,vehicle.tesla.model3,hero_0,33.1259,330.5405,0.0017,0.0,-0.0001,0.3215,33.1259,-330.5405,-0.005611,-0.0,-0.0,-0.0,0.0,-0.0,0.0,-0.0,0.0,-0.0,-0.0,5,0,-1,23.12,Driving,False,-0.012,0.525,0.014,0.3,False,False,1,,,,NONE,False,Green,60.0
490,27.7381,22.8,370,Vehicle 1,vehicle,vehicle.tesla.model3,hero_0,33.1259,330.5405,0.0017,0.0,-0.0001,0.3215,33.1259,-330.5405,-0.005611,0.0,0.0,-0.0,0.0,0.0,0.0,0.0,-0.0,-0.0,-0.0,5,0,-1,23.12,Driving,False,-0.012,0.525,0.014,0.3,False,False,1,,,,NONE,False,Green,60.0
491,27.7881,22.85,370,Vehicle 1,vehicle,vehicle.tesla.model3,hero_0,33.1259,330.5405,0.0017,0.0,-0.0001,0.3215,33.1259,-330.5405,-0.005611,-0.0,-0.0,-0.0,0.0,-0.0,-0.0,-0.0,-0.0,-0.0,-0.0,5,0,-1,23.12,Driving,False,-0.012,0.525,0.011,0.3,False,False,1,,,,NONE,False,Green,60.0
492,27.8381,22.9,370,Vehicle 1,vehicle,vehicle.tesla.model3,hero_0,33.1259,330.5405,0.0017,0.0,-0.0001,0.3215,33.1259,-330.5405,-0.005611,-0.0,0.0,-0.0,0.0,-0.0,0.0,-0.0,-0.0,-0.0,-0.0,5,0,-1,23.12,Driving,False,-0.012,0.525,0.011,0.3,False,False,1,,,,NONE,False,Green,60.0
493,27.8881,22.95,370,Vehicle 1,vehicle,vehicle.tesla.model3,hero_0,33.1259,330.5405,0.0017,0.0,-0.0001,0.3215,33.1259,-330.5405,-0.005611,0.0,0.0,-0.0,0.0,0.0,0.0,0.0,-0.0,0.0,0.0,5,0,-1,23.12,Driving,False,-0.012,0.525,0.011,0.3,False,False,1,,,,NONE,False,Green,60.0
494,27.9381,23.0,370,Vehicle 1,vehicle,vehicle.tesla.model3,hero_0,33.1259,330.5405,0.0017,0.0,-0.0001,0.3215,33.1259,-330.5405,-0.005611,-0.0,-0.0,-0.0,0.0,-0.0,-0.0,-0.0,0.0,-0.0,-0.0,5,0,-1,23.12,Driving,False,-0.012,0.525,0.011,0.3,False,False,1,,,,NONE,False,Green,60.0
495,27.9881,23.05,370,Vehicle 1,vehicle,vehicle.tesla.model3,hero_0,33.1259,330.5405,0.0017,0.0,-0.0001,0.3215,33.1259,-330.5405,-0.005611,-0.0,0.0,-0.0,0.0,0.0,0.0,-0.0,-0.0,-0.0,-0.0,5,0,-1,23.12,Driving,False,-0.012,0.525,0.014,0.3,False,False,1,,,,NONE,False,Green,60.0
496,28.0381,23.1,370,Vehicle 1,vehicle,vehicle.tesla.model3,hero_0,33.1259,330.5405,0.0017,0.0,-0.0001,0.3215,33.1259,-330.5405,-0.005611,0.0,-0.0,-0.0,0.0,0.0,-0.0,-0.0,-0.0,0.0,-0.0,5,0,-1,23.12,Driving,False,-0.012,0.525,0.014,0.3,False,False,1,,,,NONE,False,Green,60.0
497,28.0881,23.15,370,Vehicle 1,vehicle,vehicle.tesla.model3,hero_0,33.1259,330.5405,0.0017,0.0,-0.0001,0.3215,33.1259,-330.5405,-0.005611,-0.0,-0.0,-0.0,0.0,-0.0,-0.0,-0.0,0.0,-0.0,-0.0,5,0,-1,23.12,Driving,False,-0.012,0.525,0.014,0.3,False,False,1,,,,NONE,False,Green,60.0
498,28.1381,23.2,370,Vehicle 1,vehicle,vehicle.tesla.model3,hero_0,33.1259,330.5405,0.0017,0.0,-0.0001,0.3215,33.1259,-330.5405,-0.005611,-0.0,0.0,-0.0,0.0,0.0,0.0,-0.0,-0.0,-0.0,-0.0,5,0,-1,23.12,Driving,False,-0.012,0.525,0.014,0.3,False,False,1,,,,NONE,False,Green,60.0
499,28.1881,23.25,370,Vehicle 1,vehicle,vehicle.tesla.model3,hero_0,33.1259,330.5405,0.0017,0.0,-0.0001,0.3215,33.1259,-330.5405,-0.005611,0.0,0.0,-0.0,0.0,0.0,0.0,0.0,-0.0,0.0,0.0,5,0,-1,23.12,Driving,False,-0.012,0.525,0.013,0.3,False,False,1,,,,NONE,False,Green,60.0
500,28.2381,23.3,370,Vehicle 1,vehicle,vehicle.tesla.model3,hero_0,33.1259,330.5405,0.0017,0.0,-0.0001,0.3215,33.1259,-330.5405,-0.005611,-0.0,-0.0,-0.0,0.0,-0.0,-0.0,-0.0,-0.0,-0.0,-0.0,5,0,-1,23.12,Driving,False,-0.012,0.525,0.013,0.3,False,False,1,,,,NONE,False,Green,60.0
501,28.2881,23.35,370,Vehicle 1,vehicle,vehicle.tesla.model3,hero_0,33.1259,330.5405,0.0017,0.0,-0.0001,0.3215,33.1259,-330.5405,-0.005611,-0.0,-0.0,-0.0,0.0,0.0,-0.0,0.0,0.0,-0.0,-0.0,5,0,-1,23.12,Driving,False,-0.012,0.525,0.013,0.3,False,False,1,,,,NONE,False,Green,60.0
502,28.3381,23.4,370,Vehicle 1,vehicle,vehicle.tesla.model3,hero_0,33.1259,330.5405,0.0017,0.0,-0.0001,0.3215,33.1259,-330.5405,-0.005611,0.0,0.0,-0.0,0.0,0.0,0.0,0.0,-0.0,0.0,-0.0,5,0,-1,23.12,Driving,False,-0.012,0.525,0.013,0.3,False,False,1,,,,NONE,False,Green,60.0
503,28.3881,23.45,370,Vehicle 1,vehicle,vehicle.tesla.model3,hero_0,33.1259,330.5405,0.0017,0.0,-0.0001,0.3215,33.1259,-330.5405,-0.005611,0.0,-0.0,-0.0,0.0,-0.0,-0.0,-0.0,-0.0,0.0,-0.0,5,0,-1,23.12,Driving,False,-0.012,0.525,0.012,0.3,False,False,1,,,,NONE,False,Green,60.0
504,28.4381,23.5,370,Vehicle 1,vehicle,vehicle.tesla.model3,hero_0,33.1259,330.5405,0.0017,0.0,-0.0001,0.3215,33.1259,-330.5405,-0.005611,-0.0,0.0,-0.0,0.0,-0.0,0.0,-0.0,0.0,-0.0,-0.0,5,0,-1,23.12,Driving,False,-0.012,0.525,0.012,0.3,False,False,1,,,,NONE,False,Green,60.0
505,28.4881,23.55,370,Vehicle 1,vehicle,vehicle.tesla.model3,hero_0,33.1259,330.5405,0.0017,0.0,-0.0001,0.3215,33.1259,-330.5405,-0.005611,0.0,0.0,-0.0,0.0,0.0,0.0,0.0,-0.0,0.0,0.0,5,0,-1,23.12,Driving,False,-0.012,0.525,0.012,0.3,False,False,1,,,,NONE,False,Green,60.0
506,28.5381,23.6,370,Vehicle 1,vehicle,vehicle.tesla.model3,hero_0,33.1259,330.5405,0.0017,0.0,-0.0001,0.3215,33.1259,-330.5405,-0.005611,-0.0,-0.0,-0.0,0.0,-0.0,-0.0,-0.0,0.0,-0.0,-0.0,5,0,-1,23.12,Driving,False,-0.012,0.525,0.012,0.3,False,False,1,,,,NONE,False,Green,60.0
507,28.5881,23.65,370,Vehicle 1,vehicle,vehicle.tesla.model3,hero_0,33.1259,330.5405,0.0017,0.0,-0.0001,0.3215,33.1259,-330.5405,-0.005611,-0.0,0.0,-0.0,0.0,0.0,0.0,-0.0,-0.0,-0.0,-0.0,5,0,-1,23.12,Driving,False,-0.012,0.525,0.012,0.3,False,False,1,,,,NONE,False,Green,60.0
508,28.6381,23.7,370,Vehicle 1,vehicle,vehicle.tesla.model3,hero_0,33.1259,330.5405,0.0017,0.0,-0.0001,0.3215,33.1259,-330.5405,-0.005611,0.0,-0.0,-0.0,0.0,0.0,-0.0,-0.0,-0.0,0.0,-0.0,5,0,-1,23.12,Driving,False,-0.012,0.525,0.012,0.3,False,False,1,,,,NONE,False,Green,60.0
509,28.6881,23.75,370,Vehicle 1,vehicle,vehicle.tesla.model3,hero_0,33.1259,330.5405,0.0017,0.0,-0.0001,0.3215,33.1259,-330.5405,-0.005611,-0.0,-0.0,-0.0,0.0,-0.0,-0.0,-0.0,0.0,-0.0,-0.0,5,0,-1,23.12,Driving,False,-0.012,0.525,0.012,0.3,False,False,1,,,,NONE,False,Green,60.0
510,28.7381,23.8,370,Vehicle 1,vehicle,vehicle.tesla.model3,hero_0,33.1259,330.5405,0.0017,0.0,-0.0001,0.3215,33.1259,-330.5405,-0.005611,0.0,-0.0,-0.0,0.0,0.0,0.0,0.0,-0.0,0.0,-0.0,5,0,-1,23.12,Driving,False,-0.012,0.525,0.012,0.3,False,False,1,,,,NONE,False,Green,60.0
511,28.7881,23.85,370,Vehicle 1,vehicle,vehicle.tesla.model3,hero_0,33.1259,330.5405,0.0017,0.0,-0.0001,0.3215,33.1259,-330.5405,-0.005611,-0.0,0.0,-0.0,0.0,-0.0,0.0,-0.0,0.0,-0.0,-0.0,5,0,-1,23.12,Driving,False,-0.012,0.525,0.012,0.3,False,False,1,,,,NONE,False,Green,60.0
