tcp_step,frame,t_rel,match_err_m,world_x,world_y,world_yaw_deg,speed,steer,throttle,brake,wp_4_x,wp_4_y,wp_3_x,wp_3_y,wp_2_x,wp_2_y,wp_1_x,wp_1_y,aim_x,aim_y,target_x,target_y,desired_speed,angle,angle_last,angle_target,angle_final,delta,agent,theta,gps_x,gps_y,steer_ctrl,steer_traj,throttle_ctrl,throttle_traj,brake_ctrl,brake_traj,status
0,34,0.0,0.0,17.009000778198242,330.5433044433594,0.03142249956727028,,,,,,,,,,,,,,,,,,,,,,,,,,,,,,,,,
1,35,0.05,0.0,17.009000778198242,330.5433044433594,0.03142251819372177,,,,,,,,,,,,,,,,,,,,,,,,,,,,,,,,,
2,36,0.1,0.0,17.009000778198242,330.5433044433594,0.03142251819372177,,,,,,,,,,,,,,,,,,,,,,,,,,,,,,,,,
3,37,0.15,0.0,17.009000778198242,330.5433044433594,0.03142251819372177,,,,,,,,,,,,,,,,,,,,,,,,,,,,,,,,,
4,38,0.2,0.0,17.009000778198242,330.5433044433594,0.03142251819372177,0.0,4.482681545363265e-05,0.75,0.0,-0.029159199446439743,5.861618995666504,-0.011836770921945572,3.083616018295288,0.003188434988260269,1.1328485012054443,0.0029798373579978943,0.1120106428861618,-0.011836770921945572,3.083616018295288,0.000506929587572813,12.557458877563477,3.8331467310587564,-0.0024437177305841984,-0.0039695819911650465,2.5699218338522855e-05,2.5699218338522855e-05,0.25,traj,6.283689335980688,-326.5909968588116,77.01101695066772,0.039038777351379395,4.482681545363265e-05,1.0,0.75,0.0,0.0,0
5,39,0.25,0.0,17.00899887084961,330.5433044433594,0.03142249956727028,0.0,5.812585155596379e-06,0.75,0.0,-0.0234094075858593,6.983508110046387,-0.02053508535027504,4.0653862953186035,0.00332723930478096,1.7845362424850464,0.005802534520626068,0.2861454486846924,0.00332723930478096,1.7845362424850464,0.00019121757941320539,12.400457382202148,4.464993794759114,0.0011869831592222462,-0.0006270391933423624,9.838001265937692e-06,9.838001265937692e-06,0.25,traj,3.14214821259049,-330.5627675085421,25.00897601675279,0.02990281581878662,5.812585155596379e-06,1.0,0.75,0.0,0.0,0
6,40,0.3,0.0,17.008996963500977,330.5433044433594,0.03142249211668968,0.0,5.812585155596379e-06,0.75,0.0,-0.0234094075858593,6.983508110046387,-0.02053508535027504,4.0653862953186035,0.00332723930478096,1.7845362424850464,0.005802534520626068,0.2861454486846924,0.00332723930478096,1.7845362424850464,0.00019121757941320539,12.400457382202148,4.464993794759114,0.0011869831592222462,-0.0006270391933423624,9.838001265937692e-06,9.838001265937692e-06,0.25,traj,3.14214821259049,-330.5627675085421,25.00897601675279,0.02990281581878662,5.812585155596379e-06,1.0,0.75,0.0,0.0,0
7,41,0.35,0.0,17.008996963500977,330.5433044433594,0.03142246603965759,0.0,5.812585155596379e-06,0.75,0.0,-0.0234094075858593,6.983508110046387,-0.02053508535027504,4.0653862953186035,0.00332723930478096,1.7845362424850464,0.005802534520626068,0.2861454486846924,0.00332723930478096,1.7845362424850464,0.00019121757941320539,12.400457382202148,4.464993794759114,0.0011869831592222462,-0.0006270391933423624,9.838001265937692e-06,9.838001265937692e-06,0.25,traj,3.14214821259049,-330.5627675085421,25.00897601675279,0.02990281581878662,5.812585155596379e-06,1.0,0.75,0.0,0.0,0
8,42,0.4,0.0,17.008996963500977,330.5433044433594,0.031422458589076996,9.100837701225828e-07,4.4604170196544936e-05,0.75,0.0,-0.0215749628841877,5.778858184814453,-0.008536677807569504,3.0340495109558105,0.00462711974978447,1.1110756397247314,0.004493527114391327,0.11072147637605667,-0.008536677807569504,3.0340495109558105,0.0005069257458671927,12.557466506958008,3.7788085142771406,-0.0017912069918756468,-0.0030239802460721703,2.5699218338522855e-05,2.5699218338522855e-05,0.25,traj,6.283689335980688,-326.5909968588116,77.01102458006227,0.052657485008239746,4.4604170196544936e-05,1.0,0.75,0.0,0.0,0
9,43,0.45,0.0,17.008996963500977,330.5433044433594,0.031422458589076996,1.0033321586888633e-06,5.589939898508662e-06,0.75,0.0,-0.008826274424791336,6.949624061584473,-0.013727616518735886,4.042026519775391,0.008471723645925522,1.7508745193481445,0.005431316792964935,0.25257202982902527,0.008471723645925522,1.7508745193481445,0.00019121651712339371,12.400459289550781,4.464777787526448,0.0030803115971497807,0.0010731466730553672,9.838001265937692e-06,9.838001265937692e-06,0.25,traj,3.14214821259049,-330.5627675085421,25.008974109404154,0.04112207889556885,5.589939898508662e-06,1.0,0.75,0.0,0.0,0
10,44,0.5,0.0,17.008996963500977,330.5433044433594,0.031422458589076996,1.0033321586888633e-06,5.589939898508662e-06,0.75,0.0,-0.008826274424791336,6.949624061584473,-0.013727616518735886,4.042026519775391,0.008471723645925522,1.7508745193481445,0.005431316792964935,0.25257202982902527,0.008471723645925522,1.7508745193481445,0.00019121651712339371,12.400459289550781,4.464777787526448,0.0030803115971497807,0.0010731466730553672,9.838001265937692e-06,9.838001265937692e-06,0.25,traj,3.14214821259049,-330.5627675085421,25.008974109404154,0.04112207889556885,5.589939898508662e-06,1.0,0.75,0.0,0.0,0
11,45,0.55,0.0,17.008995056152344,330.5433044433594,0.031422458589076996,1.0033321586888633e-06,5.589939898508662e-06,0.75,0.0,-0.008826274424791336,6.949624061584473,-0.013727616518735886,4.042026519775391,0.008471723645925522,1.7508745193481445,0.005431316792964935,0.25257202982902527,0.008471723645925522,1.7508745193481445,0.00019121651712339371,12.400459289550781,4.464777787526448,0.0030803115971497807,0.0010731466730553672,9.838001265937692e-06,9.838001265937692e-06,0.25,traj,3.14214821259049,-330.5627675085421,25.008974109404154,0.04112207889556885,5.589939898508662e-06,1.0,0.75,0.0,0.0,0
12,46,0.6,0.0,17.008995056152344,330.5433044433594,0.031422458589076996,2.964088992030156e-07,4.440286928061351e-05,0.75,0.0,-0.013788465410470963,6.159796714782715,-0.008210834115743637,3.3863978385925293,0.0020708851516246796,1.362657070159912,0.001348249614238739,0.15385748445987701,-0.008210834115743637,3.3863978385925293,0.0005069257458671927,12.557466506958008,4.003980875015259,-0.0015435746889672956,-0.001280308841958693,2.5699218338522855e-05,2.5699218338522855e-05,0.25,traj,6.283689335980688,-326.5909968588116,77.01102458006227,0.047803282737731934,4.440286928061351e-05,1.0,0.75,0.0,0.0,0
13,47,0.65,0.0,17.008995056152344,330.5433044433594,0.031422458589076996,3.0644216053588025e-07,5.36587168534386e-06,0.75,0.0,-0.009189162403345108,7.101865768432617,-0.01805230602622032,4.184469223022461,0.0032562874257564545,1.8861502408981323,0.003944091498851776,0.3326668441295624,0.0032562874257564545,1.8861502408981323,0.00019121545483358204,12.400461196899414,4.5128739674886065,0.0010991013919014157,0.0019340540724400856,9.838001265937692e-06,9.838001265937692e-06,0.25,traj,3.14214821259049,-330.5627675085421,25.00897220205552,0.027348756790161133,5.36587168534386e-06,1.0,0.75,0.0,0.0,0
14,48,0.7,0.0,17.008995056152344,330.5433044433594,0.031422458589076996,3.0644216053588025e-07,5.36587168534386e-06,0.75,0.0,-0.009189162403345108,7.101865768432617,-0.01805230602622032,4.184469223022461,0.0032562874257564545,1.8861502408981323,0.003944091498851776,0.3326668441295624,0.0032562874257564545,1.8861502408981323,0.00019121545483358204,12.400461196899414,4.5128739674886065,0.0010991013919014157,0.0019340540724400856,9.838001265937692e-06,9.838001265937692e-06,0.25,traj,3.14214821259049,-330.5627675085421,25.00897220205552,0.027348756790161133,5.36587168534386e-06,1.0,0.75,0.0,0.0,0
15,49,0.75,0.0,17.008995056152344,330.5433044433594,0.031422458589076996,3.0644216053588025e-07,5.36587168534386e-06,0.75,0.0,-0.009189162403345108,7.101865768432617,-0.01805230602622032,4.184469223022461,0.0032562874257564545,1.8861502408981323,0.003944091498851776,0.3326668441295624,0.0032562874257564545,1.8861502408981323,0.00019121545483358204,12.400461196899414,4.5128739674886065,0.0010991013919014157,0.0019340540724400856,9.838001265937692e-06,9.838001265937692e-06,0.25,traj,3.14214821259049,-330.5627675085421,25.00897220205552,0.027348756790161133,5.36587168534386e-06,1.0,0.75,0.0,0.0,0
16,50,0.8,0.0,17.008995056152344,330.5433044433594,0.031422458589076996,1.084522480709893e-07,4.4178801067448706e-05,0.75,0.0,-0.011185310781002045,5.771997451782227,-0.00045762956142425537,3.074852228164673,0.008137829601764679,1.1634913682937622,0.006726942956447601,0.10013788193464279,-0.00045762956142425537,3.074852228164673,0.0005069257458671927,12.557466506958008,3.7812674045562744,-9.473978402603531e-05,-0.0025320548438496964,2.5699218338522855e-05,2.5699218338522855e-05,0.25,traj,6.283689335980688,-326.5909968588116,77.01102458006227,0.06661343574523926,4.4178801067448706e-05,1.0,0.75,0.0,0.0,0
17,51,0.85,0.0,17.008995056152344,330.5433044433594,0.031422458589076996,1.2790437153853418e-07,5.141803472179057e-06,0.75,0.0,-0.017107386142015457,6.940608024597168,-0.019494276493787766,4.023959159851074,0.0017618052661418915,1.740596055984497,0.003438137471675873,0.2428446114063263,0.0017618052661418915,1.740596055984497,0.00019121545483358204,12.400461196899414,4.465242862701416,0.0006443625751601222,0.0005209638241552252,9.838001265937692e-06,9.838001265937692e-06,0.25,traj,3.14214821259049,-330.5627675085421,25.00897220205552,0.03374826908111572,5.141803472179057e-06,1.0,0.75,0.0,0.0,0
18,52,0.9,0.0,17.008995056152344,330.5433044433594,0.031422458589076996,1.2790437153853418e-07,5.141803472179057e-06,0.75,0.0,-0.017107386142015457,6.940608024597168,-0.019494276493787766,4.023959159851074,0.0017618052661418915,1.740596055984497,0.003438137471675873,0.2428446114063263,0.0017618052661418915,1.740596055984497,0.00019121545483358204,12.400461196899414,4.465242862701416,0.0006443625751601222,0.0005209638241552252,9.838001265937692e-06,9.838001265937692e-06,0.25,traj,3.14214821259049,-330.5627675085421,25.00897220205552,0.03374826908111572,5.141803472179057e-06,1.0,0.75,0.0,0.0,0
19,53,0.95,0.0,17.008995056152344,330.5433044433594,0.031422458589076996,1.2790437153853418e-07,5.141803472179057e-06,0.75,0.0,-0.017107386142015457,6.940608024597168,-0.019494276493787766,4.023959159851074,0.0017618052661418915,1.740596055984497,0.003438137471675873,0.2428446114063263,0.0017618052661418915,1.740596055984497,0.00019121545483358204,12.400461196899414,4.465242862701416,0.0006443625751601222,0.0005209638241552252,9.838001265937692e-06,9.838001265937692e-06,0.25,traj,3.14214821259049,-330.5627675085421,25.00897220205552,0.03374826908111572,5.141803472179057e-06,1.0,0.75,0.0,0.0,0
20,54,1.0,0.0,17.008995056152344,330.5433044433594,0.031422458589076996,2.385073827326778e-08,4.39547328542839e-05,0.75,0.0,-0.016785912215709686,5.83444881439209,-0.005811259150505066,3.1121697425842285,0.005202524363994598,1.180070161819458,0.007707379758358002,0.10827267915010452,-0.005811259150505066,3.1121697425842285,0.0005069257458671927,12.557466506958008,3.817488511403402,-0.0011887084160897442,-0.002566433462672094,2.5699218338522855e-05,2.5699218338522855e-05,0.25,traj,6.283689335980688,-326.5909968588116,77.01102458006227,0.04898500442504883,4.39547328542839e-05,1.0,0.75,0.0,0.0,0
21,55,1.05,0.0,17.008995056152344,330.5433044433594,0.031422458589076996,4.371381834289423e-08,4.917735259014255e-06,0.75,0.0,-0.012021731585264206,6.786126136779785,-0.014805648475885391,3.886241912841797,0.0031096376478672028,1.6388206481933594,0.0018341168761253357,0.18935886025428772,0.0031096376478672028,1.6388206481933594,0.00019121545483358204,12.400461196899414,4.39789358774821,0.00120800496366773,0.0006111982121901714,9.838001265937692e-06,9.838001265937692e-06,0.25,traj,3.14214821259049,-330.5627675085421,25.00897220205552,0.03797638416290283,4.917735259014255e-06,1.0,0.75,0.0,0.0,0
22,56,1.1,0.0,17.008995056152344,330.5433044433594,0.031422458589076996,4.371381834289423e-08,4.917735259014255e-06,0.75,0.0,-0.012021731585264206,6.786126136779785,-0.014805648475885391,3.886241912841797,0.0031096376478672028,1.6388206481933594,0.0018341168761253357,0.18935886025428772,0.0031096376478672028,1.6388206481933594,0.00019121545483358204,12.400461196899414,4.39789358774821,0.00120800496366773,0.0006111982121901714,9.838001265937692e-06,9.838001265937692e-06,0.25,traj,3.14214821259049,-330.5627675085421,25.00897220205552,0.03797638416290283,4.917735259014255e-06,1.0,0.75,0.0,0.0,0
23,57,1.15,0.0,17.008995056152344,330.5433044433594,0.031422458589076996,4.371381834289423e-08,4.917735259014255e-06,0.75,0.0,-0.012021731585264206,6.786126136779785,-0.014805648475885391,3.886241912841797,0.0031096376478672028,1.6388206481933594,0.0018341168761253357,0.18935886025428772,0.0031096376478672028,1.6388206481933594,0.00019121545483358204,12.400461196899414,4.39789358774821,0.00120800496366773,0.0006111982121901714,9.838001265937692e-06,9.838001265937692e-06,0.25,traj,3.14214821259049,-330.5627675085421,25.00897220205552,0.03797638416290283,4.917735259014255e-06,1.0,0.75,0.0,0.0,0
24,58,1.2,0.0,17.008995056152344,330.5433044433594,0.031422458589076996,4.726981472913394e-09,4.37306646411191e-05,0.75,0.0,-1.216307282447815e-05,5.867525100708008,0.0030676163733005524,3.1702795028686523,0.010183658450841904,1.2426068782806396,0.005169115960597992,0.1192694827914238,0.0030676163733005524,3.1702795028686523,0.0005069257458671927,12.557466506958008,3.8321877320607505,0.0006159793446091804,-0.0007269117372061043,2.5699218338522855e-05,2.5699218338522855e-05,0.25,traj,6.283689335980688,-326.5909968588116,77.01102458006227,0.06607711315155029,4.37306646411191e-05,1.0,0.75,0.0,0.0,0
25,59,1.25,0.0,17.008995056152344,330.5433044433594,0.031422458589076996,1.8114985067541056e-09,4.693667045849453e-06,0.75,0.0,-0.0030333325266838074,6.840332984924316,-0.008896872401237488,3.9195919036865234,0.008529894053936005,1.6409101486206055,0.007030956447124481,0.16783344745635986,0.008529894053936005,1.6409101486206055,0.00019121545483358204,12.400461196899414,4.448381821314494,0.0033092747163267636,0.0012780523481557497,9.838001265937692e-06,9.838001265937692e-06,0.25,traj,3.14214821259049,-330.5627675085421,25.00897220205552,0.03803277015686035,4.693667045849453e-06,1.0,0.75,0.0,0.0,0
26,60,1.3,0.0,17.008995056152344,330.5433044433594,0.031422458589076996,1.8114985067541056e-09,4.693667045849453e-06,0.75,0.0,-0.0030333325266838074,6.840332984924316,-0.008896872401237488,3.9195919036865234,0.008529894053936005,1.6409101486206055,0.007030956447124481,0.16783344745635986,0.008529894053936005,1.6409101486206055,0.00019121545483358204,12.400461196899414,4.448381821314494,0.0033092747163267636,0.0012780523481557497,9.838001265937692e-06,9.838001265937692e-06,0.25,traj,3.14214821259049,-330.5627675085421,25.00897220205552,0.03803277015686035,4.693667045849453e-06,1.0,0.75,0.0,0.0,0
27,61,1.35,0.0,17.008995056152344,330.5433044433594,0.031422458589076996,1.8114985067541056e-09,4.693667045849453e-06,0.75,0.0,-0.0030333325266838074,6.840332984924316,-0.008896872401237488,3.9195919036865234,0.008529894053936005,1.6409101486206055,0.007030956447124481,0.16783344745635986,0.008529894053936005,1.6409101486206055,0.00019121545483358204,12.400461196899414,4.448381821314494,0.0033092747163267636,0.0012780523481557497,9.838001265937692e-06,9.838001265937692e-06,0.25,traj,3.14214821259049,-330.5627675085421,25.00897220205552,0.03803277015686035,4.693667045849453e-06,1.0,0.75,0.0,0.0,0
28,62,1.4,0.0,17.008995056152344,330.5433044433594,0.031422458589076996,1.4985699792191554e-08,4.350659642795429e-05,0.75,0.0,-0.007390294224023819,5.9761152267456055,-0.003955688327550888,3.254504680633545,0.004588749259710312,1.2972458600997925,0.004190228879451752,0.13237781822681427,-0.003955688327550888,3.254504680633545,0.0005069257458671927,12.557466506958008,3.8958388169606524,-0.0007737364785160806,-0.0008034098559102471,2.5699218338522855e-05,2.5699218338522855e-05,0.25,traj,6.283689335980688,-326.5909968588116,77.01102458006227,0.051859259605407715,4.350659642795429e-05,1.0,0.75,0.0,0.0,0
29,63,1.45,0.0,17.008995056152344,330.5433044433594,0.031422458589076996,8.056399103395506e-09,4.46959883268465e-06,0.75,0.0,-0.018332887440919876,7.024954319000244,-0.022783350199460983,4.043834209442139,0.001599680632352829,1.7094132900238037,0.004332147538661957,0.19376181066036224,0.001599680632352829,1.7094132900238037,0.00019121545483358204,12.400461196899414,4.554217020670572,0.0005957164500714759,0.0009504309409674715,9.838001265937692e-06,9.838001265937692e-06,0.25,traj,3.14214821259049,-330.5627675085421,25.00897220205552,0.02284073829650879,4.46959883268465e-06,1.0,0.75,0.0,0.0,0
30,64,1.5,0.0,17.008995056152344,330.5433044433594,0.031422458589076996,8.056399103395506e-09,4.46959883268465e-06,0.75,0.0,-0.018332887440919876,7.024954319000244,-0.022783350199460983,4.043834209442139,0.001599680632352829,1.7094132900238037,0.004332147538661957,0.19376181066036224,0.001599680632352829,1.7094132900238037,0.00019121545483358204,12.400461196899414,4.554217020670572,0.0005957164500714759,0.0009504309409674715,9.838001265937692e-06,9.838001265937692e-06,0.25,traj,3.14214821259049,-330.5627675085421,25.00897220205552,0.02284073829650879,4.46959883268465e-06,1.0,0.75,0.0,0.0,0
31,65,1.55,0.0,17.008995056152344,330.5433044433594,0.031422458589076996,8.056399103395506e-09,4.46959883268465e-06,0.75,0.0,-0.018332887440919876,7.024954319000244,-0.022783350199460983,4.043834209442139,0.001599680632352829,1.7094132900238037,0.004332147538661957,0.19376181066036224,0.001599680632352829,1.7094132900238037,0.00019121545483358204,12.400461196899414,4.554217020670572,0.0005957164500714759,0.0009504309409674715,9.838001265937692e-06,9.838001265937692e-06,0.25,traj,3.14214821259049,-330.5627675085421,25.00897220205552,0.02284073829650879,4.46959883268465e-06,1.0,0.75,0.0,0.0,0
32,66,1.6,0.0,17.008995056152344,330.5433044433594,0.031422458589076996,0.972470223903656,-0.00019817746554985502,0.75,0.0,-0.0001238808035850525,7.007410526275635,-0.008250400424003601,4.169075965881348,-0.002252928912639618,1.971906065940857,-0.004058249294757843,0.5261967182159424,-0.002252928912639618,1.971906065940857,-0.003935057204216719,12.51021671295166,4.3208229541778564,-0.0007272911921599939,0.0018227219889688777,-0.00020022826120734335,-0.00020022826120734335,0.25,traj,6.284012154736791,-326.5905695937693,76.96377573966583,0.045836806297302246,-0.00019817746554985502,1.0,0.75,0.0,0.0,0
33,67,1.65,0.0,17.008995056152344,330.5433044433594,0.031422458589076996,0.9812971949577332,-0.00017891595266691167,0.75,0.0,-0.022526899352669716,8.786482810974121,-0.030859412625432014,5.634676933288574,-0.011301139369606972,2.9700167179107666,0.0039892420172691345,0.9621639847755432,-0.011301139369606972,2.9700167179107666,-0.0030588621739298105,12.353595733642578,5.216306527455648,-0.0024223923621756027,0.001683006674946728,-0.0001575775243901526,-0.0001575775243901526,0.25,traj,3.142401055493627,-330.56292010365206,25.05583766537623,-0.004336059093475342,-0.00017891595266691167,1.0,0.75,0.0,0.0,0
34,68,1.7,0.0,17.008995056152344,330.5433044433594,0.031422458589076996,0.9812971949577332,-0.00017891595266691167,0.75,0.0,-0.022526899352669716,8.786482810974121,-0.030859412625432014,5.634676933288574,-0.011301139369606972,2.9700167179107666,0.0039892420172691345,0.9621639847755432,-0.011301139369606972,2.9700167179107666,-0.0030588621739298105,12.353595733642578,5.216306527455648,-0.0024223923621756027,0.001683006674946728,-0.0001575775243901526,-0.0001575775243901526,0.25,traj,3.142401055493627,-330.56292010365206,25.05583766537623,-0.004336059093475342,-0.00017891595266691167,1.0,0.75,0.0,0.0,0
35,69,1.75,0.0,17.008995056152344,330.5433044433594,0.031422458589076996,0.9812971949577332,-0.00017891595266691167,0.75,0.0,-0.022526899352669716,8.786482810974121,-0.030859412625432014,5.634676933288574,-0.011301139369606972,2.9700167179107666,0.0039892420172691345,0.9621639847755432,-0.011301139369606972,2.9700167179107666,-0.0030588621739298105,12.353595733642578,5.216306527455648,-0.0024223923621756027,0.001683006674946728,-0.0001575775243901526,-0.0001575775243901526,0.25,traj,3.142401055493627,-330.56292010365206,25.05583766537623,-0.004336059093475342,-0.00017891595266691167,1.0,0.75,0.0,0.0,0
36,70,1.8,0.0,17.008995056152344,330.5433044433594,0.031422458589076996,1.97000253200531,-0.0012192273775523546,0.75,0.0,-0.03224864602088928,9.114065170288086,-0.027963809669017792,6.085558891296387,-0.013826638460159302,3.418781042098999,0.0023753270506858826,1.3141734600067139,-0.013826638460159302,3.418781042098999,-0.022003982216119766,12.197071075439453,5.1999963124593105,-0.0025746296896761093,-0.00090070210608754,-0.001148486190977447,-0.001148486190977447,0.25,traj,6.285289601483617,-326.5878228833717,76.65065012888749,0.007924318313598633,-0.0012192273775523546,1.0,0.75,0.0,0.0,0
37,71,1.85,0.0,17.008995056152344,330.5433044433594,0.031422458589076996,2.040950298309326,-0.0003920612075626844,0.75,0.0,-0.019267722964286804,9.847288131713867,-0.018628306686878204,6.816925525665283,-0.007237374782562256,3.9426841735839844,-0.002479828894138336,1.4840689897537231,-0.002479828894138336,1.4840689897537231,-0.0063019124791026115,12.036632537841797,5.575497468312581,-0.001063715954278511,-0.00013427899022133135,-0.0003332651680410362,-0.0003332651680410362,0.25,traj,3.142694310345922,-330.5628895849465,25.372798954260393,-0.019748270511627197,-0.0003920612075626844,1.0,0.75,0.0,0.0,0
38,72,1.9,0.0,17.008995056152344,330.5433044433594,0.031422458589076996,2.040950298309326,-0.0003920612075626844,0.75,0.0,-0.019267722964286804,9.847288131713867,-0.018628306686878204,6.816925525665283,-0.007237374782562256,3.9426841735839844,-0.002479828894138336,1.4840689897537231,-0.002479828894138336,1.4840689897537231,-0.0063019124791026115,12.036632537841797,5.575497468312581,-0.001063715954278511,-0.00013427899022133135,-0.0003332651680410362,-0.0003332651680410362,0.25,traj,3.142694310345922,-330.5628895849465,25.372798954260393,-0.019748270511627197,-0.0003920612075626844,1.0,0.75,0.0,0.0,0
39,73,1.95,0.0,17.008995056152344,330.5433044433594,0.031422458589076996,2.040950298309326,-0.0003920612075626844,0.75,0.0,-0.019267722964286804,9.847288131713867,-0.018628306686878204,6.816925525665283,-0.007237374782562256,3.9426841735839844,-0.002479828894138336,1.4840689897537231,-0.002479828894138336,1.4840689897537231,-0.0063019124791026115,12.036632537841797,5.575497468312581,-0.001063715954278511,-0.00013427899022133135,-0.0003332651680410362,-0.0003332651680410362,0.25,traj,3.142694310345922,-330.5628895849465,25.372798954260393,-0.019748270511627197,-0.0003920612075626844,1.0,0.75,0.0,0.0,0
40,74,2.0,0.0,17.008995056152344,330.5433044433594,0.031422458589076996,2.562753677368164,-0.0004596071301623718,0.75,0.0,-0.008668188005685806,9.727850914001465,-0.004296448081731796,6.64544677734375,-0.002482522279024124,3.846351146697998,0.0014257952570915222,1.551981806755066,-0.002482522279024124,3.846351146697998,-0.02794349193572998,11.739903450012207,5.4505839347839355,-0.0004109016516068477,-0.0009029029448200997,-0.0015152673494071317,-0.0004109016516068477,0.25,traj,6.285734490552221,-326.586144341908,76.1934968079519,-0.006504714488983154,-0.0004596071301623718,1.0,0.75,0.0,0.0,0
41,75,2.05,0.0,17.008995056152344,330.5433044433594,0.031422458589076996,2.655078411102295,0.0004091278557072115,0.75,0.0,0.005817558616399765,10.286684036254883,0.0008012689650058746,7.219705104827881,-0.0025735534727573395,4.249068737030029,-0.004564531147480011,1.673717737197876,-0.004564531147480011,1.673717737197876,0.007816600613296032,11.565824508666992,5.7419819831848145,-0.0017361860235616553,0.001041272456928641,0.0004302740901756115,0.0004302740901756115,0.25,traj,3.141613439717565,-330.5617909020531,25.8436069840769,-0.029211878776550293,0.0004091278557072115,1.0,0.75,0.0,0.0,0
42,76,2.1,0.0,17.008995056152344,330.5433044433594,0.031422458589076996,2.655078411102295,0.0004091278557072115,0.75,0.0,0.005817558616399765,10.286684036254883,0.0008012689650058746,7.219705104827881,-0.0025735534727573395,4.249068737030029,-0.004564531147480011,1.673717737197876,-0.004564531147480011,1.673717737197876,0.007816600613296032,11.565824508666992,5.7419819831848145,-0.0017361860235616553,0.001041272456928641,0.0004302740901756115,0.0004302740901756115,0.25,traj,3.141613439717565,-330.5617909020531,25.8436069840769,-0.029211878776550293,0.0004091278557072115,1.0,0.75,0.0,0.0,0
43,77,2.15,0.0,17.008995056152344,330.5433044433594,0.031422458589076996,2.655078411102295,0.0004091278557072115,0.75,0.0,0.005817558616399765,10.286684036254883,0.0008012689650058746,7.219705104827881,-0.0025735534727573395,4.249068737030029,-0.004564531147480011,1.673717737197876,-0.004564531147480011,1.673717737197876,0.007816600613296032,11.565824508666992,5.7419819831848145,-0.0017361860235616553,0.001041272456928641,0.0004302740901756115,0.0004302740901756115,0.25,traj,3.141613439717565,-330.5617909020531,25.8436069840769,-0.029211878776550293,0.0004091278557072115,1.0,0.75,0.0,0.0,0
44,78,2.2,0.0,17.008995056152344,330.5433044433594,0.031422458589076996,3.119746208190918,0.0008145123895521621,0.75,0.0,-0.0004307366907596588,10.364057540893555,0.006375793367624283,7.359710693359375,0.00693700835108757,4.436787128448486,0.0022793039679527283,1.8576887845993042,0.0022793039679527283,1.8576887845993042,-0.022491488605737686,11.168617248535156,5.670920372009277,0.0007811181405419332,-0.0014422602162787732,-0.0012819784437558073,0.0007811181405419332,0.25,traj,6.285302952924047,-326.58532032894686,75.6222001152787,-0.002212345600128174,0.0008145123895521621,1.0,0.75,0.0,0.0,0
45,79,2.25,0.0,17.008995056152344,330.5433044433594,0.031422458589076996,3.1646909713745117,0.0019612854986804547,0.75,0.0,0.030241478234529495,10.553167343139648,0.03555956110358238,7.560815811157227,0.026252467185258865,4.627413272857666,0.0107186958193779,1.9462860822677612,0.0107186958193779,1.9462860822677612,0.03212170675396919,10.982829093933105,5.737963835398356,0.003505984164423131,-0.001131410718052415,0.001861957631201062,0.001861957631201062,0.25,traj,3.139668301739965,-330.5588610778399,26.426561391609738,-0.015872597694396973,0.0019612854986804547,1.0,0.75,0.0,0.0,0
46,80,2.3,0.0,17.008995056152344,330.5433044433594,0.031422458589076996,3.1646909713745117,0.0019612854986804547,0.75,0.0,0.030241478234529495,10.553167343139648,0.03555956110358238,7.560815811157227,0.026252467185258865,4.627413272857666,0.0107186958193779,1.9462860822677612,0.0107186958193779,1.9462860822677612,0.03212170675396919,10.982829093933105,5.737963835398356,0.003505984164423131,-0.001131410718052415,0.001861957631201062,0.001861957631201062,0.25,traj,3.139668301739965,-330.5588610778399,26.426561391609738,-0.015872597694396973,0.0019612854986804547,1.0,0.75,0.0,0.0,0
47,81,2.35,0.0,17.008995056152344,330.5433044433594,0.031422458589076996,3.1646909713745117,0.0019612854986804547,0.75,0.0,0.030241478234529495,10.553167343139648,0.03555956110358238,7.560815811157227,0.026252467185258865,4.627413272857666,0.0107186958193779,1.9462860822677612,0.0107186958193779,1.9462860822677612,0.03212170675396919,10.982829093933105,5.737963835398356,0.003505984164423131,-0.001131410718052415,0.001861957631201062,0.001861957631201062,0.25,traj,3.139668301739965,-330.5588610778399,26.426561391609738,-0.015872597694396973,0.0019612854986804547,1.0,0.75,0.0,0.0,0
48,82,2.4,0.0,17.008995056152344,330.5433044433594,0.031422458589076996,3.663027048110962,-0.0013685412893186966,0.75,0.0,-0.027200885117053986,10.722329139709473,-0.011214226484298706,7.7352423667907715,-0.001590631902217865,4.804369926452637,-0.008138306438922882,2.108856439590454,-0.008138306438922882,2.108856439590454,-0.02153579331934452,10.487504005432129,5.742359479268392,-0.0024567709809980003,-0.003407077967519108,-0.0013072501436848546,-0.0013072501436848546,0.25,traj,6.285227135815893,-326.58403853065585,74.94108591757302,-0.028596162796020508,-0.0013685412893186966,1.0,0.75,0.0,0.0,0
49,83,2.45,0.0,17.008995056152344,330.5433044433594,0.031422458589076996,3.6859471797943115,0.002957703376879534,0.75,0.0,0.03678613156080246,10.922639846801758,0.04270276427268982,8.020280838012695,0.040424175560474396,5.1029253005981445,0.01966717094182968,2.2693748474121094,0.01966717094182968,2.2693748474121094,0.0450478233397007,10.29670238494873,5.768898804982503,0.005517019529047219,-0.0012977637698376146,0.0027851715340144524,0.0027851715340144524,0.25,traj,3.138581113019262,-330.55580918196836,27.112640417813406,0.022634387016296387,0.002957703376879534,1.0,0.75,0.0,0.0,0
50,84,2.5,0.0,17.008995056152344,330.5433044433594,0.031422458589076996,3.6859471797943115,0.002957703376879534,0.75,0.0,0.03678613156080246,10.922639846801758,0.04270276427268982,8.020280838012695,0.040424175560474396,5.1029253005981445,0.01966717094182968,2.2693748474121094,0.01966717094182968,2.2693748474121094,0.0450478233397007,10.29670238494873,5.768898804982503,0.005517019529047219,-0.0012977637698376146,0.0027851715340144524,0.0027851715340144524,0.25,traj,3.138581113019262,-330.55580918196836,27.112640417813406,0.022634387016296387,0.002957703376879534,1.0,0.75,0.0,0.0,0
51,85,2.55,0.0,17.008995056152344,330.5433044433594,0.031422458589076996,3.6859471797943115,0.002957703376879534,0.75,0.0,0.03678613156080246,10.922639846801758,0.04270276427268982,8.020280838012695,0.040424175560474396,5.1029253005981445,0.01966717094182968,2.2693748474121094,0.01966717094182968,2.2693748474121094,0.0450478233397007,10.29670238494873,5.768898804982503,0.005517019529047219,-0.0012977637698376146,0.0027851715340144524,0.0027851715340144524,0.25,traj,3.138581113019262,-330.55580918196836,27.112640417813406,0.022634387016296387,0.002957703376879534,1.0,0.75,0.0,0.0,0
52,86,2.6,0.0,17.008995056152344,330.5433044433594,0.031422458589076996,4.190675258636475,0.00029275850772311925,0.75,0.0,-0.0405702218413353,10.873015403747559,-0.016083136200904846,7.956037521362305,0.002836160361766815,5.099760055541992,0.000818990170955658,2.3498315811157227,0.000818990170955658,2.3498315811157227,0.007369729224592447,9.699139595031738,5.6822333335876465,0.00022187742949944465,-0.005344043725143946,0.0004837013476832668,0.00022187742949944465,0.25,traj,6.282664612927709,-326.58648005083353,74.15270243261175,-0.020115375518798828,0.00029275850772311925,0.9490358829498291,0.75,0.0,0.0,0
53,87,2.65,0.0,17.008995056152344,330.5433044433594,0.031422458589076996,4.199365139007568,0.0014463219632512667,0.75,0.0,0.005728334188461304,11.238524436950684,0.021056093275547028,8.309338569641113,0.02763332426548004,5.356151103973389,0.013022743165493011,2.465183973312378,0.013022743165493011,2.465183973312378,0.019693801179528236,9.50594711303711,5.848949909210205,0.003363005537797531,-0.0033312628677319663,0.0013188817011942704,0.0013188817011942704,0.25,traj,3.140869335332189,-330.5570299396842,27.903472938422546,0.031905531883239746,0.0014463219632512667,1.0,0.75,0.0,0.0,0
54,88,2.7,0.0,17.008995056152344,330.5433044433594,0.031422458589076996,4.199365139007568,0.0014463219632512667,0.75,0.0,0.005728334188461304,11.238524436950684,0.021056093275547028,8.309338569641113,0.02763332426548004,5.356151103973389,0.013022743165493011,2.465183973312378,0.013022743165493011,2.465183973312378,0.019693801179528236,9.50594711303711,5.848949909210205,0.003363005537797531,-0.0033312628677319663,0.0013188817011942704,0.0013188817011942704,0.25,traj,3.140869335332189,-330.5570299396842,27.903472938422546,0.031905531883239746,0.0014463219632512667,1.0,0.75,0.0,0.0,0
55,89,2.75,0.0,17.008995056152344,330.5433044433594,0.031422458589076996,4.199365139007568,0.0014463219632512667,0.75,0.0,0.005728334188461304,11.238524436950684,0.021056093275547028,8.309338569641113,0.02763332426548004,5.356151103973389,0.013022743165493011,2.465183973312378,0.013022743165493011,2.465183973312378,0.019693801179528236,9.50594711303711,5.848949909210205,0.003363005537797531,-0.0033312628677319663,0.0013188817011942704,0.0013188817011942704,0.25,traj,3.140869335332189,-330.5570299396842,27.903472938422546,0.031905531883239746,0.0014463219632512667,1.0,0.75,0.0,0.0,0
56,90,2.8,0.0,17.008995056152344,330.5433044433594,0.031422458589076996,4.69382905960083,0.002330038874232981,0.75,0.0,-0.012499980628490448,11.117056846618652,0.010573044419288635,8.335550308227539,0.022777579724788666,5.459995269775391,0.015435837209224701,2.579301357269287,0.015435837209224701,2.579301357269287,0.0290776789188385,8.807792663574219,5.691924254099527,0.0038097758005071424,-0.005280750638835162,0.0021016972710685097,0.0021016972710685097,0.25,traj,6.280604676404272,-326.5905085547761,73.26139841528362,-0.013765990734100342,0.002330038874232981,0.7786672115325928,0.75,0.0,0.0,0
57,91,2.85,0.0,17.008995056152344,330.5433044433594,0.031422458589076996,4.699789047241211,0.0011722179341221925,0.75,0.0,0.024517856538295746,11.564865112304688,0.008305579423904419,8.642366409301758,0.005005247890949249,5.662408351898193,0.004231639206409454,2.685748338699341,0.004231639206409454,2.685748338699341,-0.01604328490793705,8.613330841064453,5.919442494710286,0.0010030233975765696,0.00353155942831529,-0.0011857486674494053,0.0010030233975765696,0.25,traj,3.1443410674717764,-330.5622181686774,28.796089211611825,-0.01849120855331421,0.0011722179341221925,0.8571430444717407,0.75,0.0,0.0,0
58,92,2.9,0.0,17.008995056152344,330.5433044433594,0.031422458589076996,4.699789047241211,0.0011722179341221925,0.75,0.0,0.024517856538295746,11.564865112304688,0.008305579423904419,8.642366409301758,0.005005247890949249,5.662408351898193,0.004231639206409454,2.685748338699341,0.004231639206409454,2.685748338699341,-0.01604328490793705,8.613330841064453,5.919442494710286,0.0010030233975765696,0.00353155942831529,-0.0011857486674494053,0.0010030233975765696,0.25,traj,3.1443410674717764,-330.5622181686774,28.796089211611825,-0.01849120855331421,0.0011722179341221925,0.8571430444717407,0.75,0.0,0.0,0
59,93,2.95,0.0,17.008995056152344,330.5433044433594,0.031422458589076996,4.699789047241211,0.0011722179341221925,0.75,0.0,0.024517856538295746,11.564865112304688,0.008305579423904419,8.642366409301758,0.005005247890949249,5.662408351898193,0.004231639206409454,2.685748338699341,0.004231639206409454,2.685748338699341,-0.01604328490793705,8.613330841064453,5.919442494710286,0.0010030233975765696,0.00353155942831529,-0.0011857486674494053,0.0010030233975765696,0.25,traj,3.1443410674717764,-330.5622181686774,28.796089211611825,-0.01849120855331421,0.0011722179341221925,0.8571430444717407,0.75,0.0,0.0,0
60,94,3.0,0.0,17.008995056152344,330.5433044433594,0.031422458589076996,5.17010498046875,0.003557819449873702,0.75,0.0,0.08329556882381439,10.75448226928711,0.08166717737913132,8.12987232208252,0.06773252785205841,5.4106903076171875,0.03699507564306259,2.6782572269439697,0.03699507564306259,2.6782572269439697,0.039254456758499146,7.817589282989502,5.384289423624675,0.008793157709939225,0.00039498477946387894,0.0031966524860123314,0.0031966524860123314,0.21418444315592478,traj,6.279549912610326,-326.5949948456306,72.27124033287937,0.03428816795349121,0.003557819449873702,0.5849164724349976,0.75,0.0,0.0,0
61,95,3.05,0.0,17.008995056152344,330.5433044433594,0.031422458589076996,5.175722122192383,-0.00038112076239503256,0.75,0.0,0.023326829075813293,11.513785362243652,0.036831311881542206,8.615737915039062,0.03398109972476959,5.698578834533691,0.023404352366924286,2.772090196609497,0.023404352366924286,2.772090196609497,-0.006267450749874115,7.6220550537109375,5.827831427256267,0.00537472392133862,-0.0029665307660532857,-0.0005234479909305024,-0.0005234479909305024,0.25,traj,3.1432357589390616,-330.56359151992115,29.78737644440824,0.031682491302490234,-0.00038112076239503256,0.5543475151062012,0.75,0.0,0.0,0
62,96,3.1,0.0,17.008995056152344,330.5433044433594,0.031422458589076996,5.175722122192383,-0.00038112076239503256,0.75,0.0,0.023326829075813293,11.513785362243652,0.036831311881542206,8.615737915039062,0.03398109972476959,5.698578834533691,0.023404352366924286,2.772090196609497,0.023404352366924286,2.772090196609497,-0.006267450749874115,7.6220550537109375,5.827831427256267,0.00537472392133862,-0.0029665307660532857,-0.0005234479909305024,-0.0005234479909305024,0.25,traj,3.1432357589390616,-330.56359151992115,29.78737644440824,0.031682491302490234,-0.00038112076239503256,0.5543475151062012,0.75,0.0,0.0,0
63,97,3.15,0.0,17.008995056152344,330.5433044433594,0.031422458589076996,5.175722122192383,-0.00038112076239503256,0.75,0.0,0.023326829075813293,11.513785362243652,0.036831311881542206,8.615737915039062,0.03398109972476959,5.698578834533691,0.023404352366924286,2.772090196609497,0.023404352366924286,2.772090196609497,-0.006267450749874115,7.6220550537109375,5.827831427256267,0.00537472392133862,-0.0029665307660532857,-0.0005234479909305024,-0.0005234479909305024,0.25,traj,3.1432357589390616,-330.56359151992115,29.78737644440824,0.031682491302490234,-0.00038112076239503256,0.5543475151062012,0.75,0.0,0.0,0
64,98,3.2,0.0,17.008995056152344,330.5433044433594,0.031422458589076996,5.16190242767334,0.001085531449906114,0.75,0.0,-0.053462766110897064,11.040022850036621,-0.020928576588630676,8.321296691894531,0.002523563802242279,5.530642509460449,0.014210350811481476,2.7021377086639404,0.014210350811481476,2.7021377086639404,0.008930222131311893,6.791046619415283,5.558801492055257,0.003347903230632725,-0.0076178895908319685,0.0008371256917360377,0.0008371256917360377,0.25,traj,6.283254460492406,-326.5935604538116,71.24460611517149,0.03932332992553711,0.001085531449906114,0.5956166982650757,0.75,0.0,0.0,0
65,99,3.25,0.0,17.008995056152344,330.5433044433594,0.031422458589076996,5.163016319274902,-0.002470208113759441,0.75,0.0,-0.030869826674461365,11.60106086730957,-0.0058932676911354065,8.749226570129395,0.007733523845672607,5.783066749572754,0.018641136586666107,2.7970590591430664,0.018641136586666107,2.7970590591430664,-0.02572149969637394,6.594523906707764,5.869441668192546,0.004242733902895173,-0.0055753594650350445,-0.0024830292638071605,-0.0024830292638071605,0.25,traj,3.1456920663502554,-330.5685355945236,30.81485752491024,0.028845548629760742,-0.002470208113759441,0.5575927495956421,0.75,0.0,0.0,0
66,100,3.3,0.0,17.010770797729492,330.5433044433594,0.031463973224163055,5.163016319274902,-0.002470208113759441,0.75,0.0,-0.030869826674461365,11.60106086730957,-0.0058932676911354065,8.749226570129395,0.007733523845672607,5.783066749572754,0.018641136586666107,2.7970590591430664,0.018641136586666107,2.7970590591430664,-0.02572149969637394,6.594523906707764,5.869441668192546,0.004242733902895173,-0.0055753594650350445,-0.0024830292638071605,-0.0024830292638071605,0.25,traj,3.1456920663502554,-330.5685355945236,30.81485752491024,0.028845548629760742,-0.002470208113759441,0.5575927495956421,0.75,0.0,0.0,0
67,101,3.35,0.0,17.03786277770996,330.5434265136719,0.037178535014390945,5.163016319274902,-0.002470208113759441,0.75,0.0,-0.030869826674461365,11.60106086730957,-0.0058932676911354065,8.749226570129395,0.007733523845672607,5.783066749572754,0.018641136586666107,2.7970590591430664,0.018641136586666107,2.7970590591430664,-0.02572149969637394,6.594523906707764,5.869441668192546,0.004242733902895173,-0.0055753594650350445,-0.0024830292638071605,-0.0024830292638071605,0.25,traj,3.1456920663502554,-330.5685355945236,30.81485752491024,0.028845548629760742,-0.002470208113759441,0.5575927495956421,0.75,0.0,0.0,0
68,102,3.4,0.0,17.09056854248047,330.5437316894531,0.048675455152988434,5.4616827964782715,-0.003071822559502781,0.06840946204750693,0.0,-0.09858658909797668,10.534395217895508,-0.10197588056325912,8.192174911499023,-0.07269756495952606,5.616400718688965,-0.02496177703142166,2.8266818523406982,-0.02496177703142166,2.8266818523406982,-0.02720053121447563,5.727627277374268,5.138860384623209,-0.005621652969409576,0.0009212129095179725,-0.0030232972271551696,-0.0030232972271551696,0.0,traj,6.288200692334447,-326.585686556578,70.18125162153466,0.007128000259399414,-0.003071822559502781,0.5334596633911133,0.06840946204750693,0.0,0.0,0
69,103,3.45,0.0,17.16132164001465,330.5438537597656,0.06351018697023392,5.4489264488220215,0.00389971452947123,0.75,0.0,-0.06661410629749298,11.406131744384766,-0.038683779537677765,8.660178184509277,-0.011941790580749512,5.787213325500488,0.01567036658525467,2.835132360458374,0.01567036658525467,2.835132360458374,-0.04627520591020584,5.53214693069458,5.714263280232747,0.003518657959883044,-0.006475123051698058,-0.005325070977449466,0.003518657959883044,0.25,traj,3.14857812325028,-330.5774776559451,31.87709621959536,0.004815459251403809,0.00389971452947123,0.4763680696487427,0.75,0.0,0.0,0
70,104,3.5,0.0,17.24402618408203,330.54400634765625,0.07316268980503082,5.4489264488220215,0.00389971452947123,0.75,0.0,-0.06661410629749298,11.406131744384766,-0.038683779537677765,8.660178184509277,-0.011941790580749512,5.787213325500488,0.01567036658525467,2.835132360458374,0.01567036658525467,2.835132360458374,-0.04627520591020584,5.53214693069458,5.714263280232747,0.003518657959883044,-0.006475123051698058,-0.005325070977449466,0.003518657959883044,0.25,traj,3.14857812325028,-330.5774776559451,31.87709621959536,0.004815459251403809,0.00389971452947123,0.4763680696487427,0.75,0.0,0.0,0
71,105,3.55,0.0,17.33714485168457,330.54412841796875,0.08677397668361664,5.4489264488220215,0.00389971452947123,0.75,0.0,-0.06661410629749298,11.406131744384766,-0.038683779537677765,8.660178184509277,-0.011941790580749512,5.787213325500488,0.01567036658525467,2.835132360458374,0.01567036658525467,2.835132360458374,-0.04627520591020584,5.53214693069458,5.714263280232747,0.003518657959883044,-0.006475123051698058,-0.005325070977449466,0.003518657959883044,0.25,traj,3.14857812325028,-330.5774776559451,31.87709621959536,0.004815459251403809,0.00389971452947123,0.4763680696487427,0.75,0.0,0.0,0
72,106,3.6,0.0,17.43870735168457,330.54437255859375,0.10934677720069885,5.597617149353027,-0.00031797850943041876,0.0,1.0,-0.09497475624084473,9.687394142150879,-0.10194429010152817,7.768515110015869,-0.06358154118061066,5.4746994972229,-0.0020042583346366882,2.8048911094665527,-0.0020042583346366882,2.8048911094665527,-0.033826932311058044,4.610513687133789,4.589030901590983,-0.00045491842625804103,0.002312218879486458,-0.004670738854962244,-0.00045491842625804103,0.0,traj,6.289198235669408,-326.5780568121532,69.06419381971916,0.005393505096435547,-0.00031797850943041876,0.4318901300430298,0.0,0.0,1.0,0
73,107,3.65,0.0,17.54849624633789,330.5445251464844,0.1155240535736084,5.809823989868164,-0.005061986004388171,0.0,0.0,-0.048116326332092285,11.382771492004395,-0.08485188335180283,8.689557075500488,-0.07515861093997955,5.846813201904297,-0.023233719170093536,2.908796548843384,-0.023233719170093536,2.908796548843384,-0.05810017138719559,4.402347564697266,5.649800618489584,-0.005084800100646573,0.008682963991329683,-0.008401312288632432,-0.005084800100646573,0.0,traj,3.1505332748082022,-330.5885865644478,33.00674061505594,-0.01307058334350586,-0.005061986004388171,0.4427284002304077,0.0,0.0,0.0,0
74,108,3.7,0.0,17.665605545043945,330.544677734375,0.12639038264751434,5.809823989868164,-0.005061986004388171,0.0,0.0,-0.048116326332092285,11.382771492004395,-0.08485188335180283,8.689557075500488,-0.07515861093997955,5.846813201904297,-0.023233719170093536,2.908796548843384,-0.023233719170093536,2.908796548843384,-0.05810017138719559,4.402347564697266,5.649800618489584,-0.005084800100646573,0.008682963991329683,-0.008401312288632432,-0.005084800100646573,0.0,traj,3.1505332748082022,-330.5885865644478,33.00674061505594,-0.01307058334350586,-0.005061986004388171,0.4427284002304077,0.0,0.0,0.0,0
75,109,3.75,0.0,17.790189743041992,330.5448303222656,0.12757107615470886,5.809823989868164,-0.005061986004388171,0.0,0.0,-0.048116326332092285,11.382771492004395,-0.08485188335180283,8.689557075500488,-0.07515861093997955,5.846813201904297,-0.023233719170093536,2.908796548843384,-0.023233719170093536,2.908796548843384,-0.05810017138719559,4.402347564697266,5.649800618489584,-0.005084800100646573,0.008682963991329683,-0.008401312288632432,-0.005084800100646573,0.0,traj,3.1505332748082022,-330.5885865644478,33.00674061505594,-0.01307058334350586,-0.005061986004388171,0.4427284002304077,0.0,0.0,0.0,0
76,110,3.8,0.0,17.921695709228516,330.54498291015625,0.13502638041973114,2.5108542442321777,-0.0016635585039127035,0.75,0.0,-0.05455407500267029,8.817916870117188,-0.04626490920782089,6.989330291748047,-0.01974828541278839,4.268435001373291,-0.004164554178714752,1.631329894065857,-0.004164554178714752,1.631329894065857,-0.10851695388555527,16.188499450683594,4.791187206904094,-0.001625157504053559,-0.002885858642856357,-0.004267378238977603,-0.001625157504053559,0.25,traj,6.289551095166479,-326.5719835343697,68.1420899366264,-0.016616106033325195,-0.0016635585039127035,1.0,0.75,0.0,0.0,0
77,111,3.85,0.0,18.060375213623047,330.5449523925781,0.12282324582338333,5.9064178466796875,-0.0022896378334893827,0.0,0.0,-0.08346033096313477,11.366254806518555,-0.06908311694860458,8.928764343261719,-0.044136688113212585,6.038668632507324,-0.011609382927417755,2.9716970920562744,-0.011609382927417755,2.9716970920562744,-0.12392939627170563,15.505582809448242,5.59658686319987,-0.00248705148631839,-0.0037549622692450903,-0.005088063413250024,-0.00248705148631839,0.0,traj,3.148317531743322,-330.5960942356323,34.190357254852785,-0.049427926540374756,-0.0022896378334893827,0.4460933208465576,0.0,0.0,0.0,0
78,112,3.9,0.0,18.20579719543457,330.5447082519531,0.11103857308626175,5.9064178466796875,-0.0022896378334893827,0.0,0.0,-0.08346033096313477,11.366254806518555,-0.06908311694860458,8.928764343261719,-0.044136688113212585,6.038668632507324,-0.011609382927417755,2.9716970920562744,-0.011609382927417755,2.9716970920562744,-0.12392939627170563,15.505582809448242,5.59658686319987,-0.00248705148631839,-0.0037549622692450903,-0.005088063413250024,-0.00248705148631839,0.0,traj,3.148317531743322,-330.5960942356323,34.190357254852785,-0.049427926540374756,-0.0022896378334893827,0.4460933208465576,0.0,0.0,0.0,0
79,113,3.95,0.0,18.358213424682617,330.54443359375,0.09016965329647064,5.9064178466796875,-0.0022896378334893827,0.0,0.0,-0.08346033096313477,11.366254806518555,-0.06908311694860458,8.928764343261719,-0.044136688113212585,6.038668632507324,-0.011609382927417755,2.9716970920562744,-0.011609382927417755,2.9716970920562744,-0.12392939627170563,15.505582809448242,5.59658686319987,-0.00248705148631839,-0.0037549622692450903,-0.005088063413250024,-0.00248705148631839,0.0,traj,3.148317531743322,-330.5960942356323,34.190357254852785,-0.049427926540374756,-0.0022896378334893827,0.4460933208465576,0.0,0.0,0.0,0
80,114,4.0,0.0,18.51728630065918,330.54412841796875,0.07347577065229416,1.4534187316894531,-0.00444694312214537,0.75,0.0,-0.028480052947998047,8.12630844116211,-0.03292756527662277,5.572218894958496,-0.02076449990272522,3.061379909515381,0.0005976185202598572,1.0991661548614502,-0.02076449990272522,3.061379909515381,-0.10380177199840546,15.9266996383667,4.684861183166504,-0.004317921638835697,0.0011085877657486555,-0.004149064184354827,-0.004149064184354827,0.25,traj,6.289298371472631,-326.57100692788066,67.8802643747461,-0.01316821575164795,-0.00444694312214537,1.0,0.75,0.0,0.0,0
81,115,4.05,0.0,18.683208465576172,330.54351806640625,0.0384296216070652,5.681283473968506,-0.0012310552731506481,0.0,0.0,-0.009379424154758453,11.353721618652344,-0.000744253396987915,8.951849937438965,0.007342107594013214,6.054590225219727,0.01732068508863449,2.9328534603118896,0.01732068508863449,2.9328534603118896,-0.026153089478611946,14.343939781188965,5.6139403978983555,0.0037596877465937155,-0.0022887483274156867,-0.001160704640492692,-0.001160704640492692,0.0,traj,3.142147854962621,-330.5946293235257,35.352470446133985,0.009647607803344727,-0.0012310552731506481,0.4966953992843628,0.0,0.0,0.0,0
82,116,4.1,0.0,18.855724334716797,330.54266357421875,0.001868120627477765,5.681283473968506,-0.0012310552731506481,0.0,0.0,-0.009379424154758453,11.353721618652344,-0.000744253396987915,8.951849937438965,0.007342107594013214,6.054590225219727,0.01732068508863449,2.9328534603118896,0.01732068508863449,2.9328534603118896,-0.026153089478611946,14.343939781188965,5.6139403978983555,0.0037596877465937155,-0.0022887483274156867,-0.001160704640492692,-0.001160704640492692,0.0,traj,3.142147854962621,-330.5946293235257,35.352470446133985,0.009647607803344727,-0.0012310552731506481,0.4966953992843628,0.0,0.0,0.0,0
83,117,4.15,0.0,19.03495979309082,330.5415954589844,-0.0424194298684597,5.681283473968506,-0.0012310552731506481,0.0,0.0,-0.009379424154758453,11.353721618652344,-0.000744253396987915,8.951849937438965,0.007342107594013214,6.054590225219727,0.01732068508863449,2.9328534603118896,0.01732068508863449,2.9328534603118896,-0.026153089478611946,14.343939781188965,5.6139403978983555,0.0037596877465937155,-0.0022887483274156867,-0.001160704640492692,-0.001160704640492692,0.0,traj,3.142147854962621,-330.5946293235257,35.352470446133985,0.009647607803344727,-0.0012310552731506481,0.4966953992843628,0.0,0.0,0.0,0
84,118,4.2,0.0,19.22075080871582,330.54034423828125,-0.0837707370519638,2.0644986629486084,0.00264810370840755,0.75,0.0,-0.03229066729545593,9.076783180236816,-0.03440123051404953,6.800605773925781,-0.018686339259147644,4.048401832580566,0.006164140999317169,1.502290964126587,0.006164140999317169,1.502290964126587,-0.0875217393040657,15.574787139892578,5.0497727394104,0.002612140075040796,0.0005903281897262436,-0.0035773773508247586,0.002612140075040796,0.25,traj,6.2883442203190665,-326.57027447261834,67.52825936938353,-0.023585736751556396,0.00264810370840755,1.0,0.75,0.0,0.0,0
85,119,4.25,0.0,19.413013458251953,330.5393371582031,-0.1181945651769638,5.386735916137695,-0.0012813610393438693,0.0,0.0,0.019468136131763458,10.564858436584473,0.01907305419445038,8.687641143798828,0.020862095057964325,5.970670700073242,0.026400126516819,2.850816011428833,0.026400126516819,2.850816011428833,-0.013485293835401535,13.235916137695312,5.142698685328166,0.00589526022708437,0.00013399566217861392,-0.0006485922347232915,-0.0006485922347232915,0.0,traj,3.141322569051061,-330.59350012192664,36.46051030360126,0.04136466979980469,-0.0012813610393438693,0.6463934183120728,0.0,0.0,0.0,0
86,120,4.3,0.0,19.61172866821289,330.5382995605469,-0.1421203464269638,5.386735916137695,-0.0012813610393438693,0.0,0.0,0.019468136131763458,10.564858436584473,0.01907305419445038,8.687641143798828,0.020862095057964325,5.970670700073242,0.026400126516819,2.850816011428833,0.026400126516819,2.850816011428833,-0.013485293835401535,13.235916137695312,5.142698685328166,0.00589526022708437,0.00013399566217861392,-0.0006485922347232915,-0.0006485922347232915,0.0,traj,3.141322569051061,-330.59350012192664,36.46051030360126,0.04136466979980469,-0.0012813610393438693,0.6463934183120728,0.0,0.0,0.0,0
87,121,4.35,0.0,19.816890716552734,330.5371398925781,-0.1696472018957138,5.386735916137695,-0.0012813610393438693,0.0,0.0,0.019468136131763458,10.564858436584473,0.01907305419445038,8.687641143798828,0.020862095057964325,5.970670700073242,0.026400126516819,2.850816011428833,0.026400126516819,2.850816011428833,-0.013485293835401535,13.235916137695312,5.142698685328166,0.00589526022708437,0.00013399566217861392,-0.0006485922347232915,-0.0006485922347232915,0.0,traj,3.141322569051061,-330.59350012192664,36.46051030360126,0.04136466979980469,-0.0012813610393438693,0.6463934183120728,0.0,0.0,0.0,0
88,122,4.4,0.0,20.02846336364746,330.535888671875,-0.1953124701976776,2.6178488731384277,0.000208755718668425,0.75,0.0,-0.030393250286579132,9.218388557434082,-0.027802377939224243,7.10679817199707,-0.013347111642360687,4.298901557922363,0.0007199272513389587,1.6499098539352417,0.0007199272513389587,1.6499098539352417,-0.07129352539777756,15.107686996459961,5.045703252156575,0.0002778090897027713,-0.0007810979046215388,-0.0030041726974791337,0.0002778090897027713,0.25,traj,6.287370995679174,-326.5693894206641,67.06108102402021,-0.023844242095947266,0.000208755718668425,1.0,0.75,0.0,0.0,0
89,123,4.45,0.0,20.24639129638672,330.53533935546875,-0.1835021674633026,5.100513458251953,0.00043085070318000607,0.75,0.0,-0.046373456716537476,10.64680290222168,-0.025881074368953705,8.528409957885742,-0.005069449543952942,5.809902667999268,0.0059939101338386536,2.7631070613861084,0.0059939101338386536,2.7631070613861084,-0.06358560919761658,12.186537742614746,5.255929787953694,0.0013809605316506084,-0.006158126383218688,-0.0033216247119031705,0.0013809605316506084,0.15541632970174124,traj,3.144997195401464,-330.5985357526459,37.509738973244225,0.013593316078186035,0.00043085070318000607,0.7874361276626587,0.75,0.0,0.0,0
90,124,4.5,0.0,20.470603942871094,330.5352783203125,-0.1513061374425888,5.100513458251953,0.00043085070318000607,0.75,0.0,-0.046373456716537476,10.64680290222168,-0.025881074368953705,8.528409957885742,-0.005069449543952942,5.809902667999268,0.0059939101338386536,2.7631070613861084,0.0059939101338386536,2.7631070613861084,-0.06358560919761658,12.186537742614746,5.255929787953694,0.0013809605316506084,-0.006158126383218688,-0.0033216247119031705,0.0013809605316506084,0.15541632970174124,traj,3.144997195401464,-330.5985357526459,37.509738973244225,0.013593316078186035,0.00043085070318000607,0.7874361276626587,0.75,0.0,0.0,0
91,125,4.55,0.0,20.701045989990234,330.5354919433594,-0.11557004600763321,5.100513458251953,0.00043085070318000607,0.75,0.0,-0.046373456716537476,10.64680290222168,-0.025881074368953705,8.528409957885742,-0.005069449543952942,5.809902667999268,0.0059939101338386536,2.7631070613861084,0.0059939101338386536,2.7631070613861084,-0.06358560919761658,12.186537742614746,5.255929787953694,0.0013809605316506084,-0.006158126383218688,-0.0033216247119031705,0.0013809605316506084,0.15541632970174124,traj,3.144997195401464,-330.5985357526459,37.509738973244225,0.013593316078186035,0.00043085070318000607,0.7874361276626587,0.75,0.0,0.0,0
92,126,4.6,0.0,20.93766975402832,330.535888671875,-0.0784912034869194,3.1238956451416016,-0.00013356909366438288,0.75,0.0,-0.027323603630065918,9.537948608398438,-0.021265439689159393,7.609325885772705,-0.0067384690046310425,4.833309650421143,-0.0002277866005897522,1.9551924467086792,-0.0002277866005897522,1.9551924467086792,-0.04592786729335785,14.532541275024414,5.055207252502441,-7.417332552521915e-05,-0.001999679543542592,-0.002011897993057837,-7.417332552521915e-05,0.25,traj,6.285791234174047,-326.5693894206641,66.48583993436898,-0.032368481159210205,-0.00013356909366438288,1.0,0.75,0.0,0.0,0
93,127,4.65,0.0,21.17878532409668,330.53643798828125,-0.0426940843462944,5.097803115844727,-0.004796996008932832,0.0,1.0,-0.05754607915878296,9.527931213378906,-0.05244859308004379,8.023487091064453,-0.04101264476776123,5.661622524261475,-0.016602851450443268,2.727949857711792,-0.016602851450443268,2.727949857711792,-0.0912761464715004,11.170796394348145,4.533412853876749,-0.003874490579720314,-0.0021570015674252188,-0.005201672226444569,-0.003874490579720314,0.0,traj,3.147159890332494,-330.60552460108926,38.52529149538036,-0.03246665000915527,-0.004796996008932832,0.7535043954849243,0.0,0.0,1.0,0
94,128,4.7,0.0,21.417314529418945,330.53704833984375,-0.008361817337572575,5.097803115844727,-0.004796996008932832,0.0,1.0,-0.05754607915878296,9.527931213378906,-0.05244859308004379,8.023487091064453,-0.04101264476776123,5.661622524261475,-0.016602851450443268,2.727949857711792,-0.016602851450443268,2.727949857711792,-0.0912761464715004,11.170796394348145,4.533412853876749,-0.003874490579720314,-0.0021570015674252188,-0.005201672226444569,-0.003874490579720314,0.0,traj,3.147159890332494,-330.60552460108926,38.52529149538036,-0.03246665000915527,-0.004796996008932832,0.7535043954849243,0.0,0.0,1.0,0
95,129,4.75,0.0,21.645275115966797,330.537841796875,0.02434535138309002,5.097803115844727,-0.004796996008932832,0.0,1.0,-0.05754607915878296,9.527931213378906,-0.05244859308004379,8.023487091064453,-0.04101264476776123,5.661622524261475,-0.016602851450443268,2.727949857711792,-0.016602851450443268,2.727949857711792,-0.0912761464715004,11.170796394348145,4.533412853876749,-0.003874490579720314,-0.0021570015674252188,-0.005201672226444569,-0.003874490579720314,0.0,traj,3.147159890332494,-330.60552460108926,38.52529149538036,-0.03246665000915527,-0.004796996008932832,0.7535043954849243,0.0,0.0,1.0,0
96,130,4.8,0.0,21.859350204467773,330.53863525390625,0.055172398686409,3.642432451248169,-0.00046304176670895005,0.75,0.0,0.021246522665023804,9.759254455566406,0.022146649658679962,7.702104568481445,0.024240389466285706,5.048238754272461,0.010771386325359344,2.1861729621887207,0.010771386325359344,2.1861729621887207,-0.006261236499994993,13.85513687133789,5.048742771148682,0.003136622712306997,-0.0002785477636901562,-0.00028765468258350657,-0.00028765468258350657,0.25,traj,6.283218697705541,-326.57164782544413,65.80836495785965,-0.008917927742004395,-0.00046304176670895005,1.0,0.75,0.0,0.0,0
97,131,4.85,0.0,22.061063766479492,330.53955078125,0.0872618779540062,3.540523052215576,-0.003702358587512893,0.75,0.0,-0.04242432862520218,8.663236618041992,-0.05184301733970642,7.58195686340332,-0.03847668319940567,5.223529815673828,-0.02153369039297104,2.227834701538086,-0.02153369039297104,2.227834701538086,-0.05112551897764206,10.253799438476562,4.290352503458659,-0.006153193468818124,0.005545250977616605,-0.0031741685168216733,-0.0031741685168216733,0.25,traj,3.1436677734043936,-330.60628757505714,39.44253926884735,-0.049269795417785645,-0.003702358587512893,1.0,0.75,0.0,0.0,0
98,132,4.9,0.0,22.25877571105957,330.5406494140625,0.12027119100093842,3.540523052215576,-0.003702358587512893,0.75,0.0,-0.04242432862520218,8.663236618041992,-0.05184301733970642,7.58195686340332,-0.03847668319940567,5.223529815673828,-0.02153369039297104,2.227834701538086,-0.02153369039297104,2.227834701538086,-0.05112551897764206,10.253799438476562,4.290352503458659,-0.006153193468818124,0.005545250977616605,-0.0031741685168216733,-0.0031741685168216733,0.25,traj,3.1436677734043936,-330.60628757505714,39.44253926884735,-0.049269795417785645,-0.003702358587512893,1.0,0.75,0.0,0.0,0
99,133,4.95,0.0,22.456926345825195,330.5418395996094,0.1535479873418808,3.540523052215576,-0.003702358587512893,0.75,0.0,-0.04242432862520218,8.663236618041992,-0.05184301733970642,7.58195686340332,-0.03847668319940567,5.223529815673828,-0.02153369039297104,2.227834701538086,-0.02153369039297104,2.227834701538086,-0.05112551897764206,10.253799438476562,4.290352503458659,-0.006153193468818124,0.005545250977616605,-0.0031741685168216733,-0.0031741685168216733,0.25,traj,3.1436677734043936,-330.60628757505714,39.44253926884735,-0.049269795417785645,-0.003702358587512893,1.0,0.75,0.0,0.0,0
100,134,5.0,0.0,22.657760620117188,330.5431823730469,0.18732477724552155,4.157055377960205,-0.0005152685236062372,0.75,0.0,0.009635917842388153,8.956589698791504,0.014917194843292236,7.598110675811768,0.009488202631473541,5.275547504425049,-0.0007778182625770569,2.3715426921844482,-0.0007778182625770569,2.3715426921844482,0.009875981137156487,13.072876930236816,4.390054543813069,-0.00020880394316524824,-0.0024749089277939233,0.0004809692720152617,-0.00020880394316524824,0.2329991658528643,traj,6.28213103214768,-326.57354000259306,65.02610787671533,-0.026559948921203613,-0.0005152685236062372,1.0,0.75,0.0,0.0,0
101,135,5.05,0.0,22.862751007080078,330.5438232421875,0.18222664296627045,3.0439178943634033,-0.00029394193537628216,0.75,0.0,0.003367215394973755,8.625819206237793,-0.008042149245738983,7.245845794677734,-0.0076451897621154785,4.853018283843994,-0.007410727441310883,1.953994631767273,-0.007410727441310883,1.953994631767273,-0.0054029785096645355,9.661907196044922,4.447914361953735,-0.0024144238081439213,0.005263315946876634,-0.0003559565742836341,-0.0003559565742836341,0.25,traj,3.1395617286351065,-330.6014655752771,40.03454595300385,-0.0065615177154541016,-0.00029394193537628216,1.0,0.75,0.0,0.0,0
102,136,5.1,0.0,23.072843551635742,330.5439758300781,0.15770137310028076,3.0439178943634033,-0.00029394193537628216,0.75,0.0,0.003367215394973755,8.625819206237793,-0.008042149245738983,7.245845794677734,-0.0076451897621154785,4.853018283843994,-0.007410727441310883,1.953994631767273,-0.007410727441310883,1.953994631767273,-0.0054029785096645355,9.661907196044922,4.447914361953735,-0.0024144238081439213,0.005263315946876634,-0.0003559565742836341,-0.0003559565742836341,0.25,traj,3.1395617286351065,-330.6014655752771,40.03454595300385,-0.0065615177154541016,-0.00029394193537628216,1.0,0.75,0.0,0.0,0
103,137,5.15,0.0,23.288509368896484,330.5439453125,0.12979377806186676,3.0439178943634033,-0.00029394193537628216,0.75,0.0,0.003367215394973755,8.625819206237793,-0.008042149245738983,7.245845794677734,-0.0076451897621154785,4.853018283843994,-0.007410727441310883,1.953994631767273,-0.007410727441310883,1.953994631767273,-0.0054029785096645355,9.661907196044922,4.447914361953735,-0.0024144238081439213,0.005263315946876634,-0.0003559565742836341,-0.0003559565742836341,0.25,traj,3.1395617286351065,-330.6014655752771,40.03454595300385,-0.0065615177154541016,-0.00029394193537628216,1.0,0.75,0.0,0.0,0
104,138,5.2,0.0,23.51005744934082,330.5437927246094,0.10078566521406174,4.658754825592041,0.002207789871738369,0.0,0.0,0.056436002254486084,9.065168380737305,0.05884752422571182,7.373050689697266,0.04201336205005646,5.278378486633301,0.02223292738199234,2.613694190979004,0.02223292738199234,2.613694190979004,0.04560372233390808,12.188525199890137,4.301077842712402,0.005415173819423251,-0.000907228731294441,0.002381886809020588,0.002381886809020588,0.0,traj,6.27954895893601,-326.5787282284223,64.14183816115461,0.03229093551635742,0.002207789871738369,0.9418859481811523,0.0,0.0,0.0,0
105,139,5.25,0.0,23.737585067749023,330.5432434082031,0.06043746694922447,3.530364513397217,0.00027491890738469226,0.75,0.0,-0.01544206589460373,8.624685287475586,-0.022620633244514465,7.423427581787109,-0.008403711020946503,5.163749694824219,-0.005440421402454376,2.1767587661743164,-0.005440421402454376,2.1767587661743164,0.00563835958018899,9.004674911499023,4.2986626625061035,-0.0015910824491942733,0.0038043116491711325,0.0003986275470212191,0.0003986275470212191,0.25,traj,3.1385364095356802,-330.59832212012475,40.69177251639964,-0.0017251372337341309,0.00027491890738469226,1.0,0.75,0.0,0.0,0
106,140,5.3,0.0,23.971149444580078,330.54241943359375,0.013791500590741634,3.530364513397217,0.00027491890738469226,0.75,0.0,-0.01544206589460373,8.624685287475586,-0.022620633244514465,7.423427581787109,-0.008403711020946503,5.163749694824219,-0.005440421402454376,2.1767587661743164,-0.005440421402454376,2.1767587661743164,0.00563835958018899,9.004674911499023,4.2986626625061035,-0.0015910824491942733,0.0038043116491711325,0.0003986275470212191,0.0003986275470212191,0.25,traj,3.1385364095356802,-330.59832212012475,40.69177251639964,-0.0017251372337341309,0.00027491890738469226,1.0,0.75,0.0,0.0,0
107,141,5.35,0.0,24.210783004760742,330.5414123535156,-0.0347900353372097,3.530364513397217,0.00027491890738469226,0.75,0.0,-0.01544206589460373,8.624685287475586,-0.022620633244514465,7.423427581787109,-0.008403711020946503,5.163749694824219,-0.005440421402454376,2.1767587661743164,-0.005440421402454376,2.1767587661743164,0.00563835958018899,9.004674911499023,4.2986626625061035,-0.0015910824491942733,0.0038043116491711325,0.0003986275470212191,0.0003986275470212191,0.25,traj,3.1385364095356802,-330.59832212012475,40.69177251639964,-0.0017251372337341309,0.00027491890738469226,1.0,0.75,0.0,0.0,0
108,142,5.4,0.0,24.456493377685547,330.5400695800781,-0.0846252366900444,4.868298530578613,-0.00039225681665430744,0.0,1.0,0.015291735529899597,9.14414119720459,0.011827103793621063,7.135084629058838,0.003329917788505554,5.1236114501953125,-0.00024209171533584595,2.672804594039917,-0.00024209171533584595,2.672804594039917,0.004558064974844456,11.22641658782959,4.314239978790283,-5.7629089535632706e-05,0.0010978871360489688,0.00025845688705440184,-5.7629089535632706e-05,0.0,traj,6.282765702405248,-326.5772938381853,63.17964562444278,-0.003997683525085449,-0.00039225681665430744,0.9202039241790771,0.0,0.0,1.0,0
109,143,5.45,0.0,24.707998275756836,330.5391845703125,-0.1059570237994194,4.044544696807861,-0.00020904979877340912,0.75,0.0,0.03883442282676697,9.93186092376709,0.03051406890153885,7.817260265350342,0.026972368359565735,5.222116470336914,0.015242047607898712,2.350707769393921,0.015242047607898712,2.350707769393921,0.007045420352369547,8.244942665100098,5.054130554199219,0.004127834942857404,0.0025049061050715954,0.0005440346853517128,0.0005440346853517128,0.25,traj,3.1383728543904166,-330.5959416421043,41.45149999546248,0.014938592910766602,-0.00020904979877340912,1.0,0.75,0.0,0.0,0
110,144,5.5,0.0,24.96306800842285,330.53857421875,-0.130035400390625,4.044544696807861,-0.00020904979877340912,0.75,0.0,0.03883442282676697,9.93186092376709,0.03051406890153885,7.817260265350342,0.026972368359565735,5.222116470336914,0.015242047607898712,2.350707769393921,0.015242047607898712,2.350707769393921,0.007045420352369547,8.244942665100098,5.054130554199219,0.004127834942857404,0.0025049061050715954,0.0005440346853517128,0.0005440346853517128,0.25,traj,3.1383728543904166,-330.5959416421043,41.45149999546248,0.014938592910766602,-0.00020904979877340912,1.0,0.75,0.0,0.0,0
111,145,5.55,0.0,25.215621948242188,330.5378112792969,-0.1025390699505806,4.044544696807861,-0.00020904979877340912,0.75,0.0,0.03883442282676697,9.93186092376709,0.03051406890153885,7.817260265350342,0.026972368359565735,5.222116470336914,0.015242047607898712,2.350707769393921,0.015242047607898712,2.350707769393921,0.007045420352369547,8.244942665100098,5.054130554199219,0.004127834942857404,0.0025049061050715954,0.0005440346853517128,0.0005440346853517128,0.25,traj,3.1383728543904166,-330.5959416421043,41.45149999546248,0.014938592910766602,-0.00020904979877340912,1.0,0.75,0.0,0.0,0
112,146,5.6,0.0,25.466947555541992,330.5372314453125,-0.11007688194513321,3.9717907905578613,5.6923459331195635e-05,0.75,0.0,-0.05624913051724434,8.622491836547852,-0.021097581833600998,6.340008735656738,-0.010894987732172012,3.9142987728118896,0.0029194876551628113,1.7838835716247559,-0.010894987732172012,3.9142987728118896,0.003651260631158948,10.32551097869873,4.559296766916911,-0.0017719306802180554,-0.009803550125236048,0.00022514074210289517,0.00022514074210289517,0.25,traj,6.282811001935277,-326.5772327991921,62.27874001408399,0.0030667781829833984,5.6923459331195635e-05,1.0,0.75,0.0,0.0,0
113,147,5.65,0.0,25.718088150024414,330.53643798828125,-0.1057128831744194,4.549631118774414,-0.0010358868864857652,0.09217137197653451,0.0,0.02851255238056183,8.975173950195312,0.019282184541225433,7.096479415893555,0.008340805768966675,5.061249256134033,0.009138993918895721,2.545884847640991,0.009138993918895721,2.545884847640991,-0.004171254113316536,7.382819652557373,4.286227544148763,0.0022852775777602967,0.003127819357376759,-0.00035967523283175214,-0.00035967523283175214,0.0,traj,3.1396277705815177,-330.5951176259792,42.31362539336605,-0.020745575428009033,-0.0010358868864857652,1.0,0.09217137197653451,0.0,0.0,0
114,148,5.7,0.0,25.96888542175293,330.5353698730469,-0.0985717698931694,4.549631118774414,-0.0010358868864857652,0.09217137197653451,0.0,0.02851255238056183,8.975173950195312,0.019282184541225433,7.096479415893555,0.008340805768966675,5.061249256134033,0.009138993918895721,2.545884847640991,0.009138993918895721,2.545884847640991,-0.004171254113316536,7.382819652557373,4.286227544148763,0.0022852775777602967,0.003127819357376759,-0.00035967523283175214,-0.00035967523283175214,0.0,traj,3.1396277705815177,-330.5951176259792,42.31362539336605,-0.020745575428009033,-0.0010358868864857652,1.0,0.09217137197653451,0.0,0.0,0
115,149,5.75,0.0,26.219539642333984,330.53448486328125,-0.1101379245519638,4.549631118774414,-0.0010358868864857652,0.09217137197653451,0.0,0.02851255238056183,8.975173950195312,0.019282184541225433,7.096479415893555,0.008340805768966675,5.061249256134033,0.009138993918895721,2.545884847640991,0.009138993918895721,2.545884847640991,-0.004171254113316536,7.382819652557373,4.286227544148763,0.0022852775777602967,0.003127819357376759,-0.00035967523283175214,-0.00035967523283175214,0.0,traj,3.1396277705815177,-330.5951176259792,42.31362539336605,-0.020745575428009033,-0.0010358868864857652,1.0,0.09217137197653451,0.0,0.0,0
116,150,5.8,0.0,26.469919204711914,330.5335388183594,-0.11764522641897202,3.824591636657715,0.00019628066274061205,0.75,0.0,-0.03745836764574051,8.939142227172852,-0.019130410626530647,6.1376848220825195,-0.013717735186219215,3.538480758666992,0.0010495707392692566,1.6129173040390015,-0.013717735186219215,3.538480758666992,0.0013848067028447986,9.56978988647461,4.884231249491374,-0.0024680028476331325,-0.004164849510436634,9.210383526920238e-05,9.210383526920238e-05,0.25,traj,6.283015088238988,-326.5772022789045,61.523017967155525,-0.007098495960235596,0.00019628066274061205,1.0,0.75,0.0,0.0,0
117,151,5.85,0.0,26.716581344604492,330.5329284667969,-0.1217346116900444,4.802196979522705,0.0006454780141990402,0.0890463719765345,0.0,0.05180219188332558,9.071171760559082,0.031125199049711227,6.848937034606934,0.0178387351334095,4.745244026184082,0.012277476489543915,2.5056235790252686,0.012277476489543915,2.5056235790252686,0.011859900318086147,6.439430236816406,4.377128918965657,0.0031193954574004097,0.005923339893672199,0.0011724879799836637,0.0011724879799836637,0.0,traj,3.1376229087498526,-330.59014303267116,43.25699621374365,-0.021312594413757324,0.0006454780141990402,1.0,0.0890463719765345,0.0,0.0,0
118,152,5.9,0.0,26.932695388793945,330.53289794921875,-0.1800536811351776,4.802196979522705,0.0006454780141990402,0.0890463719765345,0.0,0.05180219188332558,9.071171760559082,0.031125199049711227,6.848937034606934,0.0178387351334095,4.745244026184082,0.012277476489543915,2.5056235790252686,0.012277476489543915,2.5056235790252686,0.011859900318086147,6.439430236816406,4.377128918965657,0.0031193954574004097,0.005923339893672199,0.0011724879799836637,0.0011724879799836637,0.0,traj,3.1376229087498526,-330.59014303267116,43.25699621374365,-0.021312594413757324,0.0006454780141990402,1.0,0.0890463719765345,0.0,0.0,0
119,153,5.95,0.0,27.109594345092773,330.53314208984375,-0.2593993544578552,4.802196979522705,0.0006454780141990402,0.0890463719765345,0.0,0.05180219188332558,9.071171760559082,0.031125199049711227,6.848937034606934,0.0178387351334095,4.745244026184082,0.012277476489543915,2.5056235790252686,0.012277476489543915,2.5056235790252686,0.011859900318086147,6.439430236816406,4.377128918965657,0.0031193954574004097,0.005923339893672199,0.0011724879799836637,0.0011724879799836637,0.0,traj,3.1376229087498526,-330.59014303267116,43.25699621374365,-0.021312594413757324,0.0006454780141990402,1.0,0.0890463719765345,0.0,0.0,0
120,154,6.0,0.0,27.24646759033203,330.53350830078125,-0.3509521484375,4.25917387008667,0.0002844726344862476,0.75,0.0,-0.007542828097939491,8.985798835754395,-0.002959730103611946,6.368622779846191,-0.004054868593811989,3.8394038677215576,0.005178682506084442,1.7723956108093262,-0.004054868593811989,3.8394038677215576,0.006704262457787991,8.761780738830566,4.808952013651529,-0.0006723461148367803,-0.0011147905910720507,0.00048711644226827317,0.00048711644226827317,0.25,traj,6.282496766248022,-326.57811784798236,60.71501167943313,-0.020072877407073975,0.0002844726344862476,1.0,0.75,0.0,0.0,0
121,155,6.05,0.0,27.342607498168945,330.53375244140625,-0.4026488959789276,4.8641581535339355,0.0024216857833337813,0.0,0.0,0.08168147504329681,9.316287994384766,0.060183312743902206,6.861724853515625,0.034272897988557816,4.2735466957092285,0.015042446553707123,2.0081987380981445,0.015042446553707123,2.0081987380981445,0.027532625943422318,5.471674919128418,4.872263272603353,0.004768506687004599,0.00557568326491855,0.0032033308932007884,0.0032033308932007884,0.008105119069417022,traj,3.1354509154942374,-330.58251328824633,44.224681914525476,-0.0032504796981811523,0.0024216857833337813,1.0,0.0,0.0,0.0,0
122,156,6.1,0.0,27.407657623291016,330.53369140625,-0.395904541015625,4.8641581535339355,0.0024216857833337813,0.0,0.0,0.08168147504329681,9.316287994384766,0.060183312743902206,6.861724853515625,0.034272897988557816,4.2735466957092285,0.015042446553707123,2.0081987380981445,0.015042446553707123,2.0081987380981445,0.027532625943422318,5.471674919128418,4.872263272603353,0.004768506687004599,0.00557568326491855,0.0032033308932007884,0.0032033308932007884,0.008105119069417022,traj,3.1354509154942374,-330.58251328824633,44.224681914525476,-0.0032504796981811523,0.0024216857833337813,1.0,0.0,0.0,0.0,0
123,157,6.15,0.0,27.47817611694336,330.53350830078125,-0.3633727729320526,4.8641581535339355,0.0024216857833337813,0.0,0.0,0.08168147504329681,9.316287994384766,0.060183312743902206,6.861724853515625,0.034272897988557816,4.2735466957092285,0.015042446553707123,2.0081987380981445,0.015042446553707123,2.0081987380981445,0.027532625943422318,5.471674919128418,4.872263272603353,0.004768506687004599,0.00557568326491855,0.0032033308932007884,0.0032033308932007884,0.008105119069417022,traj,3.1354509154942374,-330.58251328824633,44.224681914525476,-0.0032504796981811523,0.0024216857833337813,1.0,0.0,0.0,0.0,0
124,158,6.2,0.0,27.555526733398438,330.5333557128906,-0.3319091498851776,4.749393463134766,0.0022235676087210988,0.0,0.0,0.01035374030470848,8.75782585144043,0.02928433194756508,6.144010066986084,0.021875005215406418,3.6620442867279053,0.01901041716337204,1.7467658519744873,0.021875005215406418,3.6620442867279053,0.024171311408281326,7.858438968658447,4.6740946769714355,0.0038027938293555743,-0.004610633190266132,0.001958111516516686,0.001958111516516686,0.0,traj,6.2806609431889395,-326.5817801274578,59.811702809793736,0.01660764217376709,0.0022235676087210988,0.9749594926834106,0.0,0.0,0.0,0
125,159,6.25,0.0,27.639211654663086,330.5331115722656,-0.3194579482078552,4.862919807434082,0.0031937888655410246,0.0,0.0,0.11035570502281189,8.840178489685059,0.05405838042497635,6.69553279876709,0.019435346126556396,4.278322219848633,0.010371796786785126,2.022265911102295,0.010371796786785126,2.022265911102295,0.02780647575855255,4.498003005981445,4.545945008595784,0.003265030268703237,0.016707525574205333,0.0039355271722261555,0.003265030268703237,0.0,traj,3.135431126752172,-330.57634845434603,45.19833380183887,0.008923888206481934,0.0031937888655410246,1.0,0.0,0.0,0.0,0
126,160,6.3,0.0,27.73046875,330.5328369140625,-0.3088378310203552,4.862919807434082,0.0031937888655410246,0.0,0.0,0.11035570502281189,8.840178489685059,0.05405838042497635,6.69553279876709,0.019435346126556396,4.278322219848633,0.010371796786785126,2.022265911102295,0.010371796786785126,2.022265911102295,0.02780647575855255,4.498003005981445,4.545945008595784,0.003265030268703237,0.016707525574205333,0.0039355271722261555,0.003265030268703237,0.0,traj,3.135431126752172,-330.57634845434603,45.19833380183887,0.008923888206481934,0.0031937888655410246,1.0,0.0,0.0,0.0,0
127,161,6.35,0.0,27.828189849853516,330.5325622558594,-0.2976989448070526,4.862919807434082,0.0031937888655410246,0.0,0.0,0.11035570502281189,8.840178489685059,0.05405838042497635,6.69553279876709,0.019435346126556396,4.278322219848633,0.010371796786785126,2.022265911102295,0.010371796786785126,2.022265911102295,0.02780647575855255,4.498003005981445,4.545945008595784,0.003265030268703237,0.016707525574205333,0.0039355271722261555,0.003265030268703237,0.0,traj,3.135431126752172,-330.57634845434603,45.19833380183887,0.008923888206481934,0.0031937888655410246,1.0,0.0,0.0,0.0,0
128,162,6.4,0.0,27.93338966369629,330.5323486328125,-0.285797119140625,4.960439205169678,-0.00022876200930928162,0.0,1.0,0.05025019496679306,9.189573287963867,0.04625576734542847,7.935516357421875,0.05862901359796524,5.547312259674072,0.04765494912862778,2.616241216659546,0.04765494912862778,2.616241216659546,0.00857642013579607,6.878108501434326,4.38226056098938,0.0115947495254969,0.002027779446050816,0.0007937919360018457,0.0007937919360018457,0.0,traj,6.282519654431615,-326.58144441853227,58.831340869980956,0.04098939895629883,-0.00022876200930928162,0.6850508451461792,0.0,0.0,1.0,0
129,163,6.45,0.0,28.0450382232666,330.5320739746094,-0.2723998725414276,4.836207389831543,0.0037243522684433073,0.0,1.0,0.038559310138225555,8.599390029907227,0.027010977268218994,6.546325206756592,0.020548082888126373,4.3309783935546875,0.011204473674297333,2.1526360511779785,0.011204473674297333,2.1526360511779785,0.08280502259731293,15.902989387512207,4.297877311706543,0.0033136005028011058,0.0035808885723209376,0.0033147388676627743,0.0033136005028011058,0.0,traj,3.1370210210469107,-330.5729913682546,46.16816717718418,0.012553215026855469,0.0037243522684433073,1.0,0.0,0.0,1.0,0
130,164,6.5,0.0,28.164047241210938,330.53173828125,-0.2579040825366974,4.836207389831543,0.0037243522684433073,0.0,1.0,0.038559310138225555,8.599390029907227,0.027010977268218994,6.546325206756592,0.020548082888126373,4.3309783935546875,0.011204473674297333,2.1526360511779785,0.011204473674297333,2.1526360511779785,0.08280502259731293,15.902989387512207,4.297877311706543,0.0033136005028011058,0.0035808885723209376,0.0033147388676627743,0.0033136005028011058,0.0,traj,3.1370210210469107,-330.5729913682546,46.16816717718418,0.012553215026855469,0.0037243522684433073,1.0,0.0,0.0,1.0,0
131,165,6.55,0.0,28.28949737548828,330.5315246582031,-0.242645263671875,4.836207389831543,0.0037243522684433073,0.0,1.0,0.038559310138225555,8.599390029907227,0.027010977268218994,6.546325206756592,0.020548082888126373,4.3309783935546875,0.011204473674297333,2.1526360511779785,0.011204473674297333,2.1526360511779785,0.08280502259731293,15.902989387512207,4.297877311706543,0.0033136005028011058,0.0035808885723209376,0.0033147388676627743,0.0033136005028011058,0.0,traj,3.1370210210469107,-330.5729913682546,46.16816717718418,0.012553215026855469,0.0037243522684433073,1.0,0.0,0.0,1.0,0
132,166,6.6,0.0,28.42217254638672,330.53143310546875,-0.22653193771839142,4.06459379196167,-0.0025913144825241525,0.75,0.0,-0.006456129252910614,9.047282218933105,-0.04982404410839081,7.311572551727295,-0.03774888068437576,4.792194843292236,-0.010543964803218842,2.1110262870788574,-0.010543964803218842,2.1110262870788574,-0.020929427817463875,5.95850133895874,4.624643087387085,-0.003179708559148461,0.015903081071959386,-0.002236155870806589,-0.002236155870806589,0.25,traj,6.286405877270971,-326.57570685125637,57.911766131178766,-0.01796281337738037,-0.0025913144825241525,0.9816272258758545,0.75,0.0,0.0,0
133,167,6.65,0.0,28.561290740966797,330.53131103515625,-0.2112121880054474,3.9239587783813477,0.001793581587259409,0.0,0.0,0.028381183743476868,7.7788591384887695,0.026072107255458832,6.182381629943848,0.020758315920829773,4.10639762878418,0.01437949389219284,1.9231739044189453,0.01437949389219284,1.9231739044189453,0.04858338460326195,15.010854721069336,3.903801918029785,0.004759855114055916,0.000920757563573305,0.0020604125720853216,0.0020604125720853216,0.0,traj,3.139073805012975,-330.5723199488215,47.06044012761908,0.011801481246948242,0.001793581587259409,1.0,0.0,0.0,0.0,0
134,168,6.7,0.0,28.70721435546875,330.53125,-0.1972961276769638,3.9239587783813477,0.001793581587259409,0.0,0.0,0.028381183743476868,7.7788591384887695,0.026072107255458832,6.182381629943848,0.020758315920829773,4.10639762878418,0.01437949389219284,1.9231739044189453,0.01437949389219284,1.9231739044189453,0.04858338460326195,15.010854721069336,3.903801918029785,0.004759855114055916,0.000920757563573305,0.0020604125720853216,0.0020604125720853216,0.0,traj,3.139073805012975,-330.5723199488215,47.06044012761908,0.011801481246948242,0.001793581587259409,1.0,0.0,0.0,0.0,0
135,169,6.75,0.0,28.85891342163086,330.5311279296875,-0.1757201850414276,3.9239587783813477,0.001793581587259409,0.0,0.0,0.028381183743476868,7.7788591384887695,0.026072107255458832,6.182381629943848,0.020758315920829773,4.10639762878418,0.01437949389219284,1.9231739044189453,0.01437949389219284,1.9231739044189453,0.04858338460326195,15.010854721069336,3.903801918029785,0.004759855114055916,0.000920757563573305,0.0020604125720853216,0.0020604125720853216,0.0,traj,3.139073805012975,-330.5723199488215,47.06044012761908,0.011801481246948242,0.001793581587259409,1.0,0.0,0.0,0.0,0
136,170,6.8,0.0,29.0170955657959,330.5310363769531,-0.1587219089269638,3.9147820472717285,-0.001267023333911151,0.75,0.0,-0.018086254596710205,8.657289505004883,-0.05981548875570297,7.295712947845459,-0.04805956780910492,4.868467330932617,-0.013723723590373993,2.1281378269195557,-0.013723723590373993,2.1281378269195557,-0.010987735353410244,5.184582233428955,4.3533564408620204,-0.004105275082675967,0.019504867494279442,-0.001349141970594266,-0.001349141970594266,0.25,traj,6.284886674084936,-326.57527958463197,57.13782127538757,-0.03172951936721802,-0.001267023333911151,0.991362452507019,0.75,0.0,0.0,0
137,171,6.85,0.0,29.18156623840332,330.53082275390625,-0.1475829780101776,3.6590065956115723,0.001637491843339538,0.75,0.0,0.02883318066596985,7.957929611206055,0.028120435774326324,6.026710033416748,0.023708701133728027,4.127388954162598,0.02269735187292099,2.0540778636932373,0.02269735187292099,2.0540778636932373,0.02648279257118702,14.270597457885742,3.9359048207600917,0.007034308107670162,0.00023493067991324677,0.0011814431168954583,0.0011814431168954583,0.25,traj,3.1404618779805045,-330.5727472138638,47.80075079757342,0.02912914752960205,0.001637491843339538,1.0,0.75,0.0,0.0,0
138,172,6.9,0.0,29.352733612060547,330.5303955078125,-0.1454467475414276,3.6590065956115723,0.001637491843339538,0.75,0.0,0.02883318066596985,7.957929611206055,0.028120435774326324,6.026710033416748,0.023708701133728027,4.127388954162598,0.02269735187292099,2.0540778636932373,0.02269735187292099,2.0540778636932373,0.02648279257118702,14.270597457885742,3.9359048207600917,0.007034308107670162,0.00023493067991324677,0.0011814431168954583,0.0011814431168954583,0.25,traj,3.1404618779805045,-330.5727472138638,47.80075079757342,0.02912914752960205,0.001637491843339538,1.0,0.75,0.0,0.0,0
139,173,6.95,0.0,29.53036880493164,330.5299987792969,-0.14108271896839142,3.6590065956115723,0.001637491843339538,0.75,0.0,0.02883318066596985,7.957929611206055,0.028120435774326324,6.026710033416748,0.023708701133728027,4.127388954162598,0.02269735187292099,2.0540778636932373,0.02269735187292099,2.0540778636932373,0.02648279257118702,14.270597457885742,3.9359048207600917,0.007034308107670162,0.00023493067991324677,0.0011814431168954583,0.0011814431168954583,0.25,traj,3.1404618779805045,-330.5727472138638,47.80075079757342,0.02912914752960205,0.001637491843339538,1.0,0.75,0.0,0.0,0
140,174,7.0,0.0,29.7147216796875,330.5295715332031,-0.1395873874425888,4.346562385559082,0.0014889480354964544,0.0,0.0,0.018751099705696106,8.665740966796875,-0.046592988073825836,7.726332664489746,-0.02676934003829956,5.461125373840332,-0.0066396817564964294,2.482135534286499,-0.0066396817564964294,2.482135534286499,0.0077508012764155865,4.3587846755981445,4.124020020167032,-0.0017029457696009264,0.0442112554330219,0.0011320380818990326,0.0011320380818990326,0.0,traj,6.2817571918156485,-326.57897237964903,56.312019424896775,0.012826323509216309,0.0014889480354964544,0.9531389474868774,0.0,0.0,0.0,0
141,175,7.05,0.0,29.905561447143555,330.529052734375,-0.1414489597082138,3.880666494369507,-0.00023461035878610467,0.0,1.0,-0.015754833817481995,6.669182777404785,0.0022376999258995056,5.4726033210754395,0.007018625736236572,3.9053049087524414,0.01561475545167923,1.9777165651321411,0.007018625736236572,3.9053049087524414,-0.01348170731216669,13.523943901062012,3.1277519861857095,0.0011441047494327218,-0.00957185493039106,-0.0006346282924201543,-0.0006346282924201543,0.0,traj,3.143108562627111,-330.57607378124965,48.54742056787823,-0.021396279335021973,-0.00023461035878610467,1.0,0.0,0.0,1.0,0
142,176,7.1,0.0,30.102890014648438,330.5284729003906,-0.1462402045726776,3.880666494369507,-0.00023461035878610467,0.0,1.0,-0.015754833817481995,6.669182777404785,0.0022376999258995056,5.4726033210754395,0.007018625736236572,3.9053049087524414,0.01561475545167923,1.9777165651321411,0.007018625736236572,3.9053049087524414,-0.01348170731216669,13.523943901062012,3.1277519861857095,0.0011441047494327218,-0.00957185493039106,-0.0006346282924201543,-0.0006346282924201543,0.0,traj,3.143108562627111,-330.57607378124965,48.54742056787823,-0.021396279335021973,-0.00023461035878610467,1.0,0.0,0.0,1.0,0
143,177,7.15,0.0,30.306608200073242,330.52783203125,-0.1515502631664276,3.880666494369507,-0.00023461035878610467,0.0,1.0,-0.015754833817481995,6.669182777404785,0.0022376999258995056,5.4726033210754395,0.007018625736236572,3.9053049087524414,0.01561475545167923,1.9777165651321411,0.007018625736236572,3.9053049087524414,-0.01348170731216669,13.523943901062012,3.1277519861857095,0.0011441047494327218,-0.00957185493039106,-0.0006346282924201543,-0.0006346282924201543,0.0,traj,3.143108562627111,-330.57607378124965,48.54742056787823,-0.021396279335021973,-0.00023461035878610467,1.0,0.0,0.0,1.0,0
144,178,7.2,0.0,30.51675033569336,330.527099609375,-0.1570739597082138,4.560522079467773,0.0011039943050063046,0.0,0.0,0.0008374899625778198,8.844561576843262,0.008302263915538788,7.304404258728027,0.007022112607955933,5.2718000411987305,-0.0028443560004234314,2.6015028953552246,-0.0028443560004234314,2.6015028953552246,0.013061695732176304,15.834053039550781,4.162063439687094,-0.0006960241039594912,-0.0030855278395930633,0.0005251378286480107,0.0005251378286480107,0.0,traj,6.28286345402268,-326.57878926741546,55.41214759749839,-0.025661706924438477,0.0011039943050063046,1.0,0.0,0.0,0.0,0
145,179,7.25,0.0,30.73323631286621,330.5265808105469,-0.15350341796875,3.2840256690979004,0.0005476426691189932,0.0,0.0,-0.006194695830345154,6.236591815948486,0.0014109238982200623,5.296490669250488,-0.0018321722745895386,3.6348888874053955,0.009309254586696625,1.638351559638977,-0.0018321722745895386,3.6348888874053955,0.005279353819787502,12.783509254455566,3.065536896387736,-0.0003208949365442353,-0.005150294025687918,0.00026293445551029906,0.00026293445551029906,0.0,traj,3.1417789022114615,-330.5754328852682,49.287860937539776,-0.016289472579956055,0.0005476426691189932,1.0,0.0,0.0,0.0,0
146,180,7.3,0.0,30.956022262573242,330.5261535644531,-0.145355224609375,3.2840256690979004,0.0005476426691189932,0.0,0.0,-0.006194695830345154,6.236591815948486,0.0014109238982200623,5.296490669250488,-0.0018321722745895386,3.6348888874053955,0.009309254586696625,1.638351559638977,-0.0018321722745895386,3.6348888874053955,0.005279353819787502,12.783509254455566,3.065536896387736,-0.0003208949365442353,-0.005150294025687918,0.00026293445551029906,0.00026293445551029906,0.0,traj,3.1417789022114615,-330.5754328852682,49.287860937539776,-0.016289472579956055,0.0005476426691189932,1.0,0.0,0.0,0.0,0
147,181,7.35,0.0,31.18503761291504,330.52569580078125,-0.1363525092601776,3.2840256690979004,0.0005476426691189932,0.0,0.0,-0.006194695830345154,6.236591815948486,0.0014109238982200623,5.296490669250488,-0.0018321722745895386,3.6348888874053955,0.009309254586696625,1.638351559638977,-0.0018321722745895386,3.6348888874053955,0.005279353819787502,12.783509254455566,3.065536896387736,-0.0003208949365442353,-0.005150294025687918,0.00026293445551029906,0.00026293445551029906,0.0,traj,3.1417789022114615,-330.5754328852682,49.287860937539776,-0.016289472579956055,0.0005476426691189932,1.0,0.0,0.0,0.0,0
148,182,7.4,0.0,31.42024040222168,330.525390625,-0.1270141452550888,4.563579559326172,0.0011001010971793976,0.0,1.0,-0.011233069002628326,8.315134048461914,1.2993812561035156e-05,6.797451019287109,-0.0018965676426887512,4.929471015930176,0.002323530614376068,2.490125894546509,0.002323530614376068,2.490125894546509,0.04440862685441971,14.921034812927246,3.8833696047465005,0.0005940468482743617,-0.004717260032309109,0.0018947425392171232,0.0005940468482743617,0.0,traj,6.280955628552709,-326.5819632428554,54.49918754376381,0.0008865594863891602,0.0011001010971793976,1.0,0.0,0.0,1.0,0
149,183,7.45,0.0,31.661590576171875,330.52496337890625,-0.12265011668205261,3.0505707263946533,0.0015157394525158294,0.75,0.0,0.012128114700317383,6.522649765014648,0.012473918497562408,5.084360122680664,0.0057183727622032166,3.456120014190674,0.020331047475337982,1.7173285484313965,0.0057183727622032166,3.456120014190674,0.020935341715812683,12.16744327545166,3.2035978635152182,0.0010533391244623301,-0.00015302406494347744,0.0010953827333532976,0.0010533391244623301,0.15302713712056493,traj,3.14066214958695,-330.5734796707081,49.90391165859429,-0.015637755393981934,0.0015157394525158294,1.0,0.75,0.0,0.0,0
150,184,7.5,0.0,31.90907096862793,330.5245666503906,-0.1209716647863388,3.0505707263946533,0.0015157394525158294,0.75,0.0,0.012128114700317383,6.522649765014648,0.012473918497562408,5.084360122680664,0.0057183727622032166,3.456120014190674,0.020331047475337982,1.7173285484313965,0.0057183727622032166,3.456120014190674,0.020935341715812683,12.16744327545166,3.2035978635152182,0.0010533391244623301,-0.00015302406494347744,0.0010953827333532976,0.0010533391244623301,0.15302713712056493,traj,3.14066214958695,-330.5734796707081,49.90391165859429,-0.015637755393981934,0.0015157394525158294,1.0,0.75,0.0,0.0,0
151,185,7.55,0.0,32.162654876708984,330.5240173339844,-0.119720458984375,3.0505707263946533,0.0015157394525158294,0.75,0.0,0.012128114700317383,6.522649765014648,0.012473918497562408,5.084360122680664,0.0057183727622032166,3.456120014190674,0.020331047475337982,1.7173285484313965,0.0057183727622032166,3.456120014190674,0.020935341715812683,12.16744327545166,3.2035978635152182,0.0010533391244623301,-0.00015302406494347744,0.0010953827333532976,0.0010533391244623301,0.15302713712056493,traj,3.14066214958695,-330.5734796707081,49.90391165859429,-0.015637755393981934,0.0015157394525158294,1.0,0.75,0.0,0.0,0
152,186,7.6,0.0,32.42088317871094,330.52337646484375,-0.11856075376272202,3.666893482208252,0.00015320493637506483,0.75,0.0,0.00653703510761261,8.750927925109863,0.0003833398222923279,6.6626505851745605,-0.004282370209693909,4.404632568359375,0.00051107257604599,2.043858289718628,0.00051107257604599,2.043858289718628,0.044263750314712524,14.081903457641602,4.4713921546936035,0.00015919147111688318,0.001875997464494977,0.0020010658172969886,0.00015919147111688318,0.25,traj,6.280980424084936,-326.58403853065585,53.66005714100877,-0.011703312397003174,0.00015320493637506483,1.0,0.75,0.0,0.0,0
153,187,7.65,0.0,32.67767333984375,330.52294921875,-0.1109313890337944,3.283263683319092,0.0012112097765465026,0.0,1.0,0.02046496793627739,6.083813667297363,0.016964871436357498,4.814242839813232,0.0036657117307186127,3.3086605072021484,0.01910518854856491,1.6586154699325562,0.0036657117307186127,3.3086605072021484,0.032706230878829956,11.54109001159668,2.9502227306365967,0.0007053030407547916,0.0017551031161857514,0.0018041286962282874,0.0007053030407547916,0.0,traj,3.1397689143803458,-330.5714349000312,50.5302391740964,0.013273358345031738,0.0012112097765465026,1.0,0.0,0.0,1.0,0
154,188,7.7,0.0,32.93291091918945,330.52252197265625,-0.102386474609375,3.283263683319092,0.0012112097765465026,0.0,1.0,0.02046496793627739,6.083813667297363,0.016964871436357498,4.814242839813232,0.0036657117307186127,3.3086605072021484,0.01910518854856491,1.6586154699325562,0.0036657117307186127,3.3086605072021484,0.032706230878829956,11.54109001159668,2.9502227306365967,0.0007053030407547916,0.0017551031161857514,0.0018041286962282874,0.0007053030407547916,0.0,traj,3.1397689143803458,-330.5714349000312,50.5302391740964,0.013273358345031738,0.0012112097765465026,1.0,0.0,0.0,1.0,0
155,189,7.75,0.0,33.1868782043457,330.5223083496094,-0.0937499925494194,3.283263683319092,0.0012112097765465026,0.0,1.0,0.02046496793627739,6.083813667297363,0.016964871436357498,4.814242839813232,0.0036657117307186127,3.3086605072021484,0.01910518854856491,1.6586154699325562,0.0036657117307186127,3.3086605072021484,0.032706230878829956,11.54109001159668,2.9502227306365967,0.0007053030407547916,0.0017551031161857514,0.0018041286962282874,0.0007053030407547916,0.0,traj,3.1397689143803458,-330.5714349000312,50.5302391740964,0.013273358345031738,0.0012112097765465026,1.0,0.0,0.0,1.0,0
156,190,7.8,0.0,33.43890380859375,330.5220642089844,-0.0852355882525444,3.5241520404815674,-0.0010044480949186272,0.75,0.0,0.004116952419281006,8.105344772338867,0.0024275854229927063,6.045383453369141,-0.004684343934059143,3.927523612976074,0.003262035548686981,1.848314881324768,-0.004684343934059143,3.927523612976074,0.05580764636397362,13.386360168457031,4.171371936798096,-0.000759241299277498,0.000522102189016894,0.0026540319019502075,-0.000759241299277498,0.25,traj,6.280204133191381,-326.5867242004783,52.9645577198948,0.007127523422241211,-0.0010044480949186272,1.0,0.75,0.0,0.0,0
157,191,7.85,0.0,33.69072341918945,330.52239990234375,-0.047882080078125,2.7258994579315186,0.00153806990223354,0.75,0.0,-0.025899574160575867,6.245307922363281,-0.018823988735675812,4.3738484382629395,-0.01782054454088211,2.6179311275482178,0.02098720520734787,1.246872067451477,-0.01782054454088211,2.6179311275482178,0.02124687284231186,10.917069435119629,3.3326656818389893,-0.004333479291945171,-0.0024069106000569073,0.0012389684879051213,0.0012389684879051213,0.25,traj,3.1407031575825552,-330.5715569732716,51.15428550063055,-0.010424494743347168,0.00153806990223354,1.0,0.75,0.0,0.0,0
158,192,7.9,0.0,33.93888473510742,330.5234375,0.010137312114238739,2.7258994579315186,0.00153806990223354,0.75,0.0,-0.025899574160575867,6.245307922363281,-0.018823988735675812,4.3738484382629395,-0.01782054454088211,2.6179311275482178,0.02098720520734787,1.246872067451477,-0.01782054454088211,2.6179311275482178,0.02124687284231186,10.917069435119629,3.3326656818389893,-0.004333479291945171,-0.0024069106000569073,0.0012389684879051213,0.0012389684879051213,0.25,traj,3.1407031575825552,-330.5715569732716,51.15428550063055,-0.010424494743347168,0.00153806990223354,1.0,0.75,0.0,0.0,0
159,193,7.95,0.0,34.17671585083008,330.5248107910156,0.0705283135175705,2.7258994579315186,0.00153806990223354,0.75,0.0,-0.025899574160575867,6.245307922363281,-0.018823988735675812,4.3738484382629395,-0.01782054454088211,2.6179311275482178,0.02098720520734787,1.246872067451477,-0.01782054454088211,2.6179311275482178,0.02124687284231186,10.917069435119629,3.3326656818389893,-0.004333479291945171,-0.0024069106000569073,0.0012389684879051213,0.0012389684879051213,0.25,traj,3.1407031575825552,-330.5715569732716,51.15428550063055,-0.010424494743347168,0.00153806990223354,1.0,0.75,0.0,0.0,0
160,194,8.0,0.0,34.40058898925781,330.52642822265625,0.12852691113948822,3.9642508029937744,-0.003148016165606427,0.7155984242757167,0.0,0.005155198276042938,7.797402858734131,-0.004383772611618042,5.334429740905762,-0.012462787330150604,3.2162251472473145,-0.005916394293308258,1.6379951238632202,-0.012462787330150604,3.2162251472473145,0.05200432986021042,12.638237953186035,4.106303453445435,-0.0024668644827714635,0.0024655945718486333,0.0026195773921370317,-0.0024668644827714635,0.14205265045166016,traj,6.280478314557348,-326.58861637762715,52.21642310583799,0.010669946670532227,-0.003148016165606427,1.0,0.7155984242757167,0.0,0.0,0
161,195,8.05,0.0,34.61198425292969,330.5276794433594,0.16012990474700928,2.6021511554718018,0.002457885785934849,0.03777887225151031,0.0,-0.007814403623342514,4.504434585571289,-0.015124637633562088,2.561224937438965,-0.0002679973840713501,1.211490511894226,0.021831654012203217,0.7678794264793396,-0.015124637633562088,2.561224937438965,0.02421736903488636,10.407094955444336,2.491467197736104,-0.0037592880557194325,0.0023949400594343905,0.001481440203440574,0.001481440203440574,0.0,traj,3.140447453656469,-330.5707939993037,51.66425330528071,-0.00514531135559082,0.002457885785934849,0.0,0.03777887225151031,1.0,0.0,0
162,196,8.1,0.0,34.8191032409668,330.52874755859375,0.1791544407606125,2.6021511554718018,0.002457885785934849,0.03777887225151031,0.0,-0.007814403623342514,4.504434585571289,-0.015124637633562088,2.561224937438965,-0.0002679973840713501,1.211490511894226,0.021831654012203217,0.7678794264793396,-0.015124637633562088,2.561224937438965,0.02421736903488636,10.407094955444336,2.491467197736104,-0.0037592880557194325,0.0023949400594343905,0.001481440203440574,0.001481440203440574,0.0,traj,3.140447453656469,-330.5707939993037,51.66425330528071,-0.00514531135559082,0.002457885785934849,0.0,0.03777887225151031,1.0,0.0,0
163,197,8.15,0.0,35.02546310424805,330.52978515625,0.19647811353206635,2.6021511554718018,0.002457885785934849,0.03777887225151031,0.0,-0.007814403623342514,4.504434585571289,-0.015124637633562088,2.561224937438965,-0.0002679973840713501,1.211490511894226,0.021831654012203217,0.7678794264793396,-0.015124637633562088,2.561224937438965,0.02421736903488636,10.407094955444336,2.491467197736104,-0.0037592880557194325,0.0023949400594343905,0.001481440203440574,0.001481440203440574,0.0,traj,3.140447453656469,-330.5707939993037,51.66425330528071,-0.00514531135559082,0.002457885785934849,0.0,0.03777887225151031,1.0,0.0,0
164,198,8.2,0.0,35.23151397705078,330.5308837890625,0.21357795596122742,4.465830326080322,0.0011390630575260888,0.0,0.0,0.029583051800727844,8.129427909851074,0.01814853399991989,5.495390892028809,0.007255345582962036,3.1323914527893066,0.0014159604907035828,1.5382760763168335,0.007255345582962036,3.1323914527893066,0.047502875328063965,11.792767524719238,4.394141515096028,0.001474534123279783,0.0027636184926335228,0.002564404641841484,0.001474534123279783,0.0,traj,6.280808285870824,-326.59029492225494,51.37093741742976,0.014105439186096191,0.0011390630575260888,1.0,0.0,0.0,0.0,0
165,199,8.25,0.0,35.43765640258789,330.531005859375,0.18087676167488098,2.351729154586792,0.0028788744561211244,0.0,1.0,0.0018524304032325745,2.61824893951416,0.004137083888053894,1.0592889785766602,-0.0009249597787857056,0.4323016107082367,0.022528402507305145,0.3781745433807373,0.004137083888053894,1.0592889785766602,0.024439198896288872,9.901432991027832,1.4966394926110904,0.0024863128123310055,-0.0009329557771681557,0.0015712951365216305,0.0015712951365216305,0.0,traj,3.140440539517675,-330.5700615456234,52.1699143167121,-0.011709094047546387,0.0028788744561211244,0.0,0.0,1.0,1.0,0
166,200,8.3,0.0,35.64508819580078,330.5303955078125,0.12286712229251862,2.351729154586792,0.0028788744561211244,0.0,1.0,0.0018524304032325745,2.61824893951416,0.004137083888053894,1.0592889785766602,-0.0009249597787857056,0.4323016107082367,0.022528402507305145,0.3781745433807373,0.004137083888053894,1.0592889785766602,0.024439198896288872,9.901432991027832,1.4966394926110904,0.0024863128123310055,-0.0009329557771681557,0.0015712951365216305,0.0015712951365216305,0.0,traj,3.140440539517675,-330.5700615456234,52.1699143167121,-0.011709094047546387,0.0028788744561211244,0.0,0.0,1.0,1.0,0
167,201,8.35,0.0,35.85493850708008,330.52935791015625,0.06052285060286522,2.351729154586792,0.0028788744561211244,0.0,1.0,0.0018524304032325745,2.61824893951416,0.004137083888053894,1.0592889785766602,-0.0009249597787857056,0.4323016107082367,0.022528402507305145,0.3781745433807373,0.004137083888053894,1.0592889785766602,0.024439198896288872,9.901432991027832,1.4966394926110904,0.0024863128123310055,-0.0009329557771681557,0.0015712951365216305,0.0015712951365216305,0.0,traj,3.140440539517675,-330.5700615456234,52.1699143167121,-0.011709094047546387,0.0028788744561211244,0.0,0.0,1.0,1.0,0
168,202,8.4,0.0,36.06794357299805,330.528076171875,-0.0032958982046693563,4.689581871032715,0.0019455262601267274,0.0,0.0,-0.00748448446393013,8.525887489318848,-0.00691826269030571,6.082025527954102,-0.010844949632883072,3.6539950370788574,-0.00042975693941116333,1.7817054986953735,-0.010844949632883072,3.6539950370788574,0.027697578072547913,10.868058204650879,4.496142705281575,-0.0018894099339422747,-0.00014748402261668934,0.001622445664305948,0.001622445664305948,0.0,traj,6.282391862073217,-326.58989817591817,50.4461670609447,-0.010695397853851318,0.0019455262601267274,1.0,0.0,0.0,0.0,0
169,203,8.45,0.0,36.284210205078125,330.5269470214844,-0.049835193902254105,-8.822877134662122e-05,0.003175779933429424,0.75,0.0,0.007385589182376862,1.9185055494308472,0.006514936685562134,0.4753619134426117,-0.006738409399986267,-0.005066961050033569,0.0034252330660820007,-0.02822832018136978,0.006514936685562134,0.4753619134426117,0.02541768178343773,9.6895170211792,1.2993658271928628,0.008724476363285206,0.0003840564767918585,0.0016699534245329258,0.0016699534245329258,0.25,traj,3.140355304875646,-330.56966479612265,52.38182837950094,-0.024731814861297607,0.003175779933429424,0.0,0.75,1.0,0.0,0
170,204,8.5,0.0,36.502811431884766,330.52581787109375,-0.0879211351275444,-8.822877134662122e-05,0.003175779933429424,0.75,0.0,0.007385589182376862,1.9185055494308472,0.006514936685562134,0.4753619134426117,-0.006738409399986267,-0.005066961050033569,0.0034252330660820007,-0.02822832018136978,0.006514936685562134,0.4753619134426117,0.02541768178343773,9.6895170211792,1.2993658271928628,0.008724476363285206,0.0003840564767918585,0.0016699534245329258,0.0016699534245329258,0.25,traj,3.140355304875646,-330.56966479612265,52.38182837950094,-0.024731814861297607,0.003175779933429424,0.0,0.75,1.0,0.0,0
171,205,8.55,0.0,36.722869873046875,330.52459716796875,-0.12484738975763321,-8.822877134662122e-05,0.003175779933429424,0.75,0.0,0.007385589182376862,1.9185055494308472,0.006514936685562134,0.4753619134426117,-0.006738409399986267,-0.005066961050033569,0.0034252330660820007,-0.02822832018136978,0.006514936685562134,0.4753619134426117,0.02541768178343773,9.6895170211792,1.2993658271928628,0.008724476363285206,0.0003840564767918585,0.0016699534245329258,0.0016699534245329258,0.25,traj,3.140355304875646,-330.56966479612265,52.38182837950094,-0.024731814861297607,0.003175779933429424,0.0,0.75,1.0,0.0,0
172,206,8.6,0.0,36.94393539428711,330.5232238769531,-0.1617431342601776,4.693002700805664,0.0032701347279449192,0.0,1.0,0.02478991448879242,8.134208679199219,0.034756265580654144,7.025787353515625,0.017640352249145508,4.962899208068848,0.008920542895793915,2.3882522583007812,0.008920542895793915,2.3882522583007812,0.031842973083257675,9.928962707519531,3.8307247161865234,0.0023778645865093584,-0.005723954024978211,0.002041667497363175,0.002041667497363175,0.0,traj,6.282016114392553,-326.5910578962228,49.50708396029951,-0.003712892532348633,0.0032701347279449192,0.9034156799316406,0.0,0.0,1.0,0
173,207,8.65,0.0,37.16408157348633,330.52197265625,-0.18609619140625,-0.0001716102851787582,0.0028113281540979294,0.75,0.0,0.017099514603614807,2.0056424140930176,0.009053744375705719,0.5419639348983765,-0.0037479326128959656,-0.006509721279144287,0.007798276841640472,-0.038626112043857574,0.009053744375705719,0.5419639348983765,0.0254171434789896,9.689082145690918,1.3643016765515008,0.010634045473239217,0.00349945753921623,0.001670029315523704,0.001670029315523704,0.25,traj,3.140355304875646,-330.56966479612265,52.38226325498981,-0.0205957293510437,0.0028113281540979294,0.0,0.75,1.0,0.0,0
174,208,8.7,0.0,37.37699508666992,330.5209045410156,-0.2035216987133026,-0.0001716102851787582,0.0028113281540979294,0.75,0.0,0.017099514603614807,2.0056424140930176,0.009053744375705719,0.5419639348983765,-0.0037479326128959656,-0.006509721279144287,0.007798276841640472,-0.038626112043857574,0.009053744375705719,0.5419639348983765,0.0254171434789896,9.689082145690918,1.3643016765515008,0.010634045473239217,0.00349945753921623,0.001670029315523704,0.001670029315523704,0.25,traj,3.140355304875646,-330.56966479612265,52.38226325498981,-0.0205957293510437,0.0028113281540979294,0.0,0.75,1.0,0.0,0
175,209,8.75,0.0,37.57657241821289,330.5198059082031,-0.2190246433019638,-0.0001716102851787582,0.0028113281540979294,0.75,0.0,0.017099514603614807,2.0056424140930176,0.009053744375705719,0.5419639348983765,-0.0037479326128959656,-0.006509721279144287,0.007798276841640472,-0.038626112043857574,0.009053744375705719,0.5419639348983765,0.0254171434789896,9.689082145690918,1.3643016765515008,0.010634045473239217,0.00349945753921623,0.001670029315523704,0.001670029315523704,0.25,traj,3.140355304875646,-330.56966479612265,52.38226325498981,-0.0205957293510437,0.0028113281540979294,0.0,0.75,1.0,0.0,0
176,210,8.8,0.0,37.76119613647461,330.51873779296875,-0.23324580490589142,3.7886228561401367,0.00104040808974564,0.75,0.0,0.02606627345085144,8.459118843078613,0.016779400408267975,6.965529441833496,0.007265627384185791,4.558777809143066,0.00014818459749221802,1.9695707559585571,0.00014818459749221802,1.9695707559585571,0.02913503721356392,9.064491271972656,4.3264037768046055,4.793527863645325e-05,0.0039583703604503095,0.00204622095680985,4.793527863645325e-05,0.25,traj,6.282277421155248,-326.5917293140739,48.64260489417984,-0.03817415237426758,0.00104040808974564,1.0,0.75,0.0,0.0,0
177,211,8.85,0.0,37.93081283569336,330.5174865722656,-0.257965087890625,-3.452919554547407e-05,0.004310423764956637,0.75,0.0,0.02403862029314041,2.283027410507202,0.008190497756004333,0.7210365533828735,-0.0029550716280937195,0.028965920209884644,0.011665396392345428,-0.03717321902513504,0.008190497756004333,0.7210365533828735,0.02541690692305565,9.688891410827637,1.5479782323042552,0.007231245228738864,0.0064589785065827555,0.001670029315523704,0.001670029315523704,0.25,traj,3.140355304875646,-330.56966479612265,52.38245398985335,-0.0166318416595459,0.004310423764956637,0.0,0.75,1.0,0.0,0
178,212,8.9,0.0,38.08562088012695,330.5160827636719,-0.2864379584789276,-3.452919554547407e-05,0.004310423764956637,0.75,0.0,0.02403862029314041,2.283027410507202,0.008190497756004333,0.7210365533828735,-0.0029550716280937195,0.028965920209884644,0.011665396392345428,-0.03717321902513504,0.008190497756004333,0.7210365533828735,0.02541690692305565,9.688891410827637,1.5479782323042552,0.007231245228738864,0.0064589785065827555,0.001670029315523704,0.001670029315523704,0.25,traj,3.140355304875646,-330.56966479612265,52.38245398985335,-0.0166318416595459,0.004310423764956637,0.0,0.75,1.0,0.0,0
179,213,8.95,0.0,38.22554016113281,330.51470947265625,-0.3130187392234802,-3.452919554547407e-05,0.004310423764956637,0.75,0.0,0.02403862029314041,2.283027410507202,0.008190497756004333,0.7210365533828735,-0.0029550716280937195,0.028965920209884644,0.011665396392345428,-0.03717321902513504,0.008190497756004333,0.7210365533828735,0.02541690692305565,9.688891410827637,1.5479782323042552,0.007231245228738864,0.0064589785065827555,0.001670029315523704,0.001670029315523704,0.25,traj,3.140355304875646,-330.56966479612265,52.38245398985335,-0.0166318416595459,0.004310423764956637,0.0,0.75,1.0,0.0,0
180,214,9.0,0.0,38.35097885131836,330.5135192871094,-0.33721923828125,3.644916296005249,0.004946325760333439,0.1616638094186792,0.0,0.03466881811618805,7.692379474639893,0.03994628041982651,6.827761650085449,0.026978448033332825,4.847867488861084,0.012988664209842682,2.134206533432007,0.012988664209842682,2.134206533432007,0.05490889772772789,8.344745635986328,3.7055116494496665,0.0038743590336591523,-0.003885722446355446,0.004188927190433628,0.0038743590336591523,0.060595353444417466,traj,6.279670075574193,-326.596398717162,47.922977512827906,-0.008455991744995117,0.004946325760333439,1.0,0.1616638094186792,0.0,0.0,0
181,215,9.05,0.0,38.46376037597656,330.51263427734375,-0.3424682021141052,-2.1870266209589317e-05,0.001564441547210175,0.75,0.0,0.032497696578502655,1.9764965772628784,0.01451919972896576,0.516850471496582,-0.00170830637216568,-0.007165864109992981,0.01045205444097519,-0.0455889031291008,0.01451919972896576,0.516850471496582,0.025416823104023933,9.688822746276855,1.3495505501826603,0.017879054798844076,0.00784087755765789,0.001670029315523704,0.001670029315523704,0.25,traj,3.140355304875646,-330.56966479612265,52.38252265440423,-0.014914393424987793,0.001564441547210175,0.0,0.75,1.0,0.0,0
182,216,9.1,0.0,38.57159423828125,330.5120544433594,-0.338531494140625,-2.1870266209589317e-05,0.001564441547210175,0.75,0.0,0.032497696578502655,1.9764965772628784,0.01451919972896576,0.516850471496582,-0.00170830637216568,-0.007165864109992981,0.01045205444097519,-0.0455889031291008,0.01451919972896576,0.516850471496582,0.025416823104023933,9.688822746276855,1.3495505501826603,0.017879054798844076,0.00784087755765789,0.001670029315523704,0.001670029315523704,0.25,traj,3.140355304875646,-330.56966479612265,52.38252265440423,-0.014914393424987793,0.001564441547210175,0.0,0.75,1.0,0.0,0
183,217,9.15,0.0,38.67910385131836,330.5114440917969,-0.3335570991039276,-2.1870266209589317e-05,0.001564441547210175,0.75,0.0,0.032497696578502655,1.9764965772628784,0.01451919972896576,0.516850471496582,-0.00170830637216568,-0.007165864109992981,0.01045205444097519,-0.0455889031291008,0.01451919972896576,0.516850471496582,0.025416823104023933,9.688822746276855,1.3495505501826603,0.017879054798844076,0.00784087755765789,0.001670029315523704,0.001670029315523704,0.25,traj,3.140355304875646,-330.56966479612265,52.38252265440423,-0.014914393424987793,0.001564441547210175,0.0,0.75,1.0,0.0,0
184,218,9.2,0.0,38.78879165649414,330.5110168457031,-0.3283690810203552,3.8772084712982178,0.005707984344934872,0.04809168875217438,0.0,0.048305243253707886,7.899817943572998,0.05605647712945938,6.564391136169434,0.03917761147022247,4.763919830322266,0.020573414862155914,2.286543369293213,0.020573414862155914,2.286543369293213,0.05574750527739525,7.588365077972412,3.7422973314921064,0.005727920592419057,-0.0036950842775213123,0.004676830370144872,0.004676830370144872,0.0,traj,6.279603318372045,-326.5993895803684,47.166606967363386,0.004652976989746094,0.005707984344934872,1.0,0.04809168875217438,0.0,0.0,0
185,219,9.25,0.0,38.90229797363281,330.51043701171875,-0.324188232421875,-2.7506616788741667e-06,0.0017317057652034016,0.75,0.0,0.03516487032175064,2.2715744972229004,0.013595715165138245,0.7114746570587158,-0.0017117857933044434,0.02536982297897339,0.010449819266796112,-0.03871671110391617,0.013595715165138245,0.7114746570587158,0.0254167839884758,9.68879222869873,1.54116985698541,0.012163856065340517,0.008801050372980127,0.001670029315523704,0.001670029315523704,0.25,traj,3.140355304875646,-330.56966479612265,52.382553171982394,-0.01670163869857788,0.0017317057652034016,0.0,0.75,1.0,0.0,0
186,220,9.3,0.0,39.02088928222656,330.5097961425781,-0.3203124701976776,-2.7506616788741667e-06,0.0017317057652034016,0.75,0.0,0.03516487032175064,2.2715744972229004,0.013595715165138245,0.7114746570587158,-0.0017117857933044434,0.02536982297897339,0.010449819266796112,-0.03871671110391617,0.013595715165138245,0.7114746570587158,0.0254167839884758,9.68879222869873,1.54116985698541,0.012163856065340517,0.008801050372980127,0.001670029315523704,0.001670029315523704,0.25,traj,3.140355304875646,-330.56966479612265,52.382553171982394,-0.01670163869857788,0.0017317057652034016,0.0,0.75,1.0,0.0,0
187,221,9.35,0.0,39.14514923095703,330.5091857910156,-0.31634521484375,-2.7506616788741667e-06,0.0017317057652034016,0.75,0.0,0.03516487032175064,2.2715744972229004,0.013595715165138245,0.7114746570587158,-0.0017117857933044434,0.02536982297897339,0.010449819266796112,-0.03871671110391617,0.013595715165138245,0.7114746570587158,0.0254167839884758,9.68879222869873,1.54116985698541,0.012163856065340517,0.008801050372980127,0.001670029315523704,0.001670029315523704,0.25,traj,3.140355304875646,-330.56966479612265,52.382553171982394,-0.01670163869857788,0.0017317057652034016,0.0,0.75,1.0,0.0,0
188,222,9.4,0.0,39.27565002441406,330.5085754394531,-0.3121642768383026,3.969741106033325,0.004824978911991701,0.3765858580668785,0.0,0.0841377004981041,8.470136642456055,0.05953848361968994,6.775954246520996,0.029735855758190155,4.905288219451904,0.01444149762392044,2.4348151683807373,0.01444149762392044,2.4348151683807373,0.04350479692220688,6.801925182342529,4.023856560389201,0.00377592841862019,0.009242963612279952,0.004071751500672521,0.00377592841862019,0.05411545435587595,traj,6.281065301099096,-326.5999084015275,46.38009268406482,-0.019556760787963867,0.004824978911991701,1.0,0.3765858580668785,0.0,0.0,0
189,223,9.45,0.0,39.41229248046875,330.50830078125,-0.2883605659008026,-2.6609159249346703e-06,0.0013956291530050782,0.75,0.0,0.03264562413096428,2.001990795135498,0.015198353677988052,0.5268049240112305,-0.002754122018814087,-0.008099377155303955,0.009346388280391693,-0.04950801283121109,0.015198353677988052,0.5268049240112305,0.0254167802631855,9.688788414001465,1.369090018173059,0.01836141793622853,0.00752904147655142,0.001670029315523704,0.001670029315523704,0.25,traj,3.140355304875646,-330.56966479612265,52.38255698667967,-0.020367860794067383,0.0013956291530050782,0.0,0.75,1.0,0.0,0
190,224,9.5,0.0,39.55373764038086,330.5083923339844,-0.25543212890625,-2.6609159249346703e-06,0.0013956291530050782,0.75,0.0,0.03264562413096428,2.001990795135498,0.015198353677988052,0.5268049240112305,-0.002754122018814087,-0.008099377155303955,0.009346388280391693,-0.04950801283121109,0.015198353677988052,0.5268049240112305,0.0254167802631855,9.688788414001465,1.369090018173059,0.01836141793622853,0.00752904147655142,0.001670029315523704,0.001670029315523704,0.25,traj,3.140355304875646,-330.56966479612265,52.38255698667967,-0.020367860794067383,0.0013956291530050782,0.0,0.75,1.0,0.0,0
191,225,9.55,0.0,39.6982536315918,330.5085754394531,-0.22100830078125,-2.6609159249346703e-06,0.0013956291530050782,0.75,0.0,0.03264562413096428,2.001990795135498,0.015198353677988052,0.5268049240112305,-0.002754122018814087,-0.008099377155303955,0.009346388280391693,-0.04950801283121109,0.015198353677988052,0.5268049240112305,0.0254167802631855,9.688788414001465,1.369090018173059,0.01836141793622853,0.00752904147655142,0.001670029315523704,0.001670029315523704,0.25,traj,3.140355304875646,-330.56966479612265,52.38255698667967,-0.020367860794067383,0.0013956291530050782,0.0,0.75,1.0,0.0,0
192,226,9.6,0.0,39.84493637084961,330.5087890625,-0.185882568359375,4.148705959320068,0.004217419355758296,0.75,0.0,0.11215683817863464,8.974922180175781,0.058613963425159454,6.74403190612793,0.02384604513645172,4.740941524505615,0.011367760598659515,2.477672576904297,0.011367760598659515,2.477672576904297,0.047180287539958954,5.992930889129639,4.332152207692464,0.0029208646255253724,0.015276373270115327,0.005011813203438608,0.0029208646255253724,0.18344624837239554,traj,6.280557946362768,-326.6022583624243,45.57112509263018,0.004613757133483887,0.004217419355758296,1.0,0.75,0.0,0.0,0
193,227,9.65,0.0,39.991573333740234,330.5088195800781,-0.167388916015625,-8.52325058531278e-07,0.002205661129447049,0.75,0.0,0.03797284513711929,2.070216178894043,0.015100017189979553,0.5789220929145813,-0.0004743337631225586,0.004066035151481628,0.011665038764476776,-0.04155724495649338,0.015100017189979553,0.5789220929145813,0.025416774675250053,9.6887845993042,1.4091647739211717,0.016601202296125467,0.009763424027034924,0.001670029315523704,0.001670029315523704,0.25,traj,3.140355304875646,-330.56966479612265,52.38256080137693,-0.016829609870910645,0.002205661129447049,0.0,0.75,1.0,0.0,0
194,228,9.7,0.0,40.1323127746582,330.50872802734375,-0.1568298190832138,-8.52325058531278e-07,0.002205661129447049,0.75,0.0,0.03797284513711929,2.070216178894043,0.015100017189979553,0.5789220929145813,-0.0004743337631225586,0.004066035151481628,0.011665038764476776,-0.04155724495649338,0.015100017189979553,0.5789220929145813,0.025416774675250053,9.6887845993042,1.4091647739211717,0.016601202296125467,0.009763424027034924,0.001670029315523704,0.001670029315523704,0.25,traj,3.140355304875646,-330.56966479612265,52.38256080137693,-0.016829609870910645,0.002205661129447049,0.0,0.75,1.0,0.0,0
195,229,9.75,0.0,40.26152801513672,330.5086975097656,-0.1480712890625,-8.52325058531278e-07,0.002205661129447049,0.75,0.0,0.03797284513711929,2.070216178894043,0.015100017189979553,0.5789220929145813,-0.0004743337631225586,0.004066035151481628,0.011665038764476776,-0.04155724495649338,0.015100017189979553,0.5789220929145813,0.025416774675250053,9.6887845993042,1.4091647739211717,0.016601202296125467,0.009763424027034924,0.001670029315523704,0.001670029315523704,0.25,traj,3.140355304875646,-330.56966479612265,52.38256080137693,-0.016829609870910645,0.002205661129447049,0.0,0.75,1.0,0.0,0
196,230,9.8,0.0,40.37137985229492,330.5086669921875,-0.14108271896839142,4.538721084594727,0.0004887280186594018,0.0,1.0,0.0024006180465221405,8.052752494812012,0.0017900057137012482,5.762080192565918,-0.0035427697002887726,3.7306900024414062,0.0010836049914360046,1.9633593559265137,-0.0035427697002887726,3.7306900024414062,0.03933370113372803,5.125898361206055,4.059604088465373,-0.0006044995690813202,0.00016966442784423607,0.004884999357848706,-0.0006044995690813202,0.0,traj,6.281739548840795,-326.60274666645984,44.70404058827454,-0.005238771438598633,0.0004887280186594018,1.0,0.0,0.0,1.0,0
197,231,9.85,0.0,40.42446517944336,330.5086975097656,-0.1336669921875,-3.188450534707954e-07,0.0018763691718242715,0.75,0.0,0.03748249635100365,2.115549087524414,0.015448499470949173,0.6202610731124878,-0.0008728206157684326,0.014489784836769104,0.009956412017345428,-0.04233112186193466,0.015448499470949173,0.6202610731124878,0.025416774675250053,9.6887845993042,1.4395234361290932,0.015852689454082847,0.009380326305587987,0.001670029315523704,0.001670029315523704,0.25,traj,3.140355304875646,-330.56966479612265,52.38256080137693,-0.015687942504882812,0.0018763691718242715,0.0,0.75,1.0,0.0,0
198,232,9.9,0.0,40.4415283203125,330.5088195800781,-0.1275329440832138,-3.188450534707954e-07,0.0018763691718242715,0.75,0.0,0.03748249635100365,2.115549087524414,0.015448499470949173,0.6202610731124878,-0.0008728206157684326,0.014489784836769104,0.009956412017345428,-0.04233112186193466,0.015448499470949173,0.6202610731124878,0.025416774675250053,9.6887845993042,1.4395234361290932,0.015852689454082847,0.009380326305587987,0.001670029315523704,0.001670029315523704,0.25,traj,3.140355304875646,-330.56966479612265,52.38256080137693,-0.015687942504882812,0.0018763691718242715,0.0,0.75,1.0,0.0,0
199,233,9.95,0.0,40.46678161621094,330.50897216796875,-0.1195373386144638,-3.188450534707954e-07,0.0018763691718242715,0.75,0.0,0.03748249635100365,2.115549087524414,0.015448499470949173,0.6202610731124878,-0.0008728206157684326,0.014489784836769104,0.009956412017345428,-0.04233112186193466,0.015448499470949173,0.6202610731124878,0.025416774675250053,9.6887845993042,1.4395234361290932,0.015852689454082847,0.009380326305587987,0.001670029315523704,0.001670029315523704,0.25,traj,3.140355304875646,-330.56966479612265,52.38256080137693,-0.015687942504882812,0.0018763691718242715,0.0,0.75,1.0,0.0,0
200,234,10.0,0.0,40.49837875366211,330.5091247558594,-0.0943908616900444,3.916400671005249,-0.003896000142307062,0.75,0.0,-0.025792181491851807,7.98505163192749,-0.032755039632320404,5.998836517333984,-0.02688448131084442,3.827202558517456,0.0034980252385139465,1.7908051013946533,-0.02688448131084442,3.827202558517456,0.040384355932474136,4.254196643829346,4.129662195841472,-0.004471904459124095,0.0022316985382710855,0.006043171768110534,-0.004471904459124095,0.21326152483622263,traj,6.281547860303197,-326.60424209569004,43.83234792961573,-0.020585238933563232,-0.003896000142307062,1.0,0.75,0.0,0.0,0
201,235,10.05,0.0,40.53802490234375,330.509521484375,-0.0720214694738388,-8.786526706217046e-08,0.0019505990985415394,0.75,0.0,0.0341745987534523,2.3410630226135254,0.013269156217575073,0.7852288484573364,-0.0024321675300598145,0.04420928657054901,0.009506963193416595,-0.04119708389043808,0.013269156217575073,0.7852288484573364,0.025416774675250053,9.6887845993042,1.5889315555493035,0.01075683709631789,0.00855364574304411,0.001670029315523704,0.001670029315523704,0.25,traj,3.140355304875646,-330.56966479612265,52.38256080137693,-0.01595175266265869,0.0019505990985415394,0.0,0.75,1.0,0.0,0
202,236,10.1,0.0,40.58382797241211,330.5098876953125,-0.0319824144244194,-8.786526706217046e-08,0.0019505990985415394,0.75,0.0,0.0341745987534523,2.3410630226135254,0.013269156217575073,0.7852288484573364,-0.0024321675300598145,0.04420928657054901,0.009506963193416595,-0.04119708389043808,0.013269156217575073,0.7852288484573364,0.025416774675250053,9.6887845993042,1.5889315555493035,0.01075683709631789,0.00855364574304411,0.001670029315523704,0.001670029315523704,0.25,traj,3.140355304875646,-330.56966479612265,52.38256080137693,-0.01595175266265869,0.0019505990985415394,0.0,0.75,1.0,0.0,0
203,237,10.15,0.0,40.63542556762695,330.510498046875,-0.02276611141860485,-8.786526706217046e-08,0.0019505990985415394,0.75,0.0,0.0341745987534523,2.3410630226135254,0.013269156217575073,0.7852288484573364,-0.0024321675300598145,0.04420928657054901,0.009506963193416595,-0.04119708389043808,0.013269156217575073,0.7852288484573364,0.025416774675250053,9.6887845993042,1.5889315555493035,0.01075683709631789,0.00855364574304411,0.001670029315523704,0.001670029315523704,0.25,traj,3.140355304875646,-330.56966479612265,52.38256080137693,-0.01595175266265869,0.0019505990985415394,0.0,0.75,1.0,0.0,0
204,238,10.2,0.0,40.69417190551758,330.5111999511719,-0.0015869139460846782,3.801142454147339,0.005293640879628589,0.75,0.0,0.04523678496479988,9.35750961303711,0.031054195016622543,6.512138366699219,0.022236663848161697,3.9031381607055664,0.013786785304546356,1.8049288988113403,0.013786785304546356,1.8049288988113403,0.10859832167625427,16.129470825195312,5.035098711649577,0.0048626874065599976,0.0031732021698619543,0.004286219440610921,0.004286219440610921,0.25,traj,6.2792452136662344,-326.6090946157577,43.08334356458118,0.008656620979309082,0.005293640879628589,1.0,0.75,0.0,0.0,0
205,239,10.25,0.0,40.7593994140625,330.51171875,0.0188475102186203,-2.7377964784136566e-08,0.0022969039190219565,0.75,0.0,0.030370105057954788,2.0104806423187256,0.013873260468244553,0.5636171698570251,-0.001469448208808899,0.011187568306922913,0.006486944854259491,-0.040289513766765594,0.013873260468244553,0.5636171698570251,0.025416774675250053,9.6887845993042,1.3677922959129016,0.015667060090640055,0.007258262421455803,0.001670029315523704,0.001670029315523704,0.25,traj,3.140355304875646,-330.56966479612265,52.38256080137693,-0.01528388261795044,0.0022969039190219565,0.0,0.75,1.0,0.0,0
206,240,10.3,0.0,40.832298278808594,330.5121765136719,0.03775568678975105,-2.7377964784136566e-08,0.0022969039190219565,0.75,0.0,0.030370105057954788,2.0104806423187256,0.013873260468244553,0.5636171698570251,-0.001469448208808899,0.011187568306922913,0.006486944854259491,-0.040289513766765594,0.013873260468244553,0.5636171698570251,0.025416774675250053,9.6887845993042,1.3677922959129016,0.015667060090640055,0.007258262421455803,0.001670029315523704,0.001670029315523704,0.25,traj,3.140355304875646,-330.56966479612265,52.38256080137693,-0.01528388261795044,0.0022969039190219565,0.0,0.75,1.0,0.0,0
207,241,10.35,0.0,40.91167068481445,330.5127258300781,0.057957034558057785,-2.7377964784136566e-08,0.0022969039190219565,0.75,0.0,0.030370105057954788,2.0104806423187256,0.013873260468244553,0.5636171698570251,-0.001469448208808899,0.011187568306922913,0.006486944854259491,-0.040289513766765594,0.013873260468244553,0.5636171698570251,0.025416774675250053,9.6887845993042,1.3677922959129016,0.015667060090640055,0.007258262421455803,0.001670029315523704,0.001670029315523704,0.25,traj,3.140355304875646,-330.56966479612265,52.38256080137693,-0.01528388261795044,0.0022969039190219565,0.0,0.75,1.0,0.0,0
208,242,10.4,0.0,40.99866485595703,330.5133972167969,0.08036039024591446,4.240239143371582,0.004642470565544653,0.75,0.0,0.0431794747710228,9.40685749053955,0.03670889139175415,6.619261741638184,0.033890388906002045,4.019718170166016,0.016055487096309662,1.9230024814605713,0.016055487096309662,1.9230024814605713,0.08416509628295898,15.325748443603516,4.989293257395426,0.005315149493577953,0.0014777215448924558,0.003496118335622002,0.003496118335622002,0.25,traj,6.28070052067307,-326.6101322596579,42.2794800380949,0.045130133628845215,0.004642470565544653,0.98403000831604,0.75,0.0,0.0,0
209,243,10.45,0.0,41.09212875366211,330.5140075683594,0.10333946347236633,-2.3665958082119687e-09,0.002621763368464611,0.75,0.0,0.03513208031654358,2.1780037879943848,0.01303141564130783,0.6862823963165283,-0.0017396807670593262,0.03133092820644379,0.007943324744701385,-0.03814049810171127,0.01303141564130783,0.6862823963165283,0.025416774675250053,9.6887845993042,1.47809736430645,0.012086978491682483,0.009431173269409192,0.001670029315523704,0.001670029315523704,0.25,traj,3.140355304875646,-330.56966479612265,52.38256080137693,-0.014127612113952637,0.002621763368464611,0.0,0.75,1.0,0.0,0
210,244,10.5,0.0,41.19313049316406,330.51483154296875,0.12764756381511688,-2.3665958082119687e-09,0.002621763368464611,0.75,0.0,0.03513208031654358,2.1780037879943848,0.01303141564130783,0.6862823963165283,-0.0017396807670593262,0.03133092820644379,0.007943324744701385,-0.03814049810171127,0.01303141564130783,0.6862823963165283,0.025416774675250053,9.6887845993042,1.47809736430645,0.012086978491682483,0.009431173269409192,0.001670029315523704,0.001670029315523704,0.25,traj,3.140355304875646,-330.56966479612265,52.38256080137693,-0.014127612113952637,0.002621763368464611,0.0,0.75,1.0,0.0,0
211,245,10.55,0.0,41.30059051513672,330.5156555175781,0.15342827141284943,-2.3665958082119687e-09,0.002621763368464611,0.75,0.0,0.03513208031654358,2.1780037879943848,0.01303141564130783,0.6862823963165283,-0.0017396807670593262,0.03133092820644379,0.007943324744701385,-0.03814049810171127,0.01303141564130783,0.6862823963165283,0.025416774675250053,9.6887845993042,1.47809736430645,0.012086978491682483,0.009431173269409192,0.001670029315523704,0.001670029315523704,0.25,traj,3.140355304875646,-330.56966479612265,52.38256080137693,-0.014127612113952637,0.002621763368464611,0.0,0.75,1.0,0.0,0
212,246,10.6,0.0,41.41546630859375,330.51666259765625,0.18089407682418823,4.7311224937438965,0.0010578933740208725,0.75,0.0,0.005169026553630829,10.674209594726562,0.01641327142715454,7.759524345397949,0.02832823246717453,4.941615104675293,0.015069834887981415,2.3771378993988037,0.015069834887981415,2.3771378993988037,-0.0005274266004562378,14.426390647888184,5.531435330708821,0.004035779171043787,-0.0024559361800994433,-2.3250470713235194e-05,-2.3250470713235194e-05,0.25,traj,6.28597624699143,-326.6037843119421,41.37990575708364,0.014554858207702637,0.0010578933740208725,0.8237572908401489,0.75,0.0,0.0,0
213,247,10.65,0.0,41.53501510620117,330.51751708984375,0.19963380694389343,-1.0046120380025059e-08,0.0029537859787993163,0.75,0.0,0.03975905478000641,2.1087329387664795,0.01631089299917221,0.616369366645813,-0.0023613497614860535,0.014836445450782776,0.007265172898769379,-0.04437374323606491,0.01631089299917221,0.616369366645813,0.025416774675250053,9.6887845993042,1.436238706111908,0.016842839210762364,0.010001797629068368,0.001670029315523704,0.001670029315523704,0.25,traj,3.140355304875646,-330.56966479612265,52.38256080137693,-0.017886221408843994,0.0029537859787993163,0.0,0.75,1.0,0.0,0
214,248,10.7,0.0,41.653446197509766,330.518310546875,0.2146138697862625,-1.0046120380025059e-08,0.0029537859787993163,0.75,0.0,0.03975905478000641,2.1087329387664795,0.01631089299917221,0.616369366645813,-0.0023613497614860535,0.014836445450782776,0.007265172898769379,-0.04437374323606491,0.01631089299917221,0.616369366645813,0.025416774675250053,9.6887845993042,1.436238706111908,0.016842839210762364,0.010001797629068368,0.001670029315523704,0.001670029315523704,0.25,traj,3.140355304875646,-330.56966479612265,52.38256080137693,-0.017886221408843994,0.0029537859787993163,0.0,0.75,1.0,0.0,0
215,249,10.75,0.0,41.76237106323242,330.5190124511719,0.22802281379699707,-1.0046120380025059e-08,0.0029537859787993163,0.75,0.0,0.03975905478000641,2.1087329387664795,0.01631089299917221,0.616369366645813,-0.0023613497614860535,0.014836445450782776,0.007265172898769379,-0.04437374323606491,0.01631089299917221,0.616369366645813,0.025416774675250053,9.6887845993042,1.436238706111908,0.016842839210762364,0.010001797629068368,0.001670029315523704,0.001670029315523704,0.25,traj,3.140355304875646,-330.56966479612265,52.38256080137693,-0.017886221408843994,0.0029537859787993163,0.0,0.75,1.0,0.0,0
216,250,10.8,0.0,41.851722717285156,330.5196838378906,0.23851846158504486,5.117945671081543,-0.00014914619384024308,0.75,0.0,-0.036182552576065063,11.444986343383789,-0.03264065831899643,8.518918991088867,-0.004997178912162781,5.574612617492676,-0.005156315863132477,2.705892324447632,-0.005156315863132477,2.705892324447632,-0.0366254523396492,13.430171012878418,5.8261505762736,-0.0012131453151202343,-0.000770549056903408,-0.0017361101325708774,-0.0012131453151202343,0.25,traj,6.288337067761693,-326.5966123528472,40.38375097056966,-0.039841413497924805,-0.00014914619384024308,0.7073785066604614,0.75,0.0,0.0,0
217,251,10.85,0.0,41.88096237182617,330.5198669433594,0.24116067588329315,1.1456394943820669e-08,0.0032346632788553195,0.75,0.0,0.032722413539886475,2.2568836212158203,0.012717567384243011,0.729026198387146,-0.003037005662918091,0.03850848972797394,0.009075455367565155,-0.0410415455698967,0.012717567384243011,0.729026198387146,0.025416774675250053,9.6887845993042,1.532768502831459,0.011104417834080761,0.008335003798612925,0.001670029315523704,0.001670029315523704,0.25,traj,3.140355304875646,-330.56966479612265,52.38256080137693,-0.015121519565582275,0.0032346632788553195,0.0,0.75,1.0,0.0,0
218,252,10.9,0.0,41.880859375,330.5198669433594,0.2409435212612152,1.1456394943820669e-08,0.0032346632788553195,0.75,0.0,0.032722413539886475,2.2568836212158203,0.012717567384243011,0.729026198387146,-0.003037005662918091,0.03850848972797394,0.009075455367565155,-0.0410415455698967,0.012717567384243011,0.729026198387146,0.025416774675250053,9.6887845993042,1.532768502831459,0.011104417834080761,0.008335003798612925,0.001670029315523704,0.001670029315523704,0.25,traj,3.140355304875646,-330.56966479612265,52.38256080137693,-0.015121519565582275,0.0032346632788553195,0.0,0.75,1.0,0.0,0
219,253,10.95,0.0,41.88092803955078,330.5198669433594,0.24094365537166595,1.1456394943820669e-08,0.0032346632788553195,0.75,0.0,0.032722413539886475,2.2568836212158203,0.012717567384243011,0.729026198387146,-0.003037005662918091,0.03850848972797394,0.009075455367565155,-0.0410415455698967,0.012717567384243011,0.729026198387146,0.025416774675250053,9.6887845993042,1.532768502831459,0.011104417834080761,0.008335003798612925,0.001670029315523704,0.001670029315523704,0.25,traj,3.140355304875646,-330.56966479612265,52.38256080137693,-0.015121519565582275,0.0032346632788553195,0.0,0.75,1.0,0.0,0
220,254,11.0,0.0,41.88104248046875,330.5198669433594,0.24094465374946594,5.195621967315674,0.0015014330521168071,0.75,0.0,0.05634620040655136,11.356650352478027,0.043380409479141235,8.525030136108398,0.048428840935230255,5.506526947021484,0.02499999850988388,2.613278388977051,0.02499999850988388,2.613278388977051,0.00931693147867918,12.40340518951416,5.829000473022461,0.0060900724004112885,0.002915021019235472,0.00047823719634725655,0.00047823719634725655,0.25,traj,6.285005406537328,-326.59594093341406,39.35693746209005,-0.015778660774230957,0.0015014330521168071,0.689948558807373,0.75,0.0,0.0,0
221,255,11.05,0.0,41.88115692138672,330.5198669433594,0.24094603955745697,-1.9063785272610545e-10,0.0031006691969004403,0.75,0.0,0.032182496041059494,2.235055923461914,0.012218330055475235,0.6945141553878784,-0.0036389008164405823,0.024748563766479492,0.008280836045742035,-0.04312825947999954,0.012218330055475235,0.6945141553878784,0.025416774675250053,9.6887845993042,1.5196932504574459,0.011198674444626936,0.008249626433987764,0.001670029315523704,0.001670029315523704,0.25,traj,3.140355304875646,-330.56966479612265,52.38256080137693,-0.0205380916595459,0.0031006691969004403,0.0,0.75,1.0,0.0,0
222,256,11.1,0.0,41.882938385009766,330.5198669433594,0.24121643602848053,-1.9063785272610545e-10,0.0031006691969004403,0.75,0.0,0.032182496041059494,2.235055923461914,0.012218330055475235,0.6945141553878784,-0.0036389008164405823,0.024748563766479492,0.008280836045742035,-0.04312825947999954,0.012218330055475235,0.6945141553878784,0.025416774675250053,9.6887845993042,1.5196932504574459,0.011198674444626936,0.008249626433987764,0.001670029315523704,0.001670029315523704,0.25,traj,3.140355304875646,-330.56966479612265,52.38256080137693,-0.0205380916595459,0.0031006691969004403,0.0,0.75,1.0,0.0,0
223,257,11.15,0.0,41.88444137573242,330.5198669433594,0.2414202243089676,-1.9063785272610545e-10,0.0031006691969004403,0.75,0.0,0.032182496041059494,2.235055923461914,0.012218330055475235,0.6945141553878784,-0.0036389008164405823,0.024748563766479492,0.008280836045742035,-0.04312825947999954,0.012218330055475235,0.6945141553878784,0.025416774675250053,9.6887845993042,1.5196932504574459,0.011198674444626936,0.008249626433987764,0.001670029315523704,0.001670029315523704,0.25,traj,3.140355304875646,-330.56966479612265,52.38256080137693,-0.0205380916595459,0.0031006691969004403,0.0,0.75,1.0,0.0,0
224,258,11.2,0.0,41.88935089111328,330.5198669433594,0.2432553917169571,5.557577133178711,0.0032189453060278276,0.75,0.0,0.08662973344326019,11.417876243591309,0.05461939051747322,8.668829917907715,0.04843759164214134,5.796749114990234,0.024816744029521942,2.852041482925415,0.024816744029521942,2.852041482925415,0.03627520799636841,11.32643985748291,5.710748354593913,0.005539331480335927,0.007412548805707313,0.002038859530704392,0.002038859530704392,0.15317122141520212,traj,6.282933072247777,-326.5974668813498,38.280017904958164,0.02233588695526123,0.0032189453060278276,0.5145567655563354,0.75,0.0,0.0,0
225,259,11.25,0.0,41.89878845214844,330.5198669433594,0.2425592988729477,2.070154270228386e-09,0.002949956803995878,0.75,0.0,0.03008626028895378,2.165431499481201,0.012656230479478836,0.6677258610725403,-0.0035451576113700867,0.03287644684314728,0.006580017507076263,-0.04020213335752487,0.012656230479478836,0.6677258610725403,0.025416774675250053,9.6887845993042,1.4710933069388072,0.01206519777732922,0.007408526583196083,0.001670029315523704,0.001670029315523704,0.25,traj,3.140355304875646,-330.56966479612265,52.38256080137693,-0.011866390705108643,0.002949956803995878,0.0,0.75,1.0,0.0,0
226,260,11.3,0.0,41.91261291503906,330.51995849609375,0.24637022614479065,2.070154270228386e-09,0.002949956803995878,0.75,0.0,0.03008626028895378,2.165431499481201,0.012656230479478836,0.6677258610725403,-0.0035451576113700867,0.03287644684314728,0.006580017507076263,-0.04020213335752487,0.012656230479478836,0.6677258610725403,0.025416774675250053,9.6887845993042,1.4710933069388072,0.01206519777732922,0.007408526583196083,0.001670029315523704,0.001670029315523704,0.25,traj,3.140355304875646,-330.56966479612265,52.38256080137693,-0.011866390705108643,0.002949956803995878,0.0,0.75,1.0,0.0,0
227,261,11.35,0.0,41.93328094482422,330.5201110839844,0.2519667446613312,2.070154270228386e-09,0.002949956803995878,0.75,0.0,0.03008626028895378,2.165431499481201,0.012656230479478836,0.6677258610725403,-0.0035451576113700867,0.03287644684314728,0.006580017507076263,-0.04020213335752487,0.012656230479478836,0.6677258610725403,0.025416774675250053,9.6887845993042,1.4710933069388072,0.01206519777732922,0.007408526583196083,0.001670029315523704,0.001670029315523704,0.25,traj,3.140355304875646,-330.56966479612265,52.38256080137693,-0.011866390705108643,0.002949956803995878,0.0,0.75,1.0,0.0,0
228,262,11.4,0.0,41.96070861816406,330.5201416015625,0.2716197073459625,5.965831279754639,0.0008089116344327516,0.0,0.0,0.04018419235944748,11.159690856933594,0.015306740999221802,8.5846529006958,0.011531062424182892,5.819936275482178,0.0022060349583625793,2.9317445755004883,0.0022060349583625793,2.9317445755004883,0.0041232663206756115,10.169425010681152,5.485389391581217,0.0004789961062550358,0.006150178065107401,0.00025815332309129017,0.00025815332309129017,0.0,traj,6.285705880322729,-326.5938046050384,37.12295155816626,-0.027812063694000244,0.0008089116344327516,0.41894519329071045,0.0,0.0,0.0,0
229,263,11.45,0.0,41.99569320678711,330.5202941894531,0.2787265479564667,1.3299972234648294e-09,0.002856637921504502,0.75,0.0,0.025678042322397232,2.1204416751861572,0.012063276022672653,0.6256782412528992,-0.0033403635025024414,0.01595635712146759,0.006851129233837128,-0.040950559079647064,0.012063276022672653,0.6256782412528992,0.025416774675250053,9.6887845993042,1.4417027508219082,0.012272683746116054,0.005798347431860967,0.001670029315523704,0.001670029315523704,0.25,traj,3.140355304875646,-330.56966479612265,52.38256080137693,-0.01588296890258789,0.002856637921504502,0.0,0.75,1.0,0.0,0
230,264,11.5,0.0,42.03535079956055,330.52044677734375,0.28661784529685974,1.3299972234648294e-09,0.002856637921504502,0.75,0.0,0.025678042322397232,2.1204416751861572,0.012063276022672653,0.6256782412528992,-0.0033403635025024414,0.01595635712146759,0.006851129233837128,-0.040950559079647064,0.012063276022672653,0.6256782412528992,0.025416774675250053,9.6887845993042,1.4417027508219082,0.012272683746116054,0.005798347431860967,0.001670029315523704,0.001670029315523704,0.25,traj,3.140355304875646,-330.56966479612265,52.38256080137693,-0.01588296890258789,0.002856637921504502,0.0,0.75,1.0,0.0,0
231,265,11.55,0.0,42.08121871948242,330.5206604003906,0.2980366349220276,1.3299972234648294e-09,0.002856637921504502,0.75,0.0,0.025678042322397232,2.1204416751861572,0.012063276022672653,0.6256782412528992,-0.0033403635025024414,0.01595635712146759,0.006851129233837128,-0.040950559079647064,0.012063276022672653,0.6256782412528992,0.025416774675250053,9.6887845993042,1.4417027508219082,0.012272683746116054,0.005798347431860967,0.001670029315523704,0.001670029315523704,0.25,traj,3.140355304875646,-330.56966479612265,52.38256080137693,-0.01588296890258789,0.002856637921504502,0.0,0.75,1.0,0.0,0
232,266,11.6,0.0,42.13328170776367,330.5209655761719,0.3080335557460785,6.074967384338379,0.002252160488134065,0.0,0.0,0.10227197408676147,11.375871658325195,0.06098223477602005,8.776369094848633,0.03673543035984039,5.960763454437256,0.013161666691303253,3.0046141147613525,0.013161666691303253,3.0046141147613525,0.024005688726902008,8.952672958374023,5.581189314524333,0.0027886625195902366,0.010111004764797796,0.0017070641190233284,0.0017070641190233284,0.0,traj,6.283759431042943,-326.5931942277625,35.90622716075593,-0.006569802761077881,0.002252160488134065,0.4493086338043213,0.0,0.0,0.0,0
233,267,11.65,0.0,42.19144058227539,330.5213928222656,0.30533117055892944,2.315832192678613e-09,0.002589200441596575,0.75,0.0,0.023521721363067627,2.013840675354004,0.01084425300359726,0.5738930106163025,-0.003367885947227478,0.01556849479675293,0.006624273955821991,-0.04284391552209854,0.01084425300359726,0.5738930106163025,0.025416774675250053,9.6887845993042,1.3718464275201163,0.012028087082838819,0.005604749514386494,0.001670029315523704,0.001670029315523704,0.25,traj,3.140355304875646,-330.56966479612265,52.38256080137693,-0.014060556888580322,0.002589200441596575,0.0,0.75,1.0,0.0,0
234,268,11.7,0.0,42.2559814453125,330.5218811035156,0.28832393884658813,2.315832192678613e-09,0.002589200441596575,0.75,0.0,0.023521721363067627,2.013840675354004,0.01084425300359726,0.5738930106163025,-0.003367885947227478,0.01556849479675293,0.006624273955821991,-0.04284391552209854,0.01084425300359726,0.5738930106163025,0.025416774675250053,9.6887845993042,1.3718464275201163,0.012028087082838819,0.005604749514386494,0.001670029315523704,0.001670029315523704,0.25,traj,3.140355304875646,-330.56966479612265,52.38256080137693,-0.014060556888580322,0.002589200441596575,0.0,0.75,1.0,0.0,0
235,269,11.75,0.0,42.327972412109375,330.5223388671875,0.2746572196483612,2.315832192678613e-09,0.002589200441596575,0.75,0.0,0.023521721363067627,2.013840675354004,0.01084425300359726,0.5738930106163025,-0.003367885947227478,0.01556849479675293,0.006624273955821991,-0.04284391552209854,0.01084425300359726,0.5738930106163025,0.025416774675250053,9.6887845993042,1.3718464275201163,0.012028087082838819,0.005604749514386494,0.001670029315523704,0.001670029315523704,0.25,traj,3.140355304875646,-330.56966479612265,52.38256080137693,-0.014060556888580322,0.002589200441596575,0.0,0.75,1.0,0.0,0
236,270,11.8,0.0,42.407005310058594,330.52276611328125,0.27171292901039124,5.845911502838135,0.003458175527619679,0.0,0.0,0.045790791511535645,11.099370002746582,0.040765441954135895,8.535850524902344,0.03553478419780731,5.770176887512207,0.025552593171596527,2.88307785987854,0.025552593171596527,2.88307785987854,0.03235998749732971,7.757232666015625,5.477546215057373,0.005642163772840008,0.0012479995158076935,0.0026557015037473215,0.0026557015037473215,0.0,traj,6.282881096997533,-326.5940487562651,34.71081166230043,0.009935140609741211,0.003458175527619679,0.5259331464767456,0.0,0.0,0.0,0
237,271,11.85,0.0,42.49382400512695,330.5229187011719,0.2608283460140228,-1.1897747231870426e-09,0.0027680190629357404,0.75,0.0,0.026078030467033386,1.9704266786575317,0.013118930160999298,0.5314967632293701,-0.0035766884684562683,0.003936663269996643,0.008211188018321991,-0.04486044496297836,0.013118930160999298,0.5314967632293701,0.025416774675250053,9.6887845993042,1.34467543164889,0.015710469737365028,0.005733308852764288,0.001670029315523704,0.001670029315523704,0.25,traj,3.140355304875646,-330.56966479612265,52.38256080137693,-0.021909654140472412,0.0027680190629357404,0.0,0.75,1.0,0.0,0
238,272,11.9,0.0,42.58653259277344,330.52301025390625,0.24553059041500092,-1.1897747231870426e-09,0.0027680190629357404,0.75,0.0,0.026078030467033386,1.9704266786575317,0.013118930160999298,0.5314967632293701,-0.0035766884684562683,0.003936663269996643,0.008211188018321991,-0.04486044496297836,0.013118930160999298,0.5314967632293701,0.025416774675250053,9.6887845993042,1.34467543164889,0.015710469737365028,0.005733308852764288,0.001670029315523704,0.001670029315523704,0.25,traj,3.140355304875646,-330.56966479612265,52.38256080137693,-0.021909654140472412,0.0027680190629357404,0.0,0.75,1.0,0.0,0
239,273,11.95,0.0,42.68566131591797,330.52313232421875,0.22896893322467804,-1.1897747231870426e-09,0.0027680190629357404,0.75,0.0,0.026078030467033386,1.9704266786575317,0.013118930160999298,0.5314967632293701,-0.0035766884684562683,0.003936663269996643,0.008211188018321991,-0.04486044496297836,0.013118930160999298,0.5314967632293701,0.025416774675250053,9.6887845993042,1.34467543164889,0.015710469737365028,0.005733308852764288,0.001670029315523704,0.001670029315523704,0.25,traj,3.140355304875646,-330.56966479612265,52.38256080137693,-0.021909654140472412,0.0027680190629357404,0.0,0.75,1.0,0.0,0
240,274,12.0,0.0,42.789794921875,330.5230407714844,0.21160335838794708,5.54944372177124,0.002919677721631565,0.75,0.0,0.1091906800866127,11.596878051757812,0.06179662048816681,8.733001708984375,0.034318916499614716,5.785727024078369,0.009927965700626373,2.839358329772949,0.009927965700626373,2.839358329772949,0.01850268989801407,6.616653919219971,5.838760693868001,0.0022259308229719637,0.010534400602347808,0.0017802230341332427,0.0017802230341332427,0.25,traj,6.2846000949528555,-326.5919124294715,33.57019047544305,-0.010422348976135254,0.002919677721631565,0.5689224004745483,0.75,0.0,0.0,0
241,275,12.05,0.0,42.89810562133789,330.5231628417969,0.19804224371910095,-1.4347888210863857e-08,0.0025586879944356207,0.75,0.0,0.029545947909355164,2.0060179233551025,0.013701625168323517,0.5686713457107544,-0.0014762282371520996,0.011738806962966919,0.007673375308513641,-0.03912729769945145,0.013701625168323517,0.5686713457107544,0.025416774675250053,9.6887845993042,1.3641704966624577,0.015335795915894438,0.007017384416726686,0.001670029315523704,0.001670029315523704,0.25,traj,3.140355304875646,-330.56966479612265,52.38256080137693,-0.01871180534362793,0.0025586879944356207,0.0,0.75,1.0,0.0,0
242,276,12.1,0.0,43.00286102294922,330.523193359375,0.18651077151298523,-1.4347888210863857e-08,0.0025586879944356207,0.75,0.0,0.029545947909355164,2.0060179233551025,0.013701625168323517,0.5686713457107544,-0.0014762282371520996,0.011738806962966919,0.007673375308513641,-0.03912729769945145,0.013701625168323517,0.5686713457107544,0.025416774675250053,9.6887845993042,1.3641704966624577,0.015335795915894438,0.007017384416726686,0.001670029315523704,0.001670029315523704,0.25,traj,3.140355304875646,-330.56966479612265,52.38256080137693,-0.01871180534362793,0.0025586879944356207,0.0,0.75,1.0,0.0,0
243,277,12.15,0.0,43.0901985168457,330.5232849121094,0.17746785283088684,-1.4347888210863857e-08,0.0025586879944356207,0.75,0.0,0.029545947909355164,2.0060179233551025,0.013701625168323517,0.5686713457107544,-0.0014762282371520996,0.011738806962966919,0.007673375308513641,-0.03912729769945145,0.013701625168323517,0.5686713457107544,0.025416774675250053,9.6887845993042,1.3641704966624577,0.015335795915894438,0.007017384416726686,0.001670029315523704,0.001670029315523704,0.25,traj,3.140355304875646,-330.56966479612265,52.38256080137693,-0.01871180534362793,0.0025586879944356207,0.0,0.75,1.0,0.0,0
244,278,12.2,0.0,43.11829376220703,330.5232849121094,0.17511430382728577,5.407925128936768,0.002966713534759643,0.6951844841241819,0.0,0.12459273636341095,11.023139953613281,0.0758388563990593,8.355459213256836,0.04392310976982117,5.536694526672363,0.026448361575603485,2.6994028091430664,0.026448361575603485,2.6994028091430664,0.017488986253738403,5.526360511779785,5.549611409505208,0.006237300922520453,0.011633378039802859,0.002014650304646236,0.002014650304646236,0.14168628056844046,traj,6.284720257916723,-326.5900202523226,32.479896589679655,-0.0014744400978088379,0.002966713534759643,0.617712140083313,0.6951844841241819,0.0,0.0,0
245,279,12.25,0.0,43.118186950683594,330.5232849121094,0.17482906579971313,-9.62857460429234e-10,0.002300600758910226,0.75,0.0,0.025322549045085907,1.7398799657821655,0.013226166367530823,0.39165040850639343,-0.002599753439426422,-0.014829248189926147,0.008360855281352997,-0.04357431083917618,0.013226166367530823,0.39165040850639343,0.025416774675250053,9.6887845993042,1.1905568254490693,0.021490707049965262,0.005711604029401804,0.001670029315523704,0.001670029315523704,0.25,traj,3.140355304875646,-330.56966479612265,52.38256080137693,-0.019593656063079834,0.002300600758910226,0.0,0.75,1.0,0.0,0
246,280,12.3,0.0,43.118247985839844,330.5232849121094,0.1748281866312027,-9.62857460429234e-10,0.002300600758910226,0.75,0.0,0.025322549045085907,1.7398799657821655,0.013226166367530823,0.39165040850639343,-0.002599753439426422,-0.014829248189926147,0.008360855281352997,-0.04357431083917618,0.013226166367530823,0.39165040850639343,0.025416774675250053,9.6887845993042,1.1905568254490693,0.021490707049965262,0.005711604029401804,0.001670029315523704,0.001670029315523704,0.25,traj,3.140355304875646,-330.56966479612265,52.38256080137693,-0.019593656063079834,0.002300600758910226,0.0,0.75,1.0,0.0,0
247,281,12.35,0.0,43.11834716796875,330.5232849121094,0.17482717335224152,-9.62857460429234e-10,0.002300600758910226,0.75,0.0,0.025322549045085907,1.7398799657821655,0.013226166367530823,0.39165040850639343,-0.002599753439426422,-0.014829248189926147,0.008360855281352997,-0.04357431083917618,0.013226166367530823,0.39165040850639343,0.025416774675250053,9.6887845993042,1.1905568254490693,0.021490707049965262,0.005711604029401804,0.001670029315523704,0.001670029315523704,0.25,traj,3.140355304875646,-330.56966479612265,52.38256080137693,-0.019593656063079834,0.002300600758910226,0.0,0.75,1.0,0.0,0
248,282,12.4,0.0,43.11845016479492,330.5232849121094,0.17482633888721466,5.610441207885742,0.0030314025409800484,0.75,0.0,0.04242037981748581,11.604589462280273,0.0391542911529541,8.722188949584961,0.03081870824098587,5.786062240600586,0.01697465032339096,2.8400466442108154,0.01697465032339096,2.8400466442108154,0.014843609184026718,4.424655914306641,5.843059221903483,0.003804994668088134,0.0007213919307997106,0.0021356964349370173,0.0021356964349370173,0.23261801401774118,traj,6.285176114239965,-326.5877008101313,31.378187222333324,-0.008860945701599121,0.0030314025409800484,0.5305503606796265,0.75,0.0,0.0,0
249,283,12.45,0.0,43.11853790283203,330.5232849121094,0.1748257577419281,5.972165539880336e-10,0.0022216537327974183,0.75,0.0,0.027134515345096588,1.976702094078064,0.012359529733657837,0.5386108160018921,-0.0018304213881492615,0.0016739070415496826,0.008991442620754242,-0.042916037142276764,0.012359529733657837,0.5386108160018921,0.025416774675250053,9.6887845993042,1.3474506164590518,0.014605952257583186,0.006540409539687463,0.001670029315523704,0.001670029315523704,0.25,traj,3.140355304875646,-330.56966479612265,52.38256080137693,-0.017982125282287598,0.0022216537327974183,0.0,0.75,1.0,0.0,0
250,284,12.5,0.0,43.11860275268555,330.5232849121094,0.17482544481754303,5.972165539880336e-10,0.0022216537327974183,0.75,0.0,0.027134515345096588,1.976702094078064,0.012359529733657837,0.5386108160018921,-0.0018304213881492615,0.0016739070415496826,0.008991442620754242,-0.042916037142276764,0.012359529733657837,0.5386108160018921,0.025416774675250053,9.6887845993042,1.3474506164590518,0.014605952257583186,0.006540409539687463,0.001670029315523704,0.001670029315523704,0.25,traj,3.140355304875646,-330.56966479612265,52.38256080137693,-0.017982125282287598,0.0022216537327974183,0.0,0.75,1.0,0.0,0
251,285,12.55,0.0,43.11865234375,330.5232849121094,0.1748252511024475,5.972165539880336e-10,0.0022216537327974183,0.75,0.0,0.027134515345096588,1.976702094078064,0.012359529733657837,0.5386108160018921,-0.0018304213881492615,0.0016739070415496826,0.008991442620754242,-0.042916037142276764,0.012359529733657837,0.5386108160018921,0.025416774675250053,9.6887845993042,1.3474506164590518,0.014605952257583186,0.006540409539687463,0.001670029315523704,0.001670029315523704,0.25,traj,3.140355304875646,-330.56966479612265,52.38256080137693,-0.017982125282287598,0.0022216537327974183,0.0,0.75,1.0,0.0,0
252,286,12.6,0.0,43.118690490722656,330.5232849121094,0.17482511699199677,5.9459123611450195,0.0009290447012407362,0.21831097900867819,0.0,0.0225045308470726,11.918546676635742,0.012426793575286865,8.984655380249023,0.022575266659259796,5.969306945800781,0.00986827164888382,2.966787576675415,0.00986827164888382,2.966787576675415,-0.002025773050263524,15.408723831176758,5.967880090077719,0.0021175584881410947,0.0021867710717305574,-8.365969937245908e-05,-8.365969937245908e-05,0.02196772893269916,traj,6.285125092664037,-326.58541188664566,30.219903987112026,-0.027443766593933105,0.0009290447012407362,0.47416257858276367,0.21831097900867819,0.0,0.0,0
253,287,12.65,0.0,43.11870193481445,330.5232849121094,0.1748250126838684,-6.593678936184233e-10,0.0021782037689835974,0.75,0.0,0.024868112057447433,1.808122992515564,0.012118581682443619,0.42592713236808777,-0.002093203365802765,-0.01130133867263794,0.010484211146831512,-0.04823949187994003,0.012118581682443619,0.42592713236808777,0.025416774675250053,9.6887845993042,1.2391565615932147,0.018108397372974948,0.005872113474897104,0.001670029315523704,0.001670029315523704,0.25,traj,3.140355304875646,-330.56966479612265,52.38256080137693,-0.027029454708099365,0.0021782037689835974,0.0,0.75,1.0,0.0,0
254,288,12.7,0.0,43.11872100830078,330.5232849121094,0.17482487857341766,-6.593678936184233e-10,0.0021782037689835974,0.75,0.0,0.024868112057447433,1.808122992515564,0.012118581682443619,0.42592713236808777,-0.002093203365802765,-0.01130133867263794,0.010484211146831512,-0.04823949187994003,0.012118581682443619,0.42592713236808777,0.025416774675250053,9.6887845993042,1.2391565615932147,0.018108397372974948,0.005872113474897104,0.001670029315523704,0.001670029315523704,0.25,traj,3.140355304875646,-330.56966479612265,52.38256080137693,-0.027029454708099365,0.0021782037689835974,0.0,0.75,1.0,0.0,0
255,289,12.75,0.0,43.11874008178711,330.5232849121094,0.1748248189687729,-6.593678936184233e-10,0.0021782037689835974,0.75,0.0,0.024868112057447433,1.808122992515564,0.012118581682443619,0.42592713236808777,-0.002093203365802765,-0.01130133867263794,0.010484211146831512,-0.04823949187994003,0.012118581682443619,0.42592713236808777,0.025416774675250053,9.6887845993042,1.2391565615932147,0.018108397372974948,0.005872113474897104,0.001670029315523704,0.001670029315523704,0.25,traj,3.140355304875646,-330.56966479612265,52.38256080137693,-0.027029454708099365,0.0021782037689835974,0.0,0.75,1.0,0.0,0
256,290,12.8,0.0,43.11874771118164,330.5232849121094,0.17482474446296692,6.102991104125977,0.002999018906577725,0.08574852347373964,0.0,0.06705982983112335,11.925440788269043,0.040207646787166595,9.00605583190918,0.03958636522293091,5.99879264831543,0.02491312474012375,2.9926183223724365,0.02491312474012375,2.9926183223724365,0.04082145169377327,14.193903923034668,5.955321153004964,0.005299667731459257,0.005855417456925961,0.001830918215972893,0.001830918215972893,0.0,traj,6.282392815747533,-326.587120948397,29.005136529401632,0.00020384788513183594,0.002999018906577725,0.4073063135147095,0.08574852347373964,0.0,0.0,0
257,291,12.85,0.0,43.1187629699707,330.5232849121094,0.17482474446296692,4.1919492876907327e-10,0.002207549392161342,0.75,0.0,0.028832118958234787,2.0734200477600098,0.012799087911844254,0.5990751385688782,-0.0019517317414283752,0.015690013766288757,0.007461272180080414,-0.040600769221782684,0.012799087911844254,0.5990751385688782,0.025416774675250053,9.6887845993042,1.4100506976246834,0.013599182373923307,0.006922748351226622,0.001670029315523704,0.001670029315523704,0.25,traj,3.140355304875646,-330.56966479612265,52.38256080137693,-0.01733875274658203,0.002207549392161342,0.0,0.75,1.0,0.0,0
258,292,12.9,0.0,43.11876678466797,330.5232849121094,0.17482474446296692,4.1919492876907327e-10,0.002207549392161342,0.75,0.0,0.028832118958234787,2.0734200477600098,0.012799087911844254,0.5990751385688782,-0.0019517317414283752,0.015690013766288757,0.007461272180080414,-0.040600769221782684,0.012799087911844254,0.5990751385688782,0.025416774675250053,9.6887845993042,1.4100506976246834,0.013599182373923307,0.006922748351226622,0.001670029315523704,0.001670029315523704,0.25,traj,3.140355304875646,-330.56966479612265,52.38256080137693,-0.01733875274658203,0.002207549392161342,0.0,0.75,1.0,0.0,0
259,293,12.95,0.0,43.118778228759766,330.5232849121094,0.17482474446296692,4.1919492876907327e-10,0.002207549392161342,0.75,0.0,0.028832118958234787,2.0734200477600098,0.012799087911844254,0.5990751385688782,-0.0019517317414283752,0.015690013766288757,0.007461272180080414,-0.040600769221782684,0.012799087911844254,0.5990751385688782,0.025416774675250053,9.6887845993042,1.4100506976246834,0.013599182373923307,0.006922748351226622,0.001670029315523704,0.001670029315523704,0.25,traj,3.140355304875646,-330.56966479612265,52.38256080137693,-0.01733875274658203,0.002207549392161342,0.0,0.75,1.0,0.0,0
260,294,13.0,0.0,43.11878204345703,330.5232849121094,0.1748247593641281,5.966729640960693,0.0008394169668133211,0.0,0.0,0.01651347056031227,11.850385665893555,0.00044788047671318054,8.943401336669922,0.005145791918039322,5.970758438110352,-0.0008494332432746887,2.9805729389190674,-0.0008494332432746887,2.9805729389190674,0.0409267321228981,12.982172966003418,5.913244724273682,-0.00018140729549441935,0.003518278504929154,0.002006985314577666,-0.00018140729549441935,0.0,traj,6.282407120862279,-326.5883722279824,27.793405570718814,-0.03283536434173584,0.0008394169668133211,0.44865190982818604,0.0,0.0,0.0,0
261,295,13.05,0.0,43.11878204345703,330.5232849121094,0.1748247593641281,-4.3144207650946953e-10,0.002157713201473559,0.75,0.0,0.02269682288169861,1.8047977685928345,0.012341834604740143,0.43180713057518005,-0.001436084508895874,-0.013187766075134277,0.009367190301418304,-0.04867773503065109,0.012341834604740143,0.43180713057518005,0.025416774675250053,9.6887845993042,1.236890365680059,0.018190814988959768,0.004801215704029882,0.001670029315523704,0.001670029315523704,0.25,traj,3.140355304875646,-330.56966479612265,52.38256080137693,-0.02731984853744507,0.002157713201473559,0.0,0.75,1.0,0.0,0
262,296,13.1,0.0,43.11878204345703,330.5232849121094,0.1748247593641281,-4.3144207650946953e-10,0.002157713201473559,0.75,0.0,0.02269682288169861,1.8047977685928345,0.012341834604740143,0.43180713057518005,-0.001436084508895874,-0.013187766075134277,0.009367190301418304,-0.04867773503065109,0.012341834604740143,0.43180713057518005,0.025416774675250053,9.6887845993042,1.236890365680059,0.018190814988959768,0.004801215704029882,0.001670029315523704,0.001670029315523704,0.25,traj,3.140355304875646,-330.56966479612265,52.38256080137693,-0.02731984853744507,0.002157713201473559,0.0,0.75,1.0,0.0,0
263,297,13.15,0.0,43.11878967285156,330.5232849121094,0.1748247593641281,-4.3144207650946953e-10,0.002157713201473559,0.75,0.0,0.02269682288169861,1.8047977685928345,0.012341834604740143,0.43180713057518005,-0.001436084508895874,-0.013187766075134277,0.009367190301418304,-0.04867773503065109,0.012341834604740143,0.43180713057518005,0.025416774675250053,9.6887845993042,1.236890365680059,0.018190814988959768,0.004801215704029882,0.001670029315523704,0.001670029315523704,0.25,traj,3.140355304875646,-330.56966479612265,52.38256080137693,-0.02731984853744507,0.002157713201473559,0.0,0.75,1.0,0.0,0
264,298,13.2,0.0,43.11878967285156,330.5232849121094,0.1748247593641281,5.697882652282715,-0.0008830485972020362,0.75,0.0,0.02759161964058876,11.997455596923828,0.0014877431094646454,9.0062255859375,-0.0067529939115047455,5.991160869598389,-0.008011765778064728,2.943145990371704,-0.008011765778064728,2.943145990371704,0.07944168895483017,11.813254356384277,6.036290009816488,-0.0017329986019489828,0.005555496261371624,0.004281058853238023,-0.0017329986019489828,0.25,traj,6.2795012752201895,-326.59346889769483,26.624671972324094,-0.036092281341552734,-0.0008830485972020362,0.523216724395752,0.75,0.0,0.0,0
265,299,13.25,0.0,43.11878967285156,330.5232849121094,0.1748247593641281,-8.502705761692653e-10,0.0020648695863119296,0.75,0.0,0.023964613676071167,2.0591626167297363,0.01007465273141861,0.5917174816131592,-0.0026225298643112183,0.014701098203659058,0.008420281112194061,-0.041999198496341705,0.01007465273141861,0.5917174816131592,0.025416774675250053,9.6887845993042,1.4016216744979222,0.010838116347441041,0.006025716840231613,0.001670029315523704,0.001670029315523704,0.25,traj,3.140355304875646,-330.56966479612265,52.38256080137693,-0.022513866424560547,0.0020648695863119296,0.0,0.75,1.0,0.0,0
266,300,13.3,0.0,43.11879348754883,330.5232849121094,0.1748247593641281,-8.502705761692653e-10,0.0020648695863119296,0.75,0.0,0.023964613676071167,2.0591626167297363,0.01007465273141861,0.5917174816131592,-0.0026225298643112183,0.014701098203659058,0.008420281112194061,-0.041999198496341705,0.01007465273141861,0.5917174816131592,0.025416774675250053,9.6887845993042,1.4016216744979222,0.010838116347441041,0.006025716840231613,0.001670029315523704,0.001670029315523704,0.25,traj,3.140355304875646,-330.56966479612265,52.38256080137693,-0.022513866424560547,0.0020648695863119296,0.0,0.75,1.0,0.0,0
267,301,13.35,0.0,43.11879348754883,330.5232849121094,0.1748247593641281,-8.502705761692653e-10,0.0020648695863119296,0.75,0.0,0.023964613676071167,2.0591626167297363,0.01007465273141861,0.5917174816131592,-0.0026225298643112183,0.014701098203659058,0.008420281112194061,-0.041999198496341705,0.01007465273141861,0.5917174816131592,0.025416774675250053,9.6887845993042,1.4016216744979222,0.010838116347441041,0.006025716840231613,0.001670029315523704,0.001670029315523704,0.25,traj,3.140355304875646,-330.56966479612265,52.38256080137693,-0.022513866424560547,0.0020648695863119296,0.0,0.75,1.0,0.0,0
268,302,13.4,0.0,43.11879348754883,330.5232849121094,0.1748247593641281,5.54713249206543,0.007991083219673494,0.75,0.0,0.141257181763649,11.447112083435059,0.10511519759893417,8.6849365234375,0.06639224290847778,5.788840293884277,0.02948155254125595,2.8228445053100586,0.02948155254125595,2.8228445053100586,0.13467174768447876,10.693583488464355,5.749994913736979,0.006648554201545998,0.008329463756286137,0.008016944656262664,0.006648554201545998,0.2028624216715489,traj,6.274975613751684,-326.6044252110876,25.505533253147362,0.012891650199890137,0.007991083219673494,0.6309877634048462,0.75,0.0,0.0,0
269,303,13.45,0.0,43.11879348754883,330.5232849121094,0.1748247593641281,-2.033419127522862e-10,0.002144273381325482,0.75,0.0,0.02762974426150322,1.9465649127960205,0.014378402382135391,0.5120757818222046,-0.0019437521696090698,-0.0005749166011810303,0.009245477616786957,-0.043612249195575714,0.014378402382135391,0.5120757818222046,0.025416774675250053,9.6887845993042,1.327952653169632,0.0178707067898585,0.005880689156855009,0.001670029315523704,0.001670029315523704,0.25,traj,3.140355304875646,-330.56966479612265,52.38256080137693,-0.025584697723388672,0.002144273381325482,0.0,0.75,1.0,0.0,0
270,304,13.5,0.0,43.11879348754883,330.5232849121094,0.1748247593641281,-2.033419127522862e-10,0.002144273381325482,0.75,0.0,0.02762974426150322,1.9465649127960205,0.014378402382135391,0.5120757818222046,-0.0019437521696090698,-0.0005749166011810303,0.009245477616786957,-0.043612249195575714,0.014378402382135391,0.5120757818222046,0.025416774675250053,9.6887845993042,1.327952653169632,0.0178707067898585,0.005880689156855009,0.001670029315523704,0.001670029315523704,0.25,traj,3.140355304875646,-330.56966479612265,52.38256080137693,-0.025584697723388672,0.002144273381325482,0.0,0.75,1.0,0.0,0
271,305,13.55,0.0,43.11879348754883,330.5232849121094,0.1748247593641281,-2.033419127522862e-10,0.002144273381325482,0.75,0.0,0.02762974426150322,1.9465649127960205,0.014378402382135391,0.5120757818222046,-0.0019437521696090698,-0.0005749166011810303,0.009245477616786957,-0.043612249195575714,0.014378402382135391,0.5120757818222046,0.025416774675250053,9.6887845993042,1.327952653169632,0.0178707067898585,0.005880689156855009,0.001670029315523704,0.001670029315523704,0.25,traj,3.140355304875646,-330.56966479612265,52.38256080137693,-0.025584697723388672,0.002144273381325482,0.0,0.75,1.0,0.0,0
272,306,13.6,0.0,43.11879348754883,330.5232849121094,0.1748247593641281,5.766084671020508,0.008825440630253248,0.0,0.0,0.18931645154953003,11.556928634643555,0.13262221217155457,8.706168174743652,0.07585202157497406,5.79576301574707,0.033356182277202606,2.8759233951568604,0.033356182277202606,2.8759233951568604,0.11082670092582703,9.56363582611084,5.78828779856364,0.00738348255623937,0.01265904478016644,0.007377031822023246,0.007377031822023246,0.022203127543131806,traj,6.277175263562475,-326.6108952336258,24.375333819233873,0.0033818483352661133,0.008825440630253248,0.4446605443954468,0.0,0.0,0.0,0
273,307,13.65,0.0,43.11879348754883,330.5232849121094,0.1748247593641281,-3.015155625174515e-10,0.0022016113964516623,0.75,0.0,0.02750590071082115,2.1952829360961914,0.01140541210770607,0.681591808795929,-0.002754688262939453,0.02896517515182495,0.01020803302526474,-0.039270974695682526,0.01140541210770607,0.681591808795929,0.025416774675250053,9.6887845993042,1.4906756728887558,0.010651879856072027,0.006771194042643115,0.001670029315523704,0.001670029315523704,0.25,traj,3.140355304875646,-330.56966479612265,52.38256080137693,-0.01975572109222412,0.0022016113964516623,0.0,0.75,1.0,0.0,0
274,308,13.7,0.0,43.11879348754883,330.5232849121094,0.1748247593641281,-3.015155625174515e-10,0.0022016113964516623,0.75,0.0,0.02750590071082115,2.1952829360961914,0.01140541210770607,0.681591808795929,-0.002754688262939453,0.02896517515182495,0.01020803302526474,-0.039270974695682526,0.01140541210770607,0.681591808795929,0.025416774675250053,9.6887845993042,1.4906756728887558,0.010651879856072027,0.006771194042643115,0.001670029315523704,0.001670029315523704,0.25,traj,3.140355304875646,-330.56966479612265,52.38256080137693,-0.01975572109222412,0.0022016113964516623,0.0,0.75,1.0,0.0,0
275,309,13.75,0.0,43.11879348754883,330.5232849121094,0.1748247593641281,-3.015155625174515e-10,0.0022016113964516623,0.75,0.0,0.02750590071082115,2.1952829360961914,0.01140541210770607,0.681591808795929,-0.002754688262939453,0.02896517515182495,0.01020803302526474,-0.039270974695682526,0.01140541210770607,0.681591808795929,0.025416774675250053,9.6887845993042,1.4906756728887558,0.010651879856072027,0.006771194042643115,0.001670029315523704,0.001670029315523704,0.25,traj,3.140355304875646,-330.56966479612265,52.38256080137693,-0.01975572109222412,0.0022016113964516623,0.0,0.75,1.0,0.0,0
276,310,13.8,0.0,43.11879348754883,330.5232849121094,0.1748247593641281,5.859559059143066,0.003148400835550213,0.0,0.0,0.09609781205654144,11.169864654541016,0.059234850108623505,8.530381202697754,0.03005446493625641,5.7440338134765625,0.009096972644329071,2.8729841709136963,0.009096972644329071,2.8729841709136963,0.07811591029167175,8.389674186706543,5.5315782229105634,0.002015788669507905,0.008890449960116516,0.0059273621161834295,0.002015788669507905,0.0,traj,6.280454949536596,-326.6127568920691,23.201061280401916,-0.021165430545806885,0.003148400835550213,0.412062406539917,0.0,0.0,0.0,0
277,311,13.85,0.0,43.11879348754883,330.5232849121094,0.1748247593641281,6.284685549751146e-10,0.0021670506392513977,0.75,0.0,0.026427458971738815,1.9939227104187012,0.01226261630654335,0.5322067737579346,-0.0031320974230766296,-0.0020089447498321533,0.009033255279064178,-0.047062017023563385,0.01226261630654335,0.5322067737579346,0.025416774675250053,9.6887845993042,1.3619258105754852,0.014665830249306965,0.006168999030820325,0.001670029315523704,0.001670029315523704,0.25,traj,3.140355304875646,-330.56966479612265,52.38256080137693,-0.02570509910583496,0.0021670506392513977,0.0,0.75,1.0,0.0,0
278,312,13.9,0.0,43.11879348754883,330.5232849121094,0.1748247593641281,6.284685549751146e-10,0.0021670506392513977,0.75,0.0,0.026427458971738815,1.9939227104187012,0.01226261630654335,0.5322067737579346,-0.0031320974230766296,-0.0020089447498321533,0.009033255279064178,-0.047062017023563385,0.01226261630654335,0.5322067737579346,0.025416774675250053,9.6887845993042,1.3619258105754852,0.014665830249306965,0.006168999030820325,0.001670029315523704,0.001670029315523704,0.25,traj,3.140355304875646,-330.56966479612265,52.38256080137693,-0.02570509910583496,0.0021670506392513977,0.0,0.75,1.0,0.0,0
279,313,13.95,0.0,43.11879348754883,330.5232849121094,0.1748247593641281,6.284685549751146e-10,0.0021670506392513977,0.75,0.0,0.026427458971738815,1.9939227104187012,0.01226261630654335,0.5322067737579346,-0.0031320974230766296,-0.0020089447498321533,0.009033255279064178,-0.047062017023563385,0.01226261630654335,0.5322067737579346,0.025416774675250053,9.6887845993042,1.3619258105754852,0.014665830249306965,0.006168999030820325,0.001670029315523704,0.001670029315523704,0.25,traj,3.140355304875646,-330.56966479612265,52.38256080137693,-0.02570509910583496,0.0021670506392513977,0.0,0.75,1.0,0.0,0
280,314,14.0,0.0,43.11879348754883,330.5232849121094,0.1748247593641281,5.6323065757751465,0.006959552477316239,0.1542267541090665,0.0,0.16541650891304016,11.289294242858887,0.09885184466838837,8.4458589553833,0.05733368545770645,5.587204933166504,0.024212412536144257,2.7644383907318115,0.024212412536144257,2.7644383907318115,0.08389664441347122,7.236935615539551,5.684086958567302,0.00557568326491855,0.01490048519279229,0.007379915679672808,0.00557568326491855,0.051780382792155244,traj,6.279756859936986,-326.61663280248376,22.04838565016873,-0.00654226541519165,0.006959552477316239,0.47443830966949463,0.1542267541090665,0.0,0.0,0
281,315,14.05,0.0,43.11879348754883,330.5232849121094,0.1748247593641281,-6.417266718017345e-10,0.002226632656111142,0.75,0.0,0.02881966531276703,2.0551772117614746,0.011729024350643158,0.586853563785553,-0.0016584023833274841,0.014213845133781433,0.008214704692363739,-0.04276270419359207,0.011729024350643158,0.586853563785553,0.025416774675250053,9.6887845993042,1.3993633737166724,0.012721958411521335,0.007409664948057752,0.001670029315523704,0.001670029315523704,0.25,traj,3.140355304875646,-330.56966479612265,52.38256080137693,-0.01749211549758911,0.002226632656111142,0.0,0.75,1.0,0.0,0
282,316,14.1,0.0,43.11879348754883,330.5232849121094,0.1748247593641281,-6.417266718017345e-10,0.002226632656111142,0.75,0.0,0.02881966531276703,2.0551772117614746,0.011729024350643158,0.586853563785553,-0.0016584023833274841,0.014213845133781433,0.008214704692363739,-0.04276270419359207,0.011729024350643158,0.586853563785553,0.025416774675250053,9.6887845993042,1.3993633737166724,0.012721958411521335,0.007409664948057752,0.001670029315523704,0.001670029315523704,0.25,traj,3.140355304875646,-330.56966479612265,52.38256080137693,-0.01749211549758911,0.002226632656111142,0.0,0.75,1.0,0.0,0
283,317,14.15,0.0,43.11879348754883,330.5232849121094,0.1748247593641281,-6.417266718017345e-10,0.002226632656111142,0.75,0.0,0.02881966531276703,2.0551772117614746,0.011729024350643158,0.586853563785553,-0.0016584023833274841,0.014213845133781433,0.008214704692363739,-0.04276270419359207,0.011729024350643158,0.586853563785553,0.025416774675250053,9.6887845993042,1.3993633737166724,0.012721958411521335,0.007409664948057752,0.001670029315523704,0.001670029315523704,0.25,traj,3.140355304875646,-330.56966479612265,52.38256080137693,-0.01749211549758911,0.002226632656111142,0.0,0.75,1.0,0.0,0
284,318,14.2,0.0,43.11879348754883,330.5232849121094,0.1748247593641281,5.372990131378174,0.008126595595762624,0.75,0.0,0.16968035697937012,11.198833465576172,0.09092708677053452,8.39984130859375,0.05766460299491882,5.56406307220459,0.0283944234251976,2.73089861869812,0.0283944234251976,2.73089861869812,0.07958527654409409,6.136358261108398,5.646259148915609,0.00661895671514261,0.01790736213840424,0.008256153059194665,0.00661895671514261,0.25,traj,6.280331925549779,-326.6196236625261,20.947765378893216,0.016894221305847168,0.008126595595762624,0.5021829605102539,0.75,0.0,0.0,0
285,319,14.25,0.0,43.11879348754883,330.5232849121094,0.1748247593641281,5.720912632511954e-10,0.002289589924785735,0.75,0.0,0.028190966695547104,1.943916916847229,0.01339087262749672,0.5088851451873779,-0.0018587186932563782,-0.003823712468147278,0.00697316974401474,-0.04692690819501877,0.01339087262749672,0.5088851451873779,0.025416774675250053,9.6887845993042,1.3280282467603683,0.016748203145262295,0.006565529457634954,0.001670029315523704,0.001670029315523704,0.25,traj,3.140355304875646,-330.56966479612265,52.38256080137693,-0.022621333599090576,0.002289589924785735,0.0,0.75,1.0,0.0,0
286,320,14.3,0.0,43.11879348754883,330.5232849121094,0.1748247593641281,5.720912632511954e-10,0.002289589924785735,0.75,0.0,0.028190966695547104,1.943916916847229,0.01339087262749672,0.5088851451873779,-0.0018587186932563782,-0.003823712468147278,0.00697316974401474,-0.04692690819501877,0.01339087262749672,0.5088851451873779,0.025416774675250053,9.6887845993042,1.3280282467603683,0.016748203145262295,0.006565529457634954,0.001670029315523704,0.001670029315523704,0.25,traj,3.140355304875646,-330.56966479612265,52.38256080137693,-0.022621333599090576,0.002289589924785735,0.0,0.75,1.0,0.0,0
287,321,14.35,0.0,43.11879348754883,330.5232849121094,0.1748247593641281,5.720912632511954e-10,0.002289589924785735,0.75,0.0,0.028190966695547104,1.943916916847229,0.01339087262749672,0.5088851451873779,-0.0018587186932563782,-0.003823712468147278,0.00697316974401474,-0.04692690819501877,0.01339087262749672,0.5088851451873779,0.025416774675250053,9.6887845993042,1.3280282467603683,0.016748203145262295,0.006565529457634954,0.001670029315523704,0.001670029315523704,0.25,traj,3.140355304875646,-330.56966479612265,52.38256080137693,-0.022621333599090576,0.002289589924785735,0.0,0.75,1.0,0.0,0
288,322,14.4,0.0,43.11879348754883,330.5232849121094,0.1748247593641281,5.298952579498291,0.008627856064169473,0.0,0.0,0.21543458104133606,10.446897506713867,0.1044406071305275,7.9114274978637695,0.06220412254333496,5.364575386047363,0.04041563719511032,2.7095186710357666,0.04041563719511032,2.7095186710357666,0.056026775389909744,5.074007987976074,5.160164515177409,0.009495225265625757,0.02785120687805347,0.007029223411288042,0.007029223411288042,0.0,traj,6.2839263240483145,-326.6173347390405,19.885170010013276,-0.009364843368530273,0.008627856064169473,0.518283486366272,0.0,0.0,0.0,0
289,323,14.45,0.0,43.11879348754883,330.5232849121094,0.1748247593641281,6.779642819365606e-11,0.002360009175128566,0.75,0.0,0.024738267064094543,2.05916166305542,0.010858781635761261,0.6015794277191162,-0.00235670804977417,0.017846792936325073,0.007993869483470917,-0.042297132313251495,0.010858781635761261,0.6015794277191162,0.025416774675250053,9.6887845993042,1.4017057518164318,0.011490019958223371,0.006061916842832681,0.001670029315523704,0.001670029315523704,0.25,traj,3.140355304875646,-330.56966479612265,52.38256080137693,-0.02077174186706543,0.002360009175128566,0.0,0.75,1.0,0.0,0
290,324,14.5,0.0,43.11879348754883,330.5232849121094,0.1748247593641281,6.779642819365606e-11,0.002360009175128566,0.75,0.0,0.024738267064094543,2.05916166305542,0.010858781635761261,0.6015794277191162,-0.00235670804977417,0.017846792936325073,0.007993869483470917,-0.042297132313251495,0.010858781635761261,0.6015794277191162,0.025416774675250053,9.6887845993042,1.4017057518164318,0.011490019958223371,0.006061916842832681,0.001670029315523704,0.001670029315523704,0.25,traj,3.140355304875646,-330.56966479612265,52.38256080137693,-0.02077174186706543,0.002360009175128566,0.0,0.75,1.0,0.0,0
291,325,14.55,0.0,43.11879348754883,330.5232849121094,0.1748247593641281,6.779642819365606e-11,0.002360009175128566,0.75,0.0,0.024738267064094543,2.05916166305542,0.010858781635761261,0.6015794277191162,-0.00235670804977417,0.017846792936325073,0.007993869483470917,-0.042297132313251495,0.010858781635761261,0.6015794277191162,0.025416774675250053,9.6887845993042,1.4017057518164318,0.011490019958223371,0.006061916842832681,0.001670029315523704,0.001670029315523704,0.25,traj,3.140355304875646,-330.56966479612265,52.38256080137693,-0.02077174186706543,0.002360009175128566,0.0,0.75,1.0,0.0,0
292,326,14.6,0.0,43.11879348754883,330.5232849121094,0.1748247593641281,5.288451194763184,0.008972709469451263,0.0,0.0,0.15281489491462708,10.158660888671875,0.06629490852355957,7.661492347717285,0.04444368928670883,5.240753650665283,0.04167782515287399,2.6922457218170166,0.04167782515287399,2.6922457218170166,0.045513566583395004,4.007471561431885,4.9786756833394366,0.009854493215968428,0.022048278159210635,0.00722987919090486,0.00722987919090486,0.0,traj,6.285787419476781,-326.61348934733144,18.81854441346671,0.003549814224243164,0.008972709469451263,0.4574681520462036,0.0,0.0,0.0,0
293,327,14.65,0.0,43.11879348754883,330.5232849121094,0.1748247593641281,1.803793558963207e-09,0.002494174011812696,0.75,0.0,0.0261508971452713,1.8628112077713013,0.012418858706951141,0.46175312995910645,-0.003123953938484192,-0.007758691906929016,0.00836404412984848,-0.04602362960577011,0.012418858706951141,0.46175312995910645,0.025416774675250053,9.6887845993042,1.273897685110569,0.017117792270350762,0.006239425870262234,0.001670029315523704,0.001670029315523704,0.25,traj,3.140355304875646,-330.56966479612265,52.38256080137693,-0.027447283267974854,0.002494174011812696,0.0,0.75,1.0,0.0,0
294,328,14.7,0.0,43.11879348754883,330.5232849121094,0.1748247593641281,1.803793558963207e-09,0.002494174011812696,0.75,0.0,0.0261508971452713,1.8628112077713013,0.012418858706951141,0.46175312995910645,-0.003123953938484192,-0.007758691906929016,0.00836404412984848,-0.04602362960577011,0.012418858706951141,0.46175312995910645,0.025416774675250053,9.6887845993042,1.273897685110569,0.017117792270350762,0.006239425870262234,0.001670029315523704,0.001670029315523704,0.25,traj,3.140355304875646,-330.56966479612265,52.38256080137693,-0.027447283267974854,0.002494174011812696,0.0,0.75,1.0,0.0,0
295,329,14.75,0.0,43.11879348754883,330.5232849121094,0.1748247593641281,1.803793558963207e-09,0.002494174011812696,0.75,0.0,0.0261508971452713,1.8628112077713013,0.012418858706951141,0.46175312995910645,-0.003123953938484192,-0.007758691906929016,0.00836404412984848,-0.04602362960577011,0.012418858706951141,0.46175312995910645,0.025416774675250053,9.6887845993042,1.273897685110569,0.017117792270350762,0.006239425870262234,0.001670029315523704,0.001670029315523704,0.25,traj,3.140355304875646,-330.56966479612265,52.38256080137693,-0.027447283267974854,0.002494174011812696,0.0,0.75,1.0,0.0,0
296,330,14.8,0.0,43.11879348754883,330.5232849121094,0.1748247593641281,5.0667805671691895,0.0024833168569445294,0.0,0.0,0.14379912614822388,9.74515151977539,0.0727573037147522,7.588143825531006,0.04296383634209633,5.224816799163818,0.027567408978939056,2.6373984813690186,0.027567408978939056,2.6373984813690186,0.012774110771715641,7.6470184326171875,4.739437580108643,0.006654018352882009,0.02095969778749216,0.0010634326262357935,0.0010634326262357935,0.0,traj,6.288307503857885,-326.6069888045056,17.779994988833415,-0.0087660551071167,0.0024833168569445294,0.4765133857727051,0.0,0.0,0.0,0
297,331,14.85,0.0,43.11879348754883,330.5232849121094,0.1748247593641281,-1.767730184454308e-09,0.002479550292208483,0.75,0.0,0.027585987001657486,2.070444107055664,0.01141585037112236,0.5980923175811768,-0.002378225326538086,0.016240939497947693,0.008234910666942596,-0.040496014058589935,0.01141585037112236,0.5980923175811768,0.025416774675250053,9.6887845993042,1.4081176767746608,0.012149740341055823,0.006991429697880638,0.001670029315523704,0.001670029315523704,0.25,traj,3.140355304875646,-330.56966479612265,52.38256080137693,-0.020347416400909424,0.002479550292208483,0.0,0.75,1.0,0.0,0
298,332,14.9,0.0,43.11879348754883,330.5232849121094,0.1748247593641281,-1.767730184454308e-09,0.002479550292208483,0.75,0.0,0.027585987001657486,2.070444107055664,0.01141585037112236,0.5980923175811768,-0.002378225326538086,0.016240939497947693,0.008234910666942596,-0.040496014058589935,0.01141585037112236,0.5980923175811768,0.025416774675250053,9.6887845993042,1.4081176767746608,0.012149740341055823,0.006991429697880638,0.001670029315523704,0.001670029315523704,0.25,traj,3.140355304875646,-330.56966479612265,52.38256080137693,-0.020347416400909424,0.002479550292208483,0.0,0.75,1.0,0.0,0
299,333,14.95,0.0,43.11879348754883,330.5232849121094,0.1748247593641281,-1.767730184454308e-09,0.002479550292208483,0.75,0.0,0.027585987001657486,2.070444107055664,0.01141585037112236,0.5980923175811768,-0.002378225326538086,0.016240939497947693,0.008234910666942596,-0.040496014058589935,0.01141585037112236,0.5980923175811768,0.025416774675250053,9.6887845993042,1.4081176767746608,0.012149740341055823,0.006991429697880638,0.001670029315523704,0.001670029315523704,0.25,traj,3.140355304875646,-330.56966479612265,52.38256080137693,-0.020347416400909424,0.002479550292208483,0.0,0.75,1.0,0.0,0
300,334,15.0,0.0,43.11879348754883,330.5232849121094,0.1748247593641281,4.999236106872559,0.0024493964299789534,0.0,0.0,0.33010563254356384,9.701733589172363,0.11743038147687912,7.527239799499512,0.04206112027168274,5.170649528503418,0.019521139562129974,2.6111485958099365,0.019521139562129974,2.6111485958099365,0.010537092573940754,6.642667770385742,4.734843095143636,0.004759323877120471,0.06206688774325079,0.0010098535867465823,0.0010098535867465823,0.0,traj,6.288554982342992,-326.6012512372297,16.775657676673507,0.009374499320983887,0.0024493964299789534,0.34352898597717285,0.0,0.0,0.0,0
301,335,15.05,0.0,43.11879348754883,330.5232849121094,0.1748247593641281,-1.498135659971922e-08,0.002501887856706579,0.75,0.0,0.02542029693722725,1.8579820394515991,0.012842487543821335,0.45582547783851624,-0.0025724247097969055,-0.010308921337127686,0.009769044816493988,-0.04693431407213211,0.012842487543821335,0.45582547783851624,0.025416774675250053,9.6887845993042,1.2715006719032922,0.017931495473471618,0.005710541555530913,0.001670029315523704,0.001670029315523704,0.25,traj,3.140355304875646,-330.56966479612265,52.38256080137693,-0.022192955017089844,0.002501887856706579,0.0,0.75,1.0,0.0,0
302,336,15.1,0.0,43.11879348754883,330.5232849121094,0.1748247593641281,-1.498135659971922e-08,0.002501887856706579,0.75,0.0,0.02542029693722725,1.8579820394515991,0.012842487543821335,0.45582547783851624,-0.0025724247097969055,-0.010308921337127686,0.009769044816493988,-0.04693431407213211,0.012842487543821335,0.45582547783851624,0.025416774675250053,9.6887845993042,1.2715006719032922,0.017931495473471618,0.005710541555530913,0.001670029315523704,0.001670029315523704,0.25,traj,3.140355304875646,-330.56966479612265,52.38256080137693,-0.022192955017089844,0.002501887856706579,0.0,0.75,1.0,0.0,0
303,337,15.15,0.0,43.11879348754883,330.5232849121094,0.1748247593641281,-1.498135659971922e-08,0.002501887856706579,0.75,0.0,0.02542029693722725,1.8579820394515991,0.012842487543821335,0.45582547783851624,-0.0025724247097969055,-0.010308921337127686,0.009769044816493988,-0.04693431407213211,0.012842487543821335,0.45582547783851624,0.025416774675250053,9.6887845993042,1.2715006719032922,0.017931495473471618,0.005710541555530913,0.001670029315523704,0.001670029315523704,0.25,traj,3.140355304875646,-330.56966479612265,52.38256080137693,-0.022192955017089844,0.002501887856706579,0.0,0.75,1.0,0.0,0
304,338,15.2,0.0,43.11879348754883,330.5232849121094,0.1748247593641281,4.873828411102295,0.0019039489065103524,0.75,0.0,1.301905632019043,10.518842697143555,0.5128931999206543,8.172703742980957,0.12951335310935974,5.518850803375244,0.01532386988401413,2.647747755050659,0.01532386988401413,2.647747755050659,0.004007190000265837,5.652170181274414,5.353356043497722,0.00368440388374202,0.20653244655116282,0.00045137178561187313,0.00045137178561187313,0.25,traj,6.289479569592748,-326.5946286179995,15.78517534500123,0.0032280683517456055,0.0019039489065103524,0.3962411880493164,0.75,0.0,0.0,0
305,339,15.25,0.0,43.11879348754883,330.5232849121094,0.1748247593641281,4.256183405715319e-09,0.002542846224429422,0.75,0.0,0.027087870985269547,2.110748767852783,0.010634403675794601,0.6257791519165039,-0.00216616690158844,0.015319600701332092,0.008414141833782196,-0.039761804044246674,0.010634403675794601,0.6257791519165039,0.025416774675250053,9.6887845993042,1.4344952702522278,0.010817549888940226,0.0070534326373461985,0.001670029315523704,0.001670029315523704,0.25,traj,3.140355304875646,-330.56966479612265,52.38256080137693,-0.021302998065948486,0.002542846224429422,0.0,0.75,1.0,0.0,0
306,340,15.3,0.0,43.11879348754883,330.5232849121094,0.1748247593641281,4.256183405715319e-09,0.002542846224429422,0.75,0.0,0.027087870985269547,2.110748767852783,0.010634403675794601,0.6257791519165039,-0.00216616690158844,0.015319600701332092,0.008414141833782196,-0.039761804044246674,0.010634403675794601,0.6257791519165039,0.025416774675250053,9.6887845993042,1.4344952702522278,0.010817549888940226,0.0070534326373461985,0.001670029315523704,0.001670029315523704,0.25,traj,3.140355304875646,-330.56966479612265,52.38256080137693,-0.021302998065948486,0.002542846224429422,0.0,0.75,1.0,0.0,0
307,341,15.35,0.0,43.11879348754883,330.5232849121094,0.1748247593641281,4.256183405715319e-09,0.002542846224429422,0.75,0.0,0.027087870985269547,2.110748767852783,0.010634403675794601,0.6257791519165039,-0.00216616690158844,0.015319600701332092,0.008414141833782196,-0.039761804044246674,0.010634403675794601,0.6257791519165039,0.025416774675250053,9.6887845993042,1.4344952702522278,0.010817549888940226,0.0070534326373461985,0.001670029315523704,0.001670029315523704,0.25,traj,3.140355304875646,-330.56966479612265,52.38256080137693,-0.021302998065948486,0.002542846224429422,0.0,0.75,1.0,0.0,0
308,342,15.4,0.0,43.11879348754883,330.5232849121094,0.1748247593641281,4.9003586769104,0.0010310919963089583,0.0,0.0,0.8707675337791443,9.874979972839355,0.3119657635688782,7.624159812927246,0.05589522421360016,5.217164039611816,0.0041283294558525085,2.6027865409851074,0.0041283294558525085,2.6027865409851074,-0.0018877402180805802,4.683481693267822,4.903078079223633,0.0010097776957558044,0.15491875605012748,-0.00025661526735533754,-0.00025661526735533754,0.002719402313232422,traj,6.290397957959447,-326.5869378345814,14.816515942741027,0.012299776077270508,0.0010310919963089583,0.5510097742080688,0.0,0.0,0.0,0
309,343,15.45,0.0,43.11879348754883,330.5232849121094,0.1748247593641281,-5.4032818219695855e-09,0.002413374296887522,0.75,0.0,0.02562001347541809,1.7844789028167725,0.012309111654758453,0.4170471429824829,-0.000964730978012085,-0.010865911841392517,0.007667265832424164,-0.04595798999071121,0.012309111654758453,0.4170471429824829,0.025416774675250053,9.6887845993042,1.2211690122882526,0.018784358427833877,0.006196775133445044,0.001670029315523704,0.001670029315523704,0.25,traj,3.140355304875646,-330.56966479612265,52.38256080137693,-0.02535456418991089,0.002413374296887522,0.0,0.75,1.0,0.0,0
310,344,15.5,0.0,43.11879348754883,330.5232849121094,0.1748247593641281,-5.4032818219695855e-09,0.002413374296887522,0.75,0.0,0.02562001347541809,1.7844789028167725,0.012309111654758453,0.4170471429824829,-0.000964730978012085,-0.010865911841392517,0.007667265832424164,-0.04595798999071121,0.012309111654758453,0.4170471429824829,0.025416774675250053,9.6887845993042,1.2211690122882526,0.018784358427833877,0.006196775133445044,0.001670029315523704,0.001670029315523704,0.25,traj,3.140355304875646,-330.56966479612265,52.38256080137693,-0.02535456418991089,0.002413374296887522,0.0,0.75,1.0,0.0,0
311,345,15.55,0.0,43.11879348754883,330.5232849121094,0.1748247593641281,-5.4032818219695855e-09,0.002413374296887522,0.75,0.0,0.02562001347541809,1.7844789028167725,0.012309111654758453,0.4170471429824829,-0.000964730978012085,-0.010865911841392517,0.007667265832424164,-0.04595798999071121,0.012309111654758453,0.4170471429824829,0.025416774675250053,9.6887845993042,1.2211690122882526,0.018784358427833877,0.006196775133445044,0.001670029315523704,0.001670029315523704,0.25,traj,3.140355304875646,-330.56966479612265,52.38256080137693,-0.02535456418991089,0.002413374296887522,0.0,0.75,1.0,0.0,0
312,346,15.6,0.0,43.11879348754883,330.5232849121094,0.1748247593641281,4.934685707092285,-0.0006897613584710608,0.0,0.0,1.0608015060424805,9.248942375183105,0.4301009178161621,7.207803726196289,0.10664267838001251,5.000064849853516,0.01756664365530014,2.539161205291748,0.01756664365530014,2.539161205291748,-0.01005179900676012,3.692800283432007,4.553455034891765,0.004404229931270586,0.19078734269446787,-0.001732846819967427,-0.001732846819967427,0.0,traj,6.291923836865697,-326.5772633194797,13.825889606246777,0.008522629737854004,-0.0006897613584710608,0.4051700830459595,0.0,0.0,0.0,0
313,347,15.65,0.0,43.11879348754883,330.5232849121094,0.1748247593641281,2.5103497058864832e-09,0.0022425640723501973,0.75,0.0,0.029374204576015472,2.193751811981201,0.011026844382286072,0.6810658574104309,-0.002730339765548706,0.026956215500831604,0.008448891341686249,-0.039374224841594696,0.011026844382286072,0.6810658574104309,0.025416774675250053,9.6887845993042,1.4895449727773666,0.01030634817506016,0.007721197465201112,0.001670029315523704,0.001670029315523704,0.25,traj,3.140355304875646,-330.56966479612265,52.38256080137693,-0.02015131711959839,0.0022425640723501973,0.0,0.75,1.0,0.0,0
314,348,15.7,0.0,43.11879348754883,330.5232849121094,0.1748247593641281,2.5103497058864832e-09,0.0022425640723501973,0.75,0.0,0.029374204576015472,2.193751811981201,0.011026844382286072,0.6810658574104309,-0.002730339765548706,0.026956215500831604,0.008448891341686249,-0.039374224841594696,0.011026844382286072,0.6810658574104309,0.025416774675250053,9.6887845993042,1.4895449727773666,0.01030634817506016,0.007721197465201112,0.001670029315523704,0.001670029315523704,0.25,traj,3.140355304875646,-330.56966479612265,52.38256080137693,-0.02015131711959839,0.0022425640723501973,0.0,0.75,1.0,0.0,0
315,349,15.75,0.0,43.11879348754883,330.5232849121094,0.1748247593641281,2.5103497058864832e-09,0.0022425640723501973,0.75,0.0,0.029374204576015472,2.193751811981201,0.011026844382286072,0.6810658574104309,-0.002730339765548706,0.026956215500831604,0.008448891341686249,-0.039374224841594696,0.011026844382286072,0.6810658574104309,0.025416774675250053,9.6887845993042,1.4895449727773666,0.01030634817506016,0.007721197465201112,0.001670029315523704,0.001670029315523704,0.25,traj,3.140355304875646,-330.56966479612265,52.38256080137693,-0.02015131711959839,0.0022425640723501973,0.0,0.75,1.0,0.0,0
316,350,15.8,0.0,43.11879348754883,330.5232849121094,0.1748247593641281,4.757837295532227,0.0031531933516178385,0.0,1.0,0.6103768944740295,7.230220317840576,0.2164422571659088,5.682183265686035,0.052888400852680206,4.1089091300964355,0.00669444352388382,2.2096755504608154,0.00669444352388382,2.2096755504608154,-0.013832462020218372,2.7232534885406494,3.3859478632609052,0.0019286658120948531,0.15863589677842996,-0.003233591162600784,0.0019286658120948531,0.0,traj,6.29276974598435,-326.5673141296996,12.856403368353119,0.004662156105041504,0.0031531933516178385,0.0,0.0,0.36538493633270264,1.0,0
317,351,15.85,0.0,43.11879348754883,330.5232849121094,0.1748247593641281,-6.218672687907656e-09,0.0022409305187737023,0.75,0.0,0.02362629771232605,1.8200668096542358,0.011986739933490753,0.44572174549102783,-0.00276096910238266,-0.005536094307899475,0.008457325398921967,-0.04749680310487747,0.011986739933490753,0.44572174549102783,0.025416774675250053,9.6887845993042,1.2462183261911075,0.017116426232516763,0.00539149583030054,0.001670029315523704,0.001670029315523704,0.25,traj,3.140355304875646,-330.56966479612265,52.38256080137693,-0.029515385627746582,0.0022409305187737023,0.0,0.75,1.0,0.0,0
318,352,15.9,0.0,43.11879348754883,330.5232849121094,0.1748247593641281,-6.218672687907656e-09,0.0022409305187737023,0.75,0.0,0.02362629771232605,1.8200668096542358,0.011986739933490753,0.44572174549102783,-0.00276096910238266,-0.005536094307899475,0.008457325398921967,-0.04749680310487747,0.011986739933490753,0.44572174549102783,0.025416774675250053,9.6887845993042,1.2462183261911075,0.017116426232516763,0.00539149583030054,0.001670029315523704,0.001670029315523704,0.25,traj,3.140355304875646,-330.56966479612265,52.38256080137693,-0.029515385627746582,0.0022409305187737023,0.0,0.75,1.0,0.0,0
319,353,15.95,0.0,43.11879348754883,330.5232849121094,0.1748247593641281,-6.218672687907656e-09,0.0022409305187737023,0.75,0.0,0.02362629771232605,1.8200668096542358,0.011986739933490753,0.44572174549102783,-0.00276096910238266,-0.005536094307899475,0.008457325398921967,-0.04749680310487747,0.011986739933490753,0.44572174549102783,0.025416774675250053,9.6887845993042,1.2462183261911075,0.017116426232516763,0.00539149583030054,0.001670029315523704,0.001670029315523704,0.25,traj,3.140355304875646,-330.56966479612265,52.38256080137693,-0.029515385627746582,0.0022409305187737023,0.0,0.75,1.0,0.0,0
320,354,16.0,0.0,43.11879348754883,330.5232849121094,0.1748247593641281,3.7104713916778564,-0.005881408067982832,0.0,1.0,-0.007819140329957008,2.58054780960083,-0.03085208125412464,2.2355964183807373,-0.01658760942518711,1.7584173679351807,-0.0036896690726280212,1.0919435024261475,-0.03085208125412464,2.2355964183807373,-0.020296838134527206,1.9998970031738281,0.9931402603785197,-0.008785017138005592,0.042445120295638156,-0.006460779654441032,-0.006460779654441032,0.0,traj,6.293868855634008,-326.5572123463915,11.993203179493488,-0.00934290885925293,-0.005881408067982832,0.0,0.0,1.0,1.0,0
321,355,16.05,0.0,43.11879348754883,330.5232849121094,0.1748247593641281,3.120075309226422e-09,0.0020152468390357103,0.75,0.0,0.025002319365739822,2.0505762100219727,0.011197295039892197,0.5908553600311279,-0.002920806407928467,0.01811543107032776,0.0075042471289634705,-0.03967220336198807,0.011197295039892197,0.5908553600311279,0.025416774675250053,9.6887845993042,1.3942803094784417,0.012063148720578216,0.006020556252858715,0.001670029315523704,0.001670029315523704,0.25,traj,3.140355304875646,-330.56966479612265,52.38256080137693,-0.02301490306854248,0.0020152468390357103,0.0,0.75,1.0,0.0,0
322,356,16.1,0.0,43.11879348754883,330.5232849121094,0.1748247593641281,3.120075309226422e-09,0.0020152468390357103,0.75,0.0,0.025002319365739822,2.0505762100219727,0.011197295039892197,0.5908553600311279,-0.002920806407928467,0.01811543107032776,0.0075042471289634705,-0.03967220336198807,0.011197295039892197,0.5908553600311279,0.025416774675250053,9.6887845993042,1.3942803094784417,0.012063148720578216,0.006020556252858715,0.001670029315523704,0.001670029315523704,0.25,traj,3.140355304875646,-330.56966479612265,52.38256080137693,-0.02301490306854248,0.0020152468390357103,0.0,0.75,1.0,0.0,0
323,357,16.15,0.0,43.11879348754883,330.5232849121094,0.1748247593641281,3.120075309226422e-09,0.0020152468390357103,0.75,0.0,0.025002319365739822,2.0505762100219727,0.011197295039892197,0.5908553600311279,-0.002920806407928467,0.01811543107032776,0.0075042471289634705,-0.03967220336198807,0.011197295039892197,0.5908553600311279,0.025416774675250053,9.6887845993042,1.3942803094784417,0.012063148720578216,0.006020556252858715,0.001670029315523704,0.001670029315523704,0.25,traj,3.140355304875646,-330.56966479612265,52.38256080137693,-0.02301490306854248,0.0020152468390357103,0.0,0.75,1.0,0.0,0
324,358,16.2,0.0,43.11879348754883,330.5232849121094,0.1748247593641281,1.5332167148590088,0.0024144770878472633,0.0,1.0,0.015694905072450638,1.131706953048706,0.0021312199532985687,0.8862314224243164,0.0034534521400928497,0.5471424460411072,-0.0006508156657218933,0.261403352022171,0.0021312199532985687,0.8862314224243164,-0.017947092652320862,1.9999194145202637,0.5804733832677206,0.0015309211294277773,0.035140536542272637,-0.005712798049333857,0.0015309211294277773,0.0,traj,6.292693928876195,-326.55293968964014,11.433789268818908,-0.005637109279632568,0.0024144770878472633,1.0,0.0,0.0,1.0,0
325,359,16.25,0.0,43.11879348754883,330.5232849121094,0.1748247593641281,9.535086498146939e-09,0.0019198461718035569,0.75,0.0,0.028979502618312836,1.8836171627044678,0.014067888259887695,0.47295182943344116,-0.002160981297492981,-0.006153598427772522,0.008121214807033539,-0.04508165270090103,0.014067888259887695,0.47295182943344116,0.025416774675250053,9.6887845993042,1.286924903591474,0.018930600367062924,0.006729226324742926,0.001670029315523704,0.001670029315523704,0.25,traj,3.140355304875646,-330.56966479612265,52.38256080137693,-0.02523958683013916,0.0019198461718035569,0.0,0.75,1.0,0.0,0
326,360,16.3,0.0,43.11879348754883,330.5232849121094,0.1748247593641281,9.535086498146939e-09,0.0019198461718035569,0.75,0.0,0.028979502618312836,1.8836171627044678,0.014067888259887695,0.47295182943344116,-0.002160981297492981,-0.006153598427772522,0.008121214807033539,-0.04508165270090103,0.014067888259887695,0.47295182943344116,0.025416774675250053,9.6887845993042,1.286924903591474,0.018930600367062924,0.006729226324742926,0.001670029315523704,0.001670029315523704,0.25,traj,3.140355304875646,-330.56966479612265,52.38256080137693,-0.02523958683013916,0.0019198461718035569,0.0,0.75,1.0,0.0,0
327,361,16.35,0.0,43.11879348754883,330.5232849121094,0.1748247593641281,9.535086498146939e-09,0.0019198461718035569,0.75,0.0,0.028979502618312836,1.8836171627044678,0.014067888259887695,0.47295182943344116,-0.002160981297492981,-0.006153598427772522,0.008121214807033539,-0.04508165270090103,0.014067888259887695,0.47295182943344116,0.025416774675250053,9.6887845993042,1.286924903591474,0.018930600367062924,0.006729226324742926,0.001670029315523704,0.001670029315523704,0.25,traj,3.140355304875646,-330.56966479612265,52.38256080137693,-0.02523958683013916,0.0019198461718035569,0.0,0.75,1.0,0.0,0
328,362,16.4,0.0,43.11879348754883,330.5232849121094,0.1748247593641281,-0.00035466859117150307,-0.005393355477883494,0.0,1.0,0.018794381991028786,0.5730745792388916,0.012255670502781868,0.45173993706703186,0.011744515970349312,0.259296178817749,0.009811274707317352,0.07968536764383316,0.012255670502781868,0.45173993706703186,-0.017838377505540848,1.9999204874038696,0.3290509084860484,0.017267221631192486,0.03427424088254268,-0.005678191757539126,-0.005678191757539126,0.25,traj,6.29263956944016,-326.55266501970783,11.395534530912762,-0.012635946273803711,-0.005393355477883494,1.0,0.0,0.0,1.0,0
329,363,16.45,0.0,43.11879348754883,330.5232849121094,0.1748247593641281,1.2383752912015211e-09,0.0016815821373880476,0.75,0.0,0.029209792613983154,2.180802345275879,0.010750867426395416,0.6745544672012329,-0.0017150789499282837,0.029490157961845398,0.009145282208919525,-0.041371189057826996,0.010750867426395416,0.6745544672012329,0.025416774675250053,9.6887845993042,1.4821563462416332,0.010145383383620192,0.007801338351462595,0.001670029315523704,0.001670029315523704,0.25,traj,3.140355304875646,-330.56966479612265,52.38256080137693,-0.01820540428161621,0.0016815821373880476,0.0,0.75,1.0,0.0,0
330,364,16.5,0.0,43.11879348754883,330.5232849121094,0.1748247593641281,1.2383752912015211e-09,0.0016815821373880476,0.75,0.0,0.029209792613983154,2.180802345275879,0.010750867426395416,0.6745544672012329,-0.0017150789499282837,0.029490157961845398,0.009145282208919525,-0.041371189057826996,0.010750867426395416,0.6745544672012329,0.025416774675250053,9.6887845993042,1.4821563462416332,0.010145383383620192,0.007801338351462595,0.001670029315523704,0.001670029315523704,0.25,traj,3.140355304875646,-330.56966479612265,52.38256080137693,-0.01820540428161621,0.0016815821373880476,0.0,0.75,1.0,0.0,0
331,365,16.55,0.0,43.11879348754883,330.5232849121094,0.1748247593641281,1.2383752912015211e-09,0.0016815821373880476,0.75,0.0,0.029209792613983154,2.180802345275879,0.010750867426395416,0.6745544672012329,-0.0017150789499282837,0.029490157961845398,0.009145282208919525,-0.041371189057826996,0.010750867426395416,0.6745544672012329,0.025416774675250053,9.6887845993042,1.4821563462416332,0.010145383383620192,0.007801338351462595,0.001670029315523704,0.001670029315523704,0.25,traj,3.140355304875646,-330.56966479612265,52.38256080137693,-0.01820540428161621,0.0016815821373880476,0.0,0.75,1.0,0.0,0
332,366,16.6,0.0,43.11879348754883,330.5232849121094,0.1748247593641281,-0.00013546395348384976,-0.005635381808166818,0.0,1.0,0.016420554369688034,0.5700735449790955,0.009953383356332779,0.45164504647254944,0.010946903377771378,0.2540258467197418,0.00417984277009964,0.07317701727151871,0.009953383356332779,0.45164504647254944,-0.017838377505540848,1.9999204874038696,0.33146802087624866,0.014027587016864662,0.03473019395513642,-0.005678191757539126,-0.005678191757539126,0.25,traj,6.29263956944016,-326.55266501970783,11.395076767240266,-0.021021664142608643,-0.005635381808166818,1.0,0.0,0.0,1.0,0
333,367,16.65,0.0,43.11879348754883,330.5232849121094,0.1748247593641281,3.54399332103128e-09,0.0014395558071047228,0.75,0.0,0.026432588696479797,2.0243945121765137,0.012248434126377106,0.5568457841873169,-0.003481917083263397,0.002631843090057373,0.00862538069486618,-0.04488471895456314,0.012248434126377106,0.5568457841873169,0.025416774675250053,9.6887845993042,1.3807261486848197,0.014000873388110834,0.006152834249784628,0.001670029315523704,0.001670029315523704,0.25,traj,3.140355304875646,-330.56966479612265,52.38256080137693,-0.025821268558502197,0.0014395558071047228,0.0,0.75,1.0,0.0,0
334,368,16.7,0.0,43.11879348754883,330.5232849121094,0.1748247593641281,3.54399332103128e-09,0.0014395558071047228,0.75,0.0,0.026432588696479797,2.0243945121765137,0.012248434126377106,0.5568457841873169,-0.003481917083263397,0.002631843090057373,0.00862538069486618,-0.04488471895456314,0.012248434126377106,0.5568457841873169,0.025416774675250053,9.6887845993042,1.3807261486848197,0.014000873388110834,0.006152834249784628,0.001670029315523704,0.001670029315523704,0.25,traj,3.140355304875646,-330.56966479612265,52.38256080137693,-0.025821268558502197,0.0014395558071047228,0.0,0.75,1.0,0.0,0
335,369,16.75,0.0,43.11879348754883,330.5232849121094,0.1748247593641281,3.54399332103128e-09,0.0014395558071047228,0.75,0.0,0.026432588696479797,2.0243945121765137,0.012248434126377106,0.5568457841873169,-0.003481917083263397,0.002631843090057373,0.00862538069486618,-0.04488471895456314,0.012248434126377106,0.5568457841873169,0.025416774675250053,9.6887845993042,1.3807261486848197,0.014000873388110834,0.006152834249784628,0.001670029315523704,0.001670029315523704,0.25,traj,3.140355304875646,-330.56966479612265,52.38256080137693,-0.025821268558502197,0.0014395558071047228,0.0,0.75,1.0,0.0,0
336,370,16.8,0.0,43.11879348754883,330.5232849121094,0.1748247593641281,-4.7689376515336335e-05,-0.005761787265362598,0.75,0.0,0.01895870640873909,0.7179073691368103,0.00953584536910057,0.5420694947242737,0.011374499648809433,0.2934938967227936,0.008768849074840546,0.09394330531358719,0.00953584536910057,0.5420694947242737,-0.017838377505540848,1.9999204874038696,0.41616011659304303,0.011197991425709937,0.034082767912809994,-0.005678191757539126,-0.005678191757539126,0.25,traj,6.29263956944016,-326.55266501970783,11.394943252835786,-0.023849904537200928,-0.005761787265362598,1.0,0.75,0.0,0.0,0
337,371,16.85,0.0,43.11879348754883,330.5232849121094,0.1748247593641281,-1.3786687347305815e-09,0.001313150349908943,0.75,0.0,0.0263572596013546,2.028268337249756,0.01103145256638527,0.5685189962387085,-0.0023065656423568726,0.012329965829849243,0.008156023919582367,-0.042905278503894806,0.01103145256638527,0.5685189962387085,0.025416774675250053,9.6887845993042,1.3815974295139313,0.012351306812561977,0.006683615839285396,0.001670029315523704,0.001670029315523704,0.25,traj,3.140355304875646,-330.56966479612265,52.38256080137693,-0.019423305988311768,0.001313150349908943,0.0,0.75,1.0,0.0,0
338,372,16.9,0.0,43.11879348754883,330.5232849121094,0.1748247593641281,-1.3786687347305815e-09,0.001313150349908943,0.75,0.0,0.0263572596013546,2.028268337249756,0.01103145256638527,0.5685189962387085,-0.0023065656423568726,0.012329965829849243,0.008156023919582367,-0.042905278503894806,0.01103145256638527,0.5685189962387085,0.025416774675250053,9.6887845993042,1.3815974295139313,0.012351306812561977,0.006683615839285396,0.001670029315523704,0.001670029315523704,0.25,traj,3.140355304875646,-330.56966479612265,52.38256080137693,-0.019423305988311768,0.001313150349908943,0.0,0.75,1.0,0.0,0
339,373,16.95,0.0,43.11879348754883,330.5232849121094,0.1748247593641281,-1.3786687347305815e-09,0.001313150349908943,0.75,0.0,0.0263572596013546,2.028268337249756,0.01103145256638527,0.5685189962387085,-0.0023065656423568726,0.012329965829849243,0.008156023919582367,-0.042905278503894806,0.01103145256638527,0.5685189962387085,0.025416774675250053,9.6887845993042,1.3815974295139313,0.012351306812561977,0.006683615839285396,0.001670029315523704,0.001670029315523704,0.25,traj,3.140355304875646,-330.56966479612265,52.38256080137693,-0.019423305988311768,0.001313150349908943,0.0,0.75,1.0,0.0,0
340,374,17.0,0.0,43.11879348754883,330.5232849121094,0.1748247593641281,0.05721679702401161,-0.00585506915099597,0.0,1.0,0.020184578374028206,0.6718206405639648,0.011650243774056435,0.5266470909118652,0.013924973085522652,0.29850348830223083,0.014874093234539032,0.10155496746301651,0.011650243774056435,0.5266470909118652,-0.017743967473506927,1.9999213218688965,0.3803532918294271,0.014080710710409207,0.03738205284588926,-0.005648138925191069,-0.005648138925191069,0.25,traj,6.292592362561498,-326.55266501970783,11.390131965902958,-0.025394797325134277,-0.00585506915099597,1.0,0.0,0.0,1.0,0
341,375,17.05,0.0,43.11879348754883,330.5232849121094,0.1748247593641281,-5.8313167627943585e-09,0.001188312990310112,0.75,0.0,0.0318286269903183,2.1082262992858887,0.013155348598957062,0.6230812072753906,-0.002116881310939789,0.012094557285308838,0.007940582931041718,-0.04150629788637161,0.013155348598957062,0.6230812072753906,0.025416774675250053,9.6887845993042,1.4339841877420745,0.013439204165363454,0.008004043187830417,0.001670029315523704,0.001670029315523704,0.25,traj,3.140355304875646,-330.56966479612265,52.38256080137693,-0.02017343044281006,0.001188312990310112,0.0,0.75,1.0,0.0,0
342,376,17.1,0.0,43.11879348754883,330.5232849121094,0.1748247593641281,-5.8313167627943585e-09,0.001188312990310112,0.75,0.0,0.0318286269903183,2.1082262992858887,0.013155348598957062,0.6230812072753906,-0.002116881310939789,0.012094557285308838,0.007940582931041718,-0.04150629788637161,0.013155348598957062,0.6230812072753906,0.025416774675250053,9.6887845993042,1.4339841877420745,0.013439204165363454,0.008004043187830417,0.001670029315523704,0.001670029315523704,0.25,traj,3.140355304875646,-330.56966479612265,52.38256080137693,-0.02017343044281006,0.001188312990310112,0.0,0.75,1.0,0.0,0
343,377,17.15,0.0,43.11879348754883,330.5232849121094,0.1748247593641281,-5.8313167627943585e-09,0.001188312990310112,0.75,0.0,0.0318286269903183,2.1082262992858887,0.013155348598957062,0.6230812072753906,-0.002116881310939789,0.012094557285308838,0.007940582931041718,-0.04150629788637161,0.013155348598957062,0.6230812072753906,0.025416774675250053,9.6887845993042,1.4339841877420745,0.013439204165363454,0.008004043187830417,0.001670029315523704,0.001670029315523704,0.25,traj,3.140355304875646,-330.56966479612265,52.38256080137693,-0.02017343044281006,0.001188312990310112,0.0,0.75,1.0,0.0,0
344,378,17.2,0.0,43.11879348754883,330.5232849121094,0.1748247593641281,-5.91044681641506e-06,-0.005964892901025467,0.75,0.0,0.019803708419203758,0.7378917932510376,0.009034467861056328,0.5703729391098022,0.011150991544127464,0.32037895917892456,0.012263141572475433,0.11054424196481705,0.009034467861056328,0.5703729391098022,-0.01773061603307724,1.999921441078186,0.4184701641400655,0.010082925098209966,0.04087000278204244,-0.0056438890297075064,-0.0056438890297075064,0.25,traj,6.292585686841283,-326.5526345010022,11.389431968953764,-0.03142094612121582,-0.005964892901025467,1.0,0.75,0.0,0.0,0
345,379,17.25,0.0,43.11879348754883,330.5232849121094,0.1748247593641281,-8.819255326031339e-10,0.0010740268500228735,0.75,0.0,0.023197047412395477,2.000082015991211,0.00990721583366394,0.5629754066467285,-0.002231322228908539,0.011424288153648376,0.009062610566616058,-0.042331211268901825,0.00990721583366394,0.5629754066467285,0.025416774675250053,9.6887845993042,1.362521231174469,0.011202013648221164,0.005887064000080354,0.001670029315523704,0.001670029315523704,0.25,traj,3.140355304875646,-330.56966479612265,52.38256080137693,-0.02141183614730835,0.0010740268500228735,0.0,0.75,1.0,0.0,0
346,380,17.3,0.0,43.11879348754883,330.5232849121094,0.1748247593641281,-8.819255326031339e-10,0.0010740268500228735,0.75,0.0,0.023197047412395477,2.000082015991211,0.00990721583366394,0.5629754066467285,-0.002231322228908539,0.011424288153648376,0.009062610566616058,-0.042331211268901825,0.00990721583366394,0.5629754066467285,0.025416774675250053,9.6887845993042,1.362521231174469,0.011202013648221164,0.005887064000080354,0.001670029315523704,0.001670029315523704,0.25,traj,3.140355304875646,-330.56966479612265,52.38256080137693,-0.02141183614730835,0.0010740268500228735,0.0,0.75,1.0,0.0,0
347,381,17.35,0.0,43.11879348754883,330.5232849121094,0.1748247593641281,-8.819255326031339e-10,0.0010740268500228735,0.75,0.0,0.023197047412395477,2.000082015991211,0.00990721583366394,0.5629754066467285,-0.002231322228908539,0.011424288153648376,0.009062610566616058,-0.042331211268901825,0.00990721583366394,0.5629754066467285,0.025416774675250053,9.6887845993042,1.362521231174469,0.011202013648221164,0.005887064000080354,0.001670029315523704,0.001670029315523704,0.25,traj,3.140355304875646,-330.56966479612265,52.38256080137693,-0.02141183614730835,0.0010740268500228735,0.0,0.75,1.0,0.0,0
348,382,17.4,0.0,43.11879348754883,330.5232849121094,0.1748247593641281,0.11275383830070496,-0.005987715693545849,0.75,0.0,0.022810744121670723,0.8046597242355347,0.009439164772629738,0.6210843324661255,0.010371612384915352,0.34441226720809937,0.010692737996578217,0.1204422190785408,0.009439164772629738,0.6210843324661255,-0.01750078983604908,1.9999234676361084,0.4564704497655233,0.009674555676833979,0.04628945432448444,-0.005570730114597591,-0.005570730114597591,0.25,traj,6.292470769086156,-326.5526039822966,11.382877365368168,-0.036386191844940186,-0.005987715693545849,1.0,0.75,0.0,0.0,0
349,383,17.45,0.0,43.11879348754883,330.5232849121094,0.1748247593641281,1.0479900502957662e-08,0.0009743871966370814,0.75,0.0,0.024114049971103668,1.8317188024520874,0.012305781245231628,0.45454707741737366,-0.00386163592338562,-0.005762994289398193,0.0084415003657341,-0.045539490878582,0.012305781245231628,0.45454707741737366,0.025416774675250053,9.6887845993042,1.252968060473601,0.017230793955619085,0.005458431684166665,0.001670029315523704,0.001670029315523704,0.25,traj,3.140355304875646,-330.56966479612265,52.38256080137693,-0.025565624237060547,0.0009743871966370814,0.0,0.75,1.0,0.0,0
350,384,17.5,0.0,43.11879348754883,330.5232849121094,0.1748247593641281,1.0479900502957662e-08,0.0009743871966370814,0.75,0.0,0.024114049971103668,1.8317188024520874,0.012305781245231628,0.45454707741737366,-0.00386163592338562,-0.005762994289398193,0.0084415003657341,-0.045539490878582,0.012305781245231628,0.45454707741737366,0.025416774675250053,9.6887845993042,1.252968060473601,0.017230793955619085,0.005458431684166665,0.001670029315523704,0.001670029315523704,0.25,traj,3.140355304875646,-330.56966479612265,52.38256080137693,-0.025565624237060547,0.0009743871966370814,0.0,0.75,1.0,0.0,0
351,385,17.55,0.0,43.11879348754883,330.5232849121094,0.1748247593641281,1.0479900502957662e-08,0.0009743871966370814,0.75,0.0,0.024114049971103668,1.8317188024520874,0.012305781245231628,0.45454707741737366,-0.00386163592338562,-0.005762994289398193,0.0084415003657341,-0.045539490878582,0.012305781245231628,0.45454707741737366,0.025416774675250053,9.6887845993042,1.252968060473601,0.017230793955619085,0.005458431684166665,0.001670029315523704,0.001670029315523704,0.25,traj,3.140355304875646,-330.56966479612265,52.38256080137693,-0.025565624237060547,0.0009743871966370814,0.0,0.75,1.0,0.0,0
352,386,17.6,0.0,43.11879348754883,330.5232849121094,0.1748247593641281,0.5840522646903992,-0.006044427607998112,0.1318814629067982,0.0,0.010912483558058739,1.1501264572143555,-0.0129558015614748,0.9307260513305664,-0.011717045679688454,0.5475784540176392,-0.004666142165660858,0.20821243524551392,-0.0129558015614748,0.9307260513305664,-0.017455969005823135,1.999923825263977,0.6288558344046276,-0.008861211692746623,0.06898571759049214,-0.005556462608331343,-0.005556462608331343,0.044803569714228386,traj,6.292448357739721,-326.5526039822966,11.314658180399698,-0.04129385948181152,-0.006044427607998112,0.15535461902618408,0.1318814629067982,0.0,0.0,0
353,387,17.65,0.0,43.11879348754883,330.5232849121094,0.1748247593641281,1.0166607833372865e-10,0.0009026944006052581,0.75,0.0,0.030211031436920166,2.070603132247925,0.011902861297130585,0.5991507768630981,-0.002182595431804657,0.016245901584625244,0.009344778954982758,-0.04101564735174179,0.011902861297130585,0.5991507768630981,0.025416774675250053,9.6887845993042,1.408701124290625,0.012645536183807971,0.007920563097974707,0.001670029315523704,0.001670029315523704,0.25,traj,3.140355304875646,-330.56966479612265,52.38256080137693,-0.01872175931930542,0.0009026944006052581,0.0,0.75,1.0,0.0,0
354,388,17.7,0.0,43.11879348754883,330.5232849121094,0.1748247593641281,1.0166607833372865e-10,0.0009026944006052581,0.75,0.0,0.030211031436920166,2.070603132247925,0.011902861297130585,0.5991507768630981,-0.002182595431804657,0.016245901584625244,0.009344778954982758,-0.04101564735174179,0.011902861297130585,0.5991507768630981,0.025416774675250053,9.6887845993042,1.408701124290625,0.012645536183807971,0.007920563097974707,0.001670029315523704,0.001670029315523704,0.25,traj,3.140355304875646,-330.56966479612265,52.38256080137693,-0.01872175931930542,0.0009026944006052581,0.0,0.75,1.0,0.0,0
355,389,17.75,0.0,43.11879348754883,330.5232849121094,0.1748247593641281,1.0166607833372865e-10,0.0009026944006052581,0.75,0.0,0.030211031436920166,2.070603132247925,0.011902861297130585,0.5991507768630981,-0.002182595431804657,0.016245901584625244,0.009344778954982758,-0.04101564735174179,0.011902861297130585,0.5991507768630981,0.025416774675250053,9.6887845993042,1.408701124290625,0.012645536183807971,0.007920563097974707,0.001670029315523704,0.001670029315523704,0.25,traj,3.140355304875646,-330.56966479612265,52.38256080137693,-0.01872175931930542,0.0009026944006052581,0.0,0.75,1.0,0.0,0
356,390,17.8,0.0,43.11879348754883,330.5232849121094,0.1748247593641281,0.8494219779968262,0.0012741257794948596,0.0,1.0,0.026652636006474495,1.1282434463500977,0.001987675204873085,0.8894872665405273,0.0014771688729524612,0.525280237197876,0.0094999298453331,0.22052699327468872,0.001987675204873085,0.8894872665405273,-0.015916792675852776,1.9999366998672485,0.606062004963557,0.0014226246855876862,0.06553419532991238,-0.005066510371869095,0.0014226246855876862,0.0,traj,6.291678742566381,-326.55266501970783,11.168003097497174,-0.020249605178833008,0.0012741257794948596,0.12213337421417236,0.0,0.0,1.0,0
357,391,17.85,0.0,43.11879348754883,330.5232849121094,0.1748247593641281,1.923529113767586e-09,0.0008932061294832487,0.75,0.0,0.027555499225854874,1.8821492195129395,0.012928809970617294,0.47556379437446594,-0.002741292119026184,-0.00699847936630249,0.01026829332113266,-0.04659319669008255,0.012928809970617294,0.47556379437446594,0.025416774675250053,9.6887845993042,1.287436912457148,0.017303042178839666,0.006619791516041166,0.001670029315523704,0.001670029315523704,0.25,traj,3.140355304875646,-330.56966479612265,52.38256080137693,-0.023954331874847412,0.0008932061294832487,0.0,0.75,1.0,0.0,0
358,392,17.9,0.0,43.11879348754883,330.5232849121094,0.1748247593641281,1.923529113767586e-09,0.0008932061294832487,0.75,0.0,0.027555499225854874,1.8821492195129395,0.012928809970617294,0.47556379437446594,-0.002741292119026184,-0.00699847936630249,0.01026829332113266,-0.04659319669008255,0.012928809970617294,0.47556379437446594,0.025416774675250053,9.6887845993042,1.287436912457148,0.017303042178839666,0.006619791516041166,0.001670029315523704,0.001670029315523704,0.25,traj,3.140355304875646,-330.56966479612265,52.38256080137693,-0.023954331874847412,0.0008932061294832487,0.0,0.75,1.0,0.0,0
359,393,17.95,0.0,43.11879348754883,330.5232849121094,0.1748247593641281,1.923529113767586e-09,0.0008932061294832487,0.75,0.0,0.027555499225854874,1.8821492195129395,0.012928809970617294,0.47556379437446594,-0.002741292119026184,-0.00699847936630249,0.01026829332113266,-0.04659319669008255,0.012928809970617294,0.47556379437446594,0.025416774675250053,9.6887845993042,1.287436912457148,0.017303042178839666,0.006619791516041166,0.001670029315523704,0.001670029315523704,0.25,traj,3.140355304875646,-330.56966479612265,52.38256080137693,-0.023954331874847412,0.0008932061294832487,0.0,0.75,1.0,0.0,0
360,394,18.0,0.0,43.11879348754883,330.5232849121094,0.1748247593641281,-6.409661000361666e-05,-0.005466280553878073,0.75,0.0,0.02088429406285286,0.7307223081588745,0.00908501073718071,0.5599766969680786,0.007821116596460342,0.3061400353908539,0.0031253471970558167,0.09708467870950699,0.00908501073718071,0.5599766969680786,-0.015778513625264168,1.9999377727508545,0.4227338234583537,0.010327521761487199,0.04392347679599203,-0.005022493597217901,-0.005022493597217901,0.25,traj,6.2916096011784415,-326.5526345010022,11.156333938545721,-0.02452951669692993,-0.005466280553878073,0.1491849422454834,0.75,0.0,0.0,0
361,395,18.05,0.0,43.11879348754883,330.5232849121094,0.1748247593641281,3.2011864270486967e-09,0.0009201739930561825,0.75,0.0,0.02884760871529579,2.113110303878784,0.011306565254926682,0.6320481300354004,-0.0026634186506271362,0.018253400921821594,0.009111039340496063,-0.039092205464839935,0.011306565254926682,0.6320481300354004,0.025416774675250053,9.6887845993042,1.4357744231820107,0.01138711177472851,0.007539514433278772,0.001670029315523704,0.001670029315523704,0.25,traj,3.140355304875646,-330.56966479612265,52.38256080137693,-0.02030402421951294,0.0009201739930561825,0.0,0.75,1.0,0.0,0
362,396,18.1,0.0,43.11879348754883,330.5232849121094,0.1748247593641281,3.2011864270486967e-09,0.0009201739930561825,0.75,0.0,0.02884760871529579,2.113110303878784,0.011306565254926682,0.6320481300354004,-0.0026634186506271362,0.018253400921821594,0.009111039340496063,-0.039092205464839935,0.011306565254926682,0.6320481300354004,0.025416774675250053,9.6887845993042,1.4357744231820107,0.01138711177472851,0.007539514433278772,0.001670029315523704,0.001670029315523704,0.25,traj,3.140355304875646,-330.56966479612265,52.38256080137693,-0.02030402421951294,0.0009201739930561825,0.0,0.75,1.0,0.0,0
363,397,18.15,0.0,43.11879348754883,330.5232849121094,0.1748247593641281,3.2011864270486967e-09,0.0009201739930561825,0.75,0.0,0.02884760871529579,2.113110303878784,0.011306565254926682,0.6320481300354004,-0.0026634186506271362,0.018253400921821594,0.009111039340496063,-0.039092205464839935,0.011306565254926682,0.6320481300354004,0.025416774675250053,9.6887845993042,1.4357744231820107,0.01138711177472851,0.007539514433278772,0.001670029315523704,0.001670029315523704,0.25,traj,3.140355304875646,-330.56966479612265,52.38256080137693,-0.02030402421951294,0.0009201739930561825,0.0,0.75,1.0,0.0,0
364,398,18.2,0.0,43.11879348754883,330.5232849121094,0.1748247593641281,0.11899390071630478,-0.005545034057964398,0.75,0.0,0.023404909297823906,0.8617072105407715,0.00939292274415493,0.6573073863983154,0.009857622906565666,0.3603171110153198,0.006586544215679169,0.12347806245088577,0.00939292274415493,0.6573073863983154,-0.015648817643523216,1.999938726425171,0.49248786767323804,0.009096645782060124,0.04357331576454271,-0.004981208898234713,-0.004981208898234713,0.25,traj,6.291544751324926,-326.5526039822966,11.150219932494908,-0.021013736724853516,-0.005545034057964398,1.0,0.75,0.0,0.0,0
365,399,18.25,0.0,43.11879348754883,330.5232849121094,0.1748247593641281,1.215978318036548e-09,0.0007980715550375108,0.75,0.0,0.02512829378247261,1.8319835662841797,0.012965705245733261,0.4422314763069153,-0.002255484461784363,-0.010692209005355835,0.008557818830013275,-0.046412356197834015,0.012965705245733261,0.4422314763069153,0.025416774675250053,9.6887845993042,1.2535371134678523,0.018659593638994977,0.005571281587453431,0.001670029315523704,0.001670029315523704,0.25,traj,3.140355304875646,-330.56966479612265,52.38256080137693,-0.02574610710144043,0.0007980715550375108,0.0,0.75,1.0,0.0,0
366,400,18.3,0.0,43.11879348754883,330.5232849121094,0.1748247593641281,1.215978318036548e-09,0.0007980715550375108,0.75,0.0,0.02512829378247261,1.8319835662841797,0.012965705245733261,0.4422314763069153,-0.002255484461784363,-0.010692209005355835,0.008557818830013275,-0.046412356197834015,0.012965705245733261,0.4422314763069153,0.025416774675250053,9.6887845993042,1.2535371134678523,0.018659593638994977,0.005571281587453431,0.001670029315523704,0.001670029315523704,0.25,traj,3.140355304875646,-330.56966479612265,52.38256080137693,-0.02574610710144043,0.0007980715550375108,0.0,0.75,1.0,0.0,0
367,401,18.35,0.0,43.11879348754883,330.5232849121094,0.1748247593641281,1.215978318036548e-09,0.0007980715550375108,0.75,0.0,0.02512829378247261,1.8319835662841797,0.012965705245733261,0.4422314763069153,-0.002255484461784363,-0.010692209005355835,0.008557818830013275,-0.046412356197834015,0.012965705245733261,0.4422314763069153,0.025416774675250053,9.6887845993042,1.2535371134678523,0.018659593638994977,0.005571281587453431,0.001670029315523704,0.001670029315523704,0.25,traj,3.140355304875646,-330.56966479612265,52.38256080137693,-0.02574610710144043,0.0007980715550375108,0.0,0.75,1.0,0.0,0
368,402,18.4,0.0,43.11879348754883,330.5232849121094,0.1748247593641281,0.5203415751457214,0.002171719358140317,0.0,0.0,0.022616134956479073,0.9710987210273743,0.0027551893144845963,0.7876284122467041,0.002523409202694893,0.4811709523200989,0.005216129124164581,0.1978035867214203,0.0027551893144845963,0.7876284122467041,-0.0148048410192132,1.9999451637268066,0.51625324289004,0.002226917405852077,0.06864777500855807,-0.004712554790880878,0.002226917405852077,0.0,traj,6.291122750439916,-326.552420868481,11.093148246626106,-0.020657718181610107,0.002171719358140317,0.1549168825149536,0.0,0.0,0.0,0
369,403,18.45,0.0,43.11879348754883,330.5232849121094,0.1748247593641281,1.3928682651709323e-09,0.0009462923518510956,0.75,0.0,0.0272563137114048,2.0972776412963867,0.01307285949587822,0.6198322772979736,-0.002068914473056793,0.013250142335891724,0.00785791128873825,-0.040492452681064606,0.01307285949587822,0.6198322772979736,0.025416774675250053,9.6887845993042,1.4259574959675472,0.013424936659097204,0.006111321877829106,0.001670029315523704,0.001670029315523704,0.25,traj,3.140355304875646,-330.56966479612265,52.38256080137693,-0.01873081922531128,0.0009462923518510956,0.0,0.75,1.0,0.0,0
370,404,18.5,0.0,43.11879348754883,330.5232849121094,0.1748247593641281,1.3928682651709323e-09,0.0009462923518510956,0.75,0.0,0.0272563137114048,2.0972776412963867,0.01307285949587822,0.6198322772979736,-0.002068914473056793,0.013250142335891724,0.00785791128873825,-0.040492452681064606,0.01307285949587822,0.6198322772979736,0.025416774675250053,9.6887845993042,1.4259574959675472,0.013424936659097204,0.006111321877829106,0.001670029315523704,0.001670029315523704,0.25,traj,3.140355304875646,-330.56966479612265,52.38256080137693,-0.01873081922531128,0.0009462923518510956,0.0,0.75,1.0,0.0,0
371,405,18.55,0.0,43.11879348754883,330.5232849121094,0.1748247593641281,1.3928682651709323e-09,0.0009462923518510956,0.75,0.0,0.0272563137114048,2.0972776412963867,0.01307285949587822,0.6198322772979736,-0.002068914473056793,0.013250142335891724,0.00785791128873825,-0.040492452681064606,0.01307285949587822,0.6198322772979736,0.025416774675250053,9.6887845993042,1.4259574959675472,0.013424936659097204,0.006111321877829106,0.001670029315523704,0.001670029315523704,0.25,traj,3.140355304875646,-330.56966479612265,52.38256080137693,-0.01873081922531128,0.0009462923518510956,0.0,0.75,1.0,0.0,0
372,406,18.6,0.0,43.11879348754883,330.5232849121094,0.1748247593641281,0.6974474787712097,-0.004915911025338831,0.0,1.0,0.03641453757882118,1.105088472366333,0.010989096015691757,0.871493935585022,0.009639952331781387,0.5032077431678772,0.02064644545316696,0.19573113322257996,0.010989096015691757,0.871493935585022,-0.014273658394813538,1.9999490976333618,0.6072909235954285,0.008027038158036128,0.06902077922823155,-0.0045434696634276735,-0.0045434696634276735,0.0,traj,6.290857152142797,-326.5516273758076,10.961340919175946,-0.010695338249206543,-0.004915911025338831,1.0,0.0,0.0,1.0,0
373,407,18.65,0.0,43.11879348754883,330.5232849121094,0.1748247593641281,5.990269391631386e-10,0.0009675683911156854,0.75,0.0,0.02547582983970642,1.7915822267532349,0.01248352974653244,0.4207577705383301,-0.0025288090109825134,-0.01316361129283905,0.009747110307216644,-0.04684086889028549,0.01248352974653244,0.4207577705383301,0.025416774675250053,9.6887845993042,1.2272745718558629,0.01888240958791895,0.006033533612281738,0.001670029315523704,0.001670029315523704,0.25,traj,3.140355304875646,-330.56966479612265,52.38256080137693,-0.02649378776550293,0.0009675683911156854,0.0,0.75,1.0,0.0,0
374,408,18.7,0.0,43.11879348754883,330.5232849121094,0.1748247593641281,5.990269391631386e-10,0.0009675683911156854,0.75,0.0,0.02547582983970642,1.7915822267532349,0.01248352974653244,0.4207577705383301,-0.0025288090109825134,-0.01316361129283905,0.009747110307216644,-0.04684086889028549,0.01248352974653244,0.4207577705383301,0.025416774675250053,9.6887845993042,1.2272745718558629,0.01888240958791895,0.006033533612281738,0.001670029315523704,0.001670029315523704,0.25,traj,3.140355304875646,-330.56966479612265,52.38256080137693,-0.02649378776550293,0.0009675683911156854,0.0,0.75,1.0,0.0,0
375,409,18.75,0.0,43.11879348754883,330.5232849121094,0.1748247593641281,5.990269391631386e-10,0.0009675683911156854,0.75,0.0,0.02547582983970642,1.7915822267532349,0.01248352974653244,0.4207577705383301,-0.0025288090109825134,-0.01316361129283905,0.009747110307216644,-0.04684086889028549,0.01248352974653244,0.4207577705383301,0.025416774675250053,9.6887845993042,1.2272745718558629,0.01888240958791895,0.006033533612281738,0.001670029315523704,0.001670029315523704,0.25,traj,3.140355304875646,-330.56966479612265,52.38256080137693,-0.02649378776550293,0.0009675683911156854,0.0,0.75,1.0,0.0,0
376,410,18.8,0.0,43.11879348754883,330.5232849121094,0.1748247593641281,-5.765251626144163e-05,-0.0049767167844248705,0.75,0.0,0.027675606310367584,0.7025899887084961,0.009920105338096619,0.5293524861335754,0.0059975311160087585,0.27494439482688904,0.009328596293926239,0.06953636556863785,0.009920105338096619,0.5293524861335754,-0.014514931477606297,1.9999473094940186,0.42267894744873047,0.011928897557892077,0.06502155168720752,-0.004620271346094928,-0.004620271346094928,0.25,traj,6.290977791943822,-326.55168841321876,10.951160445834434,-0.018136918544769287,-0.0049767167844248705,1.0,0.75,0.0,0.0,0
377,411,18.85,0.0,43.11879348754883,330.5232849121094,0.1748247593641281,2.002366272790823e-09,0.000987404398830264,0.75,0.0,0.025508232414722443,2.075974941253662,0.0097121000289917,0.6041529178619385,-0.0027732253074645996,0.0174485445022583,0.007977001368999481,-0.03975055366754532,0.0097121000289917,0.6041529178619385,0.025416774675250053,9.6887845993042,1.411296377579371,0.010233113368959467,0.0068322103992285626,0.001670029315523704,0.001670029315523704,0.25,traj,3.140355304875646,-330.56966479612265,52.38256080137693,-0.022057533264160156,0.000987404398830264,0.0,0.75,1.0,0.0,0
378,412,18.9,0.0,43.11879348754883,330.5232849121094,0.1748247593641281,2.002366272790823e-09,0.000987404398830264,0.75,0.0,0.025508232414722443,2.075974941253662,0.0097121000289917,0.6041529178619385,-0.0027732253074645996,0.0174485445022583,0.007977001368999481,-0.03975055366754532,0.0097121000289917,0.6041529178619385,0.025416774675250053,9.6887845993042,1.411296377579371,0.010233113368959467,0.0068322103992285626,0.001670029315523704,0.001670029315523704,0.25,traj,3.140355304875646,-330.56966479612265,52.38256080137693,-0.022057533264160156,0.000987404398830264,0.0,0.75,1.0,0.0,0
379,413,18.95,0.0,43.11879348754883,330.5232849121094,0.1748247593641281,2.002366272790823e-09,0.000987404398830264,0.75,0.0,0.025508232414722443,2.075974941253662,0.0097121000289917,0.6041529178619385,-0.0027732253074645996,0.0174485445022583,0.007977001368999481,-0.03975055366754532,0.0097121000289917,0.6041529178619385,0.025416774675250053,9.6887845993042,1.411296377579371,0.010233113368959467,0.0068322103992285626,0.001670029315523704,0.001670029315523704,0.25,traj,3.140355304875646,-330.56966479612265,52.38256080137693,-0.022057533264160156,0.000987404398830264,0.0,0.75,1.0,0.0,0
380,414,19.0,0.0,43.11879348754883,330.5232849121094,0.1748247593641281,0.10628268122673035,-0.004894179640129575,0.0,1.0,0.029110953211784363,0.6475191116333008,0.011725224554538727,0.49988600611686707,0.00866614282131195,0.2668050229549408,0.014918975532054901,0.07275033742189407,0.011725224554538727,0.49988600611686707,-0.01432896964251995,1.9999486207962036,0.3839398324489593,0.01492970322424179,0.07462661904402412,-0.004561076373288151,-0.004561076373288151,0.25,traj,6.290884808697973,-326.5516273758076,10.94457723201931,-0.017453312873840332,-0.004894179640129575,0.15916848182678223,0.0,0.0,1.0,0
381,415,19.05,0.0,43.11879348754883,330.5232849121094,0.1748247593641281,8.149420027692145e-10,0.0010077868216784437,0.75,0.0,0.02897835522890091,1.9649124145507812,0.013864442706108093,0.5309978723526001,-0.002139836549758911,0.0034042000770568848,0.00903802365064621,-0.043871887028217316,0.013864442706108093,0.5309978723526001,0.025416774675250053,9.6887845993042,1.3402734075983367,0.016618505442022834,0.006709950013085334,0.001670029315523704,0.001670029315523704,0.25,traj,3.140355304875646,-330.56966479612265,52.38256080137693,-0.026068925857543945,0.0010077868216784437,0.0,0.75,1.0,0.0,0
382,416,19.1,0.0,43.11879348754883,330.5232849121094,0.1748247593641281,8.149420027692145e-10,0.0010077868216784437,0.75,0.0,0.02897835522890091,1.9649124145507812,0.013864442706108093,0.5309978723526001,-0.002139836549758911,0.0034042000770568848,0.00903802365064621,-0.043871887028217316,0.013864442706108093,0.5309978723526001,0.025416774675250053,9.6887845993042,1.3402734075983367,0.016618505442022834,0.006709950013085334,0.001670029315523704,0.001670029315523704,0.25,traj,3.140355304875646,-330.56966479612265,52.38256080137693,-0.026068925857543945,0.0010077868216784437,0.0,0.75,1.0,0.0,0
383,417,19.15,0.0,43.11879348754883,330.5232849121094,0.1748247593641281,8.149420027692145e-10,0.0010077868216784437,0.75,0.0,0.02897835522890091,1.9649124145507812,0.013864442706108093,0.5309978723526001,-0.002139836549758911,0.0034042000770568848,0.00903802365064621,-0.043871887028217316,0.013864442706108093,0.5309978723526001,0.025416774675250053,9.6887845993042,1.3402734075983367,0.016618505442022834,0.006709950013085334,0.001670029315523704,0.001670029315523704,0.25,traj,3.140355304875646,-330.56966479612265,52.38256080137693,-0.026068925857543945,0.0010077868216784437,0.0,0.75,1.0,0.0,0
384,418,19.2,0.0,43.11879348754883,330.5232849121094,0.1748247593641281,-9.58757027547108e-06,-0.004856681901586205,0.0,1.0,0.02378658577799797,0.5853056907653809,0.00903390720486641,0.4497177004814148,0.006982322782278061,0.23709753155708313,0.008152812719345093,0.06101328879594803,0.00903390720486641,0.4497177004814148,-0.014278426766395569,1.9999489784240723,0.35007094343503314,0.012786693426654902,0.06899611465622872,-0.004544987483243232,-0.004544987483243232,0.25,traj,6.290859536328588,-326.5516273758076,10.94408227504842,-0.024703502655029297,-0.004856681901586205,1.0,0.0,0.0,1.0,0
385,419,19.25,0.0,43.11879348754883,330.5232849121094,0.1748247593641281,1.6998779051036195e-09,0.001028391225674649,0.75,0.0,0.030066318809986115,2.168659210205078,0.01080445945262909,0.6646589040756226,-0.0015522092580795288,0.026499256491661072,0.007581703364849091,-0.0379752442240715,0.01080445945262909,0.6646589040756226,0.025416774675250053,9.6887845993042,1.471680815021197,0.010347784656024903,0.00815278952975514,0.001670029315523704,0.001670029315523704,0.25,traj,3.140355304875646,-330.56966479612265,52.38256080137693,-0.015465974807739258,0.001028391225674649,0.0,0.75,1.0,0.0,0
386,420,19.3,0.0,43.11879348754883,330.5232849121094,0.1748247593641281,1.6998779051036195e-09,0.001028391225674649,0.75,0.0,0.030066318809986115,2.168659210205078,0.01080445945262909,0.6646589040756226,-0.0015522092580795288,0.026499256491661072,0.007581703364849091,-0.0379752442240715,0.01080445945262909,0.6646589040756226,0.025416774675250053,9.6887845993042,1.471680815021197,0.010347784656024903,0.00815278952975514,0.001670029315523704,0.001670029315523704,0.25,traj,3.140355304875646,-330.56966479612265,52.38256080137693,-0.015465974807739258,0.001028391225674649,0.0,0.75,1.0,0.0,0
387,421,19.35,0.0,43.11879348754883,330.5232849121094,0.1748247593641281,1.6998779051036195e-09,0.001028391225674649,0.75,0.0,0.030066318809986115,2.168659210205078,0.01080445945262909,0.6646589040756226,-0.0015522092580795288,0.026499256491661072,0.007581703364849091,-0.0379752442240715,0.01080445945262909,0.6646589040756226,0.025416774675250053,9.6887845993042,1.471680815021197,0.010347784656024903,0.00815278952975514,0.001670029315523704,0.001670029315523704,0.25,traj,3.140355304875646,-330.56966479612265,52.38256080137693,-0.015465974807739258,0.001028391225674649,0.0,0.75,1.0,0.0,0
388,422,19.4,0.0,43.11879348754883,330.5232849121094,0.1748247593641281,-3.0464389055850916e-06,-0.00483744922724831,0.0,1.0,0.018775155767798424,0.5881205797195435,0.007418124005198479,0.44856134057044983,0.0036248918622732162,0.23294812440872192,0.005414284765720367,0.054208941757678986,0.007418124005198479,0.44856134057044983,-0.014278426766395569,1.9999489784240723,0.35627686977386475,0.010527190958223905,0.05169281697688154,-0.004544987483243232,-0.004544987483243232,0.25,traj,6.290859536328588,-326.5516273758076,10.944067969933654,-0.034854233264923096,-0.00483744922724831,1.0,0.0,0.0,1.0,0
389,423,19.45,0.0,43.11879348754883,330.5232849121094,0.1748247593641281,6.291708265493412e-10,0.0010476239000125431,0.75,0.0,0.027280986309051514,1.994211196899414,0.012345530092716217,0.5431490540504456,-0.0032393410801887512,-0.0005470961332321167,0.00846865028142929,-0.04444756358861923,0.012345530092716217,0.5431490540504456,0.025416774675250053,9.6887845993042,1.3603289822737377,0.01446760298139504,0.006552324425239596,0.001670029315523704,0.001670029315523704,0.25,traj,3.140355304875646,-330.56966479612265,52.38256080137693,-0.025480568408966064,0.0010476239000125431,0.0,0.75,1.0,0.0,0
390,424,19.5,0.0,43.11879348754883,330.5232849121094,0.1748247593641281,6.291708265493412e-10,0.0010476239000125431,0.75,0.0,0.027280986309051514,1.994211196899414,0.012345530092716217,0.5431490540504456,-0.0032393410801887512,-0.0005470961332321167,0.00846865028142929,-0.04444756358861923,0.012345530092716217,0.5431490540504456,0.025416774675250053,9.6887845993042,1.3603289822737377,0.01446760298139504,0.006552324425239596,0.001670029315523704,0.001670029315523704,0.25,traj,3.140355304875646,-330.56966479612265,52.38256080137693,-0.025480568408966064,0.0010476239000125431,0.0,0.75,1.0,0.0,0
391,425,19.55,0.0,43.11879348754883,330.5232849121094,0.1748247593641281,6.291708265493412e-10,0.0010476239000125431,0.75,0.0,0.027280986309051514,1.994211196899414,0.012345530092716217,0.5431490540504456,-0.0032393410801887512,-0.0005470961332321167,0.00846865028142929,-0.04444756358861923,0.012345530092716217,0.5431490540504456,0.025416774675250053,9.6887845993042,1.3603289822737377,0.01446760298139504,0.006552324425239596,0.001670029315523704,0.001670029315523704,0.25,traj,3.140355304875646,-330.56966479612265,52.38256080137693,-0.025480568408966064,0.0010476239000125431,0.0,0.75,1.0,0.0,0
392,426,19.6,0.0,43.11879348754883,330.5232849121094,0.1748247593641281,-8.434062692685984e-07,-0.0048184840686529085,0.0,1.0,0.022372782230377197,0.49715492129325867,0.009825937449932098,0.38802891969680786,0.004075050354003906,0.1985948085784912,0.0025118589401245117,0.03752989321947098,0.009825937449932098,0.38802891969680786,-0.014278426766395569,1.9999489784240723,0.30695921679337823,0.016117473120907007,0.07287581388677752,-0.004544987483243232,-0.004544987483243232,0.25,traj,6.290859536328588,-326.5516273758076,10.9440651089107,-0.028485596179962158,-0.0048184840686529085,1.0,0.0,0.0,1.0,0
393,427,19.65,0.0,43.11879348754883,330.5232849121094,0.1748247593641281,1.5318513124640276e-09,0.0010665890586079453,0.75,0.0,0.030425745993852615,1.9404946565628052,0.012539368122816086,0.5107684135437012,-0.0007536783814430237,0.0017930716276168823,0.009993098676204681,-0.04471451789140701,0.012539368122816086,0.5107684135437012,0.025416774675250053,9.6887845993042,1.324480121334394,0.015625851282647645,0.007963896853708897,0.001670029315523704,0.001670029315523704,0.25,traj,3.140355304875646,-330.56966479612265,52.38256080137693,-0.017781853675842285,0.0010665890586079453,0.0,0.75,1.0,0.0,0
394,428,19.7,0.0,43.11879348754883,330.5232849121094,0.1748247593641281,1.5318513124640276e-09,0.0010665890586079453,0.75,0.0,0.030425745993852615,1.9404946565628052,0.012539368122816086,0.5107684135437012,-0.0007536783814430237,0.0017930716276168823,0.009993098676204681,-0.04471451789140701,0.012539368122816086,0.5107684135437012,0.025416774675250053,9.6887845993042,1.324480121334394,0.015625851282647645,0.007963896853708897,0.001670029315523704,0.001670029315523704,0.25,traj,3.140355304875646,-330.56966479612265,52.38256080137693,-0.017781853675842285,0.0010665890586079453,0.0,0.75,1.0,0.0,0
395,429,19.75,0.0,43.11879348754883,330.5232849121094,0.1748247593641281,1.5318513124640276e-09,0.0010665890586079453,0.75,0.0,0.030425745993852615,1.9404946565628052,0.012539368122816086,0.5107684135437012,-0.0007536783814430237,0.0017930716276168823,0.009993098676204681,-0.04471451789140701,0.012539368122816086,0.5107684135437012,0.025416774675250053,9.6887845993042,1.324480121334394,0.015625851282647645,0.007963896853708897,0.001670029315523704,0.001670029315523704,0.25,traj,3.140355304875646,-330.56966479612265,52.38256080137693,-0.017781853675842285,0.0010665890586079453,0.0,0.75,1.0,0.0,0
396,430,19.8,0.0,43.11879348754883,330.5232849121094,0.1748247593641281,9.00864449704386e-08,-0.004930376796818488,0.0,1.0,0.02300780639052391,0.47585180401802063,0.010318893939256668,0.36758100986480713,0.0033832602202892303,0.18208599090576172,0.0013597309589385986,0.02800513058900833,0.010318893939256668,0.36758100986480713,-0.014278426766395569,1.9999489784240723,0.29915374020735425,0.017866760458338054,0.07427053851529412,-0.004544987483243232,-0.004544987483243232,0.25,traj,6.290859536328588,-326.5516273758076,10.944062247887748,-0.028287291526794434,-0.004930376796818488,1.0,0.0,0.0,1.0,0
397,431,19.85,0.0,43.11879348754883,330.5232849121094,0.1748247593641281,9.705484194100222e-10,0.0009546963304423656,0.75,0.0,0.028839532285928726,2.028200149536133,0.012132223695516586,0.5629926323890686,-0.001906171441078186,0.003880247473716736,0.006044350564479828,-0.0429496094584465,0.012132223695516586,0.5629926323890686,0.025416774675250053,9.6887845993042,1.381394232312838,0.013716737518638304,0.007258869549382026,0.001670029315523704,0.001670029315523704,0.25,traj,3.140355304875646,-330.56966479612265,52.38256080137693,-0.023030757904052734,0.0009546963304423656,0.0,0.75,1.0,0.0,0
398,432,19.9,0.0,43.11879348754883,330.5232849121094,0.1748247593641281,9.705484194100222e-10,0.0009546963304423656,0.75,0.0,0.028839532285928726,2.028200149536133,0.012132223695516586,0.5629926323890686,-0.001906171441078186,0.003880247473716736,0.006044350564479828,-0.0429496094584465,0.012132223695516586,0.5629926323890686,0.025416774675250053,9.6887845993042,1.381394232312838,0.013716737518638304,0.007258869549382026,0.001670029315523704,0.001670029315523704,0.25,traj,3.140355304875646,-330.56966479612265,52.38256080137693,-0.023030757904052734,0.0009546963304423656,0.0,0.75,1.0,0.0,0
399,433,19.95,0.0,43.11879348754883,330.5232849121094,0.1748247593641281,9.705484194100222e-10,0.0009546963304423656,0.75,0.0,0.028839532285928726,2.028200149536133,0.012132223695516586,0.5629926323890686,-0.001906171441078186,0.003880247473716736,0.006044350564479828,-0.0429496094584465,0.012132223695516586,0.5629926323890686,0.025416774675250053,9.6887845993042,1.381394232312838,0.013716737518638304,0.007258869549382026,0.001670029315523704,0.001670029315523704,0.25,traj,3.140355304875646,-330.56966479612265,52.38256080137693,-0.023030757904052734,0.0009546963304423656,0.0,0.75,1.0,0.0,0
400,434,20.0,0.0,43.11879348754883,330.5232849121094,0.1748247593641281,3.7494768889700936e-07,-0.004921423557181463,0.0,1.0,0.017663778737187386,0.40707269310951233,0.007487187162041664,0.32774439454078674,0.001534121111035347,0.1678619384765625,0.00011834502220153809,0.02086649090051651,0.007487187162041664,0.32774439454078674,-0.014278426766395569,1.9999489784240723,0.25798259675502777,0.014540761896504953,0.08122480945522878,-0.004544987483243232,-0.004544987483243232,0.25,traj,6.290859536328588,-326.5516273758076,10.944062247887748,-0.036091625690460205,-0.004921423557181463,1.0,0.0,0.0,1.0,0
401,435,20.05,0.0,43.11879348754883,330.5232849121094,0.1748247593641281,2.456294279085114e-09,0.0009636495700793906,0.75,0.0,0.02481094002723694,2.1001570224761963,0.01024617999792099,0.6236569285392761,-0.0030338838696479797,0.017191961407661438,0.008529894053936005,-0.04218968003988266,0.01024617999792099,0.6236569285392761,0.025416774675250053,9.6887845993042,1.429119589428107,0.010458206047606776,0.006279648095374531,0.001670029315523704,0.001670029315523704,0.25,traj,3.140355304875646,-330.56966479612265,52.38256080137693,-0.019869089126586914,0.0009636495700793906,0.0,0.75,1.0,0.0,0
402,436,20.1,0.0,43.11879348754883,330.5232849121094,0.1748247593641281,2.456294279085114e-09,0.0009636495700793906,0.75,0.0,0.02481094002723694,2.1001570224761963,0.01024617999792099,0.6236569285392761,-0.0030338838696479797,0.017191961407661438,0.008529894053936005,-0.04218968003988266,0.01024617999792099,0.6236569285392761,0.025416774675250053,9.6887845993042,1.429119589428107,0.010458206047606776,0.006279648095374531,0.001670029315523704,0.001670029315523704,0.25,traj,3.140355304875646,-330.56966479612265,52.38256080137693,-0.019869089126586914,0.0009636495700793906,0.0,0.75,1.0,0.0,0
403,437,20.15,0.0,43.11879348754883,330.5232849121094,0.1748247593641281,2.456294279085114e-09,0.0009636495700793906,0.75,0.0,0.02481094002723694,2.1001570224761963,0.01024617999792099,0.6236569285392761,-0.0030338838696479797,0.017191961407661438,0.008529894053936005,-0.04218968003988266,0.01024617999792099,0.6236569285392761,0.025416774675250053,9.6887845993042,1.429119589428107,0.010458206047606776,0.006279648095374531,0.001670029315523704,0.001670029315523704,0.25,traj,3.140355304875646,-330.56966479612265,52.38256080137693,-0.019869089126586914,0.0009636495700793906,0.0,0.75,1.0,0.0,0
404,438,20.2,0.0,43.11879348754883,330.5232849121094,0.1748247593641281,4.934189519190113e-07,-0.0049132444056503724,0.0,1.0,0.019143767654895782,0.4441210925579071,0.009604468941688538,0.34740251302719116,0.0012130960822105408,0.17402121424674988,-0.0021442845463752747,0.022573299705982208,0.009604468941688538,0.34740251302719116,-0.014278426766395569,1.9999489784240723,0.28150483469168347,0.01759582962126088,0.06258704459404266,-0.004544987483243232,-0.004544987483243232,0.25,traj,6.290859536328588,-326.5516273758076,10.944062247887748,-0.023177266120910645,-0.0049132444056503724,1.0,0.0,0.0,1.0,0
405,439,20.25,0.0,43.11879348754883,330.5232849121094,0.1748247593641281,6.499094595824317e-10,0.0009718287216104809,0.75,0.0,0.023082267493009567,1.9028778076171875,0.011163923889398575,0.49176570773124695,-0.0028623491525650024,-0.003253757953643799,0.007921479642391205,-0.045552052557468414,0.011163923889398575,0.49176570773124695,0.025416774675250053,9.6887845993042,1.300021228690942,0.014449844489553006,0.005376772978089623,0.001670029315523704,0.001670029315523704,0.25,traj,3.140355304875646,-330.56966479612265,52.38256080137693,-0.026962220668792725,0.0009718287216104809,0.0,0.75,1.0,0.0,0
406,440,20.3,0.0,43.11879348754883,330.5232849121094,0.1748247593641281,6.499094595824317e-10,0.0009718287216104809,0.75,0.0,0.023082267493009567,1.9028778076171875,0.011163923889398575,0.49176570773124695,-0.0028623491525650024,-0.003253757953643799,0.007921479642391205,-0.045552052557468414,0.011163923889398575,0.49176570773124695,0.025416774675250053,9.6887845993042,1.300021228690942,0.014449844489553006,0.005376772978089623,0.001670029315523704,0.001670029315523704,0.25,traj,3.140355304875646,-330.56966479612265,52.38256080137693,-0.026962220668792725,0.0009718287216104809,0.0,0.75,1.0,0.0,0
407,441,20.35,0.0,43.11879348754883,330.5232849121094,0.1748247593641281,6.499094595824317e-10,0.0009718287216104809,0.75,0.0,0.023082267493009567,1.9028778076171875,0.011163923889398575,0.49176570773124695,-0.0028623491525650024,-0.003253757953643799,0.007921479642391205,-0.045552052557468414,0.011163923889398575,0.49176570773124695,0.025416774675250053,9.6887845993042,1.300021228690942,0.014449844489553006,0.005376772978089623,0.001670029315523704,0.001670029315523704,0.25,traj,3.140355304875646,-330.56966479612265,52.38256080137693,-0.026962220668792725,0.0009718287216104809,0.0,0.75,1.0,0.0,0
408,442,20.4,0.0,43.11879348754883,330.5232849121094,0.1748247593641281,5.422646154329414e-07,-0.00504021762232091,0.0,1.0,0.020641159266233444,0.4202547073364258,0.009462211281061172,0.3313785791397095,0.0014217011630535126,0.16044169664382935,-0.0025634244084358215,0.010507352650165558,0.009462211281061172,0.3313785791397095,-0.014278426766395569,1.9999489784240723,0.2737930665413539,0.018173132388108512,0.07965652213080307,-0.004544987483243232,-0.004544987483243232,0.25,traj,6.290859536328588,-326.5516273758076,10.944062247887748,-0.03362935781478882,-0.00504021762232091,1.0,0.0,0.0,1.0,0
409,443,20.45,0.0,43.11879348754883,330.5232849121094,0.1748247593641281,1.3409874322078963e-09,0.0008448555049399438,0.75,0.0,0.029447458684444427,2.147120475769043,0.011497154831886292,0.6495695114135742,-0.002885587513446808,0.02464185655117035,0.007196925580501556,-0.038586728274822235,0.011497154831886292,0.6495695114135742,0.025416774675250053,9.6887845993042,1.4578526765108109,0.01126674866335473,0.00763043184023072,0.001670029315523704,0.001670029315523704,0.25,traj,3.140355304875646,-330.56966479612265,52.38256080137693,-0.01924765110015869,0.0008448555049399438,0.0,0.75,1.0,0.0,0
410,444,20.5,0.0,43.11879348754883,330.5232849121094,0.1748247593641281,1.3409874322078963e-09,0.0008448555049399438,0.75,0.0,0.029447458684444427,2.147120475769043,0.011497154831886292,0.6495695114135742,-0.002885587513446808,0.02464185655117035,0.007196925580501556,-0.038586728274822235,0.011497154831886292,0.6495695114135742,0.025416774675250053,9.6887845993042,1.4578526765108109,0.01126674866335473,0.00763043184023072,0.001670029315523704,0.001670029315523704,0.25,traj,3.140355304875646,-330.56966479612265,52.38256080137693,-0.01924765110015869,0.0008448555049399438,0.0,0.75,1.0,0.0,0
411,445,20.55,0.0,43.11879348754883,330.5232849121094,0.1748247593641281,1.3409874322078963e-09,0.0008448555049399438,0.75,0.0,0.029447458684444427,2.147120475769043,0.011497154831886292,0.6495695114135742,-0.002885587513446808,0.02464185655117035,0.007196925580501556,-0.038586728274822235,0.011497154831886292,0.6495695114135742,0.025416774675250053,9.6887845993042,1.4578526765108109,0.01126674866335473,0.00763043184023072,0.001670029315523704,0.001670029315523704,0.25,traj,3.140355304875646,-330.56966479612265,52.38256080137693,-0.01924765110015869,0.0008448555049399438,0.0,0.75,1.0,0.0,0
412,446,20.6,0.0,43.11879348754883,330.5232849121094,0.1748247593641281,5.352476932785066e-07,-0.005040246081442452,0.0,1.0,0.018458086997270584,0.39093270897865295,0.00916796550154686,0.3111145794391632,0.001722428947687149,0.15265795588493347,-0.001270204782485962,0.011883296072483063,0.00916796550154686,0.3111145794391632,-0.014278426766395569,1.9999489784240723,0.2531965772310893,0.018754533268458155,0.0737650286257224,-0.004544987483243232,-0.004544987483243232,0.25,traj,6.290859536328588,-326.5516273758076,10.944062247887748,-0.026951074600219727,-0.005040246081442452,1.0,0.0,0.0,1.0,0
413,447,20.65,0.0,43.11879348754883,330.5232849121094,0.1748247593641281,4.976665746170283e-10,0.0008448270458184023,0.75,0.0,0.026468496769666672,1.9193921089172363,0.01300758495926857,0.49498170614242554,-0.0028469935059547424,-0.0022218674421310425,0.008831284940242767,-0.0449536070227623,0.01300758495926857,0.49498170614242554,0.025416774675250053,9.6887845993042,1.310819330314795,0.01672581530298281,0.006016002793412039,0.001670029315523704,0.001670029315523704,0.25,traj,3.140355304875646,-330.56966479612265,52.38256080137693,-0.0236663818359375,0.0008448270458184023,0.0,0.75,1.0,0.0,0
414,448,20.7,0.0,43.11879348754883,330.5232849121094,0.1748247593641281,4.976665746170283e-10,0.0008448270458184023,0.75,0.0,0.026468496769666672,1.9193921089172363,0.01300758495926857,0.49498170614242554,-0.0028469935059547424,-0.0022218674421310425,0.008831284940242767,-0.0449536070227623,0.01300758495926857,0.49498170614242554,0.025416774675250053,9.6887845993042,1.310819330314795,0.01672581530298281,0.006016002793412039,0.001670029315523704,0.001670029315523704,0.25,traj,3.140355304875646,-330.56966479612265,52.38256080137693,-0.0236663818359375,0.0008448270458184023,0.0,0.75,1.0,0.0,0
415,449,20.75,0.0,43.11879348754883,330.5232849121094,0.1748247593641281,4.976665746170283e-10,0.0008448270458184023,0.75,0.0,0.026468496769666672,1.9193921089172363,0.01300758495926857,0.49498170614242554,-0.0028469935059547424,-0.0022218674421310425,0.008831284940242767,-0.0449536070227623,0.01300758495926857,0.49498170614242554,0.025416774675250053,9.6887845993042,1.310819330314795,0.01672581530298281,0.006016002793412039,0.001670029315523704,0.001670029315523704,0.25,traj,3.140355304875646,-330.56966479612265,52.38256080137693,-0.0236663818359375,0.0008448270458184023,0.0,0.75,1.0,0.0,0
416,450,20.8,0.0,43.11879348754883,330.5232849121094,0.1748247593641281,5.488930128194625e-07,-0.005038834509013982,0.0,1.0,0.014261268079280853,0.335852712392807,0.008132904767990112,0.27345895767211914,0.000906132161617279,0.13864222168922424,-0.0024170726537704468,0.008368022739887238,0.008132904767990112,0.27345895767211914,-0.014278426766395569,1.9999489784240723,0.21868058045705158,0.018928020073376475,0.06232939468035161,-0.004544987483243232,-0.004544987483243232,0.21868003156403876,traj,6.290859536328588,-326.5516273758076,10.944062247887748,-0.03621697425842285,-0.005038834509013982,1.0,0.0,0.0,1.0,0
417,451,20.85,0.0,43.11879348754883,330.5232849121094,0.1748247593641281,1.4198068276627396e-09,0.0008462386182468715,0.75,0.0,0.02456779032945633,2.099804401397705,0.010200604796409607,0.6227843761444092,-0.001808255910873413,0.017979681491851807,0.008465342223644257,-0.04041958600282669,0.010200604796409607,0.6227843761444092,0.025416774675250053,9.6887845993042,1.4275398875276246,0.010426255940489272,0.006192297564989147,0.001670029315523704,0.001670029315523704,0.25,traj,3.140355304875646,-330.56966479612265,52.38256080137693,-0.023289203643798828,0.0008462386182468715,0.0,0.75,1.0,0.0,0
418,452,20.9,0.0,43.11879348754883,330.5232849121094,0.1748247593641281,1.4198068276627396e-09,0.0008462386182468715,0.75,0.0,0.02456779032945633,2.099804401397705,0.010200604796409607,0.6227843761444092,-0.001808255910873413,0.017979681491851807,0.008465342223644257,-0.04041958600282669,0.010200604796409607,0.6227843761444092,0.025416774675250053,9.6887845993042,1.4275398875276246,0.010426255940489272,0.006192297564989147,0.001670029315523704,0.001670029315523704,0.25,traj,3.140355304875646,-330.56966479612265,52.38256080137693,-0.023289203643798828,0.0008462386182468715,0.0,0.75,1.0,0.0,0
419,453,20.95,0.0,43.11879348754883,330.5232849121094,0.1748247593641281,1.4198068276627396e-09,0.0008462386182468715,0.75,0.0,0.02456779032945633,2.099804401397705,0.010200604796409607,0.6227843761444092,-0.001808255910873413,0.017979681491851807,0.008465342223644257,-0.04041958600282669,0.010200604796409607,0.6227843761444092,0.025416774675250053,9.6887845993042,1.4275398875276246,0.010426255940489272,0.006192297564989147,0.001670029315523704,0.001670029315523704,0.25,traj,3.140355304875646,-330.56966479612265,52.38256080137693,-0.023289203643798828,0.0008462386182468715,0.0,0.75,1.0,0.0,0
420,454,21.0,0.0,43.11879348754883,330.5232849121094,0.1748247593641281,5.562468459174852e-07,-0.00503853284232564,0.0,1.0,0.015335585922002792,0.3239169418811798,0.00850507989525795,0.26323872804641724,0.002176683396100998,0.1307702511548996,-0.002796486020088196,0.007585502695292234,0.00850507989525795,0.26323872804641724,-0.014278426766395569,1.9999489784240723,0.21131073931852978,0.02056164954086197,0.07136345822255515,-0.004544987483243232,-0.004544987483243232,0.21131018307168387,traj,6.290859536328588,-326.5516273758076,10.944062247887748,-0.029268622398376465,-0.00503853284232564,1.0,0.0,0.0,1.0,0
421,455,21.05,0.0,43.11879348754883,330.5232849121094,0.1748247593641281,-5.317705650820237e-11,0.0008465402849352137,0.75,0.0,0.023903489112854004,1.7957618236541748,0.012386821210384369,0.42409783601760864,-0.00226438045501709,-0.012864962220191956,0.007828675210475922,-0.046674661338329315,0.012386821210384369,0.42409783601760864,0.025416774675250053,9.6887845993042,1.229469892879327,0.018588787344599178,0.005345050543944453,0.001670029315523704,0.001670029315523704,0.25,traj,3.140355304875646,-330.56966479612265,52.38256080137693,-0.02996373176574707,0.0008465402849352137,0.0,0.75,1.0,0.0,0
422,456,21.1,0.0,43.11879348754883,330.5232849121094,0.1748247593641281,-5.317705650820237e-11,0.0008465402849352137,0.75,0.0,0.023903489112854004,1.7957618236541748,0.012386821210384369,0.42409783601760864,-0.00226438045501709,-0.012864962220191956,0.007828675210475922,-0.046674661338329315,0.012386821210384369,0.42409783601760864,0.025416774675250053,9.6887845993042,1.229469892879327,0.018588787344599178,0.005345050543944453,0.001670029315523704,0.001670029315523704,0.25,traj,3.140355304875646,-330.56966479612265,52.38256080137693,-0.02996373176574707,0.0008465402849352137,0.0,0.75,1.0,0.0,0
423,457,21.15,0.0,43.11879348754883,330.5232849121094,0.1748247593641281,-5.317705650820237e-11,0.0008465402849352137,0.75,0.0,0.023903489112854004,1.7957618236541748,0.012386821210384369,0.42409783601760864,-0.00226438045501709,-0.012864962220191956,0.007828675210475922,-0.046674661338329315,0.012386821210384369,0.42409783601760864,0.025416774675250053,9.6887845993042,1.229469892879327,0.018588787344599178,0.005345050543944453,0.001670029315523704,0.001670029315523704,0.25,traj,3.140355304875646,-330.56966479612265,52.38256080137693,-0.02996373176574707,0.0008465402849352137,0.0,0.75,1.0,0.0,0
424,458,21.2,0.0,43.11879348754883,330.5232849121094,0.1748247593641281,5.61369233764708e-07,-0.00503853284232564,0.0,1.0,0.013877827674150467,0.33552470803260803,0.006763394922018051,0.27397066354751587,0.0004605390131473541,0.13647836446762085,-0.0035786107182502747,0.00521398289129138,0.006763394922018051,0.27397066354751587,-0.014278426766395569,1.9999489784240723,0.22061801701784134,0.015712746467088364,0.073255648295621,-0.004544987483243232,-0.004544987483243232,0.22061745564860757,traj,6.290859536328588,-326.5516273758076,10.944062247887748,-0.03745865821838379,-0.00503853284232564,1.0,0.0,0.0,1.0,0
425,459,21.25,0.0,43.11879348754883,330.5232849121094,0.1748247593641281,1.6264428692736033e-09,0.0008465402849352137,0.75,0.0,0.03161094710230827,2.138105869293213,0.011781308799982071,0.6437882781028748,-0.0013220533728599548,0.021378293633461,0.006598524749279022,-0.03707601875066757,0.011781308799982071,0.6437882781028748,0.025416774675250053,9.6887845993042,1.450656957924366,0.011648859801921556,0.0084474742469458,0.001670029315523704,0.001670029315523704,0.25,traj,3.140355304875646,-330.56966479612265,52.38256080137693,-0.015239059925079346,0.0008465402849352137,0.0,0.75,1.0,0.0,0
426,460,21.3,0.0,43.11879348754883,330.5232849121094,0.1748247593641281,1.6264428692736033e-09,0.0008465402849352137,0.75,0.0,0.03161094710230827,2.138105869293213,0.011781308799982071,0.6437882781028748,-0.0013220533728599548,0.021378293633461,0.006598524749279022,-0.03707601875066757,0.011781308799982071,0.6437882781028748,0.025416774675250053,9.6887845993042,1.450656957924366,0.011648859801921556,0.0084474742469458,0.001670029315523704,0.001670029315523704,0.25,traj,3.140355304875646,-330.56966479612265,52.38256080137693,-0.015239059925079346,0.0008465402849352137,0.0,0.75,1.0,0.0,0
427,461,21.35,0.0,43.11879348754883,330.5232849121094,0.1748247593641281,1.6264428692736033e-09,0.0008465402849352137,0.75,0.0,0.03161094710230827,2.138105869293213,0.011781308799982071,0.6437882781028748,-0.0013220533728599548,0.021378293633461,0.006598524749279022,-0.03707601875066757,0.011781308799982071,0.6437882781028748,0.025416774675250053,9.6887845993042,1.450656957924366,0.011648859801921556,0.0084474742469458,0.001670029315523704,0.001670029315523704,0.25,traj,3.140355304875646,-330.56966479612265,52.38256080137693,-0.015239059925079346,0.0008465402849352137,0.0,0.75,1.0,0.0,0
428,462,21.4,0.0,43.11879348754883,330.5232849121094,0.1748247593641281,5.589382112702879e-07,-0.00503853284232564,0.0,1.0,0.01620347797870636,0.4052855670452118,0.007689647376537323,0.3178803324699402,0.0010171085596084595,0.15343397855758667,-0.004042118787765503,0.011284269392490387,0.007689647376537323,0.3178803324699402,-0.014278426766395569,1.9999489784240723,0.2630935311317444,0.01539703994545222,0.061815840345757433,-0.004544987483243232,-0.004544987483243232,0.25,traj,6.290859536328588,-326.5516273758076,10.944062247887748,-0.03411632776260376,-0.00503853284232564,1.0,0.0,0.0,1.0,0
429,463,21.45,0.0,43.11879348754883,330.5232849121094,0.1748247593641281,-2.395718068370911e-10,0.0008465402849352137,0.75,0.0,0.024889279156923294,1.9523699283599854,0.012368064373731613,0.5166236758232117,-0.003210887312889099,0.0008031576871871948,0.00810413807630539,-0.04509105533361435,0.012368064373731613,0.5166236758232117,0.025416774675250053,9.6887845993042,1.3327499801913896,0.015237896537790922,0.0055518534938142836,0.001670029315523704,0.001670029315523704,0.25,traj,3.140355304875646,-330.56966479612265,52.38256080137693,-0.025529980659484863,0.0008465402849352137,0.0,0.75,1.0,0.0,0
430,464,21.5,0.0,43.11879348754883,330.5232849121094,0.1748247593641281,-2.395718068370911e-10,0.0008465402849352137,0.75,0.0,0.024889279156923294,1.9523699283599854,0.012368064373731613,0.5166236758232117,-0.003210887312889099,0.0008031576871871948,0.00810413807630539,-0.04509105533361435,0.012368064373731613,0.5166236758232117,0.025416774675250053,9.6887845993042,1.3327499801913896,0.015237896537790922,0.0055518534938142836,0.001670029315523704,0.001670029315523704,0.25,traj,3.140355304875646,-330.56966479612265,52.38256080137693,-0.025529980659484863,0.0008465402849352137,0.0,0.75,1.0,0.0,0
431,465,21.55,0.0,43.11879348754883,330.5232849121094,0.1748247593641281,-2.395718068370911e-10,0.0008465402849352137,0.75,0.0,0.024889279156923294,1.9523699283599854,0.012368064373731613,0.5166236758232117,-0.003210887312889099,0.0008031576871871948,0.00810413807630539,-0.04509105533361435,0.012368064373731613,0.5166236758232117,0.025416774675250053,9.6887845993042,1.3327499801913896,0.015237896537790922,0.0055518534938142836,0.001670029315523704,0.001670029315523704,0.25,traj,3.140355304875646,-330.56966479612265,52.38256080137693,-0.025529980659484863,0.0008465402849352137,0.0,0.75,1.0,0.0,0
432,466,21.6,0.0,43.11879348754883,330.5232849121094,0.1748247593641281,5.570655048359185e-07,-0.00503853284232564,0.0,1.0,0.012463800609111786,0.2877878248691559,0.007074713706970215,0.24007955193519592,0.0007016286253929138,0.11890176683664322,-0.005232274532318115,0.0018482576124370098,0.007074713706970215,0.24007955193519592,-0.014278426766395569,1.9999489784240723,0.19104050596555075,0.01875460915944893,0.07160851023177704,-0.004544987483243232,-0.004544987483243232,0.19103994890004591,traj,6.290859536328588,-326.5516273758076,10.944062247887748,-0.03413957357406616,-0.00503853284232564,1.0,0.0,0.0,1.0,0
433,467,21.65,0.0,43.11879348754883,330.5232849121094,0.1748247593641281,9.464784511692415e-10,0.0008465402849352137,0.75,0.0,0.025427713990211487,2.0861217975616455,0.01015792042016983,0.6097033023834229,-0.003308817744255066,0.018579453229904175,0.006363116204738617,-0.03869882971048355,0.01015792042016983,0.6097033023834229,0.025416774675250053,9.6887845993042,1.4172424872716267,0.010605358678725163,0.006583970968393988,0.001670029315523704,0.001670029315523704,0.25,traj,3.140355304875646,-330.56966479612265,52.38256080137693,-0.02191382646560669,0.0008465402849352137,0.0,0.75,1.0,0.0,0
434,468,21.7,0.0,43.11879348754883,330.5232849121094,0.1748247593641281,9.464784511692415e-10,0.0008465402849352137,0.75,0.0,0.025427713990211487,2.0861217975616455,0.01015792042016983,0.6097033023834229,-0.003308817744255066,0.018579453229904175,0.006363116204738617,-0.03869882971048355,0.01015792042016983,0.6097033023834229,0.025416774675250053,9.6887845993042,1.4172424872716267,0.010605358678725163,0.006583970968393988,0.001670029315523704,0.001670029315523704,0.25,traj,3.140355304875646,-330.56966479612265,52.38256080137693,-0.02191382646560669,0.0008465402849352137,0.0,0.75,1.0,0.0,0
435,469,21.75,0.0,43.11879348754883,330.5232849121094,0.1748247593641281,9.464784511692415e-10,0.0008465402849352137,0.75,0.0,0.025427713990211487,2.0861217975616455,0.01015792042016983,0.6097033023834229,-0.003308817744255066,0.018579453229904175,0.006363116204738617,-0.03869882971048355,0.01015792042016983,0.6097033023834229,0.025416774675250053,9.6887845993042,1.4172424872716267,0.010605358678725163,0.006583970968393988,0.001670029315523704,0.001670029315523704,0.25,traj,3.140355304875646,-330.56966479612265,52.38256080137693,-0.02191382646560669,0.0008465402849352137,0.0,0.75,1.0,0.0,0
436,470,21.8,0.0,43.11879348754883,330.5232849121094,0.1748247593641281,5.582293738370936e-07,-0.00503853284232564,0.0,1.0,0.015952251851558685,0.34624508023262024,0.008075594902038574,0.280265212059021,0.001981966197490692,0.13750292360782623,-0.003972746431827545,0.006731904577463865,0.008075594902038574,0.280265212059021,-0.014278426766395569,1.9999489784240723,0.22683144609133402,0.018338574748004377,0.07564150926369724,-0.004544987483243232,-0.004544987483243232,0.22683088786196018,traj,6.290859536328588,-326.5516273758076,10.944062247887748,-0.03196340799331665,-0.00503853284232564,1.0,0.0,0.0,1.0,0
437,471,21.85,0.0,43.11879348754883,330.5232849121094,0.1748247593641281,-1.6270096381276744e-10,0.0008465402849352137,0.75,0.0,0.029388070106506348,1.949354648590088,0.013042919337749481,0.508847713470459,-0.0021262168884277344,-0.003208339214324951,0.00859137624502182,-0.04364386945962906,0.013042919337749481,0.508847713470459,0.025416774675250053,9.6887845993042,1.3298081159591675,0.01631441024197571,0.007223276674707182,0.001670029315523704,0.001670029315523704,0.25,traj,3.140355304875646,-330.56966479612265,52.38256080137693,-0.025727272033691406,0.0008465402849352137,0.0,0.75,1.0,0.0,0
438,472,21.9,0.0,43.11879348754883,330.5232849121094,0.1748247593641281,-1.6270096381276744e-10,0.0008465402849352137,0.75,0.0,0.029388070106506348,1.949354648590088,0.013042919337749481,0.508847713470459,-0.0021262168884277344,-0.003208339214324951,0.00859137624502182,-0.04364386945962906,0.013042919337749481,0.508847713470459,0.025416774675250053,9.6887845993042,1.3298081159591675,0.01631441024197571,0.007223276674707182,0.001670029315523704,0.001670029315523704,0.25,traj,3.140355304875646,-330.56966479612265,52.38256080137693,-0.025727272033691406,0.0008465402849352137,0.0,0.75,1.0,0.0,0
439,473,21.95,0.0,43.11879348754883,330.5232849121094,0.1748247593641281,-1.6270096381276744e-10,0.0008465402849352137,0.75,0.0,0.029388070106506348,1.949354648590088,0.013042919337749481,0.508847713470459,-0.0021262168884277344,-0.003208339214324951,0.00859137624502182,-0.04364386945962906,0.013042919337749481,0.508847713470459,0.025416774675250053,9.6887845993042,1.3298081159591675,0.01631441024197571,0.007223276674707182,0.001670029315523704,0.001670029315523704,0.25,traj,3.140355304875646,-330.56966479612265,52.38256080137693,-0.025727272033691406,0.0008465402849352137,0.0,0.75,1.0,0.0,0
440,474,22.0,0.0,43.11879348754883,330.5232849121094,0.1748247593641281,5.545193744183052e-07,-0.00503853284232564,0.0,1.0,0.014076612889766693,0.3553132712841034,0.007422506809234619,0.2881624102592468,0.0006688162684440613,0.1450619101524353,-0.005036957561969757,0.011163242161273956,0.007422506809234619,0.2881624102592468,-0.014278426766395569,1.9999489784240723,0.22983980675538382,0.016394475237246416,0.06287861778061142,-0.004544987483243232,-0.004544987483243232,0.2298392522360094,traj,6.290859536328588,-326.5516273758076,10.944062247887748,-0.033428072929382324,-0.00503853284232564,1.0,0.0,0.0,1.0,0
441,475,22.05,0.0,43.11879348754883,330.5232849121094,0.1748247593641281,7.951929115179723e-10,0.0008465402849352137,0.75,0.0,0.02778630331158638,2.1222105026245117,0.010633017867803574,0.6291837692260742,-0.0025995224714279175,0.019856184720993042,0.00960519164800644,-0.039323337376117706,0.010633017867803574,0.6291837692260742,0.025416774675250053,9.6887845993042,1.442014294366042,0.010757671897216447,0.007313738735714462,0.001670029315523704,0.001670029315523704,0.25,traj,3.140355304875646,-330.56966479612265,52.38256080137693,-0.020567893981933594,0.0008465402849352137,0.0,0.75,1.0,0.0,0
442,476,22.1,0.0,43.11879348754883,330.5232849121094,0.1748247593641281,7.951929115179723e-10,0.0008465402849352137,0.75,0.0,0.02778630331158638,2.1222105026245117,0.010633017867803574,0.6291837692260742,-0.0025995224714279175,0.019856184720993042,0.00960519164800644,-0.039323337376117706,0.010633017867803574,0.6291837692260742,0.025416774675250053,9.6887845993042,1.442014294366042,0.010757671897216447,0.007313738735714462,0.001670029315523704,0.001670029315523704,0.25,traj,3.140355304875646,-330.56966479612265,52.38256080137693,-0.020567893981933594,0.0008465402849352137,0.0,0.75,1.0,0.0,0
443,477,22.15,0.0,43.11879348754883,330.5232849121094,0.1748247593641281,7.951929115179723e-10,0.0008465402849352137,0.75,0.0,0.02778630331158638,2.1222105026245117,0.010633017867803574,0.6291837692260742,-0.0025995224714279175,0.019856184720993042,0.00960519164800644,-0.039323337376117706,0.010633017867803574,0.6291837692260742,0.025416774675250053,9.6887845993042,1.442014294366042,0.010757671897216447,0.007313738735714462,0.001670029315523704,0.001670029315523704,0.25,traj,3.140355304875646,-330.56966479612265,52.38256080137693,-0.020567893981933594,0.0008465402849352137,0.0,0.75,1.0,0.0,0
444,478,22.2,0.0,43.11879348754883,330.5232849121094,0.1748247593641281,5.523798449758033e-07,-0.00503853284232564,0.0,1.0,0.01235116645693779,0.30836111307144165,0.007816869765520096,0.2544483244419098,0.000902276486158371,0.12666679918766022,-0.0036124736070632935,0.005591459106653929,0.007816869765520096,0.2544483244419098,-0.014278426766395569,1.9999489784240723,0.20215406020482382,0.01955138867162631,0.05341675672339275,-0.004544987483243232,-0.004544987483243232,0.20215350782497885,traj,6.290859536328588,-326.5516273758076,10.944062247887748,-0.033146679401397705,-0.00503853284232564,1.0,0.0,0.0,1.0,0
445,479,22.25,0.0,43.11879348754883,330.5232849121094,0.1748247593641281,1.4476834175880526e-09,0.0008465402849352137,0.75,0.0,0.026399627327919006,2.0207810401916504,0.01181698590517044,0.5545424818992615,-0.00208088755607605,0.0010715723037719727,0.008541248738765717,-0.0448271706700325,0.01181698590517044,0.5545424818992615,0.025416774675250053,9.6887845993042,1.378045452137788,0.013563968954202352,0.0063313298600942945,0.001670029315523704,0.001670029315523704,0.25,traj,3.140355304875646,-330.56966479612265,52.38256080137693,-0.027540624141693115,0.0008465402849352137,0.0,0.75,1.0,0.0,0
446,480,22.3,0.0,43.11879348754883,330.5232849121094,0.1748247593641281,1.4476834175880526e-09,0.0008465402849352137,0.75,0.0,0.026399627327919006,2.0207810401916504,0.01181698590517044,0.5545424818992615,-0.00208088755607605,0.0010715723037719727,0.008541248738765717,-0.0448271706700325,0.01181698590517044,0.5545424818992615,0.025416774675250053,9.6887845993042,1.378045452137788,0.013563968954202352,0.0063313298600942945,0.001670029315523704,0.001670029315523704,0.25,traj,3.140355304875646,-330.56966479612265,52.38256080137693,-0.027540624141693115,0.0008465402849352137,0.0,0.75,1.0,0.0,0
447,481,22.35,0.0,43.11879348754883,330.5232849121094,0.1748247593641281,1.4476834175880526e-09,0.0008465402849352137,0.75,0.0,0.026399627327919006,2.0207810401916504,0.01181698590517044,0.5545424818992615,-0.00208088755607605,0.0010715723037719727,0.008541248738765717,-0.0448271706700325,0.01181698590517044,0.5545424818992615,0.025416774675250053,9.6887845993042,1.378045452137788,0.013563968954202352,0.0063313298600942945,0.001670029315523704,0.001670029315523704,0.25,traj,3.140355304875646,-330.56966479612265,52.38256080137693,-0.027540624141693115,0.0008465402849352137,0.0,0.75,1.0,0.0,0
448,482,22.4,0.0,43.11879348754883,330.5232849121094,0.1748247593641281,5.555754682973202e-07,-0.00503853284232564,0.0,1.0,0.012289963662624359,0.2996196746826172,0.006053715944290161,0.24780602753162384,9.591132402420044e-05,0.12274038791656494,-0.004530683159828186,0.003646321129053831,0.006053715944290161,0.24780602753162384,-0.014278426766395569,1.9999489784240723,0.19771929581960043,0.015549049599980392,0.07625622628899839,-0.004544987483243232,-0.004544987483243232,0.19771874024413214,traj,6.290859536328588,-326.5516273758076,10.944062247887748,-0.03980737924575806,-0.00503853284232564,1.0,0.0,0.0,1.0,0
449,483,22.45,0.0,43.11879348754883,330.5232849121094,0.1748247593641281,1.8286205882844797e-09,0.0008465402849352137,0.75,0.0,0.02546536549925804,2.0301871299743652,0.010844219475984573,0.5716556906700134,-0.002650924026966095,0.011016473174095154,0.009548299014568329,-0.04327859729528427,0.010844219475984573,0.5716556906700134,0.025416774675250053,9.6887845993042,1.3833699598908424,0.01207513949712113,0.006381645586980055,0.001670029315523704,0.001670029315523704,0.25,traj,3.140355304875646,-330.56966479612265,52.38256080137693,-0.02120828628540039,0.0008465402849352137,0.0,0.75,1.0,0.0,0
450,484,22.5,0.0,43.11879348754883,330.5232849121094,0.1748247593641281,1.8286205882844797e-09,0.0008465402849352137,0.75,0.0,0.02546536549925804,2.0301871299743652,0.010844219475984573,0.5716556906700134,-0.002650924026966095,0.011016473174095154,0.009548299014568329,-0.04327859729528427,0.010844219475984573,0.5716556906700134,0.025416774675250053,9.6887845993042,1.3833699598908424,0.01207513949712113,0.006381645586980055,0.001670029315523704,0.001670029315523704,0.25,traj,3.140355304875646,-330.56966479612265,52.38256080137693,-0.02120828628540039,0.0008465402849352137,0.0,0.75,1.0,0.0,0
451,485,22.55,0.0,43.11879348754883,330.5232849121094,0.1748247593641281,1.8286205882844797e-09,0.0008465402849352137,0.75,0.0,0.02546536549925804,2.0301871299743652,0.010844219475984573,0.5716556906700134,-0.002650924026966095,0.011016473174095154,0.009548299014568329,-0.04327859729528427,0.010844219475984573,0.5716556906700134,0.025416774675250053,9.6887845993042,1.3833699598908424,0.01207513949712113,0.006381645586980055,0.001670029315523704,0.001670029315523704,0.25,traj,3.140355304875646,-330.56966479612265,52.38256080137693,-0.02120828628540039,0.0008465402849352137,0.0,0.75,1.0,0.0,0
452,486,22.6,0.0,43.11879348754883,330.5232849121094,0.1748247593641281,5.568450660575763e-07,-0.00503853284232564,0.0,1.0,0.014556020498275757,0.33564189076423645,0.0076764896512031555,0.2717098891735077,0.0013611763715744019,0.13578000664710999,-0.00383797287940979,0.010890014469623566,0.0076764896512031555,0.2717098891735077,-0.014278426766395569,1.9999489784240723,0.2169171671072642,0.017981355854412708,0.06824213766285009,-0.004544987483243232,-0.004544987483243232,0.21691661026219813,traj,6.290859536328588,-326.5516273758076,10.944062247887748,-0.03220105171203613,-0.00503853284232564,1.0,0.0,0.0,1.0,0
453,487,22.65,0.0,43.11879348754883,330.5232849121094,0.1748247593641281,-1.3033144341534353e-08,0.0008465402849352137,0.75,0.0,0.02744479849934578,1.9928007125854492,0.013161774724721909,0.5431078672409058,-0.0028077736496925354,0.00021320581436157227,0.00852658599615097,-0.044122882187366486,0.013161774724721909,0.5431078672409058,0.025416774675250053,9.6887845993042,1.3591030910611153,0.015424967830058494,0.006272058996296739,0.001670029315523704,0.001670029315523704,0.25,traj,3.140355304875646,-330.56966479612265,52.38256080137693,-0.02359253168106079,0.0008465402849352137,0.0,0.75,1.0,0.0,0
454,488,22.7,0.0,43.11879348754883,330.5232849121094,0.1748247593641281,-1.3033144341534353e-08,0.0008465402849352137,0.75,0.0,0.02744479849934578,1.9928007125854492,0.013161774724721909,0.5431078672409058,-0.0028077736496925354,0.00021320581436157227,0.00852658599615097,-0.044122882187366486,0.013161774724721909,0.5431078672409058,0.025416774675250053,9.6887845993042,1.3591030910611153,0.015424967830058494,0.006272058996296739,0.001670029315523704,0.001670029315523704,0.25,traj,3.140355304875646,-330.56966479612265,52.38256080137693,-0.02359253168106079,0.0008465402849352137,0.0,0.75,1.0,0.0,0
455,489,22.75,0.0,43.11879348754883,330.5232849121094,0.1748247593641281,-1.3033144341534353e-08,0.0008465402849352137,0.75,0.0,0.02744479849934578,1.9928007125854492,0.013161774724721909,0.5431078672409058,-0.0028077736496925354,0.00021320581436157227,0.00852658599615097,-0.044122882187366486,0.013161774724721909,0.5431078672409058,0.025416774675250053,9.6887845993042,1.3591030910611153,0.015424967830058494,0.006272058996296739,0.001670029315523704,0.001670029315523704,0.25,traj,3.140355304875646,-330.56966479612265,52.38256080137693,-0.02359253168106079,0.0008465402849352137,0.0,0.75,1.0,0.0,0
456,490,22.8,0.0,43.11879348754883,330.5232849121094,0.1748247593641281,5.40313919827895e-07,-0.00503853284232564,0.0,1.0,0.012933425605297089,0.31446003913879395,0.007003903388977051,0.2585960626602173,0.00023814290761947632,0.12968401610851288,-0.004150398075580597,0.006150669883936644,0.007003903388977051,0.2585960626602173,-0.014278426766395569,1.9999489784240723,0.20591902484496433,0.017238231272715322,0.06732013801588915,-0.004544987483243232,-0.004544987483243232,0.2059184845310445,traj,6.290859536328588,-326.5516273758076,10.944062247887748,-0.03678673505783081,-0.00503853284232564,1.0,0.0,0.0,1.0,0
457,491,22.85,0.0,43.11879348754883,330.5232849121094,0.1748247593641281,8.707800591700732e-10,0.0008465402849352137,0.75,0.0,0.024441320449113846,2.0307116508483887,0.010350760072469711,0.5822887420654297,-0.0033539310097694397,0.01655292510986328,0.009379647672176361,-0.04045815020799637,0.010350760072469711,0.5822887420654297,0.025416774675250053,9.6887845993042,1.3818726787964501,0.0113153188974526,0.006192980583906148,0.001670029315523704,0.001670029315523704,0.25,traj,3.140355304875646,-330.56966479612265,52.38256080137693,-0.02124929428100586,0.0008465402849352137,0.0,0.75,1.0,0.0,0
458,492,22.9,0.0,43.11879348754883,330.5232849121094,0.1748247593641281,8.707800591700732e-10,0.0008465402849352137,0.75,0.0,0.024441320449113846,2.0307116508483887,0.010350760072469711,0.5822887420654297,-0.0033539310097694397,0.01655292510986328,0.009379647672176361,-0.04045815020799637,0.010350760072469711,0.5822887420654297,0.025416774675250053,9.6887845993042,1.3818726787964501,0.0113153188974526,0.006192980583906148,0.001670029315523704,0.001670029315523704,0.25,traj,3.140355304875646,-330.56966479612265,52.38256080137693,-0.02124929428100586,0.0008465402849352137,0.0,0.75,1.0,0.0,0
459,493,22.95,0.0,43.11879348754883,330.5232849121094,0.1748247593641281,8.707800591700732e-10,0.0008465402849352137,0.75,0.0,0.024441320449113846,2.0307116508483887,0.010350760072469711,0.5822887420654297,-0.0033539310097694397,0.01655292510986328,0.009379647672176361,-0.04045815020799637,0.010350760072469711,0.5822887420654297,0.025416774675250053,9.6887845993042,1.3818726787964501,0.0113153188974526,0.006192980583906148,0.001670029315523704,0.001670029315523704,0.25,traj,3.140355304875646,-330.56966479612265,52.38256080137693,-0.02124929428100586,0.0008465402849352137,0.0,0.75,1.0,0.0,0
460,494,23.0,0.0,43.11879348754883,330.5232849121094,0.1748247593641281,5.520453214558074e-07,-0.00503853284232564,0.0,1.0,0.013851545751094818,0.3138284683227539,0.007771342992782593,0.25732913613319397,0.001370646059513092,0.12922349572181702,-0.0033191367983818054,0.006732917856425047,0.007771342992782593,0.25732913613319397,-0.014278426766395569,1.9999489784240723,0.20511421312888464,0.01922004860588991,0.06824752592319533,-0.004544987483243232,-0.004544987483243232,0.2051136610835632,traj,6.290859536328588,-326.5516273758076,10.944062247887748,-0.03212606906890869,-0.00503853284232564,1.0,0.0,0.0,1.0,0
461,495,23.05,0.0,43.11879348754883,330.5232849121094,0.1748247593641281,1.7575886301912647e-09,0.0008465402849352137,0.75,0.0,0.024135824292898178,1.961205005645752,0.011497441679239273,0.5237716436386108,-0.003186836838722229,-3.801286220550537e-05,0.007885657250881195,-0.044328682124614716,0.011497441679239273,0.5237716436386108,0.025416774675250053,9.6887845993042,1.3381053830186527,0.013972338375578337,0.00559723630629948,0.001670029315523704,0.001670029315523704,0.25,traj,3.140355304875646,-330.56966479612265,52.38256080137693,-0.02579551935195923,0.0008465402849352137,0.0,0.75,1.0,0.0,0
462,496,23.1,0.0,43.11879348754883,330.5232849121094,0.1748247593641281,1.7575886301912647e-09,0.0008465402849352137,0.75,0.0,0.024135824292898178,1.961205005645752,0.011497441679239273,0.5237716436386108,-0.003186836838722229,-3.801286220550537e-05,0.007885657250881195,-0.044328682124614716,0.011497441679239273,0.5237716436386108,0.025416774675250053,9.6887845993042,1.3381053830186527,0.013972338375578337,0.00559723630629948,0.001670029315523704,0.001670029315523704,0.25,traj,3.140355304875646,-330.56966479612265,52.38256080137693,-0.02579551935195923,0.0008465402849352137,0.0,0.75,1.0,0.0,0
463,497,23.15,0.0,43.11879348754883,330.5232849121094,0.1748247593641281,1.7575886301912647e-09,0.0008465402849352137,0.75,0.0,0.024135824292898178,1.961205005645752,0.011497441679239273,0.5237716436386108,-0.003186836838722229,-3.801286220550537e-05,0.007885657250881195,-0.044328682124614716,0.011497441679239273,0.5237716436386108,0.025416774675250053,9.6887845993042,1.3381053830186527,0.013972338375578337,0.00559723630629948,0.001670029315523704,0.001670029315523704,0.25,traj,3.140355304875646,-330.56966479612265,52.38256080137693,-0.02579551935195923,0.0008465402849352137,0.0,0.75,1.0,0.0,0
464,498,23.2,0.0,43.11879348754883,330.5232849121094,0.1748247593641281,5.556620408242452e-07,-0.00503853284232564,0.0,1.0,0.01357426866889,0.29100555181503296,0.00813085213303566,0.24236351251602173,0.0007935278117656708,0.12039895355701447,-0.0048431456089019775,0.0014145146124064922,0.00813085213303566,0.24236351251602173,-0.014278426766395569,1.9999489784240723,0.19349907338619235,0.021349398025136777,0.07094742381111059,-0.004544987483243232,-0.004544987483243232,0.19349851772415153,traj,6.290859536328588,-326.5516273758076,10.944062247887748,-0.03791844844818115,-0.00503853284232564,1.0,0.0,0.0,1.0,0
465,499,23.25,0.0,43.11879348754883,330.5232849121094,0.1748247593641281,7.970550330860249e-10,0.0008465402849352137,0.75,0.0,0.026257693767547607,2.108224868774414,0.010361723601818085,0.6210561990737915,-0.0027632936835289,0.019816339015960693,0.00857418030500412,-0.042287297546863556,0.010361723601818085,0.6210561990737915,0.025416774675250053,9.6887845993042,1.4345111846923828,0.01062038509489919,0.006804434296603844,0.001670029315523704,0.001670029315523704,0.25,traj,3.140355304875646,-330.56966479612265,52.38256080137693,-0.023532867431640625,0.0008465402849352137,0.0,0.75,1.0,0.0,0
466,500,23.3,0.0,43.11879348754883,330.5232849121094,0.1748247593641281,7.970550330860249e-10,0.0008465402849352137,0.75,0.0,0.026257693767547607,2.108224868774414,0.010361723601818085,0.6210561990737915,-0.0027632936835289,0.019816339015960693,0.00857418030500412,-0.042287297546863556,0.010361723601818085,0.6210561990737915,0.025416774675250053,9.6887845993042,1.4345111846923828,0.01062038509489919,0.006804434296603844,0.001670029315523704,0.001670029315523704,0.25,traj,3.140355304875646,-330.56966479612265,52.38256080137693,-0.023532867431640625,0.0008465402849352137,0.0,0.75,1.0,0.0,0
467,501,23.35,0.0,43.11879348754883,330.5232849121094,0.1748247593641281,7.970550330860249e-10,0.0008465402849352137,0.75,0.0,0.026257693767547607,2.108224868774414,0.010361723601818085,0.6210561990737915,-0.0027632936835289,0.019816339015960693,0.00857418030500412,-0.042287297546863556,0.010361723601818085,0.6210561990737915,0.025416774675250053,9.6887845993042,1.4345111846923828,0.01062038509489919,0.006804434296603844,0.001670029315523704,0.001670029315523704,0.25,traj,3.140355304875646,-330.56966479612265,52.38256080137693,-0.023532867431640625,0.0008465402849352137,0.0,0.75,1.0,0.0,0
468,502,23.4,0.0,43.11879348754883,330.5232849121094,0.1748247593641281,5.564798470913956e-07,-0.00503853284232564,0.0,1.0,0.015604253858327866,0.3074530363082886,0.00873926654458046,0.2521728277206421,0.001528855413198471,0.12324975430965424,-0.0025642216205596924,0.002120442222803831,0.00873926654458046,0.2521728277206421,-0.014278426766395569,1.9999489784240723,0.2040185605486234,0.02205381820153742,0.07865612709036854,-0.004544987483243232,-0.004544987483243232,0.20401800406877632,traj,6.290859536328588,-326.5516273758076,10.944062247887748,-0.024764657020568848,-0.00503853284232564,1.0,0.0,0.0,1.0,0
469,503,23.45,0.0,43.11879348754883,330.5232849121094,0.1748247593641281,1.281704187228172e-09,0.0008465402849352137,0.75,0.0,0.026480983942747116,1.8877174854278564,0.013216216117143631,0.46739107370376587,-0.0029713213443756104,-0.010948196053504944,0.009561203420162201,-0.04622728377580643,0.013216216117143631,0.46739107370376587,0.025416774675250053,9.6887845993042,1.2909603541096053,0.01799660994355907,0.005945348280997797,0.001670029315523704,0.001670029315523704,0.25,traj,3.140355304875646,-330.56966479612265,52.38256080137693,-0.023533761501312256,0.0008465402849352137,0.0,0.75,1.0,0.0,0
470,504,23.5,0.0,43.11879348754883,330.5232849121094,0.1748247593641281,1.281704187228172e-09,0.0008465402849352137,0.75,0.0,0.026480983942747116,1.8877174854278564,0.013216216117143631,0.46739107370376587,-0.0029713213443756104,-0.010948196053504944,0.009561203420162201,-0.04622728377580643,0.013216216117143631,0.46739107370376587,0.025416774675250053,9.6887845993042,1.2909603541096053,0.01799660994355907,0.005945348280997797,0.001670029315523704,0.001670029315523704,0.25,traj,3.140355304875646,-330.56966479612265,52.38256080137693,-0.023533761501312256,0.0008465402849352137,0.0,0.75,1.0,0.0,0
471,505,23.55,0.0,43.11879348754883,330.5232849121094,0.1748247593641281,1.281704187228172e-09,0.0008465402849352137,0.75,0.0,0.026480983942747116,1.8877174854278564,0.013216216117143631,0.46739107370376587,-0.0029713213443756104,-0.010948196053504944,0.009561203420162201,-0.04622728377580643,0.013216216117143631,0.46739107370376587,0.025416774675250053,9.6887845993042,1.2909603541096053,0.01799660994355907,0.005945348280997797,0.001670029315523704,0.001670029315523704,0.25,traj,3.140355304875646,-330.56966479612265,52.38256080137693,-0.023533761501312256,0.0008465402849352137,0.0,0.75,1.0,0.0,0
472,506,23.6,0.0,43.11879348754883,330.5232849121094,0.1748247593641281,5.587982059296337e-07,-0.00503853284232564,0.0,1.0,0.01163598895072937,0.28404030203819275,0.006609268486499786,0.23733437061309814,0.001408994197845459,0.12079541385173798,-0.0047490522265434265,0.004135109018534422,0.006609268486499786,0.23733437061309814,-0.014278426766395569,1.9999489784240723,0.18696886549393335,0.01772393361369401,0.06825336952948523,-0.004544987483243232,-0.004544987483243232,0.18696830669572742,traj,6.290859536328588,-326.5516273758076,10.944062247887748,-0.03636336326599121,-0.00503853284232564,1.0,0.0,0.0,1.0,0
473,507,23.65,0.0,43.11879348754883,330.5232849121094,0.1748247593641281,8.923361494161952e-10,0.0008465402849352137,0.75,0.0,0.025559231638908386,2.0756595134735107,0.011859409511089325,0.6036752462387085,-0.0031375885009765625,0.014432594180107117,0.010301612317562103,-0.04160206764936447,0.011859409511089325,0.6036752462387085,0.025416774675250053,9.6887845993042,1.4127368504802384,0.012504986068887263,0.005924857713487759,0.001670029315523704,0.001670029315523704,0.25,traj,3.140355304875646,-330.56966479612265,52.38256080137693,-0.022678911685943604,0.0008465402849352137,0.0,0.75,1.0,0.0,0
474,508,23.7,0.0,43.11879348754883,330.5232849121094,0.1748247593641281,8.923361494161952e-10,0.0008465402849352137,0.75,0.0,0.025559231638908386,2.0756595134735107,0.011859409511089325,0.6036752462387085,-0.0031375885009765625,0.014432594180107117,0.010301612317562103,-0.04160206764936447,0.011859409511089325,0.6036752462387085,0.025416774675250053,9.6887845993042,1.4127368504802384,0.012504986068887263,0.005924857713487759,0.001670029315523704,0.001670029315523704,0.25,traj,3.140355304875646,-330.56966479612265,52.38256080137693,-0.022678911685943604,0.0008465402849352137,0.0,0.75,1.0,0.0,0
475,509,23.75,0.0,43.11879348754883,330.5232849121094,0.1748247593641281,8.923361494161952e-10,0.0008465402849352137,0.75,0.0,0.025559231638908386,2.0756595134735107,0.011859409511089325,0.6036752462387085,-0.0031375885009765625,0.014432594180107117,0.010301612317562103,-0.04160206764936447,0.011859409511089325,0.6036752462387085,0.025416774675250053,9.6887845993042,1.4127368504802384,0.012504986068887263,0.005924857713487759,0.001670029315523704,0.001670029315523704,0.25,traj,3.140355304875646,-330.56966479612265,52.38256080137693,-0.022678911685943604,0.0008465402849352137,0.0,0.75,1.0,0.0,0
476,510,23.8,0.0,43.11879348754883,330.5232849121094,0.1748247593641281,5.52312997115223e-07,-0.00503853284232564,0.0,1.0,0.013310611248016357,0.3044424057006836,0.008626945316791534,0.24964839220046997,0.003046005964279175,0.12563776969909668,-0.0043775662779808044,0.008754946291446686,0.008626945316791534,0.24964839220046997,-0.014278426766395569,1.9999489784240723,0.19749886542558667,0.02199052511522864,0.05428487376690137,-0.004544987483243232,-0.004544987483243232,0.19749831311258956,traj,6.290859536328588,-326.5516273758076,10.944062247887748,-0.02345043420791626,-0.00503853284232564,1.0,0.0,0.0,1.0,0
477,511,23.85,0.0,43.11879348754883,330.5232849121094,0.1748247593641281,1.2855150277601979e-09,0.0008465402849352137,0.75,0.0,0.024372819811105728,1.8701069355010986,0.012396585196256638,0.4581639766693115,-0.003309689462184906,-0.01027628779411316,0.009858183562755585,-0.04863283783197403,0.012396585196256638,0.4581639766693115,0.025416774675250053,9.6887845993042,1.2808340936899185,0.01722085223582718,0.0053997679482953335,0.001670029315523704,0.001670029315523704,0.25,traj,3.140355304875646,-330.56966479612265,52.38256080137693,-0.02402639389038086,0.0008465402849352137,0.0,0.75,1.0,0.0,0
