tcp_step,frame,t_rel,match_err_m,world_x,world_y,world_yaw_deg,speed,steer,throttle,brake,wp_4_x,wp_4_y,wp_3_x,wp_3_y,wp_2_x,wp_2_y,wp_1_x,wp_1_y,aim_x,aim_y,target_x,target_y,desired_speed,angle,angle_last,angle_target,angle_final,delta,agent,theta,gps_x,gps_y,steer_ctrl,steer_traj,throttle_ctrl,throttle_traj,brake_ctrl,brake_traj,status
0,34,0.0,0.0,77.01101684570312,326.57598876953125,-179.97113037109375,,,,,,,,,,,,,,,,,,,,,,,,,,,,,,,,,
1,35,0.05,0.0,77.01101684570312,326.57598876953125,-179.97113037109375,,,,,,,,,,,,,,,,,,,,,,,,,,,,,,,,,
2,36,0.1,0.0,77.01101684570312,326.57598876953125,-179.97113037109375,,,,,,,,,,,,,,,,,,,,,,,,,,,,,,,,,
3,37,0.15,0.0,77.01101684570312,326.57598876953125,-179.97113037109375,,,,,,,,,,,,,,,,,,,,,,,,,,,,,,,,,
4,38,0.2,0.0,77.01101684570312,326.57598876953125,-179.97113037109375,0.0,-6.597094824647813e-05,0.0,1.0,0.0053927600383758545,-0.006389469373971224,0.0009444579482078552,0.003612957429140806,0.004167236387729645,-0.0012297183275222778,-0.004811502993106842,-0.02041848748922348,-0.004811502993106842,-0.02041848748922348,-0.00039084890158846974,4.028552532196045,0.02529967731485764,2.1473281948075904,1.733602463193491,-6.172720303764036e-05,-6.172720303764036e-05,0.02529967731485764,traj,3.1421517888691763,-330.5550767267061,9.292877209931646,-0.02489835023880005,-6.597094824647813e-05,0.0,0.0,0.8970886468887329,1.0,0
5,39,0.25,0.0,77.01101684570312,326.57598876953125,-179.97113037109375,0.0,5.812585155596379e-06,0.75,0.0,-0.0234094075858593,6.983508110046387,-0.02053508535027504,4.0653862953186035,0.00332723930478096,1.7845362424850464,0.005802534520626068,0.2861454486846924,0.00332723930478096,1.7845362424850464,0.00019121757941320539,12.400457382202148,4.464993794759114,0.0011869831592222462,-0.0006270391933423624,9.838001265937692e-06,9.838001265937692e-06,0.25,traj,3.14214821259049,-330.5627675085421,25.00897601675279,0.02990281581878662,5.812585155596379e-06,1.0,0.75,0.0,0.0,0
6,40,0.3,0.0,77.01101684570312,326.57598876953125,-179.97113037109375,0.0,5.812585155596379e-06,0.75,0.0,-0.0234094075858593,6.983508110046387,-0.02053508535027504,4.0653862953186035,0.00332723930478096,1.7845362424850464,0.005802534520626068,0.2861454486846924,0.00332723930478096,1.7845362424850464,0.00019121757941320539,12.400457382202148,4.464993794759114,0.0011869831592222462,-0.0006270391933423624,9.838001265937692e-06,9.838001265937692e-06,0.25,traj,3.14214821259049,-330.5627675085421,25.00897601675279,0.02990281581878662,5.812585155596379e-06,1.0,0.75,0.0,0.0,0
7,41,0.35,0.0,77.01102447509766,326.57598876953125,-179.97113037109375,0.0,5.812585155596379e-06,0.75,0.0,-0.0234094075858593,6.983508110046387,-0.02053508535027504,4.0653862953186035,0.00332723930478096,1.7845362424850464,0.005802534520626068,0.2861454486846924,0.00332723930478096,1.7845362424850464,0.00019121757941320539,12.400457382202148,4.464993794759114,0.0011869831592222462,-0.0006270391933423624,9.838001265937692e-06,9.838001265937692e-06,0.25,traj,3.14214821259049,-330.5627675085421,25.00897601675279,0.02990281581878662,5.812585155596379e-06,1.0,0.75,0.0,0.0,0
8,42,0.4,0.0,77.01102447509766,326.57598876953125,-179.97113037109375,-2.1920698145549977e-07,-6.914499388334716e-05,0.0,1.0,0.005597174167633057,-0.003669233061373234,0.0016642436385154724,0.0023828367702662945,0.005463100969791412,-0.0019842535257339478,-0.006772466003894806,-0.01989593356847763,-0.006772466003894806,-0.01989593356847763,-0.00039084942545741796,4.028553485870361,0.0231318362057209,2.2088698688312025,1.633135806708444,-6.172720303764036e-05,-6.172720303764036e-05,0.023132055412702357,traj,3.1421517888691763,-330.5550767267061,9.292876256257328,-0.02242887020111084,-6.914499388334716e-05,0.0,0.0,0.9844104051589966,1.0,0
9,43,0.45,0.0,77.01102447509766,326.57598876953125,-179.97113037109375,1.0033321586888633e-06,5.589939898508662e-06,0.75,0.0,-0.008826274424791336,6.949624061584473,-0.013727616518735886,4.042026519775391,0.008471723645925522,1.7508745193481445,0.005431316792964935,0.25257202982902527,0.008471723645925522,1.7508745193481445,0.00019121651712339371,12.400459289550781,4.464777787526448,0.0030803115971497807,0.0010731466730553672,9.838001265937692e-06,9.838001265937692e-06,0.25,traj,3.14214821259049,-330.5627675085421,25.008974109404154,0.04112207889556885,5.589939898508662e-06,1.0,0.75,0.0,0.0,0
10,44,0.5,0.0,77.01102447509766,326.57598876953125,-179.97113037109375,1.0033321586888633e-06,5.589939898508662e-06,0.75,0.0,-0.008826274424791336,6.949624061584473,-0.013727616518735886,4.042026519775391,0.008471723645925522,1.7508745193481445,0.005431316792964935,0.25257202982902527,0.008471723645925522,1.7508745193481445,0.00019121651712339371,12.400459289550781,4.464777787526448,0.0030803115971497807,0.0010731466730553672,9.838001265937692e-06,9.838001265937692e-06,0.25,traj,3.14214821259049,-330.5627675085421,25.008974109404154,0.04112207889556885,5.589939898508662e-06,1.0,0.75,0.0,0.0,0
11,45,0.55,0.0,77.01102447509766,326.57598876953125,-179.97113037109375,1.0033321586888633e-06,5.589939898508662e-06,0.75,0.0,-0.008826274424791336,6.949624061584473,-0.013727616518735886,4.042026519775391,0.008471723645925522,1.7508745193481445,0.005431316792964935,0.25257202982902527,0.008471723645925522,1.7508745193481445,0.00019121651712339371,12.400459289550781,4.464777787526448,0.0030803115971497807,0.0010731466730553672,9.838001265937692e-06,9.838001265937692e-06,0.25,traj,3.14214821259049,-330.5627675085421,25.008974109404154,0.04112207889556885,5.589939898508662e-06,1.0,0.75,0.0,0.0,0
12,46,0.6,0.0,77.01102447509766,326.57598876953125,-179.97113037109375,-3.799213175170735e-07,-6.944874763682878e-05,0.0,1.0,0.004500634968280792,-0.006173477042466402,0.0014750659465789795,0.0036700735799968243,0.004604138433933258,8.732080459594727e-06,-0.006323136389255524,-0.02221503108739853,-0.006323136389255524,-0.02221503108739853,-0.00039132966776378453,4.028553485870361,0.026586151371399563,2.1765346149355005,1.81015970097945,-6.180309402841828e-05,-6.180309402841828e-05,0.02658653129271708,traj,3.142151908078466,-330.5550767267061,9.292876256257328,-0.024763524532318115,-6.944874763682878e-05,0.0,0.0,1.0,1.0,0
13,47,0.65,0.0,77.01102447509766,326.57598876953125,-179.97113037109375,3.0644216053588025e-07,5.36587168534386e-06,0.75,0.0,-0.009189162403345108,7.101865768432617,-0.01805230602622032,4.184469223022461,0.0032562874257564545,1.8861502408981323,0.003944091498851776,0.3326668441295624,0.0032562874257564545,1.8861502408981323,0.00019121545483358204,12.400461196899414,4.5128739674886065,0.0010991013919014157,0.0019340540724400856,9.838001265937692e-06,9.838001265937692e-06,0.25,traj,3.14214821259049,-330.5627675085421,25.00897220205552,0.027348756790161133,5.36587168534386e-06,1.0,0.75,0.0,0.0,0
14,48,0.7,0.0,77.01102447509766,326.57598876953125,-179.97113037109375,3.0644216053588025e-07,5.36587168534386e-06,0.75,0.0,-0.009189162403345108,7.101865768432617,-0.01805230602622032,4.184469223022461,0.0032562874257564545,1.8861502408981323,0.003944091498851776,0.3326668441295624,0.0032562874257564545,1.8861502408981323,0.00019121545483358204,12.400461196899414,4.5128739674886065,0.0010991013919014157,0.0019340540724400856,9.838001265937692e-06,9.838001265937692e-06,0.25,traj,3.14214821259049,-330.5627675085421,25.00897220205552,0.027348756790161133,5.36587168534386e-06,1.0,0.75,0.0,0.0,0
15,49,0.75,0.0,77.01102447509766,326.57598876953125,-179.97113037109375,3.0644216053588025e-07,5.36587168534386e-06,0.75,0.0,-0.009189162403345108,7.101865768432617,-0.01805230602622032,4.184469223022461,0.0032562874257564545,1.8861502408981323,0.003944091498851776,0.3326668441295624,0.0032562874257564545,1.8861502408981323,0.00019121545483358204,12.400461196899414,4.5128739674886065,0.0010991013919014157,0.0019340540724400856,9.838001265937692e-06,9.838001265937692e-06,0.25,traj,3.14214821259049,-330.5627675085421,25.00897220205552,0.027348756790161133,5.36587168534386e-06,1.0,0.75,0.0,0.0,0
16,50,0.8,0.0,77.01102447509766,326.57598876953125,-179.97113037109375,-4.450748463113996e-07,-6.967281584999358e-05,0.0,1.0,0.004198215901851654,-0.0036892006173729897,0.0026586055755615234,0.0027683894149959087,0.005498133599758148,0.0025534778833389282,-0.006443627178668976,-0.018794916570186615,-0.006443627178668976,-0.018794916570186615,-0.00039132966776378453,4.028553485870361,0.022631753080834944,2.2102633792038664,1.8509996028656883,-6.180309402841828e-05,-6.180309402841828e-05,0.022632198155681255,traj,3.142151908078466,-330.5550767267061,9.292876256257328,-0.02623116970062256,-6.967281584999358e-05,0.0,0.0,0.9407340884208679,1.0,0
17,51,0.85,0.0,77.01102447509766,326.57598876953125,-179.97113037109375,1.2790437153853418e-07,5.141803472179057e-06,0.75,0.0,-0.017107386142015457,6.940608024597168,-0.019494276493787766,4.023959159851074,0.0017618052661418915,1.740596055984497,0.003438137471675873,0.2428446114063263,0.0017618052661418915,1.740596055984497,0.00019121545483358204,12.400461196899414,4.465242862701416,0.0006443625751601222,0.0005209638241552252,9.838001265937692e-06,9.838001265937692e-06,0.25,traj,3.14214821259049,-330.5627675085421,25.00897220205552,0.03374826908111572,5.141803472179057e-06,1.0,0.75,0.0,0.0,0
18,52,0.9,0.0,77.01102447509766,326.57598876953125,-179.97113037109375,1.2790437153853418e-07,5.141803472179057e-06,0.75,0.0,-0.017107386142015457,6.940608024597168,-0.019494276493787766,4.023959159851074,0.0017618052661418915,1.740596055984497,0.003438137471675873,0.2428446114063263,0.0017618052661418915,1.740596055984497,0.00019121545483358204,12.400461196899414,4.465242862701416,0.0006443625751601222,0.0005209638241552252,9.838001265937692e-06,9.838001265937692e-06,0.25,traj,3.14214821259049,-330.5627675085421,25.00897220205552,0.03374826908111572,5.141803472179057e-06,1.0,0.75,0.0,0.0,0
19,53,0.95,0.0,77.01102447509766,326.57598876953125,-179.97113037109375,1.2790437153853418e-07,5.141803472179057e-06,0.75,0.0,-0.017107386142015457,6.940608024597168,-0.019494276493787766,4.023959159851074,0.0017618052661418915,1.740596055984497,0.003438137471675873,0.2428446114063263,0.0017618052661418915,1.740596055984497,0.00019121545483358204,12.400461196899414,4.465242862701416,0.0006443625751601222,0.0005209638241552252,9.838001265937692e-06,9.838001265937692e-06,0.25,traj,3.14214821259049,-330.5627675085421,25.00897220205552,0.03374826908111572,5.141803472179057e-06,1.0,0.75,0.0,0.0,0
20,54,1.0,0.0,77.01102447509766,326.57598876953125,-179.97113037109375,-4.518915091011877e-07,-6.989688406315838e-05,0.0,1.0,0.0044863298535346985,-0.004322693683207035,0.0010657012462615967,0.0029783914797008038,0.004548199474811554,0.003383934497833252,-0.003924615681171417,-0.018516384065151215,-0.003924615681171417,-0.018516384065151215,-0.00039132966776378453,4.028553485870361,0.02336724723378817,2.1329660524758416,1.7210717981421855,-6.180309402841828e-05,-6.180309402841828e-05,0.02336769912529727,traj,3.142151908078466,-330.5550767267061,9.292876256257328,-0.027020275592803955,-6.989688406315838e-05,0.0,0.0,0.8884145617485046,1.0,0
21,55,1.05,0.0,77.01102447509766,326.57598876953125,-179.97113037109375,4.371381834289423e-08,4.917735259014255e-06,0.75,0.0,-0.012021731585264206,6.786126136779785,-0.014805648475885391,3.886241912841797,0.0031096376478672028,1.6388206481933594,0.0018341168761253357,0.18935886025428772,0.0031096376478672028,1.6388206481933594,0.00019121545483358204,12.400461196899414,4.39789358774821,0.00120800496366773,0.0006111982121901714,9.838001265937692e-06,9.838001265937692e-06,0.25,traj,3.14214821259049,-330.5627675085421,25.00897220205552,0.03797638416290283,4.917735259014255e-06,1.0,0.75,0.0,0.0,0
22,56,1.1,0.0,77.01102447509766,326.57598876953125,-179.97113037109375,4.371381834289423e-08,4.917735259014255e-06,0.75,0.0,-0.012021731585264206,6.786126136779785,-0.014805648475885391,3.886241912841797,0.0031096376478672028,1.6388206481933594,0.0018341168761253357,0.18935886025428772,0.0031096376478672028,1.6388206481933594,0.00019121545483358204,12.400461196899414,4.39789358774821,0.00120800496366773,0.0006111982121901714,9.838001265937692e-06,9.838001265937692e-06,0.25,traj,3.14214821259049,-330.5627675085421,25.00897220205552,0.03797638416290283,4.917735259014255e-06,1.0,0.75,0.0,0.0,0
23,57,1.15,0.0,77.01102447509766,326.57598876953125,-179.97113037109375,4.371381834289423e-08,4.917735259014255e-06,0.75,0.0,-0.012021731585264206,6.786126136779785,-0.014805648475885391,3.886241912841797,0.0031096376478672028,1.6388206481933594,0.0018341168761253357,0.18935886025428772,0.0031096376478672028,1.6388206481933594,0.00019121545483358204,12.400461196899414,4.39789358774821,0.00120800496366773,0.0006111982121901714,9.838001265937692e-06,9.838001265937692e-06,0.25,traj,3.14214821259049,-330.5627675085421,25.00897220205552,0.03797638416290283,4.917735259014255e-06,1.0,0.75,0.0,0.0,0
24,58,1.2,0.0,77.01102447509766,326.57598876953125,-179.97113037109375,-4.777547246703762e-07,-7.012095227632318e-05,0.0,1.0,0.00320560485124588,-0.006006979383528233,0.0012524276971817017,0.0008251662366092205,0.00592823326587677,0.003188900649547577,-0.0022691860795021057,-0.017153136432170868,-0.0022691860795021057,-0.017153136432170868,-0.00039132966776378453,4.028553485870361,0.022851191461086273,2.0837321516636202,1.8227311194928029,-6.180309402841828e-05,-6.180309402841828e-05,0.022851669215810944,traj,3.142151908078466,-330.5550767267061,9.292876256257328,-0.026090264320373535,-7.012095227632318e-05,0.0,0.0,0.9183517694473267,1.0,0
25,59,1.25,0.0,77.01102447509766,326.57598876953125,-179.97113037109375,1.8114985067541056e-09,4.693667045849453e-06,0.75,0.0,-0.0030333325266838074,6.840332984924316,-0.008896872401237488,3.9195919036865234,0.008529894053936005,1.6409101486206055,0.007030956447124481,0.16783344745635986,0.008529894053936005,1.6409101486206055,0.00019121545483358204,12.400461196899414,4.448381821314494,0.0033092747163267636,0.0012780523481557497,9.838001265937692e-06,9.838001265937692e-06,0.25,traj,3.14214821259049,-330.5627675085421,25.00897220205552,0.03803277015686035,4.693667045849453e-06,1.0,0.75,0.0,0.0,0
26,60,1.3,0.0,77.01102447509766,326.57598876953125,-179.97113037109375,1.8114985067541056e-09,4.693667045849453e-06,0.75,0.0,-0.0030333325266838074,6.840332984924316,-0.008896872401237488,3.9195919036865234,0.008529894053936005,1.6409101486206055,0.007030956447124481,0.16783344745635986,0.008529894053936005,1.6409101486206055,0.00019121545483358204,12.400461196899414,4.448381821314494,0.0033092747163267636,0.0012780523481557497,9.838001265937692e-06,9.838001265937692e-06,0.25,traj,3.14214821259049,-330.5627675085421,25.00897220205552,0.03803277015686035,4.693667045849453e-06,1.0,0.75,0.0,0.0,0
27,61,1.35,0.0,77.01102447509766,326.57598876953125,-179.97113037109375,1.8114985067541056e-09,4.693667045849453e-06,0.75,0.0,-0.0030333325266838074,6.840332984924316,-0.008896872401237488,3.9195919036865234,0.008529894053936005,1.6409101486206055,0.007030956447124481,0.16783344745635986,0.008529894053936005,1.6409101486206055,0.00019121545483358204,12.400461196899414,4.448381821314494,0.0033092747163267636,0.0012780523481557497,9.838001265937692e-06,9.838001265937692e-06,0.25,traj,3.14214821259049,-330.5627675085421,25.00897220205552,0.03803277015686035,4.693667045849453e-06,1.0,0.75,0.0,0.0,0
28,62,1.4,0.0,77.01102447509766,326.57598876953125,-179.97113037109375,-4.7210522780005704e-07,-7.034502048948799e-05,0.0,1.0,0.0028137341141700745,-0.004504182375967503,0.00226043164730072,0.00047229183837771416,0.006642274558544159,0.001140989363193512,-0.0032990947365760803,-0.01730208843946457,-0.0032990947365760803,-0.01730208843946457,-0.00039132966776378453,4.028553485870361,0.020261007981995743,2.1199483190457236,1.929507846242566,-6.180309402841828e-05,-6.180309402841828e-05,0.020261480087223543,traj,3.142151908078466,-330.5550767267061,9.292876256257328,-0.029227256774902344,-7.034502048948799e-05,0.0,0.0,0.7841238379478455,1.0,0
29,63,1.45,0.0,77.01102447509766,326.57598876953125,-179.97113037109375,8.056399103395506e-09,4.46959883268465e-06,0.75,0.0,-0.018332887440919876,7.024954319000244,-0.022783350199460983,4.043834209442139,0.001599680632352829,1.7094132900238037,0.004332147538661957,0.19376181066036224,0.001599680632352829,1.7094132900238037,0.00019121545483358204,12.400461196899414,4.554217020670572,0.0005957164500714759,0.0009504309409674715,9.838001265937692e-06,9.838001265937692e-06,0.25,traj,3.14214821259049,-330.5627675085421,25.00897220205552,0.02284073829650879,4.46959883268465e-06,1.0,0.75,0.0,0.0,0
30,64,1.5,0.0,77.01102447509766,326.57598876953125,-179.97113037109375,8.056399103395506e-09,4.46959883268465e-06,0.75,0.0,-0.018332887440919876,7.024954319000244,-0.022783350199460983,4.043834209442139,0.001599680632352829,1.7094132900238037,0.004332147538661957,0.19376181066036224,0.001599680632352829,1.7094132900238037,0.00019121545483358204,12.400461196899414,4.554217020670572,0.0005957164500714759,0.0009504309409674715,9.838001265937692e-06,9.838001265937692e-06,0.25,traj,3.14214821259049,-330.5627675085421,25.00897220205552,0.02284073829650879,4.46959883268465e-06,1.0,0.75,0.0,0.0,0
31,65,1.55,0.0,77.00213623046875,326.5759582519531,-179.96670532226562,8.056399103395506e-09,4.46959883268465e-06,0.75,0.0,-0.018332887440919876,7.024954319000244,-0.022783350199460983,4.043834209442139,0.001599680632352829,1.7094132900238037,0.004332147538661957,0.19376181066036224,0.001599680632352829,1.7094132900238037,0.00019121545483358204,12.400461196899414,4.554217020670572,0.0005957164500714759,0.0009504309409674715,9.838001265937692e-06,9.838001265937692e-06,0.25,traj,3.14214821259049,-330.5627675085421,25.00897220205552,0.02284073829650879,4.46959883268465e-06,1.0,0.75,0.0,0.0,0
32,66,1.6,0.0,76.96377563476562,326.5755615234375,-179.95262145996094,-4.638448274363327e-07,-7.056908870265279e-05,0.0,1.0,0.003473244607448578,-0.004990370012819767,0.001501232385635376,0.0005417088977992535,0.005489751696586609,0.0019107609987258911,-0.002290971577167511,-0.015084557235240936,-0.002290971577167511,-0.015084557235240936,-0.00039132966776378453,4.028553485870361,0.01918780927856763,2.0959535609275055,1.7820049782017404,-6.180309402841828e-05,-6.180309402841828e-05,0.019188273123395067,traj,3.142151908078466,-330.5550767267061,9.292876256257328,-0.02628844976425171,-7.056908870265279e-05,0.0,0.0,1.0,1.0,0
33,67,1.65,0.0,76.90493774414062,326.5750427246094,-179.9456329345703,0.9812971949577332,-0.00017891595266691167,0.75,0.0,-0.022526899352669716,8.786482810974121,-0.030859412625432014,5.634676933288574,-0.011301139369606972,2.9700167179107666,0.0039892420172691345,0.9621639847755432,-0.011301139369606972,2.9700167179107666,-0.0030588621739298105,12.353595733642578,5.216306527455648,-0.0024223923621756027,0.001683006674946728,-0.0001575775243901526,-0.0001575775243901526,0.25,traj,3.142401055493627,-330.56292010365206,25.05583766537623,-0.004336059093475342,-0.00017891595266691167,1.0,0.75,0.0,0.0,0
34,68,1.7,0.0,76.83143615722656,326.57440185546875,-179.93788146972656,0.9812971949577332,-0.00017891595266691167,0.75,0.0,-0.022526899352669716,8.786482810974121,-0.030859412625432014,5.634676933288574,-0.011301139369606972,2.9700167179107666,0.0039892420172691345,0.9621639847755432,-0.011301139369606972,2.9700167179107666,-0.0030588621739298105,12.353595733642578,5.216306527455648,-0.0024223923621756027,0.001683006674946728,-0.0001575775243901526,-0.0001575775243901526,0.25,traj,3.142401055493627,-330.56292010365206,25.05583766537623,-0.004336059093475342,-0.00017891595266691167,1.0,0.75,0.0,0.0,0
35,69,1.75,0.0,76.74556732177734,326.57366943359375,-179.90780639648438,0.9812971949577332,-0.00017891595266691167,0.75,0.0,-0.022526899352669716,8.786482810974121,-0.030859412625432014,5.634676933288574,-0.011301139369606972,2.9700167179107666,0.0039892420172691345,0.9621639847755432,-0.011301139369606972,2.9700167179107666,-0.0030588621739298105,12.353595733642578,5.216306527455648,-0.0024223923621756027,0.001683006674946728,-0.0001575775243901526,-0.0001575775243901526,0.25,traj,3.142401055493627,-330.56292010365206,25.05583766537623,-0.004336059093475342,-0.00017891595266691167,1.0,0.75,0.0,0.0,0
36,70,1.8,0.0,76.65065002441406,326.57281494140625,-179.8794403076172,-4.692579693710286e-07,-2.7943680566527185e-05,0.0,1.0,0.003593768924474716,-0.0043447548523545265,0.0010740049183368683,-0.00023829983547329903,0.0066764019429683685,0.0011854693293571472,-0.003864474594593048,-0.017085187137126923,-0.003864474594593048,-0.017085187137126923,-0.00039132966776378453,4.028553485870361,0.02112778400381406,2.1416131478560683,1.649625363239175,-6.180309402841828e-05,-6.180309402841828e-05,0.02112825326178343,traj,3.142151908078466,-330.5550767267061,9.292876256257328,-0.024405717849731445,-2.7943680566527185e-05,0.0,0.0,0.9451332092285156,1.0,0
37,71,1.85,0.0,76.54753112792969,326.5722961425781,-179.86648559570312,2.040950298309326,-0.0003920612075626844,0.75,0.0,-0.019267722964286804,9.847288131713867,-0.018628306686878204,6.816925525665283,-0.007237374782562256,3.9426841735839844,-0.002479828894138336,1.4840689897537231,-0.002479828894138336,1.4840689897537231,-0.0063019124791026115,12.036632537841797,5.575497468312581,-0.001063715954278511,-0.00013427899022133135,-0.0003332651680410362,-0.0003332651680410362,0.25,traj,3.142694310345922,-330.5628895849465,25.372798954260393,-0.019748270511627197,-0.0003920612075626844,1.0,0.75,0.0,0.0,0
38,72,1.9,0.0,76.43682098388672,326.5718994140625,-179.8623809814453,2.040950298309326,-0.0003920612075626844,0.75,0.0,-0.019267722964286804,9.847288131713867,-0.018628306686878204,6.816925525665283,-0.007237374782562256,3.9426841735839844,-0.002479828894138336,1.4840689897537231,-0.002479828894138336,1.4840689897537231,-0.0063019124791026115,12.036632537841797,5.575497468312581,-0.001063715954278511,-0.00013427899022133135,-0.0003332651680410362,-0.0003332651680410362,0.25,traj,3.142694310345922,-330.5628895849465,25.372798954260393,-0.019748270511627197,-0.0003920612075626844,1.0,0.75,0.0,0.0,0
39,73,1.95,0.0,76.31875610351562,326.5715637207031,-179.8573760986328,2.040950298309326,-0.0003920612075626844,0.75,0.0,-0.019267722964286804,9.847288131713867,-0.018628306686878204,6.816925525665283,-0.007237374782562256,3.9426841735839844,-0.002479828894138336,1.4840689897537231,-0.002479828894138336,1.4840689897537231,-0.0063019124791026115,12.036632537841797,5.575497468312581,-0.001063715954278511,-0.00013427899022133135,-0.0003332651680410362,-0.0003332651680410362,0.25,traj,3.142694310345922,-330.5628895849465,25.372798954260393,-0.019748270511627197,-0.0003920612075626844,1.0,0.75,0.0,0.0,0
40,74,2.0,0.0,76.19349670410156,326.5711364746094,-179.8539581298828,-4.816330942958302e-07,-3.9106165336071075e-06,0.0,1.0,0.004263181239366531,-0.004281104542315006,0.0025030188262462616,0.000960491131991148,0.00639638677239418,0.0019316822290420532,-0.0028153136372566223,-0.01390724629163742,-0.0028153136372566223,-0.01390724629163742,-0.00039132966776378453,4.028553485870361,0.018576511802772682,2.127155762330893,1.793751233972365,-6.180309402841828e-05,-6.180309402841828e-05,0.018576993435866978,traj,3.142151908078466,-330.5550767267061,9.292876256257328,-0.025136888027191162,-3.9106165336071075e-06,0.0,0.0,0.8894509673118591,1.0,0
41,75,2.05,0.0,76.0611343383789,326.5708312988281,-179.8564453125,2.655078411102295,0.0004091278557072115,0.75,0.0,0.005817558616399765,10.286684036254883,0.0008012689650058746,7.219705104827881,-0.0025735534727573395,4.249068737030029,-0.004564531147480011,1.673717737197876,-0.004564531147480011,1.673717737197876,0.007816600613296032,11.565824508666992,5.7419819831848145,-0.0017361860235616553,0.001041272456928641,0.0004302740901756115,0.0004302740901756115,0.25,traj,3.141613439717565,-330.5617909020531,25.8436069840769,-0.029211878776550293,0.0004091278557072115,1.0,0.75,0.0,0.0,0
42,76,2.1,0.0,75.9217529296875,326.5705871582031,-179.86376953125,2.655078411102295,0.0004091278557072115,0.75,0.0,0.005817558616399765,10.286684036254883,0.0008012689650058746,7.219705104827881,-0.0025735534727573395,4.249068737030029,-0.004564531147480011,1.673717737197876,-0.004564531147480011,1.673717737197876,0.007816600613296032,11.565824508666992,5.7419819831848145,-0.0017361860235616553,0.001041272456928641,0.0004302740901756115,0.0004302740901756115,0.25,traj,3.141613439717565,-330.5617909020531,25.8436069840769,-0.029211878776550293,0.0004091278557072115,1.0,0.75,0.0,0.0,0
43,77,2.15,0.0,75.77542877197266,326.5704650878906,-179.87039184570312,2.655078411102295,0.0004091278557072115,0.75,0.0,0.005817558616399765,10.286684036254883,0.0008012689650058746,7.219705104827881,-0.0025735534727573395,4.249068737030029,-0.004564531147480011,1.673717737197876,-0.004564531147480011,1.673717737197876,0.007816600613296032,11.565824508666992,5.7419819831848145,-0.0017361860235616553,0.001041272456928641,0.0004302740901756115,0.0004302740901756115,0.25,traj,3.141613439717565,-330.5617909020531,25.8436069840769,-0.029211878776550293,0.0004091278557072115,1.0,0.75,0.0,0.0,0
44,78,2.2,0.0,75.62220001220703,326.5703125,-179.87867736816406,-4.6382390905819193e-07,-0.00023234216679922978,0.0,1.0,0.003488253802061081,-0.00473241601139307,0.0029054172337055206,-0.00022520916536450386,0.007724639028310776,0.004085630178451538,-0.003730989992618561,-0.015355102717876434,-0.003730989992618561,-0.015355102717876434,-0.00039132966776378453,4.028553485870361,0.0223836920534571,2.151745429925819,1.9181316349429745,-6.180309402841828e-05,-6.180309402841828e-05,0.022384155877366158,traj,3.142151908078466,-330.5550767267061,9.292876256257328,-0.03051471710205078,-0.00023234216679922978,0.0,0.0,0.6801115870475769,1.0,0
45,79,2.25,0.0,75.46212005615234,326.570068359375,-179.88082885742188,3.1646909713745117,0.0019612854986804547,0.75,0.0,0.030241478234529495,10.553167343139648,0.03555956110358238,7.560815811157227,0.026252467185258865,4.627413272857666,0.0107186958193779,1.9462860822677612,0.0107186958193779,1.9462860822677612,0.03212170675396919,10.982829093933105,5.737963835398356,0.003505984164423131,-0.001131410718052415,0.001861957631201062,0.001861957631201062,0.25,traj,3.139668301739965,-330.5588610778399,26.426561391609738,-0.015872597694396973,0.0019612854986804547,1.0,0.75,0.0,0.0,0
46,80,2.3,0.0,75.29521942138672,326.56976318359375,-179.8821258544922,3.1646909713745117,0.0019612854986804547,0.75,0.0,0.030241478234529495,10.553167343139648,0.03555956110358238,7.560815811157227,0.026252467185258865,4.627413272857666,0.0107186958193779,1.9462860822677612,0.0107186958193779,1.9462860822677612,0.03212170675396919,10.982829093933105,5.737963835398356,0.003505984164423131,-0.001131410718052415,0.001861957631201062,0.001861957631201062,0.25,traj,3.139668301739965,-330.5588610778399,26.426561391609738,-0.015872597694396973,0.0019612854986804547,1.0,0.75,0.0,0.0,0
47,81,2.35,0.0,75.12153625488281,326.5694274902344,-179.8819122314453,3.1646909713745117,0.0019612854986804547,0.75,0.0,0.030241478234529495,10.553167343139648,0.03555956110358238,7.560815811157227,0.026252467185258865,4.627413272857666,0.0107186958193779,1.9462860822677612,0.0107186958193779,1.9462860822677612,0.03212170675396919,10.982829093933105,5.737963835398356,0.003505984164423131,-0.001131410718052415,0.001861957631201062,0.001861957631201062,0.25,traj,3.139668301739965,-330.5588610778399,26.426561391609738,-0.015872597694396973,0.0019612854986804547,1.0,0.75,0.0,0.0,0
48,82,2.4,0.0,74.94108581542969,326.56903076171875,-179.88302612304688,-4.758729232889891e-07,-0.0006129573042103444,0.0,1.0,0.00443519651889801,-0.003966079093515873,0.0017594024538993835,-0.0009941388852894306,0.00601070374250412,0.004070907831192017,-0.002980567514896393,-0.016513638198375702,-0.002980567514896393,-0.016513638198375702,-0.00039132966776378453,4.028553485870361,0.022049553692340854,2.113680406226384,1.5333514102304906,-6.180309402841828e-05,-6.180309402841828e-05,0.022050029565264143,traj,3.142151908078466,-330.5550767267061,9.292876256257328,-0.03481936454772949,-0.0006129573042103444,0.0,0.0,0.6954030990600586,1.0,0
49,83,2.45,0.0,74.75391387939453,326.5691833496094,-179.90769958496094,3.6859471797943115,0.002957703376879534,0.75,0.0,0.03678613156080246,10.922639846801758,0.04270276427268982,8.020280838012695,0.040424175560474396,5.1029253005981445,0.01966717094182968,2.2693748474121094,0.01966717094182968,2.2693748474121094,0.0450478233397007,10.29670238494873,5.768898804982503,0.005517019529047219,-0.0012977637698376146,0.0027851715340144524,0.0027851715340144524,0.25,traj,3.138581113019262,-330.55580918196836,27.112640417813406,0.022634387016296387,0.002957703376879534,1.0,0.75,0.0,0.0,0
50,84,2.5,0.0,74.56007385253906,326.56976318359375,-179.9464111328125,3.6859471797943115,0.002957703376879534,0.75,0.0,0.03678613156080246,10.922639846801758,0.04270276427268982,8.020280838012695,0.040424175560474396,5.1029253005981445,0.01966717094182968,2.2693748474121094,0.01966717094182968,2.2693748474121094,0.0450478233397007,10.29670238494873,5.768898804982503,0.005517019529047219,-0.0012977637698376146,0.0027851715340144524,0.0027851715340144524,0.25,traj,3.138581113019262,-330.55580918196836,27.112640417813406,0.022634387016296387,0.002957703376879534,1.0,0.75,0.0,0.0,0
51,85,2.55,0.0,74.35964965820312,326.5705261230469,-179.98672485351562,3.6859471797943115,0.002957703376879534,0.75,0.0,0.03678613156080246,10.922639846801758,0.04270276427268982,8.020280838012695,0.040424175560474396,5.1029253005981445,0.01966717094182968,2.2693748474121094,0.01966717094182968,2.2693748474121094,0.0450478233397007,10.29670238494873,5.768898804982503,0.005517019529047219,-0.0012977637698376146,0.0027851715340144524,0.0027851715340144524,0.25,traj,3.138581113019262,-330.55580918196836,27.112640417813406,0.022634387016296387,0.002957703376879534,1.0,0.75,0.0,0.0,0
52,86,2.6,0.0,74.15270233154297,326.57147216796875,179.9701690673828,-4.890493414677621e-07,-0.0008628767718532653,0.0,1.0,0.004322238266468048,-0.0019173333421349525,0.0021538734436035156,-0.001578249502927065,0.006393812596797943,0.003895208239555359,-0.0018072202801704407,-0.011422686278820038,0.006393812596797943,0.003895208239555359,-0.00039132966776378453,4.028553485870361,0.017662272012482085,0.6516620978221376,1.0987533319908709,-6.180309402841828e-05,-6.180309402841828e-05,0.017662761061823552,traj,3.142151908078466,-330.5550767267061,9.292876256257328,-0.028884530067443848,-0.0008628767718532653,0.0,0.0,0.6192878484725952,1.0,0
53,87,2.65,0.0,73.9393310546875,326.5723876953125,179.93798828125,4.199365139007568,0.0014463219632512667,0.75,0.0,0.005728334188461304,11.238524436950684,0.021056093275547028,8.309338569641113,0.02763332426548004,5.356151103973389,0.013022743165493011,2.465183973312378,0.013022743165493011,2.465183973312378,0.019693801179528236,9.50594711303711,5.848949909210205,0.003363005537797531,-0.0033312628677319663,0.0013188817011942704,0.0013188817011942704,0.25,traj,3.140869335332189,-330.5570299396842,27.903472938422546,0.031905531883239746,0.0014463219632512667,1.0,0.75,0.0,0.0,0
54,88,2.7,0.0,73.7196044921875,326.57330322265625,179.90933227539062,4.199365139007568,0.0014463219632512667,0.75,0.0,0.005728334188461304,11.238524436950684,0.021056093275547028,8.309338569641113,0.02763332426548004,5.356151103973389,0.013022743165493011,2.465183973312378,0.013022743165493011,2.465183973312378,0.019693801179528236,9.50594711303711,5.848949909210205,0.003363005537797531,-0.0033312628677319663,0.0013188817011942704,0.0013188817011942704,0.25,traj,3.140869335332189,-330.5570299396842,27.903472938422546,0.031905531883239746,0.0014463219632512667,1.0,0.75,0.0,0.0,0
55,89,2.75,0.0,73.49361419677734,326.5743408203125,179.88108825683594,4.199365139007568,0.0014463219632512667,0.75,0.0,0.005728334188461304,11.238524436950684,0.021056093275547028,8.309338569641113,0.02763332426548004,5.356151103973389,0.013022743165493011,2.465183973312378,0.013022743165493011,2.465183973312378,0.019693801179528236,9.50594711303711,5.848949909210205,0.003363005537797531,-0.0033312628677319663,0.0013188817011942704,0.0013188817011942704,0.25,traj,3.140869335332189,-330.5570299396842,27.903472938422546,0.031905531883239746,0.0014463219632512667,1.0,0.75,0.0,0.0,0
56,90,2.8,0.0,73.26139831542969,326.57550048828125,179.85214233398438,-4.773253863277205e-07,-0.0003947669111742872,0.0,1.0,0.004455402493476868,-0.0033735716715455055,0.002326004207134247,-0.0009882007725536823,0.005984470248222351,0.0036102905869483948,-0.0017518922686576843,-0.012785695493221283,-0.0017518922686576843,-0.012785695493221283,-0.00039132966776378453,4.028553485870361,0.01813556021079421,2.0866896235742356,1.53605563390488,-6.180309402841828e-05,-6.180309402841828e-05,0.018136037536180538,traj,3.142151908078466,-330.5550767267061,9.292876256257328,-0.030158281326293945,-0.0003947669111742872,0.0,0.0,0.6293262243270874,1.0,0
57,91,2.85,0.0,73.02301788330078,326.57659912109375,179.83297729492188,4.699789047241211,0.0011722179341221925,0.75,0.0,0.024517856538295746,11.564865112304688,0.008305579423904419,8.642366409301758,0.005005247890949249,5.662408351898193,0.004231639206409454,2.685748338699341,0.004231639206409454,2.685748338699341,-0.01604328490793705,8.613330841064453,5.919442494710286,0.0010030233975765696,0.00353155942831529,-0.0011857486674494053,0.0010030233975765696,0.25,traj,3.1443410674717764,-330.5622181686774,28.796089211611825,-0.01849120855331421,0.0011722179341221925,0.8571430444717407,0.75,0.0,0.0,0
58,92,2.9,0.0,72.77848815917969,326.57769775390625,179.81883239746094,4.699789047241211,0.0011722179341221925,0.75,0.0,0.024517856538295746,11.564865112304688,0.008305579423904419,8.642366409301758,0.005005247890949249,5.662408351898193,0.004231639206409454,2.685748338699341,0.004231639206409454,2.685748338699341,-0.01604328490793705,8.613330841064453,5.919442494710286,0.0010030233975765696,0.00353155942831529,-0.0011857486674494053,0.0010030233975765696,0.25,traj,3.1443410674717764,-330.5622181686774,28.796089211611825,-0.01849120855331421,0.0011722179341221925,0.8571430444717407,0.75,0.0,0.0,0
59,93,2.95,0.0,72.52783966064453,326.57879638671875,179.80532836914062,4.699789047241211,0.0011722179341221925,0.75,0.0,0.024517856538295746,11.564865112304688,0.008305579423904419,8.642366409301758,0.005005247890949249,5.662408351898193,0.004231639206409454,2.685748338699341,0.004231639206409454,2.685748338699341,-0.01604328490793705,8.613330841064453,5.919442494710286,0.0010030233975765696,0.00353155942831529,-0.0011857486674494053,0.0010030233975765696,0.25,traj,3.1443410674717764,-330.5622181686774,28.796089211611825,-0.01849120855331421,0.0011722179341221925,0.8571430444717407,0.75,0.0,0.0,0
60,94,3.0,0.0,72.271240234375,326.5799865722656,179.7917022705078,-4.775558295477822e-07,-0.00024246223041946528,0.0,1.0,0.004017278552055359,-0.0035925889387726784,0.0015037134289741516,-0.0006086383946239948,0.006147928535938263,0.0033584311604499817,-0.0012694820761680603,-0.01438169926404953,-0.0012694820761680603,-0.01438169926404953,-0.00039132966776378453,4.028553485870361,0.019491864989201226,2.05604954673954,1.554338949893638,-6.180309402841828e-05,-6.180309402841828e-05,0.019492342545030773,traj,3.142151908078466,-330.5550767267061,9.292876256257328,-0.026708245277404785,-0.00024246223041946528,0.0,0.0,0.7420215010643005,1.0,0
61,95,3.05,0.0,72.01419067382812,326.5804748535156,179.81692504882812,5.175722122192383,-0.00038112076239503256,0.75,0.0,0.023326829075813293,11.513785362243652,0.036831311881542206,8.615737915039062,0.03398109972476959,5.698578834533691,0.023404352366924286,2.772090196609497,0.023404352366924286,2.772090196609497,-0.006267450749874115,7.6220550537109375,5.827831427256267,0.00537472392133862,-0.0029665307660532857,-0.0005234479909305024,-0.0005234479909305024,0.25,traj,3.1432357589390616,-330.56359151992115,29.78737644440824,0.031682491302490234,-0.00038112076239503256,0.5543475151062012,0.75,0.0,0.0,0
62,96,3.1,0.0,71.75855255126953,326.58026123046875,179.87062072753906,5.175722122192383,-0.00038112076239503256,0.75,0.0,0.023326829075813293,11.513785362243652,0.036831311881542206,8.615737915039062,0.03398109972476959,5.698578834533691,0.023404352366924286,2.772090196609497,0.023404352366924286,2.772090196609497,-0.006267450749874115,7.6220550537109375,5.827831427256267,0.00537472392133862,-0.0029665307660532857,-0.0005234479909305024,-0.0005234479909305024,0.25,traj,3.1432357589390616,-330.56359151992115,29.78737644440824,0.031682491302490234,-0.00038112076239503256,0.5543475151062012,0.75,0.0,0.0,0
63,97,3.15,0.0,71.50226593017578,326.57958984375,179.93572998046875,5.175722122192383,-0.00038112076239503256,0.75,0.0,0.023326829075813293,11.513785362243652,0.036831311881542206,8.615737915039062,0.03398109972476959,5.698578834533691,0.023404352366924286,2.772090196609497,0.023404352366924286,2.772090196609497,-0.006267450749874115,7.6220550537109375,5.827831427256267,0.00537472392133862,-0.0029665307660532857,-0.0005234479909305024,-0.0005234479909305024,0.25,traj,3.1432357589390616,-330.56359151992115,29.78737644440824,0.031682491302490234,-0.00038112076239503256,0.5543475151062012,0.75,0.0,0.0,0
64,98,3.2,0.0,71.2446060180664,326.57855224609375,-179.9960479736328,-4.767523478221847e-07,0.00026493544754785695,0.0,1.0,0.0042525604367256165,-0.0023204395547509193,0.0024843811988830566,-0.0015094359405338764,0.006663769483566284,0.0018158406019210815,-0.003205828368663788,-0.012929551303386688,-0.003205828368663788,-0.012929551303386688,-0.00039132966776378453,4.028553485870361,0.01668650711265703,2.154726883389521,1.2737701467151468,-6.180309402841828e-05,-6.180309402841828e-05,0.01668698386500485,traj,3.142151908078466,-330.5550767267061,9.292876256257328,-0.028203248977661133,0.00026493544754785695,0.0,0.0,0.6845171451568604,1.0,0
65,99,3.25,0.0,70.98416137695312,326.57708740234375,-179.92596435546875,5.163016319274902,-0.002470208113759441,0.75,0.0,-0.030869826674461365,11.60106086730957,-0.0058932676911354065,8.749226570129395,0.007733523845672607,5.783066749572754,0.018641136586666107,2.7970590591430664,0.018641136586666107,2.7970590591430664,-0.02572149969637394,6.594523906707764,5.869441668192546,0.004242733902895173,-0.0055753594650350445,-0.0024830292638071605,-0.0024830292638071605,0.25,traj,3.1456920663502554,-330.5685355945236,30.81485752491024,0.028845548629760742,-0.002470208113759441,0.5575927495956421,0.75,0.0,0.0,0
66,100,3.3,0.0,70.72062683105469,326.5753173828125,-179.85598754882812,5.163016319274902,-0.002470208113759441,0.75,0.0,-0.030869826674461365,11.60106086730957,-0.0058932676911354065,8.749226570129395,0.007733523845672607,5.783066749572754,0.018641136586666107,2.7970590591430664,0.018641136586666107,2.7970590591430664,-0.02572149969637394,6.594523906707764,5.869441668192546,0.004242733902895173,-0.0055753594650350445,-0.0024830292638071605,-0.0024830292638071605,0.25,traj,3.1456920663502554,-330.5685355945236,30.81485752491024,0.028845548629760742,-0.002470208113759441,0.5575927495956421,0.75,0.0,0.0,0
67,101,3.35,0.0,70.4529800415039,326.57318115234375,-179.78445434570312,5.163016319274902,-0.002470208113759441,0.75,0.0,-0.030869826674461365,11.60106086730957,-0.0058932676911354065,8.749226570129395,0.007733523845672607,5.783066749572754,0.018641136586666107,2.7970590591430664,0.018641136586666107,2.7970590591430664,-0.02572149969637394,6.594523906707764,5.869441668192546,0.004242733902895173,-0.0055753594650350445,-0.0024830292638071605,-0.0024830292638071605,0.25,traj,3.1456920663502554,-330.5685355945236,30.81485752491024,0.028845548629760742,-0.002470208113759441,0.5575927495956421,0.75,0.0,0.0,0
68,102,3.4,0.0,70.1812515258789,326.5706787109375,-179.71261596679688,-4.768199630689196e-07,0.0008212828145669371,0.0,1.0,0.004187196493148804,0.0003632446750998497,0.0017477050423622131,0.001251376699656248,0.006843581795692444,0.00693434476852417,-0.0023208782076835632,-0.012770645320415497,0.006843581795692444,0.00693434476852417,-0.00039132966776378453,4.028553485870361,0.021307391424973805,0.49580628788134,1.2222751686964357,-6.180309402841828e-05,-6.180309402841828e-05,0.021307868244936874,traj,3.142151908078466,-330.5550767267061,9.292876256257328,-0.023456871509552002,0.0008212828145669371,0.0,0.0,0.7863520383834839,1.0,0
69,103,3.45,0.0,69.90483856201172,326.5684814453125,-179.6741485595703,5.4489264488220215,0.00389971452947123,0.75,0.0,-0.06661410629749298,11.406131744384766,-0.038683779537677765,8.660178184509277,-0.011941790580749512,5.787213325500488,0.01567036658525467,2.835132360458374,0.01567036658525467,2.835132360458374,-0.04627520591020584,5.53214693069458,5.714263280232747,0.003518657959883044,-0.006475123051698058,-0.005325070977449466,0.003518657959883044,0.25,traj,3.14857812325028,-330.5774776559451,31.87709621959536,0.004815459251403809,0.00389971452947123,0.4763680696487427,0.75,0.0,0.0,0
70,104,3.5,0.0,69.62552642822266,326.56658935546875,-179.6613006591797,5.4489264488220215,0.00389971452947123,0.75,0.0,-0.06661410629749298,11.406131744384766,-0.038683779537677765,8.660178184509277,-0.011941790580749512,5.787213325500488,0.01567036658525467,2.835132360458374,0.01567036658525467,2.835132360458374,-0.04627520591020584,5.53214693069458,5.714263280232747,0.003518657959883044,-0.006475123051698058,-0.005325070977449466,0.003518657959883044,0.25,traj,3.14857812325028,-330.5774776559451,31.87709621959536,0.004815459251403809,0.00389971452947123,0.4763680696487427,0.75,0.0,0.0,0
71,105,3.55,0.0,69.3447265625,326.5647888183594,-179.65692138671875,5.4489264488220215,0.00389971452947123,0.75,0.0,-0.06661410629749298,11.406131744384766,-0.038683779537677765,8.660178184509277,-0.011941790580749512,5.787213325500488,0.01567036658525467,2.835132360458374,0.01567036658525467,2.835132360458374,-0.04627520591020584,5.53214693069458,5.714263280232747,0.003518657959883044,-0.006475123051698058,-0.005325070977449466,0.003518657959883044,0.25,traj,3.14857812325028,-330.5774776559451,31.87709621959536,0.004815459251403809,0.00389971452947123,0.4763680696487427,0.75,0.0,0.0,0
72,106,3.6,0.0,69.06419372558594,326.56304931640625,-179.65548706054688,-4.75088683060676e-07,-0.0009745702861680529,0.75,0.0,-0.00015876442193984985,1.213705062866211,0.007380127906799316,0.19084879755973816,0.0010072439908981323,-0.01204940676689148,0.006247185170650482,-0.017266325652599335,0.007380127906799316,0.19084879755973816,-0.00039132966776378453,4.028553485870361,0.8221842742835481,0.0246058804394173,-0.00469206422337084,-6.180309402841828e-05,-6.180309402841828e-05,0.25,traj,3.142151908078466,-330.5550767267061,9.292876256257328,-0.01846832036972046,-0.0009745702861680529,0.0,0.75,1.0,0.0,0
73,107,3.65,0.0,68.78502655029297,326.561279296875,-179.65126037597656,5.809823989868164,-0.005061986004388171,0.0,0.0,-0.048116326332092285,11.382771492004395,-0.08485188335180283,8.689557075500488,-0.07515861093997955,5.846813201904297,-0.023233719170093536,2.908796548843384,-0.023233719170093536,2.908796548843384,-0.05810017138719559,4.402347564697266,5.649800618489584,-0.005084800100646573,0.008682963991329683,-0.008401312288632432,-0.005084800100646573,0.0,traj,3.1505332748082022,-330.5885865644478,33.00674061505594,-0.01307058334350586,-0.005061986004388171,0.4427284002304077,0.0,0.0,0.0,0
74,108,3.7,0.0,68.5134048461914,326.5594787597656,-179.64486694335938,5.809823989868164,-0.005061986004388171,0.0,0.0,-0.048116326332092285,11.382771492004395,-0.08485188335180283,8.689557075500488,-0.07515861093997955,5.846813201904297,-0.023233719170093536,2.908796548843384,-0.023233719170093536,2.908796548843384,-0.05810017138719559,4.402347564697266,5.649800618489584,-0.005084800100646573,0.008682963991329683,-0.008401312288632432,-0.005084800100646573,0.0,traj,3.1505332748082022,-330.5885865644478,33.00674061505594,-0.01307058334350586,-0.005061986004388171,0.4427284002304077,0.0,0.0,0.0,0
75,109,3.75,0.0,68.29405975341797,326.5580139160156,-179.6392364501953,5.809823989868164,-0.005061986004388171,0.0,0.0,-0.048116326332092285,11.382771492004395,-0.08485188335180283,8.689557075500488,-0.07515861093997955,5.846813201904297,-0.023233719170093536,2.908796548843384,-0.023233719170093536,2.908796548843384,-0.05810017138719559,4.402347564697266,5.649800618489584,-0.005084800100646573,0.008682963991329683,-0.008401312288632432,-0.005084800100646573,0.0,traj,3.1505332748082022,-330.5885865644478,33.00674061505594,-0.01307058334350586,-0.005061986004388171,0.4427284002304077,0.0,0.0,0.0,0
76,110,3.8,0.0,68.14208984375,326.5569763183594,-179.63526916503906,-4.738014069971541e-07,0.0014938003157193176,0.75,0.0,-0.0009185932576656342,1.8245909214019775,0.010298799723386765,0.4261297583580017,-0.002391863614320755,-0.006172865629196167,0.009459547698497772,-0.019012145698070526,0.010298799723386765,0.4261297583580017,-0.00039132966776378453,4.028553485870361,1.2323119640350342,0.015383000112158303,-0.005106353142027503,-6.180309402841828e-05,-6.180309402841828e-05,0.25,traj,3.142151908078466,-330.5550767267061,9.292876256257328,-0.002878844738006592,0.0014938003157193176,0.0,0.75,1.0,0.0,0
77,111,3.85,0.0,68.05704498291016,326.5564880371094,-179.63702392578125,5.9064178466796875,-0.0022896378334893827,0.0,0.0,-0.08346033096313477,11.366254806518555,-0.06908311694860458,8.928764343261719,-0.044136688113212585,6.038668632507324,-0.011609382927417755,2.9716970920562744,-0.011609382927417755,2.9716970920562744,-0.12392939627170563,15.505582809448242,5.59658686319987,-0.00248705148631839,-0.0037549622692450903,-0.005088063413250024,-0.00248705148631839,0.0,traj,3.148317531743322,-330.5960942356323,34.190357254852785,-0.049427926540374756,-0.0022896378334893827,0.4460933208465576,0.0,0.0,0.0,0
78,112,3.9,0.0,68.0071792602539,326.5563049316406,-179.64271545410156,5.9064178466796875,-0.0022896378334893827,0.0,0.0,-0.08346033096313477,11.366254806518555,-0.06908311694860458,8.928764343261719,-0.044136688113212585,6.038668632507324,-0.011609382927417755,2.9716970920562744,-0.011609382927417755,2.9716970920562744,-0.12392939627170563,15.505582809448242,5.59658686319987,-0.00248705148631839,-0.0037549622692450903,-0.005088063413250024,-0.00248705148631839,0.0,traj,3.148317531743322,-330.5960942356323,34.190357254852785,-0.049427926540374756,-0.0022896378334893827,0.4460933208465576,0.0,0.0,0.0,0
79,113,3.95,0.0,67.94851684570312,326.55615234375,-179.6489715576172,5.9064178466796875,-0.0022896378334893827,0.0,0.0,-0.08346033096313477,11.366254806518555,-0.06908311694860458,8.928764343261719,-0.044136688113212585,6.038668632507324,-0.011609382927417755,2.9716970920562744,-0.011609382927417755,2.9716970920562744,-0.12392939627170563,15.505582809448242,5.59658686319987,-0.00248705148631839,-0.0037549622692450903,-0.005088063413250024,-0.00248705148631839,0.0,traj,3.148317531743322,-330.5960942356323,34.190357254852785,-0.049427926540374756,-0.0022896378334893827,0.4460933208465576,0.0,0.0,0.0,0
80,114,4.0,0.0,67.88026428222656,326.5559997558594,-179.64974975585938,-4.678471725583222e-07,0.0006423460878733739,0.75,0.0,0.0007082149386405945,2.838630437850952,0.013297796249389648,1.1530040502548218,-0.0005513057112693787,0.10561131685972214,0.015625260770320892,-0.024626709520816803,0.013297796249389648,1.1530040502548218,-0.00039132966776378453,4.028553485870361,1.9095976253350575,0.007341894293293069,-0.004754674290762624,-6.180309402841828e-05,-6.180309402841828e-05,0.25,traj,3.142151908078466,-330.5550767267061,9.292876256257328,0.01766955852508545,0.0006423460878733739,0.0,0.75,1.0,0.0,0
81,115,4.05,0.0,67.80403900146484,326.5558166503906,-179.6605682373047,5.681283473968506,-0.0012310552731506481,0.0,0.0,-0.009379424154758453,11.353721618652344,-0.000744253396987915,8.951849937438965,0.007342107594013214,6.054590225219727,0.01732068508863449,2.9328534603118896,0.01732068508863449,2.9328534603118896,-0.026153089478611946,14.343939781188965,5.6139403978983555,0.0037596877465937155,-0.0022887483274156867,-0.001160704640492692,-0.001160704640492692,0.0,traj,3.142147854962621,-330.5946293235257,35.352470446133985,0.009647607803344727,-0.0012310552731506481,0.4966953992843628,0.0,0.0,0.0,0
82,116,4.1,0.0,67.7193603515625,326.5556335449219,-179.67401123046875,5.681283473968506,-0.0012310552731506481,0.0,0.0,-0.009379424154758453,11.353721618652344,-0.000744253396987915,8.951849937438965,0.007342107594013214,6.054590225219727,0.01732068508863449,2.9328534603118896,0.01732068508863449,2.9328534603118896,-0.026153089478611946,14.343939781188965,5.6139403978983555,0.0037596877465937155,-0.0022887483274156867,-0.001160704640492692,-0.001160704640492692,0.0,traj,3.142147854962621,-330.5946293235257,35.352470446133985,0.009647607803344727,-0.0012310552731506481,0.4966953992843628,0.0,0.0,0.0,0
83,117,4.15,0.0,67.6277084350586,326.5554504394531,-179.68861389160156,5.681283473968506,-0.0012310552731506481,0.0,0.0,-0.009379424154758453,11.353721618652344,-0.000744253396987915,8.951849937438965,0.007342107594013214,6.054590225219727,0.01732068508863449,2.9328534603118896,0.01732068508863449,2.9328534603118896,-0.026153089478611946,14.343939781188965,5.6139403978983555,0.0037596877465937155,-0.0022887483274156867,-0.001160704640492692,-0.001160704640492692,0.0,traj,3.142147854962621,-330.5946293235257,35.352470446133985,0.009647607803344727,-0.0012310552731506481,0.4966953992843628,0.0,0.0,0.0,0
84,118,4.2,0.0,67.52825927734375,326.5552673339844,-179.7044219970703,-4.7499108291049197e-07,0.00013580218355230327,0.75,0.0,0.023878123611211777,3.7435522079467773,0.03159793093800545,1.9106568098068237,0.010301284492015839,0.4142950773239136,0.017232738435268402,-0.011638320982456207,0.03159793093800545,1.9106568098068237,-0.00039132966776378453,4.028553485870361,2.503609836101532,0.010527266849214683,-0.002681256531719086,-6.180309402841828e-05,-6.180309402841828e-05,0.25,traj,3.142151908078466,-330.5550767267061,9.292876256257328,0.02426624298095703,0.00013580218355230327,0.0,0.75,1.0,0.0,0
85,119,4.25,0.0,67.42216491699219,326.5550842285156,-179.718017578125,5.386735916137695,-0.0012813610393438693,0.0,0.0,0.019468136131763458,10.564858436584473,0.01907305419445038,8.687641143798828,0.020862095057964325,5.970670700073242,0.026400126516819,2.850816011428833,0.026400126516819,2.850816011428833,-0.013485293835401535,13.235916137695312,5.142698685328166,0.00589526022708437,0.00013399566217861392,-0.0006485922347232915,-0.0006485922347232915,0.0,traj,3.141322569051061,-330.59350012192664,36.46051030360126,0.04136466979980469,-0.0012813610393438693,0.6463934183120728,0.0,0.0,0.0,0
86,120,4.3,0.0,67.3085708618164,326.5548095703125,-179.73138427734375,5.386735916137695,-0.0012813610393438693,0.0,0.0,0.019468136131763458,10.564858436584473,0.01907305419445038,8.687641143798828,0.020862095057964325,5.970670700073242,0.026400126516819,2.850816011428833,0.026400126516819,2.850816011428833,-0.013485293835401535,13.235916137695312,5.142698685328166,0.00589526022708437,0.00013399566217861392,-0.0006485922347232915,-0.0006485922347232915,0.0,traj,3.141322569051061,-330.59350012192664,36.46051030360126,0.04136466979980469,-0.0012813610393438693,0.6463934183120728,0.0,0.0,0.0,0
87,121,4.35,0.0,67.1884765625,326.5545654296875,-179.74539184570312,5.386735916137695,-0.0012813610393438693,0.0,0.0,0.019468136131763458,10.564858436584473,0.01907305419445038,8.687641143798828,0.020862095057964325,5.970670700073242,0.026400126516819,2.850816011428833,0.026400126516819,2.850816011428833,-0.013485293835401535,13.235916137695312,5.142698685328166,0.00589526022708437,0.00013399566217861392,-0.0006485922347232915,-0.0006485922347232915,0.0,traj,3.141322569051061,-330.59350012192664,36.46051030360126,0.04136466979980469,-0.0012813610393438693,0.6463934183120728,0.0,0.0,0.0,0
88,122,4.4,0.0,67.06108093261719,326.55438232421875,-179.76019287109375,0.0,-1.520192666880116e-06,0.75,0.0,-0.037251733243465424,4.040783882141113,0.01620614528656006,2.143369197845459,0.007911264896392822,0.6053326725959778,-0.0001412704586982727,0.007609895896166563,0.01620614528656006,2.143369197845459,-0.00039132966776378453,4.028553485870361,2.6893357435862226,0.004813434153545127,-0.017931399346560444,-6.180309402841828e-05,-6.180309402841828e-05,0.25,traj,3.142151908078466,-330.5550767267061,9.292876256257328,0.017055273056030273,-1.520192666880116e-06,1.0,0.75,0.0,0.0,0
89,123,4.45,0.0,66.92720794677734,326.55426025390625,-179.77943420410156,5.100513458251953,0.00043085070318000607,0.75,0.0,-0.046373456716537476,10.64680290222168,-0.025881074368953705,8.528409957885742,-0.005069449543952942,5.809902667999268,0.0059939101338386536,2.7631070613861084,0.0059939101338386536,2.7631070613861084,-0.06358560919761658,12.186537742614746,5.255929787953694,0.0013809605316506084,-0.006158126383218688,-0.0033216247119031705,0.0013809605316506084,0.15541632970174124,traj,3.144997195401464,-330.5985357526459,37.509738973244225,0.013593316078186035,0.00043085070318000607,0.7874361276626587,0.75,0.0,0.0,0
90,124,4.5,0.0,66.78620147705078,326.55426025390625,-179.80088806152344,5.100513458251953,0.00043085070318000607,0.75,0.0,-0.046373456716537476,10.64680290222168,-0.025881074368953705,8.528409957885742,-0.005069449543952942,5.809902667999268,0.0059939101338386536,2.7631070613861084,0.0059939101338386536,2.7631070613861084,-0.06358560919761658,12.186537742614746,5.255929787953694,0.0013809605316506084,-0.006158126383218688,-0.0033216247119031705,0.0013809605316506084,0.15541632970174124,traj,3.144997195401464,-330.5985357526459,37.509738973244225,0.013593316078186035,0.00043085070318000607,0.7874361276626587,0.75,0.0,0.0,0
91,125,4.55,0.0,66.63916015625,326.5542907714844,-179.826171875,5.100513458251953,0.00043085070318000607,0.75,0.0,-0.046373456716537476,10.64680290222168,-0.025881074368953705,8.528409957885742,-0.005069449543952942,5.809902667999268,0.0059939101338386536,2.7631070613861084,0.0059939101338386536,2.7631070613861084,-0.06358560919761658,12.186537742614746,5.255929787953694,0.0013809605316506084,-0.006158126383218688,-0.0033216247119031705,0.0013809605316506084,0.15541632970174124,traj,3.144997195401464,-330.5985357526459,37.509738973244225,0.013593316078186035,0.00043085070318000607,0.7874361276626587,0.75,0.0,0.0,0
92,126,4.6,0.0,66.48583984375,326.55438232421875,-179.85069274902344,-4.5986689656274393e-07,-0.0005478584866397374,0.75,0.0,-0.06018843129277229,4.130863189697266,-0.003136139363050461,2.350937843322754,-0.0016098134219646454,0.7955905795097351,0.0016796216368675232,0.055194683372974396,-0.003136139363050461,2.350937843322754,-0.00039132966776378453,4.028553485870361,2.7177270650863647,-0.0008492480143401105,-0.020398691347741384,-6.180309402841828e-05,-6.180309402841828e-05,0.25,traj,3.142151908078466,-330.5550767267061,9.292876256257328,-0.010573804378509521,-0.0005478584866397374,1.0,0.75,0.0,0.0,0
93,127,4.65,0.0,66.32636260986328,326.5546875,-179.88687133789062,5.097803115844727,-0.004796996008932832,0.0,1.0,-0.05754607915878296,9.527931213378906,-0.05244859308004379,8.023487091064453,-0.04101264476776123,5.661622524261475,-0.016602851450443268,2.727949857711792,-0.016602851450443268,2.727949857711792,-0.0912761464715004,11.170796394348145,4.533412853876749,-0.003874490579720314,-0.0021570015674252188,-0.005201672226444569,-0.003874490579720314,0.0,traj,3.147159890332494,-330.60552460108926,38.52529149538036,-0.03246665000915527,-0.004796996008932832,0.7535043954849243,0.0,0.0,1.0,0
94,128,4.7,0.0,66.16020965576172,326.5552062988281,-179.92178344726562,5.097803115844727,-0.004796996008932832,0.0,1.0,-0.05754607915878296,9.527931213378906,-0.05244859308004379,8.023487091064453,-0.04101264476776123,5.661622524261475,-0.016602851450443268,2.727949857711792,-0.016602851450443268,2.727949857711792,-0.0912761464715004,11.170796394348145,4.533412853876749,-0.003874490579720314,-0.0021570015674252188,-0.005201672226444569,-0.003874490579720314,0.0,traj,3.147159890332494,-330.60552460108926,38.52529149538036,-0.03246665000915527,-0.004796996008932832,0.7535043954849243,0.0,0.0,1.0,0
95,129,4.75,0.0,65.9876480102539,326.55584716796875,-179.96131896972656,5.097803115844727,-0.004796996008932832,0.0,1.0,-0.05754607915878296,9.527931213378906,-0.05244859308004379,8.023487091064453,-0.04101264476776123,5.661622524261475,-0.016602851450443268,2.727949857711792,-0.016602851450443268,2.727949857711792,-0.0912761464715004,11.170796394348145,4.533412853876749,-0.003874490579720314,-0.0021570015674252188,-0.005201672226444569,-0.003874490579720314,0.0,traj,3.147159890332494,-330.60552460108926,38.52529149538036,-0.03246665000915527,-0.004796996008932832,0.7535043954849243,0.0,0.0,1.0,0
96,130,4.8,0.0,65.80836486816406,326.556640625,-179.99807739257812,-4.843963665734918e-07,0.0009627089961124367,0.75,0.0,-0.08050796389579773,4.257975101470947,-0.018560580909252167,2.4312119483947754,-0.004862524569034576,0.8467516899108887,0.0019585713744163513,0.059611864387989044,-0.018560580909252167,2.4312119483947754,-0.00039132966776378453,4.028553485870361,2.799668113390605,-0.004860010985962376,-0.021580162292172033,-6.180309402841828e-05,-6.180309402841828e-05,0.25,traj,3.142151908078466,-330.5550767267061,9.292876256257328,-0.029188573360443115,0.0009627089961124367,1.0,0.75,0.0,0.0,0
97,131,4.85,0.0,65.62255096435547,326.55718994140625,179.97967529296875,3.540523052215576,-0.003702358587512893,0.75,0.0,-0.04242432862520218,8.663236618041992,-0.05184301733970642,7.58195686340332,-0.03847668319940567,5.223529815673828,-0.02153369039297104,2.227834701538086,-0.02153369039297104,2.227834701538086,-0.05112551897764206,10.253799438476562,4.290352503458659,-0.006153193468818124,0.005545250977616605,-0.0031741685168216733,-0.0031741685168216733,0.25,traj,3.1436677734043936,-330.60628757505714,39.44253926884735,-0.049269795417785645,-0.003702358587512893,1.0,0.75,0.0,0.0,0
98,132,4.9,0.0,65.4301528930664,326.5576171875,179.96612548828125,3.540523052215576,-0.003702358587512893,0.75,0.0,-0.04242432862520218,8.663236618041992,-0.05184301733970642,7.58195686340332,-0.03847668319940567,5.223529815673828,-0.02153369039297104,2.227834701538086,-0.02153369039297104,2.227834701538086,-0.05112551897764206,10.253799438476562,4.290352503458659,-0.006153193468818124,0.005545250977616605,-0.0031741685168216733,-0.0031741685168216733,0.25,traj,3.1436677734043936,-330.60628757505714,39.44253926884735,-0.049269795417785645,-0.003702358587512893,1.0,0.75,0.0,0.0,0
99,133,4.95,0.0,65.23135375976562,326.55804443359375,179.95294189453125,3.540523052215576,-0.003702358587512893,0.75,0.0,-0.04242432862520218,8.663236618041992,-0.05184301733970642,7.58195686340332,-0.03847668319940567,5.223529815673828,-0.02153369039297104,2.227834701538086,-0.02153369039297104,2.227834701538086,-0.05112551897764206,10.253799438476562,4.290352503458659,-0.006153193468818124,0.005545250977616605,-0.0031741685168216733,-0.0031741685168216733,0.25,traj,3.1436677734043936,-330.60628757505714,39.44253926884735,-0.049269795417785645,-0.003702358587512893,1.0,0.75,0.0,0.0,0
100,134,5.0,0.0,65.02610778808594,326.55853271484375,179.9395751953125,-4.736718040021515e-07,0.0006366443028724906,0.75,0.0,-0.07187827676534653,4.370992660522461,-0.011444257572293282,2.463484525680542,-0.00015090592205524445,0.8319603800773621,0.0009177252650260925,0.041700299829244614,-0.011444257572293282,2.463484525680542,-0.00039132966776378453,4.028553485870361,2.8868594964345293,-0.0029574238471599353,-0.020162746257412833,-6.180309402841828e-05,-6.180309402841828e-05,0.25,traj,3.142151908078466,-330.5550767267061,9.292876256257328,-0.009438037872314453,0.0006366443028724906,1.0,0.75,0.0,0.0,0
101,135,5.05,0.0,64.81449890136719,326.5594482421875,179.91017150878906,3.0439178943634033,-0.00029394193537628216,0.75,0.0,0.003367215394973755,8.625819206237793,-0.008042149245738983,7.245845794677734,-0.0076451897621154785,4.853018283843994,-0.007410727441310883,1.953994631767273,-0.007410727441310883,1.953994631767273,-0.0054029785096645355,9.661907196044922,4.447914361953735,-0.0024144238081439213,0.005263315946876634,-0.0003559565742836341,-0.0003559565742836341,0.25,traj,3.1395617286351065,-330.6014655752771,40.03454595300385,-0.0065615177154541016,-0.00029394193537628216,1.0,0.75,0.0,0.0,0
102,136,5.1,0.0,64.5965347290039,326.5606689453125,179.87242126464844,3.0439178943634033,-0.00029394193537628216,0.75,0.0,0.003367215394973755,8.625819206237793,-0.008042149245738983,7.245845794677734,-0.0076451897621154785,4.853018283843994,-0.007410727441310883,1.953994631767273,-0.007410727441310883,1.953994631767273,-0.0054029785096645355,9.661907196044922,4.447914361953735,-0.0024144238081439213,0.005263315946876634,-0.0003559565742836341,-0.0003559565742836341,0.25,traj,3.1395617286351065,-330.6014655752771,40.03454595300385,-0.0065615177154541016,-0.00029394193537628216,1.0,0.75,0.0,0.0,0
103,137,5.15,0.0,64.3722915649414,326.56207275390625,179.8325958251953,3.0439178943634033,-0.00029394193537628216,0.75,0.0,0.003367215394973755,8.625819206237793,-0.008042149245738983,7.245845794677734,-0.0076451897621154785,4.853018283843994,-0.007410727441310883,1.953994631767273,-0.007410727441310883,1.953994631767273,-0.0054029785096645355,9.661907196044922,4.447914361953735,-0.0024144238081439213,0.005263315946876634,-0.0003559565742836341,-0.0003559565742836341,0.25,traj,3.1395617286351065,-330.6014655752771,40.03454595300385,-0.0065615177154541016,-0.00029394193537628216,1.0,0.75,0.0,0.0,0
104,138,5.2,0.0,64.14183807373047,326.563720703125,179.7916259765625,0.5557425022125244,-0.00028486916742878203,0.75,0.0,-0.06779931485652924,4.666475296020508,-0.013517951592803001,2.767486095428467,-8.489005267620087e-05,1.070388674736023,0.0034914836287498474,0.11665448546409607,-0.013517951592803001,2.767486095428467,-0.0003249818691983819,4.014310359954834,3.033770839373271,-0.0031095852836696635,-0.01819238846384571,-5.148191928262123e-05,-5.148191928262123e-05,0.25,traj,3.1421373645451407,-330.5550767267061,9.307119382192269,-0.009691953659057617,-0.00028486916742878203,1.0,0.75,0.0,0.0,0
105,139,5.25,0.0,63.9055061340332,326.56427001953125,179.81053161621094,3.530364513397217,0.00027491890738469226,0.75,0.0,-0.01544206589460373,8.624685287475586,-0.022620633244514465,7.423427581787109,-0.008403711020946503,5.163749694824219,-0.005440421402454376,2.1767587661743164,-0.005440421402454376,2.1767587661743164,0.00563835958018899,9.004674911499023,4.2986626625061035,-0.0015910824491942733,0.0038043116491711325,0.0003986275470212191,0.0003986275470212191,0.25,traj,3.1385364095356802,-330.59832212012475,40.69177251639964,-0.0017251372337341309,0.00027491890738469226,1.0,0.75,0.0,0.0,0
106,140,5.3,0.0,63.66518783569336,326.56396484375,179.86155700683594,3.530364513397217,0.00027491890738469226,0.75,0.0,-0.01544206589460373,8.624685287475586,-0.022620633244514465,7.423427581787109,-0.008403711020946503,5.163749694824219,-0.005440421402454376,2.1767587661743164,-0.005440421402454376,2.1767587661743164,0.00563835958018899,9.004674911499023,4.2986626625061035,-0.0015910824491942733,0.0038043116491711325,0.0003986275470212191,0.0003986275470212191,0.25,traj,3.1385364095356802,-330.59832212012475,40.69177251639964,-0.0017251372337341309,0.00027491890738469226,1.0,0.75,0.0,0.0,0
107,141,5.35,0.0,63.422855377197266,326.5632629394531,179.9182586669922,3.530364513397217,0.00027491890738469226,0.75,0.0,-0.01544206589460373,8.624685287475586,-0.022620633244514465,7.423427581787109,-0.008403711020946503,5.163749694824219,-0.005440421402454376,2.1767587661743164,-0.005440421402454376,2.1767587661743164,0.00563835958018899,9.004674911499023,4.2986626625061035,-0.0015910824491942733,0.0038043116491711325,0.0003986275470212191,0.0003986275470212191,0.25,traj,3.1385364095356802,-330.59832212012475,40.69177251639964,-0.0017251372337341309,0.00027491890738469226,1.0,0.75,0.0,0.0,0
108,142,5.4,0.0,63.17964553833008,326.5622863769531,179.97596740722656,1.8344504833221436,9.892769977069705e-05,0.75,0.0,-0.002511322498321533,7.948843002319336,-0.00838085263967514,5.835274696350098,0.003483407199382782,3.570160388946533,-0.0044439807534217834,1.3537760972976685,0.003483407199382782,3.570160388946533,0.011274868622422218,15.993393898010254,4.3967467943827305,0.0006211399319820789,0.0017679286936272197,0.0004487914919254239,0.0004487914919254239,0.25,traj,3.1414296189930777,-330.55483257231526,9.578030599297355,0.016609907150268555,9.892769977069705e-05,1.0,0.75,0.0,0.0,0
109,143,5.45,0.0,62.93784713745117,326.5618591308594,179.9940185546875,4.044544696807861,-0.00020904979877340912,0.75,0.0,0.03883442282676697,9.93186092376709,0.03051406890153885,7.817260265350342,0.026972368359565735,5.222116470336914,0.015242047607898712,2.350707769393921,0.015242047607898712,2.350707769393921,0.007045420352369547,8.244942665100098,5.054130554199219,0.004127834942857404,0.0025049061050715954,0.0005440346853517128,0.0005440346853517128,0.25,traj,3.1383728543904166,-330.5959416421043,41.45149999546248,0.014938592910766602,-0.00020904979877340912,1.0,0.75,0.0,0.0,0
110,144,5.5,0.0,62.703826904296875,326.5619201660156,179.99107360839844,4.044544696807861,-0.00020904979877340912,0.75,0.0,0.03883442282676697,9.93186092376709,0.03051406890153885,7.817260265350342,0.026972368359565735,5.222116470336914,0.015242047607898712,2.350707769393921,0.015242047607898712,2.350707769393921,0.007045420352369547,8.244942665100098,5.054130554199219,0.004127834942857404,0.0025049061050715954,0.0005440346853517128,0.0005440346853517128,0.25,traj,3.1383728543904166,-330.5959416421043,41.45149999546248,0.014938592910766602,-0.00020904979877340912,1.0,0.75,0.0,0.0,0
111,145,5.55,0.0,62.48350143432617,326.56207275390625,179.98489379882812,4.044544696807861,-0.00020904979877340912,0.75,0.0,0.03883442282676697,9.93186092376709,0.03051406890153885,7.817260265350342,0.026972368359565735,5.222116470336914,0.015242047607898712,2.350707769393921,0.015242047607898712,2.350707769393921,0.007045420352369547,8.244942665100098,5.054130554199219,0.004127834942857404,0.0025049061050715954,0.0005440346853517128,0.0005440346853517128,0.25,traj,3.1383728543904166,-330.5959416421043,41.45149999546248,0.014938592910766602,-0.00020904979877340912,1.0,0.75,0.0,0.0,0
112,146,5.6,0.0,62.27873992919922,326.5622253417969,179.97853088378906,2.4577224254608154,-0.0004533158619220673,0.75,0.0,-0.006836067885160446,8.366239547729492,-0.0128939189016819,6.252415180206299,-0.003622729331254959,3.8920912742614746,-0.0004387274384498596,1.5450440645217896,-0.003622729331254959,3.8920912742614746,-0.001773263094946742,15.559478759765625,4.547483126322429,-0.0005925087925384091,0.0018244674817567696,-7.250372372810492e-05,-7.250372372810492e-05,0.25,traj,3.1422009030964713,-330.55580918196836,10.011949552830675,-0.02089601755142212,-0.0004533158619220673,1.0,0.75,0.0,0.0,0
113,147,5.65,0.0,62.087196350097656,326.5622863769531,179.97901916503906,4.549631118774414,-0.0010358868864857652,0.09217137197653451,0.0,0.02851255238056183,8.975173950195312,0.019282184541225433,7.096479415893555,0.008340805768966675,5.061249256134033,0.009138993918895721,2.545884847640991,0.009138993918895721,2.545884847640991,-0.004171254113316536,7.382819652557373,4.286227544148763,0.0022852775777602967,0.003127819357376759,-0.00035967523283175214,-0.00035967523283175214,0.0,traj,3.1396277705815177,-330.5951176259792,42.31362539336605,-0.020745575428009033,-0.0010358868864857652,1.0,0.09217137197653451,0.0,0.0,0
114,148,5.7,0.0,61.90008544921875,326.56231689453125,179.982421875,4.549631118774414,-0.0010358868864857652,0.09217137197653451,0.0,0.02851255238056183,8.975173950195312,0.019282184541225433,7.096479415893555,0.008340805768966675,5.061249256134033,0.009138993918895721,2.545884847640991,0.009138993918895721,2.545884847640991,-0.004171254113316536,7.382819652557373,4.286227544148763,0.0022852775777602967,0.003127819357376759,-0.00035967523283175214,-0.00035967523283175214,0.0,traj,3.1396277705815177,-330.5951176259792,42.31362539336605,-0.020745575428009033,-0.0010358868864857652,1.0,0.09217137197653451,0.0,0.0,0
115,149,5.75,0.0,61.71282196044922,326.5622863769531,179.98626708984375,4.549631118774414,-0.0010358868864857652,0.09217137197653451,0.0,0.02851255238056183,8.975173950195312,0.019282184541225433,7.096479415893555,0.008340805768966675,5.061249256134033,0.009138993918895721,2.545884847640991,0.009138993918895721,2.545884847640991,-0.004171254113316536,7.382819652557373,4.286227544148763,0.0022852775777602967,0.003127819357376759,-0.00035967523283175214,-0.00035967523283175214,0.0,traj,3.1396277705815177,-330.5951176259792,42.31362539336605,-0.020745575428009033,-0.0010358868864857652,1.0,0.09217137197653451,0.0,0.0,0
116,150,5.8,0.0,61.52301788330078,326.56219482421875,179.990234375,3.021313428878784,-0.0004305656401616164,0.75,0.0,0.004033435136079788,8.92788028717041,0.0017708204686641693,6.759348392486572,0.005564454942941666,4.380333423614502,-0.001331724226474762,1.8891137838363647,-0.001331724226474762,1.8891137838363647,0.01795927807688713,15.008363723754883,4.6925201416015625,-0.00044877125600502956,0.0006642460147439371,0.0007617659378935637,-0.00044877125600502956,0.25,traj,3.1410040418293814,-330.55437478698536,10.5630550528494,-0.010556578636169434,-0.0004305656401616164,1.0,0.75,0.0,0.0,0
117,151,5.85,0.0,61.32913589477539,326.5622863769531,179.9862518310547,4.802196979522705,0.0006454780141990402,0.0890463719765345,0.0,0.05180219188332558,9.071171760559082,0.031125199049711227,6.848937034606934,0.0178387351334095,4.745244026184082,0.012277476489543915,2.5056235790252686,0.012277476489543915,2.5056235790252686,0.011859900318086147,6.439430236816406,4.377128918965657,0.0031193954574004097,0.005923339893672199,0.0011724879799836637,0.0011724879799836637,0.0,traj,3.1376229087498526,-330.59014303267116,43.25699621374365,-0.021312594413757324,0.0006454780141990402,1.0,0.0890463719765345,0.0,0.0,0
118,152,5.9,0.0,61.130149841308594,326.5625305175781,179.97824096679688,4.802196979522705,0.0006454780141990402,0.0890463719765345,0.0,0.05180219188332558,9.071171760559082,0.031125199049711227,6.848937034606934,0.0178387351334095,4.745244026184082,0.012277476489543915,2.5056235790252686,0.012277476489543915,2.5056235790252686,0.011859900318086147,6.439430236816406,4.377128918965657,0.0031193954574004097,0.005923339893672199,0.0011724879799836637,0.0011724879799836637,0.0,traj,3.1376229087498526,-330.59014303267116,43.25699621374365,-0.021312594413757324,0.0006454780141990402,1.0,0.0890463719765345,0.0,0.0,0
119,153,5.95,0.0,60.925559997558594,326.5627746582031,179.9695587158203,4.802196979522705,0.0006454780141990402,0.0890463719765345,0.0,0.05180219188332558,9.071171760559082,0.031125199049711227,6.848937034606934,0.0178387351334095,4.745244026184082,0.012277476489543915,2.5056235790252686,0.012277476489543915,2.5056235790252686,0.011859900318086147,6.439430236816406,4.377128918965657,0.0031193954574004097,0.005923339893672199,0.0011724879799836637,0.0011724879799836637,0.0,traj,3.1376229087498526,-330.59014303267116,43.25699621374365,-0.021312594413757324,0.0006454780141990402,1.0,0.0890463719765345,0.0,0.0,0
120,154,6.0,0.0,60.71501159667969,326.5631103515625,179.9605255126953,3.566199541091919,0.001321360806473729,0.75,0.0,-0.009877428412437439,9.488624572753906,-0.010761655867099762,7.098270416259766,-0.005660906434059143,4.733207702636719,-0.005670584738254547,2.202808141708374,-0.005670584738254547,2.202808141708374,0.03316938132047653,14.34673023223877,4.85721476872762,-0.0016388178823935845,0.00023546191684869222,0.001471877938602556,0.001471877938602556,0.25,traj,3.1400656263020377,-330.5522384601917,11.224661842386409,-0.05092489719390869,0.001321360806473729,1.0,0.75,0.0,0.0,0
121,155,6.05,0.0,60.49839401245117,326.5637512207031,179.9397735595703,4.8641581535339355,0.0024216857833337813,0.0,0.0,0.08168147504329681,9.316287994384766,0.060183312743902206,6.861724853515625,0.034272897988557816,4.2735466957092285,0.015042446553707123,2.0081987380981445,0.015042446553707123,2.0081987380981445,0.027532625943422318,5.471674919128418,4.872263272603353,0.004768506687004599,0.00557568326491855,0.0032033308932007884,0.0032033308932007884,0.008105119069417022,traj,3.1354509154942374,-330.58251328824633,44.224681914525476,-0.0032504796981811523,0.0024216857833337813,1.0,0.0,0.0,0.0,0
122,156,6.1,0.0,60.275638580322266,326.5646057128906,179.91290283203125,4.8641581535339355,0.0024216857833337813,0.0,0.0,0.08168147504329681,9.316287994384766,0.060183312743902206,6.861724853515625,0.034272897988557816,4.2735466957092285,0.015042446553707123,2.0081987380981445,0.015042446553707123,2.0081987380981445,0.027532625943422318,5.471674919128418,4.872263272603353,0.004768506687004599,0.00557568326491855,0.0032033308932007884,0.0032033308932007884,0.008105119069417022,traj,3.1354509154942374,-330.58251328824633,44.224681914525476,-0.0032504796981811523,0.0024216857833337813,1.0,0.0,0.0,0.0,0
123,157,6.15,0.0,60.04673385620117,326.56561279296875,179.88449096679688,4.8641581535339355,0.0024216857833337813,0.0,0.0,0.08168147504329681,9.316287994384766,0.060183312743902206,6.861724853515625,0.034272897988557816,4.2735466957092285,0.015042446553707123,2.0081987380981445,0.015042446553707123,2.0081987380981445,0.027532625943422318,5.471674919128418,4.872263272603353,0.004768506687004599,0.00557568326491855,0.0032033308932007884,0.0032033308932007884,0.008105119069417022,traj,3.1354509154942374,-330.58251328824633,44.224681914525476,-0.0032504796981811523,0.0024216857833337813,1.0,0.0,0.0,0.0,0
124,158,6.2,0.0,59.811702728271484,326.5667724609375,179.8553466796875,4.097661018371582,0.00022342924173533556,0.75,0.0,0.045499011874198914,9.258245468139648,0.024646125733852386,6.701002597808838,0.016834646463394165,4.357534408569336,0.0025307759642601013,2.1651341915130615,0.0025307759642601013,2.1651341915130615,0.09165489673614502,13.57719898223877,4.728837490081787,0.0007441592280330863,0.005191143614646833,0.004297527198236831,0.0007441592280330863,0.25,traj,3.136210993924413,-330.5449139044048,11.993930832997899,-0.015016376972198486,0.00022342924173533556,1.0,0.75,0.0,0.0,0
125,159,6.25,0.0,59.57084655761719,326.5672607421875,179.86439514160156,4.862919807434082,0.0031937888655410246,0.0,0.0,0.11035570502281189,8.840178489685059,0.05405838042497635,6.69553279876709,0.019435346126556396,4.278322219848633,0.010371796786785126,2.022265911102295,0.010371796786785126,2.022265911102295,0.02780647575855255,4.498003005981445,4.545945008595784,0.003265030268703237,0.016707525574205333,0.0039355271722261555,0.003265030268703237,0.0,traj,3.135431126752172,-330.57634845434603,45.19833380183887,0.008923888206481934,0.0031937888655410246,1.0,0.0,0.0,0.0,0
126,160,6.3,0.0,59.326019287109375,326.5672302246094,179.8941650390625,4.862919807434082,0.0031937888655410246,0.0,0.0,0.11035570502281189,8.840178489685059,0.05405838042497635,6.69553279876709,0.019435346126556396,4.278322219848633,0.010371796786785126,2.022265911102295,0.010371796786785126,2.022265911102295,0.02780647575855255,4.498003005981445,4.545945008595784,0.003265030268703237,0.016707525574205333,0.0039355271722261555,0.003265030268703237,0.0,traj,3.135431126752172,-330.57634845434603,45.19833380183887,0.008923888206481934,0.0031937888655410246,1.0,0.0,0.0,0.0,0
127,161,6.35,0.0,59.07914352416992,326.5669250488281,179.9276580810547,4.862919807434082,0.0031937888655410246,0.0,0.0,0.11035570502281189,8.840178489685059,0.05405838042497635,6.69553279876709,0.019435346126556396,4.278322219848633,0.010371796786785126,2.022265911102295,0.010371796786785126,2.022265911102295,0.02780647575855255,4.498003005981445,4.545945008595784,0.003265030268703237,0.016707525574205333,0.0039355271722261555,0.003265030268703237,0.0,traj,3.135431126752172,-330.57634845434603,45.19833380183887,0.008923888206481934,0.0031937888655410246,1.0,0.0,0.0,0.0,0
128,162,6.4,0.0,58.83134078979492,326.5664367675781,179.9618377685547,4.604832172393799,0.0054008520823005555,0.08289768596490223,0.0,0.07832742482423782,8.847705841064453,0.05617961287498474,6.394366264343262,0.043630003929138184,4.059964179992676,0.017681382596492767,2.0390512943267822,0.017681382596492767,2.0390512943267822,0.11697294563055038,12.703832626342773,4.539303302764893,0.005520206950659892,0.005746969231104316,0.0058616405181697515,0.005520206950659892,0.0,traj,3.1344607631352286,-330.53713156487,12.867082613362792,0.03025507926940918,0.0054008520823005555,0.507033109664917,0.08289768596490223,0.0,0.0,0
129,163,6.45,0.0,58.58489227294922,326.5654296875,-179.98651123046875,4.836207389831543,0.0037243522684433073,0.0,1.0,0.038559310138225555,8.599390029907227,0.027010977268218994,6.546325206756592,0.020548082888126373,4.3309783935546875,0.011204473674297333,2.1526360511779785,0.011204473674297333,2.1526360511779785,0.08280502259731293,15.902989387512207,4.297877311706543,0.0033136005028011058,0.0035808885723209376,0.0033147388676627743,0.0033136005028011058,0.0,traj,3.1370210210469107,-330.5729913682546,46.16816717718418,0.012553215026855469,0.0037243522684433073,1.0,0.0,0.0,1.0,0
130,164,6.5,0.0,58.346195220947266,326.56402587890625,-179.92724609375,4.836207389831543,0.0037243522684433073,0.0,1.0,0.038559310138225555,8.599390029907227,0.027010977268218994,6.546325206756592,0.020548082888126373,4.3309783935546875,0.011204473674297333,2.1526360511779785,0.011204473674297333,2.1526360511779785,0.08280502259731293,15.902989387512207,4.297877311706543,0.0033136005028011058,0.0035808885723209376,0.0033147388676627743,0.0033136005028011058,0.0,traj,3.1370210210469107,-330.5729913682546,46.16816717718418,0.012553215026855469,0.0037243522684433073,1.0,0.0,0.0,1.0,0
131,165,6.55,0.0,58.12118148803711,326.5624084472656,-179.86965942382812,4.836207389831543,0.0037243522684433073,0.0,1.0,0.038559310138225555,8.599390029907227,0.027010977268218994,6.546325206756592,0.020548082888126373,4.3309783935546875,0.011204473674297333,2.1526360511779785,0.011204473674297333,2.1526360511779785,0.08280502259731293,15.902989387512207,4.297877311706543,0.0033136005028011058,0.0035808885723209376,0.0033147388676627743,0.0033136005028011058,0.0,traj,3.1370210210469107,-330.5729913682546,46.16816717718418,0.012553215026855469,0.0037243522684433073,1.0,0.0,0.0,1.0,0
132,166,6.6,0.0,57.911766052246094,326.5606994628906,-179.81549072265625,4.784327983856201,0.002625481552694036,0.0,1.0,0.05365430936217308,8.450254440307617,0.03121357038617134,6.139701843261719,0.027140188962221146,4.014917850494385,0.009509705007076263,2.1381733417510986,0.009509705007076263,2.1381733417510986,0.0656440258026123,11.754631996154785,4.208184639612834,0.002831389147398205,0.006182811191141906,0.003555161526447223,0.002831389147398205,0.0,traj,3.1383111039784293,-330.5364296283133,13.816642780062297,0.01579904556274414,0.002625481552694036,0.0,0.0,1.0,1.0,0
133,167,6.65,0.0,57.715614318847656,326.5599365234375,-179.81661987304688,3.9239587783813477,0.001793581587259409,0.0,0.0,0.028381183743476868,7.7788591384887695,0.026072107255458832,6.182381629943848,0.020758315920829773,4.10639762878418,0.01437949389219284,1.9231739044189453,0.01437949389219284,1.9231739044189453,0.04858338460326195,15.010854721069336,3.903801918029785,0.004759855114055916,0.000920757563573305,0.0020604125720853216,0.0020604125720853216,0.0,traj,3.139073805012975,-330.5723199488215,47.06044012761908,0.011801481246948242,0.001793581587259409,1.0,0.0,0.0,0.0,0
134,168,6.7,0.0,57.52396011352539,326.55987548828125,-179.84288024902344,3.9239587783813477,0.001793581587259409,0.0,0.0,0.028381183743476868,7.7788591384887695,0.026072107255458832,6.182381629943848,0.020758315920829773,4.10639762878418,0.01437949389219284,1.9231739044189453,0.01437949389219284,1.9231739044189453,0.04858338460326195,15.010854721069336,3.903801918029785,0.004759855114055916,0.000920757563573305,0.0020604125720853216,0.0020604125720853216,0.0,traj,3.139073805012975,-330.5723199488215,47.06044012761908,0.011801481246948242,0.001793581587259409,1.0,0.0,0.0,0.0,0
135,169,6.75,0.0,57.33214569091797,326.55999755859375,-179.87225341796875,3.9239587783813477,0.001793581587259409,0.0,0.0,0.028381183743476868,7.7788591384887695,0.026072107255458832,6.182381629943848,0.020758315920829773,4.10639762878418,0.01437949389219284,1.9231739044189453,0.01437949389219284,1.9231739044189453,0.04858338460326195,15.010854721069336,3.903801918029785,0.004759855114055916,0.000920757563573305,0.0020604125720853216,0.0020604125720853216,0.0,traj,3.139073805012975,-330.5723199488215,47.06044012761908,0.011801481246948242,0.001793581587259409,1.0,0.0,0.0,0.0,0
136,170,6.8,0.0,57.137821197509766,326.5602722167969,-179.90252685546875,3.7285385131835938,0.002344488993195789,0.75,0.0,0.03385557234287262,8.124507904052734,0.02000247687101364,6.032011032104492,0.013495847582817078,3.9574806690216064,0.0076260194182395935,1.941209077835083,0.013495847582817078,3.9574806690216064,0.03535815700888634,10.879570960998535,4.122242291768392,0.00217098574564875,0.004214578345316565,0.0020689882540432265,0.0020689882540432265,0.25,traj,3.140707449116979,-330.53777246243345,14.691828747746861,-0.0065964460372924805,0.002344488993195789,1.0,0.75,0.0,0.0,0
137,171,6.85,0.0,56.93943786621094,326.5608215332031,-179.94219970703125,3.6590065956115723,0.001637491843339538,0.75,0.0,0.02883318066596985,7.957929611206055,0.028120435774326324,6.026710033416748,0.023708701133728027,4.127388954162598,0.02269735187292099,2.0540778636932373,0.02269735187292099,2.0540778636932373,0.02648279257118702,14.270597457885742,3.9359048207600917,0.007034308107670162,0.00023493067991324677,0.0011814431168954583,0.0011814431168954583,0.25,traj,3.1404618779805045,-330.5727472138638,47.80075079757342,0.02912914752960205,0.001637491843339538,1.0,0.75,0.0,0.0,0
138,172,6.9,0.0,56.735984802246094,326.5616760253906,-179.98716735839844,3.6590065956115723,0.001637491843339538,0.75,0.0,0.02883318066596985,7.957929611206055,0.028120435774326324,6.026710033416748,0.023708701133728027,4.127388954162598,0.02269735187292099,2.0540778636932373,0.02269735187292099,2.0540778636932373,0.02648279257118702,14.270597457885742,3.9359048207600917,0.007034308107670162,0.00023493067991324677,0.0011814431168954583,0.0011814431168954583,0.25,traj,3.1404618779805045,-330.5727472138638,47.80075079757342,0.02912914752960205,0.001637491843339538,1.0,0.75,0.0,0.0,0
139,173,6.95,0.0,56.5269660949707,326.5627136230469,179.96615600585938,3.6590065956115723,0.001637491843339538,0.75,0.0,0.02883318066596985,7.957929611206055,0.028120435774326324,6.026710033416748,0.023708701133728027,4.127388954162598,0.02269735187292099,2.0540778636932373,0.02269735187292099,2.0540778636932373,0.02648279257118702,14.270597457885742,3.9359048207600917,0.007034308107670162,0.00023493067991324677,0.0011814431168954583,0.0011814431168954583,0.25,traj,3.1404618779805045,-330.5727472138638,47.80075079757342,0.02912914752960205,0.001637491843339538,1.0,0.75,0.0,0.0,0
140,174,7.0,0.0,56.31201934814453,326.56396484375,179.91815185546875,3.4096603393554688,0.0028023877210655982,0.75,0.0,0.044350847601890564,8.3089017868042,0.02543967217206955,6.1888532638549805,0.01791873574256897,4.147377014160156,0.01039501279592514,2.009345293045044,0.01039501279592514,2.009345293045044,0.03420311212539673,10.200797080993652,4.199778715769449,0.0032934134992541786,0.00567859144841341,0.0021345580700753487,0.0021345580700753487,0.25,traj,3.140800670781408,-330.53737571609673,15.370605489699853,-0.027389943599700928,0.0028023877210655982,1.0,0.75,0.0,0.0,0
141,175,7.05,0.0,56.091331481933594,326.5644836425781,179.91513061523438,3.880666494369507,-0.00023461035878610467,0.0,1.0,-0.015754833817481995,6.669182777404785,0.0022376999258995056,5.4726033210754395,0.007018625736236572,3.9053049087524414,0.01561475545167923,1.9777165651321411,0.007018625736236572,3.9053049087524414,-0.01348170731216669,13.523943901062012,3.1277519861857095,0.0011441047494327218,-0.00957185493039106,-0.0006346282924201543,-0.0006346282924201543,0.0,traj,3.143108562627111,-330.57607378124965,48.54742056787823,-0.021396279335021973,-0.00023461035878610467,1.0,0.0,0.0,1.0,0
142,176,7.1,0.0,55.866668701171875,326.5644226074219,179.9347381591797,3.880666494369507,-0.00023461035878610467,0.0,1.0,-0.015754833817481995,6.669182777404785,0.0022376999258995056,5.4726033210754395,0.007018625736236572,3.9053049087524414,0.01561475545167923,1.9777165651321411,0.007018625736236572,3.9053049087524414,-0.01348170731216669,13.523943901062012,3.1277519861857095,0.0011441047494327218,-0.00957185493039106,-0.0006346282924201543,-0.0006346282924201543,0.0,traj,3.143108562627111,-330.57607378124965,48.54742056787823,-0.021396279335021973,-0.00023461035878610467,1.0,0.0,0.0,1.0,0
143,177,7.15,0.0,55.639915466308594,326.56414794921875,179.95779418945312,3.880666494369507,-0.00023461035878610467,0.0,1.0,-0.015754833817481995,6.669182777404785,0.0022376999258995056,5.4726033210754395,0.007018625736236572,3.9053049087524414,0.01561475545167923,1.9777165651321411,0.007018625736236572,3.9053049087524414,-0.01348170731216669,13.523943901062012,3.1277519861857095,0.0011441047494327218,-0.00957185493039106,-0.0006346282924201543,-0.0006346282924201543,0.0,traj,3.143108562627111,-330.57607378124965,48.54742056787823,-0.021396279335021973,-0.00023461035878610467,1.0,0.0,0.0,1.0,0
144,178,7.2,0.0,55.412147521972656,326.56378173828125,179.98155212402344,3.8508427143096924,0.002747830162114044,0.75,0.0,0.0391358807682991,8.398683547973633,0.02227415144443512,6.274238586425781,0.012966670095920563,4.202627182006836,0.004840008914470673,2.111440420150757,0.004840008914470673,2.111440420150757,0.051544561982154846,9.475448608398438,4.191564718882243,0.0014592800341334212,0.005052718447467908,0.003463029863642829,0.0014592800341334212,0.25,traj,3.139231995740209,-330.5343238186432,16.09588243770988,-0.015429794788360596,0.002747830162114044,1.0,0.75,0.0,0.0,0
145,179,7.25,0.0,55.18397903442383,326.56402587890625,179.96937561035156,3.2840256690979004,0.0005476426691189932,0.0,0.0,-0.006194695830345154,6.236591815948486,0.0014109238982200623,5.296490669250488,-0.0018321722745895386,3.6348888874053955,0.009309254586696625,1.638351559638977,-0.0018321722745895386,3.6348888874053955,0.005279353819787502,12.783509254455566,3.065536896387736,-0.0003208949365442353,-0.005150294025687918,0.00026293445551029906,0.00026293445551029906,0.0,traj,3.1417789022114615,-330.5754328852682,49.287860937539776,-0.016289472579956055,0.0005476426691189932,1.0,0.0,0.0,0.0,0
146,180,7.3,0.0,54.95566940307617,326.5648193359375,179.9390411376953,3.2840256690979004,0.0005476426691189932,0.0,0.0,-0.006194695830345154,6.236591815948486,0.0014109238982200623,5.296490669250488,-0.0018321722745895386,3.6348888874053955,0.009309254586696625,1.638351559638977,-0.0018321722745895386,3.6348888874053955,0.005279353819787502,12.783509254455566,3.065536896387736,-0.0003208949365442353,-0.005150294025687918,0.00026293445551029906,0.00026293445551029906,0.0,traj,3.1417789022114615,-330.5754328852682,49.287860937539776,-0.016289472579956055,0.0005476426691189932,1.0,0.0,0.0,0.0,0
147,181,7.35,0.0,54.727386474609375,326.5658264160156,179.90586853027344,3.2840256690979004,0.0005476426691189932,0.0,0.0,-0.006194695830345154,6.236591815948486,0.0014109238982200623,5.296490669250488,-0.0018321722745895386,3.6348888874053955,0.009309254586696625,1.638351559638977,-0.0018321722745895386,3.6348888874053955,0.005279353819787502,12.783509254455566,3.065536896387736,-0.0003208949365442353,-0.005150294025687918,0.00026293445551029906,0.00026293445551029906,0.0,traj,3.1417789022114615,-330.5754328852682,49.287860937539776,-0.016289472579956055,0.0005476426691189932,1.0,0.0,0.0,0.0,0
148,182,7.4,0.0,54.49918746948242,326.56695556640625,179.87222290039062,4.357478618621826,0.0031258284832993977,0.06572631398836772,0.0,0.06485515832901001,8.433403015136719,0.03759949281811714,6.088784217834473,0.022424649447202682,4.145796298980713,0.0072878822684288025,2.2854561805725098,0.0072878822684288025,2.2854561805725098,0.06137317046523094,8.652106285095215,4.098817269007365,0.0020300561757741536,0.00740025446520129,0.004515713796723349,0.0020300561757741536,0.0,traj,3.1382876197483878,-330.5307225797429,16.91916468065328,-0.017494916915893555,0.0031258284832993977,1.0,0.06572631398836772,0.0,0.0,0
149,183,7.45,0.0,54.27276611328125,326.5677795410156,179.86257934570312,3.0505707263946533,0.0015157394525158294,0.75,0.0,0.012128114700317383,6.522649765014648,0.012473918497562408,5.084360122680664,0.0057183727622032166,3.456120014190674,0.020331047475337982,1.7173285484313965,0.0057183727622032166,3.456120014190674,0.020935341715812683,12.16744327545166,3.2035978635152182,0.0010533391244623301,-0.00015302406494347744,0.0010953827333532976,0.0010533391244623301,0.15302713712056493,traj,3.14066214958695,-330.5734796707081,49.90391165859429,-0.015637755393981934,0.0015157394525158294,1.0,0.75,0.0,0.0,0
150,184,7.5,0.0,54.05424118041992,326.56829833984375,179.86517333984375,3.0505707263946533,0.0015157394525158294,0.75,0.0,0.012128114700317383,6.522649765014648,0.012473918497562408,5.084360122680664,0.0057183727622032166,3.456120014190674,0.020331047475337982,1.7173285484313965,0.0057183727622032166,3.456120014190674,0.020935341715812683,12.16744327545166,3.2035978635152182,0.0010533391244623301,-0.00015302406494347744,0.0010953827333532976,0.0010533391244623301,0.15302713712056493,traj,3.14066214958695,-330.5734796707081,49.90391165859429,-0.015637755393981934,0.0015157394525158294,1.0,0.75,0.0,0.0,0
151,185,7.55,0.0,53.84942626953125,326.5686950683594,179.86936950683594,3.0505707263946533,0.0015157394525158294,0.75,0.0,0.012128114700317383,6.522649765014648,0.012473918497562408,5.084360122680664,0.0057183727622032166,3.456120014190674,0.020331047475337982,1.7173285484313965,0.0057183727622032166,3.456120014190674,0.020935341715812683,12.16744327545166,3.2035978635152182,0.0010533391244623301,-0.00015302406494347744,0.0010953827333532976,0.0010533391244623301,0.15302713712056493,traj,3.14066214958695,-330.5734796707081,49.90391165859429,-0.015637755393981934,0.0015157394525158294,1.0,0.75,0.0,0.0,0
152,186,7.6,0.0,53.660057067871094,326.56903076171875,179.8736572265625,4.607007026672363,0.005032403219348525,0.0,0.0,0.06732135266065598,8.586278915405273,0.04588070511817932,6.254173278808594,0.031233616173267365,4.200769424438477,0.014154396951198578,2.269033193588257,0.014154396951198578,2.269033193588257,0.07103104889392853,7.747081756591797,4.211648066838582,0.0039711959378917775,0.0058526853812579565,0.005836824164185371,0.0039711959378917775,0.0,traj,3.1372655192997794,-330.52599213766166,17.824110055421862,-0.019952595233917236,0.005032403219348525,1.0,0.0,0.0,0.0,0
153,187,7.65,0.0,53.48359298706055,326.5695495605469,179.86676025390625,3.283263683319092,0.0012112097765465026,0.0,1.0,0.02046496793627739,6.083813667297363,0.016964871436357498,4.814242839813232,0.0036657117307186127,3.3086605072021484,0.01910518854856491,1.6586154699325562,0.0036657117307186127,3.3086605072021484,0.032706230878829956,11.54109001159668,2.9502227306365967,0.0007053030407547916,0.0017551031161857514,0.0018041286962282874,0.0007053030407547916,0.0,traj,3.1397689143803458,-330.5714349000312,50.5302391740964,0.013273358345031738,0.0012112097765465026,1.0,0.0,0.0,1.0,0
154,188,7.7,0.0,53.311546325683594,326.5701904296875,179.85487365722656,3.283263683319092,0.0012112097765465026,0.0,1.0,0.02046496793627739,6.083813667297363,0.016964871436357498,4.814242839813232,0.0036657117307186127,3.3086605072021484,0.01910518854856491,1.6586154699325562,0.0036657117307186127,3.3086605072021484,0.032706230878829956,11.54109001159668,2.9502227306365967,0.0007053030407547916,0.0017551031161857514,0.0018041286962282874,0.0007053030407547916,0.0,traj,3.1397689143803458,-330.5714349000312,50.5302391740964,0.013273358345031738,0.0012112097765465026,1.0,0.0,0.0,1.0,0
155,189,7.75,0.0,53.139320373535156,326.5709228515625,179.84217834472656,3.283263683319092,0.0012112097765465026,0.0,1.0,0.02046496793627739,6.083813667297363,0.016964871436357498,4.814242839813232,0.0036657117307186127,3.3086605072021484,0.01910518854856491,1.6586154699325562,0.0036657117307186127,3.3086605072021484,0.032706230878829956,11.54109001159668,2.9502227306365967,0.0007053030407547916,0.0017551031161857514,0.0018041286962282874,0.0007053030407547916,0.0,traj,3.1397689143803458,-330.5714349000312,50.5302391740964,0.013273358345031738,0.0012112097765465026,1.0,0.0,0.0,1.0,0
156,190,7.8,0.0,52.96455764770508,326.57171630859375,179.82919311523438,4.630186557769775,0.006344223580901946,0.0,1.0,0.0658959150314331,7.909101486206055,0.05574790760874748,6.012446403503418,0.0365891195833683,4.167809963226318,0.017369858920574188,2.2124927043914795,0.017369858920574188,2.2124927043914795,0.07846483588218689,6.82180118560791,3.797886610031128,0.004997849261135472,0.003406187511550167,0.007322086744700033,0.004997849261135472,0.0,traj,3.1363942186024527,-330.52049872003045,18.749309565349886,-0.0021616220474243164,0.006344223580901946,1.0,0.0,0.0,1.0,0
157,191,7.85,0.0,52.78573226928711,326.5722961425781,179.82818603515625,2.7258994579315186,0.00153806990223354,0.75,0.0,-0.025899574160575867,6.245307922363281,-0.018823988735675812,4.3738484382629395,-0.01782054454088211,2.6179311275482178,0.02098720520734787,1.246872067451477,-0.01782054454088211,2.6179311275482178,0.02124687284231186,10.917069435119629,3.3326656818389893,-0.004333479291945171,-0.0024069106000569073,0.0012389684879051213,0.0012389684879051213,0.25,traj,3.1407031575825552,-330.5715569732716,51.15428550063055,-0.010424494743347168,0.00153806990223354,1.0,0.75,0.0,0.0,0
158,192,7.9,0.0,52.60177993774414,326.57275390625,179.83303833007812,2.7258994579315186,0.00153806990223354,0.75,0.0,-0.025899574160575867,6.245307922363281,-0.018823988735675812,4.3738484382629395,-0.01782054454088211,2.6179311275482178,0.02098720520734787,1.246872067451477,-0.01782054454088211,2.6179311275482178,0.02124687284231186,10.917069435119629,3.3326656818389893,-0.004333479291945171,-0.0024069106000569073,0.0012389684879051213,0.0012389684879051213,0.25,traj,3.1407031575825552,-330.5715569732716,51.15428550063055,-0.010424494743347168,0.00153806990223354,1.0,0.75,0.0,0.0,0
159,193,7.95,0.0,52.41215133666992,326.57318115234375,179.83883666992188,2.7258994579315186,0.00153806990223354,0.75,0.0,-0.025899574160575867,6.245307922363281,-0.018823988735675812,4.3738484382629395,-0.01782054454088211,2.6179311275482178,0.02098720520734787,1.246872067451477,-0.01782054454088211,2.6179311275482178,0.02124687284231186,10.917069435119629,3.3326656818389893,-0.004333479291945171,-0.0024069106000569073,0.0012389684879051213,0.0012389684879051213,0.25,traj,3.1407031575825552,-330.5715569732716,51.15428550063055,-0.010424494743347168,0.00153806990223354,1.0,0.75,0.0,0.0,0
160,194,8.0,0.0,52.21642303466797,326.5736083984375,179.84487915039062,3.730081558227539,0.007732093829995226,0.75,0.0,0.07708116620779037,7.782505512237549,0.057615116238594055,6.013599395751953,0.04022146016359329,4.0164875984191895,0.016637079417705536,1.8915640115737915,0.04022146016359329,4.0164875984191895,0.07122369855642319,5.969503402709961,3.9275035063425694,0.006374967179791598,0.0070054695311745525,0.007595294311500543,0.006374967179791598,0.19742194811503033,traj,3.13736088673142,-330.5175383771117,19.60167506028606,0.024283528327941895,0.007732093829995226,1.0,0.75,0.0,0.0,0
161,195,8.05,0.0,52.01449966430664,326.5740051269531,179.8499298095703,2.6021511554718018,0.002457885785934849,0.03777887225151031,0.0,-0.007814403623342514,4.504434585571289,-0.015124637633562088,2.561224937438965,-0.0002679973840713501,1.211490511894226,0.021831654012203217,0.7678794264793396,-0.015124637633562088,2.561224937438965,0.02421736903488636,10.407094955444336,2.491467197736104,-0.0037592880557194325,0.0023949400594343905,0.001481440203440574,0.001481440203440574,0.0,traj,3.140447453656469,-330.5707939993037,51.66425330528071,-0.00514531135559082,0.002457885785934849,0.0,0.03777887225151031,1.0,0.0,0
162,196,8.1,0.0,51.80626678466797,326.5744323730469,179.8544921875,2.6021511554718018,0.002457885785934849,0.03777887225151031,0.0,-0.007814403623342514,4.504434585571289,-0.015124637633562088,2.561224937438965,-0.0002679973840713501,1.211490511894226,0.021831654012203217,0.7678794264793396,-0.015124637633562088,2.561224937438965,0.02421736903488636,10.407094955444336,2.491467197736104,-0.0037592880557194325,0.0023949400594343905,0.001481440203440574,0.001481440203440574,0.0,traj,3.140447453656469,-330.5707939993037,51.66425330528071,-0.00514531135559082,0.002457885785934849,0.0,0.03777887225151031,1.0,0.0,0
163,197,8.15,0.0,51.59174728393555,326.5748596191406,179.8590850830078,2.6021511554718018,0.002457885785934849,0.03777887225151031,0.0,-0.007814403623342514,4.504434585571289,-0.015124637633562088,2.561224937438965,-0.0002679973840713501,1.211490511894226,0.021831654012203217,0.7678794264793396,-0.015124637633562088,2.561224937438965,0.02421736903488636,10.407094955444336,2.491467197736104,-0.0037592880557194325,0.0023949400594343905,0.001481440203440574,0.001481440203440574,0.0,traj,3.140447453656469,-330.5707939993037,51.66425330528071,-0.00514531135559082,0.002457885785934849,0.0,0.03777887225151031,1.0,0.0,0
164,198,8.2,0.0,51.37093734741211,326.5752868652344,179.86378479003906,3.5877437591552734,0.007065475904738444,0.75,0.0,0.047242142260074615,7.917445182800293,0.03794567286968231,6.169717788696289,0.02741716057062149,4.316465377807617,0.019300155341625214,2.0969290733337402,0.019300155341625214,2.0969290733337402,0.049574386328458786,5.261552810668945,3.880390326182048,0.005859287897455635,0.0033862281809755746,0.00599809251958845,0.005859287897455635,0.25,traj,3.1405289928105216,-330.5195221119594,20.30982401755008,0.013347387313842773,0.007065475904738444,1.0,0.75,0.0,0.0,0
165,199,8.25,0.0,51.144203186035156,326.575439453125,179.88099670410156,2.351729154586792,0.0028788744561211244,0.0,1.0,0.0018524304032325745,2.61824893951416,0.004137083888053894,1.0592889785766602,-0.0009249597787857056,0.4323016107082367,0.022528402507305145,0.3781745433807373,0.004137083888053894,1.0592889785766602,0.024439198896288872,9.901432991027832,1.4966394926110904,0.0024863128123310055,-0.0009329557771681557,0.0015712951365216305,0.0015712951365216305,0.0,traj,3.140440539517675,-330.5700615456234,52.1699143167121,-0.011709094047546387,0.0028788744561211244,0.0,0.0,1.0,1.0,0
166,200,8.3,0.0,50.91337966918945,326.57537841796875,179.90469360351562,2.351729154586792,0.0028788744561211244,0.0,1.0,0.0018524304032325745,2.61824893951416,0.004137083888053894,1.0592889785766602,-0.0009249597787857056,0.4323016107082367,0.022528402507305145,0.3781745433807373,0.004137083888053894,1.0592889785766602,0.024439198896288872,9.901432991027832,1.4966394926110904,0.0024863128123310055,-0.0009329557771681557,0.0015712951365216305,0.0015712951365216305,0.0,traj,3.140440539517675,-330.5700615456234,52.1699143167121,-0.011709094047546387,0.0028788744561211244,0.0,0.0,1.0,1.0,0
167,201,8.35,0.0,50.680335998535156,326.5751953125,179.92950439453125,2.351729154586792,0.0028788744561211244,0.0,1.0,0.0018524304032325745,2.61824893951416,0.004137083888053894,1.0592889785766602,-0.0009249597787857056,0.4323016107082367,0.022528402507305145,0.3781745433807373,0.004137083888053894,1.0592889785766602,0.024439198896288872,9.901432991027832,1.4966394926110904,0.0024863128123310055,-0.0009329557771681557,0.0015712951365216305,0.0015712951365216305,0.0,traj,3.140440539517675,-330.5700615456234,52.1699143167121,-0.011709094047546387,0.0028788744561211244,0.0,0.0,1.0,1.0,0
168,202,8.4,0.0,50.4461669921875,326.57489013671875,179.9545440673828,4.027329921722412,0.004291811499468352,0.45708505213260653,0.0,0.0010143741965293884,8.424304962158203,-0.006371021270751953,6.2789764404296875,0.0013093724846839905,4.375731468200684,0.012052468955516815,2.283149242401123,0.012052468955516815,2.283149242401123,0.03307323157787323,4.500768661499023,4.094141006469727,0.0033605770260926376,0.002191552204149566,0.004678044625997319,0.0033605770260926376,0.06681108474731445,traj,3.143208579221044,-330.52315387114726,21.070716886629157,-0.005471408367156982,0.004291811499468352,1.0,0.45708505213260653,0.0,0.0,0
169,203,8.45,0.0,50.211483001708984,326.5749206542969,179.95828247070312,-8.822877134662122e-05,0.003175779933429424,0.75,0.0,0.007385589182376862,1.9185055494308472,0.006514936685562134,0.4753619134426117,-0.006738409399986267,-0.005066961050033569,0.0034252330660820007,-0.02822832018136978,0.006514936685562134,0.4753619134426117,0.02541768178343773,9.6895170211792,1.2993658271928628,0.008724476363285206,0.0003840564767918585,0.0016699534245329258,0.0016699534245329258,0.25,traj,3.140355304875646,-330.56966479612265,52.38182837950094,-0.024731814861297607,0.003175779933429424,0.0,0.75,1.0,0.0,0
170,204,8.5,0.0,49.97662353515625,326.5751953125,179.95111083984375,-8.822877134662122e-05,0.003175779933429424,0.75,0.0,0.007385589182376862,1.9185055494308472,0.006514936685562134,0.4753619134426117,-0.006738409399986267,-0.005066961050033569,0.0034252330660820007,-0.02822832018136978,0.006514936685562134,0.4753619134426117,0.02541768178343773,9.6895170211792,1.2993658271928628,0.008724476363285206,0.0003840564767918585,0.0016699534245329258,0.0016699534245329258,0.25,traj,3.140355304875646,-330.56966479612265,52.38182837950094,-0.024731814861297607,0.003175779933429424,0.0,0.75,1.0,0.0,0
171,205,8.55,0.0,49.741790771484375,326.57562255859375,179.94215393066406,-8.822877134662122e-05,0.003175779933429424,0.75,0.0,0.007385589182376862,1.9185055494308472,0.006514936685562134,0.4753619134426117,-0.006738409399986267,-0.005066961050033569,0.0034252330660820007,-0.02822832018136978,0.006514936685562134,0.4753619134426117,0.02541768178343773,9.6895170211792,1.2993658271928628,0.008724476363285206,0.0003840564767918585,0.0016699534245329258,0.0016699534245329258,0.25,traj,3.140355304875646,-330.56966479612265,52.38182837950094,-0.024731814861297607,0.003175779933429424,0.0,0.75,1.0,0.0,0
172,206,8.6,0.0,49.507083892822266,326.5760498046875,179.93301391601562,4.437211990356445,0.0009453318564990625,0.0,1.0,0.0054680462926626205,8.06976318359375,0.00823412649333477,5.961262226104736,0.00709608756005764,4.261444568634033,0.00853460282087326,2.399332284927368,0.00853460282087326,2.399332284927368,0.00751950079575181,16.150239944458008,3.7802891731262207,0.002264483446287147,-0.0008351322900554176,0.00029640238244336157,0.00029640238244336157,0.0,traj,3.1438822309162955,-330.5257174677293,21.921241790132157,-0.0060045719146728516,0.0009453318564990625,1.0,0.0,0.0,1.0,0
173,207,8.65,0.0,49.27422332763672,326.57635498046875,179.93312072753906,-0.0001716102851787582,0.0028113281540979294,0.75,0.0,0.017099514603614807,2.0056424140930176,0.009053744375705719,0.5419639348983765,-0.0037479326128959656,-0.006509721279144287,0.007798276841640472,-0.038626112043857574,0.009053744375705719,0.5419639348983765,0.0254171434789896,9.689082145690918,1.3643016765515008,0.010634045473239217,0.00349945753921623,0.001670029315523704,0.001670029315523704,0.25,traj,3.140355304875646,-330.56966479612265,52.38226325498981,-0.0205957293510437,0.0028113281540979294,0.0,0.75,1.0,0.0,0
174,208,8.7,0.0,49.049339294433594,326.5765075683594,179.9378662109375,-0.0001716102851787582,0.0028113281540979294,0.75,0.0,0.017099514603614807,2.0056424140930176,0.009053744375705719,0.5419639348983765,-0.0037479326128959656,-0.006509721279144287,0.007798276841640472,-0.038626112043857574,0.009053744375705719,0.5419639348983765,0.0254171434789896,9.689082145690918,1.3643016765515008,0.010634045473239217,0.00349945753921623,0.001670029315523704,0.001670029315523704,0.25,traj,3.140355304875646,-330.56966479612265,52.38226325498981,-0.0205957293510437,0.0028113281540979294,0.0,0.75,1.0,0.0,0
175,209,8.75,0.0,48.83820343017578,326.57659912109375,179.9430389404297,-0.0001716102851787582,0.0028113281540979294,0.75,0.0,0.017099514603614807,2.0056424140930176,0.009053744375705719,0.5419639348983765,-0.0037479326128959656,-0.006509721279144287,0.007798276841640472,-0.038626112043857574,0.009053744375705719,0.5419639348983765,0.0254171434789896,9.689082145690918,1.3643016765515008,0.010634045473239217,0.00349945753921623,0.001670029315523704,0.001670029315523704,0.25,traj,3.140355304875646,-330.56966479612265,52.38226325498981,-0.0205957293510437,0.0028113281540979294,0.0,0.75,1.0,0.0,0
176,210,8.8,0.0,48.64260482788086,326.57672119140625,179.94798278808594,3.745734453201294,0.0011379986863804283,0.03599677582582014,0.0,0.005767928436398506,7.771087646484375,0.009436333552002907,5.963270664215088,0.004278587177395821,4.159358024597168,0.007325403392314911,2.0936148166656494,0.007325403392314911,2.0936148166656494,0.012026333250105381,15.308748245239258,3.784990708033244,0.002227448642787522,-0.0012917683815661589,0.0005000938016912974,0.0005000938016912974,0.039256254831950166,traj,3.1436140100148062,-330.52724341566505,22.762729675800575,-0.0029953718185424805,0.0011379986863804283,1.0,0.03599677582582014,0.0,0.0,0
177,211,8.85,0.0,48.46013641357422,326.5774230957031,179.92140197753906,-3.452919554547407e-05,0.004310423764956637,0.75,0.0,0.02403862029314041,2.283027410507202,0.008190497756004333,0.7210365533828735,-0.0029550716280937195,0.028965920209884644,0.011665396392345428,-0.03717321902513504,0.008190497756004333,0.7210365533828735,0.02541690692305565,9.688891410827637,1.5479782323042552,0.007231245228738864,0.0064589785065827555,0.001670029315523704,0.001670029315523704,0.25,traj,3.140355304875646,-330.56966479612265,52.38245398985335,-0.0166318416595459,0.004310423764956637,0.0,0.75,1.0,0.0,0
178,212,8.9,0.0,48.28205108642578,326.57855224609375,179.8820343017578,-3.452919554547407e-05,0.004310423764956637,0.75,0.0,0.02403862029314041,2.283027410507202,0.008190497756004333,0.7210365533828735,-0.0029550716280937195,0.028965920209884644,0.011665396392345428,-0.03717321902513504,0.008190497756004333,0.7210365533828735,0.02541690692305565,9.688891410827637,1.5479782323042552,0.007231245228738864,0.0064589785065827555,0.001670029315523704,0.001670029315523704,0.25,traj,3.140355304875646,-330.56966479612265,52.38245398985335,-0.0166318416595459,0.004310423764956637,0.0,0.75,1.0,0.0,0
179,213,8.95,0.0,48.103782653808594,326.57989501953125,179.84078979492188,-3.452919554547407e-05,0.004310423764956637,0.75,0.0,0.02403862029314041,2.283027410507202,0.008190497756004333,0.7210365533828735,-0.0029550716280937195,0.028965920209884644,0.011665396392345428,-0.03717321902513504,0.008190497756004333,0.7210365533828735,0.02541690692305565,9.688891410827637,1.5479782323042552,0.007231245228738864,0.0064589785065827555,0.001670029315523704,0.001670029315523704,0.25,traj,3.140355304875646,-330.56966479612265,52.38245398985335,-0.0166318416595459,0.004310423764956637,0.0,0.75,1.0,0.0,0
180,214,9.0,0.0,47.922977447509766,326.5813903808594,179.798583984375,3.5127415657043457,0.0010781975342848125,0.75,0.0,0.006019212305545807,7.57859992980957,0.006727084517478943,5.913160800933838,0.003967590630054474,3.960367441177368,0.005563877522945404,1.8409051895141602,0.003967590630054474,3.960367441177368,0.012781240046024323,14.600570678710938,3.82513149579366,0.0006377600589624432,-0.0002705792096584747,0.0005573156087378486,0.0005573156087378486,0.25,traj,3.1435558358815054,-330.5287693620188,23.470905335945492,-0.017745375633239746,0.0010781975342848125,1.0,0.75,0.0,0.0,0
181,215,9.05,0.0,47.73836135864258,326.5824279785156,179.7859344482422,-2.1870266209589317e-05,0.001564441547210175,0.75,0.0,0.032497696578502655,1.9764965772628784,0.01451919972896576,0.516850471496582,-0.00170830637216568,-0.007165864109992981,0.01045205444097519,-0.0455889031291008,0.01451919972896576,0.516850471496582,0.025416823104023933,9.688822746276855,1.3495505501826603,0.017879054798844076,0.00784087755765789,0.001670029315523704,0.001670029315523704,0.25,traj,3.140355304875646,-330.56966479612265,52.38252265440423,-0.014914393424987793,0.001564441547210175,0.0,0.75,1.0,0.0,0
182,216,9.1,0.0,47.55030822753906,326.5831298828125,179.78746032714844,-2.1870266209589317e-05,0.001564441547210175,0.75,0.0,0.032497696578502655,1.9764965772628784,0.01451919972896576,0.516850471496582,-0.00170830637216568,-0.007165864109992981,0.01045205444097519,-0.0455889031291008,0.01451919972896576,0.516850471496582,0.025416823104023933,9.688822746276855,1.3495505501826603,0.017879054798844076,0.00784087755765789,0.001670029315523704,0.001670029315523704,0.25,traj,3.140355304875646,-330.56966479612265,52.38252265440423,-0.014914393424987793,0.001564441547210175,0.0,0.75,1.0,0.0,0
183,217,9.15,0.0,47.35959243774414,326.5837707519531,179.79090881347656,-2.1870266209589317e-05,0.001564441547210175,0.75,0.0,0.032497696578502655,1.9764965772628784,0.01451919972896576,0.516850471496582,-0.00170830637216568,-0.007165864109992981,0.01045205444097519,-0.0455889031291008,0.01451919972896576,0.516850471496582,0.025416823104023933,9.688822746276855,1.3495505501826603,0.017879054798844076,0.00784087755765789,0.001670029315523704,0.001670029315523704,0.25,traj,3.140355304875646,-330.56966479612265,52.38252265440423,-0.014914393424987793,0.001564441547210175,0.0,0.75,1.0,0.0,0
184,218,9.2,0.0,47.16660690307617,326.5843811035156,179.7947540283203,3.755340337753296,0.0020872640690531084,0.0,0.0,0.030176542699337006,7.499615669250488,0.0322268009185791,5.833900451660156,0.023167729377746582,4.108668327331543,0.017008982598781586,2.066930055618286,0.017008982598781586,2.066930055618286,0.03018217533826828,13.88054084777832,3.6218132972717285,0.0052387272658645885,-0.0007836023073172102,0.0013842997352448369,0.0013842997352448369,0.0,traj,3.1424282352116446,-330.52843365309326,24.19091227967587,-0.004431307315826416,0.0020872640690531084,1.0,0.0,0.0,0.0,0
185,219,9.25,0.0,46.97175216674805,326.5847473144531,179.81068420410156,-2.7506616788741667e-06,0.0017317057652034016,0.75,0.0,0.03516487032175064,2.2715744972229004,0.013595715165138245,0.7114746570587158,-0.0017117857933044434,0.02536982297897339,0.010449819266796112,-0.03871671110391617,0.013595715165138245,0.7114746570587158,0.0254167839884758,9.68879222869873,1.54116985698541,0.012163856065340517,0.008801050372980127,0.001670029315523704,0.001670029315523704,0.25,traj,3.140355304875646,-330.56966479612265,52.382553171982394,-0.01670163869857788,0.0017317057652034016,0.0,0.75,1.0,0.0,0
186,220,9.3,0.0,46.77549362182617,326.58489990234375,179.8325958251953,-2.7506616788741667e-06,0.0017317057652034016,0.75,0.0,0.03516487032175064,2.2715744972229004,0.013595715165138245,0.7114746570587158,-0.0017117857933044434,0.02536982297897339,0.010449819266796112,-0.03871671110391617,0.013595715165138245,0.7114746570587158,0.0254167839884758,9.68879222869873,1.54116985698541,0.012163856065340517,0.008801050372980127,0.001670029315523704,0.001670029315523704,0.25,traj,3.140355304875646,-330.56966479612265,52.382553171982394,-0.01670163869857788,0.0017317057652034016,0.0,0.75,1.0,0.0,0
187,221,9.35,0.0,46.57822036743164,326.5849609375,179.85543823242188,-2.7506616788741667e-06,0.0017317057652034016,0.75,0.0,0.03516487032175064,2.2715744972229004,0.013595715165138245,0.7114746570587158,-0.0017117857933044434,0.02536982297897339,0.010449819266796112,-0.03871671110391617,0.013595715165138245,0.7114746570587158,0.0254167839884758,9.68879222869873,1.54116985698541,0.012163856065340517,0.008801050372980127,0.001670029315523704,0.001670029315523704,0.25,traj,3.140355304875646,-330.56966479612265,52.382553171982394,-0.01670163869857788,0.0017317057652034016,0.0,0.75,1.0,0.0,0
188,222,9.4,0.0,46.38009262084961,326.58489990234375,179.8784942626953,3.9743289947509766,0.002377598335197426,0.0,1.0,0.025765664875507355,7.030651569366455,0.030939742922782898,5.56667947769165,0.021864108741283417,4.019095420837402,0.016920827329158783,2.0817768573760986,0.021864108741283417,4.019095420837402,0.03167438879609108,13.09990119934082,3.2992777824401855,0.0034631816456243848,-0.0022499680311281697,0.0015392691384133485,0.0015392691384133485,0.0,traj,3.142329172292028,-330.5288914384232,24.971548114480097,0.010065793991088867,0.002377598335197426,1.0,0.0,0.0,1.0,0
189,223,9.45,0.0,46.18111038208008,326.585205078125,179.8801727294922,-2.6609159249346703e-06,0.0013956291530050782,0.75,0.0,0.03264562413096428,2.001990795135498,0.015198353677988052,0.5268049240112305,-0.002754122018814087,-0.008099377155303955,0.009346388280391693,-0.04950801283121109,0.015198353677988052,0.5268049240112305,0.0254167802631855,9.688788414001465,1.369090018173059,0.01836141793622853,0.00752904147655142,0.001670029315523704,0.001670029315523704,0.25,traj,3.140355304875646,-330.56966479612265,52.38255698667967,-0.020367860794067383,0.0013956291530050782,0.0,0.75,1.0,0.0,0
190,224,9.5,0.0,45.98042297363281,326.5858154296875,179.8711700439453,-2.6609159249346703e-06,0.0013956291530050782,0.75,0.0,0.03264562413096428,2.001990795135498,0.015198353677988052,0.5268049240112305,-0.002754122018814087,-0.008099377155303955,0.009346388280391693,-0.04950801283121109,0.015198353677988052,0.5268049240112305,0.0254167802631855,9.688788414001465,1.369090018173059,0.01836141793622853,0.00752904147655142,0.001670029315523704,0.001670029315523704,0.25,traj,3.140355304875646,-330.56966479612265,52.38255698667967,-0.020367860794067383,0.0013956291530050782,0.0,0.75,1.0,0.0,0
191,225,9.55,0.0,45.77727127075195,326.5865173339844,179.86048889160156,-2.6609159249346703e-06,0.0013956291530050782,0.75,0.0,0.03264562413096428,2.001990795135498,0.015198353677988052,0.5268049240112305,-0.002754122018814087,-0.008099377155303955,0.009346388280391693,-0.04950801283121109,0.015198353677988052,0.5268049240112305,0.0254167802631855,9.688788414001465,1.369090018173059,0.01836141793622853,0.00752904147655142,0.001670029315523704,0.001670029315523704,0.25,traj,3.140355304875646,-330.56966479612265,52.38255698667967,-0.020367860794067383,0.0013956291530050782,0.0,0.75,1.0,0.0,0
192,226,9.6,0.0,45.57112503051758,326.5872497558594,179.8494415283203,3.152479887008667,0.0016871672399906101,0.75,0.0,0.023553192615509033,7.7139153480529785,0.02470654994249344,5.978442668914795,0.019103676080703735,4.151451587677002,0.012106887996196747,1.9503345489501953,0.012106887996196747,1.9503345489501953,0.0156825240701437,12.371042251586914,3.8424006303151446,0.003951843735243408,-0.0004230442101313149,0.0008069969683972036,0.0008069969683972036,0.25,traj,3.1434703628208975,-330.5313024383132,25.700431858759682,-0.004061579704284668,0.0016871672399906101,1.0,0.75,0.0,0.0,0
193,227,9.65,0.0,45.36161422729492,326.5876770019531,179.85787963867188,-8.52325058531278e-07,0.002205661129447049,0.75,0.0,0.03797284513711929,2.070216178894043,0.015100017189979553,0.5789220929145813,-0.0004743337631225586,0.004066035151481628,0.011665038764476776,-0.04155724495649338,0.015100017189979553,0.5789220929145813,0.025416774675250053,9.6887845993042,1.4091647739211717,0.016601202296125467,0.009763424027034924,0.001670029315523704,0.001670029315523704,0.25,traj,3.140355304875646,-330.56966479612265,52.38256080137693,-0.016829609870910645,0.002205661129447049,0.0,0.75,1.0,0.0,0
194,228,9.7,0.0,45.147727966308594,326.5877990722656,179.8761749267578,-8.52325058531278e-07,0.002205661129447049,0.75,0.0,0.03797284513711929,2.070216178894043,0.015100017189979553,0.5789220929145813,-0.0004743337631225586,0.004066035151481628,0.011665038764476776,-0.04155724495649338,0.015100017189979553,0.5789220929145813,0.025416774675250053,9.6887845993042,1.4091647739211717,0.016601202296125467,0.009763424027034924,0.001670029315523704,0.001670029315523704,0.25,traj,3.140355304875646,-330.56966479612265,52.38256080137693,-0.016829609870910645,0.002205661129447049,0.0,0.75,1.0,0.0,0
195,229,9.75,0.0,44.92869186401367,326.58782958984375,179.89634704589844,-8.52325058531278e-07,0.002205661129447049,0.75,0.0,0.03797284513711929,2.070216178894043,0.015100017189979553,0.5789220929145813,-0.0004743337631225586,0.004066035151481628,0.011665038764476776,-0.04155724495649338,0.015100017189979553,0.5789220929145813,0.025416774675250053,9.6887845993042,1.4091647739211717,0.016601202296125467,0.009763424027034924,0.001670029315523704,0.001670029315523704,0.25,traj,3.140355304875646,-330.56966479612265,52.38256080137693,-0.016829609870910645,0.002205661129447049,0.0,0.75,1.0,0.0,0
196,230,9.8,0.0,44.70404052734375,326.5877380371094,179.91714477539062,3.000979423522949,0.0016338903415084333,0.75,0.0,0.017965536564588547,7.525854110717773,0.016719747334718704,5.807263374328613,0.010560985654592514,4.02193546295166,0.007497899234294891,1.8780698776245117,0.010560985654592514,4.02193546295166,0.013902935199439526,11.77961254119873,3.7651983102162676,0.001671698917320818,0.0004614652873853364,0.0007513688721569888,0.0007513688721569888,0.25,traj,3.1435809890416007,-330.5328894268242,26.291860616279656,-0.017443180084228516,0.0016338903415084333,1.0,0.75,0.0,0.0,0
197,231,9.85,0.0,44.47523880004883,326.58795166015625,179.9212188720703,-3.188450534707954e-07,0.0018763691718242715,0.75,0.0,0.03748249635100365,2.115549087524414,0.015448499470949173,0.6202610731124878,-0.0008728206157684326,0.014489784836769104,0.009956412017345428,-0.04233112186193466,0.015448499470949173,0.6202610731124878,0.025416774675250053,9.6887845993042,1.4395234361290932,0.015852689454082847,0.009380326305587987,0.001670029315523704,0.001670029315523704,0.25,traj,3.140355304875646,-330.56966479612265,52.38256080137693,-0.015687942504882812,0.0018763691718242715,0.0,0.75,1.0,0.0,0
198,232,9.9,0.0,44.24922180175781,326.58831787109375,179.91683959960938,-3.188450534707954e-07,0.0018763691718242715,0.75,0.0,0.03748249635100365,2.115549087524414,0.015448499470949173,0.6202610731124878,-0.0008728206157684326,0.014489784836769104,0.009956412017345428,-0.04233112186193466,0.015448499470949173,0.6202610731124878,0.025416774675250053,9.6887845993042,1.4395234361290932,0.015852689454082847,0.009380326305587987,0.001670029315523704,0.001670029315523704,0.25,traj,3.140355304875646,-330.56966479612265,52.38256080137693,-0.015687942504882812,0.0018763691718242715,0.0,0.75,1.0,0.0,0
199,233,9.95,0.0,44.03386306762695,326.5887756347656,179.9114532470703,-3.188450534707954e-07,0.0018763691718242715,0.75,0.0,0.03748249635100365,2.115549087524414,0.015448499470949173,0.6202610731124878,-0.0008728206157684326,0.014489784836769104,0.009956412017345428,-0.04233112186193466,0.015448499470949173,0.6202610731124878,0.025416774675250053,9.6887845993042,1.4395234361290932,0.015852689454082847,0.009380326305587987,0.001670029315523704,0.001670029315523704,0.25,traj,3.140355304875646,-330.56966479612265,52.38256080137693,-0.015687942504882812,0.0018763691718242715,0.0,0.75,1.0,0.0,0
200,234,10.0,0.0,43.83234786987305,326.5892333984375,179.90614318847656,3.4418864250183105,0.002306625554940608,0.0,1.0,0.02494461089372635,6.141224384307861,0.03268499672412872,5.310070991516113,0.02493857592344284,3.91546630859375,0.018190883100032806,1.9054714441299438,0.02493857592344284,3.91546630859375,0.025534214451909065,11.136296272277832,2.823881347974141,0.0040547519187382666,-0.0059285561361154815,0.0014596594890873109,0.0014596594890873109,0.0,traj,3.1426623622563223,-330.5327673504198,26.935159719939666,-0.0035622715950012207,0.002306625554940608,1.0,0.0,0.0,1.0,0
201,235,10.05,0.0,43.64308166503906,326.5900573730469,179.88082885742188,-8.786526706217046e-08,0.0019505990985415394,0.75,0.0,0.0341745987534523,2.3410630226135254,0.013269156217575073,0.7852288484573364,-0.0024321675300598145,0.04420928657054901,0.009506963193416595,-0.04119708389043808,0.013269156217575073,0.7852288484573364,0.025416774675250053,9.6887845993042,1.5889315555493035,0.01075683709631789,0.00855364574304411,0.001670029315523704,0.001670029315523704,0.25,traj,3.140355304875646,-330.56966479612265,52.38256080137693,-0.01595175266265869,0.0019505990985415394,0.0,0.75,1.0,0.0,0
202,236,10.1,0.0,43.457725524902344,326.59124755859375,179.8463134765625,-8.786526706217046e-08,0.0019505990985415394,0.75,0.0,0.0341745987534523,2.3410630226135254,0.013269156217575073,0.7852288484573364,-0.0024321675300598145,0.04420928657054901,0.009506963193416595,-0.04119708389043808,0.013269156217575073,0.7852288484573364,0.025416774675250053,9.6887845993042,1.5889315555493035,0.01075683709631789,0.00855364574304411,0.001670029315523704,0.001670029315523704,0.25,traj,3.140355304875646,-330.56966479612265,52.38256080137693,-0.01595175266265869,0.0019505990985415394,0.0,0.75,1.0,0.0,0
203,237,10.15,0.0,43.27189254760742,326.59259033203125,179.8106689453125,-8.786526706217046e-08,0.0019505990985415394,0.75,0.0,0.0341745987534523,2.3410630226135254,0.013269156217575073,0.7852288484573364,-0.0024321675300598145,0.04420928657054901,0.009506963193416595,-0.04119708389043808,0.013269156217575073,0.7852288484573364,0.025416774675250053,9.6887845993042,1.5889315555493035,0.01075683709631789,0.00855364574304411,0.001670029315523704,0.001670029315523704,0.25,traj,3.140355304875646,-330.56966479612265,52.38256080137693,-0.01595175266265869,0.0019505990985415394,0.0,0.75,1.0,0.0,0
204,238,10.2,0.0,43.083343505859375,326.5940856933594,179.7742462158203,2.902653694152832,0.0023336859106585527,0.0,0.0,-0.0005870833992958069,5.6682329177856445,0.016519486904144287,5.0714592933654785,0.016814984381198883,3.741243362426758,0.017764560878276825,1.6998224258422852,0.016814984381198883,3.741243362426758,0.025531921535730362,10.47727108001709,2.6457705895105996,0.0028612901977647055,-0.01824376666460236,0.0015513358059470379,0.0015513358059470379,0.0,traj,3.1426745216038565,-330.5333472121541,27.59418491309865,0.007684946060180664,0.0023336859106585527,1.0,0.0,0.0,0.0,0
205,239,10.25,0.0,42.890594482421875,326.5948486328125,179.77818298339844,-2.7377964784136566e-08,0.0022969039190219565,0.75,0.0,0.030370105057954788,2.0104806423187256,0.013873260468244553,0.5636171698570251,-0.001469448208808899,0.011187568306922913,0.006486944854259491,-0.040289513766765594,0.013873260468244553,0.5636171698570251,0.025416774675250053,9.6887845993042,1.3677922959129016,0.015667060090640055,0.007258262421455803,0.001670029315523704,0.001670029315523704,0.25,traj,3.140355304875646,-330.56966479612265,52.38256080137693,-0.01528388261795044,0.0022969039190219565,0.0,0.75,1.0,0.0,0
206,240,10.3,0.0,42.69265365600586,326.5950927734375,179.8020477294922,-2.7377964784136566e-08,0.0022969039190219565,0.75,0.0,0.030370105057954788,2.0104806423187256,0.013873260468244553,0.5636171698570251,-0.001469448208808899,0.011187568306922913,0.006486944854259491,-0.040289513766765594,0.013873260468244553,0.5636171698570251,0.025416774675250053,9.6887845993042,1.3677922959129016,0.015667060090640055,0.007258262421455803,0.001670029315523704,0.001670029315523704,0.25,traj,3.140355304875646,-330.56966479612265,52.38256080137693,-0.01528388261795044,0.0022969039190219565,0.0,0.75,1.0,0.0,0
207,241,10.35,0.0,42.48906707763672,326.5951843261719,179.82923889160156,-2.7377964784136566e-08,0.0022969039190219565,0.75,0.0,0.030370105057954788,2.0104806423187256,0.013873260468244553,0.5636171698570251,-0.001469448208808899,0.011187568306922913,0.006486944854259491,-0.040289513766765594,0.013873260468244553,0.5636171698570251,0.025416774675250053,9.6887845993042,1.3677922959129016,0.015667060090640055,0.007258262421455803,0.001670029315523704,0.001670029315523704,0.25,traj,3.140355304875646,-330.56966479612265,52.38256080137693,-0.01528388261795044,0.0022969039190219565,0.0,0.75,1.0,0.0,0
208,242,10.4,0.0,42.27947998046875,326.5951232910156,179.8576202392578,2.6773123741149902,0.0019025956752810435,0.75,0.0,0.009098779410123825,6.737076759338379,0.01196720078587532,5.441817283630371,0.012179385870695114,3.781923294067383,0.016782693564891815,1.7412508726119995,0.012179385870695114,3.781923294067383,0.01696336269378662,9.936714172363281,3.330555915832519,0.0020501672883303022,-0.0014097788722258237,0.0010868070513953927,0.0010868070513953927,0.25,traj,3.1434175531056265,-330.53511731131664,28.134756126603992,0.002985239028930664,0.0019025956752810435,1.0,0.75,0.0,0.0,0
209,243,10.45,0.0,42.06381607055664,326.59429931640625,179.91793823242188,-2.3665958082119687e-09,0.002621763368464611,0.75,0.0,0.03513208031654358,2.1780037879943848,0.01303141564130783,0.6862823963165283,-0.0017396807670593262,0.03133092820644379,0.007943324744701385,-0.03814049810171127,0.01303141564130783,0.6862823963165283,0.025416774675250053,9.6887845993042,1.47809736430645,0.012086978491682483,0.009431173269409192,0.001670029315523704,0.001670029315523704,0.25,traj,3.140355304875646,-330.56966479612265,52.38256080137693,-0.014127612113952637,0.002621763368464611,0.0,0.75,1.0,0.0,0
210,244,10.5,0.0,41.84199142456055,326.5928955078125,179.99505615234375,-2.3665958082119687e-09,0.002621763368464611,0.75,0.0,0.03513208031654358,2.1780037879943848,0.01303141564130783,0.6862823963165283,-0.0017396807670593262,0.03133092820644379,0.007943324744701385,-0.03814049810171127,0.01303141564130783,0.6862823963165283,0.025416774675250053,9.6887845993042,1.47809736430645,0.012086978491682483,0.009431173269409192,0.001670029315523704,0.001670029315523704,0.25,traj,3.140355304875646,-330.56966479612265,52.38256080137693,-0.014127612113952637,0.002621763368464611,0.0,0.75,1.0,0.0,0
211,245,10.55,0.0,41.614017486572266,326.5910339355469,-179.92369079589844,-2.3665958082119687e-09,0.002621763368464611,0.75,0.0,0.03513208031654358,2.1780037879943848,0.01303141564130783,0.6862823963165283,-0.0017396807670593262,0.03133092820644379,0.007943324744701385,-0.03814049810171127,0.01303141564130783,0.6862823963165283,0.025416774675250053,9.6887845993042,1.47809736430645,0.012086978491682483,0.009431173269409192,0.001670029315523704,0.001670029315523704,0.25,traj,3.140355304875646,-330.56966479612265,52.38256080137693,-0.014127612113952637,0.002621763368464611,0.0,0.75,1.0,0.0,0
212,246,10.6,0.0,41.379905700683594,326.5887756347656,-179.840087890625,2.915576219558716,0.0016549557832736146,0.75,0.0,0.015459686517715454,7.373989582061768,0.01503673940896988,5.779435157775879,0.01644343137741089,3.9362592697143555,0.016333691775798798,1.8261533975601196,0.01644343137741089,3.9362592697143555,0.011301098391413689,9.384407043457031,3.6985578536987305,0.0026594201622954397,0.00016882962694567894,0.0007666229613033505,0.0007666229613033505,0.25,traj,3.143926695981298,-330.53700948846557,28.687067070960296,0.00042319297790527344,0.0016549557832736146,1.0,0.75,0.0,0.0,0
213,247,10.65,0.0,41.13966751098633,326.58685302734375,-179.79110717773438,-1.0046120380025059e-08,0.0029537859787993163,0.75,0.0,0.03975905478000641,2.1087329387664795,0.01631089299917221,0.616369366645813,-0.0023613497614860535,0.014836445450782776,0.007265172898769379,-0.04437374323606491,0.01631089299917221,0.616369366645813,0.025416774675250053,9.6887845993042,1.436238706111908,0.016842839210762364,0.010001797629068368,0.001670029315523704,0.001670029315523704,0.25,traj,3.140355304875646,-330.56966479612265,52.38256080137693,-0.017886221408843994,0.0029537859787993163,0.0,0.75,1.0,0.0,0
214,248,10.7,0.0,40.893306732177734,326.585205078125,-179.76039123535156,-1.0046120380025059e-08,0.0029537859787993163,0.75,0.0,0.03975905478000641,2.1087329387664795,0.01631089299917221,0.616369366645813,-0.0023613497614860535,0.014836445450782776,0.007265172898769379,-0.04437374323606491,0.01631089299917221,0.616369366645813,0.025416774675250053,9.6887845993042,1.436238706111908,0.016842839210762364,0.010001797629068368,0.001670029315523704,0.001670029315523704,0.25,traj,3.140355304875646,-330.56966479612265,52.38256080137693,-0.017886221408843994,0.0029537859787993163,0.0,0.75,1.0,0.0,0
215,249,10.75,0.0,40.64085388183594,326.58343505859375,-179.73243713378906,-1.0046120380025059e-08,0.0029537859787993163,0.75,0.0,0.03975905478000641,2.1087329387664795,0.01631089299917221,0.616369366645813,-0.0023613497614860535,0.014836445450782776,0.007265172898769379,-0.04437374323606491,0.01631089299917221,0.616369366645813,0.025416774675250053,9.6887845993042,1.436238706111908,0.016842839210762364,0.010001797629068368,0.001670029315523704,0.001670029315523704,0.25,traj,3.140355304875646,-330.56966479612265,52.38256080137693,-0.017886221408843994,0.0029537859787993163,0.0,0.75,1.0,0.0,0
216,250,10.8,0.0,40.383750915527344,326.58160400390625,-179.704833984375,3.4093005657196045,0.001397927227069572,0.19819314479827882,0.0,-0.0064386166632175446,7.217432022094727,-0.009962137788534164,5.625304698944092,-0.007169414311647415,3.9415700435638428,0.009095720946788788,2.0128262042999268,-0.007169414311647415,3.9415700435638428,0.007643714081496,8.751188278198242,3.469787120819092,-0.001157972564824687,0.0014088884162568828,0.0005560254618946239,0.0005560254618946239,0.060486555099487305,traj,3.144258932271276,-330.53923737454005,29.32028583708215,-0.012351155281066895,0.001397927227069572,1.0,0.19819314479827882,0.0,0.0,0
217,251,10.85,0.0,40.12799072265625,326.5805358886719,-179.72149658203125,1.1456394943820669e-08,0.0032346632788553195,0.75,0.0,0.032722413539886475,2.2568836212158203,0.012717567384243011,0.729026198387146,-0.003037005662918091,0.03850848972797394,0.009075455367565155,-0.0410415455698967,0.012717567384243011,0.729026198387146,0.025416774675250053,9.6887845993042,1.532768502831459,0.011104417834080761,0.008335003798612925,0.001670029315523704,0.001670029315523704,0.25,traj,3.140355304875646,-330.56966479612265,52.38256080137693,-0.015121519565582275,0.0032346632788553195,0.0,0.75,1.0,0.0,0
218,252,10.9,0.0,39.872703552246094,326.5802307128906,-179.77024841308594,1.1456394943820669e-08,0.0032346632788553195,0.75,0.0,0.032722413539886475,2.2568836212158203,0.012717567384243011,0.729026198387146,-0.003037005662918091,0.03850848972797394,0.009075455367565155,-0.0410415455698967,0.012717567384243011,0.729026198387146,0.025416774675250053,9.6887845993042,1.532768502831459,0.011104417834080761,0.008335003798612925,0.001670029315523704,0.001670029315523704,0.25,traj,3.140355304875646,-330.56966479612265,52.38256080137693,-0.015121519565582275,0.0032346632788553195,0.0,0.75,1.0,0.0,0
219,253,10.95,0.0,39.615936279296875,326.5804138183594,-179.83126831054688,1.1456394943820669e-08,0.0032346632788553195,0.75,0.0,0.032722413539886475,2.2568836212158203,0.012717567384243011,0.729026198387146,-0.003037005662918091,0.03850848972797394,0.009075455367565155,-0.0410415455698967,0.012717567384243011,0.729026198387146,0.025416774675250053,9.6887845993042,1.532768502831459,0.011104417834080761,0.008335003798612925,0.001670029315523704,0.001670029315523704,0.25,traj,3.140355304875646,-330.56966479612265,52.38256080137693,-0.015121519565582275,0.0032346632788553195,0.0,0.75,1.0,0.0,0
220,254,11.0,0.0,39.356937408447266,326.5809326171875,-179.89572143554688,3.7419378757476807,0.002038567666183072,0.0,1.0,-0.011998813599348068,6.020254135131836,-0.011803064495325089,4.838017463684082,-0.00819334015250206,3.5691606998443604,0.014318026602268219,1.9564216136932373,-0.00819334015250206,3.5691606998443604,0.01379567850381136,8.029386520385742,2.709329843521118,-0.0014613847459548088,-0.00010536452273494404,0.0010937890225469612,0.0010937890225469612,0.0,traj,3.143614606061254,-330.5401834623235,30.04207996648391,-0.015355706214904785,0.002038567666183072,0.0,0.0,1.0,1.0,0
221,255,11.05,0.0,39.094276428222656,326.5813293457031,-179.94009399414062,-1.9063785272610545e-10,0.0031006691969004403,0.75,0.0,0.032182496041059494,2.235055923461914,0.012218330055475235,0.6945141553878784,-0.0036389008164405823,0.024748563766479492,0.008280836045742035,-0.04312825947999954,0.012218330055475235,0.6945141553878784,0.025416774675250053,9.6887845993042,1.5196932504574459,0.011198674444626936,0.008249626433987764,0.001670029315523704,0.001670029315523704,0.25,traj,3.140355304875646,-330.56966479612265,52.38256080137693,-0.0205380916595459,0.0031006691969004403,0.0,0.75,1.0,0.0,0
222,256,11.1,0.0,38.82771301269531,326.5816650390625,-179.96847534179688,-1.9063785272610545e-10,0.0031006691969004403,0.75,0.0,0.032182496041059494,2.235055923461914,0.012218330055475235,0.6945141553878784,-0.0036389008164405823,0.024748563766479492,0.008280836045742035,-0.04312825947999954,0.012218330055475235,0.6945141553878784,0.025416774675250053,9.6887845993042,1.5196932504574459,0.011198674444626936,0.008249626433987764,0.001670029315523704,0.001670029315523704,0.25,traj,3.140355304875646,-330.56966479612265,52.38256080137693,-0.0205380916595459,0.0031006691969004403,0.0,0.75,1.0,0.0,0
223,257,11.15,0.0,38.55626678466797,326.58203125,-179.99224853515625,-1.9063785272610545e-10,0.0031006691969004403,0.75,0.0,0.032182496041059494,2.235055923461914,0.012218330055475235,0.6945141553878784,-0.0036389008164405823,0.024748563766479492,0.008280836045742035,-0.04312825947999954,0.012218330055475235,0.6945141553878784,0.025416774675250053,9.6887845993042,1.5196932504574459,0.011198674444626936,0.008249626433987764,0.001670029315523704,0.001670029315523704,0.25,traj,3.140355304875646,-330.56966479612265,52.38256080137693,-0.0205380916595459,0.0031006691969004403,0.0,0.75,1.0,0.0,0
224,258,11.2,0.0,38.2800178527832,326.58245849609375,179.98553466796875,2.8866357803344727,0.0010307348343336095,0.0,1.0,-0.0046271756291389465,4.218440532684326,0.0017940402030944824,3.8155570030212402,0.0014187172055244446,3.0261380672454834,0.02109142392873764,1.5547455549240112,0.0017940402030944824,3.8155570030212402,0.02108004316687584,7.340260028839111,1.775918463865916,0.00029936213108370044,-0.01014566671166291,0.0018282620312956657,0.00029936213108370044,0.0,traj,3.1427995721485953,-330.5402750200223,30.73119358436652,0.01490795612335205,0.0010307348343336095,1.0,0.0,0.0,1.0,0
225,259,11.25,0.0,37.99830627441406,326.5823059082031,179.9990997314453,2.070154270228386e-09,0.002949956803995878,0.75,0.0,0.03008626028895378,2.165431499481201,0.012656230479478836,0.6677258610725403,-0.0035451576113700867,0.03287644684314728,0.006580017507076263,-0.04020213335752487,0.012656230479478836,0.6677258610725403,0.025416774675250053,9.6887845993042,1.4710933069388072,0.01206519777732922,0.007408526583196083,0.001670029315523704,0.001670029315523704,0.25,traj,3.140355304875646,-330.56966479612265,52.38256080137693,-0.011866390705108643,0.002949956803995878,0.0,0.75,1.0,0.0,0
226,260,11.3,0.0,37.711639404296875,326.58154296875,-179.96029663085938,2.070154270228386e-09,0.002949956803995878,0.75,0.0,0.03008626028895378,2.165431499481201,0.012656230479478836,0.6677258610725403,-0.0035451576113700867,0.03287644684314728,0.006580017507076263,-0.04020213335752487,0.012656230479478836,0.6677258610725403,0.025416774675250053,9.6887845993042,1.4710933069388072,0.01206519777732922,0.007408526583196083,0.001670029315523704,0.001670029315523704,0.25,traj,3.140355304875646,-330.56966479612265,52.38256080137693,-0.011866390705108643,0.002949956803995878,0.0,0.75,1.0,0.0,0
227,261,11.35,0.0,37.41968536376953,326.580322265625,-179.90965270996094,2.070154270228386e-09,0.002949956803995878,0.75,0.0,0.03008626028895378,2.165431499481201,0.012656230479478836,0.6677258610725403,-0.0035451576113700867,0.03287644684314728,0.006580017507076263,-0.04020213335752487,0.012656230479478836,0.6677258610725403,0.025416774675250053,9.6887845993042,1.4710933069388072,0.01206519777732922,0.007408526583196083,0.001670029315523704,0.001670029315523704,0.25,traj,3.140355304875646,-330.56966479612265,52.38256080137693,-0.011866390705108643,0.002949956803995878,0.0,0.75,1.0,0.0,0
228,262,11.4,0.0,37.12295150756836,326.57879638671875,-179.8555908203125,0.004615724086761475,0.0022491495130749508,0.75,0.0,0.013814549893140793,3.7217507362365723,0.02051599696278572,2.1958160400390625,0.015904467552900314,0.9202859401702881,0.006558530032634735,0.14596407115459442,0.02051599696278572,2.1958160400390625,0.01746637001633644,6.993675708770752,2.383910695711772,0.005947928574684245,-0.0027957760368029667,0.0015898884292622206,0.0015898884292622206,0.25,traj,3.143245176472936,-330.54119059068216,31.07778553430181,0.05294334888458252,0.0022491495130749508,1.0,0.75,0.0,0.0,0
229,263,11.45,0.0,36.821231842041016,326.5778503417969,-179.84811401367188,1.3299972234648294e-09,0.002856637921504502,0.75,0.0,0.025678042322397232,2.1204416751861572,0.012063276022672653,0.6256782412528992,-0.0033403635025024414,0.01595635712146759,0.006851129233837128,-0.040950559079647064,0.012063276022672653,0.6256782412528992,0.025416774675250053,9.6887845993042,1.4417027508219082,0.012272683746116054,0.005798347431860967,0.001670029315523704,0.001670029315523704,0.25,traj,3.140355304875646,-330.56966479612265,52.38256080137693,-0.01588296890258789,0.002856637921504502,0.0,0.75,1.0,0.0,0
230,264,11.5,0.0,36.51660919189453,326.5776062011719,-179.87738037109375,1.3299972234648294e-09,0.002856637921504502,0.75,0.0,0.025678042322397232,2.1204416751861572,0.012063276022672653,0.6256782412528992,-0.0033403635025024414,0.01595635712146759,0.006851129233837128,-0.040950559079647064,0.012063276022672653,0.6256782412528992,0.025416774675250053,9.6887845993042,1.4417027508219082,0.012272683746116054,0.005798347431860967,0.001670029315523704,0.001670029315523704,0.25,traj,3.140355304875646,-330.56966479612265,52.38256080137693,-0.01588296890258789,0.002856637921504502,0.0,0.75,1.0,0.0,0
231,265,11.55,0.0,36.21094512939453,326.5777587890625,-179.92019653320312,1.3299972234648294e-09,0.002856637921504502,0.75,0.0,0.025678042322397232,2.1204416751861572,0.012063276022672653,0.6256782412528992,-0.0033403635025024414,0.01595635712146759,0.006851129233837128,-0.040950559079647064,0.012063276022672653,0.6256782412528992,0.025416774675250053,9.6887845993042,1.4417027508219082,0.012272683746116054,0.005798347431860967,0.001670029315523704,0.001670029315523704,0.25,traj,3.140355304875646,-330.56966479612265,52.38256080137693,-0.01588296890258789,0.002856637921504502,0.0,0.75,1.0,0.0,0
232,266,11.6,0.0,35.906227111816406,326.57818603515625,-179.9671173095703,0.23228414356708527,0.0018731447533535948,0.75,0.0,0.03993265703320503,4.472890377044678,0.03824621066451073,2.4335012435913086,0.023696038872003555,0.8238805532455444,0.012987278401851654,0.07390608638525009,0.03824621066451073,2.4335012435913086,0.01534937135875225,6.973746299743652,2.9327515363693237,0.010004605595727153,0.0005264279754912354,0.001401223426188313,0.001401223426188313,0.25,traj,3.143540338673864,-330.54128214521694,31.097719234890505,0.060787081718444824,0.0018731447533535948,1.0,0.75,0.0,0.0,0
233,267,11.65,0.0,35.60307312011719,326.5785217285156,-179.99526977539062,2.315832192678613e-09,0.002589200441596575,0.75,0.0,0.023521721363067627,2.013840675354004,0.01084425300359726,0.5738930106163025,-0.003367885947227478,0.01556849479675293,0.006624273955821991,-0.04284391552209854,0.01084425300359726,0.5738930106163025,0.025416774675250053,9.6887845993042,1.3718464275201163,0.012028087082838819,0.005604749514386494,0.001670029315523704,0.001670029315523704,0.25,traj,3.140355304875646,-330.56966479612265,52.38256080137693,-0.014060556888580322,0.002589200441596575,0.0,0.75,1.0,0.0,0
234,268,11.7,0.0,35.30263137817383,326.5787048339844,179.99249267578125,2.315832192678613e-09,0.002589200441596575,0.75,0.0,0.023521721363067627,2.013840675354004,0.01084425300359726,0.5738930106163025,-0.003367885947227478,0.01556849479675293,0.006624273955821991,-0.04284391552209854,0.01084425300359726,0.5738930106163025,0.025416774675250053,9.6887845993042,1.3718464275201163,0.012028087082838819,0.005604749514386494,0.001670029315523704,0.001670029315523704,0.25,traj,3.140355304875646,-330.56966479612265,52.38256080137693,-0.014060556888580322,0.002589200441596575,0.0,0.75,1.0,0.0,0
235,269,11.75,0.0,35.004940032958984,326.578857421875,179.98635864257812,2.315832192678613e-09,0.002589200441596575,0.75,0.0,0.023521721363067627,2.013840675354004,0.01084425300359726,0.5738930106163025,-0.003367885947227478,0.01556849479675293,0.006624273955821991,-0.04284391552209854,0.01084425300359726,0.5738930106163025,0.025416774675250053,9.6887845993042,1.3718464275201163,0.012028087082838819,0.005604749514386494,0.001670029315523704,0.001670029315523704,0.25,traj,3.140355304875646,-330.56966479612265,52.38256080137693,-0.014060556888580322,0.002589200441596575,0.0,0.75,1.0,0.0,0
236,270,11.8,0.0,34.710811614990234,326.57904052734375,179.9825439453125,0.7722079157829285,0.001046084261537136,0.75,0.0,0.012950405478477478,5.826626777648926,0.03418969362974167,3.8681540489196777,0.02087976038455963,1.994474172592163,0.023150257766246796,0.5499768257141113,0.03418969362974167,3.8681540489196777,0.0075030578300356865,6.870743274688721,3.517876148223877,0.005626757901712091,-0.006903755367611746,0.0006952095389813282,0.0006952095389813282,0.25,traj,3.1445471803334097,-330.54241134998,31.200731319991842,0.057457566261291504,0.001046084261537136,1.0,0.75,0.0,0.0,0
237,271,11.85,0.0,34.41999816894531,326.5788879394531,179.99542236328125,-1.1897747231870426e-09,0.0027680190629357404,0.75,0.0,0.026078030467033386,1.9704266786575317,0.013118930160999298,0.5314967632293701,-0.0035766884684562683,0.003936663269996643,0.008211188018321991,-0.04486044496297836,0.013118930160999298,0.5314967632293701,0.025416774675250053,9.6887845993042,1.34467543164889,0.015710469737365028,0.005733308852764288,0.001670029315523704,0.001670029315523704,0.25,traj,3.140355304875646,-330.56966479612265,52.38256080137693,-0.021909654140472412,0.0027680190629357404,0.0,0.75,1.0,0.0,0
238,272,11.9,0.0,34.13308334350586,326.5783996582031,-179.97959899902344,-1.1897747231870426e-09,0.0027680190629357404,0.75,0.0,0.026078030467033386,1.9704266786575317,0.013118930160999298,0.5314967632293701,-0.0035766884684562683,0.003936663269996643,0.008211188018321991,-0.04486044496297836,0.013118930160999298,0.5314967632293701,0.025416774675250053,9.6887845993042,1.34467543164889,0.015710469737365028,0.005733308852764288,0.001670029315523704,0.001670029315523704,0.25,traj,3.140355304875646,-330.56966479612265,52.38256080137693,-0.021909654140472412,0.0027680190629357404,0.0,0.75,1.0,0.0,0
239,273,11.95,0.0,33.84964370727539,326.57769775390625,-179.94981384277344,-1.1897747231870426e-09,0.0027680190629357404,0.75,0.0,0.026078030467033386,1.9704266786575317,0.013118930160999298,0.5314967632293701,-0.0035766884684562683,0.003936663269996643,0.008211188018321991,-0.04486044496297836,0.013118930160999298,0.5314967632293701,0.025416774675250053,9.6887845993042,1.34467543164889,0.015710469737365028,0.005733308852764288,0.001670029315523704,0.001670029315523704,0.25,traj,3.140355304875646,-330.56966479612265,52.38256080137693,-0.021909654140472412,0.0027680190629357404,0.0,0.75,1.0,0.0,0
240,274,12.0,0.0,33.5701904296875,326.576904296875,-179.91893005371094,1.2782983779907227,-0.0004047674464840476,0.75,0.0,-0.06938913464546204,5.794158935546875,-0.03409998491406441,4.306794166564941,-0.021156158298254013,2.604714870452881,0.004638083279132843,0.9526677131652832,-0.021156158298254013,2.604714870452881,-0.006489558611065149,6.663862228393555,3.22810689608256,-0.0051706328112164,-0.015101576082433385,-0.0006199813312000159,-0.0006199813312000159,0.25,traj,3.1463264981892447,-330.54515805563153,31.407604260337283,-0.006022274494171143,-0.0004047674464840476,1.0,0.75,0.0,0.0,0
241,275,12.05,0.0,33.294212341308594,326.57623291015625,-179.90457153320312,-1.4347888210863857e-08,0.0025586879944356207,0.75,0.0,0.029545947909355164,2.0060179233551025,0.013701625168323517,0.5686713457107544,-0.0014762282371520996,0.011738806962966919,0.007673375308513641,-0.03912729769945145,0.013701625168323517,0.5686713457107544,0.025416774675250053,9.6887845993042,1.3641704966624577,0.015335795915894438,0.007017384416726686,0.001670029315523704,0.001670029315523704,0.25,traj,3.140355304875646,-330.56966479612265,52.38256080137693,-0.01871180534362793,0.0025586879944356207,0.0,0.75,1.0,0.0,0
242,276,12.1,0.0,33.021610260009766,326.57574462890625,-179.9031982421875,-1.4347888210863857e-08,0.0025586879944356207,0.75,0.0,0.029545947909355164,2.0060179233551025,0.013701625168323517,0.5686713457107544,-0.0014762282371520996,0.011738806962966919,0.007673375308513641,-0.03912729769945145,0.013701625168323517,0.5686713457107544,0.025416774675250053,9.6887845993042,1.3641704966624577,0.015335795915894438,0.007017384416726686,0.001670029315523704,0.001670029315523704,0.25,traj,3.140355304875646,-330.56966479612265,52.38256080137693,-0.01871180534362793,0.0025586879944356207,0.0,0.75,1.0,0.0,0
243,277,12.15,0.0,32.75052261352539,326.5753479003906,-179.9067840576172,-1.4347888210863857e-08,0.0025586879944356207,0.75,0.0,0.029545947909355164,2.0060179233551025,0.013701625168323517,0.5686713457107544,-0.0014762282371520996,0.011738806962966919,0.007673375308513641,-0.03912729769945145,0.013701625168323517,0.5686713457107544,0.025416774675250053,9.6887845993042,1.3641704966624577,0.015335795915894438,0.007017384416726686,0.001670029315523704,0.001670029315523704,0.25,traj,3.140355304875646,-330.56966479612265,52.38256080137693,-0.01871180534362793,0.0025586879944356207,0.0,0.75,1.0,0.0,0
244,278,12.2,0.0,32.479896545410156,326.57501220703125,-179.91204833984375,1.7944016456604004,-0.00021784509028587777,0.75,0.0,-0.05511276796460152,6.11781644821167,-0.04069475457072258,4.861367702484131,-0.021002817898988724,3.101940631866455,0.0012064948678016663,1.1944845914840698,-0.021002817898988724,3.101940631866455,-0.0045153056271374226,6.353568077087402,3.2824360529581704,-0.004310408430748683,-0.007304991035854607,-0.0004524140235623697,-0.0004524140235623697,0.25,traj,3.1460548202183585,-330.54637881492937,31.717897458392045,0.006783246994018555,-0.00021784509028587777,1.0,0.75,0.0,0.0,0
245,279,12.25,0.0,32.2079963684082,326.5745849609375,-179.91067504882812,-9.62857460429234e-10,0.002300600758910226,0.75,0.0,0.025322549045085907,1.7398799657821655,0.013226166367530823,0.39165040850639343,-0.002599753439426422,-0.014829248189926147,0.008360855281352997,-0.04357431083917618,0.013226166367530823,0.39165040850639343,0.025416774675250053,9.6887845993042,1.1905568254490693,0.021490707049965262,0.005711604029401804,0.001670029315523704,0.001670029315523704,0.25,traj,3.140355304875646,-330.56966479612265,52.38256080137693,-0.019593656063079834,0.002300600758910226,0.0,0.75,1.0,0.0,0
246,280,12.3,0.0,31.934343338012695,326.5740051269531,-179.90396118164062,-9.62857460429234e-10,0.002300600758910226,0.75,0.0,0.025322549045085907,1.7398799657821655,0.013226166367530823,0.39165040850639343,-0.002599753439426422,-0.014829248189926147,0.008360855281352997,-0.04357431083917618,0.013226166367530823,0.39165040850639343,0.025416774675250053,9.6887845993042,1.1905568254490693,0.021490707049965262,0.005711604029401804,0.001670029315523704,0.001670029315523704,0.25,traj,3.140355304875646,-330.56966479612265,52.38256080137693,-0.019593656063079834,0.002300600758910226,0.0,0.75,1.0,0.0,0
247,281,12.35,0.0,31.65777015686035,326.5733947753906,-179.895263671875,-9.62857460429234e-10,0.002300600758910226,0.75,0.0,0.025322549045085907,1.7398799657821655,0.013226166367530823,0.39165040850639343,-0.002599753439426422,-0.014829248189926147,0.008360855281352997,-0.04357431083917618,0.013226166367530823,0.39165040850639343,0.025416774675250053,9.6887845993042,1.1905568254490693,0.021490707049965262,0.005711604029401804,0.001670029315523704,0.001670029315523704,0.25,traj,3.140355304875646,-330.56966479612265,52.38256080137693,-0.019593656063079834,0.002300600758910226,0.0,0.75,1.0,0.0,0
248,282,12.4,0.0,31.37818717956543,326.57269287109375,-179.88592529296875,2.325439929962158,-0.0004485589197563689,0.20532908141613004,0.0,-0.019596142694354057,4.913440704345703,-0.010670190677046776,4.205843448638916,-0.0026551317423582077,2.994810104370117,0.01721460372209549,1.334824562072754,-0.0026551317423582077,2.994810104370117,-0.006400641985237598,5.939783096313477,2.385878562927246,-0.0005644291259505788,-0.008030129452737627,-0.0006860064931768058,-0.0005644291259505788,0.06043863296508789,traj,3.1463182727482657,-330.5485456635926,32.13167576400973,0.01840341091156006,-0.0004485589197563689,1.0,0.20532908141613004,0.0,0.0,0
249,283,12.45,0.0,31.094743728637695,326.5720520019531,-179.8823699951172,5.972165539880336e-10,0.0022216537327974183,0.75,0.0,0.027134515345096588,1.976702094078064,0.012359529733657837,0.5386108160018921,-0.0018304213881492615,0.0016739070415496826,0.008991442620754242,-0.042916037142276764,0.012359529733657837,0.5386108160018921,0.025416774675250053,9.6887845993042,1.3474506164590518,0.014605952257583186,0.006540409539687463,0.001670029315523704,0.001670029315523704,0.25,traj,3.140355304875646,-330.56966479612265,52.38256080137693,-0.017982125282287598,0.0022216537327974183,0.0,0.75,1.0,0.0,0
250,284,12.5,0.0,30.80752182006836,326.57147216796875,-179.88328552246094,5.972165539880336e-10,0.0022216537327974183,0.75,0.0,0.027134515345096588,1.976702094078064,0.012359529733657837,0.5386108160018921,-0.0018304213881492615,0.0016739070415496826,0.008991442620754242,-0.042916037142276764,0.012359529733657837,0.5386108160018921,0.025416774675250053,9.6887845993042,1.3474506164590518,0.014605952257583186,0.006540409539687463,0.001670029315523704,0.001670029315523704,0.25,traj,3.140355304875646,-330.56966479612265,52.38256080137693,-0.017982125282287598,0.0022216537327974183,0.0,0.75,1.0,0.0,0
251,285,12.55,0.0,30.515825271606445,326.5709228515625,-179.8857879638672,5.972165539880336e-10,0.0022216537327974183,0.75,0.0,0.027134515345096588,1.976702094078064,0.012359529733657837,0.5386108160018921,-0.0018304213881492615,0.0016739070415496826,0.008991442620754242,-0.042916037142276764,0.012359529733657837,0.5386108160018921,0.025416774675250053,9.6887845993042,1.3474506164590518,0.014605952257583186,0.006540409539687463,0.001670029315523704,0.001670029315523704,0.25,traj,3.140355304875646,-330.56966479612265,52.38256080137693,-0.017982125282287598,0.0022216537327974183,0.0,0.75,1.0,0.0,0
252,286,12.6,0.0,30.21990394592285,326.5704040527344,-179.88885498046875,2.6992411613464355,-0.001567634188844183,0.0,1.0,-0.00535375252366066,2.3012194633483887,-0.00485089048743248,1.9998127222061157,7.99819827079773e-06,1.9060754776000977,0.020949654281139374,1.4186956882476807,-0.00485089048743248,1.9998127222061157,-0.013199923560023308,5.430406093597412,0.5887331515550613,-0.001544181816893519,-0.0010621222434721747,-0.0015474451294969693,-0.001544181816893519,0.0,traj,3.147294239201818,-330.5524520911308,32.64102940239928,0.005864858627319336,-0.001567634188844183,1.0,0.0,0.0,1.0,0
253,287,12.65,0.0,29.919357299804688,326.57025146484375,-179.91270446777344,-6.593678936184233e-10,0.0021782037689835974,0.75,0.0,0.024868112057447433,1.808122992515564,0.012118581682443619,0.42592713236808777,-0.002093203365802765,-0.01130133867263794,0.010484211146831512,-0.04823949187994003,0.012118581682443619,0.42592713236808777,0.025416774675250053,9.6887845993042,1.2391565615932147,0.018108397372974948,0.005872113474897104,0.001670029315523704,0.001670029315523704,0.25,traj,3.140355304875646,-330.56966479612265,52.38256080137693,-0.027029454708099365,0.0021782037689835974,0.0,0.75,1.0,0.0,0
254,288,12.7,0.0,29.61590576171875,326.5705871582031,-179.9522705078125,-6.593678936184233e-10,0.0021782037689835974,0.75,0.0,0.024868112057447433,1.808122992515564,0.012118581682443619,0.42592713236808777,-0.002093203365802765,-0.01130133867263794,0.010484211146831512,-0.04823949187994003,0.012118581682443619,0.42592713236808777,0.025416774675250053,9.6887845993042,1.2391565615932147,0.018108397372974948,0.005872113474897104,0.001670029315523704,0.001670029315523704,0.25,traj,3.140355304875646,-330.56966479612265,52.38256080137693,-0.027029454708099365,0.0021782037689835974,0.0,0.75,1.0,0.0,0
255,289,12.75,0.0,29.310672760009766,326.5711975097656,-179.99798583984375,-6.593678936184233e-10,0.0021782037689835974,0.75,0.0,0.024868112057447433,1.808122992515564,0.012118581682443619,0.42592713236808777,-0.002093203365802765,-0.01130133867263794,0.010484211146831512,-0.04823949187994003,0.012118581682443619,0.42592713236808777,0.025416774675250053,9.6887845993042,1.2391565615932147,0.018108397372974948,0.005872113474897104,0.001670029315523704,0.001670029315523704,0.25,traj,3.140355304875646,-330.56966479612265,52.38256080137693,-0.027029454708099365,0.0021782037689835974,0.0,0.75,1.0,0.0,0
256,290,12.8,0.0,29.005136489868164,326.5721130371094,179.95458984375,1.0873469114303589,-0.0017627826541239868,0.0,1.0,0.00463356077671051,1.664557933807373,0.0018767639994621277,0.648053765296936,0.00679410994052887,0.307237833738327,0.004495672881603241,0.21940314769744873,0.0018767639994621277,0.648053765296936,-0.013176520355045795,4.963974475860596,0.9634827524423599,0.0018436679024235836,0.0017265681036532539,-0.0016898166281963463,-0.0016898166281963463,0.0,traj,3.14719815651444,-330.5555650275776,33.107452437702975,0.030963420867919922,-0.0017627826541239868,0.0,0.0,0.23724371194839478,1.0,0
257,291,12.85,0.0,28.699674606323242,326.57275390625,179.93380737304688,4.1919492876907327e-10,0.002207549392161342,0.75,0.0,0.028832118958234787,2.0734200477600098,0.012799087911844254,0.5990751385688782,-0.0019517317414283752,0.015690013766288757,0.007461272180080414,-0.040600769221782684,0.012799087911844254,0.5990751385688782,0.025416774675250053,9.6887845993042,1.4100506976246834,0.013599182373923307,0.006922748351226622,0.001670029315523704,0.001670029315523704,0.25,traj,3.140355304875646,-330.56966479612265,52.38256080137693,-0.01733875274658203,0.002207549392161342,0.0,0.75,1.0,0.0,0
258,292,12.9,0.0,28.39560890197754,326.5730895996094,179.93460083007812,4.1919492876907327e-10,0.002207549392161342,0.75,0.0,0.028832118958234787,2.0734200477600098,0.012799087911844254,0.5990751385688782,-0.0019517317414283752,0.015690013766288757,0.007461272180080414,-0.040600769221782684,0.012799087911844254,0.5990751385688782,0.025416774675250053,9.6887845993042,1.4100506976246834,0.013599182373923307,0.006922748351226622,0.001670029315523704,0.001670029315523704,0.25,traj,3.140355304875646,-330.56966479612265,52.38256080137693,-0.01733875274658203,0.002207549392161342,0.0,0.75,1.0,0.0,0
259,293,12.95,0.0,28.09320831298828,326.5732727050781,179.9435577392578,4.1919492876907327e-10,0.002207549392161342,0.75,0.0,0.028832118958234787,2.0734200477600098,0.012799087911844254,0.5990751385688782,-0.0019517317414283752,0.015690013766288757,0.007461272180080414,-0.040600769221782684,0.012799087911844254,0.5990751385688782,0.025416774675250053,9.6887845993042,1.4100506976246834,0.013599182373923307,0.006922748351226622,0.001670029315523704,0.001670029315523704,0.25,traj,3.140355304875646,-330.56966479612265,52.38256080137693,-0.01733875274658203,0.002207549392161342,0.0,0.75,1.0,0.0,0
260,294,13.0,0.0,27.793405532836914,326.5733642578125,179.95541381835938,-0.0002576731494627893,-0.0017569029996134674,0.75,0.0,0.02786114439368248,2.823338270187378,0.011487249284982681,1.2028264999389648,0.003375586122274399,0.1502702832221985,-0.003565974533557892,-0.02736944705247879,0.011487249284982681,1.2028264999389648,-0.013226225972175598,4.946014404296875,1.9006382127602897,0.006079675334674713,0.006432264877828928,-0.001702338641674703,-0.001702338641674703,0.25,traj,3.1472038785603385,-330.55568710556395,33.125412032454015,0.0434950590133667,-0.0017569029996134674,0.0,0.75,1.0,0.0,0
261,295,13.05,0.0,27.496129989624023,326.573974609375,179.9366912841797,-4.3144207650946953e-10,0.002157713201473559,0.75,0.0,0.02269682288169861,1.8047977685928345,0.012341834604740143,0.43180713057518005,-0.001436084508895874,-0.013187766075134277,0.009367190301418304,-0.04867773503065109,0.012341834604740143,0.43180713057518005,0.025416774675250053,9.6887845993042,1.236890365680059,0.018190814988959768,0.004801215704029882,0.001670029315523704,0.001670029315523704,0.25,traj,3.140355304875646,-330.56966479612265,52.38256080137693,-0.02731984853744507,0.002157713201473559,0.0,0.75,1.0,0.0,0
262,296,13.1,0.0,27.20222282409668,326.57513427734375,179.8944549560547,-4.3144207650946953e-10,0.002157713201473559,0.75,0.0,0.02269682288169861,1.8047977685928345,0.012341834604740143,0.43180713057518005,-0.001436084508895874,-0.013187766075134277,0.009367190301418304,-0.04867773503065109,0.012341834604740143,0.43180713057518005,0.025416774675250053,9.6887845993042,1.236890365680059,0.018190814988959768,0.004801215704029882,0.001670029315523704,0.001670029315523704,0.25,traj,3.140355304875646,-330.56966479612265,52.38256080137693,-0.02731984853744507,0.002157713201473559,0.0,0.75,1.0,0.0,0
263,297,13.15,0.0,26.91151237487793,326.5766296386719,179.84278869628906,-4.3144207650946953e-10,0.002157713201473559,0.75,0.0,0.02269682288169861,1.8047977685928345,0.012341834604740143,0.43180713057518005,-0.001436084508895874,-0.013187766075134277,0.009367190301418304,-0.04867773503065109,0.012341834604740143,0.43180713057518005,0.025416774675250053,9.6887845993042,1.236890365680059,0.018190814988959768,0.004801215704029882,0.001670029315523704,0.001670029315523704,0.25,traj,3.140355304875646,-330.56966479612265,52.38256080137693,-0.02731984853744507,0.002157713201473559,0.0,0.75,1.0,0.0,0
264,298,13.2,0.0,26.624671936035156,326.5784606933594,179.7888946533203,-9.758993110153824e-05,-0.0017918436860863138,0.75,0.0,0.03197091072797775,2.745086193084717,0.012862741947174072,1.179225206375122,0.001805528998374939,0.15555700659751892,0.0018154308199882507,-0.03245427459478378,0.012862741947174072,1.179225206375122,-0.013225039467215538,4.945697784423828,1.851811170578003,0.006943846046662883,0.0077682498794834215,-0.001702338641674703,-0.001702338641674703,0.25,traj,3.147203997769628,-330.55568710556395,33.12572865232749,0.04286181926727295,-0.0017918436860863138,0.0,0.75,1.0,0.0,0
265,299,13.25,0.0,26.341310501098633,326.5806884765625,179.72787475585938,-8.502705761692653e-10,0.0020648695863119296,0.75,0.0,0.023964613676071167,2.0591626167297363,0.01007465273141861,0.5917174816131592,-0.0026225298643112183,0.014701098203659058,0.008420281112194061,-0.041999198496341705,0.01007465273141861,0.5917174816131592,0.025416774675250053,9.6887845993042,1.4016216744979222,0.010838116347441041,0.006025716840231613,0.001670029315523704,0.001670029315523704,0.25,traj,3.140355304875646,-330.56966479612265,52.38256080137693,-0.022513866424560547,0.0020648695863119296,0.0,0.75,1.0,0.0,0
266,300,13.3,0.0,26.06141471862793,326.5832214355469,179.66322326660156,-8.502705761692653e-10,0.0020648695863119296,0.75,0.0,0.023964613676071167,2.0591626167297363,0.01007465273141861,0.5917174816131592,-0.0026225298643112183,0.014701098203659058,0.008420281112194061,-0.041999198496341705,0.01007465273141861,0.5917174816131592,0.025416774675250053,9.6887845993042,1.4016216744979222,0.010838116347441041,0.006025716840231613,0.001670029315523704,0.001670029315523704,0.25,traj,3.140355304875646,-330.56966479612265,52.38256080137693,-0.022513866424560547,0.0020648695863119296,0.0,0.75,1.0,0.0,0
267,301,13.35,0.0,25.783164978027344,326.5861511230469,179.5963134765625,-8.502705761692653e-10,0.0020648695863119296,0.75,0.0,0.023964613676071167,2.0591626167297363,0.01007465273141861,0.5917174816131592,-0.0026225298643112183,0.014701098203659058,0.008420281112194061,-0.041999198496341705,0.01007465273141861,0.5917174816131592,0.025416774675250053,9.6887845993042,1.4016216744979222,0.010838116347441041,0.006025716840231613,0.001670029315523704,0.001670029315523704,0.25,traj,3.140355304875646,-330.56966479612265,52.38256080137693,-0.022513866424560547,0.0020648695863119296,0.0,0.75,1.0,0.0,0
268,302,13.4,0.0,25.50553321838379,326.58941650390625,179.52960205078125,-3.630060746218078e-05,-0.0019088846693387906,0.75,0.0,0.0360792875289917,2.9066662788391113,0.0158572718501091,1.2745593786239624,0.0042166635394096375,0.1765672266483307,0.005497388541698456,-0.029129229485988617,0.0158572718501091,1.2745593786239624,-0.01322507206350565,4.945598602294922,1.9573242962360382,0.00792003186103926,0.007887398735004755,-0.001702338641674703,-0.001702338641674703,0.25,traj,3.1472041169789176,-330.55568710556395,33.12582783445653,0.04627525806427002,-0.0019088846693387906,0.0,0.75,1.0,0.0,0
269,303,13.45,0.0,25.226783752441406,326.5919189453125,179.51922607421875,-2.033419127522862e-10,0.002144273381325482,0.75,0.0,0.02762974426150322,1.9465649127960205,0.014378402382135391,0.5120757818222046,-0.0019437521696090698,-0.0005749166011810303,0.009245477616786957,-0.043612249195575714,0.014378402382135391,0.5120757818222046,0.025416774675250053,9.6887845993042,1.327952653169632,0.0178707067898585,0.005880689156855009,0.001670029315523704,0.001670029315523704,0.25,traj,3.140355304875646,-330.56966479612265,52.38256080137693,-0.025584697723388672,0.002144273381325482,0.0,0.75,1.0,0.0,0
270,304,13.5,0.0,24.94622802734375,326.5936584472656,179.5521240234375,-2.033419127522862e-10,0.002144273381325482,0.75,0.0,0.02762974426150322,1.9465649127960205,0.014378402382135391,0.5120757818222046,-0.0019437521696090698,-0.0005749166011810303,0.009245477616786957,-0.043612249195575714,0.014378402382135391,0.5120757818222046,0.025416774675250053,9.6887845993042,1.327952653169632,0.0178707067898585,0.005880689156855009,0.001670029315523704,0.001670029315523704,0.25,traj,3.140355304875646,-330.56966479612265,52.38256080137693,-0.025584697723388672,0.002144273381325482,0.0,0.75,1.0,0.0,0
271,305,13.55,0.0,24.66249656677246,326.5949401855469,179.6012420654297,-2.033419127522862e-10,0.002144273381325482,0.75,0.0,0.02762974426150322,1.9465649127960205,0.014378402382135391,0.5120757818222046,-0.0019437521696090698,-0.0005749166011810303,0.009245477616786957,-0.043612249195575714,0.014378402382135391,0.5120757818222046,0.025416774675250053,9.6887845993042,1.327952653169632,0.0178707067898585,0.005880689156855009,0.001670029315523704,0.001670029315523704,0.25,traj,3.140355304875646,-330.56966479612265,52.38256080137693,-0.025584697723388672,0.002144273381325482,0.0,0.75,1.0,0.0,0
272,306,13.6,0.0,24.375333786010742,326.59588623046875,179.65562438964844,-1.2199496268294752e-05,-0.001825920638220369,0.75,0.0,0.026814725250005722,2.71859073638916,0.010674763470888138,1.1419730186462402,0.001330297440290451,0.1373797059059143,0.0038094446063041687,-0.0339440181851387,0.010674763470888138,1.1419730186462402,-0.013224815018475056,4.945552825927734,1.8351191679636638,0.0059507365413430284,0.006516883332546307,-0.001702338641674703,-0.001702338641674703,0.25,traj,3.1472041169789176,-330.55568710556395,33.12587361082379,0.04122579097747803,-0.001825920638220369,0.0,0.75,1.0,0.0,0
273,307,13.65,0.0,24.083927154541016,326.59661865234375,179.7064971923828,-3.015155625174515e-10,0.0022016113964516623,0.75,0.0,0.02750590071082115,2.1952829360961914,0.01140541210770607,0.681591808795929,-0.002754688262939453,0.02896517515182495,0.01020803302526474,-0.039270974695682526,0.01140541210770607,0.681591808795929,0.025416774675250053,9.6887845993042,1.4906756728887558,0.010651879856072027,0.006771194042643115,0.001670029315523704,0.001670029315523704,0.25,traj,3.140355304875646,-330.56966479612265,52.38256080137693,-0.01975572109222412,0.0022016113964516623,0.0,0.75,1.0,0.0,0
274,308,13.7,0.0,23.78993797302246,326.5971984863281,179.75315856933594,-3.015155625174515e-10,0.0022016113964516623,0.75,0.0,0.02750590071082115,2.1952829360961914,0.01140541210770607,0.681591808795929,-0.002754688262939453,0.02896517515182495,0.01020803302526474,-0.039270974695682526,0.01140541210770607,0.681591808795929,0.025416774675250053,9.6887845993042,1.4906756728887558,0.010651879856072027,0.006771194042643115,0.001670029315523704,0.001670029315523704,0.25,traj,3.140355304875646,-330.56966479612265,52.38256080137693,-0.01975572109222412,0.0022016113964516623,0.0,0.75,1.0,0.0,0
275,309,13.75,0.0,23.495019912719727,326.59759521484375,179.79884338378906,-3.015155625174515e-10,0.0022016113964516623,0.75,0.0,0.02750590071082115,2.1952829360961914,0.01140541210770607,0.681591808795929,-0.002754688262939453,0.02896517515182495,0.01020803302526474,-0.039270974695682526,0.01140541210770607,0.681591808795929,0.025416774675250053,9.6887845993042,1.4906756728887558,0.010651879856072027,0.006771194042643115,0.001670029315523704,0.001670029315523704,0.25,traj,3.140355304875646,-330.56966479612265,52.38256080137693,-0.01975572109222412,0.0022016113964516623,0.0,0.75,1.0,0.0,0
276,310,13.8,0.0,23.201061248779297,326.5977478027344,179.84353637695312,-4.320902462495724e-06,-0.001755344862709058,0.75,0.0,0.03911386430263519,3.043914318084717,0.020092256367206573,1.3763065338134766,0.005192264914512634,0.21545106172561646,0.004905812442302704,-0.020521022379398346,0.020092256367206573,1.3763065338134766,-0.013224750757217407,4.9455413818359375,2.0430930952231092,0.009293127557184156,0.00726129806108692,-0.001702338641674703,-0.001702338641674703,0.25,traj,3.1472041169789176,-330.55568710556395,33.1258850549156,0.0399627685546875,-0.001755344862709058,0.0,0.75,1.0,0.0,0
277,311,13.85,0.0,22.90862274169922,326.5982666015625,179.85699462890625,6.284685549751146e-10,0.0021670506392513977,0.75,0.0,0.026427458971738815,1.9939227104187012,0.01226261630654335,0.5322067737579346,-0.0031320974230766296,-0.0020089447498321533,0.009033255279064178,-0.047062017023563385,0.01226261630654335,0.5322067737579346,0.025416774675250053,9.6887845993042,1.3619258105754852,0.014665830249306965,0.006168999030820325,0.001670029315523704,0.001670029315523704,0.25,traj,3.140355304875646,-330.56966479612265,52.38256080137693,-0.02570509910583496,0.0021670506392513977,0.0,0.75,1.0,0.0,0
278,312,13.9,0.0,22.61886978149414,326.59918212890625,179.84629821777344,6.284685549751146e-10,0.0021670506392513977,0.75,0.0,0.026427458971738815,1.9939227104187012,0.01226261630654335,0.5322067737579346,-0.0031320974230766296,-0.0020089447498321533,0.009033255279064178,-0.047062017023563385,0.01226261630654335,0.5322067737579346,0.025416774675250053,9.6887845993042,1.3619258105754852,0.014665830249306965,0.006168999030820325,0.001670029315523704,0.001670029315523704,0.25,traj,3.140355304875646,-330.56966479612265,52.38256080137693,-0.02570509910583496,0.0021670506392513977,0.0,0.75,1.0,0.0,0
279,313,13.95,0.0,22.331850051879883,326.600341796875,179.82632446289062,6.284685549751146e-10,0.0021670506392513977,0.75,0.0,0.026427458971738815,1.9939227104187012,0.01226261630654335,0.5322067737579346,-0.0031320974230766296,-0.0020089447498321533,0.009033255279064178,-0.047062017023563385,0.01226261630654335,0.5322067737579346,0.025416774675250053,9.6887845993042,1.3619258105754852,0.014665830249306965,0.006168999030820325,0.001670029315523704,0.001670029315523704,0.25,traj,3.140355304875646,-330.56966479612265,52.38256080137693,-0.02570509910583496,0.0021670506392513977,0.0,0.75,1.0,0.0,0
280,314,14.0,0.0,22.048385620117188,326.60162353515625,179.8035430908203,-1.5178367220869404e-06,-0.0017652457910934225,0.75,0.0,0.03223125636577606,2.6493210792541504,0.01391715556383133,1.0869996547698975,0.0008673220872879028,0.12389738112688065,0.0025708600878715515,-0.031911157071590424,0.01391715556383133,1.0869996547698975,-0.013224729336798191,4.945537567138672,1.78762490550677,0.008150361018050247,0.007462333295657628,-0.001702338641674703,-0.001702338641674703,0.25,traj,3.1472041169789176,-330.55568710556395,33.125888869612865,0.046874165534973145,-0.0017652457910934225,0.0,0.75,1.0,0.0,0
281,315,14.05,0.0,21.768207550048828,326.6026611328125,179.79827880859375,-6.417266718017345e-10,0.002226632656111142,0.75,0.0,0.02881966531276703,2.0551772117614746,0.011729024350643158,0.586853563785553,-0.0016584023833274841,0.014213845133781433,0.008214704692363739,-0.04276270419359207,0.011729024350643158,0.586853563785553,0.025416774675250053,9.6887845993042,1.3993633737166724,0.012721958411521335,0.007409664948057752,0.001670029315523704,0.001670029315523704,0.25,traj,3.140355304875646,-330.56966479612265,52.38256080137693,-0.01749211549758911,0.002226632656111142,0.0,0.75,1.0,0.0,0
282,316,14.1,0.0,21.49166488647461,326.6034240722656,179.80690002441406,-6.417266718017345e-10,0.002226632656111142,0.75,0.0,0.02881966531276703,2.0551772117614746,0.011729024350643158,0.586853563785553,-0.0016584023833274841,0.014213845133781433,0.008214704692363739,-0.04276270419359207,0.011729024350643158,0.586853563785553,0.025416774675250053,9.6887845993042,1.3993633737166724,0.012721958411521335,0.007409664948057752,0.001670029315523704,0.001670029315523704,0.25,traj,3.140355304875646,-330.56966479612265,52.38256080137693,-0.01749211549758911,0.002226632656111142,0.0,0.75,1.0,0.0,0
283,317,14.15,0.0,21.21807289123535,326.60406494140625,179.8208770751953,-6.417266718017345e-10,0.002226632656111142,0.75,0.0,0.02881966531276703,2.0551772117614746,0.011729024350643158,0.586853563785553,-0.0016584023833274841,0.014213845133781433,0.008214704692363739,-0.04276270419359207,0.011729024350643158,0.586853563785553,0.025416774675250053,9.6887845993042,1.3993633737166724,0.012721958411521335,0.007409664948057752,0.001670029315523704,0.001670029315523704,0.25,traj,3.140355304875646,-330.56966479612265,52.38256080137693,-0.01749211549758911,0.002226632656111142,0.0,0.75,1.0,0.0,0
284,318,14.2,0.0,20.947765350341797,326.6046142578125,179.83648681640625,-5.011210646443942e-07,-0.0017088056612518836,0.75,0.0,0.03861572593450546,2.903337001800537,0.016468554735183716,1.2487263679504395,0.002322465181350708,0.160952627658844,0.00559496134519577,-0.02595224231481552,0.016468554735183716,1.2487263679504395,-0.013224707916378975,4.945533752441406,1.9530387818813324,0.008395413027272149,0.008520709053046494,-0.001702338641674703,-0.001702338641674703,0.25,traj,3.1472041169789176,-330.55568710556395,33.125892684310145,0.04509556293487549,-0.0017088056612518836,0.0,0.75,1.0,0.0,0
285,319,14.25,0.0,20.680089950561523,326.6046447753906,179.87332153320312,5.720912632511954e-10,0.002289589924785735,0.75,0.0,0.028190966695547104,1.943916916847229,0.01339087262749672,0.5088851451873779,-0.0018587186932563782,-0.003823712468147278,0.00697316974401474,-0.04692690819501877,0.01339087262749672,0.5088851451873779,0.025416774675250053,9.6887845993042,1.3280282467603683,0.016748203145262295,0.006565529457634954,0.001670029315523704,0.001670029315523704,0.25,traj,3.140355304875646,-330.56966479612265,52.38256080137693,-0.022621333599090576,0.002289589924785735,0.0,0.75,1.0,0.0,0
286,320,14.3,0.0,20.414817810058594,326.6042175292969,179.92503356933594,5.720912632511954e-10,0.002289589924785735,0.75,0.0,0.028190966695547104,1.943916916847229,0.01339087262749672,0.5088851451873779,-0.0018587186932563782,-0.003823712468147278,0.00697316974401474,-0.04692690819501877,0.01339087262749672,0.5088851451873779,0.025416774675250053,9.6887845993042,1.3280282467603683,0.016748203145262295,0.006565529457634954,0.001670029315523704,0.001670029315523704,0.25,traj,3.140355304875646,-330.56966479612265,52.38256080137693,-0.022621333599090576,0.002289589924785735,0.0,0.75,1.0,0.0,0
287,321,14.35,0.0,20.150121688842773,326.6034240722656,179.98306274414062,5.720912632511954e-10,0.002289589924785735,0.75,0.0,0.028190966695547104,1.943916916847229,0.01339087262749672,0.5088851451873779,-0.0018587186932563782,-0.003823712468147278,0.00697316974401474,-0.04692690819501877,0.01339087262749672,0.5088851451873779,0.025416774675250053,9.6887845993042,1.3280282467603683,0.016748203145262295,0.006565529457634954,0.001670029315523704,0.001670029315523704,0.25,traj,3.140355304875646,-330.56966479612265,52.38256080137693,-0.022621333599090576,0.002289589924785735,0.0,0.75,1.0,0.0,0
288,322,14.4,0.0,19.885169982910156,326.6023254394531,-179.95751953125,-1.6652182921461645e-07,-0.0016437481094075123,0.75,0.0,0.03374452143907547,2.518099784851074,0.01394742727279663,1.0341618061065674,-0.0005202591419219971,0.13103044033050537,0.003178320825099945,-0.023077361285686493,0.01394742727279663,1.0341618061065674,-0.013224707916378975,4.945533752441406,1.6943129897117615,0.00858536817718928,0.008492553495467884,-0.001702338641674703,-0.001702338641674703,0.25,traj,3.1472041169789176,-330.55568710556395,33.125892684310145,0.04188811779022217,-0.0016437481094075123,0.0,0.75,1.0,0.0,0
289,323,14.45,0.0,19.61856460571289,326.6012878417969,-179.91685485839844,6.779642819365606e-11,0.002360009175128566,0.75,0.0,0.024738267064094543,2.05916166305542,0.010858781635761261,0.6015794277191162,-0.00235670804977417,0.017846792936325073,0.007993869483470917,-0.042297132313251495,0.010858781635761261,0.6015794277191162,0.025416774675250053,9.6887845993042,1.4017057518164318,0.011490019958223371,0.006061916842832681,0.001670029315523704,0.001670029315523704,0.25,traj,3.140355304875646,-330.56966479612265,52.38256080137693,-0.02077174186706543,0.002360009175128566,0.0,0.75,1.0,0.0,0
290,324,14.5,0.0,19.351266860961914,326.6003723144531,-179.89100646972656,6.779642819365606e-11,0.002360009175128566,0.75,0.0,0.024738267064094543,2.05916166305542,0.010858781635761261,0.6015794277191162,-0.00235670804977417,0.017846792936325073,0.007993869483470917,-0.042297132313251495,0.010858781635761261,0.6015794277191162,0.025416774675250053,9.6887845993042,1.4017057518164318,0.011490019958223371,0.006061916842832681,0.001670029315523704,0.001670029315523704,0.25,traj,3.140355304875646,-330.56966479612265,52.38256080137693,-0.02077174186706543,0.002360009175128566,0.0,0.75,1.0,0.0,0
291,325,14.55,0.0,19.08412742614746,326.5994567871094,-179.8699951171875,6.779642819365606e-11,0.002360009175128566,0.75,0.0,0.024738267064094543,2.05916166305542,0.010858781635761261,0.6015794277191162,-0.00235670804977417,0.017846792936325073,0.007993869483470917,-0.042297132313251495,0.010858781635761261,0.6015794277191162,0.025416774675250053,9.6887845993042,1.4017057518164318,0.011490019958223371,0.006061916842832681,0.001670029315523704,0.001670029315523704,0.25,traj,3.140355304875646,-330.56966479612265,52.38256080137693,-0.02077174186706543,0.002360009175128566,0.0,0.75,1.0,0.0,0
292,326,14.6,0.0,18.818544387817383,326.5984802246094,-179.8509063720703,-4.2935432986723754e-08,-0.0015549584961095007,0.75,0.0,0.037704892456531525,2.8150200843811035,0.015962868928909302,1.1942908763885498,0.002121172845363617,0.14875131845474243,0.008474849164485931,-0.02767237275838852,0.015962868928909302,1.1942908763885498,-0.013224707916378975,4.945533752441406,1.895362913608551,0.008508566494522026,0.008539681800740972,-0.001702338641674703,-0.001702338641674703,0.25,traj,3.1472041169789176,-330.55568710556395,33.125892684310145,0.04315590858459473,-0.0015549584961095007,0.0,0.75,1.0,0.0,0
293,327,14.65,0.0,18.55470848083496,326.59716796875,-179.8216094970703,1.803793558963207e-09,0.002494174011812696,0.75,0.0,0.0261508971452713,1.8628112077713013,0.012418858706951141,0.46175312995910645,-0.003123953938484192,-0.007758691906929016,0.00836404412984848,-0.04602362960577011,0.012418858706951141,0.46175312995910645,0.025416774675250053,9.6887845993042,1.273897685110569,0.017117792270350762,0.006239425870262234,0.001670029315523704,0.001670029315523704,0.25,traj,3.140355304875646,-330.56966479612265,52.38256080137693,-0.027447283267974854,0.002494174011812696,0.0,0.75,1.0,0.0,0
294,328,14.7,0.0,18.29360580444336,326.59564208984375,-179.78524780273438,1.803793558963207e-09,0.002494174011812696,0.75,0.0,0.0261508971452713,1.8628112077713013,0.012418858706951141,0.46175312995910645,-0.003123953938484192,-0.007758691906929016,0.00836404412984848,-0.04602362960577011,0.012418858706951141,0.46175312995910645,0.025416774675250053,9.6887845993042,1.273897685110569,0.017117792270350762,0.006239425870262234,0.001670029315523704,0.001670029315523704,0.25,traj,3.140355304875646,-330.56966479612265,52.38256080137693,-0.027447283267974854,0.002494174011812696,0.0,0.75,1.0,0.0,0
295,329,14.75,0.0,18.035114288330078,326.59393310546875,-179.7458953857422,1.803793558963207e-09,0.002494174011812696,0.75,0.0,0.0261508971452713,1.8628112077713013,0.012418858706951141,0.46175312995910645,-0.003123953938484192,-0.007758691906929016,0.00836404412984848,-0.04602362960577011,0.012418858706951141,0.46175312995910645,0.025416774675250053,9.6887845993042,1.273897685110569,0.017117792270350762,0.006239425870262234,0.001670029315523704,0.001670029315523704,0.25,traj,3.140355304875646,-330.56966479612265,52.38256080137693,-0.027447283267974854,0.002494174011812696,0.0,0.75,1.0,0.0,0
296,330,14.8,0.0,17.77999496459961,326.59197998046875,-179.7064971923828,-1.6997022456166633e-08,-0.001418063006713443,0.75,0.0,0.0409863255918026,2.576072931289673,0.017232153564691544,1.02378249168396,0.0004028342664241791,0.10465721040964127,0.005612455308437347,-0.027206383645534515,0.017232153564691544,1.02378249168396,-0.013224707916378975,4.945533752441406,1.7358119388421378,0.01071448992346381,0.009741187966736993,-0.001702338641674703,-0.001702338641674703,0.25,traj,3.1472041169789176,-330.55568710556395,33.125892684310145,0.05380117893218994,-0.001418063006713443,0.0,0.75,1.0,0.0,0
297,331,14.85,0.0,17.527921676635742,326.59033203125,-179.68746948242188,-1.767730184454308e-09,0.002479550292208483,0.75,0.0,0.027585987001657486,2.070444107055664,0.01141585037112236,0.5980923175811768,-0.002378225326538086,0.016240939497947693,0.008234910666942596,-0.040496014058589935,0.01141585037112236,0.5980923175811768,0.025416774675250053,9.6887845993042,1.4081176767746608,0.012149740341055823,0.006991429697880638,0.001670029315523704,0.001670029315523704,0.25,traj,3.140355304875646,-330.56966479612265,52.38256080137693,-0.020347416400909424,0.002479550292208483,0.0,0.75,1.0,0.0,0
298,332,14.9,0.0,17.27658462524414,326.5888671875,-179.6849822998047,-1.767730184454308e-09,0.002479550292208483,0.75,0.0,0.027585987001657486,2.070444107055664,0.01141585037112236,0.5980923175811768,-0.002378225326538086,0.016240939497947693,0.008234910666942596,-0.040496014058589935,0.01141585037112236,0.5980923175811768,0.025416774675250053,9.6887845993042,1.4081176767746608,0.012149740341055823,0.006991429697880638,0.001670029315523704,0.001670029315523704,0.25,traj,3.140355304875646,-330.56966479612265,52.38256080137693,-0.020347416400909424,0.002479550292208483,0.0,0.75,1.0,0.0,0
299,333,14.95,0.0,17.026174545288086,326.5875244140625,-179.68792724609375,-1.767730184454308e-09,0.002479550292208483,0.75,0.0,0.027585987001657486,2.070444107055664,0.01141585037112236,0.5980923175811768,-0.002378225326538086,0.016240939497947693,0.008234910666942596,-0.040496014058589935,0.01141585037112236,0.5980923175811768,0.025416774675250053,9.6887845993042,1.4081176767746608,0.012149740341055823,0.006991429697880638,0.001670029315523704,0.001670029315523704,0.25,traj,3.140355304875646,-330.56966479612265,52.38256080137693,-0.020347416400909424,0.002479550292208483,0.0,0.75,1.0,0.0,0
300,334,15.0,0.0,16.775657653808594,326.58624267578125,-179.69235229492188,-1.0248181858685257e-08,-0.0014324519385649364,0.75,0.0,0.045393459498882294,2.803520917892456,0.020529478788375854,1.2025558948516846,0.0031242817640304565,0.15363913774490356,0.005724512040615082,-0.02471882849931717,0.020529478788375854,1.2025558948516846,-0.013224707916378975,4.945533752441406,1.8857307434082031,0.010867030814927429,0.009886291541104375,-0.001702338641674703,-0.001702338641674703,0.25,traj,3.1472041169789176,-330.55568710556395,33.125892684310145,0.04977262020111084,-0.0014324519385649364,0.0,0.75,1.0,0.0,0
301,335,15.05,0.0,16.525760650634766,326.58502197265625,-179.6968231201172,-1.498135659971922e-08,0.002501887856706579,0.75,0.0,0.02542029693722725,1.8579820394515991,0.012842487543821335,0.45582547783851624,-0.0025724247097969055,-0.010308921337127686,0.009769044816493988,-0.04693431407213211,0.012842487543821335,0.45582547783851624,0.025416774675250053,9.6887845993042,1.2715006719032922,0.017931495473471618,0.005710541555530913,0.001670029315523704,0.001670029315523704,0.25,traj,3.140355304875646,-330.56966479612265,52.38256080137693,-0.022192955017089844,0.002501887856706579,0.0,0.75,1.0,0.0,0
302,336,15.1,0.0,16.276880264282227,326.58343505859375,-179.68429565429688,-1.498135659971922e-08,0.002501887856706579,0.75,0.0,0.02542029693722725,1.8579820394515991,0.012842487543821335,0.45582547783851624,-0.0025724247097969055,-0.010308921337127686,0.009769044816493988,-0.04693431407213211,0.012842487543821335,0.45582547783851624,0.025416774675250053,9.6887845993042,1.2715006719032922,0.017931495473471618,0.005710541555530913,0.001670029315523704,0.001670029315523704,0.25,traj,3.140355304875646,-330.56966479612265,52.38256080137693,-0.022192955017089844,0.002501887856706579,0.0,0.75,1.0,0.0,0
303,337,15.15,0.0,16.029857635498047,326.58160400390625,-179.6625518798828,-1.498135659971922e-08,0.002501887856706579,0.75,0.0,0.02542029693722725,1.8579820394515991,0.012842487543821335,0.45582547783851624,-0.0025724247097969055,-0.010308921337127686,0.009769044816493988,-0.04693431407213211,0.012842487543821335,0.45582547783851624,0.025416774675250053,9.6887845993042,1.2715006719032922,0.017931495473471618,0.005710541555530913,0.001670029315523704,0.001670029315523704,0.25,traj,3.140355304875646,-330.56966479612265,52.38256080137693,-0.022192955017089844,0.002501887856706579,0.0,0.75,1.0,0.0,0
304,338,15.2,0.0,15.785175323486328,326.5796203613281,-179.63937377929688,-3.996093234093223e-09,-0.0014101143740668407,0.75,0.0,0.03287981450557709,2.378286838531494,0.01533297449350357,0.9335296154022217,-0.00042510032653808594,0.10165315121412277,0.004228286445140839,-0.026792921125888824,0.01533297449350357,0.9335296154022217,-0.013224707916378975,4.945533752441406,1.6036132276058197,0.010455398080947994,0.007731518639946908,-0.001702338641674703,-0.001702338641674703,0.25,traj,3.1472041169789176,-330.55568710556395,33.125892684310145,0.04424786567687988,-0.0014101143740668407,0.0,0.75,1.0,0.0,0
305,339,15.25,0.0,15.54292106628418,326.57769775390625,-179.62315368652344,4.256183405715319e-09,0.002542846224429422,0.75,0.0,0.027087870985269547,2.110748767852783,0.010634403675794601,0.6257791519165039,-0.00216616690158844,0.015319600701332092,0.008414141833782196,-0.039761804044246674,0.010634403675794601,0.6257791519165039,0.025416774675250053,9.6887845993042,1.4344952702522278,0.010817549888940226,0.0070534326373461985,0.001670029315523704,0.001670029315523704,0.25,traj,3.140355304875646,-330.56966479612265,52.38256080137693,-0.021302998065948486,0.002542846224429422,0.0,0.75,1.0,0.0,0
306,340,15.3,0.0,15.30200481414795,326.5758361816406,-179.61062622070312,4.256183405715319e-09,0.002542846224429422,0.75,0.0,0.027087870985269547,2.110748767852783,0.010634403675794601,0.6257791519165039,-0.00216616690158844,0.015319600701332092,0.008414141833782196,-0.039761804044246674,0.010634403675794601,0.6257791519165039,0.025416774675250053,9.6887845993042,1.4344952702522278,0.010817549888940226,0.0070534326373461985,0.001670029315523704,0.001670029315523704,0.25,traj,3.140355304875646,-330.56966479612265,52.38256080137693,-0.021302998065948486,0.002542846224429422,0.0,0.75,1.0,0.0,0
307,341,15.35,0.0,15.060394287109375,326.57391357421875,-179.5986785888672,4.256183405715319e-09,0.002542846224429422,0.75,0.0,0.027087870985269547,2.110748767852783,0.010634403675794601,0.6257791519165039,-0.00216616690158844,0.015319600701332092,0.008414141833782196,-0.039761804044246674,0.010634403675794601,0.6257791519165039,0.025416774675250053,9.6887845993042,1.4344952702522278,0.010817549888940226,0.0070534326373461985,0.001670029315523704,0.001670029315523704,0.25,traj,3.140355304875646,-330.56966479612265,52.38256080137693,-0.021302998065948486,0.002542846224429422,0.0,0.75,1.0,0.0,0
308,342,15.4,0.0,14.816515922546387,326.5719299316406,-179.58676147460938,-1.4036867224120897e-09,-0.0013691560063439977,0.75,0.0,0.038571976125240326,2.6803441047668457,0.016827717423439026,1.1215075254440308,0.0009502321481704712,0.13691094517707825,0.006610982120037079,-0.024810336530208588,0.016827717423439026,1.1215075254440308,-0.013224707916378975,4.945533752441406,1.803688794374466,0.009551460489792194,0.008879673439426052,-0.001702338641674703,-0.001702338641674703,0.25,traj,3.1472041169789176,-330.55568710556395,33.125892684310145,0.04798758029937744,-0.0013691560063439977,0.0,0.75,1.0,0.0,0
309,343,15.45,0.0,14.56974983215332,326.5697326660156,-179.56797790527344,-5.4032818219695855e-09,0.002413374296887522,0.75,0.0,0.02562001347541809,1.7844789028167725,0.012309111654758453,0.4170471429824829,-0.000964730978012085,-0.010865911841392517,0.007667265832424164,-0.04595798999071121,0.012309111654758453,0.4170471429824829,0.025416774675250053,9.6887845993042,1.2211690122882526,0.018784358427833877,0.006196775133445044,0.001670029315523704,0.001670029315523704,0.25,traj,3.140355304875646,-330.56966479612265,52.38256080137693,-0.02535456418991089,0.002413374296887522,0.0,0.75,1.0,0.0,0
310,344,15.5,0.0,14.321412086486816,326.5673522949219,-179.54547119140625,-5.4032818219695855e-09,0.002413374296887522,0.75,0.0,0.02562001347541809,1.7844789028167725,0.012309111654758453,0.4170471429824829,-0.000964730978012085,-0.010865911841392517,0.007667265832424164,-0.04595798999071121,0.012309111654758453,0.4170471429824829,0.025416774675250053,9.6887845993042,1.2211690122882526,0.018784358427833877,0.006196775133445044,0.001670029315523704,0.001670029315523704,0.25,traj,3.140355304875646,-330.56966479612265,52.38256080137693,-0.02535456418991089,0.002413374296887522,0.0,0.75,1.0,0.0,0
311,345,15.55,0.0,14.073145866394043,326.5648498535156,-179.5224151611328,-5.4032818219695855e-09,0.002413374296887522,0.75,0.0,0.02562001347541809,1.7844789028167725,0.012309111654758453,0.4170471429824829,-0.000964730978012085,-0.010865911841392517,0.007667265832424164,-0.04595798999071121,0.012309111654758453,0.4170471429824829,0.025416774675250053,9.6887845993042,1.2211690122882526,0.018784358427833877,0.006196775133445044,0.001670029315523704,0.001670029315523704,0.25,traj,3.140355304875646,-330.56966479612265,52.38256080137693,-0.02535456418991089,0.002413374296887522,0.0,0.75,1.0,0.0,0
312,346,15.6,0.0,13.825889587402344,326.562255859375,-179.4993438720703,-8.081590507913461e-09,-0.0014986279338858976,0.75,0.0,0.03367622196674347,2.520934581756592,0.01453273743391037,1.059743046760559,-0.00032176822423934937,0.14265188574790955,0.001434139907360077,-0.02342238277196884,0.01453273743391037,1.059743046760559,-0.013224707916378975,4.945533752441406,1.6964079439640045,0.008729712841648883,0.008340088494995044,-0.001702338641674703,-0.001702338641674703,0.25,traj,3.1472041169789176,-330.55568710556395,33.125892684310145,0.046882033348083496,-0.0014986279338858976,0.0,0.75,1.0,0.0,0
313,347,15.65,0.0,13.580211639404297,326.5597229003906,-179.48374938964844,2.5103497058864832e-09,0.0022425640723501973,0.75,0.0,0.029374204576015472,2.193751811981201,0.011026844382286072,0.6810658574104309,-0.002730339765548706,0.026956215500831604,0.008448891341686249,-0.039374224841594696,0.011026844382286072,0.6810658574104309,0.025416774675250053,9.6887845993042,1.4895449727773666,0.01030634817506016,0.007721197465201112,0.001670029315523704,0.001670029315523704,0.25,traj,3.140355304875646,-330.56966479612265,52.38256080137693,-0.02015131711959839,0.0022425640723501973,0.0,0.75,1.0,0.0,0
314,348,15.7,0.0,13.33658218383789,326.5572509765625,-179.47218322753906,2.5103497058864832e-09,0.0022425640723501973,0.75,0.0,0.029374204576015472,2.193751811981201,0.011026844382286072,0.6810658574104309,-0.002730339765548706,0.026956215500831604,0.008448891341686249,-0.039374224841594696,0.011026844382286072,0.6810658574104309,0.025416774675250053,9.6887845993042,1.4895449727773666,0.01030634817506016,0.007721197465201112,0.001670029315523704,0.001670029315523704,0.25,traj,3.140355304875646,-330.56966479612265,52.38256080137693,-0.02015131711959839,0.0022425640723501973,0.0,0.75,1.0,0.0,0
315,349,15.75,0.0,13.095267295837402,326.5547790527344,-179.46144104003906,2.5103497058864832e-09,0.0022425640723501973,0.75,0.0,0.029374204576015472,2.193751811981201,0.011026844382286072,0.6810658574104309,-0.002730339765548706,0.026956215500831604,0.008448891341686249,-0.039374224841594696,0.011026844382286072,0.6810658574104309,0.025416774675250053,9.6887845993042,1.4895449727773666,0.01030634817506016,0.007721197465201112,0.001670029315523704,0.001670029315523704,0.25,traj,3.140355304875646,-330.56966479612265,52.38256080137693,-0.02015131711959839,0.0022425640723501973,0.0,0.75,1.0,0.0,0
316,350,15.8,0.0,12.856403350830078,326.55230712890625,-179.4508819580078,-2.788941577680504e-10,-0.0016694381584232228,0.75,0.0,0.042768076062202454,2.525970935821533,0.01871294528245926,1.0155987739562988,0.0026021599769592285,0.108658067882061,0.006128691136837006,-0.030045516788959503,0.01871294528245926,1.0155987739562988,-0.013224707916378975,4.945533752441406,1.7042639652887979,0.011728697124219926,0.010138325521477845,-0.001702338641674703,-0.001702338641674703,0.25,traj,3.1472041169789176,-330.55568710556395,33.125892684310145,0.05092263221740723,-0.0016694381584232228,0.0,0.75,1.0,0.0,0
317,351,15.85,0.0,12.621582984924316,326.5497131347656,-179.43580627441406,-6.218672687907656e-09,0.0022409305187737023,0.75,0.0,0.02362629771232605,1.8200668096542358,0.011986739933490753,0.44572174549102783,-0.00276096910238266,-0.005536094307899475,0.008457325398921967,-0.04749680310487747,0.011986739933490753,0.44572174549102783,0.025416774675250053,9.6887845993042,1.2462183261911075,0.017116426232516763,0.00539149583030054,0.001670029315523704,0.001670029315523704,0.25,traj,3.140355304875646,-330.56966479612265,52.38256080137693,-0.029515385627746582,0.0022409305187737023,0.0,0.75,1.0,0.0,0
318,352,15.9,0.0,12.396198272705078,326.5470886230469,-179.41896057128906,-6.218672687907656e-09,0.0022409305187737023,0.75,0.0,0.02362629771232605,1.8200668096542358,0.011986739933490753,0.44572174549102783,-0.00276096910238266,-0.005536094307899475,0.008457325398921967,-0.04749680310487747,0.011986739933490753,0.44572174549102783,0.025416774675250053,9.6887845993042,1.2462183261911075,0.017116426232516763,0.00539149583030054,0.001670029315523704,0.001670029315523704,0.25,traj,3.140355304875646,-330.56966479612265,52.38256080137693,-0.029515385627746582,0.0022409305187737023,0.0,0.75,1.0,0.0,0
319,353,15.95,0.0,12.185784339904785,326.5445861816406,-179.40280151367188,-6.218672687907656e-09,0.0022409305187737023,0.75,0.0,0.02362629771232605,1.8200668096542358,0.011986739933490753,0.44572174549102783,-0.00276096910238266,-0.005536094307899475,0.008457325398921967,-0.04749680310487747,0.011986739933490753,0.44572174549102783,0.025416774675250053,9.6887845993042,1.2462183261911075,0.017116426232516763,0.00539149583030054,0.001670029315523704,0.001670029315523704,0.25,traj,3.140355304875646,-330.56966479612265,52.38256080137693,-0.029515385627746582,0.0022409305187737023,0.0,0.75,1.0,0.0,0
320,354,16.0,0.0,11.993203163146973,326.5422058105469,-179.3878936767578,-1.4179685203785652e-10,-0.0016710717119997175,0.75,0.0,0.03194091469049454,2.462099313735962,0.014461472630500793,0.9883520007133484,-0.00045502930879592896,0.10923173278570175,0.005022875964641571,-0.026988781988620758,0.014461472630500793,0.9883520007133484,-0.013224707916378975,4.945533752441406,1.6596188644568124,0.009314301143611196,0.007550290953969237,-0.001702338641674703,-0.001702338641674703,0.25,traj,3.1472041169789176,-330.55568710556395,33.125892684310145,0.046126365661621094,-0.0016710717119997175,0.0,0.75,1.0,0.0,0
321,355,16.05,0.0,11.81974983215332,326.54058837890625,-179.39990234375,3.120075309226422e-09,0.0020152468390357103,0.75,0.0,0.025002319365739822,2.0505762100219727,0.011197295039892197,0.5908553600311279,-0.002920806407928467,0.01811543107032776,0.0075042471289634705,-0.03967220336198807,0.011197295039892197,0.5908553600311279,0.025416774675250053,9.6887845993042,1.3942803094784417,0.012063148720578216,0.006020556252858715,0.001670029315523704,0.001670029315523704,0.25,traj,3.140355304875646,-330.56966479612265,52.38256080137693,-0.02301490306854248,0.0020152468390357103,0.0,0.75,1.0,0.0,0
322,356,16.1,0.0,11.666967391967773,326.5394592285156,-179.42123413085938,3.120075309226422e-09,0.0020152468390357103,0.75,0.0,0.025002319365739822,2.0505762100219727,0.011197295039892197,0.5908553600311279,-0.002920806407928467,0.01811543107032776,0.0075042471289634705,-0.03967220336198807,0.011197295039892197,0.5908553600311279,0.025416774675250053,9.6887845993042,1.3942803094784417,0.012063148720578216,0.006020556252858715,0.001670029315523704,0.001670029315523704,0.25,traj,3.140355304875646,-330.56966479612265,52.38256080137693,-0.02301490306854248,0.0020152468390357103,0.0,0.75,1.0,0.0,0
323,357,16.15,0.0,11.533451080322266,326.53857421875,-179.44110107421875,3.120075309226422e-09,0.0020152468390357103,0.75,0.0,0.025002319365739822,2.0505762100219727,0.011197295039892197,0.5908553600311279,-0.002920806407928467,0.01811543107032776,0.0075042471289634705,-0.03967220336198807,0.011197295039892197,0.5908553600311279,0.025416774675250053,9.6887845993042,1.3942803094784417,0.012063148720578216,0.006020556252858715,0.001670029315523704,0.001670029315523704,0.25,traj,3.140355304875646,-330.56966479612265,52.38256080137693,-0.02301490306854248,0.0020152468390357103,0.0,0.75,1.0,0.0,0
324,358,16.2,0.0,11.433789253234863,326.5379333496094,-179.4552001953125,0.0,-0.0018967553917377097,0.75,0.0,0.04813508689403534,2.744762420654297,0.022402741014957428,1.1575030088424683,0.003484465181827545,0.1350494623184204,0.006692670285701752,-0.02983637899160385,0.022402741014957428,1.1575030088424683,-0.013224707916378975,4.945533752441406,1.850009093681971,0.01231981205138914,0.01031985677141863,-0.001702338641674703,-0.001702338641674703,0.25,traj,3.1472041169789176,-330.55568710556395,33.125892684310145,0.05294454097747803,-0.0018967553917377097,0.0,0.75,1.0,0.0,0
325,359,16.25,0.0,11.397109985351562,326.53765869140625,-179.4580841064453,9.535086498146939e-09,0.0019198461718035569,0.75,0.0,0.028979502618312836,1.8836171627044678,0.014067888259887695,0.47295182943344116,-0.002160981297492981,-0.006153598427772522,0.008121214807033539,-0.04508165270090103,0.014067888259887695,0.47295182943344116,0.025416774675250053,9.6887845993042,1.286924903591474,0.018930600367062924,0.006729226324742926,0.001670029315523704,0.001670029315523704,0.25,traj,3.140355304875646,-330.56966479612265,52.38256080137693,-0.02523958683013916,0.0019198461718035569,0.0,0.75,1.0,0.0,0
326,360,16.3,0.0,11.395849227905273,326.53765869140625,-179.45831298828125,9.535086498146939e-09,0.0019198461718035569,0.75,0.0,0.028979502618312836,1.8836171627044678,0.014067888259887695,0.47295182943344116,-0.002160981297492981,-0.006153598427772522,0.008121214807033539,-0.04508165270090103,0.014067888259887695,0.47295182943344116,0.025416774675250053,9.6887845993042,1.286924903591474,0.018930600367062924,0.006729226324742926,0.001670029315523704,0.001670029315523704,0.25,traj,3.140355304875646,-330.56966479612265,52.38256080137693,-0.02523958683013916,0.0019198461718035569,0.0,0.75,1.0,0.0,0
327,361,16.35,0.0,11.395710945129395,326.53765869140625,-179.45831298828125,9.535086498146939e-09,0.0019198461718035569,0.75,0.0,0.028979502618312836,1.8836171627044678,0.014067888259887695,0.47295182943344116,-0.002160981297492981,-0.006153598427772522,0.008121214807033539,-0.04508165270090103,0.014067888259887695,0.47295182943344116,0.025416774675250053,9.6887845993042,1.286924903591474,0.018930600367062924,0.006729226324742926,0.001670029315523704,0.001670029315523704,0.25,traj,3.140355304875646,-330.56966479612265,52.38256080137693,-0.02523958683013916,0.0019198461718035569,0.0,0.75,1.0,0.0,0
328,362,16.4,0.0,11.39553451538086,326.53765869140625,-179.45831298828125,7.740759144780895e-09,-0.001992156058969863,0.75,0.0,0.03999792039394379,2.3916473388671875,0.017538420855998993,0.9496200680732727,-0.00044749677181243896,0.11025967448949814,0.002014361321926117,-0.026636280119419098,0.017538420855998993,0.9496200680732727,-0.013224707916378975,4.945533752441406,1.6124489108721414,0.01175632144486309,0.009914522989673762,-0.001702338641674703,-0.001702338641674703,0.25,traj,3.1472041169789176,-330.55568710556395,33.125892684310145,0.05431532859802246,-0.001992156058969863,0.0,0.75,1.0,0.0,0
329,363,16.45,0.0,11.395377159118652,326.53765869140625,-179.45831298828125,1.2383752912015211e-09,0.0016815821373880476,0.75,0.0,0.029209792613983154,2.180802345275879,0.010750867426395416,0.6745544672012329,-0.0017150789499282837,0.029490157961845398,0.009145282208919525,-0.041371189057826996,0.010750867426395416,0.6745544672012329,0.025416774675250053,9.6887845993042,1.4821563462416332,0.010145383383620192,0.007801338351462595,0.001670029315523704,0.001670029315523704,0.25,traj,3.140355304875646,-330.56966479612265,52.38256080137693,-0.01820540428161621,0.0016815821373880476,0.0,0.75,1.0,0.0,0
330,364,16.5,0.0,11.395248413085938,326.53765869140625,-179.45831298828125,1.2383752912015211e-09,0.0016815821373880476,0.75,0.0,0.029209792613983154,2.180802345275879,0.010750867426395416,0.6745544672012329,-0.0017150789499282837,0.029490157961845398,0.009145282208919525,-0.041371189057826996,0.010750867426395416,0.6745544672012329,0.025416774675250053,9.6887845993042,1.4821563462416332,0.010145383383620192,0.007801338351462595,0.001670029315523704,0.001670029315523704,0.25,traj,3.140355304875646,-330.56966479612265,52.38256080137693,-0.01820540428161621,0.0016815821373880476,0.0,0.75,1.0,0.0,0
331,365,16.55,0.0,11.395151138305664,326.53765869140625,-179.45831298828125,1.2383752912015211e-09,0.0016815821373880476,0.75,0.0,0.029209792613983154,2.180802345275879,0.010750867426395416,0.6745544672012329,-0.0017150789499282837,0.029490157961845398,0.009145282208919525,-0.041371189057826996,0.010750867426395416,0.6745544672012329,0.025416774675250053,9.6887845993042,1.4821563462416332,0.010145383383620192,0.007801338351462595,0.001670029315523704,0.001670029315523704,0.25,traj,3.140355304875646,-330.56966479612265,52.38256080137693,-0.01820540428161621,0.0016815821373880476,0.0,0.75,1.0,0.0,0
332,366,16.6,0.0,11.395076751708984,326.53765869140625,-179.45831298828125,-4.34145297489863e-09,-0.0022304200933853722,0.75,0.0,0.043189577758312225,2.747743606567383,0.020975828170776367,1.18505859375,0.0024419501423835754,0.15401464700698853,0.004457883536815643,-0.03133413940668106,0.020975828170776367,1.18505859375,-0.013224707916378975,4.945533752441406,1.8529420892397561,0.011267128118308621,0.00904898623985159,-0.001702338641674703,-0.001702338641674703,0.25,traj,3.1472041169789176,-330.55568710556395,33.125892684310145,0.050095558166503906,-0.0022304200933853722,0.0,0.75,1.0,0.0,0
333,367,16.65,0.0,11.395021438598633,326.53765869140625,-179.45831298828125,3.54399332103128e-09,0.0014395558071047228,0.75,0.0,0.026432588696479797,2.0243945121765137,0.012248434126377106,0.5568457841873169,-0.003481917083263397,0.002631843090057373,0.00862538069486618,-0.04488471895456314,0.012248434126377106,0.5568457841873169,0.025416774675250053,9.6887845993042,1.3807261486848197,0.014000873388110834,0.006152834249784628,0.001670029315523704,0.001670029315523704,0.25,traj,3.140355304875646,-330.56966479612265,52.38256080137693,-0.025821268558502197,0.0014395558071047228,0.0,0.75,1.0,0.0,0
334,368,16.7,0.0,11.394997596740723,326.53765869140625,-179.45831298828125,3.54399332103128e-09,0.0014395558071047228,0.75,0.0,0.026432588696479797,2.0243945121765137,0.012248434126377106,0.5568457841873169,-0.003481917083263397,0.002631843090057373,0.00862538069486618,-0.04488471895456314,0.012248434126377106,0.5568457841873169,0.025416774675250053,9.6887845993042,1.3807261486848197,0.014000873388110834,0.006152834249784628,0.001670029315523704,0.001670029315523704,0.25,traj,3.140355304875646,-330.56966479612265,52.38256080137693,-0.025821268558502197,0.0014395558071047228,0.0,0.75,1.0,0.0,0
335,369,16.75,0.0,11.394970893859863,326.53765869140625,-179.45831298828125,3.54399332103128e-09,0.0014395558071047228,0.75,0.0,0.026432588696479797,2.0243945121765137,0.012248434126377106,0.5568457841873169,-0.003481917083263397,0.002631843090057373,0.00862538069486618,-0.04488471895456314,0.012248434126377106,0.5568457841873169,0.025416774675250053,9.6887845993042,1.3807261486848197,0.014000873388110834,0.006152834249784628,0.001670029315523704,0.001670029315523704,0.25,traj,3.140355304875646,-330.56966479612265,52.38256080137693,-0.025821268558502197,0.0014395558071047228,0.0,0.75,1.0,0.0,0
336,370,16.8,0.0,11.394943237304688,326.53765869140625,-179.45831298828125,-8.149491498299355e-11,-0.002472446423668697,0.75,0.0,0.03473556786775589,2.5436909198760986,0.01566067337989807,1.048915147781372,0.00026287883520126343,0.12521782517433167,0.003032974898815155,-0.02519173175096512,0.01566067337989807,1.048915147781372,-0.013224707916378975,4.945533752441406,1.7127721508344016,0.00950425629352833,0.008123495607314863,-0.001702338641674703,-0.001702338641674703,0.25,traj,3.1472041169789176,-330.55568710556395,33.125892684310145,0.04525101184844971,-0.002472446423668697,0.0,0.75,1.0,0.0,0
337,371,16.85,0.0,11.39492130279541,326.53765869140625,-179.45831298828125,-1.3786687347305815e-09,0.001313150349908943,0.75,0.0,0.0263572596013546,2.028268337249756,0.01103145256638527,0.5685189962387085,-0.0023065656423568726,0.012329965829849243,0.008156023919582367,-0.042905278503894806,0.01103145256638527,0.5685189962387085,0.025416774675250053,9.6887845993042,1.3815974295139313,0.012351306812561977,0.006683615839285396,0.001670029315523704,0.001670029315523704,0.25,traj,3.140355304875646,-330.56966479612265,52.38256080137693,-0.019423305988311768,0.001313150349908943,0.0,0.75,1.0,0.0,0
338,372,16.9,0.0,11.393670082092285,326.53765869140625,-179.45863342285156,-1.3786687347305815e-09,0.001313150349908943,0.75,0.0,0.0263572596013546,2.028268337249756,0.01103145256638527,0.5685189962387085,-0.0023065656423568726,0.012329965829849243,0.008156023919582367,-0.042905278503894806,0.01103145256638527,0.5685189962387085,0.025416774675250053,9.6887845993042,1.3815974295139313,0.012351306812561977,0.006683615839285396,0.001670029315523704,0.001670029315523704,0.25,traj,3.140355304875646,-330.56966479612265,52.38256080137693,-0.019423305988311768,0.001313150349908943,0.0,0.75,1.0,0.0,0
339,373,16.95,0.0,11.39274787902832,326.53765869140625,-179.45883178710938,-1.3786687347305815e-09,0.001313150349908943,0.75,0.0,0.0263572596013546,2.028268337249756,0.01103145256638527,0.5685189962387085,-0.0023065656423568726,0.012329965829849243,0.008156023919582367,-0.042905278503894806,0.01103145256638527,0.5685189962387085,0.025416774675250053,9.6887845993042,1.3815974295139313,0.012351306812561977,0.006683615839285396,0.001670029315523704,0.001670029315523704,0.25,traj,3.140355304875646,-330.56966479612265,52.38256080137693,-0.019423305988311768,0.001313150349908943,0.0,0.75,1.0,0.0,0
340,374,17.0,0.0,11.390131950378418,326.53765869140625,-179.46104431152344,-2.1699630980975826e-10,-0.002598851880864477,0.75,0.0,0.04179834574460983,2.8172497749328613,0.020900309085845947,1.247501254081726,0.0021245330572128296,0.18103229999542236,0.005785904824733734,-0.0258890762925148,0.020900309085845947,1.247501254081726,-0.013224707916378975,4.945533752441406,1.8956503868103027,0.010664781324504274,0.008474795003625852,-0.001702338641674703,-0.001702338641674703,0.25,traj,3.1472041169789176,-330.55568710556395,33.125892684310145,0.04723787307739258,-0.002598851880864477,0.0,0.75,1.0,0.0,0
341,375,17.05,0.0,11.389439582824707,326.5376281738281,-179.46139526367188,-5.8313167627943585e-09,0.001188312990310112,0.75,0.0,0.0318286269903183,2.1082262992858887,0.013155348598957062,0.6230812072753906,-0.002116881310939789,0.012094557285308838,0.007940582931041718,-0.04150629788637161,0.013155348598957062,0.6230812072753906,0.025416774675250053,9.6887845993042,1.4339841877420745,0.013439204165363454,0.008004043187830417,0.001670029315523704,0.001670029315523704,0.25,traj,3.140355304875646,-330.56966479612265,52.38256080137693,-0.02017343044281006,0.001188312990310112,0.0,0.75,1.0,0.0,0
342,376,17.1,0.0,11.389439582824707,326.5376281738281,-179.46139526367188,-5.8313167627943585e-09,0.001188312990310112,0.75,0.0,0.0318286269903183,2.1082262992858887,0.013155348598957062,0.6230812072753906,-0.002116881310939789,0.012094557285308838,0.007940582931041718,-0.04150629788637161,0.013155348598957062,0.6230812072753906,0.025416774675250053,9.6887845993042,1.4339841877420745,0.013439204165363454,0.008004043187830417,0.001670029315523704,0.001670029315523704,0.25,traj,3.140355304875646,-330.56966479612265,52.38256080137693,-0.02017343044281006,0.001188312990310112,0.0,0.75,1.0,0.0,0
343,377,17.15,0.0,11.389435768127441,326.5376281738281,-179.46139526367188,-5.8313167627943585e-09,0.001188312990310112,0.75,0.0,0.0318286269903183,2.1082262992858887,0.013155348598957062,0.6230812072753906,-0.002116881310939789,0.012094557285308838,0.007940582931041718,-0.04150629788637161,0.013155348598957062,0.6230812072753906,0.025416774675250053,9.6887845993042,1.4339841877420745,0.013439204165363454,0.008004043187830417,0.001670029315523704,0.001670029315523704,0.25,traj,3.140355304875646,-330.56966479612265,52.38256080137693,-0.02017343044281006,0.001188312990310112,0.0,0.75,1.0,0.0,0
344,378,17.2,0.0,11.389431953430176,326.5376281738281,-179.46139526367188,6.82673806373657e-10,-0.0027236892404633077,0.75,0.0,0.03124266490340233,2.384838581085205,0.01425110176205635,0.9383530616760254,-0.0016469471156597137,0.10093314945697784,0.003610454499721527,-0.024010024964809418,0.01425110176205635,0.9383530616760254,-0.013224707916378975,4.945533752441406,1.6061398784319558,0.009667801378654745,0.007477890948767101,-0.001702338641674703,-0.001702338641674703,0.25,traj,3.1472041169789176,-330.55568710556395,33.125892684310145,0.04783070087432861,-0.0027236892404633077,0.0,0.75,1.0,0.0,0
345,379,17.25,0.0,11.389430046081543,326.5376281738281,-179.46139526367188,-8.819255326031339e-10,0.0010740268500228735,0.75,0.0,0.023197047412395477,2.000082015991211,0.00990721583366394,0.5629754066467285,-0.002231322228908539,0.011424288153648376,0.009062610566616058,-0.042331211268901825,0.00990721583366394,0.5629754066467285,0.025416774675250053,9.6887845993042,1.362521231174469,0.011202013648221164,0.005887064000080354,0.001670029315523704,0.001670029315523704,0.25,traj,3.140355304875646,-330.56966479612265,52.38256080137693,-0.02141183614730835,0.0010740268500228735,0.0,0.75,1.0,0.0,0
346,380,17.3,0.0,11.387944221496582,326.5376281738281,-179.46188354492188,-8.819255326031339e-10,0.0010740268500228735,0.75,0.0,0.023197047412395477,2.000082015991211,0.00990721583366394,0.5629754066467285,-0.002231322228908539,0.011424288153648376,0.009062610566616058,-0.042331211268901825,0.00990721583366394,0.5629754066467285,0.025416774675250053,9.6887845993042,1.362521231174469,0.011202013648221164,0.005887064000080354,0.001670029315523704,0.001670029315523704,0.25,traj,3.140355304875646,-330.56966479612265,52.38256080137693,-0.02141183614730835,0.0010740268500228735,0.0,0.75,1.0,0.0,0
347,381,17.35,0.0,11.386731147766113,326.5376281738281,-179.4622344970703,-8.819255326031339e-10,0.0010740268500228735,0.75,0.0,0.023197047412395477,2.000082015991211,0.00990721583366394,0.5629754066467285,-0.002231322228908539,0.011424288153648376,0.009062610566616058,-0.042331211268901825,0.00990721583366394,0.5629754066467285,0.025416774675250053,9.6887845993042,1.362521231174469,0.011202013648221164,0.005887064000080354,0.001670029315523704,0.001670029315523704,0.25,traj,3.140355304875646,-330.56966479612265,52.38256080137693,-0.02141183614730835,0.0010740268500228735,0.0,0.75,1.0,0.0,0
348,382,17.4,0.0,11.382877349853516,326.53759765625,-179.46798706054688,-8.300252707371669e-10,-0.002837975380750546,0.75,0.0,0.0364617183804512,2.73964262008667,0.018521174788475037,1.1862062215805054,0.0015871524810791016,0.16292306780815125,0.006373189389705658,-0.02770169824361801,0.018521174788475037,1.1862062215805054,-0.013224707916378975,4.945533752441406,1.8450986842314403,0.009939263452667364,0.0073519877950665325,-0.001702338641674703,-0.001702338641674703,0.25,traj,3.1472041169789176,-330.55568710556395,33.125892684310145,0.0490955114364624,-0.002837975380750546,0.0,0.75,1.0,0.0,0
349,383,17.45,0.0,11.37408447265625,326.53759765625,-179.46749877929688,1.0479900502957662e-08,0.0009743871966370814,0.75,0.0,0.024114049971103668,1.8317188024520874,0.012305781245231628,0.45454707741737366,-0.00386163592338562,-0.005762994289398193,0.0084415003657341,-0.045539490878582,0.012305781245231628,0.45454707741737366,0.025416774675250053,9.6887845993042,1.252968060473601,0.017230793955619085,0.005458431684166665,0.001670029315523704,0.001670029315523704,0.25,traj,3.140355304875646,-330.56966479612265,52.38256080137693,-0.025565624237060547,0.0009743871966370814,0.0,0.75,1.0,0.0,0
350,384,17.5,0.0,11.359776496887207,326.53765869140625,-179.4583740234375,1.0479900502957662e-08,0.0009743871966370814,0.75,0.0,0.024114049971103668,1.8317188024520874,0.012305781245231628,0.45454707741737366,-0.00386163592338562,-0.005762994289398193,0.0084415003657341,-0.045539490878582,0.012305781245231628,0.45454707741737366,0.025416774675250053,9.6887845993042,1.252968060473601,0.017230793955619085,0.005458431684166665,0.001670029315523704,0.001670029315523704,0.25,traj,3.140355304875646,-330.56966479612265,52.38256080137693,-0.025565624237060547,0.0009743871966370814,0.0,0.75,1.0,0.0,0
351,385,17.55,0.0,11.340760231018066,326.5375671386719,-179.47567749023438,1.0479900502957662e-08,0.0009743871966370814,0.75,0.0,0.024114049971103668,1.8317188024520874,0.012305781245231628,0.45454707741737366,-0.00386163592338562,-0.005762994289398193,0.0084415003657341,-0.045539490878582,0.012305781245231628,0.45454707741737366,0.025416774675250053,9.6887845993042,1.252968060473601,0.017230793955619085,0.005458431684166665,0.001670029315523704,0.001670029315523704,0.25,traj,3.140355304875646,-330.56966479612265,52.38256080137693,-0.025565624237060547,0.0009743871966370814,0.0,0.75,1.0,0.0,0
352,386,17.6,0.0,11.314658164978027,326.53759765625,-179.46926879882812,1.19617982186071e-09,-0.002937615034136338,0.75,0.0,0.03663000464439392,2.3654563426971436,0.016155190765857697,0.9174045324325562,-0.0007001012563705444,0.09674711525440216,0.004345886409282684,-0.025848858058452606,0.016155190765857697,0.9174045324325562,-0.013224707916378975,4.945533752441406,1.594484513004621,0.01120952685630818,0.009000947242689168,-0.001702338641674703,-0.001702338641674703,0.25,traj,3.1472041169789176,-330.55568710556395,33.125892684310145,0.049230217933654785,-0.002937615034136338,0.0,0.75,1.0,0.0,0
353,387,17.65,0.0,11.283269882202148,326.53765869140625,-179.46978759765625,1.0166607833372865e-10,0.0009026944006052581,0.75,0.0,0.030211031436920166,2.070603132247925,0.011902861297130585,0.5991507768630981,-0.002182595431804657,0.016245901584625244,0.009344778954982758,-0.04101564735174179,0.011902861297130585,0.5991507768630981,0.025416774675250053,9.6887845993042,1.408701124290625,0.012645536183807971,0.007920563097974707,0.001670029315523704,0.001670029315523704,0.25,traj,3.140355304875646,-330.56966479612265,52.38256080137693,-0.01872175931930542,0.0009026944006052581,0.0,0.75,1.0,0.0,0
354,388,17.7,0.0,11.24744701385498,326.5377197265625,-179.47767639160156,1.0166607833372865e-10,0.0009026944006052581,0.75,0.0,0.030211031436920166,2.070603132247925,0.011902861297130585,0.5991507768630981,-0.002182595431804657,0.016245901584625244,0.009344778954982758,-0.04101564735174179,0.011902861297130585,0.5991507768630981,0.025416774675250053,9.6887845993042,1.408701124290625,0.012645536183807971,0.007920563097974707,0.001670029315523704,0.001670029315523704,0.25,traj,3.140355304875646,-330.56966479612265,52.38256080137693,-0.01872175931930542,0.0009026944006052581,0.0,0.75,1.0,0.0,0
355,389,17.75,0.0,11.208431243896484,326.5377197265625,-179.489990234375,1.0166607833372865e-10,0.0009026944006052581,0.75,0.0,0.030211031436920166,2.070603132247925,0.011902861297130585,0.5991507768630981,-0.002182595431804657,0.016245901584625244,0.009344778954982758,-0.04101564735174179,0.011902861297130585,0.5991507768630981,0.025416774675250053,9.6887845993042,1.408701124290625,0.012645536183807971,0.007920563097974707,0.001670029315523704,0.001670029315523704,0.25,traj,3.140355304875646,-330.56966479612265,52.38256080137693,-0.01872175931930542,0.0009026944006052581,0.0,0.75,1.0,0.0,0
356,390,17.8,0.0,11.16800308227539,326.53765869140625,-179.5133514404297,-4.670695386010948e-09,-0.0030093078301681618,0.75,0.0,0.042329348623752594,2.7733840942382812,0.019731536507606506,1.1783783435821533,0.001451253890991211,0.1454223394393921,0.0047424063086509705,-0.027222521603107452,0.019731536507606506,1.1783783435821533,-0.013224707916378975,4.945533752441406,1.8673065602779388,0.010659013609205152,0.009018933407503534,-0.001702338641674703,-0.001702338641674703,0.25,traj,3.1472041169789176,-330.55568710556395,33.125892684310145,0.05161690711975098,-0.0030093078301681618,0.0,0.75,1.0,0.0,0
357,391,17.85,0.0,11.15628719329834,326.5376281738281,-179.517333984375,1.923529113767586e-09,0.0008932061294832487,0.75,0.0,0.027555499225854874,1.8821492195129395,0.012928809970617294,0.47556379437446594,-0.002741292119026184,-0.00699847936630249,0.01026829332113266,-0.04659319669008255,0.012928809970617294,0.47556379437446594,0.025416774675250053,9.6887845993042,1.287436912457148,0.017303042178839666,0.006619791516041166,0.001670029315523704,0.001670029315523704,0.25,traj,3.140355304875646,-330.56966479612265,52.38256080137693,-0.023954331874847412,0.0008932061294832487,0.0,0.75,1.0,0.0,0
358,392,17.9,0.0,11.15636920928955,326.5376281738281,-179.517333984375,1.923529113767586e-09,0.0008932061294832487,0.75,0.0,0.027555499225854874,1.8821492195129395,0.012928809970617294,0.47556379437446594,-0.002741292119026184,-0.00699847936630249,0.01026829332113266,-0.04659319669008255,0.012928809970617294,0.47556379437446594,0.025416774675250053,9.6887845993042,1.287436912457148,0.017303042178839666,0.006619791516041166,0.001670029315523704,0.001670029315523704,0.25,traj,3.140355304875646,-330.56966479612265,52.38256080137693,-0.023954331874847412,0.0008932061294832487,0.0,0.75,1.0,0.0,0
359,393,17.95,0.0,11.156363487243652,326.5376281738281,-179.517333984375,1.923529113767586e-09,0.0008932061294832487,0.75,0.0,0.027555499225854874,1.8821492195129395,0.012928809970617294,0.47556379437446594,-0.002741292119026184,-0.00699847936630249,0.01026829332113266,-0.04659319669008255,0.012928809970617294,0.47556379437446594,0.025416774675250053,9.6887845993042,1.287436912457148,0.017303042178839666,0.006619791516041166,0.001670029315523704,0.001670029315523704,0.25,traj,3.140355304875646,-330.56966479612265,52.38256080137693,-0.023954331874847412,0.0008932061294832487,0.0,0.75,1.0,0.0,0
360,394,18.0,0.0,11.156333923339844,326.5376281738281,-179.517333984375,-1.5116679019655521e-09,-0.0030187961012901714,0.75,0.0,0.03286098688840866,2.57206392288208,0.015716910362243652,1.0708732604980469,0.00019738823175430298,0.13182532787322998,0.000851951539516449,-0.031688980758190155,0.015716910362243652,1.0708732604980469,-0.013224707916378975,4.945533752441406,1.735986908276876,0.009342836156143694,0.007270101416017158,-0.001702338641674703,-0.001702338641674703,0.25,traj,3.1472041169789176,-330.55568710556395,33.125892684310145,0.048323988914489746,-0.0030187961012901714,0.0,0.75,1.0,0.0,0
361,395,18.05,0.0,11.156306266784668,326.5376281738281,-179.517333984375,3.2011864270486967e-09,0.0009201739930561825,0.75,0.0,0.02884760871529579,2.113110303878784,0.011306565254926682,0.6320481300354004,-0.0026634186506271362,0.018253400921821594,0.009111039340496063,-0.039092205464839935,0.011306565254926682,0.6320481300354004,0.025416774675250053,9.6887845993042,1.4357744231820107,0.01138711177472851,0.007539514433278772,0.001670029315523704,0.001670029315523704,0.25,traj,3.140355304875646,-330.56966479612265,52.38256080137693,-0.02030402421951294,0.0009201739930561825,0.0,0.75,1.0,0.0,0
362,396,18.1,0.0,11.15467643737793,326.5376281738281,-179.51776123046875,3.2011864270486967e-09,0.0009201739930561825,0.75,0.0,0.02884760871529579,2.113110303878784,0.011306565254926682,0.6320481300354004,-0.0026634186506271362,0.018253400921821594,0.009111039340496063,-0.039092205464839935,0.011306565254926682,0.6320481300354004,0.025416774675250053,9.6887845993042,1.4357744231820107,0.01138711177472851,0.007539514433278772,0.001670029315523704,0.001670029315523704,0.25,traj,3.140355304875646,-330.56966479612265,52.38256080137693,-0.02030402421951294,0.0009201739930561825,0.0,0.75,1.0,0.0,0
363,397,18.15,0.0,11.153326034545898,326.5376281738281,-179.51803588867188,3.2011864270486967e-09,0.0009201739930561825,0.75,0.0,0.02884760871529579,2.113110303878784,0.011306565254926682,0.6320481300354004,-0.0026634186506271362,0.018253400921821594,0.009111039340496063,-0.039092205464839935,0.011306565254926682,0.6320481300354004,0.025416774675250053,9.6887845993042,1.4357744231820107,0.01138711177472851,0.007539514433278772,0.001670029315523704,0.001670029315523704,0.25,traj,3.140355304875646,-330.56966479612265,52.38256080137693,-0.02030402421951294,0.0009201739930561825,0.0,0.75,1.0,0.0,0
364,398,18.2,0.0,11.150219917297363,326.53759765625,-179.5210418701172,2.9860069972187375e-09,-0.0029918282377172376,0.75,0.0,0.040594883263111115,2.727222204208374,0.018231287598609924,1.1548471450805664,0.0014563724398612976,0.14593440294265747,0.005467914044857025,-0.02697271853685379,0.018231287598609924,1.1548471450805664,-0.013224707916378975,4.945533752441406,1.8363600075244904,0.010049305389295346,0.009053919154252155,-0.001702338641674703,-0.001702338641674703,0.25,traj,3.1472041169789176,-330.55568710556395,33.125892684310145,0.04953181743621826,-0.0029918282377172376,0.0,0.75,1.0,0.0,0
365,399,18.25,0.0,11.143800735473633,326.53753662109375,-179.52984619140625,1.215978318036548e-09,0.0007980715550375108,0.75,0.0,0.02512829378247261,1.8319835662841797,0.012965705245733261,0.4422314763069153,-0.002255484461784363,-0.010692209005355835,0.008557818830013275,-0.046412356197834015,0.012965705245733261,0.4422314763069153,0.025416774675250053,9.6887845993042,1.2535371134678523,0.018659593638994977,0.005571281587453431,0.001670029315523704,0.001670029315523704,0.25,traj,3.140355304875646,-330.56966479612265,52.38256080137693,-0.02574610710144043,0.0007980715550375108,0.0,0.75,1.0,0.0,0
366,400,18.3,0.0,11.133024215698242,326.5375061035156,-179.53538513183594,1.215978318036548e-09,0.0007980715550375108,0.75,0.0,0.02512829378247261,1.8319835662841797,0.012965705245733261,0.4422314763069153,-0.002255484461784363,-0.010692209005355835,0.008557818830013275,-0.046412356197834015,0.012965705245733261,0.4422314763069153,0.025416774675250053,9.6887845993042,1.2535371134678523,0.018659593638994977,0.005571281587453431,0.001670029315523704,0.001670029315523704,0.25,traj,3.140355304875646,-330.56966479612265,52.38256080137693,-0.02574610710144043,0.0007980715550375108,0.0,0.75,1.0,0.0,0
367,401,18.35,0.0,11.116822242736816,326.5375061035156,-179.53785705566406,1.215978318036548e-09,0.0007980715550375108,0.75,0.0,0.02512829378247261,1.8319835662841797,0.012965705245733261,0.4422314763069153,-0.002255484461784363,-0.010692209005355835,0.008557818830013275,-0.046412356197834015,0.012965705245733261,0.4422314763069153,0.025416774675250053,9.6887845993042,1.2535371134678523,0.018659593638994977,0.005571281587453431,0.001670029315523704,0.001670029315523704,0.25,traj,3.140355304875646,-330.56966479612265,52.38256080137693,-0.02574610710144043,0.0007980715550375108,0.0,0.75,1.0,0.0,0
368,402,18.4,0.0,11.093148231506348,326.53741455078125,-179.5452117919922,2.198273563180919e-09,-0.003113930675735909,0.75,0.0,0.029899246990680695,2.387727737426758,0.01317383348941803,0.9602697491645813,-0.0014972612261772156,0.11465037614107132,0.0015802904963493347,-0.024344973266124725,0.01317383348941803,0.9602697491645813,-0.013224707916378975,4.945533752441406,1.608221391836802,0.008733203827224667,0.007458918201072622,-0.001702338641674703,-0.001702338641674703,0.25,traj,3.1472041169789176,-330.55568710556395,33.125892684310145,0.04429960250854492,-0.003113930675735909,0.0,0.75,1.0,0.0,0
369,403,18.45,0.0,11.06479263305664,326.5373229980469,-179.53759765625,1.3928682651709323e-09,0.0009462923518510956,0.75,0.0,0.0272563137114048,2.0972776412963867,0.01307285949587822,0.6198322772979736,-0.002068914473056793,0.013250142335891724,0.00785791128873825,-0.040492452681064606,0.01307285949587822,0.6198322772979736,0.025416774675250053,9.6887845993042,1.4259574959675472,0.013424936659097204,0.006111321877829106,0.001670029315523704,0.001670029315523704,0.25,traj,3.140355304875646,-330.56966479612265,52.38256080137693,-0.01873081922531128,0.0009462923518510956,0.0,0.75,1.0,0.0,0
370,404,18.5,0.0,11.031928062438965,326.53717041015625,-179.54498291015625,1.3928682651709323e-09,0.0009462923518510956,0.75,0.0,0.0272563137114048,2.0972776412963867,0.01307285949587822,0.6198322772979736,-0.002068914473056793,0.013250142335891724,0.00785791128873825,-0.040492452681064606,0.01307285949587822,0.6198322772979736,0.025416774675250053,9.6887845993042,1.4259574959675472,0.013424936659097204,0.006111321877829106,0.001670029315523704,0.001670029315523704,0.25,traj,3.140355304875646,-330.56966479612265,52.38256080137693,-0.01873081922531128,0.0009462923518510956,0.0,0.75,1.0,0.0,0
371,405,18.55,0.0,10.996827125549316,326.53692626953125,-179.54881286621094,1.3928682651709323e-09,0.0009462923518510956,0.75,0.0,0.0272563137114048,2.0972776412963867,0.01307285949587822,0.6198322772979736,-0.002068914473056793,0.013250142335891724,0.00785791128873825,-0.040492452681064606,0.01307285949587822,0.6198322772979736,0.025416774675250053,9.6887845993042,1.4259574959675472,0.013424936659097204,0.006111321877829106,0.001670029315523704,0.001670029315523704,0.25,traj,3.140355304875646,-330.56966479612265,52.38256080137693,-0.01873081922531128,0.0009462923518510956,0.0,0.75,1.0,0.0,0
372,406,18.6,0.0,10.96134090423584,326.53662109375,-179.56044006347656,-5.448300033350506e-09,-0.002965709878922324,0.75,0.0,0.039632782340049744,2.6837058067321777,0.019254453480243683,1.144878625869751,0.0020114779472351074,0.1525874137878418,0.003368757665157318,-0.02886214107275009,0.019254453480243683,1.144878625869751,-0.013224707916378975,4.945533752441406,1.808571845293045,0.010705610677542794,0.008430095210057657,-0.001702338641674703,-0.001702338641674703,0.25,traj,3.1472041169789176,-330.55568710556395,33.125892684310145,0.0482405424118042,-0.002965709878922324,0.0,0.75,1.0,0.0,0
373,407,18.65,0.0,10.951126098632812,326.53668212890625,-179.55352783203125,5.990269391631386e-10,0.0009675683911156854,0.75,0.0,0.02547582983970642,1.7915822267532349,0.01248352974653244,0.4207577705383301,-0.0025288090109825134,-0.01316361129283905,0.009747110307216644,-0.04684086889028549,0.01248352974653244,0.4207577705383301,0.025416774675250053,9.6887845993042,1.2272745718558629,0.01888240958791895,0.006033533612281738,0.001670029315523704,0.001670029315523704,0.25,traj,3.140355304875646,-330.56966479612265,52.38256080137693,-0.02649378776550293,0.0009675683911156854,0.0,0.75,1.0,0.0,0
374,408,18.7,0.0,10.95119571685791,326.53668212890625,-179.55352783203125,5.990269391631386e-10,0.0009675683911156854,0.75,0.0,0.02547582983970642,1.7915822267532349,0.01248352974653244,0.4207577705383301,-0.0025288090109825134,-0.01316361129283905,0.009747110307216644,-0.04684086889028549,0.01248352974653244,0.4207577705383301,0.025416774675250053,9.6887845993042,1.2272745718558629,0.01888240958791895,0.006033533612281738,0.001670029315523704,0.001670029315523704,0.25,traj,3.140355304875646,-330.56966479612265,52.38256080137693,-0.02649378776550293,0.0009675683911156854,0.0,0.75,1.0,0.0,0
375,409,18.75,0.0,10.951189041137695,326.53668212890625,-179.55352783203125,5.990269391631386e-10,0.0009675683911156854,0.75,0.0,0.02547582983970642,1.7915822267532349,0.01248352974653244,0.4207577705383301,-0.0025288090109825134,-0.01316361129283905,0.009747110307216644,-0.04684086889028549,0.01248352974653244,0.4207577705383301,0.025416774675250053,9.6887845993042,1.2272745718558629,0.01888240958791895,0.006033533612281738,0.001670029315523704,0.001670029315523704,0.25,traj,3.140355304875646,-330.56966479612265,52.38256080137693,-0.02649378776550293,0.0009675683911156854,0.0,0.75,1.0,0.0,0
376,410,18.8,0.0,10.951160430908203,326.53668212890625,-179.55352783203125,2.6515989404174434e-10,-0.0029444338396577346,0.75,0.0,0.031830959022045135,2.501157283782959,0.015184745192527771,1.004967451095581,-0.0011232495307922363,0.11045166105031967,0.003710024058818817,-0.02708832174539566,0.015184745192527771,1.004967451095581,-0.013224707916378975,4.945533752441406,1.6857145428657532,0.00961839634365832,0.007082574777804919,-0.001702338641674703,-0.001702338641674703,0.25,traj,3.1472041169789176,-330.55568710556395,33.125892684310145,0.049117445945739746,-0.0029444338396577346,0.0,0.75,1.0,0.0,0
377,411,18.85,0.0,10.951131820678711,326.53668212890625,-179.55352783203125,2.002366272790823e-09,0.000987404398830264,0.75,0.0,0.025508232414722443,2.075974941253662,0.0097121000289917,0.6041529178619385,-0.0027732253074645996,0.0174485445022583,0.007977001368999481,-0.03975055366754532,0.0097121000289917,0.6041529178619385,0.025416774675250053,9.6887845993042,1.411296377579371,0.010233113368959467,0.0068322103992285626,0.001670029315523704,0.001670029315523704,0.25,traj,3.140355304875646,-330.56966479612265,52.38256080137693,-0.022057533264160156,0.000987404398830264,0.0,0.75,1.0,0.0,0
378,412,18.9,0.0,10.949542045593262,326.5366516113281,-179.55389404296875,2.002366272790823e-09,0.000987404398830264,0.75,0.0,0.025508232414722443,2.075974941253662,0.0097121000289917,0.6041529178619385,-0.0027732253074645996,0.0174485445022583,0.007977001368999481,-0.03975055366754532,0.0097121000289917,0.6041529178619385,0.025416774675250053,9.6887845993042,1.411296377579371,0.010233113368959467,0.0068322103992285626,0.001670029315523704,0.001670029315523704,0.25,traj,3.140355304875646,-330.56966479612265,52.38256080137693,-0.022057533264160156,0.000987404398830264,0.0,0.75,1.0,0.0,0
379,413,18.95,0.0,10.948237419128418,326.5366516113281,-179.55409240722656,2.002366272790823e-09,0.000987404398830264,0.75,0.0,0.025508232414722443,2.075974941253662,0.0097121000289917,0.6041529178619385,-0.0027732253074645996,0.0174485445022583,0.007977001368999481,-0.03975055366754532,0.0097121000289917,0.6041529178619385,0.025416774675250053,9.6887845993042,1.411296377579371,0.010233113368959467,0.0068322103992285626,0.001670029315523704,0.001670029315523704,0.25,traj,3.140355304875646,-330.56966479612265,52.38256080137693,-0.022057533264160156,0.000987404398830264,0.0,0.75,1.0,0.0,0
380,414,19.0,0.0,10.94457721710205,326.53662109375,-179.55885314941406,-6.19543882862672e-09,-0.002924597831943156,0.75,0.0,0.041825637221336365,2.7401962280273438,0.020175226032733917,1.1578600406646729,0.0016476809978485107,0.13892462849617004,0.005170099437236786,-0.029758043587207794,0.020175226032733917,1.1578600406646729,-0.013224707916378975,4.945533752441406,1.8468717137972515,0.011091744038620848,0.008710057075037402,-0.001702338641674703,-0.001702338641674703,0.25,traj,3.1472041169789176,-330.55568710556395,33.125892684310145,0.052959322929382324,-0.002924597831943156,0.0,0.75,1.0,0.0,0
381,415,19.05,0.0,10.944092750549316,326.53662109375,-179.560302734375,8.149420027692145e-10,0.0010077868216784437,0.75,0.0,0.02897835522890091,1.9649124145507812,0.013864442706108093,0.5309978723526001,-0.002139836549758911,0.0034042000770568848,0.00903802365064621,-0.043871887028217316,0.013864442706108093,0.5309978723526001,0.025416774675250053,9.6887845993042,1.3402734075983367,0.016618505442022834,0.006709950013085334,0.001670029315523704,0.001670029315523704,0.25,traj,3.140355304875646,-330.56966479612265,52.38256080137693,-0.026068925857543945,0.0010077868216784437,0.0,0.75,1.0,0.0,0
382,416,19.1,0.0,10.944091796875,326.53662109375,-179.560302734375,8.149420027692145e-10,0.0010077868216784437,0.75,0.0,0.02897835522890091,1.9649124145507812,0.013864442706108093,0.5309978723526001,-0.002139836549758911,0.0034042000770568848,0.00903802365064621,-0.043871887028217316,0.013864442706108093,0.5309978723526001,0.025416774675250053,9.6887845993042,1.3402734075983367,0.016618505442022834,0.006709950013085334,0.001670029315523704,0.001670029315523704,0.25,traj,3.140355304875646,-330.56966479612265,52.38256080137693,-0.026068925857543945,0.0010077868216784437,0.0,0.75,1.0,0.0,0
383,417,19.15,0.0,10.944087028503418,326.53662109375,-179.560302734375,8.149420027692145e-10,0.0010077868216784437,0.75,0.0,0.02897835522890091,1.9649124145507812,0.013864442706108093,0.5309978723526001,-0.002139836549758911,0.0034042000770568848,0.00903802365064621,-0.043871887028217316,0.013864442706108093,0.5309978723526001,0.025416774675250053,9.6887845993042,1.3402734075983367,0.016618505442022834,0.006709950013085334,0.001670029315523704,0.001670029315523704,0.25,traj,3.140355304875646,-330.56966479612265,52.38256080137693,-0.026068925857543945,0.0010077868216784437,0.0,0.75,1.0,0.0,0
384,418,19.2,0.0,10.944082260131836,326.53662109375,-179.560302734375,-2.1824324569763576e-09,-0.0029042154090949757,0.75,0.0,0.030217856168746948,2.5861244201660156,0.015039034187793732,1.0952427387237549,-0.0004157945513725281,0.1433529257774353,0.001487545669078827,-0.02895408123731613,0.015039034187793732,1.0952427387237549,-0.013224707916378975,4.945533752441406,1.743527779976527,0.008741020599274793,0.006481290457871463,-0.001702338641674703,-0.001702338641674703,0.25,traj,3.1472041169789176,-330.55568710556395,33.125892684310145,0.04831385612487793,-0.0029042154090949757,0.0,0.75,1.0,0.0,0
385,419,19.25,0.0,10.944076538085938,326.53662109375,-179.560302734375,1.6998779051036195e-09,0.001028391225674649,0.75,0.0,0.030066318809986115,2.168659210205078,0.01080445945262909,0.6646589040756226,-0.0015522092580795288,0.026499256491661072,0.007581703364849091,-0.0379752442240715,0.01080445945262909,0.6646589040756226,0.025416774675250053,9.6887845993042,1.471680815021197,0.010347784656024903,0.00815278952975514,0.001670029315523704,0.001670029315523704,0.25,traj,3.140355304875646,-330.56966479612265,52.38256080137693,-0.015465974807739258,0.001028391225674649,0.0,0.75,1.0,0.0,0
386,420,19.3,0.0,10.944073677062988,326.53662109375,-179.560302734375,1.6998779051036195e-09,0.001028391225674649,0.75,0.0,0.030066318809986115,2.168659210205078,0.01080445945262909,0.6646589040756226,-0.0015522092580795288,0.026499256491661072,0.007581703364849091,-0.0379752442240715,0.01080445945262909,0.6646589040756226,0.025416774675250053,9.6887845993042,1.471680815021197,0.010347784656024903,0.00815278952975514,0.001670029315523704,0.001670029315523704,0.25,traj,3.140355304875646,-330.56966479612265,52.38256080137693,-0.015465974807739258,0.001028391225674649,0.0,0.75,1.0,0.0,0
387,421,19.35,0.0,10.944069862365723,326.53662109375,-179.56031799316406,1.6998779051036195e-09,0.001028391225674649,0.75,0.0,0.030066318809986115,2.168659210205078,0.01080445945262909,0.6646589040756226,-0.0015522092580795288,0.026499256491661072,0.007581703364849091,-0.0379752442240715,0.01080445945262909,0.6646589040756226,0.025416774675250053,9.6887845993042,1.471680815021197,0.010347784656024903,0.00815278952975514,0.001670029315523704,0.001670029315523704,0.25,traj,3.140355304875646,-330.56966479612265,52.38256080137693,-0.015465974807739258,0.001028391225674649,0.0,0.75,1.0,0.0,0
388,422,19.4,0.0,10.94406795501709,326.53662109375,-179.56031799316406,1.5479455495182037e-09,-0.0028836110050987707,0.75,0.0,0.04557587206363678,2.782761573791504,0.02171710878610611,1.2030668258666992,0.0015048310160636902,0.1567944884300232,0.005464665591716766,-0.02456752210855484,0.02171710878610611,1.2030668258666992,-0.013224707916378975,4.945533752441406,1.8718318343162537,0.01149070297714037,0.00961437412114709,-0.001702338641674703,-0.001702338641674703,0.25,traj,3.1472041169789176,-330.55568710556395,33.125892684310145,0.04764366149902344,-0.0028836110050987707,0.0,0.75,1.0,0.0,0
389,423,19.45,0.0,10.944067001342773,326.53662109375,-179.56031799316406,6.291708265493412e-10,0.0010476239000125431,0.75,0.0,0.027280986309051514,1.994211196899414,0.012345530092716217,0.5431490540504456,-0.0032393410801887512,-0.0005470961332321167,0.00846865028142929,-0.04444756358861923,0.012345530092716217,0.5431490540504456,0.025416774675250053,9.6887845993042,1.3603289822737377,0.01446760298139504,0.006552324425239596,0.001670029315523704,0.001670029315523704,0.25,traj,3.140355304875646,-330.56966479612265,52.38256080137693,-0.025480568408966064,0.0010476239000125431,0.0,0.75,1.0,0.0,0
390,424,19.5,0.0,10.944066047668457,326.53662109375,-179.56031799316406,6.291708265493412e-10,0.0010476239000125431,0.75,0.0,0.027280986309051514,1.994211196899414,0.012345530092716217,0.5431490540504456,-0.0032393410801887512,-0.0005470961332321167,0.00846865028142929,-0.04444756358861923,0.012345530092716217,0.5431490540504456,0.025416774675250053,9.6887845993042,1.3603289822737377,0.01446760298139504,0.006552324425239596,0.001670029315523704,0.001670029315523704,0.25,traj,3.140355304875646,-330.56966479612265,52.38256080137693,-0.025480568408966064,0.0010476239000125431,0.0,0.75,1.0,0.0,0
391,425,19.55,0.0,10.94406509399414,326.53662109375,-179.56031799316406,6.291708265493412e-10,0.0010476239000125431,0.75,0.0,0.027280986309051514,1.994211196899414,0.012345530092716217,0.5431490540504456,-0.0032393410801887512,-0.0005470961332321167,0.00846865028142929,-0.04444756358861923,0.012345530092716217,0.5431490540504456,0.025416774675250053,9.6887845993042,1.3603289822737377,0.01446760298139504,0.006552324425239596,0.001670029315523704,0.001670029315523704,0.25,traj,3.140355304875646,-330.56966479612265,52.38256080137693,-0.025480568408966064,0.0010476239000125431,0.0,0.75,1.0,0.0,0
392,426,19.6,0.0,10.94406509399414,326.53662109375,-179.56031799316406,3.527124980973184e-10,-0.0028643783307608765,0.75,0.0,0.03162731975317001,2.5759239196777344,0.016345545649528503,1.079146385192871,-0.00032827258110046387,0.13649654388427734,0.0021028444170951843,-0.027752242982387543,0.016345545649528503,1.079146385192871,-0.013224707916378975,4.945533752441406,1.7359464665253959,0.009641998441790253,0.0064995042956581634,-0.001702338641674703,-0.001702338641674703,0.25,traj,3.1472041169789176,-330.55568710556395,33.125892684310145,0.047966718673706055,-0.0028643783307608765,0.0,0.75,1.0,0.0,0
393,427,19.65,0.0,10.944063186645508,326.53662109375,-179.56031799316406,1.5318513124640276e-09,0.0010665890586079453,0.75,0.0,0.030425745993852615,1.9404946565628052,0.012539368122816086,0.5107684135437012,-0.0007536783814430237,0.0017930716276168823,0.009993098676204681,-0.04471451789140701,0.012539368122816086,0.5107684135437012,0.025416774675250053,9.6887845993042,1.324480121334394,0.015625851282647645,0.007963896853708897,0.001670029315523704,0.001670029315523704,0.25,traj,3.140355304875646,-330.56966479612265,52.38256080137693,-0.017781853675842285,0.0010665890586079453,0.0,0.75,1.0,0.0,0
394,428,19.7,0.0,10.944063186645508,326.53662109375,-179.56031799316406,1.5318513124640276e-09,0.0010665890586079453,0.75,0.0,0.030425745993852615,1.9404946565628052,0.012539368122816086,0.5107684135437012,-0.0007536783814430237,0.0017930716276168823,0.009993098676204681,-0.04471451789140701,0.012539368122816086,0.5107684135437012,0.025416774675250053,9.6887845993042,1.324480121334394,0.015625851282647645,0.007963896853708897,0.001670029315523704,0.001670029315523704,0.25,traj,3.140355304875646,-330.56966479612265,52.38256080137693,-0.017781853675842285,0.0010665890586079453,0.0,0.75,1.0,0.0,0
395,429,19.75,0.0,10.944062232971191,326.53662109375,-179.56031799316406,1.5318513124640276e-09,0.0010665890586079453,0.75,0.0,0.030425745993852615,1.9404946565628052,0.012539368122816086,0.5107684135437012,-0.0007536783814430237,0.0017930716276168823,0.009993098676204681,-0.04471451789140701,0.012539368122816086,0.5107684135437012,0.025416774675250053,9.6887845993042,1.324480121334394,0.015625851282647645,0.007963896853708897,0.001670029315523704,0.001670029315523704,0.25,traj,3.140355304875646,-330.56966479612265,52.38256080137693,-0.017781853675842285,0.0010665890586079453,0.0,0.75,1.0,0.0,0
396,430,19.8,0.0,10.944062232971191,326.53662109375,-179.56031799316406,-2.721365667535114e-11,-0.0028454131721654743,0.75,0.0,0.04133814573287964,2.875377655029297,0.02077753096818924,1.2914334535598755,0.002351120114326477,0.18711626529693604,0.005487434566020966,-0.028979934751987457,0.02077753096818924,1.2914334535598755,-0.013224707916378975,4.945533752441406,1.9364449282487235,0.010241537268935817,0.00826328681232779,-0.001702338641674703,-0.001702338641674703,0.25,traj,3.1472041169789176,-330.55568710556395,33.125892684310145,0.04991316795349121,-0.0028454131721654743,0.0,0.75,1.0,0.0,0
397,431,19.85,0.0,10.944062232971191,326.53662109375,-179.56031799316406,9.705484194100222e-10,0.0009546963304423656,0.75,0.0,0.028839532285928726,2.028200149536133,0.012132223695516586,0.5629926323890686,-0.001906171441078186,0.003880247473716736,0.006044350564479828,-0.0429496094584465,0.012132223695516586,0.5629926323890686,0.025416774675250053,9.6887845993042,1.381394232312838,0.013716737518638304,0.007258869549382026,0.001670029315523704,0.001670029315523704,0.25,traj,3.140355304875646,-330.56966479612265,52.38256080137693,-0.023030757904052734,0.0009546963304423656,0.0,0.75,1.0,0.0,0
398,432,19.9,0.0,10.944062232971191,326.53662109375,-179.56031799316406,9.705484194100222e-10,0.0009546963304423656,0.75,0.0,0.028839532285928726,2.028200149536133,0.012132223695516586,0.5629926323890686,-0.001906171441078186,0.003880247473716736,0.006044350564479828,-0.0429496094584465,0.012132223695516586,0.5629926323890686,0.025416774675250053,9.6887845993042,1.381394232312838,0.013716737518638304,0.007258869549382026,0.001670029315523704,0.001670029315523704,0.25,traj,3.140355304875646,-330.56966479612265,52.38256080137693,-0.023030757904052734,0.0009546963304423656,0.0,0.75,1.0,0.0,0
399,433,19.95,0.0,10.944062232971191,326.53662109375,-179.56031799316406,9.705484194100222e-10,0.0009546963304423656,0.75,0.0,0.028839532285928726,2.028200149536133,0.012132223695516586,0.5629926323890686,-0.001906171441078186,0.003880247473716736,0.006044350564479828,-0.0429496094584465,0.012132223695516586,0.5629926323890686,0.025416774675250053,9.6887845993042,1.381394232312838,0.013716737518638304,0.007258869549382026,0.001670029315523704,0.001670029315523704,0.25,traj,3.140355304875646,-330.56966479612265,52.38256080137693,-0.023030757904052734,0.0009546963304423656,0.0,0.75,1.0,0.0,0
400,434,20.0,0.0,10.944062232971191,326.53662109375,-179.56031799316406,-7.133680868243175e-10,-0.002957305900331054,0.75,0.0,0.03149256855249405,2.528048515319824,0.0155554860830307,1.0462952852249146,-0.0011625438928604126,0.1290920078754425,0.004605285823345184,-0.028149016201496124,0.0155554860830307,1.0462952852249146,-0.013224707916378975,4.945533752441406,1.7043609122435253,0.009464034068416033,0.00684693325143948,-0.001702338641674703,-0.001702338641674703,0.25,traj,3.1472041169789176,-330.55568710556395,33.125892684310145,0.0436173677444458,-0.002957305900331054,0.0,0.75,1.0,0.0,0
401,435,20.05,0.0,10.944062232971191,326.53662109375,-179.56031799316406,2.456294279085114e-09,0.0009636495700793906,0.75,0.0,0.02481094002723694,2.1001570224761963,0.01024617999792099,0.6236569285392761,-0.0030338838696479797,0.017191961407661438,0.008529894053936005,-0.04218968003988266,0.01024617999792099,0.6236569285392761,0.025416774675250053,9.6887845993042,1.429119589428107,0.010458206047606776,0.006279648095374531,0.001670029315523704,0.001670029315523704,0.25,traj,3.140355304875646,-330.56966479612265,52.38256080137693,-0.019869089126586914,0.0009636495700793906,0.0,0.75,1.0,0.0,0
402,436,20.1,0.0,10.944062232971191,326.53662109375,-179.56031799316406,2.456294279085114e-09,0.0009636495700793906,0.75,0.0,0.02481094002723694,2.1001570224761963,0.01024617999792099,0.6236569285392761,-0.0030338838696479797,0.017191961407661438,0.008529894053936005,-0.04218968003988266,0.01024617999792099,0.6236569285392761,0.025416774675250053,9.6887845993042,1.429119589428107,0.010458206047606776,0.006279648095374531,0.001670029315523704,0.001670029315523704,0.25,traj,3.140355304875646,-330.56966479612265,52.38256080137693,-0.019869089126586914,0.0009636495700793906,0.0,0.75,1.0,0.0,0
403,437,20.15,0.0,10.944062232971191,326.53662109375,-179.56031799316406,2.456294279085114e-09,0.0009636495700793906,0.75,0.0,0.02481094002723694,2.1001570224761963,0.01024617999792099,0.6236569285392761,-0.0030338838696479797,0.017191961407661438,0.008529894053936005,-0.04218968003988266,0.01024617999792099,0.6236569285392761,0.025416774675250053,9.6887845993042,1.429119589428107,0.010458206047606776,0.006279648095374531,0.001670029315523704,0.001670029315523704,0.25,traj,3.140355304875646,-330.56966479612265,52.38256080137693,-0.019869089126586914,0.0009636495700793906,0.0,0.75,1.0,0.0,0
404,438,20.2,0.0,10.944062232971191,326.53662109375,-179.56031799316406,8.751716684685107e-09,-0.002948352660694029,0.75,0.0,0.04618929326534271,2.8402585983276367,0.021306850016117096,1.250413417816162,0.0021278783679008484,0.17491668462753296,0.007264487445354462,-0.023909293115139008,0.021306850016117096,1.250413417816162,-0.013224707916378975,4.945533752441406,1.909733275572459,0.010846843811380503,0.009962865550799296,-0.001702338641674703,-0.001702338641674703,0.25,traj,3.1472041169789176,-330.55568710556395,33.125892684310145,0.05198979377746582,-0.002948352660694029,0.0,0.75,1.0,0.0,0
405,439,20.25,0.0,10.944062232971191,326.53662109375,-179.56031799316406,6.499094595824317e-10,0.0009718287216104809,0.75,0.0,0.023082267493009567,1.9028778076171875,0.011163923889398575,0.49176570773124695,-0.0028623491525650024,-0.003253757953643799,0.007921479642391205,-0.045552052557468414,0.011163923889398575,0.49176570773124695,0.025416774675250053,9.6887845993042,1.300021228690942,0.014449844489553006,0.005376772978089623,0.001670029315523704,0.001670029315523704,0.25,traj,3.140355304875646,-330.56966479612265,52.38256080137693,-0.026962220668792725,0.0009718287216104809,0.0,0.75,1.0,0.0,0
406,440,20.3,0.0,10.944062232971191,326.53662109375,-179.56031799316406,6.499094595824317e-10,0.0009718287216104809,0.75,0.0,0.023082267493009567,1.9028778076171875,0.011163923889398575,0.49176570773124695,-0.0028623491525650024,-0.003253757953643799,0.007921479642391205,-0.045552052557468414,0.011163923889398575,0.49176570773124695,0.025416774675250053,9.6887845993042,1.300021228690942,0.014449844489553006,0.005376772978089623,0.001670029315523704,0.001670029315523704,0.25,traj,3.140355304875646,-330.56966479612265,52.38256080137693,-0.026962220668792725,0.0009718287216104809,0.0,0.75,1.0,0.0,0
407,441,20.35,0.0,10.944062232971191,326.53662109375,-179.56031799316406,6.499094595824317e-10,0.0009718287216104809,0.75,0.0,0.023082267493009567,1.9028778076171875,0.011163923889398575,0.49176570773124695,-0.0028623491525650024,-0.003253757953643799,0.007921479642391205,-0.045552052557468414,0.011163923889398575,0.49176570773124695,0.025416774675250053,9.6887845993042,1.300021228690942,0.014449844489553006,0.005376772978089623,0.001670029315523704,0.001670029315523704,0.25,traj,3.140355304875646,-330.56966479612265,52.38256080137693,-0.026962220668792725,0.0009718287216104809,0.0,0.75,1.0,0.0,0
408,442,20.4,0.0,10.944062232971191,326.53662109375,-179.56031799316406,0.0,-0.0029401735091629387,0.75,0.0,0.03288356214761734,2.4116530418395996,0.015183702111244202,0.9477159976959229,-0.0006925538182258606,0.09878864139318466,0.0015570446848869324,-0.026415176689624786,0.015183702111244202,0.9477159976959229,-0.013224707916378975,4.945533752441406,1.625562608242035,0.010198658859146292,0.007696760566170621,-0.001702338641674703,-0.001702338641674703,0.25,traj,3.1472041169789176,-330.55568710556395,33.125892684310145,0.04993164539337158,-0.0029401735091629387,0.0,0.75,1.0,0.0,0
409,443,20.45,0.0,10.944062232971191,326.53662109375,-179.56031799316406,1.3409874322078963e-09,0.0008448555049399438,0.75,0.0,0.029447458684444427,2.147120475769043,0.011497154831886292,0.6495695114135742,-0.002885587513446808,0.02464185655117035,0.007196925580501556,-0.038586728274822235,0.011497154831886292,0.6495695114135742,0.025416774675250053,9.6887845993042,1.4578526765108109,0.01126674866335473,0.00763043184023072,0.001670029315523704,0.001670029315523704,0.25,traj,3.140355304875646,-330.56966479612265,52.38256080137693,-0.01924765110015869,0.0008448555049399438,0.0,0.75,1.0,0.0,0
410,444,20.5,0.0,10.944062232971191,326.53662109375,-179.56031799316406,1.3409874322078963e-09,0.0008448555049399438,0.75,0.0,0.029447458684444427,2.147120475769043,0.011497154831886292,0.6495695114135742,-0.002885587513446808,0.02464185655117035,0.007196925580501556,-0.038586728274822235,0.011497154831886292,0.6495695114135742,0.025416774675250053,9.6887845993042,1.4578526765108109,0.01126674866335473,0.00763043184023072,0.001670029315523704,0.001670029315523704,0.25,traj,3.140355304875646,-330.56966479612265,52.38256080137693,-0.01924765110015869,0.0008448555049399438,0.0,0.75,1.0,0.0,0
411,445,20.55,0.0,10.944062232971191,326.53662109375,-179.56031799316406,1.3409874322078963e-09,0.0008448555049399438,0.75,0.0,0.029447458684444427,2.147120475769043,0.011497154831886292,0.6495695114135742,-0.002885587513446808,0.02464185655117035,0.007196925580501556,-0.038586728274822235,0.011497154831886292,0.6495695114135742,0.025416774675250053,9.6887845993042,1.4578526765108109,0.01126674866335473,0.00763043184023072,0.001670029315523704,0.001670029315523704,0.25,traj,3.140355304875646,-330.56966479612265,52.38256080137693,-0.01924765110015869,0.0008448555049399438,0.0,0.75,1.0,0.0,0
412,446,20.6,0.0,10.944062232971191,326.53662109375,-179.56031799316406,-3.852560215289458e-10,-0.0030671467258334755,0.75,0.0,0.03571554273366928,2.8049368858337402,0.019015729427337646,1.261479139328003,0.0019787847995758057,0.1917460858821869,0.006401292979717255,-0.029125966131687164,0.019015729427337646,1.261479139328003,-0.013224707916378975,4.945533752441406,1.889555404583613,0.0095957808284065,0.006887762604477999,-0.001702338641674703,-0.001702338641674703,0.25,traj,3.1472041169789176,-330.55568710556395,33.125892684310145,0.051960110664367676,-0.0030671467258334755,0.0,0.75,1.0,0.0,0
413,447,20.65,0.0,10.944062232971191,326.53662109375,-179.56031799316406,4.976665746170283e-10,0.0008448270458184023,0.75,0.0,0.026468496769666672,1.9193921089172363,0.01300758495926857,0.49498170614242554,-0.0028469935059547424,-0.0022218674421310425,0.008831284940242767,-0.0449536070227623,0.01300758495926857,0.49498170614242554,0.025416774675250053,9.6887845993042,1.310819330314795,0.01672581530298281,0.006016002793412039,0.001670029315523704,0.001670029315523704,0.25,traj,3.140355304875646,-330.56966479612265,52.38256080137693,-0.0236663818359375,0.0008448270458184023,0.0,0.75,1.0,0.0,0
414,448,20.7,0.0,10.944062232971191,326.53662109375,-179.56031799316406,4.976665746170283e-10,0.0008448270458184023,0.75,0.0,0.026468496769666672,1.9193921089172363,0.01300758495926857,0.49498170614242554,-0.0028469935059547424,-0.0022218674421310425,0.008831284940242767,-0.0449536070227623,0.01300758495926857,0.49498170614242554,0.025416774675250053,9.6887845993042,1.310819330314795,0.01672581530298281,0.006016002793412039,0.001670029315523704,0.001670029315523704,0.25,traj,3.140355304875646,-330.56966479612265,52.38256080137693,-0.0236663818359375,0.0008448270458184023,0.0,0.75,1.0,0.0,0
415,449,20.75,0.0,10.944062232971191,326.53662109375,-179.56031799316406,4.976665746170283e-10,0.0008448270458184023,0.75,0.0,0.026468496769666672,1.9193921089172363,0.01300758495926857,0.49498170614242554,-0.0028469935059547424,-0.0022218674421310425,0.008831284940242767,-0.0449536070227623,0.01300758495926857,0.49498170614242554,0.025416774675250053,9.6887845993042,1.310819330314795,0.01672581530298281,0.006016002793412039,0.001670029315523704,0.001670029315523704,0.25,traj,3.140355304875646,-330.56966479612265,52.38256080137693,-0.0236663818359375,0.0008448270458184023,0.0,0.75,1.0,0.0,0
416,450,20.8,0.0,10.944062232971191,326.53662109375,-179.56031799316406,6.646598382786806e-09,-0.0030671751849550176,0.75,0.0,0.032309286296367645,2.5279288291931152,0.01554398238658905,1.0195392370224,-0.0004930570721626282,0.11244858056306839,0.002769283950328827,-0.02785342186689377,0.01554398238658905,1.0195392370224,-0.013224707916378975,4.945533752441406,1.7040367623170218,0.00970521563710826,0.007075516915662573,-0.001702338641674703,-0.001702338641674703,0.25,traj,3.1472041169789176,-330.55568710556395,33.125892684310145,0.04866325855255127,-0.0030671751849550176,0.0,0.75,1.0,0.0,0
417,451,20.85,0.0,10.944062232971191,326.53662109375,-179.56031799316406,1.4198068276627396e-09,0.0008462386182468715,0.75,0.0,0.02456779032945633,2.099804401397705,0.010200604796409607,0.6227843761444092,-0.001808255910873413,0.017979681491851807,0.008465342223644257,-0.04041958600282669,0.010200604796409607,0.6227843761444092,0.025416774675250053,9.6887845993042,1.4275398875276246,0.010426255940489272,0.006192297564989147,0.001670029315523704,0.001670029315523704,0.25,traj,3.140355304875646,-330.56966479612265,52.38256080137693,-0.023289203643798828,0.0008462386182468715,0.0,0.75,1.0,0.0,0
418,452,20.9,0.0,10.944062232971191,326.53662109375,-179.56031799316406,1.4198068276627396e-09,0.0008462386182468715,0.75,0.0,0.02456779032945633,2.099804401397705,0.010200604796409607,0.6227843761444092,-0.001808255910873413,0.017979681491851807,0.008465342223644257,-0.04041958600282669,0.010200604796409607,0.6227843761444092,0.025416774675250053,9.6887845993042,1.4275398875276246,0.010426255940489272,0.006192297564989147,0.001670029315523704,0.001670029315523704,0.25,traj,3.140355304875646,-330.56966479612265,52.38256080137693,-0.023289203643798828,0.0008462386182468715,0.0,0.75,1.0,0.0,0
419,453,20.95,0.0,10.944062232971191,326.53662109375,-179.56031799316406,1.4198068276627396e-09,0.0008462386182468715,0.75,0.0,0.02456779032945633,2.099804401397705,0.010200604796409607,0.6227843761444092,-0.001808255910873413,0.017979681491851807,0.008465342223644257,-0.04041958600282669,0.010200604796409607,0.6227843761444092,0.025416774675250053,9.6887845993042,1.4275398875276246,0.010426255940489272,0.006192297564989147,0.001670029315523704,0.001670029315523704,0.25,traj,3.140355304875646,-330.56966479612265,52.38256080137693,-0.023289203643798828,0.0008462386182468715,0.0,0.75,1.0,0.0,0
420,454,21.0,0.0,10.944062232971191,326.53662109375,-179.56031799316406,-7.70497499136269e-10,-0.0030657636125265486,0.75,0.0,0.04207867383956909,2.797801971435547,0.021456442773342133,1.2246952056884766,0.0023225173354148865,0.16810426115989685,0.005106501281261444,-0.029751010239124298,0.021456442773342133,1.2246952056884766,-0.013224707916378975,4.945533752441406,1.8852539559205372,0.011152305049261627,0.008345097300386387,-0.001702338641674703,-0.001702338641674703,0.25,traj,3.1472041169789176,-330.55568710556395,33.125892684310145,0.05200541019439697,-0.0030657636125265486,0.0,0.75,1.0,0.0,0
421,455,21.05,0.0,10.944062232971191,326.53662109375,-179.56031799316406,-5.317705650820237e-11,0.0008465402849352137,0.75,0.0,0.023903489112854004,1.7957618236541748,0.012386821210384369,0.42409783601760864,-0.00226438045501709,-0.012864962220191956,0.007828675210475922,-0.046674661338329315,0.012386821210384369,0.42409783601760864,0.025416774675250053,9.6887845993042,1.229469892879327,0.018588787344599178,0.005345050543944453,0.001670029315523704,0.001670029315523704,0.25,traj,3.140355304875646,-330.56966479612265,52.38256080137693,-0.02996373176574707,0.0008465402849352137,0.0,0.75,1.0,0.0,0
422,456,21.1,0.0,10.944062232971191,326.53662109375,-179.56031799316406,-5.317705650820237e-11,0.0008465402849352137,0.75,0.0,0.023903489112854004,1.7957618236541748,0.012386821210384369,0.42409783601760864,-0.00226438045501709,-0.012864962220191956,0.007828675210475922,-0.046674661338329315,0.012386821210384369,0.42409783601760864,0.025416774675250053,9.6887845993042,1.229469892879327,0.018588787344599178,0.005345050543944453,0.001670029315523704,0.001670029315523704,0.25,traj,3.140355304875646,-330.56966479612265,52.38256080137693,-0.02996373176574707,0.0008465402849352137,0.0,0.75,1.0,0.0,0
423,457,21.15,0.0,10.944062232971191,326.53662109375,-179.56031799316406,-5.317705650820237e-11,0.0008465402849352137,0.75,0.0,0.023903489112854004,1.7957618236541748,0.012386821210384369,0.42409783601760864,-0.00226438045501709,-0.012864962220191956,0.007828675210475922,-0.046674661338329315,0.012386821210384369,0.42409783601760864,0.025416774675250053,9.6887845993042,1.229469892879327,0.018588787344599178,0.005345050543944453,0.001670029315523704,0.001670029315523704,0.25,traj,3.140355304875646,-330.56966479612265,52.38256080137693,-0.02996373176574707,0.0008465402849352137,0.0,0.75,1.0,0.0,0
424,458,21.2,0.0,10.944062232971191,326.53662109375,-179.56031799316406,-2.3183832631445966e-10,-0.0030654619458382057,0.75,0.0,0.03751339018344879,2.546266794204712,0.01701740175485611,1.0583453178405762,-0.0009398460388183594,0.1293906569480896,0.004706136882305145,-0.02571742981672287,0.01701740175485611,1.0583453178405762,-0.013224707916378975,4.945533752441406,1.714934448401133,0.010235465989673584,0.008768796701899511,-0.001702338641674703,-0.001702338641674703,0.25,traj,3.1472041169789176,-330.55568710556395,33.125892684310145,0.04883873462677002,-0.0030654619458382057,0.0,0.75,1.0,0.0,0
425,459,21.25,0.0,10.944062232971191,326.53662109375,-179.56031799316406,1.6264428692736033e-09,0.0008465402849352137,0.75,0.0,0.03161094710230827,2.138105869293213,0.011781308799982071,0.6437882781028748,-0.0013220533728599548,0.021378293633461,0.006598524749279022,-0.03707601875066757,0.011781308799982071,0.6437882781028748,0.025416774675250053,9.6887845993042,1.450656957924366,0.011648859801921556,0.0084474742469458,0.001670029315523704,0.001670029315523704,0.25,traj,3.140355304875646,-330.56966479612265,52.38256080137693,-0.015239059925079346,0.0008465402849352137,0.0,0.75,1.0,0.0,0
426,460,21.3,0.0,10.944062232971191,326.53662109375,-179.56031799316406,1.6264428692736033e-09,0.0008465402849352137,0.75,0.0,0.03161094710230827,2.138105869293213,0.011781308799982071,0.6437882781028748,-0.0013220533728599548,0.021378293633461,0.006598524749279022,-0.03707601875066757,0.011781308799982071,0.6437882781028748,0.025416774675250053,9.6887845993042,1.450656957924366,0.011648859801921556,0.0084474742469458,0.001670029315523704,0.001670029315523704,0.25,traj,3.140355304875646,-330.56966479612265,52.38256080137693,-0.015239059925079346,0.0008465402849352137,0.0,0.75,1.0,0.0,0
427,461,21.35,0.0,10.944062232971191,326.53662109375,-179.56031799316406,1.6264428692736033e-09,0.0008465402849352137,0.75,0.0,0.03161094710230827,2.138105869293213,0.011781308799982071,0.6437882781028748,-0.0013220533728599548,0.021378293633461,0.006598524749279022,-0.03707601875066757,0.011781308799982071,0.6437882781028748,0.025416774675250053,9.6887845993042,1.450656957924366,0.011648859801921556,0.0084474742469458,0.001670029315523704,0.001670029315523704,0.25,traj,3.140355304875646,-330.56966479612265,52.38256080137693,-0.015239059925079346,0.0008465402849352137,0.0,0.75,1.0,0.0,0
428,462,21.4,0.0,10.944062232971191,326.53662109375,-179.56031799316406,-6.040923403866083e-12,-0.0030654619458382057,0.75,0.0,0.04724536091089249,2.6237683296203613,0.021290495991706848,1.0946052074432373,0.002532742917537689,0.129523366689682,0.006712399423122406,-0.024303101003170013,0.021290495991706848,1.0946052074432373,-0.013224707916378975,4.945533752441406,1.7656871676445007,0.012380904298965364,0.010804496638526423,-0.001702338641674703,-0.001702338641674703,0.25,traj,3.1472041169789176,-330.55568710556395,33.125892684310145,0.050070762634277344,-0.0030654619458382057,0.0,0.75,1.0,0.0,0
429,463,21.45,0.0,10.944062232971191,326.53662109375,-179.56031799316406,-2.395718068370911e-10,0.0008465402849352137,0.75,0.0,0.024889279156923294,1.9523699283599854,0.012368064373731613,0.5166236758232117,-0.003210887312889099,0.0008031576871871948,0.00810413807630539,-0.04509105533361435,0.012368064373731613,0.5166236758232117,0.025416774675250053,9.6887845993042,1.3327499801913896,0.015237896537790922,0.0055518534938142836,0.001670029315523704,0.001670029315523704,0.25,traj,3.140355304875646,-330.56966479612265,52.38256080137693,-0.025529980659484863,0.0008465402849352137,0.0,0.75,1.0,0.0,0
430,464,21.5,0.0,10.944062232971191,326.53662109375,-179.56031799316406,-2.395718068370911e-10,0.0008465402849352137,0.75,0.0,0.024889279156923294,1.9523699283599854,0.012368064373731613,0.5166236758232117,-0.003210887312889099,0.0008031576871871948,0.00810413807630539,-0.04509105533361435,0.012368064373731613,0.5166236758232117,0.025416774675250053,9.6887845993042,1.3327499801913896,0.015237896537790922,0.0055518534938142836,0.001670029315523704,0.001670029315523704,0.25,traj,3.140355304875646,-330.56966479612265,52.38256080137693,-0.025529980659484863,0.0008465402849352137,0.0,0.75,1.0,0.0,0
431,465,21.55,0.0,10.944062232971191,326.53662109375,-179.56031799316406,-2.395718068370911e-10,0.0008465402849352137,0.75,0.0,0.024889279156923294,1.9523699283599854,0.012368064373731613,0.5166236758232117,-0.003210887312889099,0.0008031576871871948,0.00810413807630539,-0.04509105533361435,0.012368064373731613,0.5166236758232117,0.025416774675250053,9.6887845993042,1.3327499801913896,0.015237896537790922,0.0055518534938142836,0.001670029315523704,0.001670029315523704,0.25,traj,3.140355304875646,-330.56966479612265,52.38256080137693,-0.025529980659484863,0.0008465402849352137,0.0,0.75,1.0,0.0,0
432,466,21.6,0.0,10.944062232971191,326.53662109375,-179.56031799316406,-1.563276591509677e-10,-0.0030654619458382057,0.75,0.0,0.029388584196567535,2.3380236625671387,0.01395532488822937,0.924687385559082,-0.001139320433139801,0.10102420300245285,0.0010603293776512146,-0.032687343657016754,0.01395532488822937,0.924687385559082,-0.013224707916378975,4.945533752441406,1.5806344350179038,0.00960708858603241,0.0069514351457406745,-0.001702338641674703,-0.001702338641674703,0.25,traj,3.1472041169789176,-330.55568710556395,33.125892684310145,0.04826927185058594,-0.0030654619458382057,0.0,0.75,1.0,0.0,0
433,467,21.65,0.0,10.944062232971191,326.53662109375,-179.56031799316406,9.464784511692415e-10,0.0008465402849352137,0.75,0.0,0.025427713990211487,2.0861217975616455,0.01015792042016983,0.6097033023834229,-0.003308817744255066,0.018579453229904175,0.006363116204738617,-0.03869882971048355,0.01015792042016983,0.6097033023834229,0.025416774675250053,9.6887845993042,1.4172424872716267,0.010605358678725163,0.006583970968393988,0.001670029315523704,0.001670029315523704,0.25,traj,3.140355304875646,-330.56966479612265,52.38256080137693,-0.02191382646560669,0.0008465402849352137,0.0,0.75,1.0,0.0,0
434,468,21.7,0.0,10.944062232971191,326.53662109375,-179.56031799316406,9.464784511692415e-10,0.0008465402849352137,0.75,0.0,0.025427713990211487,2.0861217975616455,0.01015792042016983,0.6097033023834229,-0.003308817744255066,0.018579453229904175,0.006363116204738617,-0.03869882971048355,0.01015792042016983,0.6097033023834229,0.025416774675250053,9.6887845993042,1.4172424872716267,0.010605358678725163,0.006583970968393988,0.001670029315523704,0.001670029315523704,0.25,traj,3.140355304875646,-330.56966479612265,52.38256080137693,-0.02191382646560669,0.0008465402849352137,0.0,0.75,1.0,0.0,0
435,469,21.75,0.0,10.944062232971191,326.53662109375,-179.56031799316406,9.464784511692415e-10,0.0008465402849352137,0.75,0.0,0.025427713990211487,2.0861217975616455,0.01015792042016983,0.6097033023834229,-0.003308817744255066,0.018579453229904175,0.006363116204738617,-0.03869882971048355,0.01015792042016983,0.6097033023834229,0.025416774675250053,9.6887845993042,1.4172424872716267,0.010605358678725163,0.006583970968393988,0.001670029315523704,0.001670029315523704,0.25,traj,3.140355304875646,-330.56966479612265,52.38256080137693,-0.02191382646560669,0.0008465402849352137,0.0,0.75,1.0,0.0,0
436,470,21.8,0.0,10.944062232971191,326.53662109375,-179.56031799316406,4.7977639222596125e-11,-0.0030654619458382057,0.75,0.0,0.0455525666475296,2.6319422721862793,0.021077387034893036,1.084193229675293,0.001507103443145752,0.11918110400438309,0.0032438263297080994,-0.028235845267772675,0.021077387034893036,1.084193229675293,-0.013224707916378975,4.945533752441406,1.7737202445665994,0.012374757128712353,0.0100663049712296,-0.001702338641674703,-0.001702338641674703,0.25,traj,3.1472041169789176,-330.55568710556395,33.125892684310145,0.05266690254211426,-0.0030654619458382057,0.0,0.75,1.0,0.0,0
437,471,21.85,0.0,10.944062232971191,326.53662109375,-179.56031799316406,-1.6270096381276744e-10,0.0008465402849352137,0.75,0.0,0.029388070106506348,1.949354648590088,0.013042919337749481,0.508847713470459,-0.0021262168884277344,-0.003208339214324951,0.00859137624502182,-0.04364386945962906,0.013042919337749481,0.508847713470459,0.025416774675250053,9.6887845993042,1.3298081159591675,0.01631441024197571,0.007223276674707182,0.001670029315523704,0.001670029315523704,0.25,traj,3.140355304875646,-330.56966479612265,52.38256080137693,-0.025727272033691406,0.0008465402849352137,0.0,0.75,1.0,0.0,0
438,472,21.9,0.0,10.944062232971191,326.53662109375,-179.56031799316406,-1.6270096381276744e-10,0.0008465402849352137,0.75,0.0,0.029388070106506348,1.949354648590088,0.013042919337749481,0.508847713470459,-0.0021262168884277344,-0.003208339214324951,0.00859137624502182,-0.04364386945962906,0.013042919337749481,0.508847713470459,0.025416774675250053,9.6887845993042,1.3298081159591675,0.01631441024197571,0.007223276674707182,0.001670029315523704,0.001670029315523704,0.25,traj,3.140355304875646,-330.56966479612265,52.38256080137693,-0.025727272033691406,0.0008465402849352137,0.0,0.75,1.0,0.0,0
439,473,21.95,0.0,10.944062232971191,326.53662109375,-179.56031799316406,-1.6270096381276744e-10,0.0008465402849352137,0.75,0.0,0.029388070106506348,1.949354648590088,0.013042919337749481,0.508847713470459,-0.0021262168884277344,-0.003208339214324951,0.00859137624502182,-0.04364386945962906,0.013042919337749481,0.508847713470459,0.025416774675250053,9.6887845993042,1.3298081159591675,0.01631441024197571,0.007223276674707182,0.001670029315523704,0.001670029315523704,0.25,traj,3.140355304875646,-330.56966479612265,52.38256080137693,-0.025727272033691406,0.0008465402849352137,0.0,0.75,1.0,0.0,0
440,474,22.0,0.0,10.944062232971191,326.53662109375,-179.56031799316406,1.2754187983521348e-10,-0.0030654619458382057,0.75,0.0,0.03473517298698425,2.486940622329712,0.0162663534283638,1.0182956457138062,8.281320333480835e-05,0.12408720701932907,0.002002619206905365,-0.028436727821826935,0.0162663534283638,1.0182956457138062,-0.013224707916378975,4.945533752441406,1.677101324001948,0.010168530135807458,0.008005333334673641,-0.001702338641674703,-0.001702338641674703,0.25,traj,3.1472041169789176,-330.55568710556395,33.125892684310145,0.050446391105651855,-0.0030654619458382057,0.0,0.75,1.0,0.0,0
441,475,22.05,0.0,10.944062232971191,326.53662109375,-179.56031799316406,7.951929115179723e-10,0.0008465402849352137,0.75,0.0,0.02778630331158638,2.1222105026245117,0.010633017867803574,0.6291837692260742,-0.0025995224714279175,0.019856184720993042,0.00960519164800644,-0.039323337376117706,0.010633017867803574,0.6291837692260742,0.025416774675250053,9.6887845993042,1.442014294366042,0.010757671897216447,0.007313738735714462,0.001670029315523704,0.001670029315523704,0.25,traj,3.140355304875646,-330.56966479612265,52.38256080137693,-0.020567893981933594,0.0008465402849352137,0.0,0.75,1.0,0.0,0
442,476,22.1,0.0,10.944062232971191,326.53662109375,-179.56031799316406,7.951929115179723e-10,0.0008465402849352137,0.75,0.0,0.02778630331158638,2.1222105026245117,0.010633017867803574,0.6291837692260742,-0.0025995224714279175,0.019856184720993042,0.00960519164800644,-0.039323337376117706,0.010633017867803574,0.6291837692260742,0.025416774675250053,9.6887845993042,1.442014294366042,0.010757671897216447,0.007313738735714462,0.001670029315523704,0.001670029315523704,0.25,traj,3.140355304875646,-330.56966479612265,52.38256080137693,-0.020567893981933594,0.0008465402849352137,0.0,0.75,1.0,0.0,0
443,477,22.15,0.0,10.944062232971191,326.53662109375,-179.56031799316406,7.951929115179723e-10,0.0008465402849352137,0.75,0.0,0.02778630331158638,2.1222105026245117,0.010633017867803574,0.6291837692260742,-0.0025995224714279175,0.019856184720993042,0.00960519164800644,-0.039323337376117706,0.010633017867803574,0.6291837692260742,0.025416774675250053,9.6887845993042,1.442014294366042,0.010757671897216447,0.007313738735714462,0.001670029315523704,0.001670029315523704,0.25,traj,3.140355304875646,-330.56966479612265,52.38256080137693,-0.020567893981933594,0.0008465402849352137,0.0,0.75,1.0,0.0,0
444,478,22.2,0.0,10.944062232971191,326.53662109375,-179.56031799316406,1.2372455837628138e-10,-0.0030654619458382057,0.75,0.0,0.04573119431734085,2.67958927154541,0.02218303084373474,1.1103148460388184,0.0020829960703849792,0.12926867604255676,0.005297534167766571,-0.027407117187976837,0.02218303084373474,1.1103148460388184,-0.013224707916378975,4.945533752441406,1.804941286643346,0.012717329061083884,0.009552219399699975,-0.001702338641674703,-0.001702338641674703,0.25,traj,3.1472041169789176,-330.55568710556395,33.125892684310145,0.05171370506286621,-0.0030654619458382057,0.0,0.75,1.0,0.0,0
445,479,22.25,0.0,10.944062232971191,326.53662109375,-179.56031799316406,1.4476834175880526e-09,0.0008465402849352137,0.75,0.0,0.026399627327919006,2.0207810401916504,0.01181698590517044,0.5545424818992615,-0.00208088755607605,0.0010715723037719727,0.008541248738765717,-0.0448271706700325,0.01181698590517044,0.5545424818992615,0.025416774675250053,9.6887845993042,1.378045452137788,0.013563968954202352,0.0063313298600942945,0.001670029315523704,0.001670029315523704,0.25,traj,3.140355304875646,-330.56966479612265,52.38256080137693,-0.027540624141693115,0.0008465402849352137,0.0,0.75,1.0,0.0,0
446,480,22.3,0.0,10.944062232971191,326.53662109375,-179.56031799316406,1.4476834175880526e-09,0.0008465402849352137,0.75,0.0,0.026399627327919006,2.0207810401916504,0.01181698590517044,0.5545424818992615,-0.00208088755607605,0.0010715723037719727,0.008541248738765717,-0.0448271706700325,0.01181698590517044,0.5545424818992615,0.025416774675250053,9.6887845993042,1.378045452137788,0.013563968954202352,0.0063313298600942945,0.001670029315523704,0.001670029315523704,0.25,traj,3.140355304875646,-330.56966479612265,52.38256080137693,-0.027540624141693115,0.0008465402849352137,0.0,0.75,1.0,0.0,0
447,481,22.35,0.0,10.944062232971191,326.53662109375,-179.56031799316406,1.4476834175880526e-09,0.0008465402849352137,0.75,0.0,0.026399627327919006,2.0207810401916504,0.01181698590517044,0.5545424818992615,-0.00208088755607605,0.0010715723037719727,0.008541248738765717,-0.0448271706700325,0.01181698590517044,0.5545424818992615,0.025416774675250053,9.6887845993042,1.378045452137788,0.013563968954202352,0.0063313298600942945,0.001670029315523704,0.001670029315523704,0.25,traj,3.140355304875646,-330.56966479612265,52.38256080137693,-0.027540624141693115,0.0008465402849352137,0.0,0.75,1.0,0.0,0
448,482,22.4,0.0,10.944062232971191,326.53662109375,-179.56031799316406,-5.010294401586179e-10,-0.0030654619458382057,0.75,0.0,0.029684506356716156,2.493180751800537,0.014421135187149048,1.0205131769180298,-0.0010648295283317566,0.1248374655842781,0.0012665614485740662,-0.027995847165584564,0.014421135187149048,1.0205131769180298,-0.013224707916378975,4.945533752441406,1.6809381941954293,0.008995634873334712,0.006597934910697125,-0.001702338641674703,-0.001702338641674703,0.25,traj,3.1472041169789176,-330.55568710556395,33.125892684310145,0.0509943962097168,-0.0030654619458382057,0.0,0.75,1.0,0.0,0
449,483,22.45,0.0,10.944062232971191,326.53662109375,-179.56031799316406,1.8286205882844797e-09,0.0008465402849352137,0.75,0.0,0.02546536549925804,2.0301871299743652,0.010844219475984573,0.5716556906700134,-0.002650924026966095,0.011016473174095154,0.009548299014568329,-0.04327859729528427,0.010844219475984573,0.5716556906700134,0.025416774675250053,9.6887845993042,1.3833699598908424,0.01207513949712113,0.006381645586980055,0.001670029315523704,0.001670029315523704,0.25,traj,3.140355304875646,-330.56966479612265,52.38256080137693,-0.02120828628540039,0.0008465402849352137,0.0,0.75,1.0,0.0,0
450,484,22.5,0.0,10.944062232971191,326.53662109375,-179.56031799316406,1.8286205882844797e-09,0.0008465402849352137,0.75,0.0,0.02546536549925804,2.0301871299743652,0.010844219475984573,0.5716556906700134,-0.002650924026966095,0.011016473174095154,0.009548299014568329,-0.04327859729528427,0.010844219475984573,0.5716556906700134,0.025416774675250053,9.6887845993042,1.3833699598908424,0.01207513949712113,0.006381645586980055,0.001670029315523704,0.001670029315523704,0.25,traj,3.140355304875646,-330.56966479612265,52.38256080137693,-0.02120828628540039,0.0008465402849352137,0.0,0.75,1.0,0.0,0
451,485,22.55,0.0,10.944062232971191,326.53662109375,-179.56031799316406,1.8286205882844797e-09,0.0008465402849352137,0.75,0.0,0.02546536549925804,2.0301871299743652,0.010844219475984573,0.5716556906700134,-0.002650924026966095,0.011016473174095154,0.009548299014568329,-0.04327859729528427,0.010844219475984573,0.5716556906700134,0.025416774675250053,9.6887845993042,1.3833699598908424,0.01207513949712113,0.006381645586980055,0.001670029315523704,0.001670029315523704,0.25,traj,3.140355304875646,-330.56966479612265,52.38256080137693,-0.02120828628540039,0.0008465402849352137,0.0,0.75,1.0,0.0,0
452,486,22.6,0.0,10.944062232971191,326.53662109375,-179.56031799316406,-8.220587405238788e-11,-0.0030654619458382057,0.75,0.0,0.04509566351771355,2.7939982414245605,0.0217362679541111,1.2151923179626465,0.0019959434866905212,0.16225558519363403,0.006481669843196869,-0.026680119335651398,0.0217362679541111,1.2151923179626465,-0.013224707916378975,4.945533752441406,1.8807263473669689,0.01138604930085762,0.00941849947394928,-0.001702338641674703,-0.001702338641674703,0.25,traj,3.1472041169789176,-330.55568710556395,33.125892684310145,0.05327653884887695,-0.0030654619458382057,0.0,0.75,1.0,0.0,0
453,487,22.65,0.0,10.944062232971191,326.53662109375,-179.56031799316406,-1.3033144341534353e-08,0.0008465402849352137,0.75,0.0,0.02744479849934578,1.9928007125854492,0.013161774724721909,0.5431078672409058,-0.0028077736496925354,0.00021320581436157227,0.00852658599615097,-0.044122882187366486,0.013161774724721909,0.5431078672409058,0.025416774675250053,9.6887845993042,1.3591030910611153,0.015424967830058494,0.006272058996296739,0.001670029315523704,0.001670029315523704,0.25,traj,3.140355304875646,-330.56966479612265,52.38256080137693,-0.02359253168106079,0.0008465402849352137,0.0,0.75,1.0,0.0,0
454,488,22.7,0.0,10.944062232971191,326.53662109375,-179.56031799316406,-1.3033144341534353e-08,0.0008465402849352137,0.75,0.0,0.02744479849934578,1.9928007125854492,0.013161774724721909,0.5431078672409058,-0.0028077736496925354,0.00021320581436157227,0.00852658599615097,-0.044122882187366486,0.013161774724721909,0.5431078672409058,0.025416774675250053,9.6887845993042,1.3591030910611153,0.015424967830058494,0.006272058996296739,0.001670029315523704,0.001670029315523704,0.25,traj,3.140355304875646,-330.56966479612265,52.38256080137693,-0.02359253168106079,0.0008465402849352137,0.0,0.75,1.0,0.0,0
455,489,22.75,0.0,10.944062232971191,326.53662109375,-179.56031799316406,-1.3033144341534353e-08,0.0008465402849352137,0.75,0.0,0.02744479849934578,1.9928007125854492,0.013161774724721909,0.5431078672409058,-0.0028077736496925354,0.00021320581436157227,0.00852658599615097,-0.044122882187366486,0.013161774724721909,0.5431078672409058,0.025416774675250053,9.6887845993042,1.3591030910611153,0.015424967830058494,0.006272058996296739,0.001670029315523704,0.001670029315523704,0.25,traj,3.140355304875646,-330.56966479612265,52.38256080137693,-0.02359253168106079,0.0008465402849352137,0.0,0.75,1.0,0.0,0
456,490,22.8,0.0,10.944062232971191,326.53662109375,-179.56031799316406,1.2424358417084669e-11,-0.0030654619458382057,0.75,0.0,0.03299787640571594,2.359400749206543,0.01517639309167862,0.9437642097473145,-0.00178450345993042,0.11028576642274857,0.004429452121257782,-0.024886004626750946,0.01517639309167862,0.9437642097473145,-0.013224707916378975,4.945533752441406,1.5898094971974692,0.010236376681562919,0.008013984907622325,-0.001702338641674703,-0.001702338641674703,0.25,traj,3.1472041169789176,-330.55568710556395,33.125892684310145,0.04375338554382324,-0.0030654619458382057,0.0,0.75,1.0,0.0,0
457,491,22.85,0.0,10.944062232971191,326.53662109375,-179.56031799316406,8.707800591700732e-10,0.0008465402849352137,0.75,0.0,0.024441320449113846,2.0307116508483887,0.010350760072469711,0.5822887420654297,-0.0033539310097694397,0.01655292510986328,0.009379647672176361,-0.04045815020799637,0.010350760072469711,0.5822887420654297,0.025416774675250053,9.6887845993042,1.3818726787964501,0.0113153188974526,0.006192980583906148,0.001670029315523704,0.001670029315523704,0.25,traj,3.140355304875646,-330.56966479612265,52.38256080137693,-0.02124929428100586,0.0008465402849352137,0.0,0.75,1.0,0.0,0
458,492,22.9,0.0,10.944062232971191,326.53662109375,-179.56031799316406,8.707800591700732e-10,0.0008465402849352137,0.75,0.0,0.024441320449113846,2.0307116508483887,0.010350760072469711,0.5822887420654297,-0.0033539310097694397,0.01655292510986328,0.009379647672176361,-0.04045815020799637,0.010350760072469711,0.5822887420654297,0.025416774675250053,9.6887845993042,1.3818726787964501,0.0113153188974526,0.006192980583906148,0.001670029315523704,0.001670029315523704,0.25,traj,3.140355304875646,-330.56966479612265,52.38256080137693,-0.02124929428100586,0.0008465402849352137,0.0,0.75,1.0,0.0,0
459,493,22.95,0.0,10.944062232971191,326.53662109375,-179.56031799316406,8.707800591700732e-10,0.0008465402849352137,0.75,0.0,0.024441320449113846,2.0307116508483887,0.010350760072469711,0.5822887420654297,-0.0033539310097694397,0.01655292510986328,0.009379647672176361,-0.04045815020799637,0.010350760072469711,0.5822887420654297,0.025416774675250053,9.6887845993042,1.3818726787964501,0.0113153188974526,0.006192980583906148,0.001670029315523704,0.001670029315523704,0.25,traj,3.140355304875646,-330.56966479612265,52.38256080137693,-0.02124929428100586,0.0008465402849352137,0.0,0.75,1.0,0.0,0
460,494,23.0,0.0,10.944062232971191,326.53662109375,-179.56031799316406,-2.3615195909876263e-10,-0.0030654619458382057,0.75,0.0,0.04089260473847389,2.897401809692383,0.0217779241502285,1.278631329536438,0.0030405446887016296,0.17868828773498535,0.004309259355068207,-0.03234068304300308,0.0217779241502285,1.278631329536438,-0.013224707916378975,4.945533752441406,1.9533457954724631,0.010841986787970716,0.0075169748090177305,-0.001702338641674703,-0.001702338641674703,0.25,traj,3.1472041169789176,-330.55568710556395,33.125892684310145,0.052695512771606445,-0.0030654619458382057,0.0,0.75,1.0,0.0,0
461,495,23.05,0.0,10.944062232971191,326.53662109375,-179.56031799316406,1.7575886301912647e-09,0.0008465402849352137,0.75,0.0,0.024135824292898178,1.961205005645752,0.011497441679239273,0.5237716436386108,-0.003186836838722229,-3.801286220550537e-05,0.007885657250881195,-0.044328682124614716,0.011497441679239273,0.5237716436386108,0.025416774675250053,9.6887845993042,1.3381053830186527,0.013972338375578337,0.00559723630629948,0.001670029315523704,0.001670029315523704,0.25,traj,3.140355304875646,-330.56966479612265,52.38256080137693,-0.02579551935195923,0.0008465402849352137,0.0,0.75,1.0,0.0,0
462,496,23.1,0.0,10.944062232971191,326.53662109375,-179.56031799316406,1.7575886301912647e-09,0.0008465402849352137,0.75,0.0,0.024135824292898178,1.961205005645752,0.011497441679239273,0.5237716436386108,-0.003186836838722229,-3.801286220550537e-05,0.007885657250881195,-0.044328682124614716,0.011497441679239273,0.5237716436386108,0.025416774675250053,9.6887845993042,1.3381053830186527,0.013972338375578337,0.00559723630629948,0.001670029315523704,0.001670029315523704,0.25,traj,3.140355304875646,-330.56966479612265,52.38256080137693,-0.02579551935195923,0.0008465402849352137,0.0,0.75,1.0,0.0,0
463,497,23.15,0.0,10.944062232971191,326.53662109375,-179.56031799316406,1.7575886301912647e-09,0.0008465402849352137,0.75,0.0,0.024135824292898178,1.961205005645752,0.011497441679239273,0.5237716436386108,-0.003186836838722229,-3.801286220550537e-05,0.007885657250881195,-0.044328682124614716,0.011497441679239273,0.5237716436386108,0.025416774675250053,9.6887845993042,1.3381053830186527,0.013972338375578337,0.00559723630629948,0.001670029315523704,0.001670029315523704,0.25,traj,3.140355304875646,-330.56966479612265,52.38256080137693,-0.02579551935195923,0.0008465402849352137,0.0,0.75,1.0,0.0,0
464,498,23.2,0.0,10.944062232971191,326.53662109375,-179.56031799316406,-1.4166352813038685e-10,-0.0030654619458382057,0.75,0.0,0.03404752165079117,2.454468250274658,0.015261024236679077,0.9995641708374023,-0.0004393085837364197,0.11490092426538467,0.003148876130580902,-0.031018458306789398,0.015261024236679077,0.9995641708374023,-0.013224707916378975,4.945533752441406,1.6571942170461018,0.009718951906439064,0.008219953056593598,-0.001702338641674703,-0.001702338641674703,0.25,traj,3.1472041169789176,-330.55568710556395,33.125892684310145,0.05102980136871338,-0.0030654619458382057,0.0,0.75,1.0,0.0,0
465,499,23.25,0.0,10.944062232971191,326.53662109375,-179.56031799316406,7.970550330860249e-10,0.0008465402849352137,0.75,0.0,0.026257693767547607,2.108224868774414,0.010361723601818085,0.6210561990737915,-0.0027632936835289,0.019816339015960693,0.00857418030500412,-0.042287297546863556,0.010361723601818085,0.6210561990737915,0.025416774675250053,9.6887845993042,1.4345111846923828,0.01062038509489919,0.006804434296603844,0.001670029315523704,0.001670029315523704,0.25,traj,3.140355304875646,-330.56966479612265,52.38256080137693,-0.023532867431640625,0.0008465402849352137,0.0,0.75,1.0,0.0,0
466,500,23.3,0.0,10.944062232971191,326.53662109375,-179.56031799316406,7.970550330860249e-10,0.0008465402849352137,0.75,0.0,0.026257693767547607,2.108224868774414,0.010361723601818085,0.6210561990737915,-0.0027632936835289,0.019816339015960693,0.00857418030500412,-0.042287297546863556,0.010361723601818085,0.6210561990737915,0.025416774675250053,9.6887845993042,1.4345111846923828,0.01062038509489919,0.006804434296603844,0.001670029315523704,0.001670029315523704,0.25,traj,3.140355304875646,-330.56966479612265,52.38256080137693,-0.023532867431640625,0.0008465402849352137,0.0,0.75,1.0,0.0,0
467,501,23.35,0.0,10.944062232971191,326.53662109375,-179.56031799316406,7.970550330860249e-10,0.0008465402849352137,0.75,0.0,0.026257693767547607,2.108224868774414,0.010361723601818085,0.6210561990737915,-0.0027632936835289,0.019816339015960693,0.00857418030500412,-0.042287297546863556,0.010361723601818085,0.6210561990737915,0.025416774675250053,9.6887845993042,1.4345111846923828,0.01062038509489919,0.006804434296603844,0.001670029315523704,0.001670029315523704,0.25,traj,3.140355304875646,-330.56966479612265,52.38256080137693,-0.023532867431640625,0.0008465402849352137,0.0,0.75,1.0,0.0,0
468,502,23.4,0.0,10.944062232971191,326.53662109375,-179.56031799316406,8.430222492306072e-11,-0.0030654619458382057,0.75,0.0,0.04332028701901436,2.6884517669677734,0.019378777593374252,1.1185404062271118,0.00011788308620452881,0.128652423620224,0.004644028842449188,-0.029994048178195953,0.019378777593374252,1.1185404062271118,-0.013224707916378975,4.945533752441406,1.812586824099223,0.011028375061321285,0.009707871821785487,-0.001702338641674703,-0.001702338641674703,0.25,traj,3.1472041169789176,-330.55568710556395,33.125892684310145,0.046915411949157715,-0.0030654619458382057,0.0,0.75,1.0,0.0,0
469,503,23.45,0.0,10.944062232971191,326.53662109375,-179.56031799316406,1.281704187228172e-09,0.0008465402849352137,0.75,0.0,0.026480983942747116,1.8877174854278564,0.013216216117143631,0.46739107370376587,-0.0029713213443756104,-0.010948196053504944,0.009561203420162201,-0.04622728377580643,0.013216216117143631,0.46739107370376587,0.025416774675250053,9.6887845993042,1.2909603541096053,0.01799660994355907,0.005945348280997797,0.001670029315523704,0.001670029315523704,0.25,traj,3.140355304875646,-330.56966479612265,52.38256080137693,-0.023533761501312256,0.0008465402849352137,0.0,0.75,1.0,0.0,0
470,504,23.5,0.0,10.944062232971191,326.53662109375,-179.56031799316406,1.281704187228172e-09,0.0008465402849352137,0.75,0.0,0.026480983942747116,1.8877174854278564,0.013216216117143631,0.46739107370376587,-0.0029713213443756104,-0.010948196053504944,0.009561203420162201,-0.04622728377580643,0.013216216117143631,0.46739107370376587,0.025416774675250053,9.6887845993042,1.2909603541096053,0.01799660994355907,0.005945348280997797,0.001670029315523704,0.001670029315523704,0.25,traj,3.140355304875646,-330.56966479612265,52.38256080137693,-0.023533761501312256,0.0008465402849352137,0.0,0.75,1.0,0.0,0
471,505,23.55,0.0,10.944062232971191,326.53662109375,-179.56031799316406,1.281704187228172e-09,0.0008465402849352137,0.75,0.0,0.026480983942747116,1.8877174854278564,0.013216216117143631,0.46739107370376587,-0.0029713213443756104,-0.010948196053504944,0.009561203420162201,-0.04622728377580643,0.013216216117143631,0.46739107370376587,0.025416774675250053,9.6887845993042,1.2909603541096053,0.01799660994355907,0.005945348280997797,0.001670029315523704,0.001670029315523704,0.25,traj,3.140355304875646,-330.56966479612265,52.38256080137693,-0.023533761501312256,0.0008465402849352137,0.0,0.75,1.0,0.0,0
472,506,23.6,0.0,10.944062232971191,326.53662109375,-179.56031799316406,-3.108618640279559e-10,-0.0030654619458382057,0.75,0.0,0.03664259612560272,2.453383445739746,0.01658787578344345,0.9767493009567261,0.00013840198516845703,0.10854356735944748,0.00243975967168808,-0.027594782412052155,0.01658787578344345,0.9767493009567261,-0.013224707916378975,4.945533752441406,1.6541931132475534,0.010810492026797878,0.008645625623866948,-0.001702338641674703,-0.001702338641674703,0.25,traj,3.1472041169789176,-330.55568710556395,33.125892684310145,0.04757726192474365,-0.0030654619458382057,0.0,0.75,1.0,0.0,0
473,507,23.65,0.0,10.944062232971191,326.53662109375,-179.56031799316406,8.923361494161952e-10,0.0008465402849352137,0.75,0.0,0.025559231638908386,2.0756595134735107,0.011859409511089325,0.6036752462387085,-0.0031375885009765625,0.014432594180107117,0.010301612317562103,-0.04160206764936447,0.011859409511089325,0.6036752462387085,0.025416774675250053,9.6887845993042,1.4127368504802384,0.012504986068887263,0.005924857713487759,0.001670029315523704,0.001670029315523704,0.25,traj,3.140355304875646,-330.56966479612265,52.38256080137693,-0.022678911685943604,0.0008465402849352137,0.0,0.75,1.0,0.0,0
474,508,23.7,0.0,10.944062232971191,326.53662109375,-179.56031799316406,8.923361494161952e-10,0.0008465402849352137,0.75,0.0,0.025559231638908386,2.0756595134735107,0.011859409511089325,0.6036752462387085,-0.0031375885009765625,0.014432594180107117,0.010301612317562103,-0.04160206764936447,0.011859409511089325,0.6036752462387085,0.025416774675250053,9.6887845993042,1.4127368504802384,0.012504986068887263,0.005924857713487759,0.001670029315523704,0.001670029315523704,0.25,traj,3.140355304875646,-330.56966479612265,52.38256080137693,-0.022678911685943604,0.0008465402849352137,0.0,0.75,1.0,0.0,0
475,509,23.75,0.0,10.944062232971191,326.53662109375,-179.56031799316406,8.923361494161952e-10,0.0008465402849352137,0.75,0.0,0.025559231638908386,2.0756595134735107,0.011859409511089325,0.6036752462387085,-0.0031375885009765625,0.014432594180107117,0.010301612317562103,-0.04160206764936447,0.011859409511089325,0.6036752462387085,0.025416774675250053,9.6887845993042,1.4127368504802384,0.012504986068887263,0.005924857713487759,0.001670029315523704,0.001670029315523704,0.25,traj,3.140355304875646,-330.56966479612265,52.38256080137693,-0.022678911685943604,0.0008465402849352137,0.0,0.75,1.0,0.0,0
476,510,23.8,0.0,10.944062232971191,326.53662109375,-179.56031799316406,1.0776254194544421e-10,-0.0030654619458382057,0.75,0.0,0.03438825160264969,2.7450714111328125,0.016670510172843933,1.153388261795044,0.0014891475439071655,0.13524574041366577,0.00613238662481308,-0.026732854545116425,0.016670510172843933,1.153388261795044,-0.013224707916378975,4.945533752441406,1.848054975271225,0.009200768221407429,0.00708621754536226,-0.001702338641674703,-0.001702338641674703,0.25,traj,3.1472041169789176,-330.55568710556395,33.125892684310145,0.0455700159072876,-0.0030654619458382057,0.0,0.75,1.0,0.0,0
477,511,23.85,0.0,10.944062232971191,326.53662109375,-179.56031799316406,1.2855150277601979e-09,0.0008465402849352137,0.75,0.0,0.024372819811105728,1.8701069355010986,0.012396585196256638,0.4581639766693115,-0.003309689462184906,-0.01027628779411316,0.009858183562755585,-0.04863283783197403,0.012396585196256638,0.4581639766693115,0.025416774675250053,9.6887845993042,1.2808340936899185,0.01722085223582718,0.0053997679482953335,0.001670029315523704,0.001670029315523704,0.25,traj,3.140355304875646,-330.56966479612265,52.38256080137693,-0.02402639389038086,0.0008465402849352137,0.0,0.75,1.0,0.0,0
