tcp_step,frame,t_rel,match_err_m,world_x,world_y,world_yaw_deg,speed,steer,throttle,brake,wp_4_x,wp_4_y,wp_3_x,wp_3_y,wp_2_x,wp_2_y,wp_1_x,wp_1_y,aim_x,aim_y,target_x,target_y,desired_speed,angle,angle_last,angle_target,angle_final,delta,agent,theta,gps_x,gps_y,steer_ctrl,steer_traj,throttle_ctrl,throttle_traj,brake_ctrl,brake_traj,status
0,34,0.0,0.0,25.00897979736328,330.5475769042969,0.031833477318286896,,,,,,,,,,,,,,,,,,,,,,,,,,,,,,,,,
1,35,0.05,0.0,25.00897979736328,330.5475769042969,0.03183350712060928,,,,,,,,,,,,,,,,,,,,,,,,,,,,,,,,,
2,36,0.1,0.0,25.008975982666016,330.5475769042969,0.03183350712060928,,,,,,,,,,,,,,,,,,,,,,,,,,,,,,,,,
3,37,0.15,0.0,25.008975982666016,330.5475769042969,0.03183350712060928,,,,,,,,,,,,,,,,,,,,,,,,,,,,,,,,,
4,38,0.2,0.0,25.008975982666016,330.5475769042969,0.03183350712060928,0.0,6.914474925545782e-06,0.0,1.0,0.006264558061957359,0.04572363197803497,0.001963971182703972,0.005879021715372801,0.006702780723571777,0.004772752523422241,-0.0029259994626045227,-0.013222776353359222,0.001963971182703972,0.005879021715372801,0.00027466416941024363,12.18742561340332,0.043567911721765995,0.20525148251782233,0.06844795402983982,1.431556972183494e-05,1.431556972183494e-05,0.043567911721765995,traj,3.1421410600331168,-330.5584948517907,17.009000801381198,-0.030964970588684082,6.914474925545782e-06,0.0,0.0,0.8183988332748413,1.0,0
5,39,0.25,0.0,25.008974075317383,330.5475769042969,0.031833499670028687,0.0,5.812585155596379e-06,0.75,0.0,-0.0234094075858593,6.983508110046387,-0.02053508535027504,4.0653862953186035,0.00332723930478096,1.7845362424850464,0.005802534520626068,0.2861454486846924,0.00332723930478096,1.7845362424850464,0.00019121757941320539,12.400457382202148,4.464993794759114,0.0011869831592222462,-0.0006270391933423624,9.838001265937692e-06,9.838001265937692e-06,0.25,traj,3.14214821259049,-330.5627675085421,25.00897601675279,0.02990281581878662,5.812585155596379e-06,1.0,0.75,0.0,0.0,0
6,40,0.3,0.0,25.008974075317383,330.5475769042969,0.03183350712060928,0.0,5.812585155596379e-06,0.75,0.0,-0.0234094075858593,6.983508110046387,-0.02053508535027504,4.0653862953186035,0.00332723930478096,1.7845362424850464,0.005802534520626068,0.2861454486846924,0.00332723930478096,1.7845362424850464,0.00019121757941320539,12.400457382202148,4.464993794759114,0.0011869831592222462,-0.0006270391933423624,9.838001265937692e-06,9.838001265937692e-06,0.25,traj,3.14214821259049,-330.5627675085421,25.00897601675279,0.02990281581878662,5.812585155596379e-06,1.0,0.75,0.0,0.0,0
7,41,0.35,0.0,25.008974075317383,330.5475769042969,0.031833529472351074,0.0,5.812585155596379e-06,0.75,0.0,-0.0234094075858593,6.983508110046387,-0.02053508535027504,4.0653862953186035,0.00332723930478096,1.7845362424850464,0.005802534520626068,0.2861454486846924,0.00332723930478096,1.7845362424850464,0.00019121757941320539,12.400457382202148,4.464993794759114,0.0011869831592222462,-0.0006270391933423624,9.838001265937692e-06,9.838001265937692e-06,0.25,traj,3.14214821259049,-330.5627675085421,25.00897601675279,0.02990281581878662,5.812585155596379e-06,1.0,0.75,0.0,0.0,0
8,42,0.4,0.0,25.008974075317383,330.5475769042969,0.03183354064822197,9.83115796771017e-07,6.691829668458066e-06,0.0,1.0,0.0034228283911943436,0.00022442545741796494,0.00260947085916996,0.005834437441080809,0.00806194543838501,0.005688518285751343,-0.003474779427051544,-0.016514502465724945,0.00806194543838501,0.005688518285751343,0.00027466207393445075,12.187429428100586,0.024096324418981872,0.6088129060640626,1.9083394962938902,1.431556972183494e-05,1.431556972183494e-05,0.0240953413031851,traj,3.1421410600331168,-330.5584948517907,17.008996986683925,-0.027661383152008057,6.691829668458066e-06,0.0,0.0,0.9058677554130554,1.0,0
9,43,0.45,0.0,25.00897216796875,330.5475769042969,0.03183354437351227,1.0033321586888633e-06,5.589939898508662e-06,0.75,0.0,-0.008826274424791336,6.949624061584473,-0.013727616518735886,4.042026519775391,0.008471723645925522,1.7508745193481445,0.005431316792964935,0.25257202982902527,0.008471723645925522,1.7508745193481445,0.00019121651712339371,12.400459289550781,4.464777787526448,0.0030803115971497807,0.0010731466730553672,9.838001265937692e-06,9.838001265937692e-06,0.25,traj,3.14214821259049,-330.5627675085421,25.008974109404154,0.04112207889556885,5.589939898508662e-06,1.0,0.75,0.0,0.0,0
10,44,0.5,0.0,25.00897216796875,330.5475769042969,0.03183354437351227,1.0033321586888633e-06,5.589939898508662e-06,0.75,0.0,-0.008826274424791336,6.949624061584473,-0.013727616518735886,4.042026519775391,0.008471723645925522,1.7508745193481445,0.005431316792964935,0.25257202982902527,0.008471723645925522,1.7508745193481445,0.00019121651712339371,12.400459289550781,4.464777787526448,0.0030803115971497807,0.0010731466730553672,9.838001265937692e-06,9.838001265937692e-06,0.25,traj,3.14214821259049,-330.5627675085421,25.008974109404154,0.04112207889556885,5.589939898508662e-06,1.0,0.75,0.0,0.0,0
11,45,0.55,0.0,25.00897216796875,330.5475769042969,0.03183354437351227,1.0033321586888633e-06,5.589939898508662e-06,0.75,0.0,-0.008826274424791336,6.949624061584473,-0.013727616518735886,4.042026519775391,0.008471723645925522,1.7508745193481445,0.005431316792964935,0.25257202982902527,0.008471723645925522,1.7508745193481445,0.00019121651712339371,12.400459289550781,4.464777787526448,0.0030803115971497807,0.0010731466730553672,9.838001265937692e-06,9.838001265937692e-06,0.25,traj,3.14214821259049,-330.5627675085421,25.008974109404154,0.04112207889556885,5.589939898508662e-06,1.0,0.75,0.0,0.0,0
12,46,0.6,0.0,25.00897216796875,330.5475769042969,0.03183354437351227,2.952570525849296e-07,6.467761455293264e-06,0.0,1.0,0.0039223674684762955,0.012802168726921082,0.001905815675854683,0.004045791458338499,0.007547289133071899,0.007559984922409058,-0.0023046210408210754,-0.015387915074825287,0.001905815675854683,0.004045791458338499,0.0002746610261965543,12.187431335449219,0.02707025005171696,0.2802589503811052,0.14409806680303017,1.431556972183494e-05,1.431556972183494e-05,0.027069954794664376,traj,3.1421410600331168,-330.5584948517907,17.008995079335293,-0.03479909896850586,6.467761455293264e-06,0.0,0.0,0.7905241250991821,1.0,0
13,47,0.65,0.0,25.00897216796875,330.5475769042969,0.03183354437351227,3.0644216053588025e-07,5.36587168534386e-06,0.75,0.0,-0.009189162403345108,7.101865768432617,-0.01805230602622032,4.184469223022461,0.0032562874257564545,1.8861502408981323,0.003944091498851776,0.3326668441295624,0.0032562874257564545,1.8861502408981323,0.00019121545483358204,12.400461196899414,4.5128739674886065,0.0010991013919014157,0.0019340540724400856,9.838001265937692e-06,9.838001265937692e-06,0.25,traj,3.14214821259049,-330.5627675085421,25.00897220205552,0.027348756790161133,5.36587168534386e-06,1.0,0.75,0.0,0.0,0
14,48,0.7,0.0,25.00897216796875,330.5475769042969,0.03183354437351227,3.0644216053588025e-07,5.36587168534386e-06,0.75,0.0,-0.009189162403345108,7.101865768432617,-0.01805230602622032,4.184469223022461,0.0032562874257564545,1.8861502408981323,0.003944091498851776,0.3326668441295624,0.0032562874257564545,1.8861502408981323,0.00019121545483358204,12.400461196899414,4.5128739674886065,0.0010991013919014157,0.0019340540724400856,9.838001265937692e-06,9.838001265937692e-06,0.25,traj,3.14214821259049,-330.5627675085421,25.00897220205552,0.027348756790161133,5.36587168534386e-06,1.0,0.75,0.0,0.0,0
15,49,0.75,0.0,25.00897216796875,330.5475769042969,0.03183354437351227,3.0644216053588025e-07,5.36587168534386e-06,0.75,0.0,-0.009189162403345108,7.101865768432617,-0.01805230602622032,4.184469223022461,0.0032562874257564545,1.8861502408981323,0.003944091498851776,0.3326668441295624,0.0032562874257564545,1.8861502408981323,0.00019121545483358204,12.400461196899414,4.5128739674886065,0.0010991013919014157,0.0019340540724400856,9.838001265937692e-06,9.838001265937692e-06,0.25,traj,3.14214821259049,-330.5627675085421,25.00897220205552,0.027348756790161133,5.36587168534386e-06,1.0,0.75,0.0,0.0,0
16,50,0.8,0.0,25.00897216796875,330.5475769042969,0.03183354437351227,1.1240914687959958e-07,6.243693242128462e-06,0.0,1.0,0.0047653838992118835,0.011461718939244747,0.0024080276489257812,0.005685634445399046,0.007385537028312683,0.005465477705001831,-0.004182733595371246,-0.012995176017284393,0.0024080276489257812,0.005685634445399046,0.0002746610261965543,12.187431335449219,0.022004518657922745,0.2550448517140585,0.246683637696092,1.431556972183494e-05,1.431556972183494e-05,0.022004406248775865,traj,3.1421410600331168,-330.5584948517907,17.008995079335293,-0.03081822395324707,6.243693242128462e-06,0.0,0.0,0.8565894365310669,1.0,0
17,51,0.85,0.0,25.00897216796875,330.5475769042969,0.03183354437351227,1.2790437153853418e-07,5.141803472179057e-06,0.75,0.0,-0.017107386142015457,6.940608024597168,-0.019494276493787766,4.023959159851074,0.0017618052661418915,1.740596055984497,0.003438137471675873,0.2428446114063263,0.0017618052661418915,1.740596055984497,0.00019121545483358204,12.400461196899414,4.465242862701416,0.0006443625751601222,0.0005209638241552252,9.838001265937692e-06,9.838001265937692e-06,0.25,traj,3.14214821259049,-330.5627675085421,25.00897220205552,0.03374826908111572,5.141803472179057e-06,1.0,0.75,0.0,0.0,0
18,52,0.9,0.0,25.00897216796875,330.5475769042969,0.03183354437351227,1.2790437153853418e-07,5.141803472179057e-06,0.75,0.0,-0.017107386142015457,6.940608024597168,-0.019494276493787766,4.023959159851074,0.0017618052661418915,1.740596055984497,0.003438137471675873,0.2428446114063263,0.0017618052661418915,1.740596055984497,0.00019121545483358204,12.400461196899414,4.465242862701416,0.0006443625751601222,0.0005209638241552252,9.838001265937692e-06,9.838001265937692e-06,0.25,traj,3.14214821259049,-330.5627675085421,25.00897220205552,0.03374826908111572,5.141803472179057e-06,1.0,0.75,0.0,0.0,0
19,53,0.95,0.0,25.00897216796875,330.5475769042969,0.03183354437351227,1.2790437153853418e-07,5.141803472179057e-06,0.75,0.0,-0.017107386142015457,6.940608024597168,-0.019494276493787766,4.023959159851074,0.0017618052661418915,1.740596055984497,0.003438137471675873,0.2428446114063263,0.0017618052661418915,1.740596055984497,0.00019121545483358204,12.400461196899414,4.465242862701416,0.0006443625751601222,0.0005209638241552252,9.838001265937692e-06,9.838001265937692e-06,0.25,traj,3.14214821259049,-330.5627675085421,25.00897220205552,0.03374826908111572,5.141803472179057e-06,1.0,0.75,0.0,0.0,0
20,54,1.0,0.0,25.00897216796875,330.5475769042969,0.03183354437351227,5.0499416204274894e-08,6.01962502896366e-06,0.0,1.0,0.006199978291988373,0.05363850295543671,0.0016358941793441772,0.004467971157282591,0.006156988441944122,0.0058737993240356445,-0.0013999715447425842,-0.014926336705684662,0.0016358941793441772,0.004467971157282591,0.0002746610261965543,12.187431335449219,0.05083126202225685,0.2234399727136032,0.05892317934126625,1.431556972183494e-05,1.431556972183494e-05,0.05083121152284065,traj,3.1421410600331168,-330.5584948517907,17.008995079335293,-0.029875457286834717,6.01962502896366e-06,0.0,0.0,0.7290602922439575,1.0,0
21,55,1.05,0.0,25.00897216796875,330.5475769042969,0.03183354437351227,4.371381834289423e-08,4.917735259014255e-06,0.75,0.0,-0.012021731585264206,6.786126136779785,-0.014805648475885391,3.886241912841797,0.0031096376478672028,1.6388206481933594,0.0018341168761253357,0.18935886025428772,0.0031096376478672028,1.6388206481933594,0.00019121545483358204,12.400461196899414,4.39789358774821,0.00120800496366773,0.0006111982121901714,9.838001265937692e-06,9.838001265937692e-06,0.25,traj,3.14214821259049,-330.5627675085421,25.00897220205552,0.03797638416290283,4.917735259014255e-06,1.0,0.75,0.0,0.0,0
22,56,1.1,0.0,25.00897216796875,330.5475769042969,0.03183354437351227,4.371381834289423e-08,4.917735259014255e-06,0.75,0.0,-0.012021731585264206,6.786126136779785,-0.014805648475885391,3.886241912841797,0.0031096376478672028,1.6388206481933594,0.0018341168761253357,0.18935886025428772,0.0031096376478672028,1.6388206481933594,0.00019121545483358204,12.400461196899414,4.39789358774821,0.00120800496366773,0.0006111982121901714,9.838001265937692e-06,9.838001265937692e-06,0.25,traj,3.14214821259049,-330.5627675085421,25.00897220205552,0.03797638416290283,4.917735259014255e-06,1.0,0.75,0.0,0.0,0
23,57,1.15,0.0,25.00897216796875,330.5475769042969,0.03183354437351227,4.371381834289423e-08,4.917735259014255e-06,0.75,0.0,-0.012021731585264206,6.786126136779785,-0.014805648475885391,3.886241912841797,0.0031096376478672028,1.6388206481933594,0.0018341168761253357,0.18935886025428772,0.0031096376478672028,1.6388206481933594,0.00019121545483358204,12.400461196899414,4.39789358774821,0.00120800496366773,0.0006111982121901714,9.838001265937692e-06,9.838001265937692e-06,0.25,traj,3.14214821259049,-330.5627675085421,25.00897220205552,0.03797638416290283,4.917735259014255e-06,1.0,0.75,0.0,0.0,0
24,58,1.2,0.0,25.00897216796875,330.5475769042969,0.03183354437351227,2.4966748668475702e-09,5.795556815798858e-06,0.0,1.0,0.00406501442193985,0.0011784723028540611,0.0015494823455810547,0.002999506425112486,0.005873188376426697,0.004818722605705261,-0.0019862130284309387,-0.014336936175823212,0.005873188376426697,0.004818722605705261,0.0002746610261965543,12.187431335449219,0.019001086397717398,0.5625828465578221,1.398904259060667,1.431556972183494e-05,1.431556972183494e-05,0.01900108390104253,traj,3.1421410600331168,-330.5584948517907,17.008995079335293,-0.029284536838531494,5.795556815798858e-06,0.0,0.0,0.7914053201675415,1.0,0
25,59,1.25,0.0,25.00897216796875,330.5475769042969,0.03183354437351227,1.8114985067541056e-09,4.693667045849453e-06,0.75,0.0,-0.0030333325266838074,6.840332984924316,-0.008896872401237488,3.9195919036865234,0.008529894053936005,1.6409101486206055,0.007030956447124481,0.16783344745635986,0.008529894053936005,1.6409101486206055,0.00019121545483358204,12.400461196899414,4.448381821314494,0.0033092747163267636,0.0012780523481557497,9.838001265937692e-06,9.838001265937692e-06,0.25,traj,3.14214821259049,-330.5627675085421,25.00897220205552,0.03803277015686035,4.693667045849453e-06,1.0,0.75,0.0,0.0,0
26,60,1.3,0.0,25.00897216796875,330.5475769042969,0.03183354437351227,1.8114985067541056e-09,4.693667045849453e-06,0.75,0.0,-0.0030333325266838074,6.840332984924316,-0.008896872401237488,3.9195919036865234,0.008529894053936005,1.6409101486206055,0.007030956447124481,0.16783344745635986,0.008529894053936005,1.6409101486206055,0.00019121545483358204,12.400461196899414,4.448381821314494,0.0033092747163267636,0.0012780523481557497,9.838001265937692e-06,9.838001265937692e-06,0.25,traj,3.14214821259049,-330.5627675085421,25.00897220205552,0.03803277015686035,4.693667045849453e-06,1.0,0.75,0.0,0.0,0
27,61,1.35,0.0,25.00897216796875,330.5475769042969,0.03183354437351227,1.8114985067541056e-09,4.693667045849453e-06,0.75,0.0,-0.0030333325266838074,6.840332984924316,-0.008896872401237488,3.9195919036865234,0.008529894053936005,1.6409101486206055,0.007030956447124481,0.16783344745635986,0.008529894053936005,1.6409101486206055,0.00019121545483358204,12.400461196899414,4.448381821314494,0.0033092747163267636,0.0012780523481557497,9.838001265937692e-06,9.838001265937692e-06,0.25,traj,3.14214821259049,-330.5627675085421,25.00897220205552,0.03803277015686035,4.693667045849453e-06,1.0,0.75,0.0,0.0,0
28,62,1.4,0.0,25.00897216796875,330.5475769042969,0.03183354437351227,1.6662479396245544e-08,5.571488602634054e-06,0.0,1.0,0.004948358982801437,0.021646857261657715,0.002694908529520035,0.009160451591014862,0.005790978670120239,0.006705418229103088,-0.0006625130772590637,-0.009715043008327484,0.002694908529520035,0.009160451591014862,0.0002746610261965543,12.187431335449219,0.022855020438631378,0.18214813997728185,0.1136687392497248,1.431556972183494e-05,1.431556972183494e-05,0.02285500377615198,traj,3.1421410600331168,-330.5584948517907,17.008995079335293,-0.02970021963119507,5.571488602634054e-06,0.0,0.0,0.7760438919067383,1.0,0
29,63,1.45,0.0,25.00897216796875,330.5475769042969,0.03183354437351227,8.056399103395506e-09,4.46959883268465e-06,0.75,0.0,-0.018332887440919876,7.024954319000244,-0.022783350199460983,4.043834209442139,0.001599680632352829,1.7094132900238037,0.004332147538661957,0.19376181066036224,0.001599680632352829,1.7094132900238037,0.00019121545483358204,12.400461196899414,4.554217020670572,0.0005957164500714759,0.0009504309409674715,9.838001265937692e-06,9.838001265937692e-06,0.25,traj,3.14214821259049,-330.5627675085421,25.00897220205552,0.02284073829650879,4.46959883268465e-06,1.0,0.75,0.0,0.0,0
30,64,1.5,0.0,25.00897216796875,330.5475769042969,0.03183354437351227,8.056399103395506e-09,4.46959883268465e-06,0.75,0.0,-0.018332887440919876,7.024954319000244,-0.022783350199460983,4.043834209442139,0.001599680632352829,1.7094132900238037,0.004332147538661957,0.19376181066036224,0.001599680632352829,1.7094132900238037,0.00019121545483358204,12.400461196899414,4.554217020670572,0.0005957164500714759,0.0009504309409674715,9.838001265937692e-06,9.838001265937692e-06,0.25,traj,3.14214821259049,-330.5627675085421,25.00897220205552,0.02284073829650879,4.46959883268465e-06,1.0,0.75,0.0,0.0,0
31,65,1.55,0.0,25.017860412597656,330.547607421875,0.03391662612557411,8.056399103395506e-09,4.46959883268465e-06,0.75,0.0,-0.018332887440919876,7.024954319000244,-0.022783350199460983,4.043834209442139,0.001599680632352829,1.7094132900238037,0.004332147538661957,0.19376181066036224,0.001599680632352829,1.7094132900238037,0.00019121545483358204,12.400461196899414,4.554217020670572,0.0005957164500714759,0.0009504309409674715,9.838001265937692e-06,9.838001265937692e-06,0.25,traj,3.14214821259049,-330.5627675085421,25.00897220205552,0.02284073829650879,4.46959883268465e-06,1.0,0.75,0.0,0.0,0
32,66,1.6,0.0,25.055837631225586,330.5477294921875,0.04631724953651428,9.531711420152078e-09,6.888952401174412e-05,0.0,1.0,0.015310388058423996,0.34719738364219666,0.005039069801568985,0.014148108661174774,0.00481569766998291,-0.0010139495134353638,-0.0011752918362617493,-0.017167381942272186,0.005039069801568985,0.014148108661174774,0.0002746610261965543,12.187431335449219,0.2437332874784867,0.21782388761405558,0.019627279662404226,1.431556972183494e-05,1.431556972183494e-05,0.24373327794677527,traj,3.1421410600331168,-330.5584948517907,17.008995079335293,-0.01907658576965332,6.888952401174412e-05,0.0,0.0,0.8573755025863647,1.0,0
33,67,1.65,0.0,25.114713668823242,330.5477294921875,0.0587737075984478,0.9812971949577332,-0.00017891595266691167,0.75,0.0,-0.022526899352669716,8.786482810974121,-0.030859412625432014,5.634676933288574,-0.011301139369606972,2.9700167179107666,0.0039892420172691345,0.9621639847755432,-0.011301139369606972,2.9700167179107666,-0.0030588621739298105,12.353595733642578,5.216306527455648,-0.0024223923621756027,0.001683006674946728,-0.0001575775243901526,-0.0001575775243901526,0.25,traj,3.142401055493627,-330.56292010365206,25.05583766537623,-0.004336059093475342,-0.00017891595266691167,1.0,0.75,0.0,0.0,0
34,68,1.7,0.0,25.189237594604492,330.5476989746094,0.06250101327896118,0.9812971949577332,-0.00017891595266691167,0.75,0.0,-0.022526899352669716,8.786482810974121,-0.030859412625432014,5.634676933288574,-0.011301139369606972,2.9700167179107666,0.0039892420172691345,0.9621639847755432,-0.011301139369606972,2.9700167179107666,-0.0030588621739298105,12.353595733642578,5.216306527455648,-0.0024223923621756027,0.001683006674946728,-0.0001575775243901526,-0.0001575775243901526,0.25,traj,3.142401055493627,-330.56292010365206,25.05583766537623,-0.004336059093475342,-0.00017891595266691167,1.0,0.75,0.0,0.0,0
35,69,1.75,0.0,25.275487899780273,330.5476989746094,0.06587222963571548,0.9812971949577332,-0.00017891595266691167,0.75,0.0,-0.022526899352669716,8.786482810974121,-0.030859412625432014,5.634676933288574,-0.011301139369606972,2.9700167179107666,0.0039892420172691345,0.9621639847755432,-0.011301139369606972,2.9700167179107666,-0.0030588621739298105,12.353595733642578,5.216306527455648,-0.0024223923621756027,0.001683006674946728,-0.0001575775243901526,-0.0001575775243901526,0.25,traj,3.142401055493627,-330.56292010365206,25.05583766537623,-0.004336059093475342,-0.00017891595266691167,1.0,0.75,0.0,0.0,0
36,70,1.8,0.0,25.372798919677734,330.5476989746094,0.06311984360218048,3.547576399309804e-10,0.00032798781719888426,0.75,0.0,0.019037388265132904,2.2202112674713135,0.011594176292419434,0.6334176659584045,-0.003240808844566345,6.718933582305908e-05,0.00729747861623764,-0.030860118567943573,0.011594176292419434,0.6334176659584045,0.0002746610261965543,12.187431335449219,1.5020058328906694,0.011651515986598783,0.0029862067685851607,1.431556972183494e-05,1.431556972183494e-05,0.25,traj,3.1421410600331168,-330.5584948517907,17.008995079335293,-0.00775986909866333,0.00032798781719888426,0.0,0.75,1.0,0.0,0
37,71,1.85,0.0,25.47861099243164,330.547607421875,0.05133955925703049,2.040950298309326,-0.0003920612075626844,0.75,0.0,-0.019267722964286804,9.847288131713867,-0.018628306686878204,6.816925525665283,-0.007237374782562256,3.9426841735839844,-0.002479828894138336,1.4840689897537231,-0.002479828894138336,1.4840689897537231,-0.0063019124791026115,12.036632537841797,5.575497468312581,-0.001063715954278511,-0.00013427899022133135,-0.0003332651680410362,-0.0003332651680410362,0.25,traj,3.142694310345922,-330.5628895849465,25.372798954260393,-0.019748270511627197,-0.0003920612075626844,1.0,0.75,0.0,0.0,0
38,72,1.9,0.0,25.59296989440918,330.54730224609375,0.035717736929655075,2.040950298309326,-0.0003920612075626844,0.75,0.0,-0.019267722964286804,9.847288131713867,-0.018628306686878204,6.816925525665283,-0.007237374782562256,3.9426841735839844,-0.002479828894138336,1.4840689897537231,-0.002479828894138336,1.4840689897537231,-0.0063019124791026115,12.036632537841797,5.575497468312581,-0.001063715954278511,-0.00013427899022133135,-0.0003332651680410362,-0.0003332651680410362,0.25,traj,3.142694310345922,-330.5628895849465,25.372798954260393,-0.019748270511627197,-0.0003920612075626844,1.0,0.75,0.0,0.0,0
39,73,1.95,0.0,25.714462280273438,330.5469970703125,0.018956195563077927,2.040950298309326,-0.0003920612075626844,0.75,0.0,-0.019267722964286804,9.847288131713867,-0.018628306686878204,6.816925525665283,-0.007237374782562256,3.9426841735839844,-0.002479828894138336,1.4840689897537231,-0.002479828894138336,1.4840689897537231,-0.0063019124791026115,12.036632537841797,5.575497468312581,-0.001063715954278511,-0.00013427899022133135,-0.0003332651680410362,-0.0003332651680410362,0.25,traj,3.142694310345922,-330.5628895849465,25.372798954260393,-0.019748270511627197,-0.0003920612075626844,1.0,0.75,0.0,0.0,0
40,74,2.0,0.0,25.84360694885254,330.5466003417969,0.001192261464893818,-2.0992845239931057e-09,9.186893643855824e-05,0.75,0.0,0.029013726860284805,2.524951934814453,0.010541807860136032,0.8765175342559814,-0.0014964789152145386,0.03486403822898865,0.009815387427806854,-0.031068868935108185,0.010541807860136032,0.8765175342559814,0.0002746610261965543,12.187431335449219,1.7047824313243232,0.007656234777095213,0.007133497632616903,1.431556972183494e-05,1.431556972183494e-05,0.25,traj,3.1421410600331168,-330.5584948517907,17.008995079335293,0.012746453285217285,9.186893643855824e-05,0.0,0.75,1.0,0.0,0
41,75,2.05,0.0,25.979433059692383,330.5460510253906,-0.02233886532485485,2.655078411102295,0.0004091278557072115,0.75,0.0,0.005817558616399765,10.286684036254883,0.0008012689650058746,7.219705104827881,-0.0025735534727573395,4.249068737030029,-0.004564531147480011,1.673717737197876,-0.004564531147480011,1.673717737197876,0.007816600613296032,11.565824508666992,5.7419819831848145,-0.0017361860235616553,0.001041272456928641,0.0004302740901756115,0.0004302740901756115,0.25,traj,3.141613439717565,-330.5617909020531,25.8436069840769,-0.029211878776550293,0.0004091278557072115,1.0,0.75,0.0,0.0,0
42,76,2.1,0.0,26.1224308013916,330.54534912109375,-0.0472717247903347,2.655078411102295,0.0004091278557072115,0.75,0.0,0.005817558616399765,10.286684036254883,0.0008012689650058746,7.219705104827881,-0.0025735534727573395,4.249068737030029,-0.004564531147480011,1.673717737197876,-0.004564531147480011,1.673717737197876,0.007816600613296032,11.565824508666992,5.7419819831848145,-0.0017361860235616553,0.001041272456928641,0.0004302740901756115,0.0004302740901756115,0.25,traj,3.141613439717565,-330.5617909020531,25.8436069840769,-0.029211878776550293,0.0004091278557072115,1.0,0.75,0.0,0.0,0
43,77,2.15,0.0,26.27126121520996,330.5445556640625,-0.0804748386144638,2.655078411102295,0.0004091278557072115,0.75,0.0,0.005817558616399765,10.286684036254883,0.0008012689650058746,7.219705104827881,-0.0025735534727573395,4.249068737030029,-0.004564531147480011,1.673717737197876,-0.004564531147480011,1.673717737197876,0.007816600613296032,11.565824508666992,5.7419819831848145,-0.0017361860235616553,0.001041272456928641,0.0004302740901756115,0.0004302740901756115,0.25,traj,3.141613439717565,-330.5617909020531,25.8436069840769,-0.029211878776550293,0.0004091278557072115,1.0,0.75,0.0,0.0,0
44,78,2.2,0.0,26.42656135559082,330.5436706542969,-0.1102599948644638,-4.085931148978261e-09,-0.00024350668018004645,0.75,0.0,0.03165466710925102,3.7552332878112793,0.018013793975114822,1.8956332206726074,0.001012563705444336,0.3931165039539337,0.006333373486995697,-0.010013319551944733,0.018013793975114822,1.8956332206726074,0.0002746610261965543,12.187431335449219,2.5102853377660113,0.0060494707203451025,0.004669772508002526,1.431556972183494e-05,1.431556972183494e-05,0.25,traj,3.1421410600331168,-330.5584948517907,17.008995079335293,0.031687378883361816,-0.00024350668018004645,0.0,0.75,1.0,0.0,0
45,79,2.25,0.0,26.588138580322266,330.54290771484375,-0.1325988620519638,3.1646909713745117,0.0019612854986804547,0.75,0.0,0.030241478234529495,10.553167343139648,0.03555956110358238,7.560815811157227,0.026252467185258865,4.627413272857666,0.0107186958193779,1.9462860822677612,0.0107186958193779,1.9462860822677612,0.03212170675396919,10.982829093933105,5.737963835398356,0.003505984164423131,-0.001131410718052415,0.001861957631201062,0.001861957631201062,0.25,traj,3.139668301739965,-330.5588610778399,26.426561391609738,-0.015872597694396973,0.0019612854986804547,1.0,0.75,0.0,0.0,0
46,80,2.3,0.0,26.75642204284668,330.5422058105469,-0.145172119140625,3.1646909713745117,0.0019612854986804547,0.75,0.0,0.030241478234529495,10.553167343139648,0.03555956110358238,7.560815811157227,0.026252467185258865,4.627413272857666,0.0107186958193779,1.9462860822677612,0.0107186958193779,1.9462860822677612,0.03212170675396919,10.982829093933105,5.737963835398356,0.003505984164423131,-0.001131410718052415,0.001861957631201062,0.001861957631201062,0.25,traj,3.139668301739965,-330.5588610778399,26.426561391609738,-0.015872597694396973,0.0019612854986804547,1.0,0.75,0.0,0.0,0
47,81,2.35,0.0,26.931163787841797,330.54156494140625,-0.1604919135570526,3.1646909713745117,0.0019612854986804547,0.75,0.0,0.030241478234529495,10.553167343139648,0.03555956110358238,7.560815811157227,0.026252467185258865,4.627413272857666,0.0107186958193779,1.9462860822677612,0.0107186958193779,1.9462860822677612,0.03212170675396919,10.982829093933105,5.737963835398356,0.003505984164423131,-0.001131410718052415,0.001861957631201062,0.001861957631201062,0.25,traj,3.139668301739965,-330.5588610778399,26.426561391609738,-0.015872597694396973,0.0019612854986804547,1.0,0.75,0.0,0.0,0
48,82,2.4,0.0,27.112640380859375,330.5406188964844,-0.1725463718175888,1.6634846389251834e-08,0.00039273682465525806,0.75,0.0,0.015482425689697266,4.1546173095703125,0.010593511164188385,2.161616563796997,0.000416487455368042,0.5623486638069153,-0.0033428147435188293,-0.0117860808968544,0.010593511164188385,2.161616563796997,0.0002746610261965543,12.187431335449219,2.777636011441549,0.0031198508033450766,0.001561656980692835,1.431556972183494e-05,1.431556972183494e-05,0.25,traj,3.1421410600331168,-330.5584948517907,17.008995079335293,0.04111337661743164,0.00039273682465525806,1.0,0.75,0.0,0.0,0
49,83,2.45,0.0,27.30063819885254,330.5404357910156,-0.1539916843175888,3.6859471797943115,0.002957703376879534,0.75,0.0,0.03678613156080246,10.922639846801758,0.04270276427268982,8.020280838012695,0.040424175560474396,5.1029253005981445,0.01966717094182968,2.2693748474121094,0.01966717094182968,2.2693748474121094,0.0450478233397007,10.29670238494873,5.768898804982503,0.005517019529047219,-0.0012977637698376146,0.0027851715340144524,0.0027851715340144524,0.25,traj,3.138581113019262,-330.55580918196836,27.112640417813406,0.022634387016296387,0.002957703376879534,1.0,0.75,0.0,0.0,0
50,84,2.5,0.0,27.49517822265625,330.54071044921875,-0.1189575046300888,3.6859471797943115,0.002957703376879534,0.75,0.0,0.03678613156080246,10.922639846801758,0.04270276427268982,8.020280838012695,0.040424175560474396,5.1029253005981445,0.01966717094182968,2.2693748474121094,0.01966717094182968,2.2693748474121094,0.0450478233397007,10.29670238494873,5.768898804982503,0.005517019529047219,-0.0012977637698376146,0.0027851715340144524,0.0027851715340144524,0.25,traj,3.138581113019262,-330.55580918196836,27.112640417813406,0.022634387016296387,0.002957703376879534,1.0,0.75,0.0,0.0,0
51,85,2.55,0.0,27.69610595703125,330.54119873046875,-0.0809326097369194,3.6859471797943115,0.002957703376879534,0.75,0.0,0.03678613156080246,10.922639846801758,0.04270276427268982,8.020280838012695,0.040424175560474396,5.1029253005981445,0.01966717094182968,2.2693748474121094,0.01966717094182968,2.2693748474121094,0.0450478233397007,10.29670238494873,5.768898804982503,0.005517019529047219,-0.0012977637698376146,0.0027851715340144524,0.0027851715340144524,0.25,traj,3.138581113019262,-330.55580918196836,27.112640417813406,0.022634387016296387,0.002957703376879534,1.0,0.75,0.0,0.0,0
52,86,2.6,0.0,27.903472900390625,330.5418395996094,-0.0414428673684597,-6.1562475117682425e-09,-1.0285602101729776e-05,0.75,0.0,0.00386032834649086,5.322832107543945,0.013833995908498764,3.0522055625915527,0.005015924572944641,1.1461024284362793,0.0040765926241874695,0.0738939642906189,0.013833995908498764,3.0522055625915527,0.0002746610261965543,12.187431335449219,3.4993205070495605,0.002885423532832084,-0.0027963072737384118,1.431556972183494e-05,1.431556972183494e-05,0.25,traj,3.1421410600331168,-330.5584948517907,17.008995079335293,0.05256342887878418,-1.0285602101729776e-05,1.0,0.75,0.0,0.0,0
53,87,2.65,0.0,28.117204666137695,330.542724609375,0.004365419968962669,4.199365139007568,0.0014463219632512667,0.75,0.0,0.005728334188461304,11.238524436950684,0.021056093275547028,8.309338569641113,0.02763332426548004,5.356151103973389,0.013022743165493011,2.465183973312378,0.013022743165493011,2.465183973312378,0.019693801179528236,9.50594711303711,5.848949909210205,0.003363005537797531,-0.0033312628677319663,0.0013188817011942704,0.0013188817011942704,0.25,traj,3.140869335332189,-330.5570299396842,27.903472938422546,0.031905531883239746,0.0014463219632512667,1.0,0.75,0.0,0.0,0
54,88,2.7,0.0,28.337263107299805,330.5439453125,0.05384555459022522,4.199365139007568,0.0014463219632512667,0.75,0.0,0.005728334188461304,11.238524436950684,0.021056093275547028,8.309338569641113,0.02763332426548004,5.356151103973389,0.013022743165493011,2.465183973312378,0.013022743165493011,2.465183973312378,0.019693801179528236,9.50594711303711,5.848949909210205,0.003363005537797531,-0.0033312628677319663,0.0013188817011942704,0.0013188817011942704,0.25,traj,3.140869335332189,-330.5570299396842,27.903472938422546,0.031905531883239746,0.0014463219632512667,1.0,0.75,0.0,0.0,0
55,89,2.75,0.0,28.563575744628906,330.54534912109375,0.10499738156795502,4.199365139007568,0.0014463219632512667,0.75,0.0,0.005728334188461304,11.238524436950684,0.021056093275547028,8.309338569641113,0.02763332426548004,5.356151103973389,0.013022743165493011,2.465183973312378,0.013022743165493011,2.465183973312378,0.019693801179528236,9.50594711303711,5.848949909210205,0.003363005537797531,-0.0033312628677319663,0.0013188817011942704,0.0013188817011942704,0.25,traj,3.140869335332189,-330.5570299396842,27.903472938422546,0.031905531883239746,0.0014463219632512667,1.0,0.75,0.0,0.0,0
56,90,2.8,0.0,28.79608917236328,330.5470275878906,0.15746980905532837,1.7613529523785587e-09,-0.0005107620217101058,0.75,0.0,0.0008197352290153503,5.768841743469238,0.003700628876686096,3.439852237701416,0.005264252424240112,1.4196603298187256,0.007609568536281586,0.14091184735298157,0.003700628876686096,3.439852237701416,0.0002746610261965543,12.187431335449219,3.751956144968668,0.0006848883642355312,-0.0007874727478468841,1.431556972183494e-05,1.431556972183494e-05,0.25,traj,3.1421410600331168,-330.5584948517907,17.008995079335293,0.030260205268859863,-0.0005107620217101058,1.0,0.75,0.0,0.0,0
57,91,2.85,0.0,29.03476333618164,330.5479736328125,0.16326826810836792,4.699789047241211,0.0011722179341221925,0.75,0.0,0.024517856538295746,11.564865112304688,0.008305579423904419,8.642366409301758,0.005005247890949249,5.662408351898193,0.004231639206409454,2.685748338699341,0.004231639206409454,2.685748338699341,-0.01604328490793705,8.613330841064453,5.919442494710286,0.0010030233975765696,0.00353155942831529,-0.0011857486674494053,0.0010030233975765696,0.25,traj,3.1443410674717764,-330.5622181686774,28.796089211611825,-0.01849120855331421,0.0011722179341221925,0.8571430444717407,0.75,0.0,0.0,0
58,92,2.9,0.0,29.27957534790039,330.5483093261719,0.1437976360321045,4.699789047241211,0.0011722179341221925,0.75,0.0,0.024517856538295746,11.564865112304688,0.008305579423904419,8.642366409301758,0.005005247890949249,5.662408351898193,0.004231639206409454,2.685748338699341,0.004231639206409454,2.685748338699341,-0.01604328490793705,8.613330841064453,5.919442494710286,0.0010030233975765696,0.00353155942831529,-0.0011857486674494053,0.0010030233975765696,0.25,traj,3.1443410674717764,-330.5622181686774,28.796089211611825,-0.01849120855331421,0.0011722179341221925,0.8571430444717407,0.75,0.0,0.0,0
59,93,2.95,0.0,29.53049659729004,330.5484313964844,0.11953450739383698,4.699789047241211,0.0011722179341221925,0.75,0.0,0.024517856538295746,11.564865112304688,0.008305579423904419,8.642366409301758,0.005005247890949249,5.662408351898193,0.004231639206409454,2.685748338699341,0.004231639206409454,2.685748338699341,-0.01604328490793705,8.613330841064453,5.919442494710286,0.0010030233975765696,0.00353155942831529,-0.0011857486674494053,0.0010030233975765696,0.25,traj,3.1443410674717764,-330.5622181686774,28.796089211611825,-0.01849120855331421,0.0011722179341221925,0.8571430444717407,0.75,0.0,0.0,0
60,94,3.0,0.0,29.787376403808594,330.54840087890625,0.09414204210042953,1.8844252547278728e-10,-0.0007611709862435441,0.75,0.0,0.006430499255657196,6.250821113586426,0.0012562870979309082,3.8718361854553223,0.00928756594657898,1.72605562210083,0.0013144239783287048,0.21691012382507324,0.0012562870979309082,3.8718361854553223,0.0002746610261965543,12.187431335449219,4.022635221481323,0.00020654744936230492,0.0013846032992079487,1.431556972183494e-05,1.431556972183494e-05,0.25,traj,3.1421410600331168,-330.5584948517907,17.008995079335293,0.02392399311065674,-0.0007611709862435441,1.0,0.75,0.0,0.0,0
61,95,3.05,0.0,30.04471778869629,330.5489501953125,0.10356365144252777,5.175722122192383,-0.00038112076239503256,0.75,0.0,0.023326829075813293,11.513785362243652,0.036831311881542206,8.615737915039062,0.03398109972476959,5.698578834533691,0.023404352366924286,2.772090196609497,0.023404352366924286,2.772090196609497,-0.006267450749874115,7.6220550537109375,5.827831427256267,0.00537472392133862,-0.0029665307660532857,-0.0005234479909305024,-0.0005234479909305024,0.25,traj,3.1432357589390616,-330.56359151992115,29.78737644440824,0.031682491302490234,-0.00038112076239503256,0.5543475151062012,0.75,0.0,0.0,0
62,96,3.1,0.0,30.300626754760742,330.5500793457031,0.13957621157169342,5.175722122192383,-0.00038112076239503256,0.75,0.0,0.023326829075813293,11.513785362243652,0.036831311881542206,8.615737915039062,0.03398109972476959,5.698578834533691,0.023404352366924286,2.772090196609497,0.023404352366924286,2.772090196609497,-0.006267450749874115,7.6220550537109375,5.827831427256267,0.00537472392133862,-0.0029665307660532857,-0.0005234479909305024,-0.0005234479909305024,0.25,traj,3.1432357589390616,-330.56359151992115,29.78737644440824,0.031682491302490234,-0.00038112076239503256,0.5543475151062012,0.75,0.0,0.0,0
63,97,3.15,0.0,30.557106018066406,330.5515441894531,0.18581624329090118,5.175722122192383,-0.00038112076239503256,0.75,0.0,0.023326829075813293,11.513785362243652,0.036831311881542206,8.615737915039062,0.03398109972476959,5.698578834533691,0.023404352366924286,2.772090196609497,0.023404352366924286,2.772090196609497,-0.006267450749874115,7.6220550537109375,5.827831427256267,0.00537472392133862,-0.0029665307660532857,-0.0005234479909305024,-0.0005234479909305024,0.25,traj,3.1432357589390616,-330.56359151992115,29.78737644440824,0.031682491302490234,-0.00038112076239503256,0.5543475151062012,0.75,0.0,0.0,0
64,98,3.2,0.0,30.814857482910156,330.5533447265625,0.23488101363182068,3.0456187571914484e-10,-4.809781393813576e-05,0.75,0.0,0.006638139486312866,6.187813758850098,0.0030142739415168762,3.753127336502075,0.011389687657356262,1.6097352504730225,-0.002755768597126007,0.1523706316947937,0.0030142739415168762,3.753127336502075,0.0002746610261965543,12.187431335449219,4.023687283198039,0.0005113256683264294,0.0009475470833179104,1.431556972183494e-05,1.431556972183494e-05,0.25,traj,3.1421410600331168,-330.5584948517907,17.008995079335293,0.03125298023223877,-4.809781393813576e-05,1.0,0.75,0.0,0.0,0
65,99,3.25,0.0,31.075279235839844,330.55535888671875,0.2797124981880188,5.163016319274902,-0.002470208113759441,0.75,0.0,-0.030869826674461365,11.60106086730957,-0.0058932676911354065,8.749226570129395,0.007733523845672607,5.783066749572754,0.018641136586666107,2.7970590591430664,0.018641136586666107,2.7970590591430664,-0.02572149969637394,6.594523906707764,5.869441668192546,0.004242733902895173,-0.0055753594650350445,-0.0024830292638071605,-0.0024830292638071605,0.25,traj,3.1456920663502554,-330.5685355945236,30.81485752491024,0.028845548629760742,-0.002470208113759441,0.5575927495956421,0.75,0.0,0.0,0
66,100,3.3,0.0,31.338634490966797,330.5574035644531,0.32032719254493713,5.163016319274902,-0.002470208113759441,0.75,0.0,-0.030869826674461365,11.60106086730957,-0.0058932676911354065,8.749226570129395,0.007733523845672607,5.783066749572754,0.018641136586666107,2.7970590591430664,0.018641136586666107,2.7970590591430664,-0.02572149969637394,6.594523906707764,5.869441668192546,0.004242733902895173,-0.0055753594650350445,-0.0024830292638071605,-0.0024830292638071605,0.25,traj,3.1456920663502554,-330.5685355945236,30.81485752491024,0.028845548629760742,-0.002470208113759441,0.5575927495956421,0.75,0.0,0.0,0
67,101,3.35,0.0,31.605924606323242,330.55975341796875,0.3604436218738556,5.163016319274902,-0.002470208113759441,0.75,0.0,-0.030869826674461365,11.60106086730957,-0.0058932676911354065,8.749226570129395,0.007733523845672607,5.783066749572754,0.018641136586666107,2.7970590591430664,0.018641136586666107,2.7970590591430664,-0.02572149969637394,6.594523906707764,5.869441668192546,0.004242733902895173,-0.0055753594650350445,-0.0024830292638071605,-0.0024830292638071605,0.25,traj,3.1456920663502554,-330.5685355945236,30.81485752491024,0.028845548629760742,-0.002470208113759441,0.5575927495956421,0.75,0.0,0.0,0
68,102,3.4,0.0,31.87709617614746,330.5622863769531,0.4002373218536377,1.2256999015808105,0.0007799075207135079,0.75,0.0,-0.01638174057006836,7.438136100769043,-0.02217956632375717,5.167577743530273,-0.011372312903404236,2.888772964477539,-0.001811690628528595,0.9851707220077515,-0.011372312903404236,2.888772964477539,-0.00375321670435369,12.105856895446777,4.3020148277282715,-0.002506176015994426,0.001625557194927843,-0.00019734440355778245,-0.00019734440355778245,0.25,traj,3.142442182698522,-330.55892211683306,17.0905685657746,0.008311748504638672,0.0007799075207135079,1.0,0.75,0.0,0.0,0
69,103,3.45,0.0,32.15286636352539,330.56488037109375,0.43316522240638733,5.4489264488220215,0.00389971452947123,0.75,0.0,-0.06661410629749298,11.406131744384766,-0.038683779537677765,8.660178184509277,-0.011941790580749512,5.787213325500488,0.01567036658525467,2.835132360458374,0.01567036658525467,2.835132360458374,-0.04627520591020584,5.53214693069458,5.714263280232747,0.003518657959883044,-0.006475123051698058,-0.005325070977449466,0.003518657959883044,0.25,traj,3.14857812325028,-330.5774776559451,31.87709621959536,0.004815459251403809,0.00389971452947123,0.4763680696487427,0.75,0.0,0.0,0
70,104,3.5,0.0,32.432891845703125,330.5675964355469,0.4605383276939392,5.4489264488220215,0.00389971452947123,0.75,0.0,-0.06661410629749298,11.406131744384766,-0.038683779537677765,8.660178184509277,-0.011941790580749512,5.787213325500488,0.01567036658525467,2.835132360458374,0.01567036658525467,2.835132360458374,-0.04627520591020584,5.53214693069458,5.714263280232747,0.003518657959883044,-0.006475123051698058,-0.005325070977449466,0.003518657959883044,0.25,traj,3.14857812325028,-330.5774776559451,31.87709621959536,0.004815459251403809,0.00389971452947123,0.4763680696487427,0.75,0.0,0.0,0
71,105,3.55,0.0,32.717655181884766,330.5704345703125,0.4866374433040619,5.4489264488220215,0.00389971452947123,0.75,0.0,-0.06661410629749298,11.406131744384766,-0.038683779537677765,8.660178184509277,-0.011941790580749512,5.787213325500488,0.01567036658525467,2.835132360458374,0.01567036658525467,2.835132360458374,-0.04627520591020584,5.53214693069458,5.714263280232747,0.003518657959883044,-0.006475123051698058,-0.005325070977449466,0.003518657959883044,0.25,traj,3.14857812325028,-330.5774776559451,31.87709621959536,0.004815459251403809,0.00389971452947123,0.4763680696487427,0.75,0.0,0.0,0
72,106,3.6,0.0,33.00674057006836,330.5733947753906,0.5122565031051636,2.086994171142578,-0.0005911874991870059,0.75,0.0,-0.008511722087860107,8.187779426574707,-0.012670837342739105,6.049443244934082,-0.004668310284614563,3.6569511890411377,-0.004814185202121735,1.3765795230865479,-0.004668310284614563,3.6569511890411377,-0.01654902659356594,11.757706642150879,4.540811538696289,-0.0008126685567851534,0.001238209577997342,-0.0008959968646593089,-0.0008126685567851534,0.25,traj,3.1435011188176016,-330.5595630143966,17.438707375453205,-0.003114461898803711,-0.0005911874991870059,1.0,0.75,0.0,0.0,0
73,107,3.65,0.0,33.300453186035156,330.575927734375,0.5047444701194763,5.809823989868164,-0.005061986004388171,0.0,0.0,-0.048116326332092285,11.382771492004395,-0.08485188335180283,8.689557075500488,-0.07515861093997955,5.846813201904297,-0.023233719170093536,2.908796548843384,-0.023233719170093536,2.908796548843384,-0.05810017138719559,4.402347564697266,5.649800618489584,-0.005084800100646573,0.008682963991329683,-0.008401312288632432,-0.005084800100646573,0.0,traj,3.1505332748082022,-330.5885865644478,33.00674061505594,-0.01307058334350586,-0.005061986004388171,0.4427284002304077,0.0,0.0,0.0,0
74,108,3.7,0.0,33.596797943115234,330.577880859375,0.4720226526260376,5.809823989868164,-0.005061986004388171,0.0,0.0,-0.048116326332092285,11.382771492004395,-0.08485188335180283,8.689557075500488,-0.07515861093997955,5.846813201904297,-0.023233719170093536,2.908796548843384,-0.023233719170093536,2.908796548843384,-0.05810017138719559,4.402347564697266,5.649800618489584,-0.005084800100646573,0.008682963991329683,-0.008401312288632432,-0.005084800100646573,0.0,traj,3.1505332748082022,-330.5885865644478,33.00674061505594,-0.01307058334350586,-0.005061986004388171,0.4427284002304077,0.0,0.0,0.0,0
75,109,3.75,0.0,33.894065856933594,330.57952880859375,0.4299611747264862,5.809823989868164,-0.005061986004388171,0.0,0.0,-0.048116326332092285,11.382771492004395,-0.08485188335180283,8.689557075500488,-0.07515861093997955,5.846813201904297,-0.023233719170093536,2.908796548843384,-0.023233719170093536,2.908796548843384,-0.05810017138719559,4.402347564697266,5.649800618489584,-0.005084800100646573,0.008682963991329683,-0.008401312288632432,-0.005084800100646573,0.0,traj,3.1505332748082022,-330.5885865644478,33.00674061505594,-0.01307058334350586,-0.005061986004388171,0.4427284002304077,0.0,0.0,0.0,0
76,110,3.8,0.0,34.19035720825195,330.5809020996094,0.385306715965271,2.679805278778076,-0.0007731935421388437,0.75,0.0,-0.021383389830589294,8.897212982177734,-0.015909500420093536,6.483156204223633,-0.010958388447761536,3.861447334289551,-0.003354080021381378,1.5251051187515259,-0.010958388447761536,3.861447334289551,-0.021291270852088928,11.274709701538086,4.914754072825113,-0.0018066128630035644,-0.0014435503631219978,-0.001202141121457436,-0.001202141121457436,0.25,traj,3.1439493457463126,-330.5601733948365,17.921695733655458,-0.020264863967895508,-0.0007731935421388437,1.0,0.75,0.0,0.0,0
77,111,3.85,0.0,34.48511505126953,330.5815124511719,0.31447264552116394,5.9064178466796875,-0.0022896378334893827,0.0,0.0,-0.08346033096313477,11.366254806518555,-0.06908311694860458,8.928764343261719,-0.044136688113212585,6.038668632507324,-0.011609382927417755,2.9716970920562744,-0.011609382927417755,2.9716970920562744,-0.12392939627170563,15.505582809448242,5.59658686319987,-0.00248705148631839,-0.0037549622692450903,-0.005088063413250024,-0.00248705148631839,0.0,traj,3.148317531743322,-330.5960942356323,34.190357254852785,-0.049427926540374756,-0.0022896378334893827,0.4460933208465576,0.0,0.0,0.0,0
78,112,3.9,0.0,34.77720260620117,330.5814514160156,0.22557997703552246,5.9064178466796875,-0.0022896378334893827,0.0,0.0,-0.08346033096313477,11.366254806518555,-0.06908311694860458,8.928764343261719,-0.044136688113212585,6.038668632507324,-0.011609382927417755,2.9716970920562744,-0.011609382927417755,2.9716970920562744,-0.12392939627170563,15.505582809448242,5.59658686319987,-0.00248705148631839,-0.0037549622692450903,-0.005088063413250024,-0.00248705148631839,0.0,traj,3.148317531743322,-330.5960942356323,34.190357254852785,-0.049427926540374756,-0.0022896378334893827,0.4460933208465576,0.0,0.0,0.0,0
79,113,3.95,0.0,35.066585540771484,330.5806579589844,0.1289915144443512,5.9064178466796875,-0.0022896378334893827,0.0,0.0,-0.08346033096313477,11.366254806518555,-0.06908311694860458,8.928764343261719,-0.044136688113212585,6.038668632507324,-0.011609382927417755,2.9716970920562744,-0.011609382927417755,2.9716970920562744,-0.12392939627170563,15.505582809448242,5.59658686319987,-0.00248705148631839,-0.0037549622692450903,-0.005088063413250024,-0.00248705148631839,0.0,traj,3.148317531743322,-330.5960942356323,34.190357254852785,-0.049427926540374756,-0.0022896378334893827,0.4460933208465576,0.0,0.0,0.0,0
80,114,4.0,0.0,35.35247039794922,330.5794372558594,0.03180870786309242,3.231358051300049,0.0006538321893276121,0.75,0.0,-0.028299570083618164,9.312888145446777,-0.02178867906332016,7.1697893142700195,-0.014976546168327332,4.544802665710449,-0.005658037960529327,1.8525303602218628,-0.005658037960529327,1.8525303602218628,-0.007560378406196833,10.679137229919434,4.973595142364502,-0.0019443550112654884,-0.0019340338365196913,-0.0004506685307744776,-0.0004506685307744776,0.25,traj,3.142875031628881,-330.55931886316984,18.5172863258979,-0.03866934776306152,0.0006538321893276121,1.0,0.75,0.0,0.0,0
81,115,4.05,0.0,35.63509750366211,330.57861328125,-0.01702881045639515,5.681283473968506,-0.0012310552731506481,0.0,0.0,-0.009379424154758453,11.353721618652344,-0.000744253396987915,8.951849937438965,0.007342107594013214,6.054590225219727,0.01732068508863449,2.9328534603118896,0.01732068508863449,2.9328534603118896,-0.026153089478611946,14.343939781188965,5.6139403978983555,0.0037596877465937155,-0.0022887483274156867,-0.001160704640492692,-0.001160704640492692,0.0,traj,3.142147854962621,-330.5946293235257,35.352470446133985,0.009647607803344727,-0.0012310552731506481,0.4966953992843628,0.0,0.0,0.0,0
82,116,4.1,0.0,35.91386795043945,330.5783996582031,-0.027801513671875,5.681283473968506,-0.0012310552731506481,0.0,0.0,-0.009379424154758453,11.353721618652344,-0.000744253396987915,8.951849937438965,0.007342107594013214,6.054590225219727,0.01732068508863449,2.9328534603118896,0.01732068508863449,2.9328534603118896,-0.026153089478611946,14.343939781188965,5.6139403978983555,0.0037596877465937155,-0.0022887483274156867,-0.001160704640492692,-0.001160704640492692,0.0,traj,3.142147854962621,-330.5946293235257,35.352470446133985,0.009647607803344727,-0.0012310552731506481,0.4966953992843628,0.0,0.0,0.0,0
83,117,4.15,0.0,36.18918228149414,330.5782775878906,-0.024139404296875,5.681283473968506,-0.0012310552731506481,0.0,0.0,-0.009379424154758453,11.353721618652344,-0.000744253396987915,8.951849937438965,0.007342107594013214,6.054590225219727,0.01732068508863449,2.9328534603118896,0.01732068508863449,2.9328534603118896,-0.026153089478611946,14.343939781188965,5.6139403978983555,0.0037596877465937155,-0.0022887483274156867,-0.001160704640492692,-0.001160704640492692,0.0,traj,3.142147854962621,-330.5946293235257,35.352470446133985,0.009647607803344727,-0.0012310552731506481,0.4966953992843628,0.0,0.0,0.0,0
84,118,4.2,0.0,36.46051025390625,330.57830810546875,-0.015472412109375,3.7679786682128906,0.0007741971979761618,0.75,0.0,0.03470320999622345,9.390949249267578,0.023644976317882538,7.385974884033203,0.012140899896621704,4.925412178039551,0.005618937313556671,2.194892406463623,0.005618937313556671,2.194892406463623,0.024503668770194054,9.975648880004883,4.797414620717366,0.0016297311994206284,0.00351114475179603,0.0015637819284346165,0.0015637819284346165,0.25,traj,3.140130595364843,-330.555534510454,19.22075083491335,-0.021276235580444336,0.0007741971979761618,1.0,0.75,0.0,0.0,0
85,119,4.25,0.0,36.728328704833984,330.5789489746094,0.019773369655013084,5.386735916137695,-0.0012813610393438693,0.0,0.0,0.019468136131763458,10.564858436584473,0.01907305419445038,8.687641143798828,0.020862095057964325,5.970670700073242,0.026400126516819,2.850816011428833,0.026400126516819,2.850816011428833,-0.013485293835401535,13.235916137695312,5.142698685328166,0.00589526022708437,0.00013399566217861392,-0.0006485922347232915,-0.0006485922347232915,0.0,traj,3.141322569051061,-330.59350012192664,36.46051030360126,0.04136466979980469,-0.0012813610393438693,0.6463934183120728,0.0,0.0,0.0,0
86,120,4.3,0.0,36.99224090576172,330.58001708984375,0.07299831509590149,5.386735916137695,-0.0012813610393438693,0.0,0.0,0.019468136131763458,10.564858436584473,0.01907305419445038,8.687641143798828,0.020862095057964325,5.970670700073242,0.026400126516819,2.850816011428833,0.026400126516819,2.850816011428833,-0.013485293835401535,13.235916137695312,5.142698685328166,0.00589526022708437,0.00013399566217861392,-0.0006485922347232915,-0.0006485922347232915,0.0,traj,3.141322569051061,-330.59350012192664,36.46051030360126,0.04136466979980469,-0.0012813610393438693,0.6463934183120728,0.0,0.0,0.0,0
87,121,4.35,0.0,37.25285339355469,330.58154296875,0.13353921473026276,5.386735916137695,-0.0012813610393438693,0.0,0.0,0.019468136131763458,10.564858436584473,0.01907305419445038,8.687641143798828,0.020862095057964325,5.970670700073242,0.026400126516819,2.850816011428833,0.026400126516819,2.850816011428833,-0.013485293835401535,13.235916137695312,5.142698685328166,0.00589526022708437,0.00013399566217861392,-0.0006485922347232915,-0.0006485922347232915,0.0,traj,3.141322569051061,-330.59350012192664,36.46051030360126,0.04136466979980469,-0.0012813610393438693,0.6463934183120728,0.0,0.0,0.0,0
88,122,4.4,0.0,37.50973892211914,330.5833435058594,0.19506408274173737,4.28266716003418,0.0032009918692032344,0.75,0.0,0.05992572009563446,9.634892463684082,0.05715613812208176,7.610596656799316,0.04602307081222534,5.184347152709961,0.024102114140987396,2.413456439971924,0.024102114140987396,2.413456439971924,0.04562664031982422,9.167859077453613,4.814366817474365,0.0063574363609218984,0.0008709730736229897,0.00316826925546139,0.00316826925546139,0.25,traj,3.138183788457189,-330.5510787383051,20.028463390945888,0.017091870307922363,0.0032009918692032344,1.0,0.75,0.0,0.0,0
89,123,4.45,0.0,37.76353454589844,330.5850830078125,0.23960411548614502,5.100513458251953,0.00043085070318000607,0.75,0.0,-0.046373456716537476,10.64680290222168,-0.025881074368953705,8.528409957885742,-0.005069449543952942,5.809902667999268,0.0059939101338386536,2.7631070613861084,0.0059939101338386536,2.7631070613861084,-0.06358560919761658,12.186537742614746,5.255929787953694,0.0013809605316506084,-0.006158126383218688,-0.0033216247119031705,0.0013809605316506084,0.15541632970174124,traj,3.144997195401464,-330.5985357526459,37.509738973244225,0.013593316078186035,0.00043085070318000607,0.7874361276626587,0.75,0.0,0.0,0
90,124,4.5,0.0,38.01433181762695,330.5867614746094,0.2703230082988739,5.100513458251953,0.00043085070318000607,0.75,0.0,-0.046373456716537476,10.64680290222168,-0.025881074368953705,8.528409957885742,-0.005069449543952942,5.809902667999268,0.0059939101338386536,2.7631070613861084,0.0059939101338386536,2.7631070613861084,-0.06358560919761658,12.186537742614746,5.255929787953694,0.0013809605316506084,-0.006158126383218688,-0.0033216247119031705,0.0013809605316506084,0.15541632970174124,traj,3.144997195401464,-330.5985357526459,37.509738973244225,0.013593316078186035,0.00043085070318000607,0.7874361276626587,0.75,0.0,0.0,0
91,125,4.55,0.0,38.269927978515625,330.58856201171875,0.29631081223487854,5.100513458251953,0.00043085070318000607,0.75,0.0,-0.046373456716537476,10.64680290222168,-0.025881074368953705,8.528409957885742,-0.005069449543952942,5.809902667999268,0.0059939101338386536,2.7631070613861084,0.0059939101338386536,2.7631070613861084,-0.06358560919761658,12.186537742614746,5.255929787953694,0.0013809605316506084,-0.006158126383218688,-0.0033216247119031705,0.0013809605316506084,0.15541632970174124,traj,3.144997195401464,-330.5985357526459,37.509738973244225,0.013593316078186035,0.00043085070318000607,0.7874361276626587,0.75,0.0,0.0,0
92,126,4.6,0.0,38.525291442871094,330.59033203125,0.31898245215415955,4.781792640686035,0.002064008697885292,0.0,1.0,0.02858515828847885,8.804251670837402,0.03845396637916565,6.8187971115112305,0.033547721803188324,4.896651268005371,0.022804342210292816,2.5824668407440186,0.022804342210292816,2.5824668407440186,0.0256881695240736,8.258727073669434,4.14789374669393,0.0056215214233484145,-0.0031643026880205432,0.0019801199038422825,0.0019801199038422825,0.0,traj,3.1402227441456656,-330.5510787383051,20.93766978256598,0.017688632011413574,0.002064008697885292,1.0,0.0,0.0,1.0,0
93,127,4.65,0.0,38.780574798583984,330.5914306640625,0.2974502444267273,5.097803115844727,-0.004796996008932832,0.0,1.0,-0.05754607915878296,9.527931213378906,-0.05244859308004379,8.023487091064453,-0.04101264476776123,5.661622524261475,-0.016602851450443268,2.727949857711792,-0.016602851450443268,2.727949857711792,-0.0912761464715004,11.170796394348145,4.533412853876749,-0.003874490579720314,-0.0021570015674252188,-0.005201672226444569,-0.003874490579720314,0.0,traj,3.147159890332494,-330.60552460108926,38.52529149538036,-0.03246665000915527,-0.004796996008932832,0.7535043954849243,0.0,0.0,1.0,0
94,128,4.7,0.0,39.03026580810547,330.591796875,0.24586758017539978,5.097803115844727,-0.004796996008932832,0.0,1.0,-0.05754607915878296,9.527931213378906,-0.05244859308004379,8.023487091064453,-0.04101264476776123,5.661622524261475,-0.016602851450443268,2.727949857711792,-0.016602851450443268,2.727949857711792,-0.0912761464715004,11.170796394348145,4.533412853876749,-0.003874490579720314,-0.0021570015674252188,-0.005201672226444569,-0.003874490579720314,0.0,traj,3.147159890332494,-330.60552460108926,38.52529149538036,-0.03246665000915527,-0.004796996008932832,0.7535043954849243,0.0,0.0,1.0,0
95,129,4.75,0.0,39.252685546875,330.5916442871094,0.18140709400177002,5.097803115844727,-0.004796996008932832,0.0,1.0,-0.05754607915878296,9.527931213378906,-0.05244859308004379,8.023487091064453,-0.04101264476776123,5.661622524261475,-0.016602851450443268,2.727949857711792,-0.016602851450443268,2.727949857711792,-0.0912761464715004,11.170796394348145,4.533412853876749,-0.003874490579720314,-0.0021570015674252188,-0.005201672226444569,-0.003874490579720314,0.0,traj,3.147159890332494,-330.60552460108926,38.52529149538036,-0.03246665000915527,-0.004796996008932832,0.7535043954849243,0.0,0.0,1.0,0
96,130,4.8,0.0,39.44253921508789,330.5910949707031,0.11889605969190598,4.167263031005859,0.00032959599464672145,0.75,0.0,0.0642695426940918,8.919569969177246,0.05638013035058975,7.194177150726318,0.04465021193027496,4.96683406829834,0.025519855320453644,2.315851926803589,0.025519855320453644,2.315851926803589,0.004562878981232643,7.3370819091796875,4.402557293574015,0.007015031796012571,0.0029109229057334646,0.000395895471353214,0.000395895471353214,0.23529426256815533,traj,3.142555550732885,-330.55382544712063,21.859350234261665,0.02519989013671875,0.00032959599464672145,1.0,0.75,0.0,0.0,0
97,131,4.85,0.0,39.5997314453125,330.59027099609375,0.05482872948050499,3.540523052215576,-0.003702358587512893,0.75,0.0,-0.04242432862520218,8.663236618041992,-0.05184301733970642,7.58195686340332,-0.03847668319940567,5.223529815673828,-0.02153369039297104,2.227834701538086,-0.02153369039297104,2.227834701538086,-0.05112551897764206,10.253799438476562,4.290352503458659,-0.006153193468818124,0.005545250977616605,-0.0031741685168216733,-0.0031741685168216733,0.25,traj,3.1436677734043936,-330.60628757505714,39.44253926884735,-0.049269795417785645,-0.003702358587512893,1.0,0.75,0.0,0.0,0
98,132,4.9,0.0,39.73999786376953,330.5891418457031,-0.003356932895258069,3.540523052215576,-0.003702358587512893,0.75,0.0,-0.04242432862520218,8.663236618041992,-0.05184301733970642,7.58195686340332,-0.03847668319940567,5.223529815673828,-0.02153369039297104,2.227834701538086,-0.02153369039297104,2.227834701538086,-0.05112551897764206,10.253799438476562,4.290352503458659,-0.006153193468818124,0.005545250977616605,-0.0031741685168216733,-0.0031741685168216733,0.25,traj,3.1436677734043936,-330.60628757505714,39.44253926884735,-0.049269795417785645,-0.003702358587512893,1.0,0.75,0.0,0.0,0
99,133,4.95,0.0,39.88467025756836,330.5877990722656,-0.0599670372903347,3.540523052215576,-0.003702358587512893,0.75,0.0,-0.04242432862520218,8.663236618041992,-0.05184301733970642,7.58195686340332,-0.03847668319940567,5.223529815673828,-0.02153369039297104,2.227834701538086,-0.02153369039297104,2.227834701538086,-0.05112551897764206,10.253799438476562,4.290352503458659,-0.006153193468818124,0.005545250977616605,-0.0031741685168216733,-0.0031741685168216733,0.25,traj,3.1436677734043936,-330.60628757505714,39.44253926884735,-0.049269795417785645,-0.003702358587512893,1.0,0.75,0.0,0.0,0
100,134,5.0,0.0,40.0345458984375,330.5862731933594,-0.11636349558830261,4.046334266662598,-0.001739914327009138,0.75,0.0,-0.021771028637886047,9.604572296142578,-0.024151988327503204,7.308938980102539,-0.012526139616966248,4.76251220703125,-0.007525511085987091,2.1447269916534424,-0.007525511085987091,2.1447269916534424,-0.014297612011432648,6.538651943206787,4.973251819610596,-0.002233803250092473,0.0006602996832234853,-0.0013920203803837905,-0.0013920203803837905,0.25,traj,3.144862131276403,-330.5583727753864,22.6577606509993,-0.016349732875823975,-0.001739914327009138,1.0,0.75,0.0,0.0,0
101,135,5.05,0.0,40.18962097167969,330.58526611328125,-0.1460265964269638,3.0439178943634033,-0.00029394193537628216,0.75,0.0,0.003367215394973755,8.625819206237793,-0.008042149245738983,7.245845794677734,-0.0076451897621154785,4.853018283843994,-0.007410727441310883,1.953994631767273,-0.007410727441310883,1.953994631767273,-0.0054029785096645355,9.661907196044922,4.447914361953735,-0.0024144238081439213,0.005263315946876634,-0.0003559565742836341,-0.0003559565742836341,0.25,traj,3.1395617286351065,-330.6014655752771,40.03454595300385,-0.0065615177154541016,-0.00029394193537628216,1.0,0.75,0.0,0.0,0
102,136,5.1,0.0,40.350791931152344,330.5845642089844,-0.1558838039636612,3.0439178943634033,-0.00029394193537628216,0.75,0.0,0.003367215394973755,8.625819206237793,-0.008042149245738983,7.245845794677734,-0.0076451897621154785,4.853018283843994,-0.007410727441310883,1.953994631767273,-0.007410727441310883,1.953994631767273,-0.0054029785096645355,9.661907196044922,4.447914361953735,-0.0024144238081439213,0.005263315946876634,-0.0003559565742836341,-0.0003559565742836341,0.25,traj,3.1395617286351065,-330.6014655752771,40.03454595300385,-0.0065615177154541016,-0.00029394193537628216,1.0,0.75,0.0,0.0,0
103,137,5.15,0.0,40.51801300048828,330.5838623046875,-0.167816162109375,3.0439178943634033,-0.00029394193537628216,0.75,0.0,0.003367215394973755,8.625819206237793,-0.008042149245738983,7.245845794677734,-0.0076451897621154785,4.853018283843994,-0.007410727441310883,1.953994631767273,-0.007410727441310883,1.953994631767273,-0.0054029785096645355,9.661907196044922,4.447914361953735,-0.0024144238081439213,0.005263315946876634,-0.0003559565742836341,-0.0003559565742836341,0.25,traj,3.1395617286351065,-330.6014655752771,40.03454595300385,-0.0065615177154541016,-0.00029394193537628216,1.0,0.75,0.0,0.0,0
104,138,5.2,0.0,40.6917724609375,330.5831298828125,-0.1751098334789276,4.4779133796691895,-0.001446156428543352,0.75,0.0,-0.038594841957092285,9.572803497314453,-0.04441192001104355,7.317470550537109,-0.0333818644285202,5.000890731811523,-0.01665867120027542,2.463351249694824,-0.01665867120027542,2.463351249694824,-0.0035328478552401066,5.6863694190979,4.739694118499756,-0.004305096061394229,0.0016420255399266512,-0.0003954957804789301,-0.0003954957804789301,0.25,traj,3.1433517495777945,-330.5589831558263,23.510057481384596,-0.02849513292312622,-0.001446156428543352,1.0,0.75,0.0,0.0,0
105,139,5.25,0.0,40.87190628051758,330.5824890136719,-0.1802673190832138,3.530364513397217,0.00027491890738469226,0.75,0.0,-0.01544206589460373,8.624685287475586,-0.022620633244514465,7.423427581787109,-0.008403711020946503,5.163749694824219,-0.005440421402454376,2.1767587661743164,-0.005440421402454376,2.1767587661743164,0.00563835958018899,9.004674911499023,4.2986626625061035,-0.0015910824491942733,0.0038043116491711325,0.0003986275470212191,0.0003986275470212191,0.25,traj,3.1385364095356802,-330.59832212012475,40.69177251639964,-0.0017251372337341309,0.00027491890738469226,1.0,0.75,0.0,0.0,0
106,140,5.3,0.0,41.058677673339844,330.5819091796875,-0.1810607761144638,3.530364513397217,0.00027491890738469226,0.75,0.0,-0.01544206589460373,8.624685287475586,-0.022620633244514465,7.423427581787109,-0.008403711020946503,5.163749694824219,-0.005440421402454376,2.1767587661743164,-0.005440421402454376,2.1767587661743164,0.00563835958018899,9.004674911499023,4.2986626625061035,-0.0015910824491942733,0.0038043116491711325,0.0003986275470212191,0.0003986275470212191,0.25,traj,3.1385364095356802,-330.59832212012475,40.69177251639964,-0.0017251372337341309,0.00027491890738469226,1.0,0.75,0.0,0.0,0
107,141,5.35,0.0,41.25186538696289,330.5813293457031,-0.1829833984375,3.530364513397217,0.00027491890738469226,0.75,0.0,-0.01544206589460373,8.624685287475586,-0.022620633244514465,7.423427581787109,-0.008403711020946503,5.163749694824219,-0.005440421402454376,2.1767587661743164,-0.005440421402454376,2.1767587661743164,0.00563835958018899,9.004674911499023,4.2986626625061035,-0.0015910824491942733,0.0038043116491711325,0.0003986275470212191,0.0003986275470212191,0.25,traj,3.1385364095356802,-330.59832212012475,40.69177251639964,-0.0017251372337341309,0.00027491890738469226,1.0,0.75,0.0,0.0,0
108,142,5.4,0.0,41.451499938964844,330.58074951171875,-0.184478759765625,4.9625959396362305,0.0018420730844543446,0.09217137197653451,0.0,0.016191035509109497,9.329845428466797,0.0064689889550209045,7.086822509765625,0.009243935346603394,4.779271602630615,0.007058493793010712,2.379586696624756,0.007058493793010712,2.379586696624756,0.01719401217997074,4.739911079406738,4.633521556854248,0.0018883676959917778,0.0027592927061591815,0.002309335021836897,0.0018883676959917778,0.0,traj,3.140115694203649,-330.5552598389396,24.4564934110193,-0.006207108497619629,0.0018420730844543446,0.8743113279342651,0.09217137197653451,0.0,0.0,0
109,143,5.45,0.0,41.65749740600586,330.5802917480469,-0.1724548190832138,4.044544696807861,-0.00020904979877340912,0.75,0.0,0.03883442282676697,9.93186092376709,0.03051406890153885,7.817260265350342,0.026972368359565735,5.222116470336914,0.015242047607898712,2.350707769393921,0.015242047607898712,2.350707769393921,0.007045420352369547,8.244942665100098,5.054130554199219,0.004127834942857404,0.0025049061050715954,0.0005440346853517128,0.0005440346853517128,0.25,traj,3.1383728543904166,-330.5959416421043,41.45149999546248,0.014938592910766602,-0.00020904979877340912,1.0,0.75,0.0,0.0,0
110,144,5.5,0.0,41.86989974975586,330.580078125,-0.1536865234375,4.044544696807861,-0.00020904979877340912,0.75,0.0,0.03883442282676697,9.93186092376709,0.03051406890153885,7.817260265350342,0.026972368359565735,5.222116470336914,0.015242047607898712,2.350707769393921,0.015242047607898712,2.350707769393921,0.007045420352369547,8.244942665100098,5.054130554199219,0.004127834942857404,0.0025049061050715954,0.0005440346853517128,0.0005440346853517128,0.25,traj,3.1383728543904166,-330.5959416421043,41.45149999546248,0.014938592910766602,-0.00020904979877340912,1.0,0.75,0.0,0.0,0
111,145,5.55,0.0,42.088626861572266,330.5799560546875,-0.133453369140625,4.044544696807861,-0.00020904979877340912,0.75,0.0,0.03883442282676697,9.93186092376709,0.03051406890153885,7.817260265350342,0.026972368359565735,5.222116470336914,0.015242047607898712,2.350707769393921,0.015242047607898712,2.350707769393921,0.007045420352369547,8.244942665100098,5.054130554199219,0.004127834942857404,0.0025049061050715954,0.0005440346853517128,0.0005440346853517128,0.25,traj,3.1383728543904166,-330.5959416421043,41.45149999546248,0.014938592910766602,-0.00020904979877340912,1.0,0.75,0.0,0.0,0
112,146,5.6,0.0,42.31362533569336,330.5799255371094,-0.11257930845022202,5.062258720397949,0.0018776469863814945,0.0,0.0,0.03644225373864174,9.527803421020508,0.027041267603635788,7.091794967651367,0.023706484586000443,4.841014862060547,0.009710095822811127,2.534871816635132,0.009710095822811127,2.534871816635132,0.051227834075689316,16.354406356811523,4.661996364593506,0.002438653270122472,0.002456791216918395,0.0019940838461454196,0.0019940838461454196,0.0,traj,3.1396714011814932,-330.5524215755893,25.466947590252975,-0.0155068039894104,0.0018776469863814945,0.9428900480270386,0.0,0.0,0.0,0
113,147,5.65,0.0,42.54453659057617,330.5792236328125,-0.1260680854320526,4.549631118774414,-0.0010358868864857652,0.09217137197653451,0.0,0.02851255238056183,8.975173950195312,0.019282184541225433,7.096479415893555,0.008340805768966675,5.061249256134033,0.009138993918895721,2.545884847640991,0.009138993918895721,2.545884847640991,-0.004171254113316536,7.382819652557373,4.286227544148763,0.0022852775777602967,0.003127819357376759,-0.00035967523283175214,-0.00035967523283175214,0.0,traj,3.1396277705815177,-330.5951176259792,42.31362539336605,-0.020745575428009033,-0.0010358868864857652,1.0,0.09217137197653451,0.0,0.0,0
114,148,5.7,0.0,42.77967071533203,330.5780334472656,-0.1575622409582138,4.549631118774414,-0.0010358868864857652,0.09217137197653451,0.0,0.02851255238056183,8.975173950195312,0.019282184541225433,7.096479415893555,0.008340805768966675,5.061249256134033,0.009138993918895721,2.545884847640991,0.009138993918895721,2.545884847640991,-0.004171254113316536,7.382819652557373,4.286227544148763,0.0022852775777602967,0.003127819357376759,-0.00035967523283175214,-0.00035967523283175214,0.0,traj,3.1396277705815177,-330.5951176259792,42.31362539336605,-0.020745575428009033,-0.0010358868864857652,1.0,0.09217137197653451,0.0,0.0,0
115,149,5.75,0.0,43.01746368408203,330.57659912109375,-0.1921691596508026,4.549631118774414,-0.0010358868864857652,0.09217137197653451,0.0,0.02851255238056183,8.975173950195312,0.019282184541225433,7.096479415893555,0.008340805768966675,5.061249256134033,0.009138993918895721,2.545884847640991,0.009138993918895721,2.545884847640991,-0.004171254113316536,7.382819652557373,4.286227544148763,0.0022852775777602967,0.003127819357376759,-0.00035967523283175214,-0.00035967523283175214,0.0,traj,3.1396277705815177,-330.5951176259792,42.31362539336605,-0.020745575428009033,-0.0010358868864857652,1.0,0.09217137197653451,0.0,0.0,0
116,150,5.8,0.0,43.256996154785156,330.574951171875,-0.2274474948644638,5.0070061683654785,0.002398427566253811,0.0,1.0,0.049999479204416275,9.199974060058594,0.03893182799220085,6.873734474182129,0.031459275633096695,4.648810386657715,0.013233952224254608,2.4091432094573975,0.013233952224254608,2.4091432094573975,0.05502134561538696,15.351422309875488,4.52729606628418,0.0034970290275113365,0.0030288575054023517,0.0022817107011937347,0.0022817107011937347,0.0,traj,3.139539317288671,-330.5487287758262,26.469919240789928,-2.586841583251953e-05,0.002398427566253811,0.9019685983657837,0.0,0.0,1.0,0
117,151,5.85,0.0,43.49773406982422,330.57318115234375,-0.259796142578125,4.802196979522705,0.0006454780141990402,0.0890463719765345,0.0,0.05180219188332558,9.071171760559082,0.031125199049711227,6.848937034606934,0.0178387351334095,4.745244026184082,0.012277476489543915,2.5056235790252686,0.012277476489543915,2.5056235790252686,0.011859900318086147,6.439430236816406,4.377128918965657,0.0031193954574004097,0.005923339893672199,0.0011724879799836637,0.0011724879799836637,0.0,traj,3.1376229087498526,-330.59014303267116,43.25699621374365,-0.021312594413757324,0.0006454780141990402,1.0,0.0890463719765345,0.0,0.0,0
118,152,5.9,0.0,43.7393684387207,330.5714111328125,-0.2906188368797302,4.802196979522705,0.0006454780141990402,0.0890463719765345,0.0,0.05180219188332558,9.071171760559082,0.031125199049711227,6.848937034606934,0.0178387351334095,4.745244026184082,0.012277476489543915,2.5056235790252686,0.012277476489543915,2.5056235790252686,0.011859900318086147,6.439430236816406,4.377128918965657,0.0031193954574004097,0.005923339893672199,0.0011724879799836637,0.0011724879799836637,0.0,traj,3.1376229087498526,-330.59014303267116,43.25699621374365,-0.021312594413757324,0.0006454780141990402,1.0,0.0890463719765345,0.0,0.0,0
119,153,5.95,0.0,43.98172378540039,330.56939697265625,-0.3212279677391052,4.802196979522705,0.0006454780141990402,0.0890463719765345,0.0,0.05180219188332558,9.071171760559082,0.031125199049711227,6.848937034606934,0.0178387351334095,4.745244026184082,0.012277476489543915,2.5056235790252686,0.012277476489543915,2.5056235790252686,0.011859900318086147,6.439430236816406,4.377128918965657,0.0031193954574004097,0.005923339893672199,0.0011724879799836637,0.0011724879799836637,0.0,traj,3.1376229087498526,-330.59014303267116,43.25699621374365,-0.021312594413757324,0.0006454780141990402,1.0,0.0890463719765345,0.0,0.0,0
120,154,6.0,0.0,44.22468185424805,330.56732177734375,-0.3518982231616974,2.4238054752349854,0.004814153062157231,0.75,0.0,0.0614083893597126,8.59042739868164,0.040831323713064194,6.328134536743164,0.026333030313253403,3.7819783687591553,0.007657580077648163,1.461005449295044,0.026333030313253403,3.7819783687591553,0.11280491948127747,14.57453727722168,4.753087997436523,0.00443253727083075,0.0057903029868385065,0.0049272706397120065,0.00443253727083075,0.25,traj,3.1354673663761954,-330.54869825870264,27.24646762746847,0.01934194564819336,0.004814153062157231,1.0,0.75,0.0,0.0,0
121,155,6.05,0.0,44.46809387207031,330.5655517578125,-0.3615112006664276,4.8641581535339355,0.0024216857833337813,0.0,0.0,0.08168147504329681,9.316287994384766,0.060183312743902206,6.861724853515625,0.034272897988557816,4.2735466957092285,0.015042446553707123,2.0081987380981445,0.015042446553707123,2.0081987380981445,0.027532625943422318,5.471674919128418,4.872263272603353,0.004768506687004599,0.00557568326491855,0.0032033308932007884,0.0032033308932007884,0.008105119069417022,traj,3.1354509154942374,-330.58251328824633,44.224681914525476,-0.0032504796981811523,0.0024216857833337813,1.0,0.0,0.0,0.0,0
122,156,6.1,0.0,44.711639404296875,330.56396484375,-0.36001577973365784,4.8641581535339355,0.0024216857833337813,0.0,0.0,0.08168147504329681,9.316287994384766,0.060183312743902206,6.861724853515625,0.034272897988557816,4.2735466957092285,0.015042446553707123,2.0081987380981445,0.015042446553707123,2.0081987380981445,0.027532625943422318,5.471674919128418,4.872263272603353,0.004768506687004599,0.00557568326491855,0.0032033308932007884,0.0032033308932007884,0.008105119069417022,traj,3.1354509154942374,-330.58251328824633,44.224681914525476,-0.0032504796981811523,0.0024216857833337813,1.0,0.0,0.0,0.0,0
123,157,6.15,0.0,44.95509338378906,330.5625305175781,-0.3566588759422302,4.8641581535339355,0.0024216857833337813,0.0,0.0,0.08168147504329681,9.316287994384766,0.060183312743902206,6.861724853515625,0.034272897988557816,4.2735466957092285,0.015042446553707123,2.0081987380981445,0.015042446553707123,2.0081987380981445,0.027532625943422318,5.471674919128418,4.872263272603353,0.004768506687004599,0.00557568326491855,0.0032033308932007884,0.0032033308932007884,0.008105119069417022,traj,3.1354509154942374,-330.58251328824633,44.224681914525476,-0.0032504796981811523,0.0024216857833337813,1.0,0.0,0.0,0.0,0
124,158,6.2,0.0,45.198333740234375,330.5611572265625,-0.3530273139476776,1.6197959184646606,0.0023175766249098617,0.75,0.0,0.061372000724077225,8.793540954589844,0.030851688235998154,6.301887035369873,0.013548802584409714,3.6242642402648926,5.3904950618743896e-05,1.2458032369613647,0.013548802584409714,3.6242642402648926,0.1063232272863388,14.265519142150879,5.0320126215616865,0.0023799136432603625,0.007797543801923698,0.00474475280689111,0.0023799136432603625,0.25,traj,3.135799721875463,-330.5485456635926,27.555526770956117,0.011406660079956055,0.0023175766249098617,1.0,0.75,0.0,0.0,0
125,159,6.25,0.0,45.441287994384766,330.5600280761719,-0.3360595703125,4.862919807434082,0.0031937888655410246,0.0,0.0,0.11035570502281189,8.840178489685059,0.05405838042497635,6.69553279876709,0.019435346126556396,4.278322219848633,0.010371796786785126,2.022265911102295,0.010371796786785126,2.022265911102295,0.02780647575855255,4.498003005981445,4.545945008595784,0.003265030268703237,0.016707525574205333,0.0039355271722261555,0.003265030268703237,0.0,traj,3.135431126752172,-330.57634845434603,45.19833380183887,0.008923888206481934,0.0031937888655410246,1.0,0.0,0.0,0.0,0
126,160,6.3,0.0,45.68392562866211,330.55914306640625,-0.3121642768383026,4.862919807434082,0.0031937888655410246,0.0,0.0,0.11035570502281189,8.840178489685059,0.05405838042497635,6.69553279876709,0.019435346126556396,4.278322219848633,0.010371796786785126,2.022265911102295,0.010371796786785126,2.022265911102295,0.02780647575855255,4.498003005981445,4.545945008595784,0.003265030268703237,0.016707525574205333,0.0039355271722261555,0.003265030268703237,0.0,traj,3.135431126752172,-330.57634845434603,45.19833380183887,0.008923888206481934,0.0031937888655410246,1.0,0.0,0.0,0.0,0
127,161,6.35,0.0,45.92622375488281,330.5583801269531,-0.2871398627758026,4.862919807434082,0.0031937888655410246,0.0,0.0,0.11035570502281189,8.840178489685059,0.05405838042497635,6.69553279876709,0.019435346126556396,4.278322219848633,0.010371796786785126,2.022265911102295,0.010371796786785126,2.022265911102295,0.02780647575855255,4.498003005981445,4.545945008595784,0.003265030268703237,0.016707525574205333,0.0039355271722261555,0.003265030268703237,0.0,traj,3.135431126752172,-330.57634845434603,45.19833380183887,0.008923888206481934,0.0031937888655410246,1.0,0.0,0.0,0.0,0
128,162,6.4,0.0,46.16816711425781,330.55780029296875,-0.2619323134422302,2.1770575046539307,0.001533475177060629,0.75,0.0,0.06133587658405304,8.947405815124512,0.04893165081739426,6.719385147094727,0.03254412114620209,4.098247051239014,0.0027420148253440857,1.507965087890625,0.0027420148253440857,1.507965087890625,0.09396485239267349,13.887737274169922,4.959798653920492,0.0011576133457911915,0.0035442332237752023,0.004307317136047183,0.0011576133457911915,0.25,traj,3.1366045037892203,-330.547538536816,27.933389701768984,0.01467883586883545,0.001533475177060629,1.0,0.75,0.0,0.0,0
129,163,6.45,0.0,46.40812301635742,330.557373046875,-0.23236083984375,4.836207389831543,0.0037243522684433073,0.0,1.0,0.038559310138225555,8.599390029907227,0.027010977268218994,6.546325206756592,0.020548082888126373,4.3309783935546875,0.011204473674297333,2.1526360511779785,0.011204473674297333,2.1526360511779785,0.08280502259731293,15.902989387512207,4.297877311706543,0.0033136005028011058,0.0035808885723209376,0.0033147388676627743,0.0033136005028011058,0.0,traj,3.1370210210469107,-330.5729913682546,46.16816717718418,0.012553215026855469,0.0037243522684433073,1.0,0.0,0.0,1.0,0
130,164,6.5,0.0,46.6400032043457,330.55718994140625,-0.20147705078125,4.836207389831543,0.0037243522684433073,0.0,1.0,0.038559310138225555,8.599390029907227,0.027010977268218994,6.546325206756592,0.020548082888126373,4.3309783935546875,0.011204473674297333,2.1526360511779785,0.011204473674297333,2.1526360511779785,0.08280502259731293,15.902989387512207,4.297877311706543,0.0033136005028011058,0.0035808885723209376,0.0033147388676627743,0.0033136005028011058,0.0,traj,3.1370210210469107,-330.5729913682546,46.16816717718418,0.012553215026855469,0.0037243522684433073,1.0,0.0,0.0,1.0,0
131,165,6.55,0.0,46.858036041259766,330.5570983886719,-0.17193603515625,4.836207389831543,0.0037243522684433073,0.0,1.0,0.038559310138225555,8.599390029907227,0.027010977268218994,6.546325206756592,0.020548082888126373,4.3309783935546875,0.011204473674297333,2.1526360511779785,0.011204473674297333,2.1526360511779785,0.08280502259731293,15.902989387512207,4.297877311706543,0.0033136005028011058,0.0035808885723209376,0.0033147388676627743,0.0033136005028011058,0.0,traj,3.1370210210469107,-330.5729913682546,46.16816717718418,0.012553215026855469,0.0037243522684433073,1.0,0.0,0.0,1.0,0
132,166,6.6,0.0,47.06044006347656,330.55712890625,-0.1443176120519638,2.7216312885284424,0.005230050395499692,0.75,0.0,0.06696556508541107,9.192293167114258,0.05596863478422165,7.043150424957275,0.04259289801120758,4.533441543579102,0.013819120824337006,1.8134416341781616,0.013819120824337006,1.8134416341781616,0.07858265191316605,13.399044036865234,4.919378280639648,0.004851227866952531,0.003257517060616223,0.0037335812457661116,0.0037335812457661116,0.25,traj,3.1376388827946524,-330.5466229661561,28.422172585125615,0.003571629524230957,0.005230050395499692,1.0,0.75,0.0,0.0,0
133,167,6.65,0.0,47.249603271484375,330.55718994140625,-0.1224670335650444,3.9239587783813477,0.001793581587259409,0.0,0.0,0.028381183743476868,7.7788591384887695,0.026072107255458832,6.182381629943848,0.020758315920829773,4.10639762878418,0.01437949389219284,1.9231739044189453,0.01437949389219284,1.9231739044189453,0.04858338460326195,15.010854721069336,3.903801918029785,0.004759855114055916,0.000920757563573305,0.0020604125720853216,0.0020604125720853216,0.0,traj,3.139073805012975,-330.5723199488215,47.06044012761908,0.011801481246948242,0.001793581587259409,1.0,0.0,0.0,0.0,0
134,168,6.7,0.0,47.43418884277344,330.5572509765625,-0.1030273362994194,3.9239587783813477,0.001793581587259409,0.0,0.0,0.028381183743476868,7.7788591384887695,0.026072107255458832,6.182381629943848,0.020758315920829773,4.10639762878418,0.01437949389219284,1.9231739044189453,0.01437949389219284,1.9231739044189453,0.04858338460326195,15.010854721069336,3.903801918029785,0.004759855114055916,0.000920757563573305,0.0020604125720853216,0.0020604125720853216,0.0,traj,3.139073805012975,-330.5723199488215,47.06044012761908,0.011801481246948242,0.001793581587259409,1.0,0.0,0.0,0.0,0
135,169,6.75,0.0,47.617698669433594,330.5573425292969,-0.0838928148150444,3.9239587783813477,0.001793581587259409,0.0,0.0,0.028381183743476868,7.7788591384887695,0.026072107255458832,6.182381629943848,0.020758315920829773,4.10639762878418,0.01437949389219284,1.9231739044189453,0.01437949389219284,1.9231739044189453,0.04858338460326195,15.010854721069336,3.903801918029785,0.004759855114055916,0.000920757563573305,0.0020604125720853216,0.0020604125720853216,0.0,traj,3.139073805012975,-330.5723199488215,47.06044012761908,0.011801481246948242,0.001793581587259409,1.0,0.0,0.0,0.0,0
136,170,6.8,0.0,47.800750732421875,330.55755615234375,-0.064788818359375,3.22165846824646,0.002868244974225292,0.75,0.0,0.06190428510308266,9.422887802124023,0.04938025400042534,7.365612030029297,0.03319499269127846,4.90817928314209,0.005198173224925995,2.079606771469116,0.005198173224925995,2.079606771469116,0.06147335469722748,12.804205894470215,4.895673910776774,0.0015912544670962233,0.0038754973985208213,0.003056405935054736,0.0015912544670962233,0.25,traj,3.1388223926213126,-330.5462262214014,29.01709560534567,-0.00455087423324585,0.002868244974225292,1.0,0.75,0.0,0.0,0
137,171,6.85,0.0,47.983734130859375,330.55804443359375,-0.0328063927590847,3.6590065956115723,0.001637491843339538,0.75,0.0,0.02883318066596985,7.957929611206055,0.028120435774326324,6.026710033416748,0.023708701133728027,4.127388954162598,0.02269735187292099,2.0540778636932373,0.02269735187292099,2.0540778636932373,0.02648279257118702,14.270597457885742,3.9359048207600917,0.007034308107670162,0.00023493067991324677,0.0011814431168954583,0.0011814431168954583,0.25,traj,3.1404618779805045,-330.5727472138638,47.80075079757342,0.02912914752960205,0.001637491843339538,1.0,0.75,0.0,0.0,0
138,172,6.9,0.0,48.16802215576172,330.5588073730469,0.0057557434774935246,3.6590065956115723,0.001637491843339538,0.75,0.0,0.02883318066596985,7.957929611206055,0.028120435774326324,6.026710033416748,0.023708701133728027,4.127388954162598,0.02269735187292099,2.0540778636932373,0.02269735187292099,2.0540778636932373,0.02648279257118702,14.270597457885742,3.9359048207600917,0.007034308107670162,0.00023493067991324677,0.0011814431168954583,0.0011814431168954583,0.25,traj,3.1404618779805045,-330.5727472138638,47.80075079757342,0.02912914752960205,0.001637491843339538,1.0,0.75,0.0,0.0,0
139,173,6.95,0.0,48.355438232421875,330.55975341796875,0.04575949162244797,3.6590065956115723,0.001637491843339538,0.75,0.0,0.02883318066596985,7.957929611206055,0.028120435774326324,6.026710033416748,0.023708701133728027,4.127388954162598,0.02269735187292099,2.0540778636932373,0.02269735187292099,2.0540778636932373,0.02648279257118702,14.270597457885742,3.9359048207600917,0.007034308107670162,0.00023493067991324677,0.0011814431168954583,0.0011814431168954583,0.25,traj,3.1404618779805045,-330.5727472138638,47.80075079757342,0.02912914752960205,0.001637491843339538,1.0,0.75,0.0,0.0,0
140,174,7.0,0.0,48.547420501708984,330.5608825683594,0.08685287088155746,3.7424159049987793,0.0026404097848987456,0.75,0.0,0.04307442903518677,9.556178092956543,0.03209880739450455,7.510416030883789,0.02425198256969452,5.127387046813965,0.0068314895033836365,2.3087120056152344,0.0068314895033836365,2.3087120056152344,0.05696175992488861,12.106597900390625,4.831708272298177,0.001883738345554325,0.003415446212425073,0.002995313687478511,0.001883738345554325,0.25,traj,3.139156417050634,-330.5447613092948,29.71472172018812,-0.010240316390991211,0.0026404097848987456,1.0,0.75,0.0,0.0,0
141,175,7.05,0.0,48.74301528930664,330.561279296875,0.08380141109228134,3.880666494369507,-0.00023461035878610467,0.0,1.0,-0.015754833817481995,6.669182777404785,0.0022376999258995056,5.4726033210754395,0.007018625736236572,3.9053049087524414,0.01561475545167923,1.9777165651321411,0.007018625736236572,3.9053049087524414,-0.01348170731216669,13.523943901062012,3.1277519861857095,0.0011441047494327218,-0.00957185493039106,-0.0006346282924201543,-0.0006346282924201543,0.0,traj,3.143108562627111,-330.57607378124965,48.54742056787823,-0.021396279335021973,-0.00023461035878610467,1.0,0.0,0.0,1.0,0
142,176,7.1,0.0,48.935813903808594,330.56109619140625,0.06007497385144234,3.880666494369507,-0.00023461035878610467,0.0,1.0,-0.015754833817481995,6.669182777404785,0.0022376999258995056,5.4726033210754395,0.007018625736236572,3.9053049087524414,0.01561475545167923,1.9777165651321411,0.007018625736236572,3.9053049087524414,-0.01348170731216669,13.523943901062012,3.1277519861857095,0.0011441047494327218,-0.00957185493039106,-0.0006346282924201543,-0.0006346282924201543,0.0,traj,3.143108562627111,-330.57607378124965,48.54742056787823,-0.021396279335021973,-0.00023461035878610467,1.0,0.0,0.0,1.0,0
143,177,7.15,0.0,49.1183967590332,330.5606689453125,0.03476033732295036,3.880666494369507,-0.00023461035878610467,0.0,1.0,-0.015754833817481995,6.669182777404785,0.0022376999258995056,5.4726033210754395,0.007018625736236572,3.9053049087524414,0.01561475545167923,1.9777165651321411,0.007018625736236572,3.9053049087524414,-0.01348170731216669,13.523943901062012,3.1277519861857095,0.0011441047494327218,-0.00957185493039106,-0.0006346282924201543,-0.0006346282924201543,0.0,traj,3.143108562627111,-330.57607378124965,48.54742056787823,-0.021396279335021973,-0.00023461035878610467,1.0,0.0,0.0,1.0,0
144,178,7.2,0.0,49.28786087036133,330.56024169921875,0.010672332718968391,4.2545552253723145,0.003590292730508882,0.75,0.0,0.07062758505344391,9.998575210571289,0.04727941006422043,7.6968183517456055,0.03049662709236145,5.327920436859131,0.010281912982463837,2.5438594818115234,0.010281912982463837,2.5438594818115234,0.060929734259843826,11.304547309875488,4.969978014628093,0.0025731321057809453,0.006457384795776418,0.0034312315385068804,0.0025731321057809453,0.25,traj,3.138851241269384,-330.5422892735756,30.51675037728713,-0.002168118953704834,0.003590292730508882,1.0,0.75,0.0,0.0,0
145,179,7.25,0.0,49.44544982910156,330.55975341796875,-0.007476804777979851,3.2840256690979004,0.0005476426691189932,0.0,0.0,-0.006194695830345154,6.236591815948486,0.0014109238982200623,5.296490669250488,-0.0018321722745895386,3.6348888874053955,0.009309254586696625,1.638351559638977,-0.0018321722745895386,3.6348888874053955,0.005279353819787502,12.783509254455566,3.065536896387736,-0.0003208949365442353,-0.005150294025687918,0.00026293445551029906,0.00026293445551029906,0.0,traj,3.1417789022114615,-330.5754328852682,49.287860937539776,-0.016289472579956055,0.0005476426691189932,1.0,0.0,0.0,0.0,0
146,180,7.3,0.0,49.59882354736328,330.5592956542969,-0.0230407677590847,3.2840256690979004,0.0005476426691189932,0.0,0.0,-0.006194695830345154,6.236591815948486,0.0014109238982200623,5.296490669250488,-0.0018321722745895386,3.6348888874053955,0.009309254586696625,1.638351559638977,-0.0018321722745895386,3.6348888874053955,0.005279353819787502,12.783509254455566,3.065536896387736,-0.0003208949365442353,-0.005150294025687918,0.00026293445551029906,0.00026293445551029906,0.0,traj,3.1417789022114615,-330.5754328852682,49.287860937539776,-0.016289472579956055,0.0005476426691189932,1.0,0.0,0.0,0.0,0
147,181,7.35,0.0,49.751434326171875,330.55877685546875,-0.038177490234375,3.2840256690979004,0.0005476426691189932,0.0,0.0,-0.006194695830345154,6.236591815948486,0.0014109238982200623,5.296490669250488,-0.0018321722745895386,3.6348888874053955,0.009309254586696625,1.638351559638977,-0.0018321722745895386,3.6348888874053955,0.005279353819787502,12.783509254455566,3.065536896387736,-0.0003208949365442353,-0.005150294025687918,0.00026293445551029906,0.00026293445551029906,0.0,traj,3.1417789022114615,-330.5754328852682,49.287860937539776,-0.016289472579956055,0.0005476426691189932,1.0,0.0,0.0,0.0,0
148,182,7.4,0.0,49.90391159057617,330.55828857421875,-0.0533142015337944,4.75334358215332,0.003340904025482714,0.7015525162219965,0.0,0.027550220489501953,9.90791130065918,0.018358923494815826,7.488715171813965,0.013502851128578186,5.176307201385498,0.00950547307729721,2.619295358657837,0.00950547307729721,2.619295358657837,0.05470513924956322,10.401086807250977,4.859094301859537,0.00231032160471701,0.002418693939547879,0.0033482826855866146,0.00231032160471701,0.10575071970621686,traj,3.139375881352697,-330.54058020866023,31.420240445046893,-0.007081031799316406,0.003340904025482714,0.9374364614486694,0.7015525162219965,0.0,0.0,0
149,183,7.45,0.0,50.056575775146484,330.5577697753906,-0.0664977878332138,3.0505707263946533,0.0015157394525158294,0.75,0.0,0.012128114700317383,6.522649765014648,0.012473918497562408,5.084360122680664,0.0057183727622032166,3.456120014190674,0.020331047475337982,1.7173285484313965,0.0057183727622032166,3.456120014190674,0.020935341715812683,12.16744327545166,3.2035978635152182,0.0010533391244623301,-0.00015302406494347744,0.0010953827333532976,0.0010533391244623301,0.15302713712056493,traj,3.14066214958695,-330.5734796707081,49.90391165859429,-0.015637755393981934,0.0015157394525158294,1.0,0.75,0.0,0.0,0
150,184,7.5,0.0,50.21076583862305,330.5572509765625,-0.0789794772863388,3.0505707263946533,0.0015157394525158294,0.75,0.0,0.012128114700317383,6.522649765014648,0.012473918497562408,5.084360122680664,0.0057183727622032166,3.456120014190674,0.020331047475337982,1.7173285484313965,0.0057183727622032166,3.456120014190674,0.020935341715812683,12.16744327545166,3.2035978635152182,0.0010533391244623301,-0.00015302406494347744,0.0010953827333532976,0.0010533391244623301,0.15302713712056493,traj,3.14066214958695,-330.5734796707081,49.90391165859429,-0.015637755393981934,0.0015157394525158294,1.0,0.75,0.0,0.0,0
151,185,7.55,0.0,50.36818313598633,330.5567626953125,-0.091552734375,3.0505707263946533,0.0015157394525158294,0.75,0.0,0.012128114700317383,6.522649765014648,0.012473918497562408,5.084360122680664,0.0057183727622032166,3.456120014190674,0.020331047475337982,1.7173285484313965,0.0057183727622032166,3.456120014190674,0.020935341715812683,12.16744327545166,3.2035978635152182,0.0010533391244623301,-0.00015302406494347744,0.0010953827333532976,0.0010533391244623301,0.15302713712056493,traj,3.14066214958695,-330.5734796707081,49.90391165859429,-0.015637755393981934,0.0015157394525158294,1.0,0.75,0.0,0.0,0
152,186,7.6,0.0,50.53023910522461,330.5562438964844,-0.1044921800494194,5.140366554260254,0.0037117975269751772,0.0,0.0,0.022720225155353546,9.940982818603516,0.021002158522605896,7.548781394958496,0.014479167759418488,5.2794694900512695,0.010556690394878387,2.741974353790283,0.010556690394878387,2.741974353790283,0.053114984184503555,9.400449752807617,4.799347400665283,0.0024510235016192727,0.0004572153919017728,0.0035970533533566345,0.0024510235016192727,0.0,traj,3.139523343243871,-330.53856595510695,32.42088322290001,-0.003396332263946533,0.0037117975269751772,0.8844194412231445,0.0,0.0,0.0,0
153,187,7.65,0.0,50.69598388671875,330.55609130859375,-0.0976562425494194,3.283263683319092,0.0012112097765465026,0.0,1.0,0.02046496793627739,6.083813667297363,0.016964871436357498,4.814242839813232,0.0036657117307186127,3.3086605072021484,0.01910518854856491,1.6586154699325562,0.0036657117307186127,3.3086605072021484,0.032706230878829956,11.54109001159668,2.9502227306365967,0.0007053030407547916,0.0017551031161857514,0.0018041286962282874,0.0007053030407547916,0.0,traj,3.1397689143803458,-330.5714349000312,50.5302391740964,0.013273358345031738,0.0012112097765465026,1.0,0.0,0.0,1.0,0
154,188,7.7,0.0,50.85930252075195,330.5561218261719,-0.0818786546587944,3.283263683319092,0.0012112097765465026,0.0,1.0,0.02046496793627739,6.083813667297363,0.016964871436357498,4.814242839813232,0.0036657117307186127,3.3086605072021484,0.01910518854856491,1.6586154699325562,0.0036657117307186127,3.3086605072021484,0.032706230878829956,11.54109001159668,2.9502227306365967,0.0007053030407547916,0.0017551031161857514,0.0018041286962282874,0.0007053030407547916,0.0,traj,3.1397689143803458,-330.5714349000312,50.5302391740964,0.013273358345031738,0.0012112097765465026,1.0,0.0,0.0,1.0,0
155,189,7.75,0.0,51.01302719116211,330.5562438964844,-0.0659179612994194,3.283263683319092,0.0012112097765465026,0.0,1.0,0.02046496793627739,6.083813667297363,0.016964871436357498,4.814242839813232,0.0036657117307186127,3.3086605072021484,0.01910518854856491,1.6586154699325562,0.0036657117307186127,3.3086605072021484,0.032706230878829956,11.54109001159668,2.9502227306365967,0.0007053030407547916,0.0017551031161857514,0.0018041286962282874,0.0007053030407547916,0.0,traj,3.1397689143803458,-330.5714349000312,50.5302391740964,0.013273358345031738,0.0012112097765465026,1.0,0.0,0.0,1.0,0
156,190,7.8,0.0,51.1542854309082,330.5563659667969,-0.0509643480181694,5.017204761505127,0.005328102029903458,0.0,1.0,0.07247567921876907,9.201156616210938,0.056839391589164734,7.010248184204102,0.04015544801950455,4.882388114929199,0.02212785929441452,2.5333001613616943,0.02212785929441452,2.5333001613616943,0.047445282340049744,8.382457733154297,4.445364634195963,0.005560580957753744,0.0045434140083572905,0.003603276414600424,0.003603276414600424,0.0,traj,3.1401049653675894,-330.53725364127433,33.43890385417036,0.02841007709503174,0.005328102029903458,0.9363318681716919,0.0,0.0,1.0,0
157,191,7.85,0.0,51.28402328491211,330.55633544921875,-0.0492553673684597,2.7258994579315186,0.00153806990223354,0.75,0.0,-0.025899574160575867,6.245307922363281,-0.018823988735675812,4.3738484382629395,-0.01782054454088211,2.6179311275482178,0.02098720520734787,1.246872067451477,-0.01782054454088211,2.6179311275482178,0.02124687284231186,10.917069435119629,3.3326656818389893,-0.004333479291945171,-0.0024069106000569073,0.0012389684879051213,0.0012389684879051213,0.25,traj,3.1407031575825552,-330.5715569732716,51.15428550063055,-0.010424494743347168,0.00153806990223354,1.0,0.75,0.0,0.0,0
158,192,7.9,0.0,51.409671783447266,330.55615234375,-0.0540771409869194,2.7258994579315186,0.00153806990223354,0.75,0.0,-0.025899574160575867,6.245307922363281,-0.018823988735675812,4.3738484382629395,-0.01782054454088211,2.6179311275482178,0.02098720520734787,1.246872067451477,-0.01782054454088211,2.6179311275482178,0.02124687284231186,10.917069435119629,3.3326656818389893,-0.004333479291945171,-0.0024069106000569073,0.0012389684879051213,0.0012389684879051213,0.25,traj,3.1407031575825552,-330.5715569732716,51.15428550063055,-0.010424494743347168,0.00153806990223354,1.0,0.75,0.0,0.0,0
159,193,7.95,0.0,51.535648345947266,330.55596923828125,-0.0597228966653347,2.7258994579315186,0.00153806990223354,0.75,0.0,-0.025899574160575867,6.245307922363281,-0.018823988735675812,4.3738484382629395,-0.01782054454088211,2.6179311275482178,0.02098720520734787,1.246872067451477,-0.01782054454088211,2.6179311275482178,0.02124687284231186,10.917069435119629,3.3326656818389893,-0.004333479291945171,-0.0024069106000569073,0.0012389684879051213,0.0012389684879051213,0.25,traj,3.1407031575825552,-330.5715569732716,51.15428550063055,-0.010424494743347168,0.00153806990223354,1.0,0.75,0.0,0.0,0
160,194,8.0,0.0,51.66425323486328,330.55560302734375,-0.0656127855181694,4.3619608879089355,0.0032918988411439493,0.03546802600224991,0.0,0.06110668182373047,8.955830574035645,0.031843699514865875,6.859511375427246,0.01940523087978363,4.743097305297852,0.009886227548122406,2.383226156234741,0.009886227548122406,2.383226156234741,0.013964025303721428,7.420883655548096,4.381909529368083,0.0026408268695548493,0.008886124173642176,0.0011979114618942668,0.0011979114618942668,0.01994864145914743,traj,3.1438358585026602,-330.5416178541425,34.400589036145185,0.005121469497680664,0.0032918988411439493,1.0,0.03546802600224991,0.0,0.0,0
161,195,8.05,0.0,51.795345306396484,330.5554504394531,-0.0672302171587944,2.6021511554718018,0.002457885785934849,0.03777887225151031,0.0,-0.007814403623342514,4.504434585571289,-0.015124637633562088,2.561224937438965,-0.0002679973840713501,1.211490511894226,0.021831654012203217,0.7678794264793396,-0.015124637633562088,2.561224937438965,0.02421736903488636,10.407094955444336,2.491467197736104,-0.0037592880557194325,0.0023949400594343905,0.001481440203440574,0.001481440203440574,0.0,traj,3.140447453656469,-330.5707939993037,51.66425330528071,-0.00514531135559082,0.002457885785934849,0.0,0.03777887225151031,1.0,0.0,0
162,196,8.1,0.0,51.924827575683594,330.5552673339844,-0.0669555515050888,2.6021511554718018,0.002457885785934849,0.03777887225151031,0.0,-0.007814403623342514,4.504434585571289,-0.015124637633562088,2.561224937438965,-0.0002679973840713501,1.211490511894226,0.021831654012203217,0.7678794264793396,-0.015124637633562088,2.561224937438965,0.02421736903488636,10.407094955444336,2.491467197736104,-0.0037592880557194325,0.0023949400594343905,0.001481440203440574,0.001481440203440574,0.0,traj,3.140447453656469,-330.5707939993037,51.66425330528071,-0.00514531135559082,0.002457885785934849,0.0,0.03777887225151031,1.0,0.0,0
163,197,8.15,0.0,52.050086975097656,330.5550842285156,-0.0664977878332138,2.6021511554718018,0.002457885785934849,0.03777887225151031,0.0,-0.007814403623342514,4.504434585571289,-0.015124637633562088,2.561224937438965,-0.0002679973840713501,1.211490511894226,0.021831654012203217,0.7678794264793396,-0.015124637633562088,2.561224937438965,0.02421736903488636,10.407094955444336,2.491467197736104,-0.0037592880557194325,0.0023949400594343905,0.001481440203440574,0.001481440203440574,0.0,traj,3.140447453656469,-330.5707939993037,51.66425330528071,-0.00514531135559082,0.002457885785934849,0.0,0.03777887225151031,1.0,0.0,0
164,198,8.2,0.0,52.16991424560547,330.55487060546875,-0.066009521484375,4.120164394378662,0.0010257388355469602,0.4302112668752688,0.0,-0.08862926810979843,8.351621627807617,-0.08364324271678925,6.71083402633667,-0.053751684725284576,4.531065940856934,-0.01810046285390854,2.0781397819519043,-0.01810046285390854,2.0781397819519043,0.00159010651987046,6.589960098266602,4.1826357046763105,-0.0055447753957515436,-0.0019345650734551366,0.00015357553779931716,0.00015357553779931716,0.06247131029764841,traj,3.1453202525761466,-330.5460736247094,35.23151402507069,-0.04902374744415283,0.0010257388355469602,1.0,0.4302112668752688,0.0,0.0,0
165,199,8.25,0.0,52.282371520996094,330.5546875,-0.068206787109375,2.351729154586792,0.0028788744561211244,0.0,1.0,0.0018524304032325745,2.61824893951416,0.004137083888053894,1.0592889785766602,-0.0009249597787857056,0.4323016107082367,0.022528402507305145,0.3781745433807373,0.004137083888053894,1.0592889785766602,0.024439198896288872,9.901432991027832,1.4966394926110904,0.0024863128123310055,-0.0009329557771681557,0.0015712951365216305,0.0015712951365216305,0.0,traj,3.140440539517675,-330.5700615456234,52.1699143167121,-0.011709094047546387,0.0028788744561211244,0.0,0.0,1.0,1.0,0
166,200,8.3,0.0,52.36216735839844,330.5544738769531,-0.0702514573931694,2.351729154586792,0.0028788744561211244,0.0,1.0,0.0018524304032325745,2.61824893951416,0.004137083888053894,1.0592889785766602,-0.0009249597787857056,0.4323016107082367,0.022528402507305145,0.3781745433807373,0.004137083888053894,1.0592889785766602,0.024439198896288872,9.901432991027832,1.4966394926110904,0.0024863128123310055,-0.0009329557771681557,0.0015712951365216305,0.0015712951365216305,0.0,traj,3.140440539517675,-330.5700615456234,52.1699143167121,-0.011709094047546387,0.0028788744561211244,0.0,0.0,1.0,1.0,0
167,201,8.35,0.0,52.381858825683594,330.5544738769531,-0.07070920616388321,2.351729154586792,0.0028788744561211244,0.0,1.0,0.0018524304032325745,2.61824893951416,0.004137083888053894,1.0592889785766602,-0.0009249597787857056,0.4323016107082367,0.022528402507305145,0.3781745433807373,0.004137083888053894,1.0592889785766602,0.024439198896288872,9.901432991027832,1.4966394926110904,0.0024863128123310055,-0.0009329557771681557,0.0015712951365216305,0.0015712951365216305,0.0,traj,3.140440539517675,-330.5700615456234,52.1699143167121,-0.011709094047546387,0.0028788744561211244,0.0,0.0,1.0,1.0,0
168,202,8.4,0.0,52.38182830810547,330.5544738769531,-0.070892333984375,4.287339687347412,-0.00011224751980532649,0.053093543648719786,0.0,-0.03840429335832596,8.134993553161621,-0.04327845573425293,6.426247596740723,-0.028329841792583466,4.355589866638184,-0.0026180818676948547,2.085925340652466,-0.0026180818676948547,2.085925340652466,0.029293537139892578,5.753477573394775,4.0328497886657715,-0.000799008178445128,0.0018159676907896429,0.0032412763885897485,-0.000799008178445128,0.0,traj,3.14153511921433,-330.5432658784826,36.06794362215799,-0.025705575942993164,-0.00011224751980532649,1.0,0.053093543648719786,0.0,0.0,0
169,203,8.45,0.0,52.38193893432617,330.5544738769531,-0.070892333984375,-8.822877134662122e-05,0.003175779933429424,0.75,0.0,0.007385589182376862,1.9185055494308472,0.006514936685562134,0.4753619134426117,-0.006738409399986267,-0.005066961050033569,0.0034252330660820007,-0.02822832018136978,0.006514936685562134,0.4753619134426117,0.02541768178343773,9.6895170211792,1.2993658271928628,0.008724476363285206,0.0003840564767918585,0.0016699534245329258,0.0016699534245329258,0.25,traj,3.140355304875646,-330.56966479612265,52.38182837950094,-0.024731814861297607,0.003175779933429424,0.0,0.75,1.0,0.0,0
170,204,8.5,0.0,52.382049560546875,330.5544738769531,-0.0708923265337944,-8.822877134662122e-05,0.003175779933429424,0.75,0.0,0.007385589182376862,1.9185055494308472,0.006514936685562134,0.4753619134426117,-0.006738409399986267,-0.005066961050033569,0.0034252330660820007,-0.02822832018136978,0.006514936685562134,0.4753619134426117,0.02541768178343773,9.6895170211792,1.2993658271928628,0.008724476363285206,0.0003840564767918585,0.0016699534245329258,0.0016699534245329258,0.25,traj,3.140355304875646,-330.56966479612265,52.38182837950094,-0.024731814861297607,0.003175779933429424,0.0,0.75,1.0,0.0,0
171,205,8.55,0.0,52.38216018676758,330.5544738769531,-0.0708923265337944,-8.822877134662122e-05,0.003175779933429424,0.75,0.0,0.007385589182376862,1.9185055494308472,0.006514936685562134,0.4753619134426117,-0.006738409399986267,-0.005066961050033569,0.0034252330660820007,-0.02822832018136978,0.006514936685562134,0.4753619134426117,0.02541768178343773,9.6895170211792,1.2993658271928628,0.008724476363285206,0.0003840564767918585,0.0016699534245329258,0.0016699534245329258,0.25,traj,3.140355304875646,-330.56966479612265,52.38182837950094,-0.024731814861297607,0.003175779933429424,0.0,0.75,1.0,0.0,0
172,206,8.6,0.0,52.38226318359375,330.5544738769531,-0.0708923265337944,4.428349018096924,0.000837494553153178,0.0,1.0,0.00775253027677536,6.8988447189331055,0.006031066179275513,5.378563404083252,0.001702241599559784,3.8011221885681152,0.009781770408153534,2.0397531986236572,0.001702241599559784,3.8011221885681152,0.04758378863334656,4.8773722648620605,3.2394113540649414,0.0002850946248174516,0.0007208606938642651,0.006210663184757402,0.0002850946248174516,0.0,traj,3.138769702115331,-330.538413361579,36.94393544464101,-0.013882100582122803,0.000837494553153178,1.0,0.0,0.0,1.0,0
173,207,8.65,0.0,52.38233947753906,330.5544738769531,-0.0708923190832138,-0.0001716102851787582,0.0028113281540979294,0.75,0.0,0.017099514603614807,2.0056424140930176,0.009053744375705719,0.5419639348983765,-0.0037479326128959656,-0.006509721279144287,0.007798276841640472,-0.038626112043857574,0.009053744375705719,0.5419639348983765,0.0254171434789896,9.689082145690918,1.3643016765515008,0.010634045473239217,0.00349945753921623,0.001670029315523704,0.001670029315523704,0.25,traj,3.140355304875646,-330.56966479612265,52.38226325498981,-0.0205957293510437,0.0028113281540979294,0.0,0.75,1.0,0.0,0
174,208,8.7,0.0,52.38239669799805,330.5544738769531,-0.070892333984375,-0.0001716102851787582,0.0028113281540979294,0.75,0.0,0.017099514603614807,2.0056424140930176,0.009053744375705719,0.5419639348983765,-0.0037479326128959656,-0.006509721279144287,0.007798276841640472,-0.038626112043857574,0.009053744375705719,0.5419639348983765,0.0254171434789896,9.689082145690918,1.3643016765515008,0.010634045473239217,0.00349945753921623,0.001670029315523704,0.001670029315523704,0.25,traj,3.140355304875646,-330.56966479612265,52.38226325498981,-0.0205957293510437,0.0028113281540979294,0.0,0.75,1.0,0.0,0
175,209,8.75,0.0,52.38243865966797,330.5544738769531,-0.070892333984375,-0.0001716102851787582,0.0028113281540979294,0.75,0.0,0.017099514603614807,2.0056424140930176,0.009053744375705719,0.5419639348983765,-0.0037479326128959656,-0.006509721279144287,0.007798276841640472,-0.038626112043857574,0.009053744375705719,0.5419639348983765,0.0254171434789896,9.689082145690918,1.3643016765515008,0.010634045473239217,0.00349945753921623,0.001670029315523704,0.001670029315523704,0.25,traj,3.140355304875646,-330.56966479612265,52.38226325498981,-0.0205957293510437,0.0028113281540979294,0.0,0.75,1.0,0.0,0
176,210,8.8,0.0,52.38245391845703,330.5544738769531,-0.0708923265337944,3.57778000831604,-0.004366474955986159,0.0,1.0,-0.02762443572282791,6.560408592224121,-0.03822430968284607,5.218827724456787,-0.029825173318386078,3.714905023574829,0.0021017417311668396,1.8938721418380737,-0.029825173318386078,3.714905023574829,0.054829951375722885,4.060036659240723,3.1112544536590576,-0.005110982492464956,0.005029875259243754,0.008596903607787525,-0.005110982492464956,0.0,traj,3.137521700063024,-330.5339270707244,37.76119618794243,-0.01909923553466797,-0.004366474955986159,1.0,0.0,0.0,1.0,0
177,211,8.85,0.0,52.38247299194336,330.5544738769531,-0.0708923265337944,-3.452919554547407e-05,0.004310423764956637,0.75,0.0,0.02403862029314041,2.283027410507202,0.008190497756004333,0.7210365533828735,-0.0029550716280937195,0.028965920209884644,0.011665396392345428,-0.03717321902513504,0.008190497756004333,0.7210365533828735,0.02541690692305565,9.688891410827637,1.5479782323042552,0.007231245228738864,0.0064589785065827555,0.001670029315523704,0.001670029315523704,0.25,traj,3.140355304875646,-330.56966479612265,52.38245398985335,-0.0166318416595459,0.004310423764956637,0.0,0.75,1.0,0.0,0
178,212,8.9,0.0,52.38249969482422,330.5544738769531,-0.0708923265337944,-3.452919554547407e-05,0.004310423764956637,0.75,0.0,0.02403862029314041,2.283027410507202,0.008190497756004333,0.7210365533828735,-0.0029550716280937195,0.028965920209884644,0.011665396392345428,-0.03717321902513504,0.008190497756004333,0.7210365533828735,0.02541690692305565,9.688891410827637,1.5479782323042552,0.007231245228738864,0.0064589785065827555,0.001670029315523704,0.001670029315523704,0.25,traj,3.140355304875646,-330.56966479612265,52.38245398985335,-0.0166318416595459,0.004310423764956637,0.0,0.75,1.0,0.0,0
179,213,8.95,0.0,52.38251495361328,330.5544738769531,-0.0708923265337944,-3.452919554547407e-05,0.004310423764956637,0.75,0.0,0.02403862029314041,2.283027410507202,0.008190497756004333,0.7210365533828735,-0.0029550716280937195,0.028965920209884644,0.011665396392345428,-0.03717321902513504,0.008190497756004333,0.7210365533828735,0.02541690692305565,9.688891410827637,1.5479782323042552,0.007231245228738864,0.0064589785065827555,0.001670029315523704,0.001670029315523704,0.25,traj,3.140355304875646,-330.56966479612265,52.38245398985335,-0.0166318416595459,0.004310423764956637,0.0,0.75,1.0,0.0,0
180,214,9.0,0.0,52.38252258300781,330.5544738769531,-0.0708923265337944,2.3989579677581787,0.0045690303794501674,0.75,0.0,0.04754827916622162,6.817907333374023,0.045255146920681,5.463407516479492,0.024861261248588562,3.582775592803955,0.022438235580921173,1.4366511106491089,0.024861261248588562,3.582775592803955,0.14219443500041962,15.619207382202148,3.5875800450642905,0.004417510854656722,0.0010777760234928202,0.005795539465202183,0.004417510854656722,0.25,traj,3.135707096257482,-330.52870832618964,38.35097890359004,-0.003623485565185547,0.0045690303794501674,1.0,0.75,0.0,0.0,0
181,215,9.05,0.0,52.38253402709961,330.5544738769531,-0.0708923265337944,-2.1870266209589317e-05,0.001564441547210175,0.75,0.0,0.032497696578502655,1.9764965772628784,0.01451919972896576,0.516850471496582,-0.00170830637216568,-0.007165864109992981,0.01045205444097519,-0.0455889031291008,0.01451919972896576,0.516850471496582,0.025416823104023933,9.688822746276855,1.3495505501826603,0.017879054798844076,0.00784087755765789,0.001670029315523704,0.001670029315523704,0.25,traj,3.140355304875646,-330.56966479612265,52.38252265440423,-0.014914393424987793,0.001564441547210175,0.0,0.75,1.0,0.0,0
182,216,9.1,0.0,52.38254165649414,330.5544738769531,-0.0708923265337944,-2.1870266209589317e-05,0.001564441547210175,0.75,0.0,0.032497696578502655,1.9764965772628784,0.01451919972896576,0.516850471496582,-0.00170830637216568,-0.007165864109992981,0.01045205444097519,-0.0455889031291008,0.01451919972896576,0.516850471496582,0.025416823104023933,9.688822746276855,1.3495505501826603,0.017879054798844076,0.00784087755765789,0.001670029315523704,0.001670029315523704,0.25,traj,3.140355304875646,-330.56966479612265,52.38252265440423,-0.014914393424987793,0.001564441547210175,0.0,0.75,1.0,0.0,0
183,217,9.15,0.0,52.38254928588867,330.5544738769531,-0.0708923265337944,-2.1870266209589317e-05,0.001564441547210175,0.75,0.0,0.032497696578502655,1.9764965772628784,0.01451919972896576,0.516850471496582,-0.00170830637216568,-0.007165864109992981,0.01045205444097519,-0.0455889031291008,0.01451919972896576,0.516850471496582,0.025416823104023933,9.688822746276855,1.3495505501826603,0.017879054798844076,0.00784087755765789,0.001670029315523704,0.001670029315523704,0.25,traj,3.140355304875646,-330.56966479612265,52.38252265440423,-0.014914393424987793,0.001564441547210175,0.0,0.75,1.0,0.0,0
184,218,9.2,0.0,52.38255310058594,330.5544738769531,-0.0708923265337944,2.220804452896118,0.004369050978288656,0.75,0.0,0.04156174138188362,6.515885829925537,0.043193425983190536,5.360985279083252,0.02486257627606392,3.6712136268615723,0.019794918596744537,1.4998093843460083,0.02486257627606392,3.6712136268615723,0.1397765427827835,15.181408882141113,3.3441220919291177,0.004311339358558412,-0.0008994119592443153,0.005861261063215861,0.004311339358558412,0.25,traj,3.1358614722874503,-330.5262057701828,38.788791709362556,-0.005405128002166748,0.004369050978288656,1.0,0.75,0.0,0.0,0
185,219,9.25,0.0,52.38255310058594,330.5544738769531,-0.0708923265337944,-2.7506616788741667e-06,0.0017317057652034016,0.75,0.0,0.03516487032175064,2.2715744972229004,0.013595715165138245,0.7114746570587158,-0.0017117857933044434,0.02536982297897339,0.010449819266796112,-0.03871671110391617,0.013595715165138245,0.7114746570587158,0.0254167839884758,9.68879222869873,1.54116985698541,0.012163856065340517,0.008801050372980127,0.001670029315523704,0.001670029315523704,0.25,traj,3.140355304875646,-330.56966479612265,52.382553171982394,-0.01670163869857788,0.0017317057652034016,0.0,0.75,1.0,0.0,0
186,220,9.3,0.0,52.38255310058594,330.5544738769531,-0.0708923265337944,-2.7506616788741667e-06,0.0017317057652034016,0.75,0.0,0.03516487032175064,2.2715744972229004,0.013595715165138245,0.7114746570587158,-0.0017117857933044434,0.02536982297897339,0.010449819266796112,-0.03871671110391617,0.013595715165138245,0.7114746570587158,0.0254167839884758,9.68879222869873,1.54116985698541,0.012163856065340517,0.008801050372980127,0.001670029315523704,0.001670029315523704,0.25,traj,3.140355304875646,-330.56966479612265,52.382553171982394,-0.01670163869857788,0.0017317057652034016,0.0,0.75,1.0,0.0,0
187,221,9.35,0.0,52.3825569152832,330.5544738769531,-0.0708923265337944,-2.7506616788741667e-06,0.0017317057652034016,0.75,0.0,0.03516487032175064,2.2715744972229004,0.013595715165138245,0.7114746570587158,-0.0017117857933044434,0.02536982297897339,0.010449819266796112,-0.03871671110391617,0.013595715165138245,0.7114746570587158,0.0254167839884758,9.68879222869873,1.54116985698541,0.012163856065340517,0.008801050372980127,0.001670029315523704,0.001670029315523704,0.25,traj,3.140355304875646,-330.56966479612265,52.382553171982394,-0.01670163869857788,0.0017317057652034016,0.0,0.75,1.0,0.0,0
188,222,9.4,0.0,52.3825569152832,330.5544738769531,-0.0708923265337944,2.6620779037475586,0.006409025000652441,0.0,0.0,0.04358820989727974,5.493824005126953,0.054365124553442,4.781097412109375,0.035221826285123825,3.5736196041107178,0.03257279843091965,1.6750411987304688,0.035221826285123825,3.5736196041107178,0.13527090847492218,14.694583892822266,2.5460118850072226,0.006274335726020077,-0.009625358078889494,0.005860198589344971,0.005860198589344971,0.0,traj,3.1361443559315543,-330.5237642500052,39.27565007794605,0.021202445030212402,0.006409025000652441,1.0,0.0,0.0,0.0,0
189,223,9.45,0.0,52.3825569152832,330.5544738769531,-0.0708923265337944,-2.6609159249346703e-06,0.0013956291530050782,0.75,0.0,0.03264562413096428,2.001990795135498,0.015198353677988052,0.5268049240112305,-0.002754122018814087,-0.008099377155303955,0.009346388280391693,-0.04950801283121109,0.015198353677988052,0.5268049240112305,0.0254167802631855,9.688788414001465,1.369090018173059,0.01836141793622853,0.00752904147655142,0.001670029315523704,0.001670029315523704,0.25,traj,3.140355304875646,-330.56966479612265,52.38255698667967,-0.020367860794067383,0.0013956291530050782,0.0,0.75,1.0,0.0,0
190,224,9.5,0.0,52.38256072998047,330.5544738769531,-0.0708923265337944,-2.6609159249346703e-06,0.0013956291530050782,0.75,0.0,0.03264562413096428,2.001990795135498,0.015198353677988052,0.5268049240112305,-0.002754122018814087,-0.008099377155303955,0.009346388280391693,-0.04950801283121109,0.015198353677988052,0.5268049240112305,0.0254167802631855,9.688788414001465,1.369090018173059,0.01836141793622853,0.00752904147655142,0.001670029315523704,0.001670029315523704,0.25,traj,3.140355304875646,-330.56966479612265,52.38255698667967,-0.020367860794067383,0.0013956291530050782,0.0,0.75,1.0,0.0,0
191,225,9.55,0.0,52.38256072998047,330.5544738769531,-0.0708923265337944,-2.6609159249346703e-06,0.0013956291530050782,0.75,0.0,0.03264562413096428,2.001990795135498,0.015198353677988052,0.5268049240112305,-0.002754122018814087,-0.008099377155303955,0.009346388280391693,-0.04950801283121109,0.015198353677988052,0.5268049240112305,0.0254167802631855,9.688788414001465,1.369090018173059,0.01836141793622853,0.00752904147655142,0.001670029315523704,0.001670029315523704,0.25,traj,3.140355304875646,-330.56966479612265,52.38255698667967,-0.020367860794067383,0.0013956291530050782,0.0,0.75,1.0,0.0,0
192,226,9.6,0.0,52.38256072998047,330.5544738769531,-0.0708923265337944,2.949388265609741,0.00393832075079865,0.0,1.0,0.022285867482423782,5.635077953338623,0.03458511456847191,4.883678436279297,0.01893969252705574,3.715829849243164,0.022540561854839325,1.8150416612625122,0.01893969252705574,3.715829849243164,0.1008223295211792,14.125563621520996,2.5468300580978394,0.0032448432651563104,-0.010419557297380422,0.004543869354301958,0.0032448432651563104,0.0,traj,3.1383484164860587,-330.5239778841084,39.84493642515753,0.0008864402770996094,0.00393832075079865,1.0,0.0,0.0,1.0,0
193,227,9.65,0.0,52.38256072998047,330.5544738769531,-0.0708923265337944,-8.52325058531278e-07,0.002205661129447049,0.75,0.0,0.03797284513711929,2.070216178894043,0.015100017189979553,0.5789220929145813,-0.0004743337631225586,0.004066035151481628,0.011665038764476776,-0.04155724495649338,0.015100017189979553,0.5789220929145813,0.025416774675250053,9.6887845993042,1.4091647739211717,0.016601202296125467,0.009763424027034924,0.001670029315523704,0.001670029315523704,0.25,traj,3.140355304875646,-330.56966479612265,52.38256080137693,-0.016829609870910645,0.002205661129447049,0.0,0.75,1.0,0.0,0
194,228,9.7,0.0,52.38256072998047,330.5544738769531,-0.0708923265337944,-8.52325058531278e-07,0.002205661129447049,0.75,0.0,0.03797284513711929,2.070216178894043,0.015100017189979553,0.5789220929145813,-0.0004743337631225586,0.004066035151481628,0.011665038764476776,-0.04155724495649338,0.015100017189979553,0.5789220929145813,0.025416774675250053,9.6887845993042,1.4091647739211717,0.016601202296125467,0.009763424027034924,0.001670029315523704,0.001670029315523704,0.25,traj,3.140355304875646,-330.56966479612265,52.38256080137693,-0.016829609870910645,0.002205661129447049,0.0,0.75,1.0,0.0,0
195,229,9.75,0.0,52.38256072998047,330.5544738769531,-0.0708923265337944,-8.52325058531278e-07,0.002205661129447049,0.75,0.0,0.03797284513711929,2.070216178894043,0.015100017189979553,0.5789220929145813,-0.0004743337631225586,0.004066035151481628,0.011665038764476776,-0.04155724495649338,0.015100017189979553,0.5789220929145813,0.025416774675250053,9.6887845993042,1.4091647739211717,0.016601202296125467,0.009763424027034924,0.001670029315523704,0.001670029315523704,0.25,traj,3.140355304875646,-330.56966479612265,52.38256080137693,-0.016829609870910645,0.002205661129447049,0.0,0.75,1.0,0.0,0
196,230,9.8,0.0,52.38256072998047,330.5544738769531,-0.0708923265337944,1.8687591552734375,0.005895525687026575,0.75,0.0,0.030442867428064346,4.795713901519775,0.04818732663989067,4.451967716217041,0.02948155626654625,3.227790355682373,0.029622577130794525,1.2684179544448853,0.02948155626654625,3.227790355682373,0.08860340714454651,13.59919548034668,2.3519310553868613,0.005814512212896663,-0.03283365785967582,0.0041477183824412175,0.0041477183824412175,0.25,traj,3.1391303102162222,-330.52385580770397,40.371379907320375,0.04495060443878174,0.005895525687026575,1.0,0.75,0.0,0.0,0
197,231,9.85,0.0,52.38256072998047,330.5544738769531,-0.0708923265337944,-3.188450534707954e-07,0.0018763691718242715,0.75,0.0,0.03748249635100365,2.115549087524414,0.015448499470949173,0.6202610731124878,-0.0008728206157684326,0.014489784836769104,0.009956412017345428,-0.04233112186193466,0.015448499470949173,0.6202610731124878,0.025416774675250053,9.6887845993042,1.4395234361290932,0.015852689454082847,0.009380326305587987,0.001670029315523704,0.001670029315523704,0.25,traj,3.140355304875646,-330.56966479612265,52.38256080137693,-0.015687942504882812,0.0018763691718242715,0.0,0.75,1.0,0.0,0
198,232,9.9,0.0,52.38256072998047,330.5544738769531,-0.0708923265337944,-3.188450534707954e-07,0.0018763691718242715,0.75,0.0,0.03748249635100365,2.115549087524414,0.015448499470949173,0.6202610731124878,-0.0008728206157684326,0.014489784836769104,0.009956412017345428,-0.04233112186193466,0.015448499470949173,0.6202610731124878,0.025416774675250053,9.6887845993042,1.4395234361290932,0.015852689454082847,0.009380326305587987,0.001670029315523704,0.001670029315523704,0.25,traj,3.140355304875646,-330.56966479612265,52.38256080137693,-0.015687942504882812,0.0018763691718242715,0.0,0.75,1.0,0.0,0
199,233,9.95,0.0,52.38256072998047,330.5544738769531,-0.0708923265337944,-3.188450534707954e-07,0.0018763691718242715,0.75,0.0,0.03748249635100365,2.115549087524414,0.015448499470949173,0.6202610731124878,-0.0008728206157684326,0.014489784836769104,0.009956412017345428,-0.04233112186193466,0.015448499470949173,0.6202610731124878,0.025416774675250053,9.6887845993042,1.4395234361290932,0.015852689454082847,0.009380326305587987,0.001670029315523704,0.001670029315523704,0.25,traj,3.140355304875646,-330.56966479612265,52.38256080137693,-0.015687942504882812,0.0018763691718242715,0.0,0.75,1.0,0.0,0
200,234,10.0,0.0,52.38256072998047,330.5544738769531,-0.0708923265337944,0.6404299139976501,0.006437844130081664,0.75,0.0,0.044870659708976746,4.78821325302124,0.05216106027364731,4.032886028289795,0.02845795452594757,2.5644283294677734,0.027472399175167084,0.7911104559898376,0.05216106027364731,4.032886028289795,0.07685418426990509,13.472265243530273,2.6648863951365156,0.008233537543942846,-0.006144466004878663,0.0036316596451513657,0.0036316596451513657,0.25,traj,3.1399452249195914,-330.5243135930339,40.49837880886066,0.05657482147216797,0.006437844130081664,1.0,0.75,0.0,0.0,0
201,235,10.05,0.0,52.38256072998047,330.5544738769531,-0.0708923265337944,-8.786526706217046e-08,0.0019505990985415394,0.75,0.0,0.0341745987534523,2.3410630226135254,0.013269156217575073,0.7852288484573364,-0.0024321675300598145,0.04420928657054901,0.009506963193416595,-0.04119708389043808,0.013269156217575073,0.7852288484573364,0.025416774675250053,9.6887845993042,1.5889315555493035,0.01075683709631789,0.00855364574304411,0.001670029315523704,0.001670029315523704,0.25,traj,3.140355304875646,-330.56966479612265,52.38256080137693,-0.01595175266265869,0.0019505990985415394,0.0,0.75,1.0,0.0,0
202,236,10.1,0.0,52.38256072998047,330.5544738769531,-0.0708923265337944,-8.786526706217046e-08,0.0019505990985415394,0.75,0.0,0.0341745987534523,2.3410630226135254,0.013269156217575073,0.7852288484573364,-0.0024321675300598145,0.04420928657054901,0.009506963193416595,-0.04119708389043808,0.013269156217575073,0.7852288484573364,0.025416774675250053,9.6887845993042,1.5889315555493035,0.01075683709631789,0.00855364574304411,0.001670029315523704,0.001670029315523704,0.25,traj,3.140355304875646,-330.56966479612265,52.38256080137693,-0.01595175266265869,0.0019505990985415394,0.0,0.75,1.0,0.0,0
203,237,10.15,0.0,52.38256072998047,330.5544738769531,-0.0708923265337944,-8.786526706217046e-08,0.0019505990985415394,0.75,0.0,0.0341745987534523,2.3410630226135254,0.013269156217575073,0.7852288484573364,-0.0024321675300598145,0.04420928657054901,0.009506963193416595,-0.04119708389043808,0.013269156217575073,0.7852288484573364,0.025416774675250053,9.6887845993042,1.5889315555493035,0.01075683709631789,0.00855364574304411,0.001670029315523704,0.001670029315523704,0.25,traj,3.140355304875646,-330.56966479612265,52.38256080137693,-0.01595175266265869,0.0019505990985415394,0.0,0.75,1.0,0.0,0
204,238,10.2,0.0,52.38256072998047,330.5544738769531,-0.0708923265337944,1.2553083896636963,0.0026833830584267423,0.75,0.0,0.009387999773025513,3.7723820209503174,0.023966588079929352,3.5096275806427,0.008957408368587494,2.529090404510498,0.021605871617794037,0.9097955226898193,0.023966588079929352,3.5096275806427,0.05295239016413689,13.276578903198242,1.9087698856989543,0.0043473116881871466,-0.035285847553691956,0.002539057050921659,0.002539057050921659,0.25,traj,3.141564921536718,-330.5263888839984,40.694171960982985,0.03156435489654541,0.0026833830584267423,1.0,0.75,0.0,0.0,0
205,239,10.25,0.0,52.38256072998047,330.5544738769531,-0.0708923265337944,-2.7377964784136566e-08,0.0022969039190219565,0.75,0.0,0.030370105057954788,2.0104806423187256,0.013873260468244553,0.5636171698570251,-0.001469448208808899,0.011187568306922913,0.006486944854259491,-0.040289513766765594,0.013873260468244553,0.5636171698570251,0.025416774675250053,9.6887845993042,1.3677922959129016,0.015667060090640055,0.007258262421455803,0.001670029315523704,0.001670029315523704,0.25,traj,3.140355304875646,-330.56966479612265,52.38256080137693,-0.01528388261795044,0.0022969039190219565,0.0,0.75,1.0,0.0,0
206,240,10.3,0.0,52.38256072998047,330.5544738769531,-0.0708923265337944,-2.7377964784136566e-08,0.0022969039190219565,0.75,0.0,0.030370105057954788,2.0104806423187256,0.013873260468244553,0.5636171698570251,-0.001469448208808899,0.011187568306922913,0.006486944854259491,-0.040289513766765594,0.013873260468244553,0.5636171698570251,0.025416774675250053,9.6887845993042,1.3677922959129016,0.015667060090640055,0.007258262421455803,0.001670029315523704,0.001670029315523704,0.25,traj,3.140355304875646,-330.56966479612265,52.38256080137693,-0.01528388261795044,0.0022969039190219565,0.0,0.75,1.0,0.0,0
207,241,10.35,0.0,52.38256072998047,330.5544738769531,-0.0708923265337944,-2.7377964784136566e-08,0.0022969039190219565,0.75,0.0,0.030370105057954788,2.0104806423187256,0.013873260468244553,0.5636171698570251,-0.001469448208808899,0.011187568306922913,0.006486944854259491,-0.040289513766765594,0.013873260468244553,0.5636171698570251,0.025416774675250053,9.6887845993042,1.3677922959129016,0.015667060090640055,0.007258262421455803,0.001670029315523704,0.001670029315523704,0.25,traj,3.140355304875646,-330.56966479612265,52.38256080137693,-0.01528388261795044,0.0022969039190219565,0.0,0.75,1.0,0.0,0
208,242,10.4,0.0,52.38256072998047,330.5544738769531,-0.0708923265337944,1.817338228225708,0.0019522212684694171,0.75,0.0,0.012707121670246124,4.535666465759277,0.025897100567817688,3.854142665863037,0.005912885069847107,2.574319362640381,0.01997118443250656,0.9761294722557068,0.025897100567817688,3.854142665863037,0.032192908227443695,12.972146034240723,2.373254974683126,0.004277567867662238,-0.012319336469524078,0.0015798708184795352,0.0015798708184795352,0.25,traj,3.142995194592748,-330.52858624978523,40.99866491183746,0.031168699264526367,0.0019522212684694171,1.0,0.75,0.0,0.0,0
209,243,10.45,0.0,52.38256072998047,330.5544738769531,-0.0708923265337944,-2.3665958082119687e-09,0.002621763368464611,0.75,0.0,0.03513208031654358,2.1780037879943848,0.01303141564130783,0.6862823963165283,-0.0017396807670593262,0.03133092820644379,0.007943324744701385,-0.03814049810171127,0.01303141564130783,0.6862823963165283,0.025416774675250053,9.6887845993042,1.47809736430645,0.012086978491682483,0.009431173269409192,0.001670029315523704,0.001670029315523704,0.25,traj,3.140355304875646,-330.56966479612265,52.38256080137693,-0.014127612113952637,0.002621763368464611,0.0,0.75,1.0,0.0,0
210,244,10.5,0.0,52.38256072998047,330.5544738769531,-0.0708923265337944,-2.3665958082119687e-09,0.002621763368464611,0.75,0.0,0.03513208031654358,2.1780037879943848,0.01303141564130783,0.6862823963165283,-0.0017396807670593262,0.03133092820644379,0.007943324744701385,-0.03814049810171127,0.01303141564130783,0.6862823963165283,0.025416774675250053,9.6887845993042,1.47809736430645,0.012086978491682483,0.009431173269409192,0.001670029315523704,0.001670029315523704,0.25,traj,3.140355304875646,-330.56966479612265,52.38256080137693,-0.014127612113952637,0.002621763368464611,0.0,0.75,1.0,0.0,0
211,245,10.55,0.0,52.38256072998047,330.5544738769531,-0.0708923265337944,-2.3665958082119687e-09,0.002621763368464611,0.75,0.0,0.03513208031654358,2.1780037879943848,0.01303141564130783,0.6862823963165283,-0.0017396807670593262,0.03133092820644379,0.007943324744701385,-0.03814049810171127,0.01303141564130783,0.6862823963165283,0.025416774675250053,9.6887845993042,1.47809736430645,0.012086978491682483,0.009431173269409192,0.001670029315523704,0.001670029315523704,0.25,traj,3.140355304875646,-330.56966479612265,52.38256080137693,-0.014127612113952637,0.002621763368464611,0.0,0.75,1.0,0.0,0
212,246,10.6,0.0,52.38256072998047,330.5544738769531,-0.0708923265337944,2.3703317642211914,0.0017193545064542951,0.0,1.0,-0.024326909333467484,2.781334400177002,-0.008401583880186081,2.7162106037139893,-0.008936334401369095,2.479640007019043,0.021088577806949615,1.3935710191726685,-0.008401583880186081,2.7162106037139893,0.007481805514544249,12.55537223815918,0.9267319142818451,-0.00196909547425909,-0.152682152424991,0.0003793512353636275,0.0003793512353636275,0.0,traj,3.144749836125646,-330.53185178134197,41.41546636504227,0.014525532722473145,0.0017193545064542951,1.0,0.0,0.0,1.0,0
213,247,10.65,0.0,52.38256072998047,330.5544738769531,-0.0708923265337944,-1.0046120380025059e-08,0.0029537859787993163,0.75,0.0,0.03975905478000641,2.1087329387664795,0.01631089299917221,0.616369366645813,-0.0023613497614860535,0.014836445450782776,0.007265172898769379,-0.04437374323606491,0.01631089299917221,0.616369366645813,0.025416774675250053,9.6887845993042,1.436238706111908,0.016842839210762364,0.010001797629068368,0.001670029315523704,0.001670029315523704,0.25,traj,3.140355304875646,-330.56966479612265,52.38256080137693,-0.017886221408843994,0.0029537859787993163,0.0,0.75,1.0,0.0,0
214,248,10.7,0.0,52.38256072998047,330.5544738769531,-0.0708923265337944,-1.0046120380025059e-08,0.0029537859787993163,0.75,0.0,0.03975905478000641,2.1087329387664795,0.01631089299917221,0.616369366645813,-0.0023613497614860535,0.014836445450782776,0.007265172898769379,-0.04437374323606491,0.01631089299917221,0.616369366645813,0.025416774675250053,9.6887845993042,1.436238706111908,0.016842839210762364,0.010001797629068368,0.001670029315523704,0.001670029315523704,0.25,traj,3.140355304875646,-330.56966479612265,52.38256080137693,-0.017886221408843994,0.0029537859787993163,0.0,0.75,1.0,0.0,0
215,249,10.75,0.0,52.38256072998047,330.5544738769531,-0.0708923265337944,-1.0046120380025059e-08,0.0029537859787993163,0.75,0.0,0.03975905478000641,2.1087329387664795,0.01631089299917221,0.616369366645813,-0.0023613497614860535,0.014836445450782776,0.007265172898769379,-0.04437374323606491,0.01631089299917221,0.616369366645813,0.025416774675250053,9.6887845993042,1.436238706111908,0.016842839210762364,0.010001797629068368,0.001670029315523704,0.001670029315523704,0.25,traj,3.140355304875646,-330.56966479612265,52.38256080137693,-0.017886221408843994,0.0029537859787993163,0.0,0.75,1.0,0.0,0
216,250,10.8,0.0,52.38256072998047,330.5544738769531,-0.0708923265337944,1.3670293092727661,0.0013946558510483517,0.0,1.0,-0.005509465932846069,2.2544875144958496,0.0016830787062644958,1.7812353372573853,0.004270598292350769,1.2847514152526855,0.027295313775539398,0.568016767501831,0.0016830787062644958,1.7812353372573853,-0.00635124184191227,12.119108200073242,1.1246012449264526,0.0006015600563613756,-0.009674687222895143,-0.0003336446229949258,-0.0003336446229949258,0.0,traj,3.145755604901586,-330.5348731600899,41.85172277432829,0.012130975723266602,0.0013946558510483517,1.0,0.0,0.0,1.0,0
217,251,10.85,0.0,52.38256072998047,330.5544738769531,-0.0708923265337944,1.1456394943820669e-08,0.0032346632788553195,0.75,0.0,0.032722413539886475,2.2568836212158203,0.012717567384243011,0.729026198387146,-0.003037005662918091,0.03850848972797394,0.009075455367565155,-0.0410415455698967,0.012717567384243011,0.729026198387146,0.025416774675250053,9.6887845993042,1.532768502831459,0.011104417834080761,0.008335003798612925,0.001670029315523704,0.001670029315523704,0.25,traj,3.140355304875646,-330.56966479612265,52.38256080137693,-0.015121519565582275,0.0032346632788553195,0.0,0.75,1.0,0.0,0
218,252,10.9,0.0,52.38256072998047,330.5544738769531,-0.0708923265337944,1.1456394943820669e-08,0.0032346632788553195,0.75,0.0,0.032722413539886475,2.2568836212158203,0.012717567384243011,0.729026198387146,-0.003037005662918091,0.03850848972797394,0.009075455367565155,-0.0410415455698967,0.012717567384243011,0.729026198387146,0.025416774675250053,9.6887845993042,1.532768502831459,0.011104417834080761,0.008335003798612925,0.001670029315523704,0.001670029315523704,0.25,traj,3.140355304875646,-330.56966479612265,52.38256080137693,-0.015121519565582275,0.0032346632788553195,0.0,0.75,1.0,0.0,0
219,253,10.95,0.0,52.38256072998047,330.5544738769531,-0.0708923265337944,1.1456394943820669e-08,0.0032346632788553195,0.75,0.0,0.032722413539886475,2.2568836212158203,0.012717567384243011,0.729026198387146,-0.003037005662918091,0.03850848972797394,0.009075455367565155,-0.0410415455698967,0.012717567384243011,0.729026198387146,0.025416774675250053,9.6887845993042,1.532768502831459,0.011104417834080761,0.008335003798612925,0.001670029315523704,0.001670029315523704,0.25,traj,3.140355304875646,-330.56966479612265,52.38256080137693,-0.015121519565582275,0.0032346632788553195,0.0,0.75,1.0,0.0,0
220,254,11.0,0.0,52.38256072998047,330.5544738769531,-0.0708923265337944,-0.00022986342082731426,0.0007114462579327471,0.75,0.0,-0.0020701177418231964,3.019893169403076,0.002238500863313675,1.6485754251480103,0.005591630935668945,0.5718979835510254,0.00742640346288681,0.03854118660092354,0.002238500863313675,1.6485754251480103,-0.00692392885684967,12.089788436889648,1.9875781138737998,0.0008644464484160887,-0.002000210780478037,-0.00036460814723231693,-0.00036460814723231693,0.25,traj,3.1457979241993765,-330.53505627390547,41.88104253755184,0.019335627555847168,0.0007114462579327471,1.0,0.75,0.0,0.0,0
221,255,11.05,0.0,52.38256072998047,330.5544738769531,-0.0708923265337944,-1.9063785272610545e-10,0.0031006691969004403,0.75,0.0,0.032182496041059494,2.235055923461914,0.012218330055475235,0.6945141553878784,-0.0036389008164405823,0.024748563766479492,0.008280836045742035,-0.04312825947999954,0.012218330055475235,0.6945141553878784,0.025416774675250053,9.6887845993042,1.5196932504574459,0.011198674444626936,0.008249626433987764,0.001670029315523704,0.001670029315523704,0.25,traj,3.140355304875646,-330.56966479612265,52.38256080137693,-0.0205380916595459,0.0031006691969004403,0.0,0.75,1.0,0.0,0
222,256,11.1,0.0,52.38256072998047,330.5544738769531,-0.0708923265337944,-1.9063785272610545e-10,0.0031006691969004403,0.75,0.0,0.032182496041059494,2.235055923461914,0.012218330055475235,0.6945141553878784,-0.0036389008164405823,0.024748563766479492,0.008280836045742035,-0.04312825947999954,0.012218330055475235,0.6945141553878784,0.025416774675250053,9.6887845993042,1.5196932504574459,0.011198674444626936,0.008249626433987764,0.001670029315523704,0.001670029315523704,0.25,traj,3.140355304875646,-330.56966479612265,52.38256080137693,-0.0205380916595459,0.0031006691969004403,0.0,0.75,1.0,0.0,0
223,257,11.15,0.0,52.38256072998047,330.5544738769531,-0.0708923265337944,-1.9063785272610545e-10,0.0031006691969004403,0.75,0.0,0.032182496041059494,2.235055923461914,0.012218330055475235,0.6945141553878784,-0.0036389008164405823,0.024748563766479492,0.008280836045742035,-0.04312825947999954,0.012218330055475235,0.6945141553878784,0.025416774675250053,9.6887845993042,1.5196932504574459,0.011198674444626936,0.008249626433987764,0.001670029315523704,0.001670029315523704,0.25,traj,3.140355304875646,-330.56966479612265,52.38256080137693,-0.0205380916595459,0.0031006691969004403,0.0,0.75,1.0,0.0,0
224,258,11.2,0.0,52.38256072998047,330.5544738769531,-0.0708923265337944,0.0815969929099083,6.006961521763275e-05,0.75,0.0,-0.0017765015363693237,3.0573458671569824,0.0021141842007637024,1.652656078338623,0.004023589193820953,0.5643643140792847,0.007357023656368256,0.04377206042408943,0.0021141842007637024,1.652656078338623,-0.007375785615295172,12.0814790725708,2.009061018625895,0.0008144342854934397,-0.0017632791072693724,-0.00038866559130891736,-0.00038866559130891736,0.25,traj,3.1458382169392447,-330.53505627390547,41.88935094820769,0.01686990261077881,6.006961521763275e-05,1.0,0.75,0.0,0.0,0
225,259,11.25,0.0,52.38256072998047,330.5544738769531,-0.0708923265337944,2.070154270228386e-09,0.002949956803995878,0.75,0.0,0.03008626028895378,2.165431499481201,0.012656230479478836,0.6677258610725403,-0.0035451576113700867,0.03287644684314728,0.006580017507076263,-0.04020213335752487,0.012656230479478836,0.6677258610725403,0.025416774675250053,9.6887845993042,1.4710933069388072,0.01206519777732922,0.007408526583196083,0.001670029315523704,0.001670029315523704,0.25,traj,3.140355304875646,-330.56966479612265,52.38256080137693,-0.011866390705108643,0.002949956803995878,0.0,0.75,1.0,0.0,0
226,260,11.3,0.0,52.38256072998047,330.5544738769531,-0.0708923265337944,2.070154270228386e-09,0.002949956803995878,0.75,0.0,0.03008626028895378,2.165431499481201,0.012656230479478836,0.6677258610725403,-0.0035451576113700867,0.03287644684314728,0.006580017507076263,-0.04020213335752487,0.012656230479478836,0.6677258610725403,0.025416774675250053,9.6887845993042,1.4710933069388072,0.01206519777732922,0.007408526583196083,0.001670029315523704,0.001670029315523704,0.25,traj,3.140355304875646,-330.56966479612265,52.38256080137693,-0.011866390705108643,0.002949956803995878,0.0,0.75,1.0,0.0,0
227,261,11.35,0.0,52.38256072998047,330.5544738769531,-0.0708923265337944,2.070154270228386e-09,0.002949956803995878,0.75,0.0,0.03008626028895378,2.165431499481201,0.012656230479478836,0.6677258610725403,-0.0035451576113700867,0.03287644684314728,0.006580017507076263,-0.04020213335752487,0.012656230479478836,0.6677258610725403,0.025416774675250053,9.6887845993042,1.4710933069388072,0.01206519777732922,0.007408526583196083,0.001670029315523704,0.001670029315523704,0.25,traj,3.140355304875646,-330.56966479612265,52.38256080137693,-0.011866390705108643,0.002949956803995878,0.0,0.75,1.0,0.0,0
228,262,11.4,0.0,52.38256072998047,330.5544738769531,-0.0708923265337944,0.6132449507713318,7.445143228874105e-05,0.75,0.0,-0.012269295752048492,3.415800094604492,-0.0056619793176651,2.185391426086426,-0.00081682950258255,1.0555715560913086,0.012029193341732025,0.24198396503925323,-0.0056619793176651,2.185391426086426,-0.013293425552546978,12.010115623474121,2.1159637769063315,-0.0016493667301117154,-0.0034186133981173516,-0.000704599785917396,-0.000704599785917396,0.25,traj,3.146333293118749,-330.53533094541984,41.96070867535574,0.005349159240722656,7.445143228874105e-05,1.0,0.75,0.0,0.0,0
229,263,11.45,0.0,52.38256072998047,330.5544738769531,-0.0708923265337944,1.3299972234648294e-09,0.002856637921504502,0.75,0.0,0.025678042322397232,2.1204416751861572,0.012063276022672653,0.6256782412528992,-0.0033403635025024414,0.01595635712146759,0.006851129233837128,-0.040950559079647064,0.012063276022672653,0.6256782412528992,0.025416774675250053,9.6887845993042,1.4417027508219082,0.012272683746116054,0.005798347431860967,0.001670029315523704,0.001670029315523704,0.25,traj,3.140355304875646,-330.56966479612265,52.38256080137693,-0.01588296890258789,0.002856637921504502,0.0,0.75,1.0,0.0,0
230,264,11.5,0.0,52.38256072998047,330.5544738769531,-0.0708923265337944,1.3299972234648294e-09,0.002856637921504502,0.75,0.0,0.025678042322397232,2.1204416751861572,0.012063276022672653,0.6256782412528992,-0.0033403635025024414,0.01595635712146759,0.006851129233837128,-0.040950559079647064,0.012063276022672653,0.6256782412528992,0.025416774675250053,9.6887845993042,1.4417027508219082,0.012272683746116054,0.005798347431860967,0.001670029315523704,0.001670029315523704,0.25,traj,3.140355304875646,-330.56966479612265,52.38256080137693,-0.01588296890258789,0.002856637921504502,0.0,0.75,1.0,0.0,0
231,265,11.55,0.0,52.38256072998047,330.5544738769531,-0.0708923265337944,1.3299972234648294e-09,0.002856637921504502,0.75,0.0,0.025678042322397232,2.1204416751861572,0.012063276022672653,0.6256782412528992,-0.0033403635025024414,0.01595635712146759,0.006851129233837128,-0.040950559079647064,0.012063276022672653,0.6256782412528992,0.025416774675250053,9.6887845993042,1.4417027508219082,0.012272683746116054,0.005798347431860967,0.001670029315523704,0.001670029315523704,0.25,traj,3.140355304875646,-330.56966479612265,52.38256080137693,-0.01588296890258789,0.002856637921504502,0.0,0.75,1.0,0.0,0
232,266,11.6,0.0,52.38256072998047,330.5544738769531,-0.0708923265337944,1.0896363258361816,0.00024482907817863176,0.75,0.0,-0.000596754252910614,3.0364739894866943,-0.00015066564083099365,1.6441320180892944,0.0033208802342414856,0.6918468475341797,0.01528998464345932,0.2302170693874359,-0.00015066564083099365,1.6441320180892944,-0.020822135731577873,11.837530136108398,1.8709456721941629,-5.8312108452633986e-05,-0.0002039469197554614,-0.0011197993964633935,-5.8312108452633986e-05,0.25,traj,3.1469687978413443,-330.5361549583809,42.13328176519056,0.0024421215057373047,0.00024482907817863176,1.0,0.75,0.0,0.0,0
233,267,11.65,0.0,52.38256072998047,330.5544738769531,-0.0708923265337944,2.315832192678613e-09,0.002589200441596575,0.75,0.0,0.023521721363067627,2.013840675354004,0.01084425300359726,0.5738930106163025,-0.003367885947227478,0.01556849479675293,0.006624273955821991,-0.04284391552209854,0.01084425300359726,0.5738930106163025,0.025416774675250053,9.6887845993042,1.3718464275201163,0.012028087082838819,0.005604749514386494,0.001670029315523704,0.001670029315523704,0.25,traj,3.140355304875646,-330.56966479612265,52.38256080137693,-0.014060556888580322,0.002589200441596575,0.0,0.75,1.0,0.0,0
234,268,11.7,0.0,52.38256072998047,330.5544738769531,-0.0708923265337944,2.315832192678613e-09,0.002589200441596575,0.75,0.0,0.023521721363067627,2.013840675354004,0.01084425300359726,0.5738930106163025,-0.003367885947227478,0.01556849479675293,0.006624273955821991,-0.04284391552209854,0.01084425300359726,0.5738930106163025,0.025416774675250053,9.6887845993042,1.3718464275201163,0.012028087082838819,0.005604749514386494,0.001670029315523704,0.001670029315523704,0.25,traj,3.140355304875646,-330.56966479612265,52.38256080137693,-0.014060556888580322,0.002589200441596575,0.0,0.75,1.0,0.0,0
235,269,11.75,0.0,52.38256072998047,330.5544738769531,-0.0708923265337944,2.315832192678613e-09,0.002589200441596575,0.75,0.0,0.023521721363067627,2.013840675354004,0.01084425300359726,0.5738930106163025,-0.003367885947227478,0.01556849479675293,0.006624273955821991,-0.04284391552209854,0.01084425300359726,0.5738930106163025,0.025416774675250053,9.6887845993042,1.3718464275201163,0.012028087082838819,0.005604749514386494,0.001670029315523704,0.001670029315523704,0.25,traj,3.140355304875646,-330.56966479612265,52.38256080137693,-0.014060556888580322,0.002589200441596575,0.0,0.75,1.0,0.0,0
236,270,11.8,0.0,52.38256072998047,330.5544738769531,-0.0708923265337944,1.6174581050872803,-0.0008094518859390717,0.75,0.0,-0.019716057926416397,3.226409673690796,-0.013722281903028488,1.7739439010620117,-0.004346579313278198,0.7665821313858032,0.016785554587841034,0.3416164219379425,-0.013722281903028488,1.7739439010620117,-0.013821602798998356,11.563812255859375,1.9235829313596091,-0.004924442437132829,-0.0026270703643036515,-0.0007609109010746123,-0.0007609109010746123,0.25,traj,3.146334962048803,-330.53795557624903,42.40700536785856,-0.022890806198120117,-0.0008094518859390717,0.2901865243911743,0.75,0.0,0.0,0
237,271,11.85,0.0,52.38256072998047,330.5544738769531,-0.0708923265337944,-1.1897747231870426e-09,0.0027680190629357404,0.75,0.0,0.026078030467033386,1.9704266786575317,0.013118930160999298,0.5314967632293701,-0.0035766884684562683,0.003936663269996643,0.008211188018321991,-0.04486044496297836,0.013118930160999298,0.5314967632293701,0.025416774675250053,9.6887845993042,1.34467543164889,0.015710469737365028,0.005733308852764288,0.001670029315523704,0.001670029315523704,0.25,traj,3.140355304875646,-330.56966479612265,52.38256080137693,-0.021909654140472412,0.0027680190629357404,0.0,0.75,1.0,0.0,0
238,272,11.9,0.0,52.38256072998047,330.5544738769531,-0.0708923265337944,-1.1897747231870426e-09,0.0027680190629357404,0.75,0.0,0.026078030467033386,1.9704266786575317,0.013118930160999298,0.5314967632293701,-0.0035766884684562683,0.003936663269996643,0.008211188018321991,-0.04486044496297836,0.013118930160999298,0.5314967632293701,0.025416774675250053,9.6887845993042,1.34467543164889,0.015710469737365028,0.005733308852764288,0.001670029315523704,0.001670029315523704,0.25,traj,3.140355304875646,-330.56966479612265,52.38256080137693,-0.021909654140472412,0.0027680190629357404,0.0,0.75,1.0,0.0,0
239,273,11.95,0.0,52.38256072998047,330.5544738769531,-0.0708923265337944,-1.1897747231870426e-09,0.0027680190629357404,0.75,0.0,0.026078030467033386,1.9704266786575317,0.013118930160999298,0.5314967632293701,-0.0035766884684562683,0.003936663269996643,0.008211188018321991,-0.04486044496297836,0.013118930160999298,0.5314967632293701,0.025416774675250053,9.6887845993042,1.34467543164889,0.015710469737365028,0.005733308852764288,0.001670029315523704,0.001670029315523704,0.25,traj,3.140355304875646,-330.56966479612265,52.38256080137693,-0.021909654140472412,0.0027680190629357404,0.0,0.75,1.0,0.0,0
240,274,12.0,0.0,52.38256072998047,330.5544738769531,-0.0708923265337944,2.1055080890655518,0.0002288421666525709,0.0,1.0,0.005718311294913292,3.0450479984283447,-0.0023788083344697952,1.3911601305007935,-0.00035740435123443604,0.4801381528377533,0.020681582391262054,0.3422066271305084,-0.0023788083344697952,1.3911601305007935,-0.0005502714193426073,11.181032180786133,1.8029724856217704,-0.0010885323082628906,0.003116739272723182,-3.129491573569465e-05,-3.129491573569465e-05,0.0,traj,3.1452858010914664,-330.5382302477634,42.7897949801967,-0.016811728477478027,0.0002288421666525709,0.0,0.0,1.0,1.0,0
241,275,12.05,0.0,52.38256072998047,330.5544738769531,-0.0708923265337944,-1.4347888210863857e-08,0.0025586879944356207,0.75,0.0,0.029545947909355164,2.0060179233551025,0.013701625168323517,0.5686713457107544,-0.0014762282371520996,0.011738806962966919,0.007673375308513641,-0.03912729769945145,0.013701625168323517,0.5686713457107544,0.025416774675250053,9.6887845993042,1.3641704966624577,0.015335795915894438,0.007017384416726686,0.001670029315523704,0.001670029315523704,0.25,traj,3.140355304875646,-330.56966479612265,52.38256080137693,-0.01871180534362793,0.0025586879944356207,0.0,0.75,1.0,0.0,0
242,276,12.1,0.0,52.38256072998047,330.5544738769531,-0.0708923265337944,-1.4347888210863857e-08,0.0025586879944356207,0.75,0.0,0.029545947909355164,2.0060179233551025,0.013701625168323517,0.5686713457107544,-0.0014762282371520996,0.011738806962966919,0.007673375308513641,-0.03912729769945145,0.013701625168323517,0.5686713457107544,0.025416774675250053,9.6887845993042,1.3641704966624577,0.015335795915894438,0.007017384416726686,0.001670029315523704,0.001670029315523704,0.25,traj,3.140355304875646,-330.56966479612265,52.38256080137693,-0.01871180534362793,0.0025586879944356207,0.0,0.75,1.0,0.0,0
243,277,12.15,0.0,52.38256072998047,330.5544738769531,-0.0708923265337944,-1.4347888210863857e-08,0.0025586879944356207,0.75,0.0,0.029545947909355164,2.0060179233551025,0.013701625168323517,0.5686713457107544,-0.0014762282371520996,0.011738806962966919,0.007673375308513641,-0.03912729769945145,0.013701625168323517,0.5686713457107544,0.025416774675250053,9.6887845993042,1.3641704966624577,0.015335795915894438,0.007017384416726686,0.001670029315523704,0.001670029315523704,0.25,traj,3.140355304875646,-330.56966479612265,52.38256080137693,-0.01871180534362793,0.0025586879944356207,0.0,0.75,1.0,0.0,0
244,278,12.2,0.0,52.38256072998047,330.5544738769531,-0.0708923265337944,0.18418677151203156,0.000523135096603341,0.75,0.0,0.017582055181264877,2.6433935165405273,0.004957128316164017,0.9823747277259827,-0.0019760355353355408,0.07712765038013458,0.007184110581874847,-0.029332570731639862,0.004957128316164017,0.9823747277259827,0.007329836953431368,10.852532386779785,1.7821293870608013,0.003212361921103361,0.004838705853474175,0.0004299705262124998,0.0004299705262124998,0.25,traj,3.144648985066686,-330.53847440057217,43.118293820976476,-0.004239261150360107,0.000523135096603341,0.0,0.75,1.0,0.0,0
245,279,12.25,0.0,52.38256072998047,330.5544738769531,-0.0708923265337944,-9.62857460429234e-10,0.002300600758910226,0.75,0.0,0.025322549045085907,1.7398799657821655,0.013226166367530823,0.39165040850639343,-0.002599753439426422,-0.014829248189926147,0.008360855281352997,-0.04357431083917618,0.013226166367530823,0.39165040850639343,0.025416774675250053,9.6887845993042,1.1905568254490693,0.021490707049965262,0.005711604029401804,0.001670029315523704,0.001670029315523704,0.25,traj,3.140355304875646,-330.56966479612265,52.38256080137693,-0.019593656063079834,0.002300600758910226,0.0,0.75,1.0,0.0,0
246,280,12.3,0.0,52.38256072998047,330.5544738769531,-0.0708923265337944,-9.62857460429234e-10,0.002300600758910226,0.75,0.0,0.025322549045085907,1.7398799657821655,0.013226166367530823,0.39165040850639343,-0.002599753439426422,-0.014829248189926147,0.008360855281352997,-0.04357431083917618,0.013226166367530823,0.39165040850639343,0.025416774675250053,9.6887845993042,1.1905568254490693,0.021490707049965262,0.005711604029401804,0.001670029315523704,0.001670029315523704,0.25,traj,3.140355304875646,-330.56966479612265,52.38256080137693,-0.019593656063079834,0.002300600758910226,0.0,0.75,1.0,0.0,0
247,281,12.35,0.0,52.38256072998047,330.5544738769531,-0.0708923265337944,-9.62857460429234e-10,0.002300600758910226,0.75,0.0,0.025322549045085907,1.7398799657821655,0.013226166367530823,0.39165040850639343,-0.002599753439426422,-0.014829248189926147,0.008360855281352997,-0.04357431083917618,0.013226166367530823,0.39165040850639343,0.025416774675250053,9.6887845993042,1.1905568254490693,0.021490707049965262,0.005711604029401804,0.001670029315523704,0.001670029315523704,0.25,traj,3.140355304875646,-330.56966479612265,52.38256080137693,-0.019593656063079834,0.002300600758910226,0.0,0.75,1.0,0.0,0
248,282,12.4,0.0,52.38256072998047,330.5544738769531,-0.0708923265337944,-0.0001828868262236938,0.0004122797034179571,0.75,0.0,0.020983222872018814,2.533693313598633,0.007759716361761093,0.9264053106307983,-0.0028384551405906677,0.06328383088111877,0.006722293794155121,-0.032514967024326324,0.007759716361761093,0.9264053106307983,0.007384650409221649,10.852375984191895,1.711202402909597,0.0053323008574937625,0.005237513010012141,0.00043323383881595034,0.00043323383881595034,0.25,traj,3.144643978276525,-330.53847440057217,43.11845022356457,-0.004418730735778809,0.0004122797034179571,0.0,0.75,1.0,0.0,0
249,283,12.45,0.0,52.38256072998047,330.5544738769531,-0.0708923265337944,5.972165539880336e-10,0.0022216537327974183,0.75,0.0,0.027134515345096588,1.976702094078064,0.012359529733657837,0.5386108160018921,-0.0018304213881492615,0.0016739070415496826,0.008991442620754242,-0.042916037142276764,0.012359529733657837,0.5386108160018921,0.025416774675250053,9.6887845993042,1.3474506164590518,0.014605952257583186,0.006540409539687463,0.001670029315523704,0.001670029315523704,0.25,traj,3.140355304875646,-330.56966479612265,52.38256080137693,-0.017982125282287598,0.0022216537327974183,0.0,0.75,1.0,0.0,0
250,284,12.5,0.0,52.38256072998047,330.5544738769531,-0.0708923265337944,5.972165539880336e-10,0.0022216537327974183,0.75,0.0,0.027134515345096588,1.976702094078064,0.012359529733657837,0.5386108160018921,-0.0018304213881492615,0.0016739070415496826,0.008991442620754242,-0.042916037142276764,0.012359529733657837,0.5386108160018921,0.025416774675250053,9.6887845993042,1.3474506164590518,0.014605952257583186,0.006540409539687463,0.001670029315523704,0.001670029315523704,0.25,traj,3.140355304875646,-330.56966479612265,52.38256080137693,-0.017982125282287598,0.0022216537327974183,0.0,0.75,1.0,0.0,0
251,285,12.55,0.0,52.38256072998047,330.5544738769531,-0.0708923265337944,5.972165539880336e-10,0.0022216537327974183,0.75,0.0,0.027134515345096588,1.976702094078064,0.012359529733657837,0.5386108160018921,-0.0018304213881492615,0.0016739070415496826,0.008991442620754242,-0.042916037142276764,0.012359529733657837,0.5386108160018921,0.025416774675250053,9.6887845993042,1.3474506164590518,0.014605952257583186,0.006540409539687463,0.001670029315523704,0.001670029315523704,0.25,traj,3.140355304875646,-330.56966479612265,52.38256080137693,-0.017982125282287598,0.0022216537327974183,0.0,0.75,1.0,0.0,0
252,286,12.6,0.0,52.38256072998047,330.5544738769531,-0.0708923265337944,-6.325222784653306e-05,0.0010346365798969792,0.75,0.0,0.015502501279115677,2.358025312423706,0.006127100437879562,0.8125625848770142,-0.004234306514263153,0.046994224190711975,0.004739515483379364,-0.03473501652479172,0.006127100437879562,0.8125625848770142,0.007385383825749159,10.85213565826416,1.5955667446057002,0.004800305012140548,0.0038619129111715734,0.00043323383881595034,0.00043323383881595034,0.25,traj,3.144643978276525,-330.53847440057217,43.11869054949264,-0.009040296077728271,0.0010346365798969792,0.0,0.75,1.0,0.0,0
253,287,12.65,0.0,52.38256072998047,330.5544738769531,-0.0708923265337944,-6.593678936184233e-10,0.0021782037689835974,0.75,0.0,0.024868112057447433,1.808122992515564,0.012118581682443619,0.42592713236808777,-0.002093203365802765,-0.01130133867263794,0.010484211146831512,-0.04823949187994003,0.012118581682443619,0.42592713236808777,0.025416774675250053,9.6887845993042,1.2391565615932147,0.018108397372974948,0.005872113474897104,0.001670029315523704,0.001670029315523704,0.25,traj,3.140355304875646,-330.56966479612265,52.38256080137693,-0.027029454708099365,0.0021782037689835974,0.0,0.75,1.0,0.0,0
254,288,12.7,0.0,52.38256072998047,330.5544738769531,-0.0708923265337944,-6.593678936184233e-10,0.0021782037689835974,0.75,0.0,0.024868112057447433,1.808122992515564,0.012118581682443619,0.42592713236808777,-0.002093203365802765,-0.01130133867263794,0.010484211146831512,-0.04823949187994003,0.012118581682443619,0.42592713236808777,0.025416774675250053,9.6887845993042,1.2391565615932147,0.018108397372974948,0.005872113474897104,0.001670029315523704,0.001670029315523704,0.25,traj,3.140355304875646,-330.56966479612265,52.38256080137693,-0.027029454708099365,0.0021782037689835974,0.0,0.75,1.0,0.0,0
255,289,12.75,0.0,52.38256072998047,330.5544738769531,-0.0708923265337944,-6.593678936184233e-10,0.0021782037689835974,0.75,0.0,0.024868112057447433,1.808122992515564,0.012118581682443619,0.42592713236808777,-0.002093203365802765,-0.01130133867263794,0.010484211146831512,-0.04823949187994003,0.012118581682443619,0.42592713236808777,0.025416774675250053,9.6887845993042,1.2391565615932147,0.018108397372974948,0.005872113474897104,0.001670029315523704,0.001670029315523704,0.25,traj,3.140355304875646,-330.56966479612265,52.38256080137693,-0.027029454708099365,0.0021782037689835974,0.0,0.75,1.0,0.0,0
256,290,12.8,0.0,52.38256072998047,330.5544738769531,-0.0708923265337944,-2.4731831217650324e-05,0.0004896088284711182,0.75,0.0,0.015805725008249283,2.187323808670044,0.005891125649213791,0.6828113794326782,-0.005076073110103607,0.026924043893814087,0.0030121728777885437,-0.033449240028858185,0.005891125649213791,0.6828113794326782,0.007385558448731899,10.852078437805176,1.4809578657150269,0.005492430848035173,0.004195226142668196,0.00043323383881595034,0.00043323383881595034,0.25,traj,3.144643978276525,-330.53847440057217,43.118747769951696,-0.004272758960723877,0.0004896088284711182,0.0,0.75,1.0,0.0,0
257,291,12.85,0.0,52.38256072998047,330.5544738769531,-0.0708923265337944,4.1919492876907327e-10,0.002207549392161342,0.75,0.0,0.028832118958234787,2.0734200477600098,0.012799087911844254,0.5990751385688782,-0.0019517317414283752,0.015690013766288757,0.007461272180080414,-0.040600769221782684,0.012799087911844254,0.5990751385688782,0.025416774675250053,9.6887845993042,1.4100506976246834,0.013599182373923307,0.006922748351226622,0.001670029315523704,0.001670029315523704,0.25,traj,3.140355304875646,-330.56966479612265,52.38256080137693,-0.01733875274658203,0.002207549392161342,0.0,0.75,1.0,0.0,0
258,292,12.9,0.0,52.38256072998047,330.5544738769531,-0.0708923265337944,4.1919492876907327e-10,0.002207549392161342,0.75,0.0,0.028832118958234787,2.0734200477600098,0.012799087911844254,0.5990751385688782,-0.0019517317414283752,0.015690013766288757,0.007461272180080414,-0.040600769221782684,0.012799087911844254,0.5990751385688782,0.025416774675250053,9.6887845993042,1.4100506976246834,0.013599182373923307,0.006922748351226622,0.001670029315523704,0.001670029315523704,0.25,traj,3.140355304875646,-330.56966479612265,52.38256080137693,-0.01733875274658203,0.002207549392161342,0.0,0.75,1.0,0.0,0
259,293,12.95,0.0,52.38256072998047,330.5544738769531,-0.0708923265337944,4.1919492876907327e-10,0.002207549392161342,0.75,0.0,0.028832118958234787,2.0734200477600098,0.012799087911844254,0.5990751385688782,-0.0019517317414283752,0.015690013766288757,0.007461272180080414,-0.040600769221782684,0.012799087911844254,0.5990751385688782,0.025416774675250053,9.6887845993042,1.4100506976246834,0.013599182373923307,0.006922748351226622,0.001670029315523704,0.001670029315523704,0.25,traj,3.140355304875646,-330.56966479612265,52.38256080137693,-0.01733875274658203,0.002207549392161342,0.0,0.75,1.0,0.0,0
260,294,13.0,0.0,52.38256072998047,330.5544738769531,-0.0708923265337944,-7.8816319728503e-06,0.0010434702912235291,0.75,0.0,0.016423985362052917,2.1608128547668457,0.00707293301820755,0.6761479377746582,-0.004718564450740814,0.031869739294052124,0.0042885467410087585,-0.03047100454568863,0.00707293301820755,0.6761479377746582,0.007385662756860256,10.852044105529785,1.4613789866367977,0.006659178940254906,0.004009672670216183,0.00043323383881595034,0.00043323383881595034,0.25,traj,3.144643978276525,-330.53847440057217,43.11878210222714,-0.00496363639831543,0.0010434702912235291,0.0,0.75,1.0,0.0,0
261,295,13.05,0.0,52.38256072998047,330.5544738769531,-0.0708923265337944,-4.3144207650946953e-10,0.002157713201473559,0.75,0.0,0.02269682288169861,1.8047977685928345,0.012341834604740143,0.43180713057518005,-0.001436084508895874,-0.013187766075134277,0.009367190301418304,-0.04867773503065109,0.012341834604740143,0.43180713057518005,0.025416774675250053,9.6887845993042,1.236890365680059,0.018190814988959768,0.004801215704029882,0.001670029315523704,0.001670029315523704,0.25,traj,3.140355304875646,-330.56966479612265,52.38256080137693,-0.02731984853744507,0.002157713201473559,0.0,0.75,1.0,0.0,0
262,296,13.1,0.0,52.38256072998047,330.5544738769531,-0.0708923265337944,-4.3144207650946953e-10,0.002157713201473559,0.75,0.0,0.02269682288169861,1.8047977685928345,0.012341834604740143,0.43180713057518005,-0.001436084508895874,-0.013187766075134277,0.009367190301418304,-0.04867773503065109,0.012341834604740143,0.43180713057518005,0.025416774675250053,9.6887845993042,1.236890365680059,0.018190814988959768,0.004801215704029882,0.001670029315523704,0.001670029315523704,0.25,traj,3.140355304875646,-330.56966479612265,52.38256080137693,-0.02731984853744507,0.002157713201473559,0.0,0.75,1.0,0.0,0
263,297,13.15,0.0,52.38256072998047,330.5544738769531,-0.0708923265337944,-4.3144207650946953e-10,0.002157713201473559,0.75,0.0,0.02269682288169861,1.8047977685928345,0.012341834604740143,0.43180713057518005,-0.001436084508895874,-0.013187766075134277,0.009367190301418304,-0.04867773503065109,0.012341834604740143,0.43180713057518005,0.025416774675250053,9.6887845993042,1.236890365680059,0.018190814988959768,0.004801215704029882,0.001670029315523704,0.001670029315523704,0.25,traj,3.140355304875646,-330.56966479612265,52.38256080137693,-0.02731984853744507,0.002157713201473559,0.0,0.75,1.0,0.0,0
264,298,13.2,0.0,52.38256072998047,330.5544738769531,-0.0708923265337944,-2.979429837068892e-06,0.0014161040679982685,0.75,0.0,0.018088776618242264,2.2880780696868896,0.006339874118566513,0.7516980171203613,-0.003961041569709778,0.03913874924182892,0.002708040177822113,-0.030594103038311005,0.006339874118566513,0.7516980171203613,0.007385686039924622,10.852036476135254,1.546073173483213,0.005369183879011832,0.0048682274488867855,0.00043323383881595034,0.00043323383881595034,0.25,traj,3.144643978276525,-330.53847440057217,43.118789731621675,0.001825571060180664,0.0014161040679982685,0.0,0.75,1.0,0.0,0
265,299,13.25,0.0,52.38256072998047,330.5544738769531,-0.0708923265337944,-8.502705761692653e-10,0.0020648695863119296,0.75,0.0,0.023964613676071167,2.0591626167297363,0.01007465273141861,0.5917174816131592,-0.0026225298643112183,0.014701098203659058,0.008420281112194061,-0.041999198496341705,0.01007465273141861,0.5917174816131592,0.025416774675250053,9.6887845993042,1.4016216744979222,0.010838116347441041,0.006025716840231613,0.001670029315523704,0.001670029315523704,0.25,traj,3.140355304875646,-330.56966479612265,52.38256080137693,-0.022513866424560547,0.0020648695863119296,0.0,0.75,1.0,0.0,0
266,300,13.3,0.0,52.38256072998047,330.5544738769531,-0.0708923265337944,-8.502705761692653e-10,0.0020648695863119296,0.75,0.0,0.023964613676071167,2.0591626167297363,0.01007465273141861,0.5917174816131592,-0.0026225298643112183,0.014701098203659058,0.008420281112194061,-0.041999198496341705,0.01007465273141861,0.5917174816131592,0.025416774675250053,9.6887845993042,1.4016216744979222,0.010838116347441041,0.006025716840231613,0.001670029315523704,0.001670029315523704,0.25,traj,3.140355304875646,-330.56966479612265,52.38256080137693,-0.022513866424560547,0.0020648695863119296,0.0,0.75,1.0,0.0,0
267,301,13.35,0.0,52.38256072998047,330.5544738769531,-0.0708923265337944,-8.502705761692653e-10,0.0020648695863119296,0.75,0.0,0.023964613676071167,2.0591626167297363,0.01007465273141861,0.5917174816131592,-0.0026225298643112183,0.014701098203659058,0.008420281112194061,-0.041999198496341705,0.01007465273141861,0.5917174816131592,0.025416774675250053,9.6887845993042,1.4016216744979222,0.010838116347441041,0.006025716840231613,0.001670029315523704,0.001670029315523704,0.25,traj,3.140355304875646,-330.56966479612265,52.38256080137693,-0.022513866424560547,0.0020648695863119296,0.0,0.75,1.0,0.0,0
268,302,13.4,0.0,52.38256072998047,330.5544738769531,-0.0708923265337944,-9.67060259426944e-07,-0.001018855525199123,0.75,0.0,0.016735844314098358,2.1287331581115723,0.006956577301025391,0.65400230884552,-0.005242064595222473,0.024327784776687622,0.0026836320757865906,-0.03150240331888199,0.006956577301025391,0.65400230884552,0.007385697681456804,10.852032661437988,1.440630612274011,0.006771421715615449,0.004221484425477356,0.00043330972980672823,0.00043330972980672823,0.25,traj,3.144643978276525,-330.53847440057217,43.118793546318955,-0.0036305785179138184,-0.001018855525199123,0.0,0.75,1.0,0.0,0
269,303,13.45,0.0,52.38256072998047,330.5544738769531,-0.0708923265337944,-2.033419127522862e-10,0.002144273381325482,0.75,0.0,0.02762974426150322,1.9465649127960205,0.014378402382135391,0.5120757818222046,-0.0019437521696090698,-0.0005749166011810303,0.009245477616786957,-0.043612249195575714,0.014378402382135391,0.5120757818222046,0.025416774675250053,9.6887845993042,1.327952653169632,0.0178707067898585,0.005880689156855009,0.001670029315523704,0.001670029315523704,0.25,traj,3.140355304875646,-330.56966479612265,52.38256080137693,-0.025584697723388672,0.002144273381325482,0.0,0.75,1.0,0.0,0
270,304,13.5,0.0,52.38256072998047,330.5544738769531,-0.0708923265337944,-2.033419127522862e-10,0.002144273381325482,0.75,0.0,0.02762974426150322,1.9465649127960205,0.014378402382135391,0.5120757818222046,-0.0019437521696090698,-0.0005749166011810303,0.009245477616786957,-0.043612249195575714,0.014378402382135391,0.5120757818222046,0.025416774675250053,9.6887845993042,1.327952653169632,0.0178707067898585,0.005880689156855009,0.001670029315523704,0.001670029315523704,0.25,traj,3.140355304875646,-330.56966479612265,52.38256080137693,-0.025584697723388672,0.002144273381325482,0.0,0.75,1.0,0.0,0
271,305,13.55,0.0,52.38256072998047,330.5544738769531,-0.0708923265337944,-2.033419127522862e-10,0.002144273381325482,0.75,0.0,0.02762974426150322,1.9465649127960205,0.014378402382135391,0.5120757818222046,-0.0019437521696090698,-0.0005749166011810303,0.009245477616786957,-0.043612249195575714,0.014378402382135391,0.5120757818222046,0.025416774675250053,9.6887845993042,1.327952653169632,0.0178707067898585,0.005880689156855009,0.001670029315523704,0.001670029315523704,0.25,traj,3.140355304875646,-330.56966479612265,52.38256080137693,-0.025584697723388672,0.002144273381325482,0.0,0.75,1.0,0.0,0
272,306,13.6,0.0,52.38256072998047,330.5544738769531,-0.0708923265337944,-3.590939741116017e-07,-0.0011800607962161177,0.75,0.0,0.01952226832509041,2.153742551803589,0.008395235985517502,0.6485278010368347,-0.0049093738198280334,0.018654093146324158,0.0023613199591636658,-0.029446981847286224,0.008395235985517502,0.6485278010368347,0.007385697681456804,10.852032661437988,1.455945019920667,0.008240595406085193,0.0047060484015943715,0.00043330972980672823,0.00043330972980672823,0.25,traj,3.144643978276525,-330.53847440057217,43.118793546318955,0.00016224384307861328,-0.0011800607962161177,0.0,0.75,1.0,0.0,0
273,307,13.65,0.0,52.38256072998047,330.5544738769531,-0.0708923265337944,-3.015155625174515e-10,0.0022016113964516623,0.75,0.0,0.02750590071082115,2.1952829360961914,0.01140541210770607,0.681591808795929,-0.002754688262939453,0.02896517515182495,0.01020803302526474,-0.039270974695682526,0.01140541210770607,0.681591808795929,0.025416774675250053,9.6887845993042,1.4906756728887558,0.010651879856072027,0.006771194042643115,0.001670029315523704,0.001670029315523704,0.25,traj,3.140355304875646,-330.56966479612265,52.38256080137693,-0.01975572109222412,0.0022016113964516623,0.0,0.75,1.0,0.0,0
274,308,13.7,0.0,52.38256072998047,330.5544738769531,-0.0708923265337944,-3.015155625174515e-10,0.0022016113964516623,0.75,0.0,0.02750590071082115,2.1952829360961914,0.01140541210770607,0.681591808795929,-0.002754688262939453,0.02896517515182495,0.01020803302526474,-0.039270974695682526,0.01140541210770607,0.681591808795929,0.025416774675250053,9.6887845993042,1.4906756728887558,0.010651879856072027,0.006771194042643115,0.001670029315523704,0.001670029315523704,0.25,traj,3.140355304875646,-330.56966479612265,52.38256080137693,-0.01975572109222412,0.0022016113964516623,0.0,0.75,1.0,0.0,0
275,309,13.75,0.0,52.38256072998047,330.5544738769531,-0.0708923265337944,-3.015155625174515e-10,0.0022016113964516623,0.75,0.0,0.02750590071082115,2.1952829360961914,0.01140541210770607,0.681591808795929,-0.002754688262939453,0.02896517515182495,0.01020803302526474,-0.039270974695682526,0.01140541210770607,0.681591808795929,0.025416774675250053,9.6887845993042,1.4906756728887558,0.010651879856072027,0.006771194042643115,0.001670029315523704,0.001670029315523704,0.25,traj,3.140355304875646,-330.56966479612265,52.38256080137693,-0.01975572109222412,0.0022016113964516623,0.0,0.75,1.0,0.0,0
276,310,13.8,0.0,52.38256072998047,330.5544738769531,-0.0708923265337944,-1.0947244533099365e-07,0.0003937513923382204,0.75,0.0,0.016753025352954865,2.0148425102233887,0.00772520899772644,0.5782108306884766,-0.0050209686160087585,0.014323443174362183,0.0014616474509239197,-0.028615392744541168,0.00772520899772644,0.5782108306884766,0.007385697681456804,10.852032661437988,1.3627446020642915,0.00850507550894624,0.004000489860332054,0.00043330972980672823,0.00043330972980672823,0.25,traj,3.144643978276525,-330.53847440057217,43.118793546318955,-0.004440426826477051,0.0003937513923382204,0.0,0.75,1.0,0.0,0
277,311,13.85,0.0,52.38256072998047,330.5544738769531,-0.0708923265337944,6.284685549751146e-10,0.0021670506392513977,0.75,0.0,0.026427458971738815,1.9939227104187012,0.01226261630654335,0.5322067737579346,-0.0031320974230766296,-0.0020089447498321533,0.009033255279064178,-0.047062017023563385,0.01226261630654335,0.5322067737579346,0.025416774675250053,9.6887845993042,1.3619258105754852,0.014665830249306965,0.006168999030820325,0.001670029315523704,0.001670029315523704,0.25,traj,3.140355304875646,-330.56966479612265,52.38256080137693,-0.02570509910583496,0.0021670506392513977,0.0,0.75,1.0,0.0,0
278,312,13.9,0.0,52.38256072998047,330.5544738769531,-0.0708923265337944,6.284685549751146e-10,0.0021670506392513977,0.75,0.0,0.026427458971738815,1.9939227104187012,0.01226261630654335,0.5322067737579346,-0.0031320974230766296,-0.0020089447498321533,0.009033255279064178,-0.047062017023563385,0.01226261630654335,0.5322067737579346,0.025416774675250053,9.6887845993042,1.3619258105754852,0.014665830249306965,0.006168999030820325,0.001670029315523704,0.001670029315523704,0.25,traj,3.140355304875646,-330.56966479612265,52.38256080137693,-0.02570509910583496,0.0021670506392513977,0.0,0.75,1.0,0.0,0
279,313,13.95,0.0,52.38256072998047,330.5544738769531,-0.0708923265337944,6.284685549751146e-10,0.0021670506392513977,0.75,0.0,0.026427458971738815,1.9939227104187012,0.01226261630654335,0.5322067737579346,-0.0031320974230766296,-0.0020089447498321533,0.009033255279064178,-0.047062017023563385,0.01226261630654335,0.5322067737579346,0.025416774675250053,9.6887845993042,1.3619258105754852,0.014665830249306965,0.006168999030820325,0.001670029315523704,0.001670029315523704,0.25,traj,3.140355304875646,-330.56966479612265,52.38256080137693,-0.02570509910583496,0.0021670506392513977,0.0,0.75,1.0,0.0,0
280,314,14.0,0.0,52.38256072998047,330.5544738769531,-0.0708923265337944,-3.2839700736531086e-08,-0.0006146349694252289,0.75,0.0,0.02406271919608116,2.221609592437744,0.007949743419885635,0.702573835849762,-0.004244670271873474,0.030641958117485046,0.002957068383693695,-0.03247179836034775,0.007949743419885635,0.702573835849762,0.007385697681456804,10.852032661437988,1.5031247287988663,0.007203165562151033,0.006752600749902526,0.00043330972980672823,0.00043330972980672823,0.25,traj,3.144643978276525,-330.53847440057217,43.118793546318955,-0.002196073532104492,-0.0006146349694252289,0.0,0.75,1.0,0.0,0
281,315,14.05,0.0,52.38256072998047,330.5544738769531,-0.0708923265337944,-6.417266718017345e-10,0.002226632656111142,0.75,0.0,0.02881966531276703,2.0551772117614746,0.011729024350643158,0.586853563785553,-0.0016584023833274841,0.014213845133781433,0.008214704692363739,-0.04276270419359207,0.011729024350643158,0.586853563785553,0.025416774675250053,9.6887845993042,1.3993633737166724,0.012721958411521335,0.007409664948057752,0.001670029315523704,0.001670029315523704,0.25,traj,3.140355304875646,-330.56966479612265,52.38256080137693,-0.01749211549758911,0.002226632656111142,0.0,0.75,1.0,0.0,0
282,316,14.1,0.0,52.38256072998047,330.5544738769531,-0.0708923265337944,-6.417266718017345e-10,0.002226632656111142,0.75,0.0,0.02881966531276703,2.0551772117614746,0.011729024350643158,0.586853563785553,-0.0016584023833274841,0.014213845133781433,0.008214704692363739,-0.04276270419359207,0.011729024350643158,0.586853563785553,0.025416774675250053,9.6887845993042,1.3993633737166724,0.012721958411521335,0.007409664948057752,0.001670029315523704,0.001670029315523704,0.25,traj,3.140355304875646,-330.56966479612265,52.38256080137693,-0.01749211549758911,0.002226632656111142,0.0,0.75,1.0,0.0,0
283,317,14.15,0.0,52.38256072998047,330.5544738769531,-0.0708923265337944,-6.417266718017345e-10,0.002226632656111142,0.75,0.0,0.02881966531276703,2.0551772117614746,0.011729024350643158,0.586853563785553,-0.0016584023833274841,0.014213845133781433,0.008214704692363739,-0.04276270419359207,0.011729024350643158,0.586853563785553,0.025416774675250053,9.6887845993042,1.3993633737166724,0.012721958411521335,0.007409664948057752,0.001670029315523704,0.001670029315523704,0.25,traj,3.140355304875646,-330.56966479612265,52.38256080137693,-0.01749211549758911,0.002226632656111142,0.0,0.75,1.0,0.0,0
284,318,14.2,0.0,52.38256072998047,330.5544738769531,-0.0708923265337944,-2.4813880727947435e-08,-0.0008646597358178542,0.75,0.0,0.016211070120334625,2.023052453994751,0.0081254243850708,0.5828390121459961,-0.005550965666770935,0.014586955308914185,0.0037183985114097595,-0.034397728741168976,0.0081254243850708,0.5828390121459961,0.007385697681456804,10.852032661437988,1.3723378255963326,0.008874588743043931,0.003574058383150925,0.00043330972980672823,0.00043330972980672823,0.25,traj,3.144643978276525,-330.53847440057217,43.118793546318955,-0.004361510276794434,-0.0008646597358178542,0.0,0.75,1.0,0.0,0
285,319,14.25,0.0,52.38256072998047,330.5544738769531,-0.0708923265337944,5.720912632511954e-10,0.002289589924785735,0.75,0.0,0.028190966695547104,1.943916916847229,0.01339087262749672,0.5088851451873779,-0.0018587186932563782,-0.003823712468147278,0.00697316974401474,-0.04692690819501877,0.01339087262749672,0.5088851451873779,0.025416774675250053,9.6887845993042,1.3280282467603683,0.016748203145262295,0.006565529457634954,0.001670029315523704,0.001670029315523704,0.25,traj,3.140355304875646,-330.56966479612265,52.38256080137693,-0.022621333599090576,0.002289589924785735,0.0,0.75,1.0,0.0,0
286,320,14.3,0.0,52.38256072998047,330.5544738769531,-0.0708923265337944,5.720912632511954e-10,0.002289589924785735,0.75,0.0,0.028190966695547104,1.943916916847229,0.01339087262749672,0.5088851451873779,-0.0018587186932563782,-0.003823712468147278,0.00697316974401474,-0.04692690819501877,0.01339087262749672,0.5088851451873779,0.025416774675250053,9.6887845993042,1.3280282467603683,0.016748203145262295,0.006565529457634954,0.001670029315523704,0.001670029315523704,0.25,traj,3.140355304875646,-330.56966479612265,52.38256080137693,-0.022621333599090576,0.002289589924785735,0.0,0.75,1.0,0.0,0
287,321,14.35,0.0,52.38256072998047,330.5544738769531,-0.0708923265337944,5.720912632511954e-10,0.002289589924785735,0.75,0.0,0.028190966695547104,1.943916916847229,0.01339087262749672,0.5088851451873779,-0.0018587186932563782,-0.003823712468147278,0.00697316974401474,-0.04692690819501877,0.01339087262749672,0.5088851451873779,0.025416774675250053,9.6887845993042,1.3280282467603683,0.016748203145262295,0.006565529457634954,0.001670029315523704,0.001670029315523704,0.25,traj,3.140355304875646,-330.56966479612265,52.38256080137693,-0.022621333599090576,0.002289589924785735,0.0,0.75,1.0,0.0,0
288,322,14.4,0.0,52.38256072998047,330.5544738769531,-0.0708923265337944,-1.7729792745058148e-08,-0.0009173204943186523,0.75,0.0,0.01758723333477974,1.9449689388275146,0.00801875814795494,0.5354903340339661,-0.0049639418721199036,0.009259834885597229,0.0021154507994651794,-0.03275718539953232,0.00801875814795494,0.5354903340339661,0.007385697681456804,10.852032661437988,1.3190073370933533,0.009532411851106936,0.004321736424294988,0.00043330972980672823,0.00043330972980672823,0.25,traj,3.144643978276525,-330.53847440057217,43.118793546318955,-0.0027379393577575684,-0.0009173204943186523,0.0,0.75,1.0,0.0,0
289,323,14.45,0.0,52.38256072998047,330.5544738769531,-0.0708923265337944,6.779642819365606e-11,0.002360009175128566,0.75,0.0,0.024738267064094543,2.05916166305542,0.010858781635761261,0.6015794277191162,-0.00235670804977417,0.017846792936325073,0.007993869483470917,-0.042297132313251495,0.010858781635761261,0.6015794277191162,0.025416774675250053,9.6887845993042,1.4017057518164318,0.011490019958223371,0.006061916842832681,0.001670029315523704,0.001670029315523704,0.25,traj,3.140355304875646,-330.56966479612265,52.38256080137693,-0.02077174186706543,0.002360009175128566,0.0,0.75,1.0,0.0,0
290,324,14.5,0.0,52.38256072998047,330.5544738769531,-0.0708923265337944,6.779642819365606e-11,0.002360009175128566,0.75,0.0,0.024738267064094543,2.05916166305542,0.010858781635761261,0.6015794277191162,-0.00235670804977417,0.017846792936325073,0.007993869483470917,-0.042297132313251495,0.010858781635761261,0.6015794277191162,0.025416774675250053,9.6887845993042,1.4017057518164318,0.011490019958223371,0.006061916842832681,0.001670029315523704,0.001670029315523704,0.25,traj,3.140355304875646,-330.56966479612265,52.38256080137693,-0.02077174186706543,0.002360009175128566,0.0,0.75,1.0,0.0,0
291,325,14.55,0.0,52.38256072998047,330.5544738769531,-0.0708923265337944,6.779642819365606e-11,0.002360009175128566,0.75,0.0,0.024738267064094543,2.05916166305542,0.010858781635761261,0.6015794277191162,-0.00235670804977417,0.017846792936325073,0.007993869483470917,-0.042297132313251495,0.010858781635761261,0.6015794277191162,0.025416774675250053,9.6887845993042,1.4017057518164318,0.011490019958223371,0.006061916842832681,0.001670029315523704,0.001670029315523704,0.25,traj,3.140355304875646,-330.56966479612265,52.38256080137693,-0.02077174186706543,0.002360009175128566,0.0,0.75,1.0,0.0,0
292,326,14.6,0.0,52.38256072998047,330.5544738769531,-0.0708923265337944,-8.527537787017536e-09,-0.0008433523915195682,0.75,0.0,0.0184076689183712,1.9480559825897217,0.009418074041604996,0.5399216413497925,-0.005331702530384064,0.008724883198738098,0.002961866557598114,-0.03194575756788254,0.009418074041604996,0.5399216413497925,0.007385697681456804,10.852032661437988,1.3207148189345996,0.011103658924172982,0.0040641624015947285,0.00043330972980672823,0.00043330972980672823,0.25,traj,3.144643978276525,-330.53847440057217,43.118793546318955,-0.0027779340744018555,-0.0008433523915195682,0.0,0.75,1.0,0.0,0
293,327,14.65,0.0,52.38256072998047,330.5544738769531,-0.0708923265337944,1.803793558963207e-09,0.002494174011812696,0.75,0.0,0.0261508971452713,1.8628112077713013,0.012418858706951141,0.46175312995910645,-0.003123953938484192,-0.007758691906929016,0.00836404412984848,-0.04602362960577011,0.012418858706951141,0.46175312995910645,0.025416774675250053,9.6887845993042,1.273897685110569,0.017117792270350762,0.006239425870262234,0.001670029315523704,0.001670029315523704,0.25,traj,3.140355304875646,-330.56966479612265,52.38256080137693,-0.027447283267974854,0.002494174011812696,0.0,0.75,1.0,0.0,0
294,328,14.7,0.0,52.38256072998047,330.5544738769531,-0.0708923265337944,1.803793558963207e-09,0.002494174011812696,0.75,0.0,0.0261508971452713,1.8628112077713013,0.012418858706951141,0.46175312995910645,-0.003123953938484192,-0.007758691906929016,0.00836404412984848,-0.04602362960577011,0.012418858706951141,0.46175312995910645,0.025416774675250053,9.6887845993042,1.273897685110569,0.017117792270350762,0.006239425870262234,0.001670029315523704,0.001670029315523704,0.25,traj,3.140355304875646,-330.56966479612265,52.38256080137693,-0.027447283267974854,0.002494174011812696,0.0,0.75,1.0,0.0,0
295,329,14.75,0.0,52.38256072998047,330.5544738769531,-0.0708923265337944,1.803793558963207e-09,0.002494174011812696,0.75,0.0,0.0261508971452713,1.8628112077713013,0.012418858706951141,0.46175312995910645,-0.003123953938484192,-0.007758691906929016,0.00836404412984848,-0.04602362960577011,0.012418858706951141,0.46175312995910645,0.025416774675250053,9.6887845993042,1.273897685110569,0.017117792270350762,0.006239425870262234,0.001670029315523704,0.001670029315523704,0.25,traj,3.140355304875646,-330.56966479612265,52.38256080137693,-0.027447283267974854,0.002494174011812696,0.0,0.75,1.0,0.0,0
296,330,14.8,0.0,52.38256072998047,330.5544738769531,-0.0708923265337944,6.1395102335382035e-09,0.0009919578582769392,0.75,0.0,0.01773691549897194,2.0024285316467285,0.008594658225774765,0.5709083676338196,-0.00516219437122345,0.013066604733467102,0.0019258186221122742,-0.03268393129110336,0.008594658225774765,0.5709083676338196,0.007385697681456804,10.852032661437988,1.357238086561362,0.009583182923937365,0.004065680221410287,0.00043330972980672823,0.00043330972980672823,0.25,traj,3.144643978276525,-330.53847440057217,43.118793546318955,0.00011050701141357422,0.0009919578582769392,0.0,0.75,1.0,0.0,0
297,331,14.85,0.0,52.38256072998047,330.5544738769531,-0.0708923265337944,-1.767730184454308e-09,0.002479550292208483,0.75,0.0,0.027585987001657486,2.070444107055664,0.01141585037112236,0.5980923175811768,-0.002378225326538086,0.016240939497947693,0.008234910666942596,-0.040496014058589935,0.01141585037112236,0.5980923175811768,0.025416774675250053,9.6887845993042,1.4081176767746608,0.012149740341055823,0.006991429697880638,0.001670029315523704,0.001670029315523704,0.25,traj,3.140355304875646,-330.56966479612265,52.38256080137693,-0.020347416400909424,0.002479550292208483,0.0,0.75,1.0,0.0,0
298,332,14.9,0.0,52.38256072998047,330.5544738769531,-0.0708923265337944,-1.767730184454308e-09,0.002479550292208483,0.75,0.0,0.027585987001657486,2.070444107055664,0.01141585037112236,0.5980923175811768,-0.002378225326538086,0.016240939497947693,0.008234910666942596,-0.040496014058589935,0.01141585037112236,0.5980923175811768,0.025416774675250053,9.6887845993042,1.4081176767746608,0.012149740341055823,0.006991429697880638,0.001670029315523704,0.001670029315523704,0.25,traj,3.140355304875646,-330.56966479612265,52.38256080137693,-0.020347416400909424,0.002479550292208483,0.0,0.75,1.0,0.0,0
299,333,14.95,0.0,52.38256072998047,330.5544738769531,-0.0708923265337944,-1.767730184454308e-09,0.002479550292208483,0.75,0.0,0.027585987001657486,2.070444107055664,0.01141585037112236,0.5980923175811768,-0.002378225326538086,0.016240939497947693,0.008234910666942596,-0.040496014058589935,0.01141585037112236,0.5980923175811768,0.025416774675250053,9.6887845993042,1.4081176767746608,0.012149740341055823,0.006991429697880638,0.001670029315523704,0.001670029315523704,0.25,traj,3.140355304875646,-330.56966479612265,52.38256080137693,-0.020347416400909424,0.002479550292208483,0.0,0.75,1.0,0.0,0
300,334,15.0,0.0,52.38256072998047,330.5544738769531,-0.0708923265337944,1.0591626464773185e-09,0.0010303691346217982,0.75,0.0,0.016224678605794907,2.0058741569519043,0.0068528540432453156,0.5680878758430481,-0.005704261362552643,0.01243157684803009,0.002006255090236664,-0.02919410914182663,0.0068528540432453156,0.5680878758430481,0.007385697681456804,10.852032661437988,1.3572992136081061,0.007679153856310144,0.004149539766219889,0.00043330972980672823,0.00043330972980672823,0.25,traj,3.144643978276525,-330.53847440057217,43.118793546318955,-0.0005586743354797363,0.0010303691346217982,0.0,0.75,1.0,0.0,0
301,335,15.05,0.0,52.38256072998047,330.5544738769531,-0.0708923265337944,-1.498135659971922e-08,0.002501887856706579,0.75,0.0,0.02542029693722725,1.8579820394515991,0.012842487543821335,0.45582547783851624,-0.0025724247097969055,-0.010308921337127686,0.009769044816493988,-0.04693431407213211,0.012842487543821335,0.45582547783851624,0.025416774675250053,9.6887845993042,1.2715006719032922,0.017931495473471618,0.005710541555530913,0.001670029315523704,0.001670029315523704,0.25,traj,3.140355304875646,-330.56966479612265,52.38256080137693,-0.022192955017089844,0.002501887856706579,0.0,0.75,1.0,0.0,0
302,336,15.1,0.0,52.38256072998047,330.5544738769531,-0.0708923265337944,-1.498135659971922e-08,0.002501887856706579,0.75,0.0,0.02542029693722725,1.8579820394515991,0.012842487543821335,0.45582547783851624,-0.0025724247097969055,-0.010308921337127686,0.009769044816493988,-0.04693431407213211,0.012842487543821335,0.45582547783851624,0.025416774675250053,9.6887845993042,1.2715006719032922,0.017931495473471618,0.005710541555530913,0.001670029315523704,0.001670029315523704,0.25,traj,3.140355304875646,-330.56966479612265,52.38256080137693,-0.022192955017089844,0.002501887856706579,0.0,0.75,1.0,0.0,0
303,337,15.15,0.0,52.38256072998047,330.5544738769531,-0.0708923265337944,-1.498135659971922e-08,0.002501887856706579,0.75,0.0,0.02542029693722725,1.8579820394515991,0.012842487543821335,0.45582547783851624,-0.0025724247097969055,-0.010308921337127686,0.009769044816493988,-0.04693431407213211,0.012842487543821335,0.45582547783851624,0.025416774675250053,9.6887845993042,1.2715006719032922,0.017931495473471618,0.005710541555530913,0.001670029315523704,0.001670029315523704,0.25,traj,3.140355304875646,-330.56966479612265,52.38256080137693,-0.022192955017089844,0.002501887856706579,0.0,0.75,1.0,0.0,0
304,338,15.2,0.0,52.38256072998047,330.5544738769531,-0.0708923265337944,-1.8114654221079718e-09,0.001238872042685054,0.75,0.0,0.01760903000831604,1.950845718383789,0.007741920650005341,0.5369141101837158,-0.004194386303424835,0.012701854109764099,0.0012620911002159119,-0.031959645450115204,0.007741920650005341,0.5369141101837158,0.007385697681456804,10.852032661437988,1.3222051908572514,0.009178987507054167,0.0044425548816134355,0.00043330972980672823,0.00043330972980672823,0.25,traj,3.144643978276525,-330.53847440057217,43.118793546318955,-0.005249679088592529,0.001238872042685054,0.0,0.75,1.0,0.0,0
305,339,15.25,0.0,52.38256072998047,330.5544738769531,-0.0708923265337944,4.256183405715319e-09,0.002542846224429422,0.75,0.0,0.027087870985269547,2.110748767852783,0.010634403675794601,0.6257791519165039,-0.00216616690158844,0.015319600701332092,0.008414141833782196,-0.039761804044246674,0.010634403675794601,0.6257791519165039,0.025416774675250053,9.6887845993042,1.4344952702522278,0.010817549888940226,0.0070534326373461985,0.001670029315523704,0.001670029315523704,0.25,traj,3.140355304875646,-330.56966479612265,52.38256080137693,-0.021302998065948486,0.002542846224429422,0.0,0.75,1.0,0.0,0
306,340,15.3,0.0,52.38256072998047,330.5544738769531,-0.0708923265337944,4.256183405715319e-09,0.002542846224429422,0.75,0.0,0.027087870985269547,2.110748767852783,0.010634403675794601,0.6257791519165039,-0.00216616690158844,0.015319600701332092,0.008414141833782196,-0.039761804044246674,0.010634403675794601,0.6257791519165039,0.025416774675250053,9.6887845993042,1.4344952702522278,0.010817549888940226,0.0070534326373461985,0.001670029315523704,0.001670029315523704,0.25,traj,3.140355304875646,-330.56966479612265,52.38256080137693,-0.021302998065948486,0.002542846224429422,0.0,0.75,1.0,0.0,0
307,341,15.35,0.0,52.38256072998047,330.5544738769531,-0.0708923265337944,4.256183405715319e-09,0.002542846224429422,0.75,0.0,0.027087870985269547,2.110748767852783,0.010634403675794601,0.6257791519165039,-0.00216616690158844,0.015319600701332092,0.008414141833782196,-0.039761804044246674,0.010634403675794601,0.6257791519165039,0.025416774675250053,9.6887845993042,1.4344952702522278,0.010817549888940226,0.0070534326373461985,0.001670029315523704,0.001670029315523704,0.25,traj,3.140355304875646,-330.56966479612265,52.38256080137693,-0.021302998065948486,0.002542846224429422,0.0,0.75,1.0,0.0,0
308,342,15.4,0.0,52.38256072998047,330.5544738769531,-0.0708923265337944,-8.815884827706455e-11,0.0013217962310333173,0.75,0.0,0.014703195542097092,1.8071247339248657,0.00861336663365364,0.4561433792114258,-0.004835464060306549,-0.0010315477848052979,0.0030374154448509216,-0.037283070385456085,0.00861336663365364,0.4561433792114258,0.007385697681456804,10.852032661437988,1.2303095484773319,0.012019890855834804,0.0028696382067502765,0.00043330972980672823,0.00043330972980672823,0.25,traj,3.144643978276525,-330.53847440057217,43.118793546318955,-0.003944575786590576,0.0013217962310333173,0.0,0.75,1.0,0.0,0
309,343,15.45,0.0,52.38256072998047,330.5544738769531,-0.0708923265337944,-5.4032818219695855e-09,0.002413374296887522,0.75,0.0,0.02562001347541809,1.7844789028167725,0.012309111654758453,0.4170471429824829,-0.000964730978012085,-0.010865911841392517,0.007667265832424164,-0.04595798999071121,0.012309111654758453,0.4170471429824829,0.025416774675250053,9.6887845993042,1.2211690122882526,0.018784358427833877,0.006196775133445044,0.001670029315523704,0.001670029315523704,0.25,traj,3.140355304875646,-330.56966479612265,52.38256080137693,-0.02535456418991089,0.002413374296887522,0.0,0.75,1.0,0.0,0
310,344,15.5,0.0,52.38256072998047,330.5544738769531,-0.0708923265337944,-5.4032818219695855e-09,0.002413374296887522,0.75,0.0,0.02562001347541809,1.7844789028167725,0.012309111654758453,0.4170471429824829,-0.000964730978012085,-0.010865911841392517,0.007667265832424164,-0.04595798999071121,0.012309111654758453,0.4170471429824829,0.025416774675250053,9.6887845993042,1.2211690122882526,0.018784358427833877,0.006196775133445044,0.001670029315523704,0.001670029315523704,0.25,traj,3.140355304875646,-330.56966479612265,52.38256080137693,-0.02535456418991089,0.002413374296887522,0.0,0.75,1.0,0.0,0
311,345,15.55,0.0,52.38256072998047,330.5544738769531,-0.0708923265337944,-5.4032818219695855e-09,0.002413374296887522,0.75,0.0,0.02562001347541809,1.7844789028167725,0.012309111654758453,0.4170471429824829,-0.000964730978012085,-0.010865911841392517,0.007667265832424164,-0.04595798999071121,0.012309111654758453,0.4170471429824829,0.025416774675250053,9.6887845993042,1.2211690122882526,0.018784358427833877,0.006196775133445044,0.001670029315523704,0.001670029315523704,0.25,traj,3.140355304875646,-330.56966479612265,52.38256080137693,-0.02535456418991089,0.002413374296887522,0.0,0.75,1.0,0.0,0
312,346,15.6,0.0,52.38256072998047,330.5544738769531,-0.0708923265337944,-2.179742220054237e-10,0.001593855472279619,0.75,0.0,0.017921965569257736,1.785994529724121,0.008714515715837479,0.4514539837837219,-0.004137016832828522,0.0034957975149154663,0.0018830224871635437,-0.03563617914915085,0.008714515715837479,0.4514539837837219,0.007385697681456804,10.852032661437988,1.2148714090387025,0.012287254816345412,0.004392163263736897,0.00043330972980672823,0.00043330972980672823,0.25,traj,3.144643978276525,-330.53847440057217,43.118793546318955,-0.0020741820335388184,0.001593855472279619,0.0,0.75,1.0,0.0,0
313,347,15.65,0.0,52.38256072998047,330.5544738769531,-0.0708923265337944,2.5103497058864832e-09,0.0022425640723501973,0.75,0.0,0.029374204576015472,2.193751811981201,0.011026844382286072,0.6810658574104309,-0.002730339765548706,0.026956215500831604,0.008448891341686249,-0.039374224841594696,0.011026844382286072,0.6810658574104309,0.025416774675250053,9.6887845993042,1.4895449727773666,0.01030634817506016,0.007721197465201112,0.001670029315523704,0.001670029315523704,0.25,traj,3.140355304875646,-330.56966479612265,52.38256080137693,-0.02015131711959839,0.0022425640723501973,0.0,0.75,1.0,0.0,0
314,348,15.7,0.0,52.38256072998047,330.5544738769531,-0.0708923265337944,2.5103497058864832e-09,0.0022425640723501973,0.75,0.0,0.029374204576015472,2.193751811981201,0.011026844382286072,0.6810658574104309,-0.002730339765548706,0.026956215500831604,0.008448891341686249,-0.039374224841594696,0.011026844382286072,0.6810658574104309,0.025416774675250053,9.6887845993042,1.4895449727773666,0.01030634817506016,0.007721197465201112,0.001670029315523704,0.001670029315523704,0.25,traj,3.140355304875646,-330.56966479612265,52.38256080137693,-0.02015131711959839,0.0022425640723501973,0.0,0.75,1.0,0.0,0
315,349,15.75,0.0,52.38256072998047,330.5544738769531,-0.0708923265337944,2.5103497058864832e-09,0.0022425640723501973,0.75,0.0,0.029374204576015472,2.193751811981201,0.011026844382286072,0.6810658574104309,-0.002730339765548706,0.026956215500831604,0.008448891341686249,-0.039374224841594696,0.011026844382286072,0.6810658574104309,0.025416774675250053,9.6887845993042,1.4895449727773666,0.01030634817506016,0.007721197465201112,0.001670029315523704,0.001670029315523704,0.25,traj,3.140355304875646,-330.56966479612265,52.38256080137693,-0.02015131711959839,0.0022425640723501973,0.0,0.75,1.0,0.0,0
316,350,15.8,0.0,52.38256072998047,330.5544738769531,-0.0708923265337944,1.1074094974361515e-09,0.0004937681290844403,0.75,0.0,0.016556277871131897,1.9355509281158447,0.006900779902935028,0.5371415615081787,-0.004654198884963989,0.010933548212051392,0.003202669322490692,-0.030781425535678864,0.006900779902935028,0.5371415615081787,0.007385697681456804,10.852032661437988,1.3114840388298035,0.008178364793647298,0.004395578358321903,0.00043330972980672823,0.00043330972980672823,0.25,traj,3.144643978276525,-330.53847440057217,43.118793546318955,-0.005405843257904053,0.0004937681290844403,0.0,0.75,1.0,0.0,0
317,351,15.85,0.0,52.38256072998047,330.5544738769531,-0.0708923265337944,-6.218672687907656e-09,0.0022409305187737023,0.75,0.0,0.02362629771232605,1.8200668096542358,0.011986739933490753,0.44572174549102783,-0.00276096910238266,-0.005536094307899475,0.008457325398921967,-0.04749680310487747,0.011986739933490753,0.44572174549102783,0.025416774675250053,9.6887845993042,1.2462183261911075,0.017116426232516763,0.00539149583030054,0.001670029315523704,0.001670029315523704,0.25,traj,3.140355304875646,-330.56966479612265,52.38256080137693,-0.029515385627746582,0.0022409305187737023,0.0,0.75,1.0,0.0,0
318,352,15.9,0.0,52.38256072998047,330.5544738769531,-0.0708923265337944,-6.218672687907656e-09,0.0022409305187737023,0.75,0.0,0.02362629771232605,1.8200668096542358,0.011986739933490753,0.44572174549102783,-0.00276096910238266,-0.005536094307899475,0.008457325398921967,-0.04749680310487747,0.011986739933490753,0.44572174549102783,0.025416774675250053,9.6887845993042,1.2462183261911075,0.017116426232516763,0.00539149583030054,0.001670029315523704,0.001670029315523704,0.25,traj,3.140355304875646,-330.56966479612265,52.38256080137693,-0.029515385627746582,0.0022409305187737023,0.0,0.75,1.0,0.0,0
319,353,15.95,0.0,52.38256072998047,330.5544738769531,-0.0708923265337944,-6.218672687907656e-09,0.0022409305187737023,0.75,0.0,0.02362629771232605,1.8200668096542358,0.011986739933490753,0.44572174549102783,-0.00276096910238266,-0.005536094307899475,0.008457325398921967,-0.04749680310487747,0.011986739933490753,0.44572174549102783,0.025416774675250053,9.6887845993042,1.2462183261911075,0.017116426232516763,0.00539149583030054,0.001670029315523704,0.001670029315523704,0.25,traj,3.140355304875646,-330.56966479612265,52.38256080137693,-0.029515385627746582,0.0022409305187737023,0.0,0.75,1.0,0.0,0
320,354,16.0,0.0,52.38256072998047,330.5544738769531,-0.0708923265337944,-2.5684546156590216e-10,0.0027849180893072135,0.75,0.0,0.0203416645526886,1.8987067937850952,0.00948970764875412,0.5032658576965332,-0.004864208400249481,0.004481017589569092,0.00252484530210495,-0.0331810787320137,0.00948970764875412,0.5032658576965332,0.007385697681456804,10.852032661437988,1.2885697136322656,0.01200281538290977,0.0049507209558623845,0.00043330972980672823,0.00043330972980672823,0.25,traj,3.144643978276525,-330.53847440057217,43.118793546318955,-0.00027304887771606445,0.0027849180893072135,0.0,0.75,1.0,0.0,0
321,355,16.05,0.0,52.38256072998047,330.5544738769531,-0.0708923265337944,3.120075309226422e-09,0.0020152468390357103,0.75,0.0,0.025002319365739822,2.0505762100219727,0.011197295039892197,0.5908553600311279,-0.002920806407928467,0.01811543107032776,0.0075042471289634705,-0.03967220336198807,0.011197295039892197,0.5908553600311279,0.025416774675250053,9.6887845993042,1.3942803094784417,0.012063148720578216,0.006020556252858715,0.001670029315523704,0.001670029315523704,0.25,traj,3.140355304875646,-330.56966479612265,52.38256080137693,-0.02301490306854248,0.0020152468390357103,0.0,0.75,1.0,0.0,0
322,356,16.1,0.0,52.38256072998047,330.5544738769531,-0.0708923265337944,3.120075309226422e-09,0.0020152468390357103,0.75,0.0,0.025002319365739822,2.0505762100219727,0.011197295039892197,0.5908553600311279,-0.002920806407928467,0.01811543107032776,0.0075042471289634705,-0.03967220336198807,0.011197295039892197,0.5908553600311279,0.025416774675250053,9.6887845993042,1.3942803094784417,0.012063148720578216,0.006020556252858715,0.001670029315523704,0.001670029315523704,0.25,traj,3.140355304875646,-330.56966479612265,52.38256080137693,-0.02301490306854248,0.0020152468390357103,0.0,0.75,1.0,0.0,0
323,357,16.15,0.0,52.38256072998047,330.5544738769531,-0.0708923265337944,3.120075309226422e-09,0.0020152468390357103,0.75,0.0,0.025002319365739822,2.0505762100219727,0.011197295039892197,0.5908553600311279,-0.002920806407928467,0.01811543107032776,0.0075042471289634705,-0.03967220336198807,0.011197295039892197,0.5908553600311279,0.025416774675250053,9.6887845993042,1.3942803094784417,0.012063148720578216,0.006020556252858715,0.001670029315523704,0.001670029315523704,0.25,traj,3.140355304875646,-330.56966479612265,52.38256080137693,-0.02301490306854248,0.0020152468390357103,0.0,0.75,1.0,0.0,0
324,358,16.2,0.0,52.38256072998047,330.5544738769531,-0.0708923265337944,1.2234679935829718e-10,0.00029200718691441786,0.75,0.0,0.020723648369312286,1.7200206518173218,0.009890630841255188,0.4132533371448517,-0.003518208861351013,-0.003964066505432129,0.003407888114452362,-0.03374015539884567,0.009890630841255188,0.4132533371448517,0.007385697681456804,10.852032661437988,1.1698773242533207,0.015233646642307357,0.005277431671161327,0.00043330972980672823,0.00043330972980672823,0.25,traj,3.144643978276525,-330.53847440057217,43.118793546318955,0.0006161928176879883,0.00029200718691441786,0.0,0.75,1.0,0.0,0
325,359,16.25,0.0,52.38256072998047,330.5544738769531,-0.0708923265337944,9.535086498146939e-09,0.0019198461718035569,0.75,0.0,0.028979502618312836,1.8836171627044678,0.014067888259887695,0.47295182943344116,-0.002160981297492981,-0.006153598427772522,0.008121214807033539,-0.04508165270090103,0.014067888259887695,0.47295182943344116,0.025416774675250053,9.6887845993042,1.286924903591474,0.018930600367062924,0.006729226324742926,0.001670029315523704,0.001670029315523704,0.25,traj,3.140355304875646,-330.56966479612265,52.38256080137693,-0.02523958683013916,0.0019198461718035569,0.0,0.75,1.0,0.0,0
326,360,16.3,0.0,52.38256072998047,330.5544738769531,-0.0708923265337944,9.535086498146939e-09,0.0019198461718035569,0.75,0.0,0.028979502618312836,1.8836171627044678,0.014067888259887695,0.47295182943344116,-0.002160981297492981,-0.006153598427772522,0.008121214807033539,-0.04508165270090103,0.014067888259887695,0.47295182943344116,0.025416774675250053,9.6887845993042,1.286924903591474,0.018930600367062924,0.006729226324742926,0.001670029315523704,0.001670029315523704,0.25,traj,3.140355304875646,-330.56966479612265,52.38256080137693,-0.02523958683013916,0.0019198461718035569,0.0,0.75,1.0,0.0,0
327,361,16.35,0.0,52.38256072998047,330.5544738769531,-0.0708923265337944,9.535086498146939e-09,0.0019198461718035569,0.75,0.0,0.028979502618312836,1.8836171627044678,0.014067888259887695,0.47295182943344116,-0.002160981297492981,-0.006153598427772522,0.008121214807033539,-0.04508165270090103,0.014067888259887695,0.47295182943344116,0.025416774675250053,9.6887845993042,1.286924903591474,0.018930600367062924,0.006729226324742926,0.001670029315523704,0.001670029315523704,0.25,traj,3.140355304875646,-330.56966479612265,52.38256080137693,-0.02523958683013916,0.0019198461718035569,0.0,0.75,1.0,0.0,0
328,362,16.4,0.0,52.38256072998047,330.5544738769531,-0.0708923265337944,0.0,0.0022164770185889794,0.75,0.0,0.019438769668340683,2.0999832153320312,0.008403290063142776,0.6255338191986084,-0.00592409074306488,0.020811617374420166,0.00236346572637558,-0.03165251761674881,0.008403290063142776,0.6255338191986084,0.007385697681456804,10.852032661437988,1.4216648116707802,0.008551672577283884,0.004764712137465703,0.00043330972980672823,0.00043330972980672823,0.25,traj,3.144643978276525,-330.53847440057217,43.118793546318955,-0.0023673176765441895,0.0022164770185889794,0.0,0.75,1.0,0.0,0
329,363,16.45,0.0,52.38256072998047,330.5544738769531,-0.0708923265337944,1.2383752912015211e-09,0.0016815821373880476,0.75,0.0,0.029209792613983154,2.180802345275879,0.010750867426395416,0.6745544672012329,-0.0017150789499282837,0.029490157961845398,0.009145282208919525,-0.041371189057826996,0.010750867426395416,0.6745544672012329,0.025416774675250053,9.6887845993042,1.4821563462416332,0.010145383383620192,0.007801338351462595,0.001670029315523704,0.001670029315523704,0.25,traj,3.140355304875646,-330.56966479612265,52.38256080137693,-0.01820540428161621,0.0016815821373880476,0.0,0.75,1.0,0.0,0
330,364,16.5,0.0,52.38256072998047,330.5544738769531,-0.0708923265337944,1.2383752912015211e-09,0.0016815821373880476,0.75,0.0,0.029209792613983154,2.180802345275879,0.010750867426395416,0.6745544672012329,-0.0017150789499282837,0.029490157961845398,0.009145282208919525,-0.041371189057826996,0.010750867426395416,0.6745544672012329,0.025416774675250053,9.6887845993042,1.4821563462416332,0.010145383383620192,0.007801338351462595,0.001670029315523704,0.001670029315523704,0.25,traj,3.140355304875646,-330.56966479612265,52.38256080137693,-0.01820540428161621,0.0016815821373880476,0.0,0.75,1.0,0.0,0
331,365,16.55,0.0,52.38256072998047,330.5544738769531,-0.0708923265337944,1.2383752912015211e-09,0.0016815821373880476,0.75,0.0,0.029209792613983154,2.180802345275879,0.010750867426395416,0.6745544672012329,-0.0017150789499282837,0.029490157961845398,0.009145282208919525,-0.041371189057826996,0.010750867426395416,0.6745544672012329,0.025416774675250053,9.6887845993042,1.4821563462416332,0.010145383383620192,0.007801338351462595,0.001670029315523704,0.001670029315523704,0.25,traj,3.140355304875646,-330.56966479612265,52.38256080137693,-0.01820540428161621,0.0016815821373880476,0.0,0.75,1.0,0.0,0
332,366,16.6,0.0,52.38256072998047,330.5544738769531,-0.0708923265337944,5.200436747898607e-10,0.0019744506883056546,0.75,0.0,0.018777184188365936,1.864771842956543,0.008523494005203247,0.4872404932975769,-0.004618704319000244,0.006048902869224548,0.0017727836966514587,-0.02882453054189682,0.008523494005203247,0.4872404932975769,0.007385697681456804,10.852032661437988,1.2629298369089763,0.011135533140299709,0.004738605636638099,0.00043330972980672823,0.00043330972980672823,0.25,traj,3.144643978276525,-330.53847440057217,43.118793546318955,-0.00246429443359375,0.0019744506883056546,0.0,0.75,1.0,0.0,0
333,367,16.65,0.0,52.38256072998047,330.5544738769531,-0.0708923265337944,3.54399332103128e-09,0.0014395558071047228,0.75,0.0,0.026432588696479797,2.0243945121765137,0.012248434126377106,0.5568457841873169,-0.003481917083263397,0.002631843090057373,0.00862538069486618,-0.04488471895456314,0.012248434126377106,0.5568457841873169,0.025416774675250053,9.6887845993042,1.3807261486848197,0.014000873388110834,0.006152834249784628,0.001670029315523704,0.001670029315523704,0.25,traj,3.140355304875646,-330.56966479612265,52.38256080137693,-0.025821268558502197,0.0014395558071047228,0.0,0.75,1.0,0.0,0
334,368,16.7,0.0,52.38256072998047,330.5544738769531,-0.0708923265337944,3.54399332103128e-09,0.0014395558071047228,0.75,0.0,0.026432588696479797,2.0243945121765137,0.012248434126377106,0.5568457841873169,-0.003481917083263397,0.002631843090057373,0.00862538069486618,-0.04488471895456314,0.012248434126377106,0.5568457841873169,0.025416774675250053,9.6887845993042,1.3807261486848197,0.014000873388110834,0.006152834249784628,0.001670029315523704,0.001670029315523704,0.25,traj,3.140355304875646,-330.56966479612265,52.38256080137693,-0.025821268558502197,0.0014395558071047228,0.0,0.75,1.0,0.0,0
335,369,16.75,0.0,52.38256072998047,330.5544738769531,-0.0708923265337944,3.54399332103128e-09,0.0014395558071047228,0.75,0.0,0.026432588696479797,2.0243945121765137,0.012248434126377106,0.5568457841873169,-0.003481917083263397,0.002631843090057373,0.00862538069486618,-0.04488471895456314,0.012248434126377106,0.5568457841873169,0.025416774675250053,9.6887845993042,1.3807261486848197,0.014000873388110834,0.006152834249784628,0.001670029315523704,0.001670029315523704,0.25,traj,3.140355304875646,-330.56966479612265,52.38256080137693,-0.025821268558502197,0.0014395558071047228,0.0,0.75,1.0,0.0,0
336,370,16.8,0.0,52.38256072998047,330.5544738769531,-0.0708923265337944,-1.353024914330092e-09,0.001848045231109875,0.75,0.0,0.020806055516004562,1.6274223327636719,0.010792989283800125,0.35590577125549316,-0.003313586115837097,-0.013859882950782776,0.004424385726451874,-0.03679469972848892,0.010792989283800125,0.35590577125549316,0.007385697681456804,10.852032661437988,1.110530436038971,0.019299810037197506,0.005013179241272612,0.00043330972980672823,0.00043330972980672823,0.25,traj,3.144643978276525,-330.53847440057217,43.118793546318955,-0.0007407665252685547,0.001848045231109875,0.0,0.75,1.0,0.0,0
337,371,16.85,0.0,52.38256072998047,330.5544738769531,-0.0708923265337944,-1.3786687347305815e-09,0.001313150349908943,0.75,0.0,0.0263572596013546,2.028268337249756,0.01103145256638527,0.5685189962387085,-0.0023065656423568726,0.012329965829849243,0.008156023919582367,-0.042905278503894806,0.01103145256638527,0.5685189962387085,0.025416774675250053,9.6887845993042,1.3815974295139313,0.012351306812561977,0.006683615839285396,0.001670029315523704,0.001670029315523704,0.25,traj,3.140355304875646,-330.56966479612265,52.38256080137693,-0.019423305988311768,0.001313150349908943,0.0,0.75,1.0,0.0,0
338,372,16.9,0.0,52.38256072998047,330.5544738769531,-0.0708923265337944,-1.3786687347305815e-09,0.001313150349908943,0.75,0.0,0.0263572596013546,2.028268337249756,0.01103145256638527,0.5685189962387085,-0.0023065656423568726,0.012329965829849243,0.008156023919582367,-0.042905278503894806,0.01103145256638527,0.5685189962387085,0.025416774675250053,9.6887845993042,1.3815974295139313,0.012351306812561977,0.006683615839285396,0.001670029315523704,0.001670029315523704,0.25,traj,3.140355304875646,-330.56966479612265,52.38256080137693,-0.019423305988311768,0.001313150349908943,0.0,0.75,1.0,0.0,0
339,373,16.95,0.0,52.38256072998047,330.5544738769531,-0.0708923265337944,-1.3786687347305815e-09,0.001313150349908943,0.75,0.0,0.0263572596013546,2.028268337249756,0.01103145256638527,0.5685189962387085,-0.0023065656423568726,0.012329965829849243,0.008156023919582367,-0.042905278503894806,0.01103145256638527,0.5685189962387085,0.025416774675250053,9.6887845993042,1.3815974295139313,0.012351306812561977,0.006683615839285396,0.001670029315523704,0.001670029315523704,0.25,traj,3.140355304875646,-330.56966479612265,52.38256080137693,-0.019423305988311768,0.001313150349908943,0.0,0.75,1.0,0.0,0
340,374,17.0,0.0,52.38256072998047,330.5544738769531,-0.0708923265337944,6.346124736822389e-10,0.0017141920218066268,0.75,0.0,0.017303399741649628,1.676756501197815,0.009671002626419067,0.3768727481365204,-0.002802334725856781,-0.013541102409362793,0.0032017454504966736,-0.03513547033071518,0.009671002626419067,0.3768727481365204,0.007385697681456804,10.852032661437988,1.1419551335275173,0.016332851752734745,0.003737907032240453,0.00043330972980672823,0.00043330972980672823,0.25,traj,3.144643978276525,-330.53847440057217,43.118793546318955,-0.0020871758460998535,0.0017141920218066268,0.0,0.75,1.0,0.0,0
341,375,17.05,0.0,52.38256072998047,330.5544738769531,-0.0708923265337944,-5.8313167627943585e-09,0.001188312990310112,0.75,0.0,0.0318286269903183,2.1082262992858887,0.013155348598957062,0.6230812072753906,-0.002116881310939789,0.012094557285308838,0.007940582931041718,-0.04150629788637161,0.013155348598957062,0.6230812072753906,0.025416774675250053,9.6887845993042,1.4339841877420745,0.013439204165363454,0.008004043187830417,0.001670029315523704,0.001670029315523704,0.25,traj,3.140355304875646,-330.56966479612265,52.38256080137693,-0.02017343044281006,0.001188312990310112,0.0,0.75,1.0,0.0,0
342,376,17.1,0.0,52.38256072998047,330.5544738769531,-0.0708923265337944,-5.8313167627943585e-09,0.001188312990310112,0.75,0.0,0.0318286269903183,2.1082262992858887,0.013155348598957062,0.6230812072753906,-0.002116881310939789,0.012094557285308838,0.007940582931041718,-0.04150629788637161,0.013155348598957062,0.6230812072753906,0.025416774675250053,9.6887845993042,1.4339841877420745,0.013439204165363454,0.008004043187830417,0.001670029315523704,0.001670029315523704,0.25,traj,3.140355304875646,-330.56966479612265,52.38256080137693,-0.02017343044281006,0.001188312990310112,0.0,0.75,1.0,0.0,0
343,377,17.15,0.0,52.38256072998047,330.5544738769531,-0.0708923265337944,-5.8313167627943585e-09,0.001188312990310112,0.75,0.0,0.0318286269903183,2.1082262992858887,0.013155348598957062,0.6230812072753906,-0.002116881310939789,0.012094557285308838,0.007940582931041718,-0.04150629788637161,0.013155348598957062,0.6230812072753906,0.025416774675250053,9.6887845993042,1.4339841877420745,0.013439204165363454,0.008004043187830417,0.001670029315523704,0.001670029315523704,0.25,traj,3.140355304875646,-330.56966479612265,52.38256080137693,-0.02017343044281006,0.001188312990310112,0.0,0.75,1.0,0.0,0
344,378,17.2,0.0,52.38256072998047,330.5544738769531,-0.0708923265337944,-6.168580091170384e-10,0.0015986309128743195,0.75,0.0,0.018210124224424362,2.087914228439331,0.007062260061502457,0.6257237792015076,-0.005757063627243042,0.02435632050037384,0.0026173219084739685,-0.027765505015850067,0.007062260061502457,0.6257237792015076,0.007385697681456804,10.852032661437988,1.4110181406140327,0.007184951724364333,0.004853580487666647,0.00043330972980672823,0.00043330972980672823,0.25,traj,3.144643978276525,-330.53847440057217,43.118793546318955,-0.0018566250801086426,0.0015986309128743195,0.0,0.75,1.0,0.0,0
345,379,17.25,0.0,52.38256072998047,330.5544738769531,-0.0708923265337944,-8.819255326031339e-10,0.0010740268500228735,0.75,0.0,0.023197047412395477,2.000082015991211,0.00990721583366394,0.5629754066467285,-0.002231322228908539,0.011424288153648376,0.009062610566616058,-0.042331211268901825,0.00990721583366394,0.5629754066467285,0.025416774675250053,9.6887845993042,1.362521231174469,0.011202013648221164,0.005887064000080354,0.001670029315523704,0.001670029315523704,0.25,traj,3.140355304875646,-330.56966479612265,52.38256080137693,-0.02141183614730835,0.0010740268500228735,0.0,0.75,1.0,0.0,0
346,380,17.3,0.0,52.38256072998047,330.5544738769531,-0.0708923265337944,-8.819255326031339e-10,0.0010740268500228735,0.75,0.0,0.023197047412395477,2.000082015991211,0.00990721583366394,0.5629754066467285,-0.002231322228908539,0.011424288153648376,0.009062610566616058,-0.042331211268901825,0.00990721583366394,0.5629754066467285,0.025416774675250053,9.6887845993042,1.362521231174469,0.011202013648221164,0.005887064000080354,0.001670029315523704,0.001670029315523704,0.25,traj,3.140355304875646,-330.56966479612265,52.38256080137693,-0.02141183614730835,0.0010740268500228735,0.0,0.75,1.0,0.0,0
347,381,17.35,0.0,52.38256072998047,330.5544738769531,-0.0708923265337944,-8.819255326031339e-10,0.0010740268500228735,0.75,0.0,0.023197047412395477,2.000082015991211,0.00990721583366394,0.5629754066467285,-0.002231322228908539,0.011424288153648376,0.009062610566616058,-0.042331211268901825,0.00990721583366394,0.5629754066467285,0.025416774675250053,9.6887845993042,1.362521231174469,0.011202013648221164,0.005887064000080354,0.001670029315523704,0.001670029315523704,0.25,traj,3.140355304875646,-330.56966479612265,52.38256080137693,-0.02141183614730835,0.0010740268500228735,0.0,0.75,1.0,0.0,0
348,382,17.4,0.0,52.38256072998047,330.5544738769531,-0.0708923265337944,6.905009897195669e-10,0.0014770435849555527,0.75,0.0,0.018245257437229156,2.005190372467041,0.008394420146942139,0.5689767599105835,-0.004905968904495239,0.015879109501838684,0.00261717289686203,-0.028568975627422333,0.008394420146942139,0.5689767599105835,0.007385697681456804,10.852032661437988,1.3563901285330453,0.009391709954204675,0.004366436217863182,0.00043330972980672823,0.00043330972980672823,0.25,traj,3.144643978276525,-330.53847440057217,43.118793546318955,8.356571197509766e-05,0.0014770435849555527,0.0,0.75,1.0,0.0,0
349,383,17.45,0.0,52.38256072998047,330.5544738769531,-0.0708923265337944,1.0479900502957662e-08,0.0009743871966370814,0.75,0.0,0.024114049971103668,1.8317188024520874,0.012305781245231628,0.45454707741737366,-0.00386163592338562,-0.005762994289398193,0.0084415003657341,-0.045539490878582,0.012305781245231628,0.45454707741737366,0.025416774675250053,9.6887845993042,1.252968060473601,0.017230793955619085,0.005458431684166665,0.001670029315523704,0.001670029315523704,0.25,traj,3.140355304875646,-330.56966479612265,52.38256080137693,-0.025565624237060547,0.0009743871966370814,0.0,0.75,1.0,0.0,0
350,384,17.5,0.0,52.38256072998047,330.5544738769531,-0.0708923265337944,1.0479900502957662e-08,0.0009743871966370814,0.75,0.0,0.024114049971103668,1.8317188024520874,0.012305781245231628,0.45454707741737366,-0.00386163592338562,-0.005762994289398193,0.0084415003657341,-0.045539490878582,0.012305781245231628,0.45454707741737366,0.025416774675250053,9.6887845993042,1.252968060473601,0.017230793955619085,0.005458431684166665,0.001670029315523704,0.001670029315523704,0.25,traj,3.140355304875646,-330.56966479612265,52.38256080137693,-0.025565624237060547,0.0009743871966370814,0.0,0.75,1.0,0.0,0
351,385,17.55,0.0,52.38256072998047,330.5544738769531,-0.0708923265337944,1.0479900502957662e-08,0.0009743871966370814,0.75,0.0,0.024114049971103668,1.8317188024520874,0.012305781245231628,0.45454707741737366,-0.00386163592338562,-0.005762994289398193,0.0084415003657341,-0.045539490878582,0.012305781245231628,0.45454707741737366,0.025416774675250053,9.6887845993042,1.252968060473601,0.017230793955619085,0.005458431684166665,0.001670029315523704,0.001670029315523704,0.25,traj,3.140355304875646,-330.56966479612265,52.38256080137693,-0.025565624237060547,0.0009743871966370814,0.0,0.75,1.0,0.0,0
352,386,17.6,0.0,52.38256072998047,330.5544738769531,-0.0708923265337944,-7.302999871505733e-10,0.0014010705370438548,0.75,0.0,0.018798109143972397,1.99167001247406,0.009010452777147293,0.5714390277862549,-0.004613377153873444,0.01811760663986206,0.002293311059474945,-0.031180478632450104,0.009010452777147293,0.5714390277862549,0.007385697681456804,10.852032661437988,1.34902223944664,0.010037390503743212,0.004387230349336332,0.00043330972980672823,0.00043330972980672823,0.25,traj,3.144643978276525,-330.53847440057217,43.118793546318955,0.002079010009765625,0.0014010705370438548,0.0,0.75,1.0,0.0,0
353,387,17.65,0.0,52.38256072998047,330.5544738769531,-0.0708923265337944,1.0166607833372865e-10,0.0009026944006052581,0.75,0.0,0.030211031436920166,2.070603132247925,0.011902861297130585,0.5991507768630981,-0.002182595431804657,0.016245901584625244,0.009344778954982758,-0.04101564735174179,0.011902861297130585,0.5991507768630981,0.025416774675250053,9.6887845993042,1.408701124290625,0.012645536183807971,0.007920563097974707,0.001670029315523704,0.001670029315523704,0.25,traj,3.140355304875646,-330.56966479612265,52.38256080137693,-0.01872175931930542,0.0009026944006052581,0.0,0.75,1.0,0.0,0
354,388,17.7,0.0,52.38256072998047,330.5544738769531,-0.0708923265337944,1.0166607833372865e-10,0.0009026944006052581,0.75,0.0,0.030211031436920166,2.070603132247925,0.011902861297130585,0.5991507768630981,-0.002182595431804657,0.016245901584625244,0.009344778954982758,-0.04101564735174179,0.011902861297130585,0.5991507768630981,0.025416774675250053,9.6887845993042,1.408701124290625,0.012645536183807971,0.007920563097974707,0.001670029315523704,0.001670029315523704,0.25,traj,3.140355304875646,-330.56966479612265,52.38256080137693,-0.01872175931930542,0.0009026944006052581,0.0,0.75,1.0,0.0,0
355,389,17.75,0.0,52.38256072998047,330.5544738769531,-0.0708923265337944,1.0166607833372865e-10,0.0009026944006052581,0.75,0.0,0.030211031436920166,2.070603132247925,0.011902861297130585,0.5991507768630981,-0.002182595431804657,0.016245901584625244,0.009344778954982758,-0.04101564735174179,0.011902861297130585,0.5991507768630981,0.025416774675250053,9.6887845993042,1.408701124290625,0.012645536183807971,0.007920563097974707,0.001670029315523704,0.001670029315523704,0.25,traj,3.140355304875646,-330.56966479612265,52.38256080137693,-0.01872175931930542,0.0009026944006052581,0.0,0.75,1.0,0.0,0
356,390,17.8,0.0,52.38256072998047,330.5544738769531,-0.0708923265337944,4.073663073533851e-10,-0.0007021439222538629,0.75,0.0,0.017139676958322525,2.0215511322021484,0.008181434124708176,0.5767111778259277,-0.005057252943515778,0.01222112774848938,0.002202056348323822,-0.031225092709064484,0.008181434124708176,0.5767111778259277,0.007385697681456804,10.852032661437988,1.3690410231550536,0.009030696511074111,0.003947062602824399,0.00043330972980672823,0.00043330972980672823,0.25,traj,3.144643978276525,-330.53847440057217,43.118793546318955,-0.002579808235168457,-0.0007021439222538629,0.0,0.75,1.0,0.0,0
357,391,17.85,0.0,52.38256072998047,330.5544738769531,-0.0708923265337944,1.923529113767586e-09,0.0008932061294832487,0.75,0.0,0.027555499225854874,1.8821492195129395,0.012928809970617294,0.47556379437446594,-0.002741292119026184,-0.00699847936630249,0.01026829332113266,-0.04659319669008255,0.012928809970617294,0.47556379437446594,0.025416774675250053,9.6887845993042,1.287436912457148,0.017303042178839666,0.006619791516041166,0.001670029315523704,0.001670029315523704,0.25,traj,3.140355304875646,-330.56966479612265,52.38256080137693,-0.023954331874847412,0.0008932061294832487,0.0,0.75,1.0,0.0,0
358,392,17.9,0.0,52.38256072998047,330.5544738769531,-0.0708923265337944,1.923529113767586e-09,0.0008932061294832487,0.75,0.0,0.027555499225854874,1.8821492195129395,0.012928809970617294,0.47556379437446594,-0.002741292119026184,-0.00699847936630249,0.01026829332113266,-0.04659319669008255,0.012928809970617294,0.47556379437446594,0.025416774675250053,9.6887845993042,1.287436912457148,0.017303042178839666,0.006619791516041166,0.001670029315523704,0.001670029315523704,0.25,traj,3.140355304875646,-330.56966479612265,52.38256080137693,-0.023954331874847412,0.0008932061294832487,0.0,0.75,1.0,0.0,0
359,393,17.95,0.0,52.38256072998047,330.5544738769531,-0.0708923265337944,1.923529113767586e-09,0.0008932061294832487,0.75,0.0,0.027555499225854874,1.8821492195129395,0.012928809970617294,0.47556379437446594,-0.002741292119026184,-0.00699847936630249,0.01026829332113266,-0.04659319669008255,0.012928809970617294,0.47556379437446594,0.025416774675250053,9.6887845993042,1.287436912457148,0.017303042178839666,0.006619791516041166,0.001670029315523704,0.001670029315523704,0.25,traj,3.140355304875646,-330.56966479612265,52.38256080137693,-0.023954331874847412,0.0008932061294832487,0.0,0.75,1.0,0.0,0
360,394,18.0,0.0,52.38256072998047,330.5544738769531,-0.0708923265337944,-6.685531295236302e-11,0.0012583594261607466,0.75,0.0,0.020564936101436615,1.9498053789138794,0.008342340588569641,0.5356169939041138,-0.005392029881477356,0.016652986407279968,0.0026658102869987488,-0.025390006601810455,0.008342340588569641,0.5356169939041138,0.007385697681456804,10.852032661437988,1.3174633756279945,0.009914674771655318,0.005502069003863968,0.00043330972980672823,0.00043330972980672823,0.25,traj,3.144643978276525,-330.53847440057217,43.118793546318955,-0.0009195208549499512,0.0012583594261607466,0.0,0.75,1.0,0.0,0
361,395,18.05,0.0,52.38256072998047,330.5544738769531,-0.0708923265337944,3.2011864270486967e-09,0.0009201739930561825,0.75,0.0,0.02884760871529579,2.113110303878784,0.011306565254926682,0.6320481300354004,-0.0026634186506271362,0.018253400921821594,0.009111039340496063,-0.039092205464839935,0.011306565254926682,0.6320481300354004,0.025416774675250053,9.6887845993042,1.4357744231820107,0.01138711177472851,0.007539514433278772,0.001670029315523704,0.001670029315523704,0.25,traj,3.140355304875646,-330.56966479612265,52.38256080137693,-0.02030402421951294,0.0009201739930561825,0.0,0.75,1.0,0.0,0
362,396,18.1,0.0,52.38256072998047,330.5544738769531,-0.0708923265337944,3.2011864270486967e-09,0.0009201739930561825,0.75,0.0,0.02884760871529579,2.113110303878784,0.011306565254926682,0.6320481300354004,-0.0026634186506271362,0.018253400921821594,0.009111039340496063,-0.039092205464839935,0.011306565254926682,0.6320481300354004,0.025416774675250053,9.6887845993042,1.4357744231820107,0.01138711177472851,0.007539514433278772,0.001670029315523704,0.001670029315523704,0.25,traj,3.140355304875646,-330.56966479612265,52.38256080137693,-0.02030402421951294,0.0009201739930561825,0.0,0.75,1.0,0.0,0
363,397,18.15,0.0,52.38256072998047,330.5544738769531,-0.0708923265337944,3.2011864270486967e-09,0.0009201739930561825,0.75,0.0,0.02884760871529579,2.113110303878784,0.011306565254926682,0.6320481300354004,-0.0026634186506271362,0.018253400921821594,0.009111039340496063,-0.039092205464839935,0.011306565254926682,0.6320481300354004,0.025416774675250053,9.6887845993042,1.4357744231820107,0.01138711177472851,0.007539514433278772,0.001670029315523704,0.001670029315523704,0.25,traj,3.140355304875646,-330.56966479612265,52.38256080137693,-0.02030402421951294,0.0009201739930561825,0.0,0.75,1.0,0.0,0
364,398,18.2,0.0,52.38256072998047,330.5544738769531,-0.0708923265337944,4.0669453915676e-10,0.0011238715784471188,0.75,0.0,0.016792714595794678,1.8227487802505493,0.008324049413204193,0.47441133856773376,-0.0035856589674949646,0.00443151593208313,0.0019282028079032898,-0.03337664157152176,0.008324049413204193,0.47441133856773376,0.007385697681456804,10.852032661437988,1.237801877160867,0.011169001067232771,0.0039984408035810505,0.00043330972980672823,0.00043330972980672823,0.25,traj,3.144643978276525,-330.53847440057217,43.118793546318955,-0.00202101469039917,0.0011238715784471188,0.0,0.75,1.0,0.0,0
365,399,18.25,0.0,52.38256072998047,330.5544738769531,-0.0708923265337944,1.215978318036548e-09,0.0007980715550375108,0.75,0.0,0.02512829378247261,1.8319835662841797,0.012965705245733261,0.4422314763069153,-0.002255484461784363,-0.010692209005355835,0.008557818830013275,-0.046412356197834015,0.012965705245733261,0.4422314763069153,0.025416774675250053,9.6887845993042,1.2535371134678523,0.018659593638994977,0.005571281587453431,0.001670029315523704,0.001670029315523704,0.25,traj,3.140355304875646,-330.56966479612265,52.38256080137693,-0.02574610710144043,0.0007980715550375108,0.0,0.75,1.0,0.0,0
366,400,18.3,0.0,52.38256072998047,330.5544738769531,-0.0708923265337944,1.215978318036548e-09,0.0007980715550375108,0.75,0.0,0.02512829378247261,1.8319835662841797,0.012965705245733261,0.4422314763069153,-0.002255484461784363,-0.010692209005355835,0.008557818830013275,-0.046412356197834015,0.012965705245733261,0.4422314763069153,0.025416774675250053,9.6887845993042,1.2535371134678523,0.018659593638994977,0.005571281587453431,0.001670029315523704,0.001670029315523704,0.25,traj,3.140355304875646,-330.56966479612265,52.38256080137693,-0.02574610710144043,0.0007980715550375108,0.0,0.75,1.0,0.0,0
367,401,18.35,0.0,52.38256072998047,330.5544738769531,-0.0708923265337944,1.215978318036548e-09,0.0007980715550375108,0.75,0.0,0.02512829378247261,1.8319835662841797,0.012965705245733261,0.4422314763069153,-0.002255484461784363,-0.010692209005355835,0.008557818830013275,-0.046412356197834015,0.012965705245733261,0.4422314763069153,0.025416774675250053,9.6887845993042,1.2535371134678523,0.018659593638994977,0.005571281587453431,0.001670029315523704,0.001670029315523704,0.25,traj,3.140355304875646,-330.56966479612265,52.38256080137693,-0.02574610710144043,0.0007980715550375108,0.0,0.75,1.0,0.0,0
368,402,18.4,0.0,52.38256072998047,330.5544738769531,-0.0708923265337944,2.5476123988177335e-10,-0.0008903455159653332,0.75,0.0,0.01819232851266861,1.9934581518173218,0.008443012833595276,0.5610874891281128,-0.004191763699054718,0.01282261312007904,0.0013346001505851746,-0.03186028450727463,0.008443012833595276,0.5610874891281128,0.007385697681456804,10.852032661437988,1.3505584572752316,0.009578857137463023,0.004333044181920898,0.00043330972980672823,0.00043330972980672823,0.25,traj,3.144643978276525,-330.53847440057217,43.118793546318955,0.0007688999176025391,-0.0008903455159653332,0.0,0.75,1.0,0.0,0
369,403,18.45,0.0,52.38256072998047,330.5544738769531,-0.0708923265337944,1.3928682651709323e-09,0.0009462923518510956,0.75,0.0,0.0272563137114048,2.0972776412963867,0.01307285949587822,0.6198322772979736,-0.002068914473056793,0.013250142335891724,0.00785791128873825,-0.040492452681064606,0.01307285949587822,0.6198322772979736,0.025416774675250053,9.6887845993042,1.4259574959675472,0.013424936659097204,0.006111321877829106,0.001670029315523704,0.001670029315523704,0.25,traj,3.140355304875646,-330.56966479612265,52.38256080137693,-0.01873081922531128,0.0009462923518510956,0.0,0.75,1.0,0.0,0
370,404,18.5,0.0,52.38256072998047,330.5544738769531,-0.0708923265337944,1.3928682651709323e-09,0.0009462923518510956,0.75,0.0,0.0272563137114048,2.0972776412963867,0.01307285949587822,0.6198322772979736,-0.002068914473056793,0.013250142335891724,0.00785791128873825,-0.040492452681064606,0.01307285949587822,0.6198322772979736,0.025416774675250053,9.6887845993042,1.4259574959675472,0.013424936659097204,0.006111321877829106,0.001670029315523704,0.001670029315523704,0.25,traj,3.140355304875646,-330.56966479612265,52.38256080137693,-0.01873081922531128,0.0009462923518510956,0.0,0.75,1.0,0.0,0
371,405,18.55,0.0,52.38256072998047,330.5544738769531,-0.0708923265337944,1.3928682651709323e-09,0.0009462923518510956,0.75,0.0,0.0272563137114048,2.0972776412963867,0.01307285949587822,0.6198322772979736,-0.002068914473056793,0.013250142335891724,0.00785791128873825,-0.040492452681064606,0.01307285949587822,0.6198322772979736,0.025416774675250053,9.6887845993042,1.4259574959675472,0.013424936659097204,0.006111321877829106,0.001670029315523704,0.001670029315523704,0.25,traj,3.140355304875646,-330.56966479612265,52.38256080137693,-0.01873081922531128,0.0009462923518510956,0.0,0.75,1.0,0.0,0
372,406,18.6,0.0,52.38256072998047,330.5544738769531,-0.0708923265337944,-4.837170108906719e-10,0.0011620466440831812,0.75,0.0,0.013455413281917572,2.013282537460327,0.006151542067527771,0.5899699330329895,-0.004566691815853119,0.019458815455436707,0.003307335078716278,-0.029250316321849823,0.006151542067527771,0.5899699330329895,0.007385697681456804,10.852032661437988,1.3621897424260776,0.006637701789864756,0.003266851652481907,0.00043330972980672823,0.00043330972980672823,0.25,traj,3.144643978276525,-330.53847440057217,43.118793546318955,-0.0024239420890808105,0.0011620466440831812,0.0,0.75,1.0,0.0,0
373,407,18.65,0.0,52.38256072998047,330.5544738769531,-0.0708923265337944,5.990269391631386e-10,0.0009675683911156854,0.75,0.0,0.02547582983970642,1.7915822267532349,0.01248352974653244,0.4207577705383301,-0.0025288090109825134,-0.01316361129283905,0.009747110307216644,-0.04684086889028549,0.01248352974653244,0.4207577705383301,0.025416774675250053,9.6887845993042,1.2272745718558629,0.01888240958791895,0.006033533612281738,0.001670029315523704,0.001670029315523704,0.25,traj,3.140355304875646,-330.56966479612265,52.38256080137693,-0.02649378776550293,0.0009675683911156854,0.0,0.75,1.0,0.0,0
374,408,18.7,0.0,52.38256072998047,330.5544738769531,-0.0708923265337944,5.990269391631386e-10,0.0009675683911156854,0.75,0.0,0.02547582983970642,1.7915822267532349,0.01248352974653244,0.4207577705383301,-0.0025288090109825134,-0.01316361129283905,0.009747110307216644,-0.04684086889028549,0.01248352974653244,0.4207577705383301,0.025416774675250053,9.6887845993042,1.2272745718558629,0.01888240958791895,0.006033533612281738,0.001670029315523704,0.001670029315523704,0.25,traj,3.140355304875646,-330.56966479612265,52.38256080137693,-0.02649378776550293,0.0009675683911156854,0.0,0.75,1.0,0.0,0
375,409,18.75,0.0,52.38256072998047,330.5544738769531,-0.0708923265337944,5.990269391631386e-10,0.0009675683911156854,0.75,0.0,0.02547582983970642,1.7915822267532349,0.01248352974653244,0.4207577705383301,-0.0025288090109825134,-0.01316361129283905,0.009747110307216644,-0.04684086889028549,0.01248352974653244,0.4207577705383301,0.025416774675250053,9.6887845993042,1.2272745718558629,0.01888240958791895,0.006033533612281738,0.001670029315523704,0.001670029315523704,0.25,traj,3.140355304875646,-330.56966479612265,52.38256080137693,-0.02649378776550293,0.0009675683911156854,0.0,0.75,1.0,0.0,0
376,410,18.8,0.0,52.38256072998047,330.5544738769531,-0.0708923265337944,4.251533014532072e-10,0.0012049231565979363,0.75,0.0,0.021388843655586243,2.071925640106201,0.008450157940387726,0.6158884763717651,-0.005091860890388489,0.022607281804084778,0.002665482461452484,-0.03143095225095749,0.008450157940387726,0.6158884763717651,0.007385697681456804,10.852032661437988,1.4027483438452084,0.008734038628123225,0.00565703840703248,0.00043330972980672823,0.00043330972980672823,0.25,traj,3.144643978276525,-330.53847440057217,43.118793546318955,0.0005784034729003906,0.0012049231565979363,0.0,0.75,1.0,0.0,0
377,411,18.85,0.0,52.38256072998047,330.5544738769531,-0.0708923265337944,2.002366272790823e-09,0.000987404398830264,0.75,0.0,0.025508232414722443,2.075974941253662,0.0097121000289917,0.6041529178619385,-0.0027732253074645996,0.0174485445022583,0.007977001368999481,-0.03975055366754532,0.0097121000289917,0.6041529178619385,0.025416774675250053,9.6887845993042,1.411296377579371,0.010233113368959467,0.0068322103992285626,0.001670029315523704,0.001670029315523704,0.25,traj,3.140355304875646,-330.56966479612265,52.38256080137693,-0.022057533264160156,0.000987404398830264,0.0,0.75,1.0,0.0,0
378,412,18.9,0.0,52.38256072998047,330.5544738769531,-0.0708923265337944,2.002366272790823e-09,0.000987404398830264,0.75,0.0,0.025508232414722443,2.075974941253662,0.0097121000289917,0.6041529178619385,-0.0027732253074645996,0.0174485445022583,0.007977001368999481,-0.03975055366754532,0.0097121000289917,0.6041529178619385,0.025416774675250053,9.6887845993042,1.411296377579371,0.010233113368959467,0.0068322103992285626,0.001670029315523704,0.001670029315523704,0.25,traj,3.140355304875646,-330.56966479612265,52.38256080137693,-0.022057533264160156,0.000987404398830264,0.0,0.75,1.0,0.0,0
379,413,18.95,0.0,52.38256072998047,330.5544738769531,-0.0708923265337944,2.002366272790823e-09,0.000987404398830264,0.75,0.0,0.025508232414722443,2.075974941253662,0.0097121000289917,0.6041529178619385,-0.0027732253074645996,0.0174485445022583,0.007977001368999481,-0.03975055366754532,0.0097121000289917,0.6041529178619385,0.025416774675250053,9.6887845993042,1.411296377579371,0.010233113368959467,0.0068322103992285626,0.001670029315523704,0.001670029315523704,0.25,traj,3.140355304875646,-330.56966479612265,52.38256080137693,-0.022057533264160156,0.000987404398830264,0.0,0.75,1.0,0.0,0
380,414,19.0,0.0,52.38256072998047,330.5544738769531,-0.0708923265337944,4.641502460156488e-10,0.001207547087604083,0.75,0.0,0.016543760895729065,1.84051513671875,0.007929854094982147,0.48034077882766724,-0.005021937191486359,0.005037650465965271,0.002651982009410858,-0.032747022807598114,0.007929854094982147,0.48034077882766724,0.007385697681456804,10.852032661437988,1.2494915525118508,0.010508901229446428,0.004031605166551001,0.00043330972980672823,0.00043330972980672823,0.25,traj,3.144643978276525,-330.53847440057217,43.118793546318955,-0.0037717819213867188,0.001207547087604083,0.0,0.75,1.0,0.0,0
381,415,19.05,0.0,52.38256072998047,330.5544738769531,-0.0708923265337944,8.149420027692145e-10,0.0010077868216784437,0.75,0.0,0.02897835522890091,1.9649124145507812,0.013864442706108093,0.5309978723526001,-0.002139836549758911,0.0034042000770568848,0.00903802365064621,-0.043871887028217316,0.013864442706108093,0.5309978723526001,0.025416774675250053,9.6887845993042,1.3402734075983367,0.016618505442022834,0.006709950013085334,0.001670029315523704,0.001670029315523704,0.25,traj,3.140355304875646,-330.56966479612265,52.38256080137693,-0.026068925857543945,0.0010077868216784437,0.0,0.75,1.0,0.0,0
382,416,19.1,0.0,52.38256072998047,330.5544738769531,-0.0708923265337944,8.149420027692145e-10,0.0010077868216784437,0.75,0.0,0.02897835522890091,1.9649124145507812,0.013864442706108093,0.5309978723526001,-0.002139836549758911,0.0034042000770568848,0.00903802365064621,-0.043871887028217316,0.013864442706108093,0.5309978723526001,0.025416774675250053,9.6887845993042,1.3402734075983367,0.016618505442022834,0.006709950013085334,0.001670029315523704,0.001670029315523704,0.25,traj,3.140355304875646,-330.56966479612265,52.38256080137693,-0.026068925857543945,0.0010077868216784437,0.0,0.75,1.0,0.0,0
383,417,19.15,0.0,52.38256072998047,330.5544738769531,-0.0708923265337944,8.149420027692145e-10,0.0010077868216784437,0.75,0.0,0.02897835522890091,1.9649124145507812,0.013864442706108093,0.5309978723526001,-0.002139836549758911,0.0034042000770568848,0.00903802365064621,-0.043871887028217316,0.013864442706108093,0.5309978723526001,0.025416774675250053,9.6887845993042,1.3402734075983367,0.016618505442022834,0.006709950013085334,0.001670029315523704,0.001670029315523704,0.25,traj,3.140355304875646,-330.56966479612265,52.38256080137693,-0.026068925857543945,0.0010077868216784437,0.0,0.75,1.0,0.0,0
384,418,19.2,0.0,52.38256072998047,330.5544738769531,-0.0708923265337944,2.92240176502645e-10,0.0012233248245868125,0.75,0.0,0.022078145295381546,1.927406668663025,0.008324157446622849,0.5190092325210571,-0.003650091588497162,0.006658390164375305,0.002252541482448578,-0.031075485050678253,0.008324157446622849,0.5190092325210571,0.007385697681456804,10.852032661437988,1.306098702053229,0.010209587161818311,0.006216810355010415,0.00043330972980672823,0.00043330972980672823,0.25,traj,3.144643978276525,-330.53847440057217,43.118793546318955,-0.0007547140121459961,0.0012233248245868125,0.0,0.75,1.0,0.0,0
385,419,19.25,0.0,52.38256072998047,330.5544738769531,-0.0708923265337944,1.6998779051036195e-09,0.001028391225674649,0.75,0.0,0.030066318809986115,2.168659210205078,0.01080445945262909,0.6646589040756226,-0.0015522092580795288,0.026499256491661072,0.007581703364849091,-0.0379752442240715,0.01080445945262909,0.6646589040756226,0.025416774675250053,9.6887845993042,1.471680815021197,0.010347784656024903,0.00815278952975514,0.001670029315523704,0.001670029315523704,0.25,traj,3.140355304875646,-330.56966479612265,52.38256080137693,-0.015465974807739258,0.001028391225674649,0.0,0.75,1.0,0.0,0
386,420,19.3,0.0,52.38256072998047,330.5544738769531,-0.0708923265337944,1.6998779051036195e-09,0.001028391225674649,0.75,0.0,0.030066318809986115,2.168659210205078,0.01080445945262909,0.6646589040756226,-0.0015522092580795288,0.026499256491661072,0.007581703364849091,-0.0379752442240715,0.01080445945262909,0.6646589040756226,0.025416774675250053,9.6887845993042,1.471680815021197,0.010347784656024903,0.00815278952975514,0.001670029315523704,0.001670029315523704,0.25,traj,3.140355304875646,-330.56966479612265,52.38256080137693,-0.015465974807739258,0.001028391225674649,0.0,0.75,1.0,0.0,0
387,421,19.35,0.0,52.38256072998047,330.5544738769531,-0.0708923265337944,1.6998779051036195e-09,0.001028391225674649,0.75,0.0,0.030066318809986115,2.168659210205078,0.01080445945262909,0.6646589040756226,-0.0015522092580795288,0.026499256491661072,0.007581703364849091,-0.0379752442240715,0.01080445945262909,0.6646589040756226,0.025416774675250053,9.6887845993042,1.471680815021197,0.010347784656024903,0.00815278952975514,0.001670029315523704,0.001670029315523704,0.25,traj,3.140355304875646,-330.56966479612265,52.38256080137693,-0.015465974807739258,0.001028391225674649,0.0,0.75,1.0,0.0,0
388,422,19.4,0.0,52.38256072998047,330.5544738769531,-0.0708923265337944,6.522144491150073e-10,0.0012425574989247067,0.75,0.0,0.020372655242681503,1.9523770809173584,0.009155187755823135,0.5419734716415405,-0.0047349631786346436,0.012523427605628967,0.0009879395365715027,-0.02965559810400009,0.009155187755823135,0.5419734716415405,0.007385697681456804,10.852032661437988,1.3217639376719792,0.010752966655788216,0.0050631914041952605,0.00043330972980672823,0.00043330972980672823,0.25,traj,3.144643978276525,-330.53847440057217,43.118793546318955,-0.001917719841003418,0.0012425574989247067,0.0,0.75,1.0,0.0,0
389,423,19.45,0.0,52.38256072998047,330.5544738769531,-0.0708923265337944,6.291708265493412e-10,0.0010476239000125431,0.75,0.0,0.027280986309051514,1.994211196899414,0.012345530092716217,0.5431490540504456,-0.0032393410801887512,-0.0005470961332321167,0.00846865028142929,-0.04444756358861923,0.012345530092716217,0.5431490540504456,0.025416774675250053,9.6887845993042,1.3603289822737377,0.01446760298139504,0.006552324425239596,0.001670029315523704,0.001670029315523704,0.25,traj,3.140355304875646,-330.56966479612265,52.38256080137693,-0.025480568408966064,0.0010476239000125431,0.0,0.75,1.0,0.0,0
390,424,19.5,0.0,52.38256072998047,330.5544738769531,-0.0708923265337944,6.291708265493412e-10,0.0010476239000125431,0.75,0.0,0.027280986309051514,1.994211196899414,0.012345530092716217,0.5431490540504456,-0.0032393410801887512,-0.0005470961332321167,0.00846865028142929,-0.04444756358861923,0.012345530092716217,0.5431490540504456,0.025416774675250053,9.6887845993042,1.3603289822737377,0.01446760298139504,0.006552324425239596,0.001670029315523704,0.001670029315523704,0.25,traj,3.140355304875646,-330.56966479612265,52.38256080137693,-0.025480568408966064,0.0010476239000125431,0.0,0.75,1.0,0.0,0
391,425,19.55,0.0,52.38256072998047,330.5544738769531,-0.0708923265337944,6.291708265493412e-10,0.0010476239000125431,0.75,0.0,0.027280986309051514,1.994211196899414,0.012345530092716217,0.5431490540504456,-0.0032393410801887512,-0.0005470961332321167,0.00846865028142929,-0.04444756358861923,0.012345530092716217,0.5431490540504456,0.025416774675250053,9.6887845993042,1.3603289822737377,0.01446760298139504,0.006552324425239596,0.001670029315523704,0.001670029315523704,0.25,traj,3.140355304875646,-330.56966479612265,52.38256080137693,-0.025480568408966064,0.0010476239000125431,0.0,0.75,1.0,0.0,0
392,426,19.6,0.0,52.38256072998047,330.5544738769531,-0.0708923265337944,4.248718321608891e-10,0.0012615226575201088,0.75,0.0,0.02202480286359787,1.7906429767608643,0.010434001684188843,0.4515232443809509,-0.002594985067844391,0.0006257146596908569,0.0019714757800102234,-0.03290574997663498,0.010434001684188843,0.4515232443809509,0.007385697681456804,10.852032661437988,1.2160643686850867,0.014708708659096488,0.005510113448886428,0.00043330972980672823,0.00043330972980672823,0.25,traj,3.144643978276525,-330.53847440057217,43.118793546318955,0.000920414924621582,0.0012615226575201088,0.0,0.75,1.0,0.0,0
393,427,19.65,0.0,52.38256072998047,330.5544738769531,-0.0708923265337944,1.5318513124640276e-09,0.0010665890586079453,0.75,0.0,0.030425745993852615,1.9404946565628052,0.012539368122816086,0.5107684135437012,-0.0007536783814430237,0.0017930716276168823,0.009993098676204681,-0.04471451789140701,0.012539368122816086,0.5107684135437012,0.025416774675250053,9.6887845993042,1.324480121334394,0.015625851282647645,0.007963896853708897,0.001670029315523704,0.001670029315523704,0.25,traj,3.140355304875646,-330.56966479612265,52.38256080137693,-0.017781853675842285,0.0010665890586079453,0.0,0.75,1.0,0.0,0
394,428,19.7,0.0,52.38256072998047,330.5544738769531,-0.0708923265337944,1.5318513124640276e-09,0.0010665890586079453,0.75,0.0,0.030425745993852615,1.9404946565628052,0.012539368122816086,0.5107684135437012,-0.0007536783814430237,0.0017930716276168823,0.009993098676204681,-0.04471451789140701,0.012539368122816086,0.5107684135437012,0.025416774675250053,9.6887845993042,1.324480121334394,0.015625851282647645,0.007963896853708897,0.001670029315523704,0.001670029315523704,0.25,traj,3.140355304875646,-330.56966479612265,52.38256080137693,-0.017781853675842285,0.0010665890586079453,0.0,0.75,1.0,0.0,0
395,429,19.75,0.0,52.38256072998047,330.5544738769531,-0.0708923265337944,1.5318513124640276e-09,0.0010665890586079453,0.75,0.0,0.030425745993852615,1.9404946565628052,0.012539368122816086,0.5107684135437012,-0.0007536783814430237,0.0017930716276168823,0.009993098676204681,-0.04471451789140701,0.012539368122816086,0.5107684135437012,0.025416774675250053,9.6887845993042,1.324480121334394,0.015625851282647645,0.007963896853708897,0.001670029315523704,0.001670029315523704,0.25,traj,3.140355304875646,-330.56966479612265,52.38256080137693,-0.017781853675842285,0.0010665890586079453,0.0,0.75,1.0,0.0,0
396,430,19.8,0.0,52.38256072998047,330.5544738769531,-0.0708923265337944,8.422525177298468e-11,0.0011496299293545292,0.75,0.0,0.015946194529533386,1.731688380241394,0.008759550750255585,0.4237268269062042,-0.004103235900402069,-0.003114163875579834,0.0020386502146720886,-0.03565365821123123,0.008759550750255585,0.4237268269062042,0.007385697681456804,10.852032661437988,1.1787533909082413,0.013158711063448264,0.0034978638284098936,0.00043330972980672823,0.00043330972980672823,0.25,traj,3.144643978276525,-330.53847440057217,43.118793546318955,-0.0010428428649902344,0.0011496299293545292,0.0,0.75,1.0,0.0,0
397,431,19.85,0.0,52.38256072998047,330.5544738769531,-0.0708923265337944,9.705484194100222e-10,0.0009546963304423656,0.75,0.0,0.028839532285928726,2.028200149536133,0.012132223695516586,0.5629926323890686,-0.001906171441078186,0.003880247473716736,0.006044350564479828,-0.0429496094584465,0.012132223695516586,0.5629926323890686,0.025416774675250053,9.6887845993042,1.381394232312838,0.013716737518638304,0.007258869549382026,0.001670029315523704,0.001670029315523704,0.25,traj,3.140355304875646,-330.56966479612265,52.38256080137693,-0.023030757904052734,0.0009546963304423656,0.0,0.75,1.0,0.0,0
398,432,19.9,0.0,52.38256072998047,330.5544738769531,-0.0708923265337944,9.705484194100222e-10,0.0009546963304423656,0.75,0.0,0.028839532285928726,2.028200149536133,0.012132223695516586,0.5629926323890686,-0.001906171441078186,0.003880247473716736,0.006044350564479828,-0.0429496094584465,0.012132223695516586,0.5629926323890686,0.025416774675250053,9.6887845993042,1.381394232312838,0.013716737518638304,0.007258869549382026,0.001670029315523704,0.001670029315523704,0.25,traj,3.140355304875646,-330.56966479612265,52.38256080137693,-0.023030757904052734,0.0009546963304423656,0.0,0.75,1.0,0.0,0
399,433,19.95,0.0,52.38256072998047,330.5544738769531,-0.0708923265337944,9.705484194100222e-10,0.0009546963304423656,0.75,0.0,0.028839532285928726,2.028200149536133,0.012132223695516586,0.5629926323890686,-0.001906171441078186,0.003880247473716736,0.006044350564479828,-0.0429496094584465,0.012132223695516586,0.5629926323890686,0.025416774675250053,9.6887845993042,1.381394232312838,0.013716737518638304,0.007258869549382026,0.001670029315523704,0.001670029315523704,0.25,traj,3.140355304875646,-330.56966479612265,52.38256080137693,-0.023030757904052734,0.0009546963304423656,0.0,0.75,1.0,0.0,0
400,434,20.0,0.0,52.38256072998047,330.5544738769531,-0.0708923265337944,4.6352682803174616e-10,0.0011585831689915542,0.75,0.0,0.018300861120224,1.8371593952178955,0.009783543646335602,0.47359782457351685,-0.004360958933830261,0.002901986241340637,0.0035482868552207947,-0.03330831974744797,0.009783543646335602,0.47359782457351685,0.007385697681456804,10.852032661437988,1.2477070589860282,0.013149376471582578,0.003976508307246232,0.00043330972980672823,0.00043330972980672823,0.25,traj,3.144643978276525,-330.53847440057217,43.118793546318955,-0.003167092800140381,0.0011585831689915542,0.0,0.75,1.0,0.0,0
401,435,20.05,0.0,52.38256072998047,330.5544738769531,-0.0708923265337944,2.456294279085114e-09,0.0009636495700793906,0.75,0.0,0.02481094002723694,2.1001570224761963,0.01024617999792099,0.6236569285392761,-0.0030338838696479797,0.017191961407661438,0.008529894053936005,-0.04218968003988266,0.01024617999792099,0.6236569285392761,0.025416774675250053,9.6887845993042,1.429119589428107,0.010458206047606776,0.006279648095374531,0.001670029315523704,0.001670029315523704,0.25,traj,3.140355304875646,-330.56966479612265,52.38256080137693,-0.019869089126586914,0.0009636495700793906,0.0,0.75,1.0,0.0,0
402,436,20.1,0.0,52.38256072998047,330.5544738769531,-0.0708923265337944,2.456294279085114e-09,0.0009636495700793906,0.75,0.0,0.02481094002723694,2.1001570224761963,0.01024617999792099,0.6236569285392761,-0.0030338838696479797,0.017191961407661438,0.008529894053936005,-0.04218968003988266,0.01024617999792099,0.6236569285392761,0.025416774675250053,9.6887845993042,1.429119589428107,0.010458206047606776,0.006279648095374531,0.001670029315523704,0.001670029315523704,0.25,traj,3.140355304875646,-330.56966479612265,52.38256080137693,-0.019869089126586914,0.0009636495700793906,0.0,0.75,1.0,0.0,0
403,437,20.15,0.0,52.38256072998047,330.5544738769531,-0.0708923265337944,2.456294279085114e-09,0.0009636495700793906,0.75,0.0,0.02481094002723694,2.1001570224761963,0.01024617999792099,0.6236569285392761,-0.0030338838696479797,0.017191961407661438,0.008529894053936005,-0.04218968003988266,0.01024617999792099,0.6236569285392761,0.025416774675250053,9.6887845993042,1.429119589428107,0.010458206047606776,0.006279648095374531,0.001670029315523704,0.001670029315523704,0.25,traj,3.140355304875646,-330.56966479612265,52.38256080137693,-0.019869089126586914,0.0009636495700793906,0.0,0.75,1.0,0.0,0
404,438,20.2,0.0,52.38256072998047,330.5544738769531,-0.0708923265337944,2.9263413914293324e-10,0.0011667623205226445,0.75,0.0,0.02000519260764122,1.8880982398986816,0.009949062019586563,0.5037983655929565,-0.005489520728588104,0.01027795672416687,0.002592645585536957,-0.030313558876514435,0.009949062019586563,0.5037983655929565,0.007385697681456804,10.852032661437988,1.279657669365406,0.01257040410293783,0.004624617368489664,0.00043330972980672823,0.00043330972980672823,0.25,traj,3.144643978276525,-330.53847440057217,43.118793546318955,0.0010172128677368164,0.0011667623205226445,0.0,0.75,1.0,0.0,0
405,439,20.25,0.0,52.38256072998047,330.5544738769531,-0.0708923265337944,6.499094595824317e-10,0.0009718287216104809,0.75,0.0,0.023082267493009567,1.9028778076171875,0.011163923889398575,0.49176570773124695,-0.0028623491525650024,-0.003253757953643799,0.007921479642391205,-0.045552052557468414,0.011163923889398575,0.49176570773124695,0.025416774675250053,9.6887845993042,1.300021228690942,0.014449844489553006,0.005376772978089623,0.001670029315523704,0.001670029315523704,0.25,traj,3.140355304875646,-330.56966479612265,52.38256080137693,-0.026962220668792725,0.0009718287216104809,0.0,0.75,1.0,0.0,0
406,440,20.3,0.0,52.38256072998047,330.5544738769531,-0.0708923265337944,6.499094595824317e-10,0.0009718287216104809,0.75,0.0,0.023082267493009567,1.9028778076171875,0.011163923889398575,0.49176570773124695,-0.0028623491525650024,-0.003253757953643799,0.007921479642391205,-0.045552052557468414,0.011163923889398575,0.49176570773124695,0.025416774675250053,9.6887845993042,1.300021228690942,0.014449844489553006,0.005376772978089623,0.001670029315523704,0.001670029315523704,0.25,traj,3.140355304875646,-330.56966479612265,52.38256080137693,-0.026962220668792725,0.0009718287216104809,0.0,0.75,1.0,0.0,0
407,441,20.35,0.0,52.38256072998047,330.5544738769531,-0.0708923265337944,6.499094595824317e-10,0.0009718287216104809,0.75,0.0,0.023082267493009567,1.9028778076171875,0.011163923889398575,0.49176570773124695,-0.0028623491525650024,-0.003253757953643799,0.007921479642391205,-0.045552052557468414,0.011163923889398575,0.49176570773124695,0.025416774675250053,9.6887845993042,1.300021228690942,0.014449844489553006,0.005376772978089623,0.001670029315523704,0.001670029315523704,0.25,traj,3.140355304875646,-330.56966479612265,52.38256080137693,-0.026962220668792725,0.0009718287216104809,0.0,0.75,1.0,0.0,0
408,442,20.4,0.0,52.38256072998047,330.5544738769531,-0.0708923265337944,-2.7643412559008596e-10,0.0010397891038521074,0.75,0.0,0.017812777310609818,1.8603435754776,0.008599784225225449,0.4997556209564209,-0.005247063934803009,0.010553434491157532,0.0024698302149772644,-0.03310375660657883,0.008599784225225449,0.4997556209564209,0.007385697681456804,10.852032661437988,1.2629008516669273,0.010953850108377369,0.004310732230632189,0.00043330972980672823,0.00043330972980672823,0.25,traj,3.144643978276525,-330.53847440057217,43.118793546318955,-0.0023276805877685547,0.0010397891038521074,0.0,0.75,1.0,0.0,0
409,443,20.45,0.0,52.38256072998047,330.5544738769531,-0.0708923265337944,1.3409874322078963e-09,0.0008448555049399438,0.75,0.0,0.029447458684444427,2.147120475769043,0.011497154831886292,0.6495695114135742,-0.002885587513446808,0.02464185655117035,0.007196925580501556,-0.038586728274822235,0.011497154831886292,0.6495695114135742,0.025416774675250053,9.6887845993042,1.4578526765108109,0.01126674866335473,0.00763043184023072,0.001670029315523704,0.001670029315523704,0.25,traj,3.140355304875646,-330.56966479612265,52.38256080137693,-0.01924765110015869,0.0008448555049399438,0.0,0.75,1.0,0.0,0
410,444,20.5,0.0,52.38256072998047,330.5544738769531,-0.0708923265337944,1.3409874322078963e-09,0.0008448555049399438,0.75,0.0,0.029447458684444427,2.147120475769043,0.011497154831886292,0.6495695114135742,-0.002885587513446808,0.02464185655117035,0.007196925580501556,-0.038586728274822235,0.011497154831886292,0.6495695114135742,0.025416774675250053,9.6887845993042,1.4578526765108109,0.01126674866335473,0.00763043184023072,0.001670029315523704,0.001670029315523704,0.25,traj,3.140355304875646,-330.56966479612265,52.38256080137693,-0.01924765110015869,0.0008448555049399438,0.0,0.75,1.0,0.0,0
411,445,20.55,0.0,52.38256072998047,330.5544738769531,-0.0708923265337944,1.3409874322078963e-09,0.0008448555049399438,0.75,0.0,0.029447458684444427,2.147120475769043,0.011497154831886292,0.6495695114135742,-0.002885587513446808,0.02464185655117035,0.007196925580501556,-0.038586728274822235,0.011497154831886292,0.6495695114135742,0.025416774675250053,9.6887845993042,1.4578526765108109,0.01126674866335473,0.00763043184023072,0.001670029315523704,0.001670029315523704,0.25,traj,3.140355304875646,-330.56966479612265,52.38256080137693,-0.01924765110015869,0.0008448555049399438,0.0,0.75,1.0,0.0,0
412,446,20.6,0.0,52.38256072998047,330.5544738769531,-0.0708923265337944,0.0,0.0010397606447305656,0.75,0.0,0.016919821500778198,2.0095725059509277,0.007692210376262665,0.571569561958313,-0.00551963597536087,0.012027710676193237,0.0008899793028831482,-0.029872514307498932,0.007692210376262665,0.571569561958313,0.007385697681456804,10.852032661437988,1.3600785980621974,0.00856715433940258,0.004085108315049434,0.00043330972980672823,0.00043330972980672823,0.25,traj,3.144643978276525,-330.53847440057217,43.118793546318955,-0.000798344612121582,0.0010397606447305656,0.0,0.75,1.0,0.0,0
413,447,20.65,0.0,52.38256072998047,330.5544738769531,-0.0708923265337944,4.976665746170283e-10,0.0008448270458184023,0.75,0.0,0.026468496769666672,1.9193921089172363,0.01300758495926857,0.49498170614242554,-0.0028469935059547424,-0.0022218674421310425,0.008831284940242767,-0.0449536070227623,0.01300758495926857,0.49498170614242554,0.025416774675250053,9.6887845993042,1.310819330314795,0.01672581530298281,0.006016002793412039,0.001670029315523704,0.001670029315523704,0.25,traj,3.140355304875646,-330.56966479612265,52.38256080137693,-0.0236663818359375,0.0008448270458184023,0.0,0.75,1.0,0.0,0
414,448,20.7,0.0,52.38256072998047,330.5544738769531,-0.0708923265337944,4.976665746170283e-10,0.0008448270458184023,0.75,0.0,0.026468496769666672,1.9193921089172363,0.01300758495926857,0.49498170614242554,-0.0028469935059547424,-0.0022218674421310425,0.008831284940242767,-0.0449536070227623,0.01300758495926857,0.49498170614242554,0.025416774675250053,9.6887845993042,1.310819330314795,0.01672581530298281,0.006016002793412039,0.001670029315523704,0.001670029315523704,0.25,traj,3.140355304875646,-330.56966479612265,52.38256080137693,-0.0236663818359375,0.0008448270458184023,0.0,0.75,1.0,0.0,0
415,449,20.75,0.0,52.38256072998047,330.5544738769531,-0.0708923265337944,4.976665746170283e-10,0.0008448270458184023,0.75,0.0,0.026468496769666672,1.9193921089172363,0.01300758495926857,0.49498170614242554,-0.0028469935059547424,-0.0022218674421310425,0.008831284940242767,-0.0449536070227623,0.01300758495926857,0.49498170614242554,0.025416774675250053,9.6887845993042,1.310819330314795,0.01672581530298281,0.006016002793412039,0.001670029315523704,0.001670029315523704,0.25,traj,3.140355304875646,-330.56966479612265,52.38256080137693,-0.0236663818359375,0.0008448270458184023,0.0,0.75,1.0,0.0,0
416,450,20.8,0.0,52.38256072998047,330.5544738769531,-0.0708923265337944,5.010766246371645e-10,0.001041172217159035,0.75,0.0,0.019034016877412796,1.8065714836120605,0.009229462593793869,0.45965811610221863,-0.00495823472738266,0.005865275859832764,0.0025208815932273865,-0.031732238829135895,0.009229462593793869,0.45965811610221863,0.007385697681456804,10.852032661437988,1.2261984969178836,0.012780925711355778,0.004634027851346126,0.00043330972980672823,0.00043330972980672823,0.25,traj,3.144643978276525,-330.53847440057217,43.118793546318955,-0.002075374126434326,0.001041172217159035,0.0,0.75,1.0,0.0,0
417,451,20.85,0.0,52.38256072998047,330.5544738769531,-0.0708923265337944,1.4198068276627396e-09,0.0008462386182468715,0.75,0.0,0.02456779032945633,2.099804401397705,0.010200604796409607,0.6227843761444092,-0.001808255910873413,0.017979681491851807,0.008465342223644257,-0.04041958600282669,0.010200604796409607,0.6227843761444092,0.025416774675250053,9.6887845993042,1.4275398875276246,0.010426255940489272,0.006192297564989147,0.001670029315523704,0.001670029315523704,0.25,traj,3.140355304875646,-330.56966479612265,52.38256080137693,-0.023289203643798828,0.0008462386182468715,0.0,0.75,1.0,0.0,0
418,452,20.9,0.0,52.38256072998047,330.5544738769531,-0.0708923265337944,1.4198068276627396e-09,0.0008462386182468715,0.75,0.0,0.02456779032945633,2.099804401397705,0.010200604796409607,0.6227843761444092,-0.001808255910873413,0.017979681491851807,0.008465342223644257,-0.04041958600282669,0.010200604796409607,0.6227843761444092,0.025416774675250053,9.6887845993042,1.4275398875276246,0.010426255940489272,0.006192297564989147,0.001670029315523704,0.001670029315523704,0.25,traj,3.140355304875646,-330.56966479612265,52.38256080137693,-0.023289203643798828,0.0008462386182468715,0.0,0.75,1.0,0.0,0
419,453,20.95,0.0,52.38256072998047,330.5544738769531,-0.0708923265337944,1.4198068276627396e-09,0.0008462386182468715,0.75,0.0,0.02456779032945633,2.099804401397705,0.010200604796409607,0.6227843761444092,-0.001808255910873413,0.017979681491851807,0.008465342223644257,-0.04041958600282669,0.010200604796409607,0.6227843761444092,0.025416774675250053,9.6887845993042,1.4275398875276246,0.010426255940489272,0.006192297564989147,0.001670029315523704,0.001670029315523704,0.25,traj,3.140355304875646,-330.56966479612265,52.38256080137693,-0.023289203643798828,0.0008462386182468715,0.0,0.75,1.0,0.0,0
420,454,21.0,0.0,52.38256072998047,330.5544738769531,-0.0708923265337944,-2.5657195812378575e-10,0.0010414738838473772,0.75,0.0,0.019024502485990524,1.593122124671936,0.009296555072069168,0.34514880180358887,-0.0032411664724349976,-0.015046760439872742,0.0037595555186271667,-0.036138661205768585,0.009296555072069168,0.34514880180358887,0.007385697681456804,10.852032661437988,1.0870988704264164,0.017143139861270588,0.0049623322774514055,0.00043330972980672823,0.00043330972980672823,0.25,traj,3.144643978276525,-330.53847440057217,43.118793546318955,-0.0010090470314025879,0.0010414738838473772,0.0,0.75,1.0,0.0,0
421,455,21.05,0.0,52.38256072998047,330.5544738769531,-0.0708923265337944,-5.317705650820237e-11,0.0008465402849352137,0.75,0.0,0.023903489112854004,1.7957618236541748,0.012386821210384369,0.42409783601760864,-0.00226438045501709,-0.012864962220191956,0.007828675210475922,-0.046674661338329315,0.012386821210384369,0.42409783601760864,0.025416774675250053,9.6887845993042,1.229469892879327,0.018588787344599178,0.005345050543944453,0.001670029315523704,0.001670029315523704,0.25,traj,3.140355304875646,-330.56966479612265,52.38256080137693,-0.02996373176574707,0.0008465402849352137,0.0,0.75,1.0,0.0,0
422,456,21.1,0.0,52.38256072998047,330.5544738769531,-0.0708923265337944,-5.317705650820237e-11,0.0008465402849352137,0.75,0.0,0.023903489112854004,1.7957618236541748,0.012386821210384369,0.42409783601760864,-0.00226438045501709,-0.012864962220191956,0.007828675210475922,-0.046674661338329315,0.012386821210384369,0.42409783601760864,0.025416774675250053,9.6887845993042,1.229469892879327,0.018588787344599178,0.005345050543944453,0.001670029315523704,0.001670029315523704,0.25,traj,3.140355304875646,-330.56966479612265,52.38256080137693,-0.02996373176574707,0.0008465402849352137,0.0,0.75,1.0,0.0,0
423,457,21.15,0.0,52.38256072998047,330.5544738769531,-0.0708923265337944,-5.317705650820237e-11,0.0008465402849352137,0.75,0.0,0.023903489112854004,1.7957618236541748,0.012386821210384369,0.42409783601760864,-0.00226438045501709,-0.012864962220191956,0.007828675210475922,-0.046674661338329315,0.012386821210384369,0.42409783601760864,0.025416774675250053,9.6887845993042,1.229469892879327,0.018588787344599178,0.005345050543944453,0.001670029315523704,0.001670029315523704,0.25,traj,3.140355304875646,-330.56966479612265,52.38256080137693,-0.02996373176574707,0.0008465402849352137,0.0,0.75,1.0,0.0,0
424,458,21.2,0.0,52.38256072998047,330.5544738769531,-0.0708923265337944,6.252955375707359e-10,0.0010414738838473772,0.75,0.0,0.02001628652215004,1.8820991516113281,0.01028793677687645,0.504750669002533,-0.003814302384853363,0.01135300099849701,0.0026687607169151306,-0.03272403031587601,0.01028793677687645,0.504750669002533,0.007385697681456804,10.852032661437988,1.277022105952104,0.012973916500904029,0.004496437485065758,0.00043330972980672823,0.00043330972980672823,0.25,traj,3.144643978276525,-330.53847440057217,43.118793546318955,0.0017704963684082031,0.0010414738838473772,0.0,0.75,1.0,0.0,0
425,459,21.25,0.0,52.38256072998047,330.5544738769531,-0.0708923265337944,1.6264428692736033e-09,0.0008465402849352137,0.75,0.0,0.03161094710230827,2.138105869293213,0.011781308799982071,0.6437882781028748,-0.0013220533728599548,0.021378293633461,0.006598524749279022,-0.03707601875066757,0.011781308799982071,0.6437882781028748,0.025416774675250053,9.6887845993042,1.450656957924366,0.011648859801921556,0.0084474742469458,0.001670029315523704,0.001670029315523704,0.25,traj,3.140355304875646,-330.56966479612265,52.38256080137693,-0.015239059925079346,0.0008465402849352137,0.0,0.75,1.0,0.0,0
426,460,21.3,0.0,52.38256072998047,330.5544738769531,-0.0708923265337944,1.6264428692736033e-09,0.0008465402849352137,0.75,0.0,0.03161094710230827,2.138105869293213,0.011781308799982071,0.6437882781028748,-0.0013220533728599548,0.021378293633461,0.006598524749279022,-0.03707601875066757,0.011781308799982071,0.6437882781028748,0.025416774675250053,9.6887845993042,1.450656957924366,0.011648859801921556,0.0084474742469458,0.001670029315523704,0.001670029315523704,0.25,traj,3.140355304875646,-330.56966479612265,52.38256080137693,-0.015239059925079346,0.0008465402849352137,0.0,0.75,1.0,0.0,0
427,461,21.35,0.0,52.38256072998047,330.5544738769531,-0.0708923265337944,1.6264428692736033e-09,0.0008465402849352137,0.75,0.0,0.03161094710230827,2.138105869293213,0.011781308799982071,0.6437882781028748,-0.0013220533728599548,0.021378293633461,0.006598524749279022,-0.03707601875066757,0.011781308799982071,0.6437882781028748,0.025416774675250053,9.6887845993042,1.450656957924366,0.011648859801921556,0.0084474742469458,0.001670029315523704,0.001670029315523704,0.25,traj,3.140355304875646,-330.56966479612265,52.38256080137693,-0.015239059925079346,0.0008465402849352137,0.0,0.75,1.0,0.0,0
428,462,21.4,0.0,52.38256072998047,330.5544738769531,-0.0708923265337944,6.544136066377604e-11,0.0010414738838473772,0.75,0.0,0.019019708037376404,1.8764104843139648,0.008107222616672516,0.5125362873077393,-0.004949577152729034,0.011800438165664673,0.003134720027446747,-0.02895543724298477,0.008107222616672516,0.5125362873077393,0.007385697681456804,10.852032661437988,1.2709158758322396,0.010069112937888385,0.005093547800506428,0.00043330972980672823,0.00043330972980672823,0.25,traj,3.144643978276525,-330.53847440057217,43.118793546318955,-0.003488600254058838,0.0010414738838473772,0.0,0.75,1.0,0.0,0
429,463,21.45,0.0,52.38256072998047,330.5544738769531,-0.0708923265337944,-2.395718068370911e-10,0.0008465402849352137,0.75,0.0,0.024889279156923294,1.9523699283599854,0.012368064373731613,0.5166236758232117,-0.003210887312889099,0.0008031576871871948,0.00810413807630539,-0.04509105533361435,0.012368064373731613,0.5166236758232117,0.025416774675250053,9.6887845993042,1.3327499801913896,0.015237896537790922,0.0055518534938142836,0.001670029315523704,0.001670029315523704,0.25,traj,3.140355304875646,-330.56966479612265,52.38256080137693,-0.025529980659484863,0.0008465402849352137,0.0,0.75,1.0,0.0,0
430,464,21.5,0.0,52.38256072998047,330.5544738769531,-0.0708923265337944,-2.395718068370911e-10,0.0008465402849352137,0.75,0.0,0.024889279156923294,1.9523699283599854,0.012368064373731613,0.5166236758232117,-0.003210887312889099,0.0008031576871871948,0.00810413807630539,-0.04509105533361435,0.012368064373731613,0.5166236758232117,0.025416774675250053,9.6887845993042,1.3327499801913896,0.015237896537790922,0.0055518534938142836,0.001670029315523704,0.001670029315523704,0.25,traj,3.140355304875646,-330.56966479612265,52.38256080137693,-0.025529980659484863,0.0008465402849352137,0.0,0.75,1.0,0.0,0
431,465,21.55,0.0,52.38256072998047,330.5544738769531,-0.0708923265337944,-2.395718068370911e-10,0.0008465402849352137,0.75,0.0,0.024889279156923294,1.9523699283599854,0.012368064373731613,0.5166236758232117,-0.003210887312889099,0.0008031576871871948,0.00810413807630539,-0.04509105533361435,0.012368064373731613,0.5166236758232117,0.025416774675250053,9.6887845993042,1.3327499801913896,0.015237896537790922,0.0055518534938142836,0.001670029315523704,0.001670029315523704,0.25,traj,3.140355304875646,-330.56966479612265,52.38256080137693,-0.025529980659484863,0.0008465402849352137,0.0,0.75,1.0,0.0,0
432,466,21.6,0.0,52.38256072998047,330.5544738769531,-0.0708923265337944,-1.636574431529425e-09,0.0010414738838473772,0.75,0.0,0.01955898478627205,1.802876353263855,0.009030263870954514,0.45223069190979004,-0.004646226763725281,0.003267630934715271,0.0021637901663780212,-0.033504270017147064,0.009030263870954514,0.45223069190979004,0.007385697681456804,10.852032661437988,1.2248367692033448,0.01271049887191387,0.00496255995042374,0.00043330972980672823,0.00043330972980672823,0.25,traj,3.144643978276525,-330.53847440057217,43.118793546318955,0.001405477523803711,0.0010414738838473772,0.0,0.75,1.0,0.0,0
433,467,21.65,0.0,52.38256072998047,330.5544738769531,-0.0708923265337944,9.464784511692415e-10,0.0008465402849352137,0.75,0.0,0.025427713990211487,2.0861217975616455,0.01015792042016983,0.6097033023834229,-0.003308817744255066,0.018579453229904175,0.006363116204738617,-0.03869882971048355,0.01015792042016983,0.6097033023834229,0.025416774675250053,9.6887845993042,1.4172424872716267,0.010605358678725163,0.006583970968393988,0.001670029315523704,0.001670029315523704,0.25,traj,3.140355304875646,-330.56966479612265,52.38256080137693,-0.02191382646560669,0.0008465402849352137,0.0,0.75,1.0,0.0,0
434,468,21.7,0.0,52.38256072998047,330.5544738769531,-0.0708923265337944,9.464784511692415e-10,0.0008465402849352137,0.75,0.0,0.025427713990211487,2.0861217975616455,0.01015792042016983,0.6097033023834229,-0.003308817744255066,0.018579453229904175,0.006363116204738617,-0.03869882971048355,0.01015792042016983,0.6097033023834229,0.025416774675250053,9.6887845993042,1.4172424872716267,0.010605358678725163,0.006583970968393988,0.001670029315523704,0.001670029315523704,0.25,traj,3.140355304875646,-330.56966479612265,52.38256080137693,-0.02191382646560669,0.0008465402849352137,0.0,0.75,1.0,0.0,0
435,469,21.75,0.0,52.38256072998047,330.5544738769531,-0.0708923265337944,9.464784511692415e-10,0.0008465402849352137,0.75,0.0,0.025427713990211487,2.0861217975616455,0.01015792042016983,0.6097033023834229,-0.003308817744255066,0.018579453229904175,0.006363116204738617,-0.03869882971048355,0.01015792042016983,0.6097033023834229,0.025416774675250053,9.6887845993042,1.4172424872716267,0.010605358678725163,0.006583970968393988,0.001670029315523704,0.001670029315523704,0.25,traj,3.140355304875646,-330.56966479612265,52.38256080137693,-0.02191382646560669,0.0008465402849352137,0.0,0.75,1.0,0.0,0
436,470,21.8,0.0,52.38256072998047,330.5544738769531,-0.0708923265337944,8.942600548955681e-10,0.0010414738838473772,0.75,0.0,0.015819374471902847,1.8425946235656738,0.007296409457921982,0.49531084299087524,-0.004031166434288025,0.011149600148200989,0.0009474083781242371,-0.03307180851697922,0.007296409457921982,0.49531084299087524,0.007385697681456804,10.852032661437988,1.250736877322197,0.009377366556947648,0.004027203489085882,0.00043330972980672823,0.00043330972980672823,0.25,traj,3.144643978276525,-330.53847440057217,43.118793546318955,-0.0016353726387023926,0.0010414738838473772,0.0,0.75,1.0,0.0,0
437,471,21.85,0.0,52.38256072998047,330.5544738769531,-0.0708923265337944,-1.6270096381276744e-10,0.0008465402849352137,0.75,0.0,0.029388070106506348,1.949354648590088,0.013042919337749481,0.508847713470459,-0.0021262168884277344,-0.003208339214324951,0.00859137624502182,-0.04364386945962906,0.013042919337749481,0.508847713470459,0.025416774675250053,9.6887845993042,1.3298081159591675,0.01631441024197571,0.007223276674707182,0.001670029315523704,0.001670029315523704,0.25,traj,3.140355304875646,-330.56966479612265,52.38256080137693,-0.025727272033691406,0.0008465402849352137,0.0,0.75,1.0,0.0,0
438,472,21.9,0.0,52.38256072998047,330.5544738769531,-0.0708923265337944,-1.6270096381276744e-10,0.0008465402849352137,0.75,0.0,0.029388070106506348,1.949354648590088,0.013042919337749481,0.508847713470459,-0.0021262168884277344,-0.003208339214324951,0.00859137624502182,-0.04364386945962906,0.013042919337749481,0.508847713470459,0.025416774675250053,9.6887845993042,1.3298081159591675,0.01631441024197571,0.007223276674707182,0.001670029315523704,0.001670029315523704,0.25,traj,3.140355304875646,-330.56966479612265,52.38256080137693,-0.025727272033691406,0.0008465402849352137,0.0,0.75,1.0,0.0,0
439,473,21.95,0.0,52.38256072998047,330.5544738769531,-0.0708923265337944,-1.6270096381276744e-10,0.0008465402849352137,0.75,0.0,0.029388070106506348,1.949354648590088,0.013042919337749481,0.508847713470459,-0.0021262168884277344,-0.003208339214324951,0.00859137624502182,-0.04364386945962906,0.013042919337749481,0.508847713470459,0.025416774675250053,9.6887845993042,1.3298081159591675,0.01631441024197571,0.007223276674707182,0.001670029315523704,0.001670029315523704,0.25,traj,3.140355304875646,-330.56966479612265,52.38256080137693,-0.025727272033691406,0.0008465402849352137,0.0,0.75,1.0,0.0,0
440,474,22.0,0.0,52.38256072998047,330.5544738769531,-0.0708923265337944,-9.734961725627045e-10,0.0010414738838473772,0.75,0.0,0.018473133444786072,2.0560593605041504,0.007366068661212921,0.5996559858322144,-0.0052556246519088745,0.017872631549835205,0.0011722669005393982,-0.030472852289676666,0.007366068661212921,0.5996559858322144,0.007385697681456804,10.852032661437988,1.3914245540897052,0.007819703971230852,0.004855022416491427,0.00043330972980672823,0.00043330972980672823,0.25,traj,3.144643978276525,-330.53847440057217,43.118793546318955,-0.000700831413269043,0.0010414738838473772,0.0,0.75,1.0,0.0,0
441,475,22.05,0.0,52.38256072998047,330.5544738769531,-0.0708923265337944,7.951929115179723e-10,0.0008465402849352137,0.75,0.0,0.02778630331158638,2.1222105026245117,0.010633017867803574,0.6291837692260742,-0.0025995224714279175,0.019856184720993042,0.00960519164800644,-0.039323337376117706,0.010633017867803574,0.6291837692260742,0.025416774675250053,9.6887845993042,1.442014294366042,0.010757671897216447,0.007313738735714462,0.001670029315523704,0.001670029315523704,0.25,traj,3.140355304875646,-330.56966479612265,52.38256080137693,-0.020567893981933594,0.0008465402849352137,0.0,0.75,1.0,0.0,0
442,476,22.1,0.0,52.38256072998047,330.5544738769531,-0.0708923265337944,7.951929115179723e-10,0.0008465402849352137,0.75,0.0,0.02778630331158638,2.1222105026245117,0.010633017867803574,0.6291837692260742,-0.0025995224714279175,0.019856184720993042,0.00960519164800644,-0.039323337376117706,0.010633017867803574,0.6291837692260742,0.025416774675250053,9.6887845993042,1.442014294366042,0.010757671897216447,0.007313738735714462,0.001670029315523704,0.001670029315523704,0.25,traj,3.140355304875646,-330.56966479612265,52.38256080137693,-0.020567893981933594,0.0008465402849352137,0.0,0.75,1.0,0.0,0
443,477,22.15,0.0,52.38256072998047,330.5544738769531,-0.0708923265337944,7.951929115179723e-10,0.0008465402849352137,0.75,0.0,0.02778630331158638,2.1222105026245117,0.010633017867803574,0.6291837692260742,-0.0025995224714279175,0.019856184720993042,0.00960519164800644,-0.039323337376117706,0.010633017867803574,0.6291837692260742,0.025416774675250053,9.6887845993042,1.442014294366042,0.010757671897216447,0.007313738735714462,0.001670029315523704,0.001670029315523704,0.25,traj,3.140355304875646,-330.56966479612265,52.38256080137693,-0.020567893981933594,0.0008465402849352137,0.0,0.75,1.0,0.0,0
444,478,22.2,0.0,52.38256072998047,330.5544738769531,-0.0708923265337944,9.165702086200156e-10,0.0010414738838473772,0.75,0.0,0.016260139644145966,1.8560429811477661,0.008570447564125061,0.48020195960998535,-0.004642553627490997,0.0032094866037368774,0.0025083348155021667,-0.03003256767988205,0.008570447564125061,0.48020195960998535,0.007385697681456804,10.852032661437988,1.2580269426107407,0.01136092938291013,0.0035581212750875617,0.00043330972980672823,0.00043330972980672823,0.25,traj,3.144643978276525,-330.53847440057217,43.118793546318955,-0.005486190319061279,0.0010414738838473772,0.0,0.75,1.0,0.0,0
445,479,22.25,0.0,52.38256072998047,330.5544738769531,-0.0708923265337944,1.4476834175880526e-09,0.0008465402849352137,0.75,0.0,0.026399627327919006,2.0207810401916504,0.01181698590517044,0.5545424818992615,-0.00208088755607605,0.0010715723037719727,0.008541248738765717,-0.0448271706700325,0.01181698590517044,0.5545424818992615,0.025416774675250053,9.6887845993042,1.378045452137788,0.013563968954202352,0.0063313298600942945,0.001670029315523704,0.001670029315523704,0.25,traj,3.140355304875646,-330.56966479612265,52.38256080137693,-0.027540624141693115,0.0008465402849352137,0.0,0.75,1.0,0.0,0
446,480,22.3,0.0,52.38256072998047,330.5544738769531,-0.0708923265337944,1.4476834175880526e-09,0.0008465402849352137,0.75,0.0,0.026399627327919006,2.0207810401916504,0.01181698590517044,0.5545424818992615,-0.00208088755607605,0.0010715723037719727,0.008541248738765717,-0.0448271706700325,0.01181698590517044,0.5545424818992615,0.025416774675250053,9.6887845993042,1.378045452137788,0.013563968954202352,0.0063313298600942945,0.001670029315523704,0.001670029315523704,0.25,traj,3.140355304875646,-330.56966479612265,52.38256080137693,-0.027540624141693115,0.0008465402849352137,0.0,0.75,1.0,0.0,0
447,481,22.35,0.0,52.38256072998047,330.5544738769531,-0.0708923265337944,1.4476834175880526e-09,0.0008465402849352137,0.75,0.0,0.026399627327919006,2.0207810401916504,0.01181698590517044,0.5545424818992615,-0.00208088755607605,0.0010715723037719727,0.008541248738765717,-0.0448271706700325,0.01181698590517044,0.5545424818992615,0.025416774675250053,9.6887845993042,1.378045452137788,0.013563968954202352,0.0063313298600942945,0.001670029315523704,0.001670029315523704,0.25,traj,3.140355304875646,-330.56966479612265,52.38256080137693,-0.027540624141693115,0.0008465402849352137,0.0,0.75,1.0,0.0,0
448,482,22.4,0.0,52.38256072998047,330.5544738769531,-0.0708923265337944,-6.782720912701379e-11,0.0010414738838473772,0.75,0.0,0.019746948033571243,1.7724636793136597,0.009777452796697617,0.44236981868743896,-0.00389041006565094,-0.001125827431678772,0.002837531268596649,-0.03696306794881821,0.009777452796697617,0.44236981868743896,0.007385697681456804,10.852032661437988,1.206867111225923,0.014068568151884737,0.004771618217626493,0.00043330972980672823,0.00043330972980672823,0.25,traj,3.144643978276525,-330.53847440057217,43.118793546318955,-0.0028725266456604004,0.0010414738838473772,0.0,0.75,1.0,0.0,0
449,483,22.45,0.0,52.38256072998047,330.5544738769531,-0.0708923265337944,1.8286205882844797e-09,0.0008465402849352137,0.75,0.0,0.02546536549925804,2.0301871299743652,0.010844219475984573,0.5716556906700134,-0.002650924026966095,0.011016473174095154,0.009548299014568329,-0.04327859729528427,0.010844219475984573,0.5716556906700134,0.025416774675250053,9.6887845993042,1.3833699598908424,0.01207513949712113,0.006381645586980055,0.001670029315523704,0.001670029315523704,0.25,traj,3.140355304875646,-330.56966479612265,52.38256080137693,-0.02120828628540039,0.0008465402849352137,0.0,0.75,1.0,0.0,0
450,484,22.5,0.0,52.38256072998047,330.5544738769531,-0.0708923265337944,1.8286205882844797e-09,0.0008465402849352137,0.75,0.0,0.02546536549925804,2.0301871299743652,0.010844219475984573,0.5716556906700134,-0.002650924026966095,0.011016473174095154,0.009548299014568329,-0.04327859729528427,0.010844219475984573,0.5716556906700134,0.025416774675250053,9.6887845993042,1.3833699598908424,0.01207513949712113,0.006381645586980055,0.001670029315523704,0.001670029315523704,0.25,traj,3.140355304875646,-330.56966479612265,52.38256080137693,-0.02120828628540039,0.0008465402849352137,0.0,0.75,1.0,0.0,0
451,485,22.55,0.0,52.38256072998047,330.5544738769531,-0.0708923265337944,1.8286205882844797e-09,0.0008465402849352137,0.75,0.0,0.02546536549925804,2.0301871299743652,0.010844219475984573,0.5716556906700134,-0.002650924026966095,0.011016473174095154,0.009548299014568329,-0.04327859729528427,0.010844219475984573,0.5716556906700134,0.025416774675250053,9.6887845993042,1.3833699598908424,0.01207513949712113,0.006381645586980055,0.001670029315523704,0.001670029315523704,0.25,traj,3.140355304875646,-330.56966479612265,52.38256080137693,-0.02120828628540039,0.0008465402849352137,0.0,0.75,1.0,0.0,0
452,486,22.6,0.0,52.38256072998047,330.5544738769531,-0.0708923265337944,-4.077055082429837e-10,0.0010414738838473772,0.75,0.0,0.01987580955028534,1.6280858516693115,0.01043865829706192,0.3684844374656677,-0.0035523027181625366,-0.008829012513160706,0.003052167594432831,-0.03347335010766983,0.01043865829706192,0.3684844374656677,0.007385697681456804,10.852032661437988,1.1084822341799736,0.018029774306529023,0.00476956916087549,0.00043330972980672823,0.00043330972980672823,0.25,traj,3.144643978276525,-330.53847440057217,43.118793546318955,-0.0007567405700683594,0.0010414738838473772,0.0,0.75,1.0,0.0,0
453,487,22.65,0.0,52.38256072998047,330.5544738769531,-0.0708923265337944,-1.3033144341534353e-08,0.0008465402849352137,0.75,0.0,0.02744479849934578,1.9928007125854492,0.013161774724721909,0.5431078672409058,-0.0028077736496925354,0.00021320581436157227,0.00852658599615097,-0.044122882187366486,0.013161774724721909,0.5431078672409058,0.025416774675250053,9.6887845993042,1.3591030910611153,0.015424967830058494,0.006272058996296739,0.001670029315523704,0.001670029315523704,0.25,traj,3.140355304875646,-330.56966479612265,52.38256080137693,-0.02359253168106079,0.0008465402849352137,0.0,0.75,1.0,0.0,0
454,488,22.7,0.0,52.38256072998047,330.5544738769531,-0.0708923265337944,-1.3033144341534353e-08,0.0008465402849352137,0.75,0.0,0.02744479849934578,1.9928007125854492,0.013161774724721909,0.5431078672409058,-0.0028077736496925354,0.00021320581436157227,0.00852658599615097,-0.044122882187366486,0.013161774724721909,0.5431078672409058,0.025416774675250053,9.6887845993042,1.3591030910611153,0.015424967830058494,0.006272058996296739,0.001670029315523704,0.001670029315523704,0.25,traj,3.140355304875646,-330.56966479612265,52.38256080137693,-0.02359253168106079,0.0008465402849352137,0.0,0.75,1.0,0.0,0
455,489,22.75,0.0,52.38256072998047,330.5544738769531,-0.0708923265337944,-1.3033144341534353e-08,0.0008465402849352137,0.75,0.0,0.02744479849934578,1.9928007125854492,0.013161774724721909,0.5431078672409058,-0.0028077736496925354,0.00021320581436157227,0.00852658599615097,-0.044122882187366486,0.013161774724721909,0.5431078672409058,0.025416774675250053,9.6887845993042,1.3591030910611153,0.015424967830058494,0.006272058996296739,0.001670029315523704,0.001670029315523704,0.25,traj,3.140355304875646,-330.56966479612265,52.38256080137693,-0.02359253168106079,0.0008465402849352137,0.0,0.75,1.0,0.0,0
456,490,22.8,0.0,52.38256072998047,330.5544738769531,-0.0708923265337944,-5.789912993492408e-10,0.0010414738838473772,0.75,0.0,0.01992015913128853,1.9359197616577148,0.00936923548579216,0.5348320603370667,-0.003977477550506592,0.010669037699699402,0.0018589422106742859,-0.03166990727186203,0.00936923548579216,0.5348320603370667,0.007385697681456804,10.852032661437988,1.3121331110596657,0.011151242575390737,0.00479400605990598,0.00043330972980672823,0.00043330972980672823,0.25,traj,3.144643978276525,-330.53847440057217,43.118793546318955,-0.0003781318664550781,0.0010414738838473772,0.0,0.75,1.0,0.0,0
457,491,22.85,0.0,52.38256072998047,330.5544738769531,-0.0708923265337944,8.707800591700732e-10,0.0008465402849352137,0.75,0.0,0.024441320449113846,2.0307116508483887,0.010350760072469711,0.5822887420654297,-0.0033539310097694397,0.01655292510986328,0.009379647672176361,-0.04045815020799637,0.010350760072469711,0.5822887420654297,0.025416774675250053,9.6887845993042,1.3818726787964501,0.0113153188974526,0.006192980583906148,0.001670029315523704,0.001670029315523704,0.25,traj,3.140355304875646,-330.56966479612265,52.38256080137693,-0.02124929428100586,0.0008465402849352137,0.0,0.75,1.0,0.0,0
458,492,22.9,0.0,52.38256072998047,330.5544738769531,-0.0708923265337944,8.707800591700732e-10,0.0008465402849352137,0.75,0.0,0.024441320449113846,2.0307116508483887,0.010350760072469711,0.5822887420654297,-0.0033539310097694397,0.01655292510986328,0.009379647672176361,-0.04045815020799637,0.010350760072469711,0.5822887420654297,0.025416774675250053,9.6887845993042,1.3818726787964501,0.0113153188974526,0.006192980583906148,0.001670029315523704,0.001670029315523704,0.25,traj,3.140355304875646,-330.56966479612265,52.38256080137693,-0.02124929428100586,0.0008465402849352137,0.0,0.75,1.0,0.0,0
459,493,22.95,0.0,52.38256072998047,330.5544738769531,-0.0708923265337944,8.707800591700732e-10,0.0008465402849352137,0.75,0.0,0.024441320449113846,2.0307116508483887,0.010350760072469711,0.5822887420654297,-0.0033539310097694397,0.01655292510986328,0.009379647672176361,-0.04045815020799637,0.010350760072469711,0.5822887420654297,0.025416774675250053,9.6887845993042,1.3818726787964501,0.0113153188974526,0.006192980583906148,0.001670029315523704,0.001670029315523704,0.25,traj,3.140355304875646,-330.56966479612265,52.38256080137693,-0.02124929428100586,0.0008465402849352137,0.0,0.75,1.0,0.0,0
460,494,23.0,0.0,52.38256072998047,330.5544738769531,-0.0708923265337944,1.7993086187662044e-10,0.0010414738838473772,0.75,0.0,0.016735661774873734,2.057387351989746,0.007642265409231186,0.6080315709114075,-0.006128400564193726,0.020768985152244568,0.001482836902141571,-0.028188101947307587,0.007642265409231186,0.6080315709114075,0.007385697681456804,10.852032661437988,1.3909024223685265,0.008001159330180856,0.003994190908097487,0.00043330972980672823,0.00043330972980672823,0.25,traj,3.144643978276525,-330.53847440057217,43.118793546318955,0.0006233453750610352,0.0010414738838473772,0.0,0.75,1.0,0.0,0
461,495,23.05,0.0,52.38256072998047,330.5544738769531,-0.0708923265337944,1.7575886301912647e-09,0.0008465402849352137,0.75,0.0,0.024135824292898178,1.961205005645752,0.011497441679239273,0.5237716436386108,-0.003186836838722229,-3.801286220550537e-05,0.007885657250881195,-0.044328682124614716,0.011497441679239273,0.5237716436386108,0.025416774675250053,9.6887845993042,1.3381053830186527,0.013972338375578337,0.00559723630629948,0.001670029315523704,0.001670029315523704,0.25,traj,3.140355304875646,-330.56966479612265,52.38256080137693,-0.02579551935195923,0.0008465402849352137,0.0,0.75,1.0,0.0,0
462,496,23.1,0.0,52.38256072998047,330.5544738769531,-0.0708923265337944,1.7575886301912647e-09,0.0008465402849352137,0.75,0.0,0.024135824292898178,1.961205005645752,0.011497441679239273,0.5237716436386108,-0.003186836838722229,-3.801286220550537e-05,0.007885657250881195,-0.044328682124614716,0.011497441679239273,0.5237716436386108,0.025416774675250053,9.6887845993042,1.3381053830186527,0.013972338375578337,0.00559723630629948,0.001670029315523704,0.001670029315523704,0.25,traj,3.140355304875646,-330.56966479612265,52.38256080137693,-0.02579551935195923,0.0008465402849352137,0.0,0.75,1.0,0.0,0
463,497,23.15,0.0,52.38256072998047,330.5544738769531,-0.0708923265337944,1.7575886301912647e-09,0.0008465402849352137,0.75,0.0,0.024135824292898178,1.961205005645752,0.011497441679239273,0.5237716436386108,-0.003186836838722229,-3.801286220550537e-05,0.007885657250881195,-0.044328682124614716,0.011497441679239273,0.5237716436386108,0.025416774675250053,9.6887845993042,1.3381053830186527,0.013972338375578337,0.00559723630629948,0.001670029315523704,0.001670029315523704,0.25,traj,3.140355304875646,-330.56966479612265,52.38256080137693,-0.02579551935195923,0.0008465402849352137,0.0,0.75,1.0,0.0,0
464,498,23.2,0.0,52.38256072998047,330.5544738769531,-0.0708923265337944,-1.6192913676604803e-10,0.0010414738838473772,0.75,0.0,0.019055891782045364,1.910866618156433,0.008883904665708542,0.5170325040817261,-0.0051565468311309814,0.009539559483528137,0.0014244243502616882,-0.03339400142431259,0.008883904665708542,0.5170325040817261,0.007385697681456804,10.852032661437988,1.296662231286367,0.010937609436350894,0.0046458668459074814,0.00043330972980672823,0.00043330972980672823,0.25,traj,3.144643978276525,-330.53847440057217,43.118793546318955,0.000881195068359375,0.0010414738838473772,0.0,0.75,1.0,0.0,0
465,499,23.25,0.0,52.38256072998047,330.5544738769531,-0.0708923265337944,7.970550330860249e-10,0.0008465402849352137,0.75,0.0,0.026257693767547607,2.108224868774414,0.010361723601818085,0.6210561990737915,-0.0027632936835289,0.019816339015960693,0.00857418030500412,-0.042287297546863556,0.010361723601818085,0.6210561990737915,0.025416774675250053,9.6887845993042,1.4345111846923828,0.01062038509489919,0.006804434296603844,0.001670029315523704,0.001670029315523704,0.25,traj,3.140355304875646,-330.56966479612265,52.38256080137693,-0.023532867431640625,0.0008465402849352137,0.0,0.75,1.0,0.0,0
466,500,23.3,0.0,52.38256072998047,330.5544738769531,-0.0708923265337944,7.970550330860249e-10,0.0008465402849352137,0.75,0.0,0.026257693767547607,2.108224868774414,0.010361723601818085,0.6210561990737915,-0.0027632936835289,0.019816339015960693,0.00857418030500412,-0.042287297546863556,0.010361723601818085,0.6210561990737915,0.025416774675250053,9.6887845993042,1.4345111846923828,0.01062038509489919,0.006804434296603844,0.001670029315523704,0.001670029315523704,0.25,traj,3.140355304875646,-330.56966479612265,52.38256080137693,-0.023532867431640625,0.0008465402849352137,0.0,0.75,1.0,0.0,0
467,501,23.35,0.0,52.38256072998047,330.5544738769531,-0.0708923265337944,7.970550330860249e-10,0.0008465402849352137,0.75,0.0,0.026257693767547607,2.108224868774414,0.010361723601818085,0.6210561990737915,-0.0027632936835289,0.019816339015960693,0.00857418030500412,-0.042287297546863556,0.010361723601818085,0.6210561990737915,0.025416774675250053,9.6887845993042,1.4345111846923828,0.01062038509489919,0.006804434296603844,0.001670029315523704,0.001670029315523704,0.25,traj,3.140355304875646,-330.56966479612265,52.38256080137693,-0.023532867431640625,0.0008465402849352137,0.0,0.75,1.0,0.0,0
468,502,23.4,0.0,52.38256072998047,330.5544738769531,-0.0708923265337944,1.9488710645276797e-10,0.0010414738838473772,0.75,0.0,0.01672893390059471,1.9531108140945435,0.008715499192476273,0.5415976047515869,-0.005080603063106537,0.008048251271247864,0.002472124993801117,-0.03091847151517868,0.008715499192476273,0.5415976047515869,0.007385697681456804,10.852032661437988,1.3233037417133648,0.010243738107668376,0.0036142047172724443,0.00043330972980672823,0.00043330972980672823,0.25,traj,3.144643978276525,-330.53847440057217,43.118793546318955,-0.0004055500030517578,0.0010414738838473772,0.0,0.75,1.0,0.0,0
469,503,23.45,0.0,52.38256072998047,330.5544738769531,-0.0708923265337944,1.281704187228172e-09,0.0008465402849352137,0.75,0.0,0.026480983942747116,1.8877174854278564,0.013216216117143631,0.46739107370376587,-0.0029713213443756104,-0.010948196053504944,0.009561203420162201,-0.04622728377580643,0.013216216117143631,0.46739107370376587,0.025416774675250053,9.6887845993042,1.2909603541096053,0.01799660994355907,0.005945348280997797,0.001670029315523704,0.001670029315523704,0.25,traj,3.140355304875646,-330.56966479612265,52.38256080137693,-0.023533761501312256,0.0008465402849352137,0.0,0.75,1.0,0.0,0
470,504,23.5,0.0,52.38256072998047,330.5544738769531,-0.0708923265337944,1.281704187228172e-09,0.0008465402849352137,0.75,0.0,0.026480983942747116,1.8877174854278564,0.013216216117143631,0.46739107370376587,-0.0029713213443756104,-0.010948196053504944,0.009561203420162201,-0.04622728377580643,0.013216216117143631,0.46739107370376587,0.025416774675250053,9.6887845993042,1.2909603541096053,0.01799660994355907,0.005945348280997797,0.001670029315523704,0.001670029315523704,0.25,traj,3.140355304875646,-330.56966479612265,52.38256080137693,-0.023533761501312256,0.0008465402849352137,0.0,0.75,1.0,0.0,0
471,505,23.55,0.0,52.38256072998047,330.5544738769531,-0.0708923265337944,1.281704187228172e-09,0.0008465402849352137,0.75,0.0,0.026480983942747116,1.8877174854278564,0.013216216117143631,0.46739107370376587,-0.0029713213443756104,-0.010948196053504944,0.009561203420162201,-0.04622728377580643,0.013216216117143631,0.46739107370376587,0.025416774675250053,9.6887845993042,1.2909603541096053,0.01799660994355907,0.005945348280997797,0.001670029315523704,0.001670029315523704,0.25,traj,3.140355304875646,-330.56966479612265,52.38256080137693,-0.023533761501312256,0.0008465402849352137,0.0,0.75,1.0,0.0,0
472,506,23.6,0.0,52.38256072998047,330.5544738769531,-0.0708923265337944,-4.846167911409793e-10,0.0010414738838473772,0.75,0.0,0.02023473009467125,2.2449073791503906,0.007427040487527847,0.7326067090034485,-0.00522632896900177,0.04525958001613617,0.0028490647673606873,-0.02807583659887314,0.007427040487527847,0.7326067090034485,0.007385697681456804,10.852032661437988,1.5157314936319985,0.006453742028219078,0.005391419939309762,0.00043330972980672823,0.00043330972980672823,0.25,traj,3.144643978276525,-330.53847440057217,43.118793546318955,-0.0014679431915283203,0.0010414738838473772,0.0,0.75,1.0,0.0,0
473,507,23.65,0.0,52.38256072998047,330.5544738769531,-0.0708923265337944,8.923361494161952e-10,0.0008465402849352137,0.75,0.0,0.025559231638908386,2.0756595134735107,0.011859409511089325,0.6036752462387085,-0.0031375885009765625,0.014432594180107117,0.010301612317562103,-0.04160206764936447,0.011859409511089325,0.6036752462387085,0.025416774675250053,9.6887845993042,1.4127368504802384,0.012504986068887263,0.005924857713487759,0.001670029315523704,0.001670029315523704,0.25,traj,3.140355304875646,-330.56966479612265,52.38256080137693,-0.022678911685943604,0.0008465402849352137,0.0,0.75,1.0,0.0,0
474,508,23.7,0.0,52.38256072998047,330.5544738769531,-0.0708923265337944,8.923361494161952e-10,0.0008465402849352137,0.75,0.0,0.025559231638908386,2.0756595134735107,0.011859409511089325,0.6036752462387085,-0.0031375885009765625,0.014432594180107117,0.010301612317562103,-0.04160206764936447,0.011859409511089325,0.6036752462387085,0.025416774675250053,9.6887845993042,1.4127368504802384,0.012504986068887263,0.005924857713487759,0.001670029315523704,0.001670029315523704,0.25,traj,3.140355304875646,-330.56966479612265,52.38256080137693,-0.022678911685943604,0.0008465402849352137,0.0,0.75,1.0,0.0,0
475,509,23.75,0.0,52.38256072998047,330.5544738769531,-0.0708923265337944,8.923361494161952e-10,0.0008465402849352137,0.75,0.0,0.025559231638908386,2.0756595134735107,0.011859409511089325,0.6036752462387085,-0.0031375885009765625,0.014432594180107117,0.010301612317562103,-0.04160206764936447,0.011859409511089325,0.6036752462387085,0.025416774675250053,9.6887845993042,1.4127368504802384,0.012504986068887263,0.005924857713487759,0.001670029315523704,0.001670029315523704,0.25,traj,3.140355304875646,-330.56966479612265,52.38256080137693,-0.022678911685943604,0.0008465402849352137,0.0,0.75,1.0,0.0,0
476,510,23.8,0.0,52.38256072998047,330.5544738769531,-0.0708923265337944,-4.463516500852194e-10,0.0010414738838473772,0.75,0.0,0.017045430839061737,1.542663812637329,0.009453549981117249,0.3209885358810425,-0.002878248691558838,-0.015044286847114563,0.002575986087322235,-0.036949001252651215,0.009453549981117249,0.3209885358810425,0.007385697681456804,10.852032661437988,1.0536876258750756,0.018743908529749245,0.0039560936307269715,0.00043330972980672823,0.00043330972980672823,0.25,traj,3.144643978276525,-330.53847440057217,43.118793546318955,-0.0005911588668823242,0.0010414738838473772,0.0,0.75,1.0,0.0,0
477,511,23.85,0.0,52.38256072998047,330.5544738769531,-0.0708923265337944,1.2855150277601979e-09,0.0008465402849352137,0.75,0.0,0.024372819811105728,1.8701069355010986,0.012396585196256638,0.4581639766693115,-0.003309689462184906,-0.01027628779411316,0.009858183562755585,-0.04863283783197403,0.012396585196256638,0.4581639766693115,0.025416774675250053,9.6887845993042,1.2808340936899185,0.01722085223582718,0.0053997679482953335,0.001670029315523704,0.001670029315523704,0.25,traj,3.140355304875646,-330.56966479612265,52.38256080137693,-0.02402639389038086,0.0008465402849352137,0.0,0.75,1.0,0.0,0
