tcp_step,frame,t_rel,match_err_m,world_x,world_y,world_yaw_deg,speed,steer,throttle,brake,wp_4_x,wp_4_y,wp_3_x,wp_3_y,wp_2_x,wp_2_y,wp_1_x,wp_1_y,aim_x,aim_y,target_x,target_y,desired_speed,angle,angle_last,angle_target,angle_final,delta,agent,theta,gps_x,gps_y,steer_ctrl,steer_traj,throttle_ctrl,throttle_traj,brake_ctrl,brake_traj,status
0,34,0.0,0.0,9.292877197265625,330.5398864746094,0.03203294798731804,,,,,,,,,,,,,,,,,,,,,,,,,,,,,,,,,
1,35,0.05,0.0,9.292877197265625,330.5398864746094,0.03203485161066055,,,,,,,,,,,,,,,,,,,,,,,,,,,,,,,,,
2,36,0.1,0.0,9.292877197265625,330.5398864746094,0.03203485161066055,,,,,,,,,,,,,,,,,,,,,,,,,,,,,,,,,
3,37,0.15,0.0,9.292877197265625,330.5398864746094,0.03203485161066055,,,,,,,,,,,,,,,,,,,,,,,,,,,,,,,,,
4,38,0.2,0.0,9.292877197265625,330.5398864746094,0.03203485161066055,,,,,,,,,,,,,,,,,,,,,,,,,,,,,,,,,
5,39,0.25,0.0,9.292877197265625,330.5398864746094,0.03203485161066055,0.0,5.812585155596379e-06,0.75,0.0,-0.0234094075858593,6.983508110046387,-0.02053508535027504,4.0653862953186035,0.00332723930478096,1.7845362424850464,0.005802534520626068,0.2861454486846924,0.00332723930478096,1.7845362424850464,0.00019121757941320539,12.400457382202148,4.464993794759114,0.0011869831592222462,-0.0006270391933423624,9.838001265937692e-06,9.838001265937692e-06,0.25,traj,3.14214821259049,-330.5627675085421,25.00897601675279,0.02990281581878662,5.812585155596379e-06,1.0,0.75,0.0,0.0,0
6,40,0.3,0.0,9.292876243591309,330.5398864746094,0.03203582763671875,0.0,5.812585155596379e-06,0.75,0.0,-0.0234094075858593,6.983508110046387,-0.02053508535027504,4.0653862953186035,0.00332723930478096,1.7845362424850464,0.005802534520626068,0.2861454486846924,0.00332723930478096,1.7845362424850464,0.00019121757941320539,12.400457382202148,4.464993794759114,0.0011869831592222462,-0.0006270391933423624,9.838001265937692e-06,9.838001265937692e-06,0.25,traj,3.14214821259049,-330.5627675085421,25.00897601675279,0.02990281581878662,5.812585155596379e-06,1.0,0.75,0.0,0.0,0
7,41,0.35,0.0,9.292876243591309,330.5398864746094,0.03203582763671875,0.0,5.812585155596379e-06,0.75,0.0,-0.0234094075858593,6.983508110046387,-0.02053508535027504,4.0653862953186035,0.00332723930478096,1.7845362424850464,0.005802534520626068,0.2861454486846924,0.00332723930478096,1.7845362424850464,0.00019121757941320539,12.400457382202148,4.464993794759114,0.0011869831592222462,-0.0006270391933423624,9.838001265937692e-06,9.838001265937692e-06,0.25,traj,3.14214821259049,-330.5627675085421,25.00897601675279,0.02990281581878662,5.812585155596379e-06,1.0,0.75,0.0,0.0,0
8,42,0.4,0.0,9.292876243591309,330.5398864746094,0.03203582763671875,0.0,5.812585155596379e-06,0.75,0.0,-0.0234094075858593,6.983508110046387,-0.02053508535027504,4.0653862953186035,0.00332723930478096,1.7845362424850464,0.005802534520626068,0.2861454486846924,0.00332723930478096,1.7845362424850464,0.00019121757941320539,12.400457382202148,4.464993794759114,0.0011869831592222462,-0.0006270391933423624,9.838001265937692e-06,9.838001265937692e-06,0.25,traj,3.14214821259049,-330.5627675085421,25.00897601675279,0.02990281581878662,5.812585155596379e-06,1.0,0.75,0.0,0.0,0
9,43,0.45,0.0,9.292876243591309,330.5398864746094,0.03203994035720825,1.0033321586888633e-06,5.589939898508662e-06,0.75,0.0,-0.008826274424791336,6.949624061584473,-0.013727616518735886,4.042026519775391,0.008471723645925522,1.7508745193481445,0.005431316792964935,0.25257202982902527,0.008471723645925522,1.7508745193481445,0.00019121651712339371,12.400459289550781,4.464777787526448,0.0030803115971497807,0.0010731466730553672,9.838001265937692e-06,9.838001265937692e-06,0.25,traj,3.14214821259049,-330.5627675085421,25.008974109404154,0.04112207889556885,5.589939898508662e-06,1.0,0.75,0.0,0.0,0
10,44,0.5,0.0,9.292876243591309,330.5398864746094,0.03203994035720825,1.0033321586888633e-06,5.589939898508662e-06,0.75,0.0,-0.008826274424791336,6.949624061584473,-0.013727616518735886,4.042026519775391,0.008471723645925522,1.7508745193481445,0.005431316792964935,0.25257202982902527,0.008471723645925522,1.7508745193481445,0.00019121651712339371,12.400459289550781,4.464777787526448,0.0030803115971497807,0.0010731466730553672,9.838001265937692e-06,9.838001265937692e-06,0.25,traj,3.14214821259049,-330.5627675085421,25.008974109404154,0.04112207889556885,5.589939898508662e-06,1.0,0.75,0.0,0.0,0
11,45,0.55,0.0,9.292876243591309,330.5398864746094,0.03203994035720825,1.0033321586888633e-06,5.589939898508662e-06,0.75,0.0,-0.008826274424791336,6.949624061584473,-0.013727616518735886,4.042026519775391,0.008471723645925522,1.7508745193481445,0.005431316792964935,0.25257202982902527,0.008471723645925522,1.7508745193481445,0.00019121651712339371,12.400459289550781,4.464777787526448,0.0030803115971497807,0.0010731466730553672,9.838001265937692e-06,9.838001265937692e-06,0.25,traj,3.14214821259049,-330.5627675085421,25.008974109404154,0.04112207889556885,5.589939898508662e-06,1.0,0.75,0.0,0.0,0
12,46,0.6,0.0,9.292876243591309,330.5398864746094,0.03203994035720825,1.0033321586888633e-06,5.589939898508662e-06,0.75,0.0,-0.008826274424791336,6.949624061584473,-0.013727616518735886,4.042026519775391,0.008471723645925522,1.7508745193481445,0.005431316792964935,0.25257202982902527,0.008471723645925522,1.7508745193481445,0.00019121651712339371,12.400459289550781,4.464777787526448,0.0030803115971497807,0.0010731466730553672,9.838001265937692e-06,9.838001265937692e-06,0.25,traj,3.14214821259049,-330.5627675085421,25.008974109404154,0.04112207889556885,5.589939898508662e-06,1.0,0.75,0.0,0.0,0
13,47,0.65,0.0,9.292876243591309,330.5398864746094,0.03203994035720825,3.0644216053588025e-07,5.36587168534386e-06,0.75,0.0,-0.009189162403345108,7.101865768432617,-0.01805230602622032,4.184469223022461,0.0032562874257564545,1.8861502408981323,0.003944091498851776,0.3326668441295624,0.0032562874257564545,1.8861502408981323,0.00019121545483358204,12.400461196899414,4.5128739674886065,0.0010991013919014157,0.0019340540724400856,9.838001265937692e-06,9.838001265937692e-06,0.25,traj,3.14214821259049,-330.5627675085421,25.00897220205552,0.027348756790161133,5.36587168534386e-06,1.0,0.75,0.0,0.0,0
14,48,0.7,0.0,9.292876243591309,330.5398864746094,0.03203994035720825,3.0644216053588025e-07,5.36587168534386e-06,0.75,0.0,-0.009189162403345108,7.101865768432617,-0.01805230602622032,4.184469223022461,0.0032562874257564545,1.8861502408981323,0.003944091498851776,0.3326668441295624,0.0032562874257564545,1.8861502408981323,0.00019121545483358204,12.400461196899414,4.5128739674886065,0.0010991013919014157,0.0019340540724400856,9.838001265937692e-06,9.838001265937692e-06,0.25,traj,3.14214821259049,-330.5627675085421,25.00897220205552,0.027348756790161133,5.36587168534386e-06,1.0,0.75,0.0,0.0,0
15,49,0.75,0.0,9.292876243591309,330.5398864746094,0.03203994035720825,3.0644216053588025e-07,5.36587168534386e-06,0.75,0.0,-0.009189162403345108,7.101865768432617,-0.01805230602622032,4.184469223022461,0.0032562874257564545,1.8861502408981323,0.003944091498851776,0.3326668441295624,0.0032562874257564545,1.8861502408981323,0.00019121545483358204,12.400461196899414,4.5128739674886065,0.0010991013919014157,0.0019340540724400856,9.838001265937692e-06,9.838001265937692e-06,0.25,traj,3.14214821259049,-330.5627675085421,25.00897220205552,0.027348756790161133,5.36587168534386e-06,1.0,0.75,0.0,0.0,0
16,50,0.8,0.0,9.292876243591309,330.5398864746094,0.03203994035720825,3.0644216053588025e-07,5.36587168534386e-06,0.75,0.0,-0.009189162403345108,7.101865768432617,-0.01805230602622032,4.184469223022461,0.0032562874257564545,1.8861502408981323,0.003944091498851776,0.3326668441295624,0.0032562874257564545,1.8861502408981323,0.00019121545483358204,12.400461196899414,4.5128739674886065,0.0010991013919014157,0.0019340540724400856,9.838001265937692e-06,9.838001265937692e-06,0.25,traj,3.14214821259049,-330.5627675085421,25.00897220205552,0.027348756790161133,5.36587168534386e-06,1.0,0.75,0.0,0.0,0
17,51,0.85,0.0,9.292876243591309,330.5398864746094,0.03203994035720825,1.2790437153853418e-07,5.141803472179057e-06,0.75,0.0,-0.017107386142015457,6.940608024597168,-0.019494276493787766,4.023959159851074,0.0017618052661418915,1.740596055984497,0.003438137471675873,0.2428446114063263,0.0017618052661418915,1.740596055984497,0.00019121545483358204,12.400461196899414,4.465242862701416,0.0006443625751601222,0.0005209638241552252,9.838001265937692e-06,9.838001265937692e-06,0.25,traj,3.14214821259049,-330.5627675085421,25.00897220205552,0.03374826908111572,5.141803472179057e-06,1.0,0.75,0.0,0.0,0
18,52,0.9,0.0,9.292876243591309,330.5398864746094,0.03203994035720825,1.2790437153853418e-07,5.141803472179057e-06,0.75,0.0,-0.017107386142015457,6.940608024597168,-0.019494276493787766,4.023959159851074,0.0017618052661418915,1.740596055984497,0.003438137471675873,0.2428446114063263,0.0017618052661418915,1.740596055984497,0.00019121545483358204,12.400461196899414,4.465242862701416,0.0006443625751601222,0.0005209638241552252,9.838001265937692e-06,9.838001265937692e-06,0.25,traj,3.14214821259049,-330.5627675085421,25.00897220205552,0.03374826908111572,5.141803472179057e-06,1.0,0.75,0.0,0.0,0
19,53,0.95,0.0,9.292876243591309,330.5398864746094,0.03203994035720825,1.2790437153853418e-07,5.141803472179057e-06,0.75,0.0,-0.017107386142015457,6.940608024597168,-0.019494276493787766,4.023959159851074,0.0017618052661418915,1.740596055984497,0.003438137471675873,0.2428446114063263,0.0017618052661418915,1.740596055984497,0.00019121545483358204,12.400461196899414,4.465242862701416,0.0006443625751601222,0.0005209638241552252,9.838001265937692e-06,9.838001265937692e-06,0.25,traj,3.14214821259049,-330.5627675085421,25.00897220205552,0.03374826908111572,5.141803472179057e-06,1.0,0.75,0.0,0.0,0
20,54,1.0,0.0,9.292876243591309,330.5398864746094,0.03203994035720825,1.2790437153853418e-07,5.141803472179057e-06,0.75,0.0,-0.017107386142015457,6.940608024597168,-0.019494276493787766,4.023959159851074,0.0017618052661418915,1.740596055984497,0.003438137471675873,0.2428446114063263,0.0017618052661418915,1.740596055984497,0.00019121545483358204,12.400461196899414,4.465242862701416,0.0006443625751601222,0.0005209638241552252,9.838001265937692e-06,9.838001265937692e-06,0.25,traj,3.14214821259049,-330.5627675085421,25.00897220205552,0.03374826908111572,5.141803472179057e-06,1.0,0.75,0.0,0.0,0
21,55,1.05,0.0,9.292876243591309,330.5398864746094,0.03203994035720825,4.371381834289423e-08,4.917735259014255e-06,0.75,0.0,-0.012021731585264206,6.786126136779785,-0.014805648475885391,3.886241912841797,0.0031096376478672028,1.6388206481933594,0.0018341168761253357,0.18935886025428772,0.0031096376478672028,1.6388206481933594,0.00019121545483358204,12.400461196899414,4.39789358774821,0.00120800496366773,0.0006111982121901714,9.838001265937692e-06,9.838001265937692e-06,0.25,traj,3.14214821259049,-330.5627675085421,25.00897220205552,0.03797638416290283,4.917735259014255e-06,1.0,0.75,0.0,0.0,0
22,56,1.1,0.0,9.292876243591309,330.5398864746094,0.03203994035720825,4.371381834289423e-08,4.917735259014255e-06,0.75,0.0,-0.012021731585264206,6.786126136779785,-0.014805648475885391,3.886241912841797,0.0031096376478672028,1.6388206481933594,0.0018341168761253357,0.18935886025428772,0.0031096376478672028,1.6388206481933594,0.00019121545483358204,12.400461196899414,4.39789358774821,0.00120800496366773,0.0006111982121901714,9.838001265937692e-06,9.838001265937692e-06,0.25,traj,3.14214821259049,-330.5627675085421,25.00897220205552,0.03797638416290283,4.917735259014255e-06,1.0,0.75,0.0,0.0,0
23,57,1.15,0.0,9.292876243591309,330.5398864746094,0.03203994035720825,4.371381834289423e-08,4.917735259014255e-06,0.75,0.0,-0.012021731585264206,6.786126136779785,-0.014805648475885391,3.886241912841797,0.0031096376478672028,1.6388206481933594,0.0018341168761253357,0.18935886025428772,0.0031096376478672028,1.6388206481933594,0.00019121545483358204,12.400461196899414,4.39789358774821,0.00120800496366773,0.0006111982121901714,9.838001265937692e-06,9.838001265937692e-06,0.25,traj,3.14214821259049,-330.5627675085421,25.00897220205552,0.03797638416290283,4.917735259014255e-06,1.0,0.75,0.0,0.0,0
24,58,1.2,0.0,9.292876243591309,330.5398864746094,0.03203994035720825,4.371381834289423e-08,4.917735259014255e-06,0.75,0.0,-0.012021731585264206,6.786126136779785,-0.014805648475885391,3.886241912841797,0.0031096376478672028,1.6388206481933594,0.0018341168761253357,0.18935886025428772,0.0031096376478672028,1.6388206481933594,0.00019121545483358204,12.400461196899414,4.39789358774821,0.00120800496366773,0.0006111982121901714,9.838001265937692e-06,9.838001265937692e-06,0.25,traj,3.14214821259049,-330.5627675085421,25.00897220205552,0.03797638416290283,4.917735259014255e-06,1.0,0.75,0.0,0.0,0
25,59,1.25,0.0,9.292876243591309,330.5398864746094,0.03203994035720825,1.8114985067541056e-09,4.693667045849453e-06,0.75,0.0,-0.0030333325266838074,6.840332984924316,-0.008896872401237488,3.9195919036865234,0.008529894053936005,1.6409101486206055,0.007030956447124481,0.16783344745635986,0.008529894053936005,1.6409101486206055,0.00019121545483358204,12.400461196899414,4.448381821314494,0.0033092747163267636,0.0012780523481557497,9.838001265937692e-06,9.838001265937692e-06,0.25,traj,3.14214821259049,-330.5627675085421,25.00897220205552,0.03803277015686035,4.693667045849453e-06,1.0,0.75,0.0,0.0,0
26,60,1.3,0.0,9.292876243591309,330.5398864746094,0.03203994035720825,1.8114985067541056e-09,4.693667045849453e-06,0.75,0.0,-0.0030333325266838074,6.840332984924316,-0.008896872401237488,3.9195919036865234,0.008529894053936005,1.6409101486206055,0.007030956447124481,0.16783344745635986,0.008529894053936005,1.6409101486206055,0.00019121545483358204,12.400461196899414,4.448381821314494,0.0033092747163267636,0.0012780523481557497,9.838001265937692e-06,9.838001265937692e-06,0.25,traj,3.14214821259049,-330.5627675085421,25.00897220205552,0.03803277015686035,4.693667045849453e-06,1.0,0.75,0.0,0.0,0
27,61,1.35,0.0,9.292876243591309,330.5398864746094,0.03203994035720825,1.8114985067541056e-09,4.693667045849453e-06,0.75,0.0,-0.0030333325266838074,6.840332984924316,-0.008896872401237488,3.9195919036865234,0.008529894053936005,1.6409101486206055,0.007030956447124481,0.16783344745635986,0.008529894053936005,1.6409101486206055,0.00019121545483358204,12.400461196899414,4.448381821314494,0.0033092747163267636,0.0012780523481557497,9.838001265937692e-06,9.838001265937692e-06,0.25,traj,3.14214821259049,-330.5627675085421,25.00897220205552,0.03803277015686035,4.693667045849453e-06,1.0,0.75,0.0,0.0,0
28,62,1.4,0.0,9.292876243591309,330.5398864746094,0.03203994035720825,1.8114985067541056e-09,4.693667045849453e-06,0.75,0.0,-0.0030333325266838074,6.840332984924316,-0.008896872401237488,3.9195919036865234,0.008529894053936005,1.6409101486206055,0.007030956447124481,0.16783344745635986,0.008529894053936005,1.6409101486206055,0.00019121545483358204,12.400461196899414,4.448381821314494,0.0033092747163267636,0.0012780523481557497,9.838001265937692e-06,9.838001265937692e-06,0.25,traj,3.14214821259049,-330.5627675085421,25.00897220205552,0.03803277015686035,4.693667045849453e-06,1.0,0.75,0.0,0.0,0
29,63,1.45,0.0,9.292876243591309,330.5398864746094,0.03203994035720825,8.056399103395506e-09,4.46959883268465e-06,0.75,0.0,-0.018332887440919876,7.024954319000244,-0.022783350199460983,4.043834209442139,0.001599680632352829,1.7094132900238037,0.004332147538661957,0.19376181066036224,0.001599680632352829,1.7094132900238037,0.00019121545483358204,12.400461196899414,4.554217020670572,0.0005957164500714759,0.0009504309409674715,9.838001265937692e-06,9.838001265937692e-06,0.25,traj,3.14214821259049,-330.5627675085421,25.00897220205552,0.02284073829650879,4.46959883268465e-06,1.0,0.75,0.0,0.0,0
30,64,1.5,0.0,9.292876243591309,330.5398864746094,0.03203994035720825,8.056399103395506e-09,4.46959883268465e-06,0.75,0.0,-0.018332887440919876,7.024954319000244,-0.022783350199460983,4.043834209442139,0.001599680632352829,1.7094132900238037,0.004332147538661957,0.19376181066036224,0.001599680632352829,1.7094132900238037,0.00019121545483358204,12.400461196899414,4.554217020670572,0.0005957164500714759,0.0009504309409674715,9.838001265937692e-06,9.838001265937692e-06,0.25,traj,3.14214821259049,-330.5627675085421,25.00897220205552,0.02284073829650879,4.46959883268465e-06,1.0,0.75,0.0,0.0,0
31,65,1.55,0.0,9.292876243591309,330.5398864746094,0.03203994035720825,8.056399103395506e-09,4.46959883268465e-06,0.75,0.0,-0.018332887440919876,7.024954319000244,-0.022783350199460983,4.043834209442139,0.001599680632352829,1.7094132900238037,0.004332147538661957,0.19376181066036224,0.001599680632352829,1.7094132900238037,0.00019121545483358204,12.400461196899414,4.554217020670572,0.0005957164500714759,0.0009504309409674715,9.838001265937692e-06,9.838001265937692e-06,0.25,traj,3.14214821259049,-330.5627675085421,25.00897220205552,0.02284073829650879,4.46959883268465e-06,1.0,0.75,0.0,0.0,0
32,66,1.6,0.0,9.292876243591309,330.5398864746094,0.03203994035720825,8.056399103395506e-09,4.46959883268465e-06,0.75,0.0,-0.018332887440919876,7.024954319000244,-0.022783350199460983,4.043834209442139,0.001599680632352829,1.7094132900238037,0.004332147538661957,0.19376181066036224,0.001599680632352829,1.7094132900238037,0.00019121545483358204,12.400461196899414,4.554217020670572,0.0005957164500714759,0.0009504309409674715,9.838001265937692e-06,9.838001265937692e-06,0.25,traj,3.14214821259049,-330.5627675085421,25.00897220205552,0.02284073829650879,4.46959883268465e-06,1.0,0.75,0.0,0.0,0
33,67,1.65,0.0,9.292876243591309,330.5398864746094,0.03203994035720825,0.9812971949577332,-0.00017891595266691167,0.75,0.0,-0.022526899352669716,8.786482810974121,-0.030859412625432014,5.634676933288574,-0.011301139369606972,2.9700167179107666,0.0039892420172691345,0.9621639847755432,-0.011301139369606972,2.9700167179107666,-0.0030588621739298105,12.353595733642578,5.216306527455648,-0.0024223923621756027,0.001683006674946728,-0.0001575775243901526,-0.0001575775243901526,0.25,traj,3.142401055493627,-330.56292010365206,25.05583766537623,-0.004336059093475342,-0.00017891595266691167,1.0,0.75,0.0,0.0,0
34,68,1.7,0.0,9.292876243591309,330.5398864746094,0.03203994035720825,0.9812971949577332,-0.00017891595266691167,0.75,0.0,-0.022526899352669716,8.786482810974121,-0.030859412625432014,5.634676933288574,-0.011301139369606972,2.9700167179107666,0.0039892420172691345,0.9621639847755432,-0.011301139369606972,2.9700167179107666,-0.0030588621739298105,12.353595733642578,5.216306527455648,-0.0024223923621756027,0.001683006674946728,-0.0001575775243901526,-0.0001575775243901526,0.25,traj,3.142401055493627,-330.56292010365206,25.05583766537623,-0.004336059093475342,-0.00017891595266691167,1.0,0.75,0.0,0.0,0
35,69,1.75,0.0,9.292876243591309,330.5398864746094,0.03203994035720825,0.9812971949577332,-0.00017891595266691167,0.75,0.0,-0.022526899352669716,8.786482810974121,-0.030859412625432014,5.634676933288574,-0.011301139369606972,2.9700167179107666,0.0039892420172691345,0.9621639847755432,-0.011301139369606972,2.9700167179107666,-0.0030588621739298105,12.353595733642578,5.216306527455648,-0.0024223923621756027,0.001683006674946728,-0.0001575775243901526,-0.0001575775243901526,0.25,traj,3.142401055493627,-330.56292010365206,25.05583766537623,-0.004336059093475342,-0.00017891595266691167,1.0,0.75,0.0,0.0,0
36,70,1.8,0.0,9.292876243591309,330.5398864746094,0.03203994035720825,0.9812971949577332,-0.00017891595266691167,0.75,0.0,-0.022526899352669716,8.786482810974121,-0.030859412625432014,5.634676933288574,-0.011301139369606972,2.9700167179107666,0.0039892420172691345,0.9621639847755432,-0.011301139369606972,2.9700167179107666,-0.0030588621739298105,12.353595733642578,5.216306527455648,-0.0024223923621756027,0.001683006674946728,-0.0001575775243901526,-0.0001575775243901526,0.25,traj,3.142401055493627,-330.56292010365206,25.05583766537623,-0.004336059093475342,-0.00017891595266691167,1.0,0.75,0.0,0.0,0
37,71,1.85,0.0,9.292876243591309,330.5398864746094,0.03203994035720825,2.040950298309326,-0.0003920612075626844,0.75,0.0,-0.019267722964286804,9.847288131713867,-0.018628306686878204,6.816925525665283,-0.007237374782562256,3.9426841735839844,-0.002479828894138336,1.4840689897537231,-0.002479828894138336,1.4840689897537231,-0.0063019124791026115,12.036632537841797,5.575497468312581,-0.001063715954278511,-0.00013427899022133135,-0.0003332651680410362,-0.0003332651680410362,0.25,traj,3.142694310345922,-330.5628895849465,25.372798954260393,-0.019748270511627197,-0.0003920612075626844,1.0,0.75,0.0,0.0,0
38,72,1.9,0.0,9.292876243591309,330.5398864746094,0.03203994035720825,2.040950298309326,-0.0003920612075626844,0.75,0.0,-0.019267722964286804,9.847288131713867,-0.018628306686878204,6.816925525665283,-0.007237374782562256,3.9426841735839844,-0.002479828894138336,1.4840689897537231,-0.002479828894138336,1.4840689897537231,-0.0063019124791026115,12.036632537841797,5.575497468312581,-0.001063715954278511,-0.00013427899022133135,-0.0003332651680410362,-0.0003332651680410362,0.25,traj,3.142694310345922,-330.5628895849465,25.372798954260393,-0.019748270511627197,-0.0003920612075626844,1.0,0.75,0.0,0.0,0
39,73,1.95,0.0,9.292876243591309,330.5398864746094,0.03203994035720825,2.040950298309326,-0.0003920612075626844,0.75,0.0,-0.019267722964286804,9.847288131713867,-0.018628306686878204,6.816925525665283,-0.007237374782562256,3.9426841735839844,-0.002479828894138336,1.4840689897537231,-0.002479828894138336,1.4840689897537231,-0.0063019124791026115,12.036632537841797,5.575497468312581,-0.001063715954278511,-0.00013427899022133135,-0.0003332651680410362,-0.0003332651680410362,0.25,traj,3.142694310345922,-330.5628895849465,25.372798954260393,-0.019748270511627197,-0.0003920612075626844,1.0,0.75,0.0,0.0,0
40,74,2.0,0.0,9.292876243591309,330.5398864746094,0.03203994035720825,2.040950298309326,-0.0003920612075626844,0.75,0.0,-0.019267722964286804,9.847288131713867,-0.018628306686878204,6.816925525665283,-0.007237374782562256,3.9426841735839844,-0.002479828894138336,1.4840689897537231,-0.002479828894138336,1.4840689897537231,-0.0063019124791026115,12.036632537841797,5.575497468312581,-0.001063715954278511,-0.00013427899022133135,-0.0003332651680410362,-0.0003332651680410362,0.25,traj,3.142694310345922,-330.5628895849465,25.372798954260393,-0.019748270511627197,-0.0003920612075626844,1.0,0.75,0.0,0.0,0
41,75,2.05,0.0,9.292876243591309,330.5398864746094,0.03203994035720825,2.655078411102295,0.0004091278557072115,0.75,0.0,0.005817558616399765,10.286684036254883,0.0008012689650058746,7.219705104827881,-0.0025735534727573395,4.249068737030029,-0.004564531147480011,1.673717737197876,-0.004564531147480011,1.673717737197876,0.007816600613296032,11.565824508666992,5.7419819831848145,-0.0017361860235616553,0.001041272456928641,0.0004302740901756115,0.0004302740901756115,0.25,traj,3.141613439717565,-330.5617909020531,25.8436069840769,-0.029211878776550293,0.0004091278557072115,1.0,0.75,0.0,0.0,0
42,76,2.1,0.0,9.292876243591309,330.5398864746094,0.03203994035720825,2.655078411102295,0.0004091278557072115,0.75,0.0,0.005817558616399765,10.286684036254883,0.0008012689650058746,7.219705104827881,-0.0025735534727573395,4.249068737030029,-0.004564531147480011,1.673717737197876,-0.004564531147480011,1.673717737197876,0.007816600613296032,11.565824508666992,5.7419819831848145,-0.0017361860235616553,0.001041272456928641,0.0004302740901756115,0.0004302740901756115,0.25,traj,3.141613439717565,-330.5617909020531,25.8436069840769,-0.029211878776550293,0.0004091278557072115,1.0,0.75,0.0,0.0,0
43,77,2.15,0.0,9.292876243591309,330.5398864746094,0.03203994035720825,2.655078411102295,0.0004091278557072115,0.75,0.0,0.005817558616399765,10.286684036254883,0.0008012689650058746,7.219705104827881,-0.0025735534727573395,4.249068737030029,-0.004564531147480011,1.673717737197876,-0.004564531147480011,1.673717737197876,0.007816600613296032,11.565824508666992,5.7419819831848145,-0.0017361860235616553,0.001041272456928641,0.0004302740901756115,0.0004302740901756115,0.25,traj,3.141613439717565,-330.5617909020531,25.8436069840769,-0.029211878776550293,0.0004091278557072115,1.0,0.75,0.0,0.0,0
44,78,2.2,0.0,9.292876243591309,330.5398864746094,0.03203994035720825,2.655078411102295,0.0004091278557072115,0.75,0.0,0.005817558616399765,10.286684036254883,0.0008012689650058746,7.219705104827881,-0.0025735534727573395,4.249068737030029,-0.004564531147480011,1.673717737197876,-0.004564531147480011,1.673717737197876,0.007816600613296032,11.565824508666992,5.7419819831848145,-0.0017361860235616553,0.001041272456928641,0.0004302740901756115,0.0004302740901756115,0.25,traj,3.141613439717565,-330.5617909020531,25.8436069840769,-0.029211878776550293,0.0004091278557072115,1.0,0.75,0.0,0.0,0
45,79,2.25,0.0,9.292876243591309,330.5398864746094,0.03203994035720825,3.1646909713745117,0.0019612854986804547,0.75,0.0,0.030241478234529495,10.553167343139648,0.03555956110358238,7.560815811157227,0.026252467185258865,4.627413272857666,0.0107186958193779,1.9462860822677612,0.0107186958193779,1.9462860822677612,0.03212170675396919,10.982829093933105,5.737963835398356,0.003505984164423131,-0.001131410718052415,0.001861957631201062,0.001861957631201062,0.25,traj,3.139668301739965,-330.5588610778399,26.426561391609738,-0.015872597694396973,0.0019612854986804547,1.0,0.75,0.0,0.0,0
46,80,2.3,0.0,9.292876243591309,330.5398864746094,0.03203994035720825,3.1646909713745117,0.0019612854986804547,0.75,0.0,0.030241478234529495,10.553167343139648,0.03555956110358238,7.560815811157227,0.026252467185258865,4.627413272857666,0.0107186958193779,1.9462860822677612,0.0107186958193779,1.9462860822677612,0.03212170675396919,10.982829093933105,5.737963835398356,0.003505984164423131,-0.001131410718052415,0.001861957631201062,0.001861957631201062,0.25,traj,3.139668301739965,-330.5588610778399,26.426561391609738,-0.015872597694396973,0.0019612854986804547,1.0,0.75,0.0,0.0,0
47,81,2.35,0.0,9.292876243591309,330.5398864746094,0.03203994035720825,3.1646909713745117,0.0019612854986804547,0.75,0.0,0.030241478234529495,10.553167343139648,0.03555956110358238,7.560815811157227,0.026252467185258865,4.627413272857666,0.0107186958193779,1.9462860822677612,0.0107186958193779,1.9462860822677612,0.03212170675396919,10.982829093933105,5.737963835398356,0.003505984164423131,-0.001131410718052415,0.001861957631201062,0.001861957631201062,0.25,traj,3.139668301739965,-330.5588610778399,26.426561391609738,-0.015872597694396973,0.0019612854986804547,1.0,0.75,0.0,0.0,0
48,82,2.4,0.0,9.292876243591309,330.5398864746094,0.03203994035720825,3.1646909713745117,0.0019612854986804547,0.75,0.0,0.030241478234529495,10.553167343139648,0.03555956110358238,7.560815811157227,0.026252467185258865,4.627413272857666,0.0107186958193779,1.9462860822677612,0.0107186958193779,1.9462860822677612,0.03212170675396919,10.982829093933105,5.737963835398356,0.003505984164423131,-0.001131410718052415,0.001861957631201062,0.001861957631201062,0.25,traj,3.139668301739965,-330.5588610778399,26.426561391609738,-0.015872597694396973,0.0019612854986804547,1.0,0.75,0.0,0.0,0
49,83,2.45,0.0,9.292876243591309,330.5398864746094,0.03203994035720825,3.6859471797943115,0.002957703376879534,0.75,0.0,0.03678613156080246,10.922639846801758,0.04270276427268982,8.020280838012695,0.040424175560474396,5.1029253005981445,0.01966717094182968,2.2693748474121094,0.01966717094182968,2.2693748474121094,0.0450478233397007,10.29670238494873,5.768898804982503,0.005517019529047219,-0.0012977637698376146,0.0027851715340144524,0.0027851715340144524,0.25,traj,3.138581113019262,-330.55580918196836,27.112640417813406,0.022634387016296387,0.002957703376879534,1.0,0.75,0.0,0.0,0
50,84,2.5,0.0,9.292876243591309,330.5398864746094,0.03203994035720825,3.6859471797943115,0.002957703376879534,0.75,0.0,0.03678613156080246,10.922639846801758,0.04270276427268982,8.020280838012695,0.040424175560474396,5.1029253005981445,0.01966717094182968,2.2693748474121094,0.01966717094182968,2.2693748474121094,0.0450478233397007,10.29670238494873,5.768898804982503,0.005517019529047219,-0.0012977637698376146,0.0027851715340144524,0.0027851715340144524,0.25,traj,3.138581113019262,-330.55580918196836,27.112640417813406,0.022634387016296387,0.002957703376879534,1.0,0.75,0.0,0.0,0
51,85,2.55,0.0,9.292876243591309,330.5398864746094,0.03203994035720825,3.6859471797943115,0.002957703376879534,0.75,0.0,0.03678613156080246,10.922639846801758,0.04270276427268982,8.020280838012695,0.040424175560474396,5.1029253005981445,0.01966717094182968,2.2693748474121094,0.01966717094182968,2.2693748474121094,0.0450478233397007,10.29670238494873,5.768898804982503,0.005517019529047219,-0.0012977637698376146,0.0027851715340144524,0.0027851715340144524,0.25,traj,3.138581113019262,-330.55580918196836,27.112640417813406,0.022634387016296387,0.002957703376879534,1.0,0.75,0.0,0.0,0
52,86,2.6,0.0,9.292876243591309,330.5398864746094,0.03203994035720825,3.6859471797943115,0.002957703376879534,0.75,0.0,0.03678613156080246,10.922639846801758,0.04270276427268982,8.020280838012695,0.040424175560474396,5.1029253005981445,0.01966717094182968,2.2693748474121094,0.01966717094182968,2.2693748474121094,0.0450478233397007,10.29670238494873,5.768898804982503,0.005517019529047219,-0.0012977637698376146,0.0027851715340144524,0.0027851715340144524,0.25,traj,3.138581113019262,-330.55580918196836,27.112640417813406,0.022634387016296387,0.002957703376879534,1.0,0.75,0.0,0.0,0
53,87,2.65,0.0,9.292876243591309,330.5398864746094,0.03203994035720825,4.199365139007568,0.0014463219632512667,0.75,0.0,0.005728334188461304,11.238524436950684,0.021056093275547028,8.309338569641113,0.02763332426548004,5.356151103973389,0.013022743165493011,2.465183973312378,0.013022743165493011,2.465183973312378,0.019693801179528236,9.50594711303711,5.848949909210205,0.003363005537797531,-0.0033312628677319663,0.0013188817011942704,0.0013188817011942704,0.25,traj,3.140869335332189,-330.5570299396842,27.903472938422546,0.031905531883239746,0.0014463219632512667,1.0,0.75,0.0,0.0,0
54,88,2.7,0.0,9.292876243591309,330.5398864746094,0.03203994035720825,4.199365139007568,0.0014463219632512667,0.75,0.0,0.005728334188461304,11.238524436950684,0.021056093275547028,8.309338569641113,0.02763332426548004,5.356151103973389,0.013022743165493011,2.465183973312378,0.013022743165493011,2.465183973312378,0.019693801179528236,9.50594711303711,5.848949909210205,0.003363005537797531,-0.0033312628677319663,0.0013188817011942704,0.0013188817011942704,0.25,traj,3.140869335332189,-330.5570299396842,27.903472938422546,0.031905531883239746,0.0014463219632512667,1.0,0.75,0.0,0.0,0
55,89,2.75,0.0,9.292876243591309,330.5398864746094,0.03203994035720825,4.199365139007568,0.0014463219632512667,0.75,0.0,0.005728334188461304,11.238524436950684,0.021056093275547028,8.309338569641113,0.02763332426548004,5.356151103973389,0.013022743165493011,2.465183973312378,0.013022743165493011,2.465183973312378,0.019693801179528236,9.50594711303711,5.848949909210205,0.003363005537797531,-0.0033312628677319663,0.0013188817011942704,0.0013188817011942704,0.25,traj,3.140869335332189,-330.5570299396842,27.903472938422546,0.031905531883239746,0.0014463219632512667,1.0,0.75,0.0,0.0,0
56,90,2.8,0.0,9.292876243591309,330.5398864746094,0.03203994035720825,4.199365139007568,0.0014463219632512667,0.75,0.0,0.005728334188461304,11.238524436950684,0.021056093275547028,8.309338569641113,0.02763332426548004,5.356151103973389,0.013022743165493011,2.465183973312378,0.013022743165493011,2.465183973312378,0.019693801179528236,9.50594711303711,5.848949909210205,0.003363005537797531,-0.0033312628677319663,0.0013188817011942704,0.0013188817011942704,0.25,traj,3.140869335332189,-330.5570299396842,27.903472938422546,0.031905531883239746,0.0014463219632512667,1.0,0.75,0.0,0.0,0
57,91,2.85,0.0,9.292876243591309,330.5398864746094,0.03203994035720825,4.699789047241211,0.0011722179341221925,0.75,0.0,0.024517856538295746,11.564865112304688,0.008305579423904419,8.642366409301758,0.005005247890949249,5.662408351898193,0.004231639206409454,2.685748338699341,0.004231639206409454,2.685748338699341,-0.01604328490793705,8.613330841064453,5.919442494710286,0.0010030233975765696,0.00353155942831529,-0.0011857486674494053,0.0010030233975765696,0.25,traj,3.1443410674717764,-330.5622181686774,28.796089211611825,-0.01849120855331421,0.0011722179341221925,0.8571430444717407,0.75,0.0,0.0,0
58,92,2.9,0.0,9.292876243591309,330.5398864746094,0.03203994035720825,4.699789047241211,0.0011722179341221925,0.75,0.0,0.024517856538295746,11.564865112304688,0.008305579423904419,8.642366409301758,0.005005247890949249,5.662408351898193,0.004231639206409454,2.685748338699341,0.004231639206409454,2.685748338699341,-0.01604328490793705,8.613330841064453,5.919442494710286,0.0010030233975765696,0.00353155942831529,-0.0011857486674494053,0.0010030233975765696,0.25,traj,3.1443410674717764,-330.5622181686774,28.796089211611825,-0.01849120855331421,0.0011722179341221925,0.8571430444717407,0.75,0.0,0.0,0
59,93,2.95,0.0,9.292876243591309,330.5398864746094,0.03203994035720825,4.699789047241211,0.0011722179341221925,0.75,0.0,0.024517856538295746,11.564865112304688,0.008305579423904419,8.642366409301758,0.005005247890949249,5.662408351898193,0.004231639206409454,2.685748338699341,0.004231639206409454,2.685748338699341,-0.01604328490793705,8.613330841064453,5.919442494710286,0.0010030233975765696,0.00353155942831529,-0.0011857486674494053,0.0010030233975765696,0.25,traj,3.1443410674717764,-330.5622181686774,28.796089211611825,-0.01849120855331421,0.0011722179341221925,0.8571430444717407,0.75,0.0,0.0,0
60,94,3.0,0.0,9.292876243591309,330.5398864746094,0.03203994035720825,4.699789047241211,0.0011722179341221925,0.75,0.0,0.024517856538295746,11.564865112304688,0.008305579423904419,8.642366409301758,0.005005247890949249,5.662408351898193,0.004231639206409454,2.685748338699341,0.004231639206409454,2.685748338699341,-0.01604328490793705,8.613330841064453,5.919442494710286,0.0010030233975765696,0.00353155942831529,-0.0011857486674494053,0.0010030233975765696,0.25,traj,3.1443410674717764,-330.5622181686774,28.796089211611825,-0.01849120855331421,0.0011722179341221925,0.8571430444717407,0.75,0.0,0.0,0
61,95,3.05,0.0,9.292876243591309,330.5398864746094,0.03203994035720825,5.175722122192383,-0.00038112076239503256,0.75,0.0,0.023326829075813293,11.513785362243652,0.036831311881542206,8.615737915039062,0.03398109972476959,5.698578834533691,0.023404352366924286,2.772090196609497,0.023404352366924286,2.772090196609497,-0.006267450749874115,7.6220550537109375,5.827831427256267,0.00537472392133862,-0.0029665307660532857,-0.0005234479909305024,-0.0005234479909305024,0.25,traj,3.1432357589390616,-330.56359151992115,29.78737644440824,0.031682491302490234,-0.00038112076239503256,0.5543475151062012,0.75,0.0,0.0,0
62,96,3.1,0.0,9.292876243591309,330.5398864746094,0.03203994035720825,5.175722122192383,-0.00038112076239503256,0.75,0.0,0.023326829075813293,11.513785362243652,0.036831311881542206,8.615737915039062,0.03398109972476959,5.698578834533691,0.023404352366924286,2.772090196609497,0.023404352366924286,2.772090196609497,-0.006267450749874115,7.6220550537109375,5.827831427256267,0.00537472392133862,-0.0029665307660532857,-0.0005234479909305024,-0.0005234479909305024,0.25,traj,3.1432357589390616,-330.56359151992115,29.78737644440824,0.031682491302490234,-0.00038112076239503256,0.5543475151062012,0.75,0.0,0.0,0
63,97,3.15,0.0,9.292876243591309,330.5398864746094,0.03203994035720825,5.175722122192383,-0.00038112076239503256,0.75,0.0,0.023326829075813293,11.513785362243652,0.036831311881542206,8.615737915039062,0.03398109972476959,5.698578834533691,0.023404352366924286,2.772090196609497,0.023404352366924286,2.772090196609497,-0.006267450749874115,7.6220550537109375,5.827831427256267,0.00537472392133862,-0.0029665307660532857,-0.0005234479909305024,-0.0005234479909305024,0.25,traj,3.1432357589390616,-330.56359151992115,29.78737644440824,0.031682491302490234,-0.00038112076239503256,0.5543475151062012,0.75,0.0,0.0,0
64,98,3.2,0.0,9.292876243591309,330.5398864746094,0.03203994035720825,5.175722122192383,-0.00038112076239503256,0.75,0.0,0.023326829075813293,11.513785362243652,0.036831311881542206,8.615737915039062,0.03398109972476959,5.698578834533691,0.023404352366924286,2.772090196609497,0.023404352366924286,2.772090196609497,-0.006267450749874115,7.6220550537109375,5.827831427256267,0.00537472392133862,-0.0029665307660532857,-0.0005234479909305024,-0.0005234479909305024,0.25,traj,3.1432357589390616,-330.56359151992115,29.78737644440824,0.031682491302490234,-0.00038112076239503256,0.5543475151062012,0.75,0.0,0.0,0
65,99,3.25,0.0,9.292876243591309,330.5398864746094,0.03203994035720825,5.163016319274902,-0.002470208113759441,0.75,0.0,-0.030869826674461365,11.60106086730957,-0.0058932676911354065,8.749226570129395,0.007733523845672607,5.783066749572754,0.018641136586666107,2.7970590591430664,0.018641136586666107,2.7970590591430664,-0.02572149969637394,6.594523906707764,5.869441668192546,0.004242733902895173,-0.0055753594650350445,-0.0024830292638071605,-0.0024830292638071605,0.25,traj,3.1456920663502554,-330.5685355945236,30.81485752491024,0.028845548629760742,-0.002470208113759441,0.5575927495956421,0.75,0.0,0.0,0
66,100,3.3,0.0,9.292876243591309,330.5398864746094,0.03203994035720825,5.163016319274902,-0.002470208113759441,0.75,0.0,-0.030869826674461365,11.60106086730957,-0.0058932676911354065,8.749226570129395,0.007733523845672607,5.783066749572754,0.018641136586666107,2.7970590591430664,0.018641136586666107,2.7970590591430664,-0.02572149969637394,6.594523906707764,5.869441668192546,0.004242733902895173,-0.0055753594650350445,-0.0024830292638071605,-0.0024830292638071605,0.25,traj,3.1456920663502554,-330.5685355945236,30.81485752491024,0.028845548629760742,-0.002470208113759441,0.5575927495956421,0.75,0.0,0.0,0
67,101,3.35,0.0,9.292876243591309,330.5398864746094,0.03203994035720825,5.163016319274902,-0.002470208113759441,0.75,0.0,-0.030869826674461365,11.60106086730957,-0.0058932676911354065,8.749226570129395,0.007733523845672607,5.783066749572754,0.018641136586666107,2.7970590591430664,0.018641136586666107,2.7970590591430664,-0.02572149969637394,6.594523906707764,5.869441668192546,0.004242733902895173,-0.0055753594650350445,-0.0024830292638071605,-0.0024830292638071605,0.25,traj,3.1456920663502554,-330.5685355945236,30.81485752491024,0.028845548629760742,-0.002470208113759441,0.5575927495956421,0.75,0.0,0.0,0
68,102,3.4,0.0,9.292876243591309,330.5398864746094,0.03203994035720825,5.163016319274902,-0.002470208113759441,0.75,0.0,-0.030869826674461365,11.60106086730957,-0.0058932676911354065,8.749226570129395,0.007733523845672607,5.783066749572754,0.018641136586666107,2.7970590591430664,0.018641136586666107,2.7970590591430664,-0.02572149969637394,6.594523906707764,5.869441668192546,0.004242733902895173,-0.0055753594650350445,-0.0024830292638071605,-0.0024830292638071605,0.25,traj,3.1456920663502554,-330.5685355945236,30.81485752491024,0.028845548629760742,-0.002470208113759441,0.5575927495956421,0.75,0.0,0.0,0
69,103,3.45,0.0,9.292876243591309,330.5398864746094,0.03203994035720825,5.4489264488220215,0.00389971452947123,0.75,0.0,-0.06661410629749298,11.406131744384766,-0.038683779537677765,8.660178184509277,-0.011941790580749512,5.787213325500488,0.01567036658525467,2.835132360458374,0.01567036658525467,2.835132360458374,-0.04627520591020584,5.53214693069458,5.714263280232747,0.003518657959883044,-0.006475123051698058,-0.005325070977449466,0.003518657959883044,0.25,traj,3.14857812325028,-330.5774776559451,31.87709621959536,0.004815459251403809,0.00389971452947123,0.4763680696487427,0.75,0.0,0.0,0
70,104,3.5,0.0,9.292876243591309,330.5398864746094,0.03203994035720825,5.4489264488220215,0.00389971452947123,0.75,0.0,-0.06661410629749298,11.406131744384766,-0.038683779537677765,8.660178184509277,-0.011941790580749512,5.787213325500488,0.01567036658525467,2.835132360458374,0.01567036658525467,2.835132360458374,-0.04627520591020584,5.53214693069458,5.714263280232747,0.003518657959883044,-0.006475123051698058,-0.005325070977449466,0.003518657959883044,0.25,traj,3.14857812325028,-330.5774776559451,31.87709621959536,0.004815459251403809,0.00389971452947123,0.4763680696487427,0.75,0.0,0.0,0
71,105,3.55,0.0,9.292876243591309,330.5398864746094,0.03203994035720825,5.4489264488220215,0.00389971452947123,0.75,0.0,-0.06661410629749298,11.406131744384766,-0.038683779537677765,8.660178184509277,-0.011941790580749512,5.787213325500488,0.01567036658525467,2.835132360458374,0.01567036658525467,2.835132360458374,-0.04627520591020584,5.53214693069458,5.714263280232747,0.003518657959883044,-0.006475123051698058,-0.005325070977449466,0.003518657959883044,0.25,traj,3.14857812325028,-330.5774776559451,31.87709621959536,0.004815459251403809,0.00389971452947123,0.4763680696487427,0.75,0.0,0.0,0
72,106,3.6,0.0,9.292876243591309,330.5398864746094,0.03203994035720825,5.4489264488220215,0.00389971452947123,0.75,0.0,-0.06661410629749298,11.406131744384766,-0.038683779537677765,8.660178184509277,-0.011941790580749512,5.787213325500488,0.01567036658525467,2.835132360458374,0.01567036658525467,2.835132360458374,-0.04627520591020584,5.53214693069458,5.714263280232747,0.003518657959883044,-0.006475123051698058,-0.005325070977449466,0.003518657959883044,0.25,traj,3.14857812325028,-330.5774776559451,31.87709621959536,0.004815459251403809,0.00389971452947123,0.4763680696487427,0.75,0.0,0.0,0
73,107,3.65,0.0,9.292876243591309,330.5398864746094,0.03203994035720825,5.809823989868164,-0.005061986004388171,0.0,0.0,-0.048116326332092285,11.382771492004395,-0.08485188335180283,8.689557075500488,-0.07515861093997955,5.846813201904297,-0.023233719170093536,2.908796548843384,-0.023233719170093536,2.908796548843384,-0.05810017138719559,4.402347564697266,5.649800618489584,-0.005084800100646573,0.008682963991329683,-0.008401312288632432,-0.005084800100646573,0.0,traj,3.1505332748082022,-330.5885865644478,33.00674061505594,-0.01307058334350586,-0.005061986004388171,0.4427284002304077,0.0,0.0,0.0,0
74,108,3.7,0.0,9.292876243591309,330.5398864746094,0.03203994035720825,5.809823989868164,-0.005061986004388171,0.0,0.0,-0.048116326332092285,11.382771492004395,-0.08485188335180283,8.689557075500488,-0.07515861093997955,5.846813201904297,-0.023233719170093536,2.908796548843384,-0.023233719170093536,2.908796548843384,-0.05810017138719559,4.402347564697266,5.649800618489584,-0.005084800100646573,0.008682963991329683,-0.008401312288632432,-0.005084800100646573,0.0,traj,3.1505332748082022,-330.5885865644478,33.00674061505594,-0.01307058334350586,-0.005061986004388171,0.4427284002304077,0.0,0.0,0.0,0
75,109,3.75,0.0,9.292876243591309,330.5398864746094,0.03203994035720825,5.809823989868164,-0.005061986004388171,0.0,0.0,-0.048116326332092285,11.382771492004395,-0.08485188335180283,8.689557075500488,-0.07515861093997955,5.846813201904297,-0.023233719170093536,2.908796548843384,-0.023233719170093536,2.908796548843384,-0.05810017138719559,4.402347564697266,5.649800618489584,-0.005084800100646573,0.008682963991329683,-0.008401312288632432,-0.005084800100646573,0.0,traj,3.1505332748082022,-330.5885865644478,33.00674061505594,-0.01307058334350586,-0.005061986004388171,0.4427284002304077,0.0,0.0,0.0,0
76,110,3.8,0.0,9.292876243591309,330.5398864746094,0.03203994035720825,5.809823989868164,-0.005061986004388171,0.0,0.0,-0.048116326332092285,11.382771492004395,-0.08485188335180283,8.689557075500488,-0.07515861093997955,5.846813201904297,-0.023233719170093536,2.908796548843384,-0.023233719170093536,2.908796548843384,-0.05810017138719559,4.402347564697266,5.649800618489584,-0.005084800100646573,0.008682963991329683,-0.008401312288632432,-0.005084800100646573,0.0,traj,3.1505332748082022,-330.5885865644478,33.00674061505594,-0.01307058334350586,-0.005061986004388171,0.4427284002304077,0.0,0.0,0.0,0
77,111,3.85,0.0,9.292876243591309,330.5398864746094,0.03203994035720825,5.9064178466796875,-0.0022896378334893827,0.0,0.0,-0.08346033096313477,11.366254806518555,-0.06908311694860458,8.928764343261719,-0.044136688113212585,6.038668632507324,-0.011609382927417755,2.9716970920562744,-0.011609382927417755,2.9716970920562744,-0.12392939627170563,15.505582809448242,5.59658686319987,-0.00248705148631839,-0.0037549622692450903,-0.005088063413250024,-0.00248705148631839,0.0,traj,3.148317531743322,-330.5960942356323,34.190357254852785,-0.049427926540374756,-0.0022896378334893827,0.4460933208465576,0.0,0.0,0.0,0
78,112,3.9,0.0,9.292876243591309,330.5398864746094,0.03203994035720825,5.9064178466796875,-0.0022896378334893827,0.0,0.0,-0.08346033096313477,11.366254806518555,-0.06908311694860458,8.928764343261719,-0.044136688113212585,6.038668632507324,-0.011609382927417755,2.9716970920562744,-0.011609382927417755,2.9716970920562744,-0.12392939627170563,15.505582809448242,5.59658686319987,-0.00248705148631839,-0.0037549622692450903,-0.005088063413250024,-0.00248705148631839,0.0,traj,3.148317531743322,-330.5960942356323,34.190357254852785,-0.049427926540374756,-0.0022896378334893827,0.4460933208465576,0.0,0.0,0.0,0
79,113,3.95,0.0,9.292876243591309,330.5398864746094,0.03203994035720825,5.9064178466796875,-0.0022896378334893827,0.0,0.0,-0.08346033096313477,11.366254806518555,-0.06908311694860458,8.928764343261719,-0.044136688113212585,6.038668632507324,-0.011609382927417755,2.9716970920562744,-0.011609382927417755,2.9716970920562744,-0.12392939627170563,15.505582809448242,5.59658686319987,-0.00248705148631839,-0.0037549622692450903,-0.005088063413250024,-0.00248705148631839,0.0,traj,3.148317531743322,-330.5960942356323,34.190357254852785,-0.049427926540374756,-0.0022896378334893827,0.4460933208465576,0.0,0.0,0.0,0
80,114,4.0,0.0,9.292876243591309,330.5398864746094,0.03203994035720825,5.9064178466796875,-0.0022896378334893827,0.0,0.0,-0.08346033096313477,11.366254806518555,-0.06908311694860458,8.928764343261719,-0.044136688113212585,6.038668632507324,-0.011609382927417755,2.9716970920562744,-0.011609382927417755,2.9716970920562744,-0.12392939627170563,15.505582809448242,5.59658686319987,-0.00248705148631839,-0.0037549622692450903,-0.005088063413250024,-0.00248705148631839,0.0,traj,3.148317531743322,-330.5960942356323,34.190357254852785,-0.049427926540374756,-0.0022896378334893827,0.4460933208465576,0.0,0.0,0.0,0
81,115,4.05,0.0,9.292876243591309,330.5398864746094,0.03203994035720825,5.681283473968506,-0.0012310552731506481,0.0,0.0,-0.009379424154758453,11.353721618652344,-0.000744253396987915,8.951849937438965,0.007342107594013214,6.054590225219727,0.01732068508863449,2.9328534603118896,0.01732068508863449,2.9328534603118896,-0.026153089478611946,14.343939781188965,5.6139403978983555,0.0037596877465937155,-0.0022887483274156867,-0.001160704640492692,-0.001160704640492692,0.0,traj,3.142147854962621,-330.5946293235257,35.352470446133985,0.009647607803344727,-0.0012310552731506481,0.4966953992843628,0.0,0.0,0.0,0
82,116,4.1,0.0,9.292876243591309,330.5398864746094,0.03203994035720825,5.681283473968506,-0.0012310552731506481,0.0,0.0,-0.009379424154758453,11.353721618652344,-0.000744253396987915,8.951849937438965,0.007342107594013214,6.054590225219727,0.01732068508863449,2.9328534603118896,0.01732068508863449,2.9328534603118896,-0.026153089478611946,14.343939781188965,5.6139403978983555,0.0037596877465937155,-0.0022887483274156867,-0.001160704640492692,-0.001160704640492692,0.0,traj,3.142147854962621,-330.5946293235257,35.352470446133985,0.009647607803344727,-0.0012310552731506481,0.4966953992843628,0.0,0.0,0.0,0
83,117,4.15,0.0,9.292876243591309,330.5398864746094,0.03203994035720825,5.681283473968506,-0.0012310552731506481,0.0,0.0,-0.009379424154758453,11.353721618652344,-0.000744253396987915,8.951849937438965,0.007342107594013214,6.054590225219727,0.01732068508863449,2.9328534603118896,0.01732068508863449,2.9328534603118896,-0.026153089478611946,14.343939781188965,5.6139403978983555,0.0037596877465937155,-0.0022887483274156867,-0.001160704640492692,-0.001160704640492692,0.0,traj,3.142147854962621,-330.5946293235257,35.352470446133985,0.009647607803344727,-0.0012310552731506481,0.4966953992843628,0.0,0.0,0.0,0
84,118,4.2,0.0,9.292876243591309,330.5398864746094,0.03203994035720825,5.681283473968506,-0.0012310552731506481,0.0,0.0,-0.009379424154758453,11.353721618652344,-0.000744253396987915,8.951849937438965,0.007342107594013214,6.054590225219727,0.01732068508863449,2.9328534603118896,0.01732068508863449,2.9328534603118896,-0.026153089478611946,14.343939781188965,5.6139403978983555,0.0037596877465937155,-0.0022887483274156867,-0.001160704640492692,-0.001160704640492692,0.0,traj,3.142147854962621,-330.5946293235257,35.352470446133985,0.009647607803344727,-0.0012310552731506481,0.4966953992843628,0.0,0.0,0.0,0
85,119,4.25,0.0,9.292876243591309,330.5398864746094,0.03203994035720825,5.386735916137695,-0.0012813610393438693,0.0,0.0,0.019468136131763458,10.564858436584473,0.01907305419445038,8.687641143798828,0.020862095057964325,5.970670700073242,0.026400126516819,2.850816011428833,0.026400126516819,2.850816011428833,-0.013485293835401535,13.235916137695312,5.142698685328166,0.00589526022708437,0.00013399566217861392,-0.0006485922347232915,-0.0006485922347232915,0.0,traj,3.141322569051061,-330.59350012192664,36.46051030360126,0.04136466979980469,-0.0012813610393438693,0.6463934183120728,0.0,0.0,0.0,0
86,120,4.3,0.0,9.292876243591309,330.5398864746094,0.03203994035720825,5.386735916137695,-0.0012813610393438693,0.0,0.0,0.019468136131763458,10.564858436584473,0.01907305419445038,8.687641143798828,0.020862095057964325,5.970670700073242,0.026400126516819,2.850816011428833,0.026400126516819,2.850816011428833,-0.013485293835401535,13.235916137695312,5.142698685328166,0.00589526022708437,0.00013399566217861392,-0.0006485922347232915,-0.0006485922347232915,0.0,traj,3.141322569051061,-330.59350012192664,36.46051030360126,0.04136466979980469,-0.0012813610393438693,0.6463934183120728,0.0,0.0,0.0,0
87,121,4.35,0.0,9.292876243591309,330.5398864746094,0.03203994035720825,5.386735916137695,-0.0012813610393438693,0.0,0.0,0.019468136131763458,10.564858436584473,0.01907305419445038,8.687641143798828,0.020862095057964325,5.970670700073242,0.026400126516819,2.850816011428833,0.026400126516819,2.850816011428833,-0.013485293835401535,13.235916137695312,5.142698685328166,0.00589526022708437,0.00013399566217861392,-0.0006485922347232915,-0.0006485922347232915,0.0,traj,3.141322569051061,-330.59350012192664,36.46051030360126,0.04136466979980469,-0.0012813610393438693,0.6463934183120728,0.0,0.0,0.0,0
88,122,4.4,0.0,9.292876243591309,330.5398864746094,0.03203994035720825,5.386735916137695,-0.0012813610393438693,0.0,0.0,0.019468136131763458,10.564858436584473,0.01907305419445038,8.687641143798828,0.020862095057964325,5.970670700073242,0.026400126516819,2.850816011428833,0.026400126516819,2.850816011428833,-0.013485293835401535,13.235916137695312,5.142698685328166,0.00589526022708437,0.00013399566217861392,-0.0006485922347232915,-0.0006485922347232915,0.0,traj,3.141322569051061,-330.59350012192664,36.46051030360126,0.04136466979980469,-0.0012813610393438693,0.6463934183120728,0.0,0.0,0.0,0
89,123,4.45,0.0,9.292876243591309,330.5398864746094,0.03203994035720825,5.100513458251953,0.00043085070318000607,0.75,0.0,-0.046373456716537476,10.64680290222168,-0.025881074368953705,8.528409957885742,-0.005069449543952942,5.809902667999268,0.0059939101338386536,2.7631070613861084,0.0059939101338386536,2.7631070613861084,-0.06358560919761658,12.186537742614746,5.255929787953694,0.0013809605316506084,-0.006158126383218688,-0.0033216247119031705,0.0013809605316506084,0.15541632970174124,traj,3.144997195401464,-330.5985357526459,37.509738973244225,0.013593316078186035,0.00043085070318000607,0.7874361276626587,0.75,0.0,0.0,0
90,124,4.5,0.0,9.292876243591309,330.5398864746094,0.03203994035720825,5.100513458251953,0.00043085070318000607,0.75,0.0,-0.046373456716537476,10.64680290222168,-0.025881074368953705,8.528409957885742,-0.005069449543952942,5.809902667999268,0.0059939101338386536,2.7631070613861084,0.0059939101338386536,2.7631070613861084,-0.06358560919761658,12.186537742614746,5.255929787953694,0.0013809605316506084,-0.006158126383218688,-0.0033216247119031705,0.0013809605316506084,0.15541632970174124,traj,3.144997195401464,-330.5985357526459,37.509738973244225,0.013593316078186035,0.00043085070318000607,0.7874361276626587,0.75,0.0,0.0,0
91,125,4.55,0.0,9.292876243591309,330.5398864746094,0.03203994035720825,5.100513458251953,0.00043085070318000607,0.75,0.0,-0.046373456716537476,10.64680290222168,-0.025881074368953705,8.528409957885742,-0.005069449543952942,5.809902667999268,0.0059939101338386536,2.7631070613861084,0.0059939101338386536,2.7631070613861084,-0.06358560919761658,12.186537742614746,5.255929787953694,0.0013809605316506084,-0.006158126383218688,-0.0033216247119031705,0.0013809605316506084,0.15541632970174124,traj,3.144997195401464,-330.5985357526459,37.509738973244225,0.013593316078186035,0.00043085070318000607,0.7874361276626587,0.75,0.0,0.0,0
92,126,4.6,0.0,9.292876243591309,330.5398864746094,0.03203994035720825,5.100513458251953,0.00043085070318000607,0.75,0.0,-0.046373456716537476,10.64680290222168,-0.025881074368953705,8.528409957885742,-0.005069449543952942,5.809902667999268,0.0059939101338386536,2.7631070613861084,0.0059939101338386536,2.7631070613861084,-0.06358560919761658,12.186537742614746,5.255929787953694,0.0013809605316506084,-0.006158126383218688,-0.0033216247119031705,0.0013809605316506084,0.15541632970174124,traj,3.144997195401464,-330.5985357526459,37.509738973244225,0.013593316078186035,0.00043085070318000607,0.7874361276626587,0.75,0.0,0.0,0
93,127,4.65,0.0,9.292876243591309,330.5398864746094,0.03203994035720825,5.097803115844727,-0.004796996008932832,0.0,1.0,-0.05754607915878296,9.527931213378906,-0.05244859308004379,8.023487091064453,-0.04101264476776123,5.661622524261475,-0.016602851450443268,2.727949857711792,-0.016602851450443268,2.727949857711792,-0.0912761464715004,11.170796394348145,4.533412853876749,-0.003874490579720314,-0.0021570015674252188,-0.005201672226444569,-0.003874490579720314,0.0,traj,3.147159890332494,-330.60552460108926,38.52529149538036,-0.03246665000915527,-0.004796996008932832,0.7535043954849243,0.0,0.0,1.0,0
94,128,4.7,0.0,9.292876243591309,330.5398864746094,0.03203994035720825,5.097803115844727,-0.004796996008932832,0.0,1.0,-0.05754607915878296,9.527931213378906,-0.05244859308004379,8.023487091064453,-0.04101264476776123,5.661622524261475,-0.016602851450443268,2.727949857711792,-0.016602851450443268,2.727949857711792,-0.0912761464715004,11.170796394348145,4.533412853876749,-0.003874490579720314,-0.0021570015674252188,-0.005201672226444569,-0.003874490579720314,0.0,traj,3.147159890332494,-330.60552460108926,38.52529149538036,-0.03246665000915527,-0.004796996008932832,0.7535043954849243,0.0,0.0,1.0,0
95,129,4.75,0.0,9.292876243591309,330.5398864746094,0.03203994035720825,5.097803115844727,-0.004796996008932832,0.0,1.0,-0.05754607915878296,9.527931213378906,-0.05244859308004379,8.023487091064453,-0.04101264476776123,5.661622524261475,-0.016602851450443268,2.727949857711792,-0.016602851450443268,2.727949857711792,-0.0912761464715004,11.170796394348145,4.533412853876749,-0.003874490579720314,-0.0021570015674252188,-0.005201672226444569,-0.003874490579720314,0.0,traj,3.147159890332494,-330.60552460108926,38.52529149538036,-0.03246665000915527,-0.004796996008932832,0.7535043954849243,0.0,0.0,1.0,0
96,130,4.8,0.0,9.292876243591309,330.5398864746094,0.03203994035720825,5.097803115844727,-0.004796996008932832,0.0,1.0,-0.05754607915878296,9.527931213378906,-0.05244859308004379,8.023487091064453,-0.04101264476776123,5.661622524261475,-0.016602851450443268,2.727949857711792,-0.016602851450443268,2.727949857711792,-0.0912761464715004,11.170796394348145,4.533412853876749,-0.003874490579720314,-0.0021570015674252188,-0.005201672226444569,-0.003874490579720314,0.0,traj,3.147159890332494,-330.60552460108926,38.52529149538036,-0.03246665000915527,-0.004796996008932832,0.7535043954849243,0.0,0.0,1.0,0
97,131,4.85,0.0,9.292876243591309,330.5398864746094,0.03203994035720825,3.540523052215576,-0.003702358587512893,0.75,0.0,-0.04242432862520218,8.663236618041992,-0.05184301733970642,7.58195686340332,-0.03847668319940567,5.223529815673828,-0.02153369039297104,2.227834701538086,-0.02153369039297104,2.227834701538086,-0.05112551897764206,10.253799438476562,4.290352503458659,-0.006153193468818124,0.005545250977616605,-0.0031741685168216733,-0.0031741685168216733,0.25,traj,3.1436677734043936,-330.60628757505714,39.44253926884735,-0.049269795417785645,-0.003702358587512893,1.0,0.75,0.0,0.0,0
98,132,4.9,0.0,9.292876243591309,330.5398864746094,0.03203994035720825,3.540523052215576,-0.003702358587512893,0.75,0.0,-0.04242432862520218,8.663236618041992,-0.05184301733970642,7.58195686340332,-0.03847668319940567,5.223529815673828,-0.02153369039297104,2.227834701538086,-0.02153369039297104,2.227834701538086,-0.05112551897764206,10.253799438476562,4.290352503458659,-0.006153193468818124,0.005545250977616605,-0.0031741685168216733,-0.0031741685168216733,0.25,traj,3.1436677734043936,-330.60628757505714,39.44253926884735,-0.049269795417785645,-0.003702358587512893,1.0,0.75,0.0,0.0,0
99,133,4.95,0.0,9.292876243591309,330.5398864746094,0.03203994035720825,3.540523052215576,-0.003702358587512893,0.75,0.0,-0.04242432862520218,8.663236618041992,-0.05184301733970642,7.58195686340332,-0.03847668319940567,5.223529815673828,-0.02153369039297104,2.227834701538086,-0.02153369039297104,2.227834701538086,-0.05112551897764206,10.253799438476562,4.290352503458659,-0.006153193468818124,0.005545250977616605,-0.0031741685168216733,-0.0031741685168216733,0.25,traj,3.1436677734043936,-330.60628757505714,39.44253926884735,-0.049269795417785645,-0.003702358587512893,1.0,0.75,0.0,0.0,0
100,134,5.0,0.0,9.292876243591309,330.5398864746094,0.03203994035720825,3.540523052215576,-0.003702358587512893,0.75,0.0,-0.04242432862520218,8.663236618041992,-0.05184301733970642,7.58195686340332,-0.03847668319940567,5.223529815673828,-0.02153369039297104,2.227834701538086,-0.02153369039297104,2.227834701538086,-0.05112551897764206,10.253799438476562,4.290352503458659,-0.006153193468818124,0.005545250977616605,-0.0031741685168216733,-0.0031741685168216733,0.25,traj,3.1436677734043936,-330.60628757505714,39.44253926884735,-0.049269795417785645,-0.003702358587512893,1.0,0.75,0.0,0.0,0
101,135,5.05,0.0,9.292876243591309,330.5398864746094,0.03203994035720825,3.0439178943634033,-0.00029394193537628216,0.75,0.0,0.003367215394973755,8.625819206237793,-0.008042149245738983,7.245845794677734,-0.0076451897621154785,4.853018283843994,-0.007410727441310883,1.953994631767273,-0.007410727441310883,1.953994631767273,-0.0054029785096645355,9.661907196044922,4.447914361953735,-0.0024144238081439213,0.005263315946876634,-0.0003559565742836341,-0.0003559565742836341,0.25,traj,3.1395617286351065,-330.6014655752771,40.03454595300385,-0.0065615177154541016,-0.00029394193537628216,1.0,0.75,0.0,0.0,0
102,136,5.1,0.0,9.292876243591309,330.5398864746094,0.03203994035720825,3.0439178943634033,-0.00029394193537628216,0.75,0.0,0.003367215394973755,8.625819206237793,-0.008042149245738983,7.245845794677734,-0.0076451897621154785,4.853018283843994,-0.007410727441310883,1.953994631767273,-0.007410727441310883,1.953994631767273,-0.0054029785096645355,9.661907196044922,4.447914361953735,-0.0024144238081439213,0.005263315946876634,-0.0003559565742836341,-0.0003559565742836341,0.25,traj,3.1395617286351065,-330.6014655752771,40.03454595300385,-0.0065615177154541016,-0.00029394193537628216,1.0,0.75,0.0,0.0,0
103,137,5.15,0.0,9.292876243591309,330.5398864746094,0.03203994035720825,3.0439178943634033,-0.00029394193537628216,0.75,0.0,0.003367215394973755,8.625819206237793,-0.008042149245738983,7.245845794677734,-0.0076451897621154785,4.853018283843994,-0.007410727441310883,1.953994631767273,-0.007410727441310883,1.953994631767273,-0.0054029785096645355,9.661907196044922,4.447914361953735,-0.0024144238081439213,0.005263315946876634,-0.0003559565742836341,-0.0003559565742836341,0.25,traj,3.1395617286351065,-330.6014655752771,40.03454595300385,-0.0065615177154541016,-0.00029394193537628216,1.0,0.75,0.0,0.0,0
104,138,5.2,0.0,9.307119369506836,330.5398864746094,0.031208964064717293,3.0439178943634033,-0.00029394193537628216,0.75,0.0,0.003367215394973755,8.625819206237793,-0.008042149245738983,7.245845794677734,-0.0076451897621154785,4.853018283843994,-0.007410727441310883,1.953994631767273,-0.007410727441310883,1.953994631767273,-0.0054029785096645355,9.661907196044922,4.447914361953735,-0.0024144238081439213,0.005263315946876634,-0.0003559565742836341,-0.0003559565742836341,0.25,traj,3.1395617286351065,-330.6014655752771,40.03454595300385,-0.0065615177154541016,-0.00029394193537628216,1.0,0.75,0.0,0.0,0
105,139,5.25,0.0,9.350204467773438,330.5398864746094,0.02620687335729599,3.530364513397217,0.00027491890738469226,0.75,0.0,-0.01544206589460373,8.624685287475586,-0.022620633244514465,7.423427581787109,-0.008403711020946503,5.163749694824219,-0.005440421402454376,2.1767587661743164,-0.005440421402454376,2.1767587661743164,0.00563835958018899,9.004674911499023,4.2986626625061035,-0.0015910824491942733,0.0038043116491711325,0.0003986275470212191,0.0003986275470212191,0.25,traj,3.1385364095356802,-330.59832212012475,40.69177251639964,-0.0017251372337341309,0.00027491890738469226,1.0,0.75,0.0,0.0,0
106,140,5.3,0.0,9.412490844726562,330.5398864746094,0.016293570399284363,3.530364513397217,0.00027491890738469226,0.75,0.0,-0.01544206589460373,8.624685287475586,-0.022620633244514465,7.423427581787109,-0.008403711020946503,5.163749694824219,-0.005440421402454376,2.1767587661743164,-0.005440421402454376,2.1767587661743164,0.00563835958018899,9.004674911499023,4.2986626625061035,-0.0015910824491942733,0.0038043116491711325,0.0003986275470212191,0.0003986275470212191,0.25,traj,3.1385364095356802,-330.59832212012475,40.69177251639964,-0.0017251372337341309,0.00027491890738469226,1.0,0.75,0.0,0.0,0
107,141,5.35,0.0,9.489710807800293,330.5398254394531,-0.0079345703125,3.530364513397217,0.00027491890738469226,0.75,0.0,-0.01544206589460373,8.624685287475586,-0.022620633244514465,7.423427581787109,-0.008403711020946503,5.163749694824219,-0.005440421402454376,2.1767587661743164,-0.005440421402454376,2.1767587661743164,0.00563835958018899,9.004674911499023,4.2986626625061035,-0.0015910824491942733,0.0038043116491711325,0.0003986275470212191,0.0003986275470212191,0.25,traj,3.1385364095356802,-330.59832212012475,40.69177251639964,-0.0017251372337341309,0.00027491890738469226,1.0,0.75,0.0,0.0,0
108,142,5.4,0.0,9.578030586242676,330.5396423339844,-0.00933837890625,3.530364513397217,0.00027491890738469226,0.75,0.0,-0.01544206589460373,8.624685287475586,-0.022620633244514465,7.423427581787109,-0.008403711020946503,5.163749694824219,-0.005440421402454376,2.1767587661743164,-0.005440421402454376,2.1767587661743164,0.00563835958018899,9.004674911499023,4.2986626625061035,-0.0015910824491942733,0.0038043116491711325,0.0003986275470212191,0.0003986275470212191,0.25,traj,3.1385364095356802,-330.59832212012475,40.69177251639964,-0.0017251372337341309,0.00027491890738469226,1.0,0.75,0.0,0.0,0
109,143,5.45,0.0,9.674718856811523,330.53973388671875,-0.0040283203125,4.044544696807861,-0.00020904979877340912,0.75,0.0,0.03883442282676697,9.93186092376709,0.03051406890153885,7.817260265350342,0.026972368359565735,5.222116470336914,0.015242047607898712,2.350707769393921,0.015242047607898712,2.350707769393921,0.007045420352369547,8.244942665100098,5.054130554199219,0.004127834942857404,0.0025049061050715954,0.0005440346853517128,0.0005440346853517128,0.25,traj,3.1383728543904166,-330.5959416421043,41.45149999546248,0.014938592910766602,-0.00020904979877340912,1.0,0.75,0.0,0.0,0
110,144,5.5,0.0,9.779522895812988,330.53997802734375,0.008490119129419327,4.044544696807861,-0.00020904979877340912,0.75,0.0,0.03883442282676697,9.93186092376709,0.03051406890153885,7.817260265350342,0.026972368359565735,5.222116470336914,0.015242047607898712,2.350707769393921,0.015242047607898712,2.350707769393921,0.007045420352369547,8.244942665100098,5.054130554199219,0.004127834942857404,0.0025049061050715954,0.0005440346853517128,0.0005440346853517128,0.25,traj,3.1383728543904166,-330.5959416421043,41.45149999546248,0.014938592910766602,-0.00020904979877340912,1.0,0.75,0.0,0.0,0
111,145,5.55,0.0,9.892020225524902,330.5403137207031,0.020473087206482887,4.044544696807861,-0.00020904979877340912,0.75,0.0,0.03883442282676697,9.93186092376709,0.03051406890153885,7.817260265350342,0.026972368359565735,5.222116470336914,0.015242047607898712,2.350707769393921,0.015242047607898712,2.350707769393921,0.007045420352369547,8.244942665100098,5.054130554199219,0.004127834942857404,0.0025049061050715954,0.0005440346853517128,0.0005440346853517128,0.25,traj,3.1383728543904166,-330.5959416421043,41.45149999546248,0.014938592910766602,-0.00020904979877340912,1.0,0.75,0.0,0.0,0
112,146,5.6,0.0,10.01194953918457,330.5406188964844,0.03484944999217987,4.044544696807861,-0.00020904979877340912,0.75,0.0,0.03883442282676697,9.93186092376709,0.03051406890153885,7.817260265350342,0.026972368359565735,5.222116470336914,0.015242047607898712,2.350707769393921,0.015242047607898712,2.350707769393921,0.007045420352369547,8.244942665100098,5.054130554199219,0.004127834942857404,0.0025049061050715954,0.0005440346853517128,0.0005440346853517128,0.25,traj,3.1383728543904166,-330.5959416421043,41.45149999546248,0.014938592910766602,-0.00020904979877340912,1.0,0.75,0.0,0.0,0
113,147,5.65,0.0,10.139127731323242,330.5404968261719,0.02547948993742466,4.549631118774414,-0.0010358868864857652,0.09217137197653451,0.0,0.02851255238056183,8.975173950195312,0.019282184541225433,7.096479415893555,0.008340805768966675,5.061249256134033,0.009138993918895721,2.545884847640991,0.009138993918895721,2.545884847640991,-0.004171254113316536,7.382819652557373,4.286227544148763,0.0022852775777602967,0.003127819357376759,-0.00035967523283175214,-0.00035967523283175214,0.0,traj,3.1396277705815177,-330.5951176259792,42.31362539336605,-0.020745575428009033,-0.0010358868864857652,1.0,0.09217137197653451,0.0,0.0,0
114,148,5.7,0.0,10.273433685302734,330.5401916503906,0.00783179234713316,4.549631118774414,-0.0010358868864857652,0.09217137197653451,0.0,0.02851255238056183,8.975173950195312,0.019282184541225433,7.096479415893555,0.008340805768966675,5.061249256134033,0.009138993918895721,2.545884847640991,0.009138993918895721,2.545884847640991,-0.004171254113316536,7.382819652557373,4.286227544148763,0.0022852775777602967,0.003127819357376759,-0.00035967523283175214,-0.00035967523283175214,0.0,traj,3.1396277705815177,-330.5951176259792,42.31362539336605,-0.020745575428009033,-0.0010358868864857652,1.0,0.09217137197653451,0.0,0.0,0
115,149,5.75,0.0,10.414766311645508,330.53973388671875,-0.013122557662427425,4.549631118774414,-0.0010358868864857652,0.09217137197653451,0.0,0.02851255238056183,8.975173950195312,0.019282184541225433,7.096479415893555,0.008340805768966675,5.061249256134033,0.009138993918895721,2.545884847640991,0.009138993918895721,2.545884847640991,-0.004171254113316536,7.382819652557373,4.286227544148763,0.0022852775777602967,0.003127819357376759,-0.00035967523283175214,-0.00035967523283175214,0.0,traj,3.1396277705815177,-330.5951176259792,42.31362539336605,-0.020745575428009033,-0.0010358868864857652,1.0,0.09217137197653451,0.0,0.0,0
116,150,5.8,0.0,10.563055038452148,330.5391845703125,-0.033721923828125,4.549631118774414,-0.0010358868864857652,0.09217137197653451,0.0,0.02851255238056183,8.975173950195312,0.019282184541225433,7.096479415893555,0.008340805768966675,5.061249256134033,0.009138993918895721,2.545884847640991,0.009138993918895721,2.545884847640991,-0.004171254113316536,7.382819652557373,4.286227544148763,0.0022852775777602967,0.003127819357376759,-0.00035967523283175214,-0.00035967523283175214,0.0,traj,3.1396277705815177,-330.5951176259792,42.31362539336605,-0.020745575428009033,-0.0010358868864857652,1.0,0.09217137197653451,0.0,0.0,0
117,151,5.85,0.0,10.718236923217773,330.5386657714844,-0.049499500542879105,4.802196979522705,0.0006454780141990402,0.0890463719765345,0.0,0.05180219188332558,9.071171760559082,0.031125199049711227,6.848937034606934,0.0178387351334095,4.745244026184082,0.012277476489543915,2.5056235790252686,0.012277476489543915,2.5056235790252686,0.011859900318086147,6.439430236816406,4.377128918965657,0.0031193954574004097,0.005923339893672199,0.0011724879799836637,0.0011724879799836637,0.0,traj,3.1376229087498526,-330.59014303267116,43.25699621374365,-0.021312594413757324,0.0006454780141990402,1.0,0.0890463719765345,0.0,0.0,0
118,152,5.9,0.0,10.880257606506348,330.53814697265625,-0.0615234375,4.802196979522705,0.0006454780141990402,0.0890463719765345,0.0,0.05180219188332558,9.071171760559082,0.031125199049711227,6.848937034606934,0.0178387351334095,4.745244026184082,0.012277476489543915,2.5056235790252686,0.012277476489543915,2.5056235790252686,0.011859900318086147,6.439430236816406,4.377128918965657,0.0031193954574004097,0.005923339893672199,0.0011724879799836637,0.0011724879799836637,0.0,traj,3.1376229087498526,-330.59014303267116,43.25699621374365,-0.021312594413757324,0.0006454780141990402,1.0,0.0890463719765345,0.0,0.0,0
119,153,5.95,0.0,11.049077987670898,330.53759765625,-0.0749511644244194,4.802196979522705,0.0006454780141990402,0.0890463719765345,0.0,0.05180219188332558,9.071171760559082,0.031125199049711227,6.848937034606934,0.0178387351334095,4.745244026184082,0.012277476489543915,2.5056235790252686,0.012277476489543915,2.5056235790252686,0.011859900318086147,6.439430236816406,4.377128918965657,0.0031193954574004097,0.005923339893672199,0.0011724879799836637,0.0011724879799836637,0.0,traj,3.1376229087498526,-330.59014303267116,43.25699621374365,-0.021312594413757324,0.0006454780141990402,1.0,0.0890463719765345,0.0,0.0,0
120,154,6.0,0.0,11.224661827087402,330.53704833984375,-0.0874938815832138,4.802196979522705,0.0006454780141990402,0.0890463719765345,0.0,0.05180219188332558,9.071171760559082,0.031125199049711227,6.848937034606934,0.0178387351334095,4.745244026184082,0.012277476489543915,2.5056235790252686,0.012277476489543915,2.5056235790252686,0.011859900318086147,6.439430236816406,4.377128918965657,0.0031193954574004097,0.005923339893672199,0.0011724879799836637,0.0011724879799836637,0.0,traj,3.1376229087498526,-330.59014303267116,43.25699621374365,-0.021312594413757324,0.0006454780141990402,1.0,0.0890463719765345,0.0,0.0,0
121,155,6.05,0.0,11.406973838806152,330.5359191894531,-0.1300353705883026,4.8641581535339355,0.0024216857833337813,0.0,0.0,0.08168147504329681,9.316287994384766,0.060183312743902206,6.861724853515625,0.034272897988557816,4.2735466957092285,0.015042446553707123,2.0081987380981445,0.015042446553707123,2.0081987380981445,0.027532625943422318,5.471674919128418,4.872263272603353,0.004768506687004599,0.00557568326491855,0.0032033308932007884,0.0032033308932007884,0.008105119069417022,traj,3.1354509154942374,-330.58251328824633,44.224681914525476,-0.0032504796981811523,0.0024216857833337813,1.0,0.0,0.0,0.0,0
122,156,6.1,0.0,11.595990180969238,330.5341796875,-0.1857910007238388,4.8641581535339355,0.0024216857833337813,0.0,0.0,0.08168147504329681,9.316287994384766,0.060183312743902206,6.861724853515625,0.034272897988557816,4.2735466957092285,0.015042446553707123,2.0081987380981445,0.015042446553707123,2.0081987380981445,0.027532625943422318,5.471674919128418,4.872263272603353,0.004768506687004599,0.00557568326491855,0.0032033308932007884,0.0032033308932007884,0.008105119069417022,traj,3.1354509154942374,-330.58251328824633,44.224681914525476,-0.0032504796981811523,0.0024216857833337813,1.0,0.0,0.0,0.0,0
123,157,6.15,0.0,11.791669845581055,330.5321044921875,-0.2465514838695526,4.8641581535339355,0.0024216857833337813,0.0,0.0,0.08168147504329681,9.316287994384766,0.060183312743902206,6.861724853515625,0.034272897988557816,4.2735466957092285,0.015042446553707123,2.0081987380981445,0.015042446553707123,2.0081987380981445,0.027532625943422318,5.471674919128418,4.872263272603353,0.004768506687004599,0.00557568326491855,0.0032033308932007884,0.0032033308932007884,0.008105119069417022,traj,3.1354509154942374,-330.58251328824633,44.224681914525476,-0.0032504796981811523,0.0024216857833337813,1.0,0.0,0.0,0.0,0
124,158,6.2,0.0,11.99393081665039,330.52972412109375,-0.3083495497703552,4.8641581535339355,0.0024216857833337813,0.0,0.0,0.08168147504329681,9.316287994384766,0.060183312743902206,6.861724853515625,0.034272897988557816,4.2735466957092285,0.015042446553707123,2.0081987380981445,0.015042446553707123,2.0081987380981445,0.027532625943422318,5.471674919128418,4.872263272603353,0.004768506687004599,0.00557568326491855,0.0032033308932007884,0.0032033308932007884,0.008105119069417022,traj,3.1354509154942374,-330.58251328824633,44.224681914525476,-0.0032504796981811523,0.0024216857833337813,1.0,0.0,0.0,0.0,0
125,159,6.25,0.0,12.20268726348877,330.5277404785156,-0.3443298041820526,4.862919807434082,0.0031937888655410246,0.0,0.0,0.11035570502281189,8.840178489685059,0.05405838042497635,6.69553279876709,0.019435346126556396,4.278322219848633,0.010371796786785126,2.022265911102295,0.010371796786785126,2.022265911102295,0.02780647575855255,4.498003005981445,4.545945008595784,0.003265030268703237,0.016707525574205333,0.0039355271722261555,0.003265030268703237,0.0,traj,3.135431126752172,-330.57634845434603,45.19833380183887,0.008923888206481934,0.0031937888655410246,1.0,0.0,0.0,0.0,0
126,160,6.3,0.0,12.417851448059082,330.52587890625,-0.3661803603172302,4.862919807434082,0.0031937888655410246,0.0,0.0,0.11035570502281189,8.840178489685059,0.05405838042497635,6.69553279876709,0.019435346126556396,4.278322219848633,0.010371796786785126,2.022265911102295,0.010371796786785126,2.022265911102295,0.02780647575855255,4.498003005981445,4.545945008595784,0.003265030268703237,0.016707525574205333,0.0039355271722261555,0.003265030268703237,0.0,traj,3.135431126752172,-330.57634845434603,45.19833380183887,0.008923888206481934,0.0031937888655410246,1.0,0.0,0.0,0.0,0
127,161,6.35,0.0,12.639339447021484,330.52398681640625,-0.38742056488990784,4.862919807434082,0.0031937888655410246,0.0,0.0,0.11035570502281189,8.840178489685059,0.05405838042497635,6.69553279876709,0.019435346126556396,4.278322219848633,0.010371796786785126,2.022265911102295,0.010371796786785126,2.022265911102295,0.02780647575855255,4.498003005981445,4.545945008595784,0.003265030268703237,0.016707525574205333,0.0039355271722261555,0.003265030268703237,0.0,traj,3.135431126752172,-330.57634845434603,45.19833380183887,0.008923888206481934,0.0031937888655410246,1.0,0.0,0.0,0.0,0
128,162,6.4,0.0,12.867082595825195,330.5219421386719,-0.4086303114891052,4.862919807434082,0.0031937888655410246,0.0,0.0,0.11035570502281189,8.840178489685059,0.05405838042497635,6.69553279876709,0.019435346126556396,4.278322219848633,0.010371796786785126,2.022265911102295,0.010371796786785126,2.022265911102295,0.02780647575855255,4.498003005981445,4.545945008595784,0.003265030268703237,0.016707525574205333,0.0039355271722261555,0.003265030268703237,0.0,traj,3.135431126752172,-330.57634845434603,45.19833380183887,0.008923888206481934,0.0031937888655410246,1.0,0.0,0.0,0.0,0
129,163,6.45,0.0,13.100722312927246,330.5209045410156,-0.3770751655101776,4.836207389831543,0.0037243522684433073,0.0,1.0,0.038559310138225555,8.599390029907227,0.027010977268218994,6.546325206756592,0.020548082888126373,4.3309783935546875,0.011204473674297333,2.1526360511779785,0.011204473674297333,2.1526360511779785,0.08280502259731293,15.902989387512207,4.297877311706543,0.0033136005028011058,0.0035808885723209376,0.0033147388676627743,0.0033136005028011058,0.0,traj,3.1370210210469107,-330.5729913682546,46.16816717718418,0.012553215026855469,0.0037243522684433073,1.0,0.0,0.0,1.0,0
130,164,6.5,0.0,13.338244438171387,330.5206298828125,-0.3175048530101776,4.836207389831543,0.0037243522684433073,0.0,1.0,0.038559310138225555,8.599390029907227,0.027010977268218994,6.546325206756592,0.020548082888126373,4.3309783935546875,0.011204473674297333,2.1526360511779785,0.011204473674297333,2.1526360511779785,0.08280502259731293,15.902989387512207,4.297877311706543,0.0033136005028011058,0.0035808885723209376,0.0033147388676627743,0.0033136005028011058,0.0,traj,3.1370210210469107,-330.5729913682546,46.16816717718418,0.012553215026855469,0.0037243522684433073,1.0,0.0,0.0,1.0,0
131,165,6.55,0.0,13.577336311340332,330.5207214355469,-0.2531432807445526,4.836207389831543,0.0037243522684433073,0.0,1.0,0.038559310138225555,8.599390029907227,0.027010977268218994,6.546325206756592,0.020548082888126373,4.3309783935546875,0.011204473674297333,2.1526360511779785,0.011204473674297333,2.1526360511779785,0.08280502259731293,15.902989387512207,4.297877311706543,0.0033136005028011058,0.0035808885723209376,0.0033147388676627743,0.0033136005028011058,0.0,traj,3.1370210210469107,-330.5729913682546,46.16816717718418,0.012553215026855469,0.0037243522684433073,1.0,0.0,0.0,1.0,0
132,166,6.6,0.0,13.816642761230469,330.521240234375,-0.1880187839269638,4.836207389831543,0.0037243522684433073,0.0,1.0,0.038559310138225555,8.599390029907227,0.027010977268218994,6.546325206756592,0.020548082888126373,4.3309783935546875,0.011204473674297333,2.1526360511779785,0.011204473674297333,2.1526360511779785,0.08280502259731293,15.902989387512207,4.297877311706543,0.0033136005028011058,0.0035808885723209376,0.0033147388676627743,0.0033136005028011058,0.0,traj,3.1370210210469107,-330.5729913682546,46.16816717718418,0.012553215026855469,0.0037243522684433073,1.0,0.0,0.0,1.0,0
133,167,6.65,0.0,14.05380916595459,330.52154541015625,-0.1426696628332138,3.9239587783813477,0.001793581587259409,0.0,0.0,0.028381183743476868,7.7788591384887695,0.026072107255458832,6.182381629943848,0.020758315920829773,4.10639762878418,0.01437949389219284,1.9231739044189453,0.01437949389219284,1.9231739044189453,0.04858338460326195,15.010854721069336,3.903801918029785,0.004759855114055916,0.000920757563573305,0.0020604125720853216,0.0020604125720853216,0.0,traj,3.139073805012975,-330.5723199488215,47.06044012761908,0.011801481246948242,0.001793581587259409,1.0,0.0,0.0,0.0,0
134,168,6.7,0.0,14.28266716003418,330.5217590332031,-0.1086120456457138,3.9239587783813477,0.001793581587259409,0.0,0.0,0.028381183743476868,7.7788591384887695,0.026072107255458832,6.182381629943848,0.020758315920829773,4.10639762878418,0.01437949389219284,1.9231739044189453,0.01437949389219284,1.9231739044189453,0.04858338460326195,15.010854721069336,3.903801918029785,0.004759855114055916,0.000920757563573305,0.0020604125720853216,0.0020604125720853216,0.0,traj,3.139073805012975,-330.5723199488215,47.06044012761908,0.011801481246948242,0.001793581587259409,1.0,0.0,0.0,0.0,0
135,169,6.75,0.0,14.497074127197266,330.52215576171875,-0.0782165452837944,3.9239587783813477,0.001793581587259409,0.0,0.0,0.028381183743476868,7.7788591384887695,0.026072107255458832,6.182381629943848,0.020758315920829773,4.10639762878418,0.01437949389219284,1.9231739044189453,0.01437949389219284,1.9231739044189453,0.04858338460326195,15.010854721069336,3.903801918029785,0.004759855114055916,0.000920757563573305,0.0020604125720853216,0.0020604125720853216,0.0,traj,3.139073805012975,-330.5723199488215,47.06044012761908,0.011801481246948242,0.001793581587259409,1.0,0.0,0.0,0.0,0
136,170,6.8,0.0,14.691828727722168,330.5225830078125,-0.050720203667879105,3.9239587783813477,0.001793581587259409,0.0,0.0,0.028381183743476868,7.7788591384887695,0.026072107255458832,6.182381629943848,0.020758315920829773,4.10639762878418,0.01437949389219284,1.9231739044189453,0.01437949389219284,1.9231739044189453,0.04858338460326195,15.010854721069336,3.903801918029785,0.004759855114055916,0.000920757563573305,0.0020604125720853216,0.0020604125720853216,0.0,traj,3.139073805012975,-330.5723199488215,47.06044012761908,0.011801481246948242,0.001793581587259409,1.0,0.0,0.0,0.0,0
137,171,6.85,0.0,14.86794662475586,330.52264404296875,-0.042877197265625,3.6590065956115723,0.001637491843339538,0.75,0.0,0.02883318066596985,7.957929611206055,0.028120435774326324,6.026710033416748,0.023708701133728027,4.127388954162598,0.02269735187292099,2.0540778636932373,0.02269735187292099,2.0540778636932373,0.02648279257118702,14.270597457885742,3.9359048207600917,0.007034308107670162,0.00023493067991324677,0.0011814431168954583,0.0011814431168954583,0.25,traj,3.1404618779805045,-330.5727472138638,47.80075079757342,0.02912914752960205,0.001637491843339538,1.0,0.75,0.0,0.0,0
138,172,6.9,0.0,15.035064697265625,330.5225830078125,-0.0430297777056694,3.6590065956115723,0.001637491843339538,0.75,0.0,0.02883318066596985,7.957929611206055,0.028120435774326324,6.026710033416748,0.023708701133728027,4.127388954162598,0.02269735187292099,2.0540778636932373,0.02269735187292099,2.0540778636932373,0.02648279257118702,14.270597457885742,3.9359048207600917,0.007034308107670162,0.00023493067991324677,0.0011814431168954583,0.0011814431168954583,0.25,traj,3.1404618779805045,-330.5727472138638,47.80075079757342,0.02912914752960205,0.001637491843339538,1.0,0.75,0.0,0.0,0
139,173,6.95,0.0,15.201553344726562,330.5223693847656,-0.0441589392721653,3.6590065956115723,0.001637491843339538,0.75,0.0,0.02883318066596985,7.957929611206055,0.028120435774326324,6.026710033416748,0.023708701133728027,4.127388954162598,0.02269735187292099,2.0540778636932373,0.02269735187292099,2.0540778636932373,0.02648279257118702,14.270597457885742,3.9359048207600917,0.007034308107670162,0.00023493067991324677,0.0011814431168954583,0.0011814431168954583,0.25,traj,3.1404618779805045,-330.5727472138638,47.80075079757342,0.02912914752960205,0.001637491843339538,1.0,0.75,0.0,0.0,0
140,174,7.0,0.0,15.37060546875,330.5221862792969,-0.0453796312212944,3.6590065956115723,0.001637491843339538,0.75,0.0,0.02883318066596985,7.957929611206055,0.028120435774326324,6.026710033416748,0.023708701133728027,4.127388954162598,0.02269735187292099,2.0540778636932373,0.02269735187292099,2.0540778636932373,0.02648279257118702,14.270597457885742,3.9359048207600917,0.007034308107670162,0.00023493067991324677,0.0011814431168954583,0.0011814431168954583,0.25,traj,3.1404618779805045,-330.5727472138638,47.80075079757342,0.02912914752960205,0.001637491843339538,1.0,0.75,0.0,0.0,0
141,175,7.05,0.0,15.54371452331543,330.5216979980469,-0.0612793006002903,3.880666494369507,-0.00023461035878610467,0.0,1.0,-0.015754833817481995,6.669182777404785,0.0022376999258995056,5.4726033210754395,0.007018625736236572,3.9053049087524414,0.01561475545167923,1.9777165651321411,0.007018625736236572,3.9053049087524414,-0.01348170731216669,13.523943901062012,3.1277519861857095,0.0011441047494327218,-0.00957185493039106,-0.0006346282924201543,-0.0006346282924201543,0.0,traj,3.143108562627111,-330.57607378124965,48.54742056787823,-0.021396279335021973,-0.00023461035878610467,1.0,0.0,0.0,1.0,0
142,176,7.1,0.0,15.72195053100586,330.52099609375,-0.0845947191119194,3.880666494369507,-0.00023461035878610467,0.0,1.0,-0.015754833817481995,6.669182777404785,0.0022376999258995056,5.4726033210754395,0.007018625736236572,3.9053049087524414,0.01561475545167923,1.9777165651321411,0.007018625736236572,3.9053049087524414,-0.01348170731216669,13.523943901062012,3.1277519861857095,0.0011441047494327218,-0.00957185493039106,-0.0006346282924201543,-0.0006346282924201543,0.0,traj,3.143108562627111,-330.57607378124965,48.54742056787823,-0.021396279335021973,-0.00023461035878610467,1.0,0.0,0.0,1.0,0
143,177,7.15,0.0,15.905854225158691,330.5201416015625,-0.1094665452837944,3.880666494369507,-0.00023461035878610467,0.0,1.0,-0.015754833817481995,6.669182777404785,0.0022376999258995056,5.4726033210754395,0.007018625736236572,3.9053049087524414,0.01561475545167923,1.9777165651321411,0.007018625736236572,3.9053049087524414,-0.01348170731216669,13.523943901062012,3.1277519861857095,0.0011441047494327218,-0.00957185493039106,-0.0006346282924201543,-0.0006346282924201543,0.0,traj,3.143108562627111,-330.57607378124965,48.54742056787823,-0.021396279335021973,-0.00023461035878610467,1.0,0.0,0.0,1.0,0
144,178,7.2,0.0,16.095882415771484,330.5191345214844,-0.1352538913488388,3.880666494369507,-0.00023461035878610467,0.0,1.0,-0.015754833817481995,6.669182777404785,0.0022376999258995056,5.4726033210754395,0.007018625736236572,3.9053049087524414,0.01561475545167923,1.9777165651321411,0.007018625736236572,3.9053049087524414,-0.01348170731216669,13.523943901062012,3.1277519861857095,0.0011441047494327218,-0.00957185493039106,-0.0006346282924201543,-0.0006346282924201543,0.0,traj,3.143108562627111,-330.57607378124965,48.54742056787823,-0.021396279335021973,-0.00023461035878610467,1.0,0.0,0.0,1.0,0
145,179,7.25,0.0,16.292165756225586,330.51824951171875,-0.151947021484375,3.2840256690979004,0.0005476426691189932,0.0,0.0,-0.006194695830345154,6.236591815948486,0.0014109238982200623,5.296490669250488,-0.0018321722745895386,3.6348888874053955,0.009309254586696625,1.638351559638977,-0.0018321722745895386,3.6348888874053955,0.005279353819787502,12.783509254455566,3.065536896387736,-0.0003208949365442353,-0.005150294025687918,0.00026293445551029906,0.00026293445551029906,0.0,traj,3.1417789022114615,-330.5754328852682,49.287860937539776,-0.016289472579956055,0.0005476426691189932,1.0,0.0,0.0,0.0,0
146,180,7.3,0.0,16.49481964111328,330.517333984375,-0.164520263671875,3.2840256690979004,0.0005476426691189932,0.0,0.0,-0.006194695830345154,6.236591815948486,0.0014109238982200623,5.296490669250488,-0.0018321722745895386,3.6348888874053955,0.009309254586696625,1.638351559638977,-0.0018321722745895386,3.6348888874053955,0.005279353819787502,12.783509254455566,3.065536896387736,-0.0003208949365442353,-0.005150294025687918,0.00026293445551029906,0.00026293445551029906,0.0,traj,3.1417789022114615,-330.5754328852682,49.287860937539776,-0.016289472579956055,0.0005476426691189932,1.0,0.0,0.0,0.0,0
147,181,7.35,0.0,16.703813552856445,330.5164489746094,-0.1768188178539276,3.2840256690979004,0.0005476426691189932,0.0,0.0,-0.006194695830345154,6.236591815948486,0.0014109238982200623,5.296490669250488,-0.0018321722745895386,3.6348888874053955,0.009309254586696625,1.638351559638977,-0.0018321722745895386,3.6348888874053955,0.005279353819787502,12.783509254455566,3.065536896387736,-0.0003208949365442353,-0.005150294025687918,0.00026293445551029906,0.00026293445551029906,0.0,traj,3.1417789022114615,-330.5754328852682,49.287860937539776,-0.016289472579956055,0.0005476426691189932,1.0,0.0,0.0,0.0,0
148,182,7.4,0.0,16.919164657592773,330.5155334472656,-0.1893615573644638,3.2840256690979004,0.0005476426691189932,0.0,0.0,-0.006194695830345154,6.236591815948486,0.0014109238982200623,5.296490669250488,-0.0018321722745895386,3.6348888874053955,0.009309254586696625,1.638351559638977,-0.0018321722745895386,3.6348888874053955,0.005279353819787502,12.783509254455566,3.065536896387736,-0.0003208949365442353,-0.005150294025687918,0.00026293445551029906,0.00026293445551029906,0.0,traj,3.1417789022114615,-330.5754328852682,49.287860937539776,-0.016289472579956055,0.0005476426691189932,1.0,0.0,0.0,0.0,0
149,183,7.45,0.0,17.140506744384766,330.5144348144531,-0.2033080905675888,3.0505707263946533,0.0015157394525158294,0.75,0.0,0.012128114700317383,6.522649765014648,0.012473918497562408,5.084360122680664,0.0057183727622032166,3.456120014190674,0.020331047475337982,1.7173285484313965,0.0057183727622032166,3.456120014190674,0.020935341715812683,12.16744327545166,3.2035978635152182,0.0010533391244623301,-0.00015302406494347744,0.0010953827333532976,0.0010533391244623301,0.15302713712056493,traj,3.14066214958695,-330.5734796707081,49.90391165859429,-0.015637755393981934,0.0015157394525158294,1.0,0.75,0.0,0.0,0
150,184,7.5,0.0,17.366106033325195,330.51336669921875,-0.217987060546875,3.0505707263946533,0.0015157394525158294,0.75,0.0,0.012128114700317383,6.522649765014648,0.012473918497562408,5.084360122680664,0.0057183727622032166,3.456120014190674,0.020331047475337982,1.7173285484313965,0.0057183727622032166,3.456120014190674,0.020935341715812683,12.16744327545166,3.2035978635152182,0.0010533391244623301,-0.00015302406494347744,0.0010953827333532976,0.0010533391244623301,0.15302713712056493,traj,3.14066214958695,-330.5734796707081,49.90391165859429,-0.015637755393981934,0.0015157394525158294,1.0,0.75,0.0,0.0,0
151,185,7.55,0.0,17.59429168701172,330.5120544433594,-0.232940673828125,3.0505707263946533,0.0015157394525158294,0.75,0.0,0.012128114700317383,6.522649765014648,0.012473918497562408,5.084360122680664,0.0057183727622032166,3.456120014190674,0.020331047475337982,1.7173285484313965,0.0057183727622032166,3.456120014190674,0.020935341715812683,12.16744327545166,3.2035978635152182,0.0010533391244623301,-0.00015302406494347744,0.0010953827333532976,0.0010533391244623301,0.15302713712056493,traj,3.14066214958695,-330.5734796707081,49.90391165859429,-0.015637755393981934,0.0015157394525158294,1.0,0.75,0.0,0.0,0
152,186,7.6,0.0,17.82411003112793,330.51080322265625,-0.2479248046875,3.0505707263946533,0.0015157394525158294,0.75,0.0,0.012128114700317383,6.522649765014648,0.012473918497562408,5.084360122680664,0.0057183727622032166,3.456120014190674,0.020331047475337982,1.7173285484313965,0.0057183727622032166,3.456120014190674,0.020935341715812683,12.16744327545166,3.2035978635152182,0.0010533391244623301,-0.00015302406494347744,0.0010953827333532976,0.0010533391244623301,0.15302713712056493,traj,3.14066214958695,-330.5734796707081,49.90391165859429,-0.015637755393981934,0.0015157394525158294,1.0,0.75,0.0,0.0,0
153,187,7.65,0.0,18.054950714111328,330.509521484375,-0.2611998915672302,3.283263683319092,0.0012112097765465026,0.0,1.0,0.02046496793627739,6.083813667297363,0.016964871436357498,4.814242839813232,0.0036657117307186127,3.3086605072021484,0.01910518854856491,1.6586154699325562,0.0036657117307186127,3.3086605072021484,0.032706230878829956,11.54109001159668,2.9502227306365967,0.0007053030407547916,0.0017551031161857514,0.0018041286962282874,0.0007053030407547916,0.0,traj,3.1397689143803458,-330.5714349000312,50.5302391740964,0.013273358345031738,0.0012112097765465026,1.0,0.0,0.0,1.0,0
154,188,7.7,0.0,18.28628921508789,330.5082092285156,-0.2734679877758026,3.283263683319092,0.0012112097765465026,0.0,1.0,0.02046496793627739,6.083813667297363,0.016964871436357498,4.814242839813232,0.0036657117307186127,3.3086605072021484,0.01910518854856491,1.6586154699325562,0.0036657117307186127,3.3086605072021484,0.032706230878829956,11.54109001159668,2.9502227306365967,0.0007053030407547916,0.0017551031161857514,0.0018041286962282874,0.0007053030407547916,0.0,traj,3.1397689143803458,-330.5714349000312,50.5302391740964,0.013273358345031738,0.0012112097765465026,1.0,0.0,0.0,1.0,0
155,189,7.75,0.0,18.517799377441406,330.50677490234375,-0.2857360541820526,3.283263683319092,0.0012112097765465026,0.0,1.0,0.02046496793627739,6.083813667297363,0.016964871436357498,4.814242839813232,0.0036657117307186127,3.3086605072021484,0.01910518854856491,1.6586154699325562,0.0036657117307186127,3.3086605072021484,0.032706230878829956,11.54109001159668,2.9502227306365967,0.0007053030407547916,0.0017551031161857514,0.0018041286962282874,0.0007053030407547916,0.0,traj,3.1397689143803458,-330.5714349000312,50.5302391740964,0.013273358345031738,0.0012112097765465026,1.0,0.0,0.0,1.0,0
156,190,7.8,0.0,18.749309539794922,330.50531005859375,-0.2978515326976776,3.283263683319092,0.0012112097765465026,0.0,1.0,0.02046496793627739,6.083813667297363,0.016964871436357498,4.814242839813232,0.0036657117307186127,3.3086605072021484,0.01910518854856491,1.6586154699325562,0.0036657117307186127,3.3086605072021484,0.032706230878829956,11.54109001159668,2.9502227306365967,0.0007053030407547916,0.0017551031161857514,0.0018041286962282874,0.0007053030407547916,0.0,traj,3.1397689143803458,-330.5714349000312,50.5302391740964,0.013273358345031738,0.0012112097765465026,1.0,0.0,0.0,1.0,0
157,191,7.85,0.0,18.979063034057617,330.5042419433594,-0.2909850776195526,2.7258994579315186,0.00153806990223354,0.75,0.0,-0.025899574160575867,6.245307922363281,-0.018823988735675812,4.3738484382629395,-0.01782054454088211,2.6179311275482178,0.02098720520734787,1.246872067451477,-0.01782054454088211,2.6179311275482178,0.02124687284231186,10.917069435119629,3.3326656818389893,-0.004333479291945171,-0.0024069106000569073,0.0012389684879051213,0.0012389684879051213,0.25,traj,3.1407031575825552,-330.5715569732716,51.15428550063055,-0.010424494743347168,0.00153806990223354,1.0,0.75,0.0,0.0,0
158,192,7.9,0.0,19.200910568237305,330.50341796875,-0.2748413383960724,2.7258994579315186,0.00153806990223354,0.75,0.0,-0.025899574160575867,6.245307922363281,-0.018823988735675812,4.3738484382629395,-0.01782054454088211,2.6179311275482178,0.02098720520734787,1.246872067451477,-0.01782054454088211,2.6179311275482178,0.02124687284231186,10.917069435119629,3.3326656818389893,-0.004333479291945171,-0.0024069106000569073,0.0012389684879051213,0.0012389684879051213,0.25,traj,3.1407031575825552,-330.5715569732716,51.15428550063055,-0.010424494743347168,0.00153806990223354,1.0,0.75,0.0,0.0,0
159,193,7.95,0.0,19.409040451049805,330.5028076171875,-0.2582091987133026,2.7258994579315186,0.00153806990223354,0.75,0.0,-0.025899574160575867,6.245307922363281,-0.018823988735675812,4.3738484382629395,-0.01782054454088211,2.6179311275482178,0.02098720520734787,1.246872067451477,-0.01782054454088211,2.6179311275482178,0.02124687284231186,10.917069435119629,3.3326656818389893,-0.004333479291945171,-0.0024069106000569073,0.0012389684879051213,0.0012389684879051213,0.25,traj,3.1407031575825552,-330.5715569732716,51.15428550063055,-0.010424494743347168,0.00153806990223354,1.0,0.75,0.0,0.0,0
160,194,8.0,0.0,19.601675033569336,330.5023498535156,-0.2424621433019638,2.7258994579315186,0.00153806990223354,0.75,0.0,-0.025899574160575867,6.245307922363281,-0.018823988735675812,4.3738484382629395,-0.01782054454088211,2.6179311275482178,0.02098720520734787,1.246872067451477,-0.01782054454088211,2.6179311275482178,0.02124687284231186,10.917069435119629,3.3326656818389893,-0.004333479291945171,-0.0024069106000569073,0.0012389684879051213,0.0012389684879051213,0.25,traj,3.1407031575825552,-330.5715569732716,51.15428550063055,-0.010424494743347168,0.00153806990223354,1.0,0.75,0.0,0.0,0
161,195,8.05,0.0,19.78127098083496,330.5024108886719,-0.2052001953125,2.6021511554718018,0.002457885785934849,0.03777887225151031,0.0,-0.007814403623342514,4.504434585571289,-0.015124637633562088,2.561224937438965,-0.0002679973840713501,1.211490511894226,0.021831654012203217,0.7678794264793396,-0.015124637633562088,2.561224937438965,0.02421736903488636,10.407094955444336,2.491467197736104,-0.0037592880557194325,0.0023949400594343905,0.001481440203440574,0.001481440203440574,0.0,traj,3.140447453656469,-330.5707939993037,51.66425330528071,-0.00514531135559082,0.002457885785934849,0.0,0.03777887225151031,1.0,0.0,0
162,196,8.1,0.0,19.956472396850586,330.50286865234375,-0.1583251953125,2.6021511554718018,0.002457885785934849,0.03777887225151031,0.0,-0.007814403623342514,4.504434585571289,-0.015124637633562088,2.561224937438965,-0.0002679973840713501,1.211490511894226,0.021831654012203217,0.7678794264793396,-0.015124637633562088,2.561224937438965,0.02421736903488636,10.407094955444336,2.491467197736104,-0.0037592880557194325,0.0023949400594343905,0.001481440203440574,0.001481440203440574,0.0,traj,3.140447453656469,-330.5707939993037,51.66425330528071,-0.00514531135559082,0.002457885785934849,0.0,0.03777887225151031,1.0,0.0,0
163,197,8.15,0.0,20.131874084472656,330.5035095214844,-0.1101379245519638,2.6021511554718018,0.002457885785934849,0.03777887225151031,0.0,-0.007814403623342514,4.504434585571289,-0.015124637633562088,2.561224937438965,-0.0002679973840713501,1.211490511894226,0.021831654012203217,0.7678794264793396,-0.015124637633562088,2.561224937438965,0.02421736903488636,10.407094955444336,2.491467197736104,-0.0037592880557194325,0.0023949400594343905,0.001481440203440574,0.001481440203440574,0.0,traj,3.140447453656469,-330.5707939993037,51.66425330528071,-0.00514531135559082,0.002457885785934849,0.0,0.03777887225151031,1.0,0.0,0
164,198,8.2,0.0,20.309823989868164,330.50433349609375,-0.0609435997903347,2.6021511554718018,0.002457885785934849,0.03777887225151031,0.0,-0.007814403623342514,4.504434585571289,-0.015124637633562088,2.561224937438965,-0.0002679973840713501,1.211490511894226,0.021831654012203217,0.7678794264793396,-0.015124637633562088,2.561224937438965,0.02421736903488636,10.407094955444336,2.491467197736104,-0.0037592880557194325,0.0023949400594343905,0.001481440203440574,0.001481440203440574,0.0,traj,3.140447453656469,-330.5707939993037,51.66425330528071,-0.00514531135559082,0.002457885785934849,0.0,0.03777887225151031,1.0,0.0,0
165,199,8.25,0.0,20.491838455200195,330.50506591796875,-0.02038574032485485,2.351729154586792,0.0028788744561211244,0.0,1.0,0.0018524304032325745,2.61824893951416,0.004137083888053894,1.0592889785766602,-0.0009249597787857056,0.4323016107082367,0.022528402507305145,0.3781745433807373,0.004137083888053894,1.0592889785766602,0.024439198896288872,9.901432991027832,1.4966394926110904,0.0024863128123310055,-0.0009329557771681557,0.0015712951365216305,0.0015712951365216305,0.0,traj,3.140440539517675,-330.5700615456234,52.1699143167121,-0.011709094047546387,0.0028788744561211244,0.0,0.0,1.0,1.0,0
166,200,8.3,0.0,20.678991317749023,330.5058898925781,0.01668059080839157,2.351729154586792,0.0028788744561211244,0.0,1.0,0.0018524304032325745,2.61824893951416,0.004137083888053894,1.0592889785766602,-0.0009249597787857056,0.4323016107082367,0.022528402507305145,0.3781745433807373,0.004137083888053894,1.0592889785766602,0.024439198896288872,9.901432991027832,1.4966394926110904,0.0024863128123310055,-0.0009329557771681557,0.0015712951365216305,0.0015712951365216305,0.0,traj,3.140440539517675,-330.5700615456234,52.1699143167121,-0.011709094047546387,0.0028788744561211244,0.0,0.0,1.0,1.0,0
167,201,8.35,0.0,20.8718204498291,330.5068359375,0.05411740764975548,2.351729154586792,0.0028788744561211244,0.0,1.0,0.0018524304032325745,2.61824893951416,0.004137083888053894,1.0592889785766602,-0.0009249597787857056,0.4323016107082367,0.022528402507305145,0.3781745433807373,0.004137083888053894,1.0592889785766602,0.024439198896288872,9.901432991027832,1.4966394926110904,0.0024863128123310055,-0.0009329557771681557,0.0015712951365216305,0.0015712951365216305,0.0,traj,3.140440539517675,-330.5700615456234,52.1699143167121,-0.011709094047546387,0.0028788744561211244,0.0,0.0,1.0,1.0,0
168,202,8.4,0.0,21.070716857910156,330.5079650878906,0.09258688241243362,2.351729154586792,0.0028788744561211244,0.0,1.0,0.0018524304032325745,2.61824893951416,0.004137083888053894,1.0592889785766602,-0.0009249597787857056,0.4323016107082367,0.022528402507305145,0.3781745433807373,0.004137083888053894,1.0592889785766602,0.024439198896288872,9.901432991027832,1.4966394926110904,0.0024863128123310055,-0.0009329557771681557,0.0015712951365216305,0.0015712951365216305,0.0,traj,3.140440539517675,-330.5700615456234,52.1699143167121,-0.011709094047546387,0.0028788744561211244,0.0,0.0,1.0,1.0,0
169,203,8.45,0.0,21.275598526000977,330.5087890625,0.11033906787633896,-8.822877134662122e-05,0.003175779933429424,0.75,0.0,0.007385589182376862,1.9185055494308472,0.006514936685562134,0.4753619134426117,-0.006738409399986267,-0.005066961050033569,0.0034252330660820007,-0.02822832018136978,0.006514936685562134,0.4753619134426117,0.02541768178343773,9.6895170211792,1.2993658271928628,0.008724476363285206,0.0003840564767918585,0.0016699534245329258,0.0016699534245329258,0.25,traj,3.140355304875646,-330.56966479612265,52.38182837950094,-0.024731814861297607,0.003175779933429424,0.0,0.75,1.0,0.0,0
170,204,8.5,0.0,21.485931396484375,330.5093994140625,0.11817584931850433,-8.822877134662122e-05,0.003175779933429424,0.75,0.0,0.007385589182376862,1.9185055494308472,0.006514936685562134,0.4753619134426117,-0.006738409399986267,-0.005066961050033569,0.0034252330660820007,-0.02822832018136978,0.006514936685562134,0.4753619134426117,0.02541768178343773,9.6895170211792,1.2993658271928628,0.008724476363285206,0.0003840564767918585,0.0016699534245329258,0.0016699534245329258,0.25,traj,3.140355304875646,-330.56966479612265,52.38182837950094,-0.024731814861297607,0.003175779933429424,0.0,0.75,1.0,0.0,0
171,205,8.55,0.0,21.70122718811035,330.50994873046875,0.12471871078014374,-8.822877134662122e-05,0.003175779933429424,0.75,0.0,0.007385589182376862,1.9185055494308472,0.006514936685562134,0.4753619134426117,-0.006738409399986267,-0.005066961050033569,0.0034252330660820007,-0.02822832018136978,0.006514936685562134,0.4753619134426117,0.02541768178343773,9.6895170211792,1.2993658271928628,0.008724476363285206,0.0003840564767918585,0.0016699534245329258,0.0016699534245329258,0.25,traj,3.140355304875646,-330.56966479612265,52.38182837950094,-0.024731814861297607,0.003175779933429424,0.0,0.75,1.0,0.0,0
172,206,8.6,0.0,21.921241760253906,330.5105285644531,0.13118340075016022,-8.822877134662122e-05,0.003175779933429424,0.75,0.0,0.007385589182376862,1.9185055494308472,0.006514936685562134,0.4753619134426117,-0.006738409399986267,-0.005066961050033569,0.0034252330660820007,-0.02822832018136978,0.006514936685562134,0.4753619134426117,0.02541768178343773,9.6895170211792,1.2993658271928628,0.008724476363285206,0.0003840564767918585,0.0016699534245329258,0.0016699534245329258,0.25,traj,3.140355304875646,-330.56966479612265,52.38182837950094,-0.024731814861297607,0.003175779933429424,0.0,0.75,1.0,0.0,0
173,207,8.65,0.0,22.144088745117188,330.51104736328125,0.1301196962594986,-0.0001716102851787582,0.0028113281540979294,0.75,0.0,0.017099514603614807,2.0056424140930176,0.009053744375705719,0.5419639348983765,-0.0037479326128959656,-0.006509721279144287,0.007798276841640472,-0.038626112043857574,0.009053744375705719,0.5419639348983765,0.0254171434789896,9.689082145690918,1.3643016765515008,0.010634045473239217,0.00349945753921623,0.001670029315523704,0.001670029315523704,0.25,traj,3.140355304875646,-330.56966479612265,52.38226325498981,-0.0205957293510437,0.0028113281540979294,0.0,0.75,1.0,0.0,0
174,208,8.7,0.0,22.362762451171875,330.5114440917969,0.1254536360502243,-0.0001716102851787582,0.0028113281540979294,0.75,0.0,0.017099514603614807,2.0056424140930176,0.009053744375705719,0.5419639348983765,-0.0037479326128959656,-0.006509721279144287,0.007798276841640472,-0.038626112043857574,0.009053744375705719,0.5419639348983765,0.0254171434789896,9.689082145690918,1.3643016765515008,0.010634045473239217,0.00349945753921623,0.001670029315523704,0.001670029315523704,0.25,traj,3.140355304875646,-330.56966479612265,52.38226325498981,-0.0205957293510437,0.0028113281540979294,0.0,0.75,1.0,0.0,0
175,209,8.75,0.0,22.569862365722656,330.5118408203125,0.12051034718751907,-0.0001716102851787582,0.0028113281540979294,0.75,0.0,0.017099514603614807,2.0056424140930176,0.009053744375705719,0.5419639348983765,-0.0037479326128959656,-0.006509721279144287,0.007798276841640472,-0.038626112043857574,0.009053744375705719,0.5419639348983765,0.0254171434789896,9.689082145690918,1.3643016765515008,0.010634045473239217,0.00349945753921623,0.001670029315523704,0.001670029315523704,0.25,traj,3.140355304875646,-330.56966479612265,52.38226325498981,-0.0205957293510437,0.0028113281540979294,0.0,0.75,1.0,0.0,0
176,210,8.8,0.0,22.76272964477539,330.5120544433594,0.11581624299287796,-0.0001716102851787582,0.0028113281540979294,0.75,0.0,0.017099514603614807,2.0056424140930176,0.009053744375705719,0.5419639348983765,-0.0037479326128959656,-0.006509721279144287,0.007798276841640472,-0.038626112043857574,0.009053744375705719,0.5419639348983765,0.0254171434789896,9.689082145690918,1.3643016765515008,0.010634045473239217,0.00349945753921623,0.001670029315523704,0.001670029315523704,0.25,traj,3.140355304875646,-330.56966479612265,52.38226325498981,-0.0205957293510437,0.0028113281540979294,0.0,0.75,1.0,0.0,0
177,211,8.85,0.0,22.943336486816406,330.51239013671875,0.11389830708503723,-3.452919554547407e-05,0.004310423764956637,0.75,0.0,0.02403862029314041,2.283027410507202,0.008190497756004333,0.7210365533828735,-0.0029550716280937195,0.028965920209884644,0.011665396392345428,-0.03717321902513504,0.008190497756004333,0.7210365533828735,0.02541690692305565,9.688891410827637,1.5479782323042552,0.007231245228738864,0.0064589785065827555,0.001670029315523704,0.001670029315523704,0.25,traj,3.140355304875646,-330.56966479612265,52.38245398985335,-0.0166318416595459,0.004310423764956637,0.0,0.75,1.0,0.0,0
178,212,8.9,0.0,23.11969757080078,330.5128173828125,0.1132950633764267,-3.452919554547407e-05,0.004310423764956637,0.75,0.0,0.02403862029314041,2.283027410507202,0.008190497756004333,0.7210365533828735,-0.0029550716280937195,0.028965920209884644,0.011665396392345428,-0.03717321902513504,0.008190497756004333,0.7210365533828735,0.02541690692305565,9.688891410827637,1.5479782323042552,0.007231245228738864,0.0064589785065827555,0.001670029315523704,0.001670029315523704,0.25,traj,3.140355304875646,-330.56966479612265,52.38245398985335,-0.0166318416595459,0.004310423764956637,0.0,0.75,1.0,0.0,0
179,213,8.95,0.0,23.29534149169922,330.51318359375,0.11287738382816315,-3.452919554547407e-05,0.004310423764956637,0.75,0.0,0.02403862029314041,2.283027410507202,0.008190497756004333,0.7210365533828735,-0.0029550716280937195,0.028965920209884644,0.011665396392345428,-0.03717321902513504,0.008190497756004333,0.7210365533828735,0.02541690692305565,9.688891410827637,1.5479782323042552,0.007231245228738864,0.0064589785065827555,0.001670029315523704,0.001670029315523704,0.25,traj,3.140355304875646,-330.56966479612265,52.38245398985335,-0.0166318416595459,0.004310423764956637,0.0,0.75,1.0,0.0,0
180,214,9.0,0.0,23.470905303955078,330.5135803222656,0.11248252540826797,-3.452919554547407e-05,0.004310423764956637,0.75,0.0,0.02403862029314041,2.283027410507202,0.008190497756004333,0.7210365533828735,-0.0029550716280937195,0.028965920209884644,0.011665396392345428,-0.03717321902513504,0.008190497756004333,0.7210365533828735,0.02541690692305565,9.688891410827637,1.5479782323042552,0.007231245228738864,0.0064589785065827555,0.001670029315523704,0.001670029315523704,0.25,traj,3.140355304875646,-330.56966479612265,52.38245398985335,-0.0166318416595459,0.004310423764956637,0.0,0.75,1.0,0.0,0
181,215,9.05,0.0,23.646774291992188,330.5137023925781,0.10107199847698212,-2.1870266209589317e-05,0.001564441547210175,0.75,0.0,0.032497696578502655,1.9764965772628784,0.01451919972896576,0.516850471496582,-0.00170830637216568,-0.007165864109992981,0.01045205444097519,-0.0455889031291008,0.01451919972896576,0.516850471496582,0.025416823104023933,9.688822746276855,1.3495505501826603,0.017879054798844076,0.00784087755765789,0.001670029315523704,0.001670029315523704,0.25,traj,3.140355304875646,-330.56966479612265,52.38252265440423,-0.014914393424987793,0.001564441547210175,0.0,0.75,1.0,0.0,0
182,216,9.1,0.0,23.82431411743164,330.51361083984375,0.08419675379991531,-2.1870266209589317e-05,0.001564441547210175,0.75,0.0,0.032497696578502655,1.9764965772628784,0.01451919972896576,0.516850471496582,-0.00170830637216568,-0.007165864109992981,0.01045205444097519,-0.0455889031291008,0.01451919972896576,0.516850471496582,0.025416823104023933,9.688822746276855,1.3495505501826603,0.017879054798844076,0.00784087755765789,0.001670029315523704,0.001670029315523704,0.25,traj,3.140355304875646,-330.56966479612265,52.38252265440423,-0.014914393424987793,0.001564441547210175,0.0,0.75,1.0,0.0,0
183,217,9.15,0.0,24.005250930786133,330.5135192871094,0.06631970405578613,-2.1870266209589317e-05,0.001564441547210175,0.75,0.0,0.032497696578502655,1.9764965772628784,0.01451919972896576,0.516850471496582,-0.00170830637216568,-0.007165864109992981,0.01045205444097519,-0.0455889031291008,0.01451919972896576,0.516850471496582,0.025416823104023933,9.688822746276855,1.3495505501826603,0.017879054798844076,0.00784087755765789,0.001670029315523704,0.001670029315523704,0.25,traj,3.140355304875646,-330.56966479612265,52.38252265440423,-0.014914393424987793,0.001564441547210175,0.0,0.75,1.0,0.0,0
184,218,9.2,0.0,24.1909122467041,330.51324462890625,0.04787314310669899,-2.1870266209589317e-05,0.001564441547210175,0.75,0.0,0.032497696578502655,1.9764965772628784,0.01451919972896576,0.516850471496582,-0.00170830637216568,-0.007165864109992981,0.01045205444097519,-0.0455889031291008,0.01451919972896576,0.516850471496582,0.025416823104023933,9.688822746276855,1.3495505501826603,0.017879054798844076,0.00784087755765789,0.001670029315523704,0.001670029315523704,0.25,traj,3.140355304875646,-330.56966479612265,52.38252265440423,-0.014914393424987793,0.001564441547210175,0.0,0.75,1.0,0.0,0
185,219,9.25,0.0,24.3817138671875,330.51318359375,0.04162789508700371,-2.7506616788741667e-06,0.0017317057652034016,0.75,0.0,0.03516487032175064,2.2715744972229004,0.013595715165138245,0.7114746570587158,-0.0017117857933044434,0.02536982297897339,0.010449819266796112,-0.03871671110391617,0.013595715165138245,0.7114746570587158,0.0254167839884758,9.68879222869873,1.54116985698541,0.012163856065340517,0.008801050372980127,0.001670029315523704,0.001670029315523704,0.25,traj,3.140355304875646,-330.56966479612265,52.382553171982394,-0.01670163869857788,0.0017317057652034016,0.0,0.75,1.0,0.0,0
186,220,9.3,0.0,24.576383590698242,330.5133056640625,0.041234273463487625,-2.7506616788741667e-06,0.0017317057652034016,0.75,0.0,0.03516487032175064,2.2715744972229004,0.013595715165138245,0.7114746570587158,-0.0017117857933044434,0.02536982297897339,0.010449819266796112,-0.03871671110391617,0.013595715165138245,0.7114746570587158,0.0254167839884758,9.68879222869873,1.54116985698541,0.012163856065340517,0.008801050372980127,0.001670029315523704,0.001670029315523704,0.25,traj,3.140355304875646,-330.56966479612265,52.382553171982394,-0.01670163869857788,0.0017317057652034016,0.0,0.75,1.0,0.0,0
187,221,9.35,0.0,24.77328109741211,330.5135192871094,0.04165733978152275,-2.7506616788741667e-06,0.0017317057652034016,0.75,0.0,0.03516487032175064,2.2715744972229004,0.013595715165138245,0.7114746570587158,-0.0017117857933044434,0.02536982297897339,0.010449819266796112,-0.03871671110391617,0.013595715165138245,0.7114746570587158,0.0254167839884758,9.68879222869873,1.54116985698541,0.012163856065340517,0.008801050372980127,0.001670029315523704,0.001670029315523704,0.25,traj,3.140355304875646,-330.56966479612265,52.382553171982394,-0.01670163869857788,0.0017317057652034016,0.0,0.75,1.0,0.0,0
188,222,9.4,0.0,24.971548080444336,330.5137023925781,0.04220147058367729,-2.7506616788741667e-06,0.0017317057652034016,0.75,0.0,0.03516487032175064,2.2715744972229004,0.013595715165138245,0.7114746570587158,-0.0017117857933044434,0.02536982297897339,0.010449819266796112,-0.03871671110391617,0.013595715165138245,0.7114746570587158,0.0254167839884758,9.68879222869873,1.54116985698541,0.012163856065340517,0.008801050372980127,0.001670029315523704,0.001670029315523704,0.25,traj,3.140355304875646,-330.56966479612265,52.382553171982394,-0.01670163869857788,0.0017317057652034016,0.0,0.75,1.0,0.0,0
189,223,9.45,0.0,25.169008255004883,330.51416015625,0.05497932806611061,-2.6609159249346703e-06,0.0013956291530050782,0.75,0.0,0.03264562413096428,2.001990795135498,0.015198353677988052,0.5268049240112305,-0.002754122018814087,-0.008099377155303955,0.009346388280391693,-0.04950801283121109,0.015198353677988052,0.5268049240112305,0.0254167802631855,9.688788414001465,1.369090018173059,0.01836141793622853,0.00752904147655142,0.001670029315523704,0.001670029315523704,0.25,traj,3.140355304875646,-330.56966479612265,52.38255698667967,-0.020367860794067383,0.0013956291530050782,0.0,0.75,1.0,0.0,0
190,224,9.5,0.0,25.35951805114746,330.5147705078125,0.07318425178527832,-2.6609159249346703e-06,0.0013956291530050782,0.75,0.0,0.03264562413096428,2.001990795135498,0.015198353677988052,0.5268049240112305,-0.002754122018814087,-0.008099377155303955,0.009346388280391693,-0.04950801283121109,0.015198353677988052,0.5268049240112305,0.0254167802631855,9.688788414001465,1.369090018173059,0.01836141793622853,0.00752904147655142,0.001670029315523704,0.001670029315523704,0.25,traj,3.140355304875646,-330.56966479612265,52.38255698667967,-0.020367860794067383,0.0013956291530050782,0.0,0.75,1.0,0.0,0
191,225,9.55,0.0,25.537216186523438,330.5154113769531,0.09098681807518005,-2.6609159249346703e-06,0.0013956291530050782,0.75,0.0,0.03264562413096428,2.001990795135498,0.015198353677988052,0.5268049240112305,-0.002754122018814087,-0.008099377155303955,0.009346388280391693,-0.04950801283121109,0.015198353677988052,0.5268049240112305,0.0254167802631855,9.688788414001465,1.369090018173059,0.01836141793622853,0.00752904147655142,0.001670029315523704,0.001670029315523704,0.25,traj,3.140355304875646,-330.56966479612265,52.38255698667967,-0.020367860794067383,0.0013956291530050782,0.0,0.75,1.0,0.0,0
192,226,9.6,0.0,25.70043182373047,330.51611328125,0.10758525133132935,-2.6609159249346703e-06,0.0013956291530050782,0.75,0.0,0.03264562413096428,2.001990795135498,0.015198353677988052,0.5268049240112305,-0.002754122018814087,-0.008099377155303955,0.009346388280391693,-0.04950801283121109,0.015198353677988052,0.5268049240112305,0.0254167802631855,9.688788414001465,1.369090018173059,0.01836141793622853,0.00752904147655142,0.001670029315523704,0.001670029315523704,0.25,traj,3.140355304875646,-330.56966479612265,52.38255698667967,-0.020367860794067383,0.0013956291530050782,0.0,0.75,1.0,0.0,0
193,227,9.65,0.0,25.85103988647461,330.51654052734375,0.1134258359670639,-8.52325058531278e-07,0.002205661129447049,0.75,0.0,0.03797284513711929,2.070216178894043,0.015100017189979553,0.5789220929145813,-0.0004743337631225586,0.004066035151481628,0.011665038764476776,-0.04155724495649338,0.015100017189979553,0.5789220929145813,0.025416774675250053,9.6887845993042,1.4091647739211717,0.016601202296125467,0.009763424027034924,0.001670029315523704,0.001670029315523704,0.25,traj,3.140355304875646,-330.56966479612265,52.38256080137693,-0.016829609870910645,0.002205661129447049,0.0,0.75,1.0,0.0,0
194,228,9.7,0.0,25.997108459472656,330.51690673828125,0.11407659947872162,-8.52325058531278e-07,0.002205661129447049,0.75,0.0,0.03797284513711929,2.070216178894043,0.015100017189979553,0.5789220929145813,-0.0004743337631225586,0.004066035151481628,0.011665038764476776,-0.04155724495649338,0.015100017189979553,0.5789220929145813,0.025416774675250053,9.6887845993042,1.4091647739211717,0.016601202296125467,0.009763424027034924,0.001670029315523704,0.001670029315523704,0.25,traj,3.140355304875646,-330.56966479612265,52.38256080137693,-0.016829609870910645,0.002205661129447049,0.0,0.75,1.0,0.0,0
195,229,9.75,0.0,26.14324951171875,330.5173034667969,0.11404179781675339,-8.52325058531278e-07,0.002205661129447049,0.75,0.0,0.03797284513711929,2.070216178894043,0.015100017189979553,0.5789220929145813,-0.0004743337631225586,0.004066035151481628,0.011665038764476776,-0.04155724495649338,0.015100017189979553,0.5789220929145813,0.025416774675250053,9.6887845993042,1.4091647739211717,0.016601202296125467,0.009763424027034924,0.001670029315523704,0.001670029315523704,0.25,traj,3.140355304875646,-330.56966479612265,52.38256080137693,-0.016829609870910645,0.002205661129447049,0.0,0.75,1.0,0.0,0
196,230,9.8,0.0,26.291860580444336,330.5177001953125,0.11392424255609512,-8.52325058531278e-07,0.002205661129447049,0.75,0.0,0.03797284513711929,2.070216178894043,0.015100017189979553,0.5789220929145813,-0.0004743337631225586,0.004066035151481628,0.011665038764476776,-0.04155724495649338,0.015100017189979553,0.5789220929145813,0.025416774675250053,9.6887845993042,1.4091647739211717,0.016601202296125467,0.009763424027034924,0.001670029315523704,0.001670029315523704,0.25,traj,3.140355304875646,-330.56966479612265,52.38256080137693,-0.016829609870910645,0.002205661129447049,0.0,0.75,1.0,0.0,0
197,231,9.85,0.0,26.44447135925293,330.5178527832031,0.1047261506319046,-3.188450534707954e-07,0.0018763691718242715,0.75,0.0,0.03748249635100365,2.115549087524414,0.015448499470949173,0.6202610731124878,-0.0008728206157684326,0.014489784836769104,0.009956412017345428,-0.04233112186193466,0.015448499470949173,0.6202610731124878,0.025416774675250053,9.6887845993042,1.4395234361290932,0.015852689454082847,0.009380326305587987,0.001670029315523704,0.001670029315523704,0.25,traj,3.140355304875646,-330.56966479612265,52.38256080137693,-0.015687942504882812,0.0018763691718242715,0.0,0.75,1.0,0.0,0
198,232,9.9,0.0,26.60220718383789,330.5177917480469,0.09106957912445068,-3.188450534707954e-07,0.0018763691718242715,0.75,0.0,0.03748249635100365,2.115549087524414,0.015448499470949173,0.6202610731124878,-0.0008728206157684326,0.014489784836769104,0.009956412017345428,-0.04233112186193466,0.015448499470949173,0.6202610731124878,0.025416774675250053,9.6887845993042,1.4395234361290932,0.015852689454082847,0.009380326305587987,0.001670029315523704,0.001670029315523704,0.25,traj,3.140355304875646,-330.56966479612265,52.38256080137693,-0.015687942504882812,0.0018763691718242715,0.0,0.75,1.0,0.0,0
199,233,9.95,0.0,26.765609741210938,330.5177001953125,0.07648629695177078,-3.188450534707954e-07,0.0018763691718242715,0.75,0.0,0.03748249635100365,2.115549087524414,0.015448499470949173,0.6202610731124878,-0.0008728206157684326,0.014489784836769104,0.009956412017345428,-0.04233112186193466,0.015448499470949173,0.6202610731124878,0.025416774675250053,9.6887845993042,1.4395234361290932,0.015852689454082847,0.009380326305587987,0.001670029315523704,0.001670029315523704,0.25,traj,3.140355304875646,-330.56966479612265,52.38256080137693,-0.015687942504882812,0.0018763691718242715,0.0,0.75,1.0,0.0,0
200,234,10.0,0.0,26.93515968322754,330.517578125,0.061290327459573746,-3.188450534707954e-07,0.0018763691718242715,0.75,0.0,0.03748249635100365,2.115549087524414,0.015448499470949173,0.6202610731124878,-0.0008728206157684326,0.014489784836769104,0.009956412017345428,-0.04233112186193466,0.015448499470949173,0.6202610731124878,0.025416774675250053,9.6887845993042,1.4395234361290932,0.015852689454082847,0.009380326305587987,0.001670029315523704,0.001670029315523704,0.25,traj,3.140355304875646,-330.56966479612265,52.38256080137693,-0.015687942504882812,0.0018763691718242715,0.0,0.75,1.0,0.0,0
201,235,10.05,0.0,27.109289169311523,330.5176086425781,0.05721482262015343,-8.786526706217046e-08,0.0019505990985415394,0.75,0.0,0.0341745987534523,2.3410630226135254,0.013269156217575073,0.7852288484573364,-0.0024321675300598145,0.04420928657054901,0.009506963193416595,-0.04119708389043808,0.013269156217575073,0.7852288484573364,0.025416774675250053,9.6887845993042,1.5889315555493035,0.01075683709631789,0.00855364574304411,0.001670029315523704,0.001670029315523704,0.25,traj,3.140355304875646,-330.56966479612265,52.38256080137693,-0.01595175266265869,0.0019505990985415394,0.0,0.75,1.0,0.0,0
202,236,10.1,0.0,27.28140640258789,330.5177917480469,0.05838107317686081,-8.786526706217046e-08,0.0019505990985415394,0.75,0.0,0.0341745987534523,2.3410630226135254,0.013269156217575073,0.7852288484573364,-0.0024321675300598145,0.04420928657054901,0.009506963193416595,-0.04119708389043808,0.013269156217575073,0.7852288484573364,0.025416774675250053,9.6887845993042,1.5889315555493035,0.01075683709631789,0.00855364574304411,0.001670029315523704,0.001670029315523704,0.25,traj,3.140355304875646,-330.56966479612265,52.38256080137693,-0.01595175266265869,0.0019505990985415394,0.0,0.75,1.0,0.0,0
203,237,10.15,0.0,27.444047927856445,330.51800537109375,0.060190699994564056,-8.786526706217046e-08,0.0019505990985415394,0.75,0.0,0.0341745987534523,2.3410630226135254,0.013269156217575073,0.7852288484573364,-0.0024321675300598145,0.04420928657054901,0.009506963193416595,-0.04119708389043808,0.013269156217575073,0.7852288484573364,0.025416774675250053,9.6887845993042,1.5889315555493035,0.01075683709631789,0.00855364574304411,0.001670029315523704,0.001670029315523704,0.25,traj,3.140355304875646,-330.56966479612265,52.38256080137693,-0.01595175266265869,0.0019505990985415394,0.0,0.75,1.0,0.0,0
204,238,10.2,0.0,27.59418487548828,330.5181579589844,0.061983637511730194,-8.786526706217046e-08,0.0019505990985415394,0.75,0.0,0.0341745987534523,2.3410630226135254,0.013269156217575073,0.7852288484573364,-0.0024321675300598145,0.04420928657054901,0.009506963193416595,-0.04119708389043808,0.013269156217575073,0.7852288484573364,0.025416774675250053,9.6887845993042,1.5889315555493035,0.01075683709631789,0.00855364574304411,0.001670029315523704,0.001670029315523704,0.25,traj,3.140355304875646,-330.56966479612265,52.38256080137693,-0.01595175266265869,0.0019505990985415394,0.0,0.75,1.0,0.0,0
205,239,10.25,0.0,27.7327823638916,330.5184631347656,0.06998421996831894,-2.7377964784136566e-08,0.0022969039190219565,0.75,0.0,0.030370105057954788,2.0104806423187256,0.013873260468244553,0.5636171698570251,-0.001469448208808899,0.011187568306922913,0.006486944854259491,-0.040289513766765594,0.013873260468244553,0.5636171698570251,0.025416774675250053,9.6887845993042,1.3677922959129016,0.015667060090640055,0.007258262421455803,0.001670029315523704,0.001670029315523704,0.25,traj,3.140355304875646,-330.56966479612265,52.38256080137693,-0.01528388261795044,0.0022969039190219565,0.0,0.75,1.0,0.0,0
206,240,10.3,0.0,27.86724090576172,330.5188903808594,0.08124592155218124,-2.7377964784136566e-08,0.0022969039190219565,0.75,0.0,0.030370105057954788,2.0104806423187256,0.013873260468244553,0.5636171698570251,-0.001469448208808899,0.011187568306922913,0.006486944854259491,-0.040289513766765594,0.013873260468244553,0.5636171698570251,0.025416774675250053,9.6887845993042,1.3677922959129016,0.015667060090640055,0.007258262421455803,0.001670029315523704,0.001670029315523704,0.25,traj,3.140355304875646,-330.56966479612265,52.38256080137693,-0.01528388261795044,0.0022969039190219565,0.0,0.75,1.0,0.0,0
207,241,10.35,0.0,28.001012802124023,330.5194091796875,0.09285175055265427,-2.7377964784136566e-08,0.0022969039190219565,0.75,0.0,0.030370105057954788,2.0104806423187256,0.013873260468244553,0.5636171698570251,-0.001469448208808899,0.011187568306922913,0.006486944854259491,-0.040289513766765594,0.013873260468244553,0.5636171698570251,0.025416774675250053,9.6887845993042,1.3677922959129016,0.015667060090640055,0.007258262421455803,0.001670029315523704,0.001670029315523704,0.25,traj,3.140355304875646,-330.56966479612265,52.38256080137693,-0.01528388261795044,0.0022969039190219565,0.0,0.75,1.0,0.0,0
208,242,10.4,0.0,28.134756088256836,330.5199279785156,0.10456196963787079,-2.7377964784136566e-08,0.0022969039190219565,0.75,0.0,0.030370105057954788,2.0104806423187256,0.013873260468244553,0.5636171698570251,-0.001469448208808899,0.011187568306922913,0.006486944854259491,-0.040289513766765594,0.013873260468244553,0.5636171698570251,0.025416774675250053,9.6887845993042,1.3677922959129016,0.015667060090640055,0.007258262421455803,0.001670029315523704,0.001670029315523704,0.25,traj,3.140355304875646,-330.56966479612265,52.38256080137693,-0.01528388261795044,0.0022969039190219565,0.0,0.75,1.0,0.0,0
209,243,10.45,0.0,28.26881217956543,330.5204162597656,0.11285809427499771,-2.3665958082119687e-09,0.002621763368464611,0.75,0.0,0.03513208031654358,2.1780037879943848,0.01303141564130783,0.6862823963165283,-0.0017396807670593262,0.03133092820644379,0.007943324744701385,-0.03814049810171127,0.01303141564130783,0.6862823963165283,0.025416774675250053,9.6887845993042,1.47809736430645,0.012086978491682483,0.009431173269409192,0.001670029315523704,0.001670029315523704,0.25,traj,3.140355304875646,-330.56966479612265,52.38256080137693,-0.014127612113952637,0.002621763368464611,0.0,0.75,1.0,0.0,0
210,244,10.5,0.0,28.40447998046875,330.5207824707031,0.11976897716522217,-2.3665958082119687e-09,0.002621763368464611,0.75,0.0,0.03513208031654358,2.1780037879943848,0.01303141564130783,0.6862823963165283,-0.0017396807670593262,0.03133092820644379,0.007943324744701385,-0.03814049810171127,0.01303141564130783,0.6862823963165283,0.025416774675250053,9.6887845993042,1.47809736430645,0.012086978491682483,0.009431173269409192,0.001670029315523704,0.001670029315523704,0.25,traj,3.140355304875646,-330.56966479612265,52.38256080137693,-0.014127612113952637,0.002621763368464611,0.0,0.75,1.0,0.0,0
211,245,10.55,0.0,28.543424606323242,330.5212707519531,0.1266336292028427,-2.3665958082119687e-09,0.002621763368464611,0.75,0.0,0.03513208031654358,2.1780037879943848,0.01303141564130783,0.6862823963165283,-0.0017396807670593262,0.03133092820644379,0.007943324744701385,-0.03814049810171127,0.01303141564130783,0.6862823963165283,0.025416774675250053,9.6887845993042,1.47809736430645,0.012086978491682483,0.009431173269409192,0.001670029315523704,0.001670029315523704,0.25,traj,3.140355304875646,-330.56966479612265,52.38256080137693,-0.014127612113952637,0.002621763368464611,0.0,0.75,1.0,0.0,0
212,246,10.6,0.0,28.68706703186035,330.5218200683594,0.13372746109962463,-2.3665958082119687e-09,0.002621763368464611,0.75,0.0,0.03513208031654358,2.1780037879943848,0.01303141564130783,0.6862823963165283,-0.0017396807670593262,0.03133092820644379,0.007943324744701385,-0.03814049810171127,0.01303141564130783,0.6862823963165283,0.025416774675250053,9.6887845993042,1.47809736430645,0.012086978491682483,0.009431173269409192,0.001670029315523704,0.001670029315523704,0.25,traj,3.140355304875646,-330.56966479612265,52.38256080137693,-0.014127612113952637,0.002621763368464611,0.0,0.75,1.0,0.0,0
213,247,10.65,0.0,28.83612060546875,330.5223693847656,0.13896125555038452,-1.0046120380025059e-08,0.0029537859787993163,0.75,0.0,0.03975905478000641,2.1087329387664795,0.01631089299917221,0.616369366645813,-0.0023613497614860535,0.014836445450782776,0.007265172898769379,-0.04437374323606491,0.01631089299917221,0.616369366645813,0.025416774675250053,9.6887845993042,1.436238706111908,0.016842839210762364,0.010001797629068368,0.001670029315523704,0.001670029315523704,0.25,traj,3.140355304875646,-330.56966479612265,52.38256080137693,-0.017886221408843994,0.0029537859787993163,0.0,0.75,1.0,0.0,0
214,248,10.7,0.0,28.991193771362305,330.5229187011719,0.14347852766513824,-1.0046120380025059e-08,0.0029537859787993163,0.75,0.0,0.03975905478000641,2.1087329387664795,0.01631089299917221,0.616369366645813,-0.0023613497614860535,0.014836445450782776,0.007265172898769379,-0.04437374323606491,0.01631089299917221,0.616369366645813,0.025416774675250053,9.6887845993042,1.436238706111908,0.016842839210762364,0.010001797629068368,0.001670029315523704,0.001670029315523704,0.25,traj,3.140355304875646,-330.56966479612265,52.38256080137693,-0.017886221408843994,0.0029537859787993163,0.0,0.75,1.0,0.0,0
215,249,10.75,0.0,29.152488708496094,330.5234680175781,0.14803890883922577,-1.0046120380025059e-08,0.0029537859787993163,0.75,0.0,0.03975905478000641,2.1087329387664795,0.01631089299917221,0.616369366645813,-0.0023613497614860535,0.014836445450782776,0.007265172898769379,-0.04437374323606491,0.01631089299917221,0.616369366645813,0.025416774675250053,9.6887845993042,1.436238706111908,0.016842839210762364,0.010001797629068368,0.001670029315523704,0.001670029315523704,0.25,traj,3.140355304875646,-330.56966479612265,52.38256080137693,-0.017886221408843994,0.0029537859787993163,0.0,0.75,1.0,0.0,0
216,250,10.8,0.0,29.32028579711914,330.5240478515625,0.15276913344860077,-1.0046120380025059e-08,0.0029537859787993163,0.75,0.0,0.03975905478000641,2.1087329387664795,0.01631089299917221,0.616369366645813,-0.0023613497614860535,0.014836445450782776,0.007265172898769379,-0.04437374323606491,0.01631089299917221,0.616369366645813,0.025416774675250053,9.6887845993042,1.436238706111908,0.016842839210762364,0.010001797629068368,0.001670029315523704,0.001670029315523704,0.25,traj,3.140355304875646,-330.56966479612265,52.38256080137693,-0.017886221408843994,0.0029537859787993163,0.0,0.75,1.0,0.0,0
217,251,10.85,0.0,29.494325637817383,330.52435302734375,0.14759241044521332,1.1456394943820669e-08,0.0032346632788553195,0.75,0.0,0.032722413539886475,2.2568836212158203,0.012717567384243011,0.729026198387146,-0.003037005662918091,0.03850848972797394,0.009075455367565155,-0.0410415455698967,0.012717567384243011,0.729026198387146,0.025416774675250053,9.6887845993042,1.532768502831459,0.011104417834080761,0.008335003798612925,0.001670029315523704,0.001670029315523704,0.25,traj,3.140355304875646,-330.56966479612265,52.38256080137693,-0.015121519565582275,0.0032346632788553195,0.0,0.75,1.0,0.0,0
218,252,10.9,0.0,29.67337417602539,330.5246276855469,0.13762113451957703,1.1456394943820669e-08,0.0032346632788553195,0.75,0.0,0.032722413539886475,2.2568836212158203,0.012717567384243011,0.729026198387146,-0.003037005662918091,0.03850848972797394,0.009075455367565155,-0.0410415455698967,0.012717567384243011,0.729026198387146,0.025416774675250053,9.6887845993042,1.532768502831459,0.011104417834080761,0.008335003798612925,0.001670029315523704,0.001670029315523704,0.25,traj,3.140355304875646,-330.56966479612265,52.38256080137693,-0.015121519565582275,0.0032346632788553195,0.0,0.75,1.0,0.0,0
219,253,10.95,0.0,29.856170654296875,330.5248718261719,0.1268695592880249,1.1456394943820669e-08,0.0032346632788553195,0.75,0.0,0.032722413539886475,2.2568836212158203,0.012717567384243011,0.729026198387146,-0.003037005662918091,0.03850848972797394,0.009075455367565155,-0.0410415455698967,0.012717567384243011,0.729026198387146,0.025416774675250053,9.6887845993042,1.532768502831459,0.011104417834080761,0.008335003798612925,0.001670029315523704,0.001670029315523704,0.25,traj,3.140355304875646,-330.56966479612265,52.38256080137693,-0.015121519565582275,0.0032346632788553195,0.0,0.75,1.0,0.0,0
220,254,11.0,0.0,30.04207992553711,330.5249938964844,0.11584680527448654,1.1456394943820669e-08,0.0032346632788553195,0.75,0.0,0.032722413539886475,2.2568836212158203,0.012717567384243011,0.729026198387146,-0.003037005662918091,0.03850848972797394,0.009075455367565155,-0.0410415455698967,0.012717567384243011,0.729026198387146,0.025416774675250053,9.6887845993042,1.532768502831459,0.011104417834080761,0.008335003798612925,0.001670029315523704,0.001670029315523704,0.25,traj,3.140355304875646,-330.56966479612265,52.38256080137693,-0.015121519565582275,0.0032346632788553195,0.0,0.75,1.0,0.0,0
221,255,11.05,0.0,30.228981018066406,330.52508544921875,0.10362754762172699,-1.9063785272610545e-10,0.0031006691969004403,0.75,0.0,0.032182496041059494,2.235055923461914,0.012218330055475235,0.6945141553878784,-0.0036389008164405823,0.024748563766479492,0.008280836045742035,-0.04312825947999954,0.012218330055475235,0.6945141553878784,0.025416774675250053,9.6887845993042,1.5196932504574459,0.011198674444626936,0.008249626433987764,0.001670029315523704,0.001670029315523704,0.25,traj,3.140355304875646,-330.56966479612265,52.38256080137693,-0.0205380916595459,0.0031006691969004403,0.0,0.75,1.0,0.0,0
222,256,11.1,0.0,30.41042709350586,330.525146484375,0.09121090173721313,-1.9063785272610545e-10,0.0031006691969004403,0.75,0.0,0.032182496041059494,2.235055923461914,0.012218330055475235,0.6945141553878784,-0.0036389008164405823,0.024748563766479492,0.008280836045742035,-0.04312825947999954,0.012218330055475235,0.6945141553878784,0.025416774675250053,9.6887845993042,1.5196932504574459,0.011198674444626936,0.008249626433987764,0.001670029315523704,0.001670029315523704,0.25,traj,3.140355304875646,-330.56966479612265,52.38256080137693,-0.0205380916595459,0.0031006691969004403,0.0,0.75,1.0,0.0,0
223,257,11.15,0.0,30.579572677612305,330.5251770019531,0.07960551977157593,-1.9063785272610545e-10,0.0031006691969004403,0.75,0.0,0.032182496041059494,2.235055923461914,0.012218330055475235,0.6945141553878784,-0.0036389008164405823,0.024748563766479492,0.008280836045742035,-0.04312825947999954,0.012218330055475235,0.6945141553878784,0.025416774675250053,9.6887845993042,1.5196932504574459,0.011198674444626936,0.008249626433987764,0.001670029315523704,0.001670029315523704,0.25,traj,3.140355304875646,-330.56966479612265,52.38256080137693,-0.0205380916595459,0.0031006691969004403,0.0,0.75,1.0,0.0,0
224,258,11.2,0.0,30.73119354248047,330.52508544921875,0.06914886832237244,-1.9063785272610545e-10,0.0031006691969004403,0.75,0.0,0.032182496041059494,2.235055923461914,0.012218330055475235,0.6945141553878784,-0.0036389008164405823,0.024748563766479492,0.008280836045742035,-0.04312825947999954,0.012218330055475235,0.6945141553878784,0.025416774675250053,9.6887845993042,1.5196932504574459,0.011198674444626936,0.008249626433987764,0.001670029315523704,0.001670029315523704,0.25,traj,3.140355304875646,-330.56966479612265,52.38256080137693,-0.0205380916595459,0.0031006691969004403,0.0,0.75,1.0,0.0,0
225,259,11.25,0.0,30.865238189697266,330.5252990722656,0.07441867887973785,2.070154270228386e-09,0.002949956803995878,0.75,0.0,0.03008626028895378,2.165431499481201,0.012656230479478836,0.6677258610725403,-0.0035451576113700867,0.03287644684314728,0.006580017507076263,-0.04020213335752487,0.012656230479478836,0.6677258610725403,0.025416774675250053,9.6887845993042,1.4710933069388072,0.01206519777732922,0.007408526583196083,0.001670029315523704,0.001670029315523704,0.25,traj,3.140355304875646,-330.56966479612265,52.38256080137693,-0.011866390705108643,0.002949956803995878,0.0,0.75,1.0,0.0,0
226,260,11.3,0.0,30.9842586517334,330.52569580078125,0.08652401715517044,2.070154270228386e-09,0.002949956803995878,0.75,0.0,0.03008626028895378,2.165431499481201,0.012656230479478836,0.6677258610725403,-0.0035451576113700867,0.03287644684314728,0.006580017507076263,-0.04020213335752487,0.012656230479478836,0.6677258610725403,0.025416774675250053,9.6887845993042,1.4710933069388072,0.01206519777732922,0.007408526583196083,0.001670029315523704,0.001670029315523704,0.25,traj,3.140355304875646,-330.56966479612265,52.38256080137693,-0.011866390705108643,0.002949956803995878,0.0,0.75,1.0,0.0,0
227,261,11.35,0.0,31.06145477294922,330.5259704589844,0.09365950524806976,2.070154270228386e-09,0.002949956803995878,0.75,0.0,0.03008626028895378,2.165431499481201,0.012656230479478836,0.6677258610725403,-0.0035451576113700867,0.03287644684314728,0.006580017507076263,-0.04020213335752487,0.012656230479478836,0.6677258610725403,0.025416774675250053,9.6887845993042,1.4710933069388072,0.01206519777732922,0.007408526583196083,0.001670029315523704,0.001670029315523704,0.25,traj,3.140355304875646,-330.56966479612265,52.38256080137693,-0.011866390705108643,0.002949956803995878,0.0,0.75,1.0,0.0,0
228,262,11.4,0.0,31.07778549194336,330.5260009765625,0.09468338638544083,2.070154270228386e-09,0.002949956803995878,0.75,0.0,0.03008626028895378,2.165431499481201,0.012656230479478836,0.6677258610725403,-0.0035451576113700867,0.03287644684314728,0.006580017507076263,-0.04020213335752487,0.012656230479478836,0.6677258610725403,0.025416774675250053,9.6887845993042,1.4710933069388072,0.01206519777732922,0.007408526583196083,0.001670029315523704,0.001670029315523704,0.25,traj,3.140355304875646,-330.56966479612265,52.38256080137693,-0.011866390705108643,0.002949956803995878,0.0,0.75,1.0,0.0,0
229,263,11.45,0.0,31.077781677246094,330.5260009765625,0.09467212855815887,1.3299972234648294e-09,0.002856637921504502,0.75,0.0,0.025678042322397232,2.1204416751861572,0.012063276022672653,0.6256782412528992,-0.0033403635025024414,0.01595635712146759,0.006851129233837128,-0.040950559079647064,0.012063276022672653,0.6256782412528992,0.025416774675250053,9.6887845993042,1.4417027508219082,0.012272683746116054,0.005798347431860967,0.001670029315523704,0.001670029315523704,0.25,traj,3.140355304875646,-330.56966479612265,52.38256080137693,-0.01588296890258789,0.002856637921504502,0.0,0.75,1.0,0.0,0
230,264,11.5,0.0,31.080028533935547,330.5260009765625,0.09591436386108398,1.3299972234648294e-09,0.002856637921504502,0.75,0.0,0.025678042322397232,2.1204416751861572,0.012063276022672653,0.6256782412528992,-0.0033403635025024414,0.01595635712146759,0.006851129233837128,-0.040950559079647064,0.012063276022672653,0.6256782412528992,0.025416774675250053,9.6887845993042,1.4417027508219082,0.012272683746116054,0.005798347431860967,0.001670029315523704,0.001670029315523704,0.25,traj,3.140355304875646,-330.56966479612265,52.38256080137693,-0.01588296890258789,0.002856637921504502,0.0,0.75,1.0,0.0,0
231,265,11.55,0.0,31.086627960205078,330.52587890625,0.11394151300191879,1.3299972234648294e-09,0.002856637921504502,0.75,0.0,0.025678042322397232,2.1204416751861572,0.012063276022672653,0.6256782412528992,-0.0033403635025024414,0.01595635712146759,0.006851129233837128,-0.040950559079647064,0.012063276022672653,0.6256782412528992,0.025416774675250053,9.6887845993042,1.4417027508219082,0.012272683746116054,0.005798347431860967,0.001670029315523704,0.001670029315523704,0.25,traj,3.140355304875646,-330.56966479612265,52.38256080137693,-0.01588296890258789,0.002856637921504502,0.0,0.75,1.0,0.0,0
232,266,11.6,0.0,31.097719192504883,330.5260925292969,0.11159148812294006,1.3299972234648294e-09,0.002856637921504502,0.75,0.0,0.025678042322397232,2.1204416751861572,0.012063276022672653,0.6256782412528992,-0.0033403635025024414,0.01595635712146759,0.006851129233837128,-0.040950559079647064,0.012063276022672653,0.6256782412528992,0.025416774675250053,9.6887845993042,1.4417027508219082,0.012272683746116054,0.005798347431860967,0.001670029315523704,0.001670029315523704,0.25,traj,3.140355304875646,-330.56966479612265,52.38256080137693,-0.01588296890258789,0.002856637921504502,0.0,0.75,1.0,0.0,0
233,267,11.65,0.0,31.113677978515625,330.5262145996094,0.12424721568822861,2.315832192678613e-09,0.002589200441596575,0.75,0.0,0.023521721363067627,2.013840675354004,0.01084425300359726,0.5738930106163025,-0.003367885947227478,0.01556849479675293,0.006624273955821991,-0.04284391552209854,0.01084425300359726,0.5738930106163025,0.025416774675250053,9.6887845993042,1.3718464275201163,0.012028087082838819,0.005604749514386494,0.001670029315523704,0.001670029315523704,0.25,traj,3.140355304875646,-330.56966479612265,52.38256080137693,-0.014060556888580322,0.002589200441596575,0.0,0.75,1.0,0.0,0
234,268,11.7,0.0,31.13576889038086,330.5264892578125,0.13778719305992126,2.315832192678613e-09,0.002589200441596575,0.75,0.0,0.023521721363067627,2.013840675354004,0.01084425300359726,0.5738930106163025,-0.003367885947227478,0.01556849479675293,0.006624273955821991,-0.04284391552209854,0.01084425300359726,0.5738930106163025,0.025416774675250053,9.6887845993042,1.3718464275201163,0.012028087082838819,0.005604749514386494,0.001670029315523704,0.001670029315523704,0.25,traj,3.140355304875646,-330.56966479612265,52.38256080137693,-0.014060556888580322,0.002589200441596575,0.0,0.75,1.0,0.0,0
235,269,11.75,0.0,31.16507911682129,330.52667236328125,0.17131637036800385,2.315832192678613e-09,0.002589200441596575,0.75,0.0,0.023521721363067627,2.013840675354004,0.01084425300359726,0.5738930106163025,-0.003367885947227478,0.01556849479675293,0.006624273955821991,-0.04284391552209854,0.01084425300359726,0.5738930106163025,0.025416774675250053,9.6887845993042,1.3718464275201163,0.012028087082838819,0.005604749514386494,0.001670029315523704,0.001670029315523704,0.25,traj,3.140355304875646,-330.56966479612265,52.38256080137693,-0.014060556888580322,0.002589200441596575,0.0,0.75,1.0,0.0,0
236,270,11.8,0.0,31.20073127746582,330.5272216796875,0.1692836880683899,2.315832192678613e-09,0.002589200441596575,0.75,0.0,0.023521721363067627,2.013840675354004,0.01084425300359726,0.5738930106163025,-0.003367885947227478,0.01556849479675293,0.006624273955821991,-0.04284391552209854,0.01084425300359726,0.5738930106163025,0.025416774675250053,9.6887845993042,1.3718464275201163,0.012028087082838819,0.005604749514386494,0.001670029315523704,0.001670029315523704,0.25,traj,3.140355304875646,-330.56966479612265,52.38256080137693,-0.014060556888580322,0.002589200441596575,0.0,0.75,1.0,0.0,0
237,271,11.85,0.0,31.24367332458496,330.52783203125,0.18150128424167633,-1.1897747231870426e-09,0.0027680190629357404,0.75,0.0,0.026078030467033386,1.9704266786575317,0.013118930160999298,0.5314967632293701,-0.0035766884684562683,0.003936663269996643,0.008211188018321991,-0.04486044496297836,0.013118930160999298,0.5314967632293701,0.025416774675250053,9.6887845993042,1.34467543164889,0.015710469737365028,0.005733308852764288,0.001670029315523704,0.001670029315523704,0.25,traj,3.140355304875646,-330.56966479612265,52.38256080137693,-0.021909654140472412,0.0027680190629357404,0.0,0.75,1.0,0.0,0
238,272,11.9,0.0,31.291872024536133,330.52825927734375,0.22946876287460327,-1.1897747231870426e-09,0.0027680190629357404,0.75,0.0,0.026078030467033386,1.9704266786575317,0.013118930160999298,0.5314967632293701,-0.0035766884684562683,0.003936663269996643,0.008211188018321991,-0.04486044496297836,0.013118930160999298,0.5314967632293701,0.025416774675250053,9.6887845993042,1.34467543164889,0.015710469737365028,0.005733308852764288,0.001670029315523704,0.001670029315523704,0.25,traj,3.140355304875646,-330.56966479612265,52.38256080137693,-0.021909654140472412,0.0027680190629357404,0.0,0.75,1.0,0.0,0
239,273,11.95,0.0,31.346500396728516,330.529052734375,0.2614077031612396,-1.1897747231870426e-09,0.0027680190629357404,0.75,0.0,0.026078030467033386,1.9704266786575317,0.013118930160999298,0.5314967632293701,-0.0035766884684562683,0.003936663269996643,0.008211188018321991,-0.04486044496297836,0.013118930160999298,0.5314967632293701,0.025416774675250053,9.6887845993042,1.34467543164889,0.015710469737365028,0.005733308852764288,0.001670029315523704,0.001670029315523704,0.25,traj,3.140355304875646,-330.56966479612265,52.38256080137693,-0.021909654140472412,0.0027680190629357404,0.0,0.75,1.0,0.0,0
240,274,12.0,0.0,31.407604217529297,330.52996826171875,0.2712300419807434,-1.1897747231870426e-09,0.0027680190629357404,0.75,0.0,0.026078030467033386,1.9704266786575317,0.013118930160999298,0.5314967632293701,-0.0035766884684562683,0.003936663269996643,0.008211188018321991,-0.04486044496297836,0.013118930160999298,0.5314967632293701,0.025416774675250053,9.6887845993042,1.34467543164889,0.015710469737365028,0.005733308852764288,0.001670029315523704,0.001670029315523704,0.25,traj,3.140355304875646,-330.56966479612265,52.38256080137693,-0.021909654140472412,0.0027680190629357404,0.0,0.75,1.0,0.0,0
241,275,12.05,0.0,31.47478485107422,330.53045654296875,0.26804497838020325,-1.4347888210863857e-08,0.0025586879944356207,0.75,0.0,0.029545947909355164,2.0060179233551025,0.013701625168323517,0.5686713457107544,-0.0014762282371520996,0.011738806962966919,0.007673375308513641,-0.03912729769945145,0.013701625168323517,0.5686713457107544,0.025416774675250053,9.6887845993042,1.3641704966624577,0.015335795915894438,0.007017384416726686,0.001670029315523704,0.001670029315523704,0.25,traj,3.140355304875646,-330.56966479612265,52.38256080137693,-0.01871180534362793,0.0025586879944356207,0.0,0.75,1.0,0.0,0
242,276,12.1,0.0,31.54924964904785,330.53076171875,0.2636025846004486,-1.4347888210863857e-08,0.0025586879944356207,0.75,0.0,0.029545947909355164,2.0060179233551025,0.013701625168323517,0.5686713457107544,-0.0014762282371520996,0.011738806962966919,0.007673375308513641,-0.03912729769945145,0.013701625168323517,0.5686713457107544,0.025416774675250053,9.6887845993042,1.3641704966624577,0.015335795915894438,0.007017384416726686,0.001670029315523704,0.001670029315523704,0.25,traj,3.140355304875646,-330.56966479612265,52.38256080137693,-0.01871180534362793,0.0025586879944356207,0.0,0.75,1.0,0.0,0
243,277,12.15,0.0,31.63059425354004,330.5309753417969,0.2607603967189789,-1.4347888210863857e-08,0.0025586879944356207,0.75,0.0,0.029545947909355164,2.0060179233551025,0.013701625168323517,0.5686713457107544,-0.0014762282371520996,0.011738806962966919,0.007673375308513641,-0.03912729769945145,0.013701625168323517,0.5686713457107544,0.025416774675250053,9.6887845993042,1.3641704966624577,0.015335795915894438,0.007017384416726686,0.001670029315523704,0.001670029315523704,0.25,traj,3.140355304875646,-330.56966479612265,52.38256080137693,-0.01871180534362793,0.0025586879944356207,0.0,0.75,1.0,0.0,0
244,278,12.2,0.0,31.717897415161133,330.53118896484375,0.25566285848617554,-1.4347888210863857e-08,0.0025586879944356207,0.75,0.0,0.029545947909355164,2.0060179233551025,0.013701625168323517,0.5686713457107544,-0.0014762282371520996,0.011738806962966919,0.007673375308513641,-0.03912729769945145,0.013701625168323517,0.5686713457107544,0.025416774675250053,9.6887845993042,1.3641704966624577,0.015335795915894438,0.007017384416726686,0.001670029315523704,0.001670029315523704,0.25,traj,3.140355304875646,-330.56966479612265,52.38256080137693,-0.01871180534362793,0.0025586879944356207,0.0,0.75,1.0,0.0,0
245,279,12.25,0.0,31.811405181884766,330.5316467285156,0.25833800435066223,-9.62857460429234e-10,0.002300600758910226,0.75,0.0,0.025322549045085907,1.7398799657821655,0.013226166367530823,0.39165040850639343,-0.002599753439426422,-0.014829248189926147,0.008360855281352997,-0.04357431083917618,0.013226166367530823,0.39165040850639343,0.025416774675250053,9.6887845993042,1.1905568254490693,0.021490707049965262,0.005711604029401804,0.001670029315523704,0.001670029315523704,0.25,traj,3.140355304875646,-330.56966479612265,52.38256080137693,-0.019593656063079834,0.002300600758910226,0.0,0.75,1.0,0.0,0
246,280,12.3,0.0,31.911422729492188,330.53216552734375,0.26148244738578796,-9.62857460429234e-10,0.002300600758910226,0.75,0.0,0.025322549045085907,1.7398799657821655,0.013226166367530823,0.39165040850639343,-0.002599753439426422,-0.014829248189926147,0.008360855281352997,-0.04357431083917618,0.013226166367530823,0.39165040850639343,0.025416774675250053,9.6887845993042,1.1905568254490693,0.021490707049965262,0.005711604029401804,0.001670029315523704,0.001670029315523704,0.25,traj,3.140355304875646,-330.56966479612265,52.38256080137693,-0.019593656063079834,0.002300600758910226,0.0,0.75,1.0,0.0,0
247,281,12.35,0.0,32.01814270019531,330.53277587890625,0.26682624220848083,-9.62857460429234e-10,0.002300600758910226,0.75,0.0,0.025322549045085907,1.7398799657821655,0.013226166367530823,0.39165040850639343,-0.002599753439426422,-0.014829248189926147,0.008360855281352997,-0.04357431083917618,0.013226166367530823,0.39165040850639343,0.025416774675250053,9.6887845993042,1.1905568254490693,0.021490707049965262,0.005711604029401804,0.001670029315523704,0.001670029315523704,0.25,traj,3.140355304875646,-330.56966479612265,52.38256080137693,-0.019593656063079834,0.002300600758910226,0.0,0.75,1.0,0.0,0
248,282,12.4,0.0,32.131675720214844,330.5333557128906,0.2707597315311432,-9.62857460429234e-10,0.002300600758910226,0.75,0.0,0.025322549045085907,1.7398799657821655,0.013226166367530823,0.39165040850639343,-0.002599753439426422,-0.014829248189926147,0.008360855281352997,-0.04357431083917618,0.013226166367530823,0.39165040850639343,0.025416774675250053,9.6887845993042,1.1905568254490693,0.021490707049965262,0.005711604029401804,0.001670029315523704,0.001670029315523704,0.25,traj,3.140355304875646,-330.56966479612265,52.38256080137693,-0.019593656063079834,0.002300600758910226,0.0,0.75,1.0,0.0,0
249,283,12.45,0.0,32.251853942871094,330.5341796875,0.28282102942466736,5.972165539880336e-10,0.0022216537327974183,0.75,0.0,0.027134515345096588,1.976702094078064,0.012359529733657837,0.5386108160018921,-0.0018304213881492615,0.0016739070415496826,0.008991442620754242,-0.042916037142276764,0.012359529733657837,0.5386108160018921,0.025416774675250053,9.6887845993042,1.3474506164590518,0.014605952257583186,0.006540409539687463,0.001670029315523704,0.001670029315523704,0.25,traj,3.140355304875646,-330.56966479612265,52.38256080137693,-0.017982125282287598,0.0022216537327974183,0.0,0.75,1.0,0.0,0
250,284,12.5,0.0,32.377479553222656,330.5350646972656,0.29631608724594116,5.972165539880336e-10,0.0022216537327974183,0.75,0.0,0.027134515345096588,1.976702094078064,0.012359529733657837,0.5386108160018921,-0.0018304213881492615,0.0016739070415496826,0.008991442620754242,-0.042916037142276764,0.012359529733657837,0.5386108160018921,0.025416774675250053,9.6887845993042,1.3474506164590518,0.014605952257583186,0.006540409539687463,0.001670029315523704,0.001670029315523704,0.25,traj,3.140355304875646,-330.56966479612265,52.38256080137693,-0.017982125282287598,0.0022216537327974183,0.0,0.75,1.0,0.0,0
251,285,12.55,0.0,32.50743103027344,330.5361633300781,0.31199198961257935,5.972165539880336e-10,0.0022216537327974183,0.75,0.0,0.027134515345096588,1.976702094078064,0.012359529733657837,0.5386108160018921,-0.0018304213881492615,0.0016739070415496826,0.008991442620754242,-0.042916037142276764,0.012359529733657837,0.5386108160018921,0.025416774675250053,9.6887845993042,1.3474506164590518,0.014605952257583186,0.006540409539687463,0.001670029315523704,0.001670029315523704,0.25,traj,3.140355304875646,-330.56966479612265,52.38256080137693,-0.017982125282287598,0.0022216537327974183,0.0,0.75,1.0,0.0,0
252,286,12.6,0.0,32.641029357910156,330.5372619628906,0.3266769349575043,5.972165539880336e-10,0.0022216537327974183,0.75,0.0,0.027134515345096588,1.976702094078064,0.012359529733657837,0.5386108160018921,-0.0018304213881492615,0.0016739070415496826,0.008991442620754242,-0.042916037142276764,0.012359529733657837,0.5386108160018921,0.025416774675250053,9.6887845993042,1.3474506164590518,0.014605952257583186,0.006540409539687463,0.001670029315523704,0.001670029315523704,0.25,traj,3.140355304875646,-330.56966479612265,52.38256080137693,-0.017982125282287598,0.0022216537327974183,0.0,0.75,1.0,0.0,0
253,287,12.65,0.0,32.77628707885742,330.5382385253906,0.3338833153247833,-6.593678936184233e-10,0.0021782037689835974,0.75,0.0,0.024868112057447433,1.808122992515564,0.012118581682443619,0.42592713236808777,-0.002093203365802765,-0.01130133867263794,0.010484211146831512,-0.04823949187994003,0.012118581682443619,0.42592713236808777,0.025416774675250053,9.6887845993042,1.2391565615932147,0.018108397372974948,0.005872113474897104,0.001670029315523704,0.001670029315523704,0.25,traj,3.140355304875646,-330.56966479612265,52.38256080137693,-0.027029454708099365,0.0021782037689835974,0.0,0.75,1.0,0.0,0
254,288,12.7,0.0,32.907012939453125,330.53900146484375,0.33538854122161865,-6.593678936184233e-10,0.0021782037689835974,0.75,0.0,0.024868112057447433,1.808122992515564,0.012118581682443619,0.42592713236808777,-0.002093203365802765,-0.01130133867263794,0.010484211146831512,-0.04823949187994003,0.012118581682443619,0.42592713236808777,0.025416774675250053,9.6887845993042,1.2391565615932147,0.018108397372974948,0.005872113474897104,0.001670029315523704,0.001670029315523704,0.25,traj,3.140355304875646,-330.56966479612265,52.38256080137693,-0.027029454708099365,0.0021782037689835974,0.0,0.75,1.0,0.0,0
255,289,12.75,0.0,33.02694320678711,330.5398254394531,0.32969245314598083,-6.593678936184233e-10,0.0021782037689835974,0.75,0.0,0.024868112057447433,1.808122992515564,0.012118581682443619,0.42592713236808777,-0.002093203365802765,-0.01130133867263794,0.010484211146831512,-0.04823949187994003,0.012118581682443619,0.42592713236808777,0.025416774675250053,9.6887845993042,1.2391565615932147,0.018108397372974948,0.005872113474897104,0.001670029315523704,0.001670029315523704,0.25,traj,3.140355304875646,-330.56966479612265,52.38256080137693,-0.027029454708099365,0.0021782037689835974,0.0,0.75,1.0,0.0,0
256,290,12.8,0.0,33.107452392578125,330.5403747558594,0.3211715519428253,-6.593678936184233e-10,0.0021782037689835974,0.75,0.0,0.024868112057447433,1.808122992515564,0.012118581682443619,0.42592713236808777,-0.002093203365802765,-0.01130133867263794,0.010484211146831512,-0.04823949187994003,0.012118581682443619,0.42592713236808777,0.025416774675250053,9.6887845993042,1.2391565615932147,0.018108397372974948,0.005872113474897104,0.001670029315523704,0.001670029315523704,0.25,traj,3.140355304875646,-330.56966479612265,52.38256080137693,-0.027029454708099365,0.0021782037689835974,0.0,0.75,1.0,0.0,0
257,291,12.85,0.0,33.125244140625,330.5404968261719,0.3215090334415436,4.1919492876907327e-10,0.002207549392161342,0.75,0.0,0.028832118958234787,2.0734200477600098,0.012799087911844254,0.5990751385688782,-0.0019517317414283752,0.015690013766288757,0.007461272180080414,-0.040600769221782684,0.012799087911844254,0.5990751385688782,0.025416774675250053,9.6887845993042,1.4100506976246834,0.013599182373923307,0.006922748351226622,0.001670029315523704,0.001670029315523704,0.25,traj,3.140355304875646,-330.56966479612265,52.38256080137693,-0.01733875274658203,0.002207549392161342,0.0,0.75,1.0,0.0,0
258,292,12.9,0.0,33.12519073486328,330.5404968261719,0.32149991393089294,4.1919492876907327e-10,0.002207549392161342,0.75,0.0,0.028832118958234787,2.0734200477600098,0.012799087911844254,0.5990751385688782,-0.0019517317414283752,0.015690013766288757,0.007461272180080414,-0.040600769221782684,0.012799087911844254,0.5990751385688782,0.025416774675250053,9.6887845993042,1.4100506976246834,0.013599182373923307,0.006922748351226622,0.001670029315523704,0.001670029315523704,0.25,traj,3.140355304875646,-330.56966479612265,52.38256080137693,-0.01733875274658203,0.002207549392161342,0.0,0.75,1.0,0.0,0
259,293,12.95,0.0,33.12528610229492,330.5404968261719,0.32150059938430786,4.1919492876907327e-10,0.002207549392161342,0.75,0.0,0.028832118958234787,2.0734200477600098,0.012799087911844254,0.5990751385688782,-0.0019517317414283752,0.015690013766288757,0.007461272180080414,-0.040600769221782684,0.012799087911844254,0.5990751385688782,0.025416774675250053,9.6887845993042,1.4100506976246834,0.013599182373923307,0.006922748351226622,0.001670029315523704,0.001670029315523704,0.25,traj,3.140355304875646,-330.56966479612265,52.38256080137693,-0.01733875274658203,0.002207549392161342,0.0,0.75,1.0,0.0,0
260,294,13.0,0.0,33.12541198730469,330.5404968261719,0.32150208950042725,4.1919492876907327e-10,0.002207549392161342,0.75,0.0,0.028832118958234787,2.0734200477600098,0.012799087911844254,0.5990751385688782,-0.0019517317414283752,0.015690013766288757,0.007461272180080414,-0.040600769221782684,0.012799087911844254,0.5990751385688782,0.025416774675250053,9.6887845993042,1.4100506976246834,0.013599182373923307,0.006922748351226622,0.001670029315523704,0.001670029315523704,0.25,traj,3.140355304875646,-330.56966479612265,52.38256080137693,-0.01733875274658203,0.002207549392161342,0.0,0.75,1.0,0.0,0
261,295,13.05,0.0,33.12552261352539,330.5404968261719,0.3215044438838959,-4.3144207650946953e-10,0.002157713201473559,0.75,0.0,0.02269682288169861,1.8047977685928345,0.012341834604740143,0.43180713057518005,-0.001436084508895874,-0.013187766075134277,0.009367190301418304,-0.04867773503065109,0.012341834604740143,0.43180713057518005,0.025416774675250053,9.6887845993042,1.236890365680059,0.018190814988959768,0.004801215704029882,0.001670029315523704,0.001670029315523704,0.25,traj,3.140355304875646,-330.56966479612265,52.38256080137693,-0.02731984853744507,0.002157713201473559,0.0,0.75,1.0,0.0,0
262,296,13.1,0.0,33.1256103515625,330.5404968261719,0.32150641083717346,-4.3144207650946953e-10,0.002157713201473559,0.75,0.0,0.02269682288169861,1.8047977685928345,0.012341834604740143,0.43180713057518005,-0.001436084508895874,-0.013187766075134277,0.009367190301418304,-0.04867773503065109,0.012341834604740143,0.43180713057518005,0.025416774675250053,9.6887845993042,1.236890365680059,0.018190814988959768,0.004801215704029882,0.001670029315523704,0.001670029315523704,0.25,traj,3.140355304875646,-330.56966479612265,52.38256080137693,-0.02731984853744507,0.002157713201473559,0.0,0.75,1.0,0.0,0
263,297,13.15,0.0,33.12567138671875,330.5404968261719,0.3215080499649048,-4.3144207650946953e-10,0.002157713201473559,0.75,0.0,0.02269682288169861,1.8047977685928345,0.012341834604740143,0.43180713057518005,-0.001436084508895874,-0.013187766075134277,0.009367190301418304,-0.04867773503065109,0.012341834604740143,0.43180713057518005,0.025416774675250053,9.6887845993042,1.236890365680059,0.018190814988959768,0.004801215704029882,0.001670029315523704,0.001670029315523704,0.25,traj,3.140355304875646,-330.56966479612265,52.38256080137693,-0.02731984853744507,0.002157713201473559,0.0,0.75,1.0,0.0,0
264,298,13.2,0.0,33.125728607177734,330.5404968261719,0.3215092718601227,-4.3144207650946953e-10,0.002157713201473559,0.75,0.0,0.02269682288169861,1.8047977685928345,0.012341834604740143,0.43180713057518005,-0.001436084508895874,-0.013187766075134277,0.009367190301418304,-0.04867773503065109,0.012341834604740143,0.43180713057518005,0.025416774675250053,9.6887845993042,1.236890365680059,0.018190814988959768,0.004801215704029882,0.001670029315523704,0.001670029315523704,0.25,traj,3.140355304875646,-330.56966479612265,52.38256080137693,-0.02731984853744507,0.002157713201473559,0.0,0.75,1.0,0.0,0
265,299,13.25,0.0,33.125770568847656,330.5404968261719,0.32151034474372864,-8.502705761692653e-10,0.0020648695863119296,0.75,0.0,0.023964613676071167,2.0591626167297363,0.01007465273141861,0.5917174816131592,-0.0026225298643112183,0.014701098203659058,0.008420281112194061,-0.041999198496341705,0.01007465273141861,0.5917174816131592,0.025416774675250053,9.6887845993042,1.4016216744979222,0.010838116347441041,0.006025716840231613,0.001670029315523704,0.001670029315523704,0.25,traj,3.140355304875646,-330.56966479612265,52.38256080137693,-0.022513866424560547,0.0020648695863119296,0.0,0.75,1.0,0.0,0
266,300,13.3,0.0,33.12578582763672,330.5404968261719,0.32151055335998535,-8.502705761692653e-10,0.0020648695863119296,0.75,0.0,0.023964613676071167,2.0591626167297363,0.01007465273141861,0.5917174816131592,-0.0026225298643112183,0.014701098203659058,0.008420281112194061,-0.041999198496341705,0.01007465273141861,0.5917174816131592,0.025416774675250053,9.6887845993042,1.4016216744979222,0.010838116347441041,0.006025716840231613,0.001670029315523704,0.001670029315523704,0.25,traj,3.140355304875646,-330.56966479612265,52.38256080137693,-0.022513866424560547,0.0020648695863119296,0.0,0.75,1.0,0.0,0
267,301,13.35,0.0,33.12580871582031,330.5404968261719,0.32151105999946594,-8.502705761692653e-10,0.0020648695863119296,0.75,0.0,0.023964613676071167,2.0591626167297363,0.01007465273141861,0.5917174816131592,-0.0026225298643112183,0.014701098203659058,0.008420281112194061,-0.041999198496341705,0.01007465273141861,0.5917174816131592,0.025416774675250053,9.6887845993042,1.4016216744979222,0.010838116347441041,0.006025716840231613,0.001670029315523704,0.001670029315523704,0.25,traj,3.140355304875646,-330.56966479612265,52.38256080137693,-0.022513866424560547,0.0020648695863119296,0.0,0.75,1.0,0.0,0
268,302,13.4,0.0,33.12582778930664,330.5404968261719,0.321511447429657,-8.502705761692653e-10,0.0020648695863119296,0.75,0.0,0.023964613676071167,2.0591626167297363,0.01007465273141861,0.5917174816131592,-0.0026225298643112183,0.014701098203659058,0.008420281112194061,-0.041999198496341705,0.01007465273141861,0.5917174816131592,0.025416774675250053,9.6887845993042,1.4016216744979222,0.010838116347441041,0.006025716840231613,0.001670029315523704,0.001670029315523704,0.25,traj,3.140355304875646,-330.56966479612265,52.38256080137693,-0.022513866424560547,0.0020648695863119296,0.0,0.75,1.0,0.0,0
269,303,13.45,0.0,33.1258430480957,330.5404968261719,0.321511834859848,-2.033419127522862e-10,0.002144273381325482,0.75,0.0,0.02762974426150322,1.9465649127960205,0.014378402382135391,0.5120757818222046,-0.0019437521696090698,-0.0005749166011810303,0.009245477616786957,-0.043612249195575714,0.014378402382135391,0.5120757818222046,0.025416774675250053,9.6887845993042,1.327952653169632,0.0178707067898585,0.005880689156855009,0.001670029315523704,0.001670029315523704,0.25,traj,3.140355304875646,-330.56966479612265,52.38256080137693,-0.025584697723388672,0.002144273381325482,0.0,0.75,1.0,0.0,0
270,304,13.5,0.0,33.1258544921875,330.5404968261719,0.3215121626853943,-2.033419127522862e-10,0.002144273381325482,0.75,0.0,0.02762974426150322,1.9465649127960205,0.014378402382135391,0.5120757818222046,-0.0019437521696090698,-0.0005749166011810303,0.009245477616786957,-0.043612249195575714,0.014378402382135391,0.5120757818222046,0.025416774675250053,9.6887845993042,1.327952653169632,0.0178707067898585,0.005880689156855009,0.001670029315523704,0.001670029315523704,0.25,traj,3.140355304875646,-330.56966479612265,52.38256080137693,-0.025584697723388672,0.002144273381325482,0.0,0.75,1.0,0.0,0
271,305,13.55,0.0,33.1258659362793,330.5404968261719,0.3215124309062958,-2.033419127522862e-10,0.002144273381325482,0.75,0.0,0.02762974426150322,1.9465649127960205,0.014378402382135391,0.5120757818222046,-0.0019437521696090698,-0.0005749166011810303,0.009245477616786957,-0.043612249195575714,0.014378402382135391,0.5120757818222046,0.025416774675250053,9.6887845993042,1.327952653169632,0.0178707067898585,0.005880689156855009,0.001670029315523704,0.001670029315523704,0.25,traj,3.140355304875646,-330.56966479612265,52.38256080137693,-0.025584697723388672,0.002144273381325482,0.0,0.75,1.0,0.0,0
272,306,13.6,0.0,33.12587356567383,330.5404968261719,0.3215125799179077,-2.033419127522862e-10,0.002144273381325482,0.75,0.0,0.02762974426150322,1.9465649127960205,0.014378402382135391,0.5120757818222046,-0.0019437521696090698,-0.0005749166011810303,0.009245477616786957,-0.043612249195575714,0.014378402382135391,0.5120757818222046,0.025416774675250053,9.6887845993042,1.327952653169632,0.0178707067898585,0.005880689156855009,0.001670029315523704,0.001670029315523704,0.25,traj,3.140355304875646,-330.56966479612265,52.38256080137693,-0.025584697723388672,0.002144273381325482,0.0,0.75,1.0,0.0,0
273,307,13.65,0.0,33.125877380371094,330.5404968261719,0.32151246070861816,-3.015155625174515e-10,0.0022016113964516623,0.75,0.0,0.02750590071082115,2.1952829360961914,0.01140541210770607,0.681591808795929,-0.002754688262939453,0.02896517515182495,0.01020803302526474,-0.039270974695682526,0.01140541210770607,0.681591808795929,0.025416774675250053,9.6887845993042,1.4906756728887558,0.010651879856072027,0.006771194042643115,0.001670029315523704,0.001670029315523704,0.25,traj,3.140355304875646,-330.56966479612265,52.38256080137693,-0.01975572109222412,0.0022016113964516623,0.0,0.75,1.0,0.0,0
274,308,13.7,0.0,33.12588119506836,330.5404968261719,0.3215124011039734,-3.015155625174515e-10,0.0022016113964516623,0.75,0.0,0.02750590071082115,2.1952829360961914,0.01140541210770607,0.681591808795929,-0.002754688262939453,0.02896517515182495,0.01020803302526474,-0.039270974695682526,0.01140541210770607,0.681591808795929,0.025416774675250053,9.6887845993042,1.4906756728887558,0.010651879856072027,0.006771194042643115,0.001670029315523704,0.001670029315523704,0.25,traj,3.140355304875646,-330.56966479612265,52.38256080137693,-0.01975572109222412,0.0022016113964516623,0.0,0.75,1.0,0.0,0
275,309,13.75,0.0,33.12588119506836,330.5404968261719,0.3215124011039734,-3.015155625174515e-10,0.0022016113964516623,0.75,0.0,0.02750590071082115,2.1952829360961914,0.01140541210770607,0.681591808795929,-0.002754688262939453,0.02896517515182495,0.01020803302526474,-0.039270974695682526,0.01140541210770607,0.681591808795929,0.025416774675250053,9.6887845993042,1.4906756728887558,0.010651879856072027,0.006771194042643115,0.001670029315523704,0.001670029315523704,0.25,traj,3.140355304875646,-330.56966479612265,52.38256080137693,-0.01975572109222412,0.0022016113964516623,0.0,0.75,1.0,0.0,0
276,310,13.8,0.0,33.125885009765625,330.5404968261719,0.3215124011039734,-3.015155625174515e-10,0.0022016113964516623,0.75,0.0,0.02750590071082115,2.1952829360961914,0.01140541210770607,0.681591808795929,-0.002754688262939453,0.02896517515182495,0.01020803302526474,-0.039270974695682526,0.01140541210770607,0.681591808795929,0.025416774675250053,9.6887845993042,1.4906756728887558,0.010651879856072027,0.006771194042643115,0.001670029315523704,0.001670029315523704,0.25,traj,3.140355304875646,-330.56966479612265,52.38256080137693,-0.01975572109222412,0.0022016113964516623,0.0,0.75,1.0,0.0,0
277,311,13.85,0.0,33.125885009765625,330.5404968261719,0.3215124011039734,6.284685549751146e-10,0.0021670506392513977,0.75,0.0,0.026427458971738815,1.9939227104187012,0.01226261630654335,0.5322067737579346,-0.0031320974230766296,-0.0020089447498321533,0.009033255279064178,-0.047062017023563385,0.01226261630654335,0.5322067737579346,0.025416774675250053,9.6887845993042,1.3619258105754852,0.014665830249306965,0.006168999030820325,0.001670029315523704,0.001670029315523704,0.25,traj,3.140355304875646,-330.56966479612265,52.38256080137693,-0.02570509910583496,0.0021670506392513977,0.0,0.75,1.0,0.0,0
278,312,13.9,0.0,33.12588882446289,330.5404968261719,0.3215124011039734,6.284685549751146e-10,0.0021670506392513977,0.75,0.0,0.026427458971738815,1.9939227104187012,0.01226261630654335,0.5322067737579346,-0.0031320974230766296,-0.0020089447498321533,0.009033255279064178,-0.047062017023563385,0.01226261630654335,0.5322067737579346,0.025416774675250053,9.6887845993042,1.3619258105754852,0.014665830249306965,0.006168999030820325,0.001670029315523704,0.001670029315523704,0.25,traj,3.140355304875646,-330.56966479612265,52.38256080137693,-0.02570509910583496,0.0021670506392513977,0.0,0.75,1.0,0.0,0
279,313,13.95,0.0,33.12588882446289,330.5404968261719,0.3215124011039734,6.284685549751146e-10,0.0021670506392513977,0.75,0.0,0.026427458971738815,1.9939227104187012,0.01226261630654335,0.5322067737579346,-0.0031320974230766296,-0.0020089447498321533,0.009033255279064178,-0.047062017023563385,0.01226261630654335,0.5322067737579346,0.025416774675250053,9.6887845993042,1.3619258105754852,0.014665830249306965,0.006168999030820325,0.001670029315523704,0.001670029315523704,0.25,traj,3.140355304875646,-330.56966479612265,52.38256080137693,-0.02570509910583496,0.0021670506392513977,0.0,0.75,1.0,0.0,0
280,314,14.0,0.0,33.12588882446289,330.5404968261719,0.3215124011039734,6.284685549751146e-10,0.0021670506392513977,0.75,0.0,0.026427458971738815,1.9939227104187012,0.01226261630654335,0.5322067737579346,-0.0031320974230766296,-0.0020089447498321533,0.009033255279064178,-0.047062017023563385,0.01226261630654335,0.5322067737579346,0.025416774675250053,9.6887845993042,1.3619258105754852,0.014665830249306965,0.006168999030820325,0.001670029315523704,0.001670029315523704,0.25,traj,3.140355304875646,-330.56966479612265,52.38256080137693,-0.02570509910583496,0.0021670506392513977,0.0,0.75,1.0,0.0,0
281,315,14.05,0.0,33.12588882446289,330.5404968261719,0.3215124011039734,-6.417266718017345e-10,0.002226632656111142,0.75,0.0,0.02881966531276703,2.0551772117614746,0.011729024350643158,0.586853563785553,-0.0016584023833274841,0.014213845133781433,0.008214704692363739,-0.04276270419359207,0.011729024350643158,0.586853563785553,0.025416774675250053,9.6887845993042,1.3993633737166724,0.012721958411521335,0.007409664948057752,0.001670029315523704,0.001670029315523704,0.25,traj,3.140355304875646,-330.56966479612265,52.38256080137693,-0.01749211549758911,0.002226632656111142,0.0,0.75,1.0,0.0,0
282,316,14.1,0.0,33.12588882446289,330.5404968261719,0.3215124011039734,-6.417266718017345e-10,0.002226632656111142,0.75,0.0,0.02881966531276703,2.0551772117614746,0.011729024350643158,0.586853563785553,-0.0016584023833274841,0.014213845133781433,0.008214704692363739,-0.04276270419359207,0.011729024350643158,0.586853563785553,0.025416774675250053,9.6887845993042,1.3993633737166724,0.012721958411521335,0.007409664948057752,0.001670029315523704,0.001670029315523704,0.25,traj,3.140355304875646,-330.56966479612265,52.38256080137693,-0.01749211549758911,0.002226632656111142,0.0,0.75,1.0,0.0,0
283,317,14.15,0.0,33.12588882446289,330.5404968261719,0.3215124011039734,-6.417266718017345e-10,0.002226632656111142,0.75,0.0,0.02881966531276703,2.0551772117614746,0.011729024350643158,0.586853563785553,-0.0016584023833274841,0.014213845133781433,0.008214704692363739,-0.04276270419359207,0.011729024350643158,0.586853563785553,0.025416774675250053,9.6887845993042,1.3993633737166724,0.012721958411521335,0.007409664948057752,0.001670029315523704,0.001670029315523704,0.25,traj,3.140355304875646,-330.56966479612265,52.38256080137693,-0.01749211549758911,0.002226632656111142,0.0,0.75,1.0,0.0,0
284,318,14.2,0.0,33.125892639160156,330.5404968261719,0.3215124011039734,-6.417266718017345e-10,0.002226632656111142,0.75,0.0,0.02881966531276703,2.0551772117614746,0.011729024350643158,0.586853563785553,-0.0016584023833274841,0.014213845133781433,0.008214704692363739,-0.04276270419359207,0.011729024350643158,0.586853563785553,0.025416774675250053,9.6887845993042,1.3993633737166724,0.012721958411521335,0.007409664948057752,0.001670029315523704,0.001670029315523704,0.25,traj,3.140355304875646,-330.56966479612265,52.38256080137693,-0.01749211549758911,0.002226632656111142,0.0,0.75,1.0,0.0,0
285,319,14.25,0.0,33.125892639160156,330.5404968261719,0.3215124011039734,5.720912632511954e-10,0.002289589924785735,0.75,0.0,0.028190966695547104,1.943916916847229,0.01339087262749672,0.5088851451873779,-0.0018587186932563782,-0.003823712468147278,0.00697316974401474,-0.04692690819501877,0.01339087262749672,0.5088851451873779,0.025416774675250053,9.6887845993042,1.3280282467603683,0.016748203145262295,0.006565529457634954,0.001670029315523704,0.001670029315523704,0.25,traj,3.140355304875646,-330.56966479612265,52.38256080137693,-0.022621333599090576,0.002289589924785735,0.0,0.75,1.0,0.0,0
286,320,14.3,0.0,33.125892639160156,330.5404968261719,0.3215124011039734,5.720912632511954e-10,0.002289589924785735,0.75,0.0,0.028190966695547104,1.943916916847229,0.01339087262749672,0.5088851451873779,-0.0018587186932563782,-0.003823712468147278,0.00697316974401474,-0.04692690819501877,0.01339087262749672,0.5088851451873779,0.025416774675250053,9.6887845993042,1.3280282467603683,0.016748203145262295,0.006565529457634954,0.001670029315523704,0.001670029315523704,0.25,traj,3.140355304875646,-330.56966479612265,52.38256080137693,-0.022621333599090576,0.002289589924785735,0.0,0.75,1.0,0.0,0
287,321,14.35,0.0,33.125892639160156,330.5404968261719,0.3215124011039734,5.720912632511954e-10,0.002289589924785735,0.75,0.0,0.028190966695547104,1.943916916847229,0.01339087262749672,0.5088851451873779,-0.0018587186932563782,-0.003823712468147278,0.00697316974401474,-0.04692690819501877,0.01339087262749672,0.5088851451873779,0.025416774675250053,9.6887845993042,1.3280282467603683,0.016748203145262295,0.006565529457634954,0.001670029315523704,0.001670029315523704,0.25,traj,3.140355304875646,-330.56966479612265,52.38256080137693,-0.022621333599090576,0.002289589924785735,0.0,0.75,1.0,0.0,0
288,322,14.4,0.0,33.125892639160156,330.5404968261719,0.3215124011039734,5.720912632511954e-10,0.002289589924785735,0.75,0.0,0.028190966695547104,1.943916916847229,0.01339087262749672,0.5088851451873779,-0.0018587186932563782,-0.003823712468147278,0.00697316974401474,-0.04692690819501877,0.01339087262749672,0.5088851451873779,0.025416774675250053,9.6887845993042,1.3280282467603683,0.016748203145262295,0.006565529457634954,0.001670029315523704,0.001670029315523704,0.25,traj,3.140355304875646,-330.56966479612265,52.38256080137693,-0.022621333599090576,0.002289589924785735,0.0,0.75,1.0,0.0,0
289,323,14.45,0.0,33.125892639160156,330.5404968261719,0.3215124011039734,6.779642819365606e-11,0.002360009175128566,0.75,0.0,0.024738267064094543,2.05916166305542,0.010858781635761261,0.6015794277191162,-0.00235670804977417,0.017846792936325073,0.007993869483470917,-0.042297132313251495,0.010858781635761261,0.6015794277191162,0.025416774675250053,9.6887845993042,1.4017057518164318,0.011490019958223371,0.006061916842832681,0.001670029315523704,0.001670029315523704,0.25,traj,3.140355304875646,-330.56966479612265,52.38256080137693,-0.02077174186706543,0.002360009175128566,0.0,0.75,1.0,0.0,0
290,324,14.5,0.0,33.125892639160156,330.5404968261719,0.3215124011039734,6.779642819365606e-11,0.002360009175128566,0.75,0.0,0.024738267064094543,2.05916166305542,0.010858781635761261,0.6015794277191162,-0.00235670804977417,0.017846792936325073,0.007993869483470917,-0.042297132313251495,0.010858781635761261,0.6015794277191162,0.025416774675250053,9.6887845993042,1.4017057518164318,0.011490019958223371,0.006061916842832681,0.001670029315523704,0.001670029315523704,0.25,traj,3.140355304875646,-330.56966479612265,52.38256080137693,-0.02077174186706543,0.002360009175128566,0.0,0.75,1.0,0.0,0
291,325,14.55,0.0,33.125892639160156,330.5404968261719,0.3215124011039734,6.779642819365606e-11,0.002360009175128566,0.75,0.0,0.024738267064094543,2.05916166305542,0.010858781635761261,0.6015794277191162,-0.00235670804977417,0.017846792936325073,0.007993869483470917,-0.042297132313251495,0.010858781635761261,0.6015794277191162,0.025416774675250053,9.6887845993042,1.4017057518164318,0.011490019958223371,0.006061916842832681,0.001670029315523704,0.001670029315523704,0.25,traj,3.140355304875646,-330.56966479612265,52.38256080137693,-0.02077174186706543,0.002360009175128566,0.0,0.75,1.0,0.0,0
292,326,14.6,0.0,33.125892639160156,330.5404968261719,0.3215124011039734,6.779642819365606e-11,0.002360009175128566,0.75,0.0,0.024738267064094543,2.05916166305542,0.010858781635761261,0.6015794277191162,-0.00235670804977417,0.017846792936325073,0.007993869483470917,-0.042297132313251495,0.010858781635761261,0.6015794277191162,0.025416774675250053,9.6887845993042,1.4017057518164318,0.011490019958223371,0.006061916842832681,0.001670029315523704,0.001670029315523704,0.25,traj,3.140355304875646,-330.56966479612265,52.38256080137693,-0.02077174186706543,0.002360009175128566,0.0,0.75,1.0,0.0,0
293,327,14.65,0.0,33.125892639160156,330.5404968261719,0.3215124011039734,1.803793558963207e-09,0.002494174011812696,0.75,0.0,0.0261508971452713,1.8628112077713013,0.012418858706951141,0.46175312995910645,-0.003123953938484192,-0.007758691906929016,0.00836404412984848,-0.04602362960577011,0.012418858706951141,0.46175312995910645,0.025416774675250053,9.6887845993042,1.273897685110569,0.017117792270350762,0.006239425870262234,0.001670029315523704,0.001670029315523704,0.25,traj,3.140355304875646,-330.56966479612265,52.38256080137693,-0.027447283267974854,0.002494174011812696,0.0,0.75,1.0,0.0,0
294,328,14.7,0.0,33.125892639160156,330.5404968261719,0.3215124011039734,1.803793558963207e-09,0.002494174011812696,0.75,0.0,0.0261508971452713,1.8628112077713013,0.012418858706951141,0.46175312995910645,-0.003123953938484192,-0.007758691906929016,0.00836404412984848,-0.04602362960577011,0.012418858706951141,0.46175312995910645,0.025416774675250053,9.6887845993042,1.273897685110569,0.017117792270350762,0.006239425870262234,0.001670029315523704,0.001670029315523704,0.25,traj,3.140355304875646,-330.56966479612265,52.38256080137693,-0.027447283267974854,0.002494174011812696,0.0,0.75,1.0,0.0,0
295,329,14.75,0.0,33.125892639160156,330.5404968261719,0.3215124011039734,1.803793558963207e-09,0.002494174011812696,0.75,0.0,0.0261508971452713,1.8628112077713013,0.012418858706951141,0.46175312995910645,-0.003123953938484192,-0.007758691906929016,0.00836404412984848,-0.04602362960577011,0.012418858706951141,0.46175312995910645,0.025416774675250053,9.6887845993042,1.273897685110569,0.017117792270350762,0.006239425870262234,0.001670029315523704,0.001670029315523704,0.25,traj,3.140355304875646,-330.56966479612265,52.38256080137693,-0.027447283267974854,0.002494174011812696,0.0,0.75,1.0,0.0,0
296,330,14.8,0.0,33.125892639160156,330.5404968261719,0.3215124011039734,1.803793558963207e-09,0.002494174011812696,0.75,0.0,0.0261508971452713,1.8628112077713013,0.012418858706951141,0.46175312995910645,-0.003123953938484192,-0.007758691906929016,0.00836404412984848,-0.04602362960577011,0.012418858706951141,0.46175312995910645,0.025416774675250053,9.6887845993042,1.273897685110569,0.017117792270350762,0.006239425870262234,0.001670029315523704,0.001670029315523704,0.25,traj,3.140355304875646,-330.56966479612265,52.38256080137693,-0.027447283267974854,0.002494174011812696,0.0,0.75,1.0,0.0,0
297,331,14.85,0.0,33.125892639160156,330.5404968261719,0.3215124011039734,-1.767730184454308e-09,0.002479550292208483,0.75,0.0,0.027585987001657486,2.070444107055664,0.01141585037112236,0.5980923175811768,-0.002378225326538086,0.016240939497947693,0.008234910666942596,-0.040496014058589935,0.01141585037112236,0.5980923175811768,0.025416774675250053,9.6887845993042,1.4081176767746608,0.012149740341055823,0.006991429697880638,0.001670029315523704,0.001670029315523704,0.25,traj,3.140355304875646,-330.56966479612265,52.38256080137693,-0.020347416400909424,0.002479550292208483,0.0,0.75,1.0,0.0,0
298,332,14.9,0.0,33.125892639160156,330.5404968261719,0.3215124011039734,-1.767730184454308e-09,0.002479550292208483,0.75,0.0,0.027585987001657486,2.070444107055664,0.01141585037112236,0.5980923175811768,-0.002378225326538086,0.016240939497947693,0.008234910666942596,-0.040496014058589935,0.01141585037112236,0.5980923175811768,0.025416774675250053,9.6887845993042,1.4081176767746608,0.012149740341055823,0.006991429697880638,0.001670029315523704,0.001670029315523704,0.25,traj,3.140355304875646,-330.56966479612265,52.38256080137693,-0.020347416400909424,0.002479550292208483,0.0,0.75,1.0,0.0,0
299,333,14.95,0.0,33.125892639160156,330.5404968261719,0.3215124011039734,-1.767730184454308e-09,0.002479550292208483,0.75,0.0,0.027585987001657486,2.070444107055664,0.01141585037112236,0.5980923175811768,-0.002378225326538086,0.016240939497947693,0.008234910666942596,-0.040496014058589935,0.01141585037112236,0.5980923175811768,0.025416774675250053,9.6887845993042,1.4081176767746608,0.012149740341055823,0.006991429697880638,0.001670029315523704,0.001670029315523704,0.25,traj,3.140355304875646,-330.56966479612265,52.38256080137693,-0.020347416400909424,0.002479550292208483,0.0,0.75,1.0,0.0,0
300,334,15.0,0.0,33.125892639160156,330.5404968261719,0.3215124011039734,-1.767730184454308e-09,0.002479550292208483,0.75,0.0,0.027585987001657486,2.070444107055664,0.01141585037112236,0.5980923175811768,-0.002378225326538086,0.016240939497947693,0.008234910666942596,-0.040496014058589935,0.01141585037112236,0.5980923175811768,0.025416774675250053,9.6887845993042,1.4081176767746608,0.012149740341055823,0.006991429697880638,0.001670029315523704,0.001670029315523704,0.25,traj,3.140355304875646,-330.56966479612265,52.38256080137693,-0.020347416400909424,0.002479550292208483,0.0,0.75,1.0,0.0,0
301,335,15.05,0.0,33.125892639160156,330.5404968261719,0.3215124011039734,-1.498135659971922e-08,0.002501887856706579,0.75,0.0,0.02542029693722725,1.8579820394515991,0.012842487543821335,0.45582547783851624,-0.0025724247097969055,-0.010308921337127686,0.009769044816493988,-0.04693431407213211,0.012842487543821335,0.45582547783851624,0.025416774675250053,9.6887845993042,1.2715006719032922,0.017931495473471618,0.005710541555530913,0.001670029315523704,0.001670029315523704,0.25,traj,3.140355304875646,-330.56966479612265,52.38256080137693,-0.022192955017089844,0.002501887856706579,0.0,0.75,1.0,0.0,0
302,336,15.1,0.0,33.125892639160156,330.5404968261719,0.3215124011039734,-1.498135659971922e-08,0.002501887856706579,0.75,0.0,0.02542029693722725,1.8579820394515991,0.012842487543821335,0.45582547783851624,-0.0025724247097969055,-0.010308921337127686,0.009769044816493988,-0.04693431407213211,0.012842487543821335,0.45582547783851624,0.025416774675250053,9.6887845993042,1.2715006719032922,0.017931495473471618,0.005710541555530913,0.001670029315523704,0.001670029315523704,0.25,traj,3.140355304875646,-330.56966479612265,52.38256080137693,-0.022192955017089844,0.002501887856706579,0.0,0.75,1.0,0.0,0
303,337,15.15,0.0,33.125892639160156,330.5404968261719,0.3215124011039734,-1.498135659971922e-08,0.002501887856706579,0.75,0.0,0.02542029693722725,1.8579820394515991,0.012842487543821335,0.45582547783851624,-0.0025724247097969055,-0.010308921337127686,0.009769044816493988,-0.04693431407213211,0.012842487543821335,0.45582547783851624,0.025416774675250053,9.6887845993042,1.2715006719032922,0.017931495473471618,0.005710541555530913,0.001670029315523704,0.001670029315523704,0.25,traj,3.140355304875646,-330.56966479612265,52.38256080137693,-0.022192955017089844,0.002501887856706579,0.0,0.75,1.0,0.0,0
304,338,15.2,0.0,33.125892639160156,330.5404968261719,0.3215124011039734,-1.498135659971922e-08,0.002501887856706579,0.75,0.0,0.02542029693722725,1.8579820394515991,0.012842487543821335,0.45582547783851624,-0.0025724247097969055,-0.010308921337127686,0.009769044816493988,-0.04693431407213211,0.012842487543821335,0.45582547783851624,0.025416774675250053,9.6887845993042,1.2715006719032922,0.017931495473471618,0.005710541555530913,0.001670029315523704,0.001670029315523704,0.25,traj,3.140355304875646,-330.56966479612265,52.38256080137693,-0.022192955017089844,0.002501887856706579,0.0,0.75,1.0,0.0,0
305,339,15.25,0.0,33.125892639160156,330.5404968261719,0.3215124011039734,4.256183405715319e-09,0.002542846224429422,0.75,0.0,0.027087870985269547,2.110748767852783,0.010634403675794601,0.6257791519165039,-0.00216616690158844,0.015319600701332092,0.008414141833782196,-0.039761804044246674,0.010634403675794601,0.6257791519165039,0.025416774675250053,9.6887845993042,1.4344952702522278,0.010817549888940226,0.0070534326373461985,0.001670029315523704,0.001670029315523704,0.25,traj,3.140355304875646,-330.56966479612265,52.38256080137693,-0.021302998065948486,0.002542846224429422,0.0,0.75,1.0,0.0,0
306,340,15.3,0.0,33.125892639160156,330.5404968261719,0.3215124011039734,4.256183405715319e-09,0.002542846224429422,0.75,0.0,0.027087870985269547,2.110748767852783,0.010634403675794601,0.6257791519165039,-0.00216616690158844,0.015319600701332092,0.008414141833782196,-0.039761804044246674,0.010634403675794601,0.6257791519165039,0.025416774675250053,9.6887845993042,1.4344952702522278,0.010817549888940226,0.0070534326373461985,0.001670029315523704,0.001670029315523704,0.25,traj,3.140355304875646,-330.56966479612265,52.38256080137693,-0.021302998065948486,0.002542846224429422,0.0,0.75,1.0,0.0,0
307,341,15.35,0.0,33.125892639160156,330.5404968261719,0.3215124011039734,4.256183405715319e-09,0.002542846224429422,0.75,0.0,0.027087870985269547,2.110748767852783,0.010634403675794601,0.6257791519165039,-0.00216616690158844,0.015319600701332092,0.008414141833782196,-0.039761804044246674,0.010634403675794601,0.6257791519165039,0.025416774675250053,9.6887845993042,1.4344952702522278,0.010817549888940226,0.0070534326373461985,0.001670029315523704,0.001670029315523704,0.25,traj,3.140355304875646,-330.56966479612265,52.38256080137693,-0.021302998065948486,0.002542846224429422,0.0,0.75,1.0,0.0,0
308,342,15.4,0.0,33.125892639160156,330.5404968261719,0.3215124011039734,4.256183405715319e-09,0.002542846224429422,0.75,0.0,0.027087870985269547,2.110748767852783,0.010634403675794601,0.6257791519165039,-0.00216616690158844,0.015319600701332092,0.008414141833782196,-0.039761804044246674,0.010634403675794601,0.6257791519165039,0.025416774675250053,9.6887845993042,1.4344952702522278,0.010817549888940226,0.0070534326373461985,0.001670029315523704,0.001670029315523704,0.25,traj,3.140355304875646,-330.56966479612265,52.38256080137693,-0.021302998065948486,0.002542846224429422,0.0,0.75,1.0,0.0,0
309,343,15.45,0.0,33.125892639160156,330.5404968261719,0.3215124011039734,-5.4032818219695855e-09,0.002413374296887522,0.75,0.0,0.02562001347541809,1.7844789028167725,0.012309111654758453,0.4170471429824829,-0.000964730978012085,-0.010865911841392517,0.007667265832424164,-0.04595798999071121,0.012309111654758453,0.4170471429824829,0.025416774675250053,9.6887845993042,1.2211690122882526,0.018784358427833877,0.006196775133445044,0.001670029315523704,0.001670029315523704,0.25,traj,3.140355304875646,-330.56966479612265,52.38256080137693,-0.02535456418991089,0.002413374296887522,0.0,0.75,1.0,0.0,0
310,344,15.5,0.0,33.125892639160156,330.5404968261719,0.3215124011039734,-5.4032818219695855e-09,0.002413374296887522,0.75,0.0,0.02562001347541809,1.7844789028167725,0.012309111654758453,0.4170471429824829,-0.000964730978012085,-0.010865911841392517,0.007667265832424164,-0.04595798999071121,0.012309111654758453,0.4170471429824829,0.025416774675250053,9.6887845993042,1.2211690122882526,0.018784358427833877,0.006196775133445044,0.001670029315523704,0.001670029315523704,0.25,traj,3.140355304875646,-330.56966479612265,52.38256080137693,-0.02535456418991089,0.002413374296887522,0.0,0.75,1.0,0.0,0
311,345,15.55,0.0,33.125892639160156,330.5404968261719,0.3215124011039734,-5.4032818219695855e-09,0.002413374296887522,0.75,0.0,0.02562001347541809,1.7844789028167725,0.012309111654758453,0.4170471429824829,-0.000964730978012085,-0.010865911841392517,0.007667265832424164,-0.04595798999071121,0.012309111654758453,0.4170471429824829,0.025416774675250053,9.6887845993042,1.2211690122882526,0.018784358427833877,0.006196775133445044,0.001670029315523704,0.001670029315523704,0.25,traj,3.140355304875646,-330.56966479612265,52.38256080137693,-0.02535456418991089,0.002413374296887522,0.0,0.75,1.0,0.0,0
312,346,15.6,0.0,33.125892639160156,330.5404968261719,0.3215124011039734,-5.4032818219695855e-09,0.002413374296887522,0.75,0.0,0.02562001347541809,1.7844789028167725,0.012309111654758453,0.4170471429824829,-0.000964730978012085,-0.010865911841392517,0.007667265832424164,-0.04595798999071121,0.012309111654758453,0.4170471429824829,0.025416774675250053,9.6887845993042,1.2211690122882526,0.018784358427833877,0.006196775133445044,0.001670029315523704,0.001670029315523704,0.25,traj,3.140355304875646,-330.56966479612265,52.38256080137693,-0.02535456418991089,0.002413374296887522,0.0,0.75,1.0,0.0,0
313,347,15.65,0.0,33.125892639160156,330.5404968261719,0.3215124011039734,2.5103497058864832e-09,0.0022425640723501973,0.75,0.0,0.029374204576015472,2.193751811981201,0.011026844382286072,0.6810658574104309,-0.002730339765548706,0.026956215500831604,0.008448891341686249,-0.039374224841594696,0.011026844382286072,0.6810658574104309,0.025416774675250053,9.6887845993042,1.4895449727773666,0.01030634817506016,0.007721197465201112,0.001670029315523704,0.001670029315523704,0.25,traj,3.140355304875646,-330.56966479612265,52.38256080137693,-0.02015131711959839,0.0022425640723501973,0.0,0.75,1.0,0.0,0
314,348,15.7,0.0,33.125892639160156,330.5404968261719,0.3215124011039734,2.5103497058864832e-09,0.0022425640723501973,0.75,0.0,0.029374204576015472,2.193751811981201,0.011026844382286072,0.6810658574104309,-0.002730339765548706,0.026956215500831604,0.008448891341686249,-0.039374224841594696,0.011026844382286072,0.6810658574104309,0.025416774675250053,9.6887845993042,1.4895449727773666,0.01030634817506016,0.007721197465201112,0.001670029315523704,0.001670029315523704,0.25,traj,3.140355304875646,-330.56966479612265,52.38256080137693,-0.02015131711959839,0.0022425640723501973,0.0,0.75,1.0,0.0,0
315,349,15.75,0.0,33.125892639160156,330.5404968261719,0.3215124011039734,2.5103497058864832e-09,0.0022425640723501973,0.75,0.0,0.029374204576015472,2.193751811981201,0.011026844382286072,0.6810658574104309,-0.002730339765548706,0.026956215500831604,0.008448891341686249,-0.039374224841594696,0.011026844382286072,0.6810658574104309,0.025416774675250053,9.6887845993042,1.4895449727773666,0.01030634817506016,0.007721197465201112,0.001670029315523704,0.001670029315523704,0.25,traj,3.140355304875646,-330.56966479612265,52.38256080137693,-0.02015131711959839,0.0022425640723501973,0.0,0.75,1.0,0.0,0
316,350,15.8,0.0,33.125892639160156,330.5404968261719,0.3215124011039734,2.5103497058864832e-09,0.0022425640723501973,0.75,0.0,0.029374204576015472,2.193751811981201,0.011026844382286072,0.6810658574104309,-0.002730339765548706,0.026956215500831604,0.008448891341686249,-0.039374224841594696,0.011026844382286072,0.6810658574104309,0.025416774675250053,9.6887845993042,1.4895449727773666,0.01030634817506016,0.007721197465201112,0.001670029315523704,0.001670029315523704,0.25,traj,3.140355304875646,-330.56966479612265,52.38256080137693,-0.02015131711959839,0.0022425640723501973,0.0,0.75,1.0,0.0,0
317,351,15.85,0.0,33.125892639160156,330.5404968261719,0.3215124011039734,-6.218672687907656e-09,0.0022409305187737023,0.75,0.0,0.02362629771232605,1.8200668096542358,0.011986739933490753,0.44572174549102783,-0.00276096910238266,-0.005536094307899475,0.008457325398921967,-0.04749680310487747,0.011986739933490753,0.44572174549102783,0.025416774675250053,9.6887845993042,1.2462183261911075,0.017116426232516763,0.00539149583030054,0.001670029315523704,0.001670029315523704,0.25,traj,3.140355304875646,-330.56966479612265,52.38256080137693,-0.029515385627746582,0.0022409305187737023,0.0,0.75,1.0,0.0,0
318,352,15.9,0.0,33.125892639160156,330.5404968261719,0.3215124011039734,-6.218672687907656e-09,0.0022409305187737023,0.75,0.0,0.02362629771232605,1.8200668096542358,0.011986739933490753,0.44572174549102783,-0.00276096910238266,-0.005536094307899475,0.008457325398921967,-0.04749680310487747,0.011986739933490753,0.44572174549102783,0.025416774675250053,9.6887845993042,1.2462183261911075,0.017116426232516763,0.00539149583030054,0.001670029315523704,0.001670029315523704,0.25,traj,3.140355304875646,-330.56966479612265,52.38256080137693,-0.029515385627746582,0.0022409305187737023,0.0,0.75,1.0,0.0,0
319,353,15.95,0.0,33.125892639160156,330.5404968261719,0.3215124011039734,-6.218672687907656e-09,0.0022409305187737023,0.75,0.0,0.02362629771232605,1.8200668096542358,0.011986739933490753,0.44572174549102783,-0.00276096910238266,-0.005536094307899475,0.008457325398921967,-0.04749680310487747,0.011986739933490753,0.44572174549102783,0.025416774675250053,9.6887845993042,1.2462183261911075,0.017116426232516763,0.00539149583030054,0.001670029315523704,0.001670029315523704,0.25,traj,3.140355304875646,-330.56966479612265,52.38256080137693,-0.029515385627746582,0.0022409305187737023,0.0,0.75,1.0,0.0,0
320,354,16.0,0.0,33.125892639160156,330.5404968261719,0.3215124011039734,-6.218672687907656e-09,0.0022409305187737023,0.75,0.0,0.02362629771232605,1.8200668096542358,0.011986739933490753,0.44572174549102783,-0.00276096910238266,-0.005536094307899475,0.008457325398921967,-0.04749680310487747,0.011986739933490753,0.44572174549102783,0.025416774675250053,9.6887845993042,1.2462183261911075,0.017116426232516763,0.00539149583030054,0.001670029315523704,0.001670029315523704,0.25,traj,3.140355304875646,-330.56966479612265,52.38256080137693,-0.029515385627746582,0.0022409305187737023,0.0,0.75,1.0,0.0,0
321,355,16.05,0.0,33.125892639160156,330.5404968261719,0.3215124011039734,3.120075309226422e-09,0.0020152468390357103,0.75,0.0,0.025002319365739822,2.0505762100219727,0.011197295039892197,0.5908553600311279,-0.002920806407928467,0.01811543107032776,0.0075042471289634705,-0.03967220336198807,0.011197295039892197,0.5908553600311279,0.025416774675250053,9.6887845993042,1.3942803094784417,0.012063148720578216,0.006020556252858715,0.001670029315523704,0.001670029315523704,0.25,traj,3.140355304875646,-330.56966479612265,52.38256080137693,-0.02301490306854248,0.0020152468390357103,0.0,0.75,1.0,0.0,0
322,356,16.1,0.0,33.125892639160156,330.5404968261719,0.3215124011039734,3.120075309226422e-09,0.0020152468390357103,0.75,0.0,0.025002319365739822,2.0505762100219727,0.011197295039892197,0.5908553600311279,-0.002920806407928467,0.01811543107032776,0.0075042471289634705,-0.03967220336198807,0.011197295039892197,0.5908553600311279,0.025416774675250053,9.6887845993042,1.3942803094784417,0.012063148720578216,0.006020556252858715,0.001670029315523704,0.001670029315523704,0.25,traj,3.140355304875646,-330.56966479612265,52.38256080137693,-0.02301490306854248,0.0020152468390357103,0.0,0.75,1.0,0.0,0
323,357,16.15,0.0,33.125892639160156,330.5404968261719,0.3215124011039734,3.120075309226422e-09,0.0020152468390357103,0.75,0.0,0.025002319365739822,2.0505762100219727,0.011197295039892197,0.5908553600311279,-0.002920806407928467,0.01811543107032776,0.0075042471289634705,-0.03967220336198807,0.011197295039892197,0.5908553600311279,0.025416774675250053,9.6887845993042,1.3942803094784417,0.012063148720578216,0.006020556252858715,0.001670029315523704,0.001670029315523704,0.25,traj,3.140355304875646,-330.56966479612265,52.38256080137693,-0.02301490306854248,0.0020152468390357103,0.0,0.75,1.0,0.0,0
324,358,16.2,0.0,33.125892639160156,330.5404968261719,0.3215124011039734,3.120075309226422e-09,0.0020152468390357103,0.75,0.0,0.025002319365739822,2.0505762100219727,0.011197295039892197,0.5908553600311279,-0.002920806407928467,0.01811543107032776,0.0075042471289634705,-0.03967220336198807,0.011197295039892197,0.5908553600311279,0.025416774675250053,9.6887845993042,1.3942803094784417,0.012063148720578216,0.006020556252858715,0.001670029315523704,0.001670029315523704,0.25,traj,3.140355304875646,-330.56966479612265,52.38256080137693,-0.02301490306854248,0.0020152468390357103,0.0,0.75,1.0,0.0,0
325,359,16.25,0.0,33.125892639160156,330.5404968261719,0.3215124011039734,9.535086498146939e-09,0.0019198461718035569,0.75,0.0,0.028979502618312836,1.8836171627044678,0.014067888259887695,0.47295182943344116,-0.002160981297492981,-0.006153598427772522,0.008121214807033539,-0.04508165270090103,0.014067888259887695,0.47295182943344116,0.025416774675250053,9.6887845993042,1.286924903591474,0.018930600367062924,0.006729226324742926,0.001670029315523704,0.001670029315523704,0.25,traj,3.140355304875646,-330.56966479612265,52.38256080137693,-0.02523958683013916,0.0019198461718035569,0.0,0.75,1.0,0.0,0
326,360,16.3,0.0,33.125892639160156,330.5404968261719,0.3215124011039734,9.535086498146939e-09,0.0019198461718035569,0.75,0.0,0.028979502618312836,1.8836171627044678,0.014067888259887695,0.47295182943344116,-0.002160981297492981,-0.006153598427772522,0.008121214807033539,-0.04508165270090103,0.014067888259887695,0.47295182943344116,0.025416774675250053,9.6887845993042,1.286924903591474,0.018930600367062924,0.006729226324742926,0.001670029315523704,0.001670029315523704,0.25,traj,3.140355304875646,-330.56966479612265,52.38256080137693,-0.02523958683013916,0.0019198461718035569,0.0,0.75,1.0,0.0,0
327,361,16.35,0.0,33.125892639160156,330.5404968261719,0.3215124011039734,9.535086498146939e-09,0.0019198461718035569,0.75,0.0,0.028979502618312836,1.8836171627044678,0.014067888259887695,0.47295182943344116,-0.002160981297492981,-0.006153598427772522,0.008121214807033539,-0.04508165270090103,0.014067888259887695,0.47295182943344116,0.025416774675250053,9.6887845993042,1.286924903591474,0.018930600367062924,0.006729226324742926,0.001670029315523704,0.001670029315523704,0.25,traj,3.140355304875646,-330.56966479612265,52.38256080137693,-0.02523958683013916,0.0019198461718035569,0.0,0.75,1.0,0.0,0
328,362,16.4,0.0,33.125892639160156,330.5404968261719,0.3215124011039734,9.535086498146939e-09,0.0019198461718035569,0.75,0.0,0.028979502618312836,1.8836171627044678,0.014067888259887695,0.47295182943344116,-0.002160981297492981,-0.006153598427772522,0.008121214807033539,-0.04508165270090103,0.014067888259887695,0.47295182943344116,0.025416774675250053,9.6887845993042,1.286924903591474,0.018930600367062924,0.006729226324742926,0.001670029315523704,0.001670029315523704,0.25,traj,3.140355304875646,-330.56966479612265,52.38256080137693,-0.02523958683013916,0.0019198461718035569,0.0,0.75,1.0,0.0,0
329,363,16.45,0.0,33.125892639160156,330.5404968261719,0.3215124011039734,1.2383752912015211e-09,0.0016815821373880476,0.75,0.0,0.029209792613983154,2.180802345275879,0.010750867426395416,0.6745544672012329,-0.0017150789499282837,0.029490157961845398,0.009145282208919525,-0.041371189057826996,0.010750867426395416,0.6745544672012329,0.025416774675250053,9.6887845993042,1.4821563462416332,0.010145383383620192,0.007801338351462595,0.001670029315523704,0.001670029315523704,0.25,traj,3.140355304875646,-330.56966479612265,52.38256080137693,-0.01820540428161621,0.0016815821373880476,0.0,0.75,1.0,0.0,0
330,364,16.5,0.0,33.125892639160156,330.5404968261719,0.3215124011039734,1.2383752912015211e-09,0.0016815821373880476,0.75,0.0,0.029209792613983154,2.180802345275879,0.010750867426395416,0.6745544672012329,-0.0017150789499282837,0.029490157961845398,0.009145282208919525,-0.041371189057826996,0.010750867426395416,0.6745544672012329,0.025416774675250053,9.6887845993042,1.4821563462416332,0.010145383383620192,0.007801338351462595,0.001670029315523704,0.001670029315523704,0.25,traj,3.140355304875646,-330.56966479612265,52.38256080137693,-0.01820540428161621,0.0016815821373880476,0.0,0.75,1.0,0.0,0
331,365,16.55,0.0,33.125892639160156,330.5404968261719,0.3215124011039734,1.2383752912015211e-09,0.0016815821373880476,0.75,0.0,0.029209792613983154,2.180802345275879,0.010750867426395416,0.6745544672012329,-0.0017150789499282837,0.029490157961845398,0.009145282208919525,-0.041371189057826996,0.010750867426395416,0.6745544672012329,0.025416774675250053,9.6887845993042,1.4821563462416332,0.010145383383620192,0.007801338351462595,0.001670029315523704,0.001670029315523704,0.25,traj,3.140355304875646,-330.56966479612265,52.38256080137693,-0.01820540428161621,0.0016815821373880476,0.0,0.75,1.0,0.0,0
332,366,16.6,0.0,33.125892639160156,330.5404968261719,0.3215124011039734,1.2383752912015211e-09,0.0016815821373880476,0.75,0.0,0.029209792613983154,2.180802345275879,0.010750867426395416,0.6745544672012329,-0.0017150789499282837,0.029490157961845398,0.009145282208919525,-0.041371189057826996,0.010750867426395416,0.6745544672012329,0.025416774675250053,9.6887845993042,1.4821563462416332,0.010145383383620192,0.007801338351462595,0.001670029315523704,0.001670029315523704,0.25,traj,3.140355304875646,-330.56966479612265,52.38256080137693,-0.01820540428161621,0.0016815821373880476,0.0,0.75,1.0,0.0,0
333,367,16.65,0.0,33.125892639160156,330.5404968261719,0.3215124011039734,3.54399332103128e-09,0.0014395558071047228,0.75,0.0,0.026432588696479797,2.0243945121765137,0.012248434126377106,0.5568457841873169,-0.003481917083263397,0.002631843090057373,0.00862538069486618,-0.04488471895456314,0.012248434126377106,0.5568457841873169,0.025416774675250053,9.6887845993042,1.3807261486848197,0.014000873388110834,0.006152834249784628,0.001670029315523704,0.001670029315523704,0.25,traj,3.140355304875646,-330.56966479612265,52.38256080137693,-0.025821268558502197,0.0014395558071047228,0.0,0.75,1.0,0.0,0
334,368,16.7,0.0,33.125892639160156,330.5404968261719,0.3215124011039734,3.54399332103128e-09,0.0014395558071047228,0.75,0.0,0.026432588696479797,2.0243945121765137,0.012248434126377106,0.5568457841873169,-0.003481917083263397,0.002631843090057373,0.00862538069486618,-0.04488471895456314,0.012248434126377106,0.5568457841873169,0.025416774675250053,9.6887845993042,1.3807261486848197,0.014000873388110834,0.006152834249784628,0.001670029315523704,0.001670029315523704,0.25,traj,3.140355304875646,-330.56966479612265,52.38256080137693,-0.025821268558502197,0.0014395558071047228,0.0,0.75,1.0,0.0,0
335,369,16.75,0.0,33.125892639160156,330.5404968261719,0.3215124011039734,3.54399332103128e-09,0.0014395558071047228,0.75,0.0,0.026432588696479797,2.0243945121765137,0.012248434126377106,0.5568457841873169,-0.003481917083263397,0.002631843090057373,0.00862538069486618,-0.04488471895456314,0.012248434126377106,0.5568457841873169,0.025416774675250053,9.6887845993042,1.3807261486848197,0.014000873388110834,0.006152834249784628,0.001670029315523704,0.001670029315523704,0.25,traj,3.140355304875646,-330.56966479612265,52.38256080137693,-0.025821268558502197,0.0014395558071047228,0.0,0.75,1.0,0.0,0
336,370,16.8,0.0,33.125892639160156,330.5404968261719,0.3215124011039734,3.54399332103128e-09,0.0014395558071047228,0.75,0.0,0.026432588696479797,2.0243945121765137,0.012248434126377106,0.5568457841873169,-0.003481917083263397,0.002631843090057373,0.00862538069486618,-0.04488471895456314,0.012248434126377106,0.5568457841873169,0.025416774675250053,9.6887845993042,1.3807261486848197,0.014000873388110834,0.006152834249784628,0.001670029315523704,0.001670029315523704,0.25,traj,3.140355304875646,-330.56966479612265,52.38256080137693,-0.025821268558502197,0.0014395558071047228,0.0,0.75,1.0,0.0,0
337,371,16.85,0.0,33.125892639160156,330.5404968261719,0.3215124011039734,-1.3786687347305815e-09,0.001313150349908943,0.75,0.0,0.0263572596013546,2.028268337249756,0.01103145256638527,0.5685189962387085,-0.0023065656423568726,0.012329965829849243,0.008156023919582367,-0.042905278503894806,0.01103145256638527,0.5685189962387085,0.025416774675250053,9.6887845993042,1.3815974295139313,0.012351306812561977,0.006683615839285396,0.001670029315523704,0.001670029315523704,0.25,traj,3.140355304875646,-330.56966479612265,52.38256080137693,-0.019423305988311768,0.001313150349908943,0.0,0.75,1.0,0.0,0
338,372,16.9,0.0,33.125892639160156,330.5404968261719,0.3215124011039734,-1.3786687347305815e-09,0.001313150349908943,0.75,0.0,0.0263572596013546,2.028268337249756,0.01103145256638527,0.5685189962387085,-0.0023065656423568726,0.012329965829849243,0.008156023919582367,-0.042905278503894806,0.01103145256638527,0.5685189962387085,0.025416774675250053,9.6887845993042,1.3815974295139313,0.012351306812561977,0.006683615839285396,0.001670029315523704,0.001670029315523704,0.25,traj,3.140355304875646,-330.56966479612265,52.38256080137693,-0.019423305988311768,0.001313150349908943,0.0,0.75,1.0,0.0,0
339,373,16.95,0.0,33.125892639160156,330.5404968261719,0.3215124011039734,-1.3786687347305815e-09,0.001313150349908943,0.75,0.0,0.0263572596013546,2.028268337249756,0.01103145256638527,0.5685189962387085,-0.0023065656423568726,0.012329965829849243,0.008156023919582367,-0.042905278503894806,0.01103145256638527,0.5685189962387085,0.025416774675250053,9.6887845993042,1.3815974295139313,0.012351306812561977,0.006683615839285396,0.001670029315523704,0.001670029315523704,0.25,traj,3.140355304875646,-330.56966479612265,52.38256080137693,-0.019423305988311768,0.001313150349908943,0.0,0.75,1.0,0.0,0
340,374,17.0,0.0,33.125892639160156,330.5404968261719,0.3215124011039734,-1.3786687347305815e-09,0.001313150349908943,0.75,0.0,0.0263572596013546,2.028268337249756,0.01103145256638527,0.5685189962387085,-0.0023065656423568726,0.012329965829849243,0.008156023919582367,-0.042905278503894806,0.01103145256638527,0.5685189962387085,0.025416774675250053,9.6887845993042,1.3815974295139313,0.012351306812561977,0.006683615839285396,0.001670029315523704,0.001670029315523704,0.25,traj,3.140355304875646,-330.56966479612265,52.38256080137693,-0.019423305988311768,0.001313150349908943,0.0,0.75,1.0,0.0,0
341,375,17.05,0.0,33.125892639160156,330.5404968261719,0.3215124011039734,-5.8313167627943585e-09,0.001188312990310112,0.75,0.0,0.0318286269903183,2.1082262992858887,0.013155348598957062,0.6230812072753906,-0.002116881310939789,0.012094557285308838,0.007940582931041718,-0.04150629788637161,0.013155348598957062,0.6230812072753906,0.025416774675250053,9.6887845993042,1.4339841877420745,0.013439204165363454,0.008004043187830417,0.001670029315523704,0.001670029315523704,0.25,traj,3.140355304875646,-330.56966479612265,52.38256080137693,-0.02017343044281006,0.001188312990310112,0.0,0.75,1.0,0.0,0
342,376,17.1,0.0,33.125892639160156,330.5404968261719,0.3215124011039734,-5.8313167627943585e-09,0.001188312990310112,0.75,0.0,0.0318286269903183,2.1082262992858887,0.013155348598957062,0.6230812072753906,-0.002116881310939789,0.012094557285308838,0.007940582931041718,-0.04150629788637161,0.013155348598957062,0.6230812072753906,0.025416774675250053,9.6887845993042,1.4339841877420745,0.013439204165363454,0.008004043187830417,0.001670029315523704,0.001670029315523704,0.25,traj,3.140355304875646,-330.56966479612265,52.38256080137693,-0.02017343044281006,0.001188312990310112,0.0,0.75,1.0,0.0,0
343,377,17.15,0.0,33.125892639160156,330.5404968261719,0.3215124011039734,-5.8313167627943585e-09,0.001188312990310112,0.75,0.0,0.0318286269903183,2.1082262992858887,0.013155348598957062,0.6230812072753906,-0.002116881310939789,0.012094557285308838,0.007940582931041718,-0.04150629788637161,0.013155348598957062,0.6230812072753906,0.025416774675250053,9.6887845993042,1.4339841877420745,0.013439204165363454,0.008004043187830417,0.001670029315523704,0.001670029315523704,0.25,traj,3.140355304875646,-330.56966479612265,52.38256080137693,-0.02017343044281006,0.001188312990310112,0.0,0.75,1.0,0.0,0
344,378,17.2,0.0,33.125892639160156,330.5404968261719,0.3215124011039734,-5.8313167627943585e-09,0.001188312990310112,0.75,0.0,0.0318286269903183,2.1082262992858887,0.013155348598957062,0.6230812072753906,-0.002116881310939789,0.012094557285308838,0.007940582931041718,-0.04150629788637161,0.013155348598957062,0.6230812072753906,0.025416774675250053,9.6887845993042,1.4339841877420745,0.013439204165363454,0.008004043187830417,0.001670029315523704,0.001670029315523704,0.25,traj,3.140355304875646,-330.56966479612265,52.38256080137693,-0.02017343044281006,0.001188312990310112,0.0,0.75,1.0,0.0,0
345,379,17.25,0.0,33.125892639160156,330.5404968261719,0.3215124011039734,-8.819255326031339e-10,0.0010740268500228735,0.75,0.0,0.023197047412395477,2.000082015991211,0.00990721583366394,0.5629754066467285,-0.002231322228908539,0.011424288153648376,0.009062610566616058,-0.042331211268901825,0.00990721583366394,0.5629754066467285,0.025416774675250053,9.6887845993042,1.362521231174469,0.011202013648221164,0.005887064000080354,0.001670029315523704,0.001670029315523704,0.25,traj,3.140355304875646,-330.56966479612265,52.38256080137693,-0.02141183614730835,0.0010740268500228735,0.0,0.75,1.0,0.0,0
346,380,17.3,0.0,33.125892639160156,330.5404968261719,0.3215124011039734,-8.819255326031339e-10,0.0010740268500228735,0.75,0.0,0.023197047412395477,2.000082015991211,0.00990721583366394,0.5629754066467285,-0.002231322228908539,0.011424288153648376,0.009062610566616058,-0.042331211268901825,0.00990721583366394,0.5629754066467285,0.025416774675250053,9.6887845993042,1.362521231174469,0.011202013648221164,0.005887064000080354,0.001670029315523704,0.001670029315523704,0.25,traj,3.140355304875646,-330.56966479612265,52.38256080137693,-0.02141183614730835,0.0010740268500228735,0.0,0.75,1.0,0.0,0
347,381,17.35,0.0,33.125892639160156,330.5404968261719,0.3215124011039734,-8.819255326031339e-10,0.0010740268500228735,0.75,0.0,0.023197047412395477,2.000082015991211,0.00990721583366394,0.5629754066467285,-0.002231322228908539,0.011424288153648376,0.009062610566616058,-0.042331211268901825,0.00990721583366394,0.5629754066467285,0.025416774675250053,9.6887845993042,1.362521231174469,0.011202013648221164,0.005887064000080354,0.001670029315523704,0.001670029315523704,0.25,traj,3.140355304875646,-330.56966479612265,52.38256080137693,-0.02141183614730835,0.0010740268500228735,0.0,0.75,1.0,0.0,0
348,382,17.4,0.0,33.125892639160156,330.5404968261719,0.3215124011039734,-8.819255326031339e-10,0.0010740268500228735,0.75,0.0,0.023197047412395477,2.000082015991211,0.00990721583366394,0.5629754066467285,-0.002231322228908539,0.011424288153648376,0.009062610566616058,-0.042331211268901825,0.00990721583366394,0.5629754066467285,0.025416774675250053,9.6887845993042,1.362521231174469,0.011202013648221164,0.005887064000080354,0.001670029315523704,0.001670029315523704,0.25,traj,3.140355304875646,-330.56966479612265,52.38256080137693,-0.02141183614730835,0.0010740268500228735,0.0,0.75,1.0,0.0,0
349,383,17.45,0.0,33.125892639160156,330.5404968261719,0.3215124011039734,1.0479900502957662e-08,0.0009743871966370814,0.75,0.0,0.024114049971103668,1.8317188024520874,0.012305781245231628,0.45454707741737366,-0.00386163592338562,-0.005762994289398193,0.0084415003657341,-0.045539490878582,0.012305781245231628,0.45454707741737366,0.025416774675250053,9.6887845993042,1.252968060473601,0.017230793955619085,0.005458431684166665,0.001670029315523704,0.001670029315523704,0.25,traj,3.140355304875646,-330.56966479612265,52.38256080137693,-0.025565624237060547,0.0009743871966370814,0.0,0.75,1.0,0.0,0
350,384,17.5,0.0,33.125892639160156,330.5404968261719,0.3215124011039734,1.0479900502957662e-08,0.0009743871966370814,0.75,0.0,0.024114049971103668,1.8317188024520874,0.012305781245231628,0.45454707741737366,-0.00386163592338562,-0.005762994289398193,0.0084415003657341,-0.045539490878582,0.012305781245231628,0.45454707741737366,0.025416774675250053,9.6887845993042,1.252968060473601,0.017230793955619085,0.005458431684166665,0.001670029315523704,0.001670029315523704,0.25,traj,3.140355304875646,-330.56966479612265,52.38256080137693,-0.025565624237060547,0.0009743871966370814,0.0,0.75,1.0,0.0,0
351,385,17.55,0.0,33.125892639160156,330.5404968261719,0.3215124011039734,1.0479900502957662e-08,0.0009743871966370814,0.75,0.0,0.024114049971103668,1.8317188024520874,0.012305781245231628,0.45454707741737366,-0.00386163592338562,-0.005762994289398193,0.0084415003657341,-0.045539490878582,0.012305781245231628,0.45454707741737366,0.025416774675250053,9.6887845993042,1.252968060473601,0.017230793955619085,0.005458431684166665,0.001670029315523704,0.001670029315523704,0.25,traj,3.140355304875646,-330.56966479612265,52.38256080137693,-0.025565624237060547,0.0009743871966370814,0.0,0.75,1.0,0.0,0
352,386,17.6,0.0,33.125892639160156,330.5404968261719,0.3215124011039734,1.0479900502957662e-08,0.0009743871966370814,0.75,0.0,0.024114049971103668,1.8317188024520874,0.012305781245231628,0.45454707741737366,-0.00386163592338562,-0.005762994289398193,0.0084415003657341,-0.045539490878582,0.012305781245231628,0.45454707741737366,0.025416774675250053,9.6887845993042,1.252968060473601,0.017230793955619085,0.005458431684166665,0.001670029315523704,0.001670029315523704,0.25,traj,3.140355304875646,-330.56966479612265,52.38256080137693,-0.025565624237060547,0.0009743871966370814,0.0,0.75,1.0,0.0,0
353,387,17.65,0.0,33.125892639160156,330.5404968261719,0.3215124011039734,1.0166607833372865e-10,0.0009026944006052581,0.75,0.0,0.030211031436920166,2.070603132247925,0.011902861297130585,0.5991507768630981,-0.002182595431804657,0.016245901584625244,0.009344778954982758,-0.04101564735174179,0.011902861297130585,0.5991507768630981,0.025416774675250053,9.6887845993042,1.408701124290625,0.012645536183807971,0.007920563097974707,0.001670029315523704,0.001670029315523704,0.25,traj,3.140355304875646,-330.56966479612265,52.38256080137693,-0.01872175931930542,0.0009026944006052581,0.0,0.75,1.0,0.0,0
354,388,17.7,0.0,33.125892639160156,330.5404968261719,0.3215124011039734,1.0166607833372865e-10,0.0009026944006052581,0.75,0.0,0.030211031436920166,2.070603132247925,0.011902861297130585,0.5991507768630981,-0.002182595431804657,0.016245901584625244,0.009344778954982758,-0.04101564735174179,0.011902861297130585,0.5991507768630981,0.025416774675250053,9.6887845993042,1.408701124290625,0.012645536183807971,0.007920563097974707,0.001670029315523704,0.001670029315523704,0.25,traj,3.140355304875646,-330.56966479612265,52.38256080137693,-0.01872175931930542,0.0009026944006052581,0.0,0.75,1.0,0.0,0
355,389,17.75,0.0,33.125892639160156,330.5404968261719,0.3215124011039734,1.0166607833372865e-10,0.0009026944006052581,0.75,0.0,0.030211031436920166,2.070603132247925,0.011902861297130585,0.5991507768630981,-0.002182595431804657,0.016245901584625244,0.009344778954982758,-0.04101564735174179,0.011902861297130585,0.5991507768630981,0.025416774675250053,9.6887845993042,1.408701124290625,0.012645536183807971,0.007920563097974707,0.001670029315523704,0.001670029315523704,0.25,traj,3.140355304875646,-330.56966479612265,52.38256080137693,-0.01872175931930542,0.0009026944006052581,0.0,0.75,1.0,0.0,0
356,390,17.8,0.0,33.125892639160156,330.5404968261719,0.3215124011039734,1.0166607833372865e-10,0.0009026944006052581,0.75,0.0,0.030211031436920166,2.070603132247925,0.011902861297130585,0.5991507768630981,-0.002182595431804657,0.016245901584625244,0.009344778954982758,-0.04101564735174179,0.011902861297130585,0.5991507768630981,0.025416774675250053,9.6887845993042,1.408701124290625,0.012645536183807971,0.007920563097974707,0.001670029315523704,0.001670029315523704,0.25,traj,3.140355304875646,-330.56966479612265,52.38256080137693,-0.01872175931930542,0.0009026944006052581,0.0,0.75,1.0,0.0,0
357,391,17.85,0.0,33.125892639160156,330.5404968261719,0.3215124011039734,1.923529113767586e-09,0.0008932061294832487,0.75,0.0,0.027555499225854874,1.8821492195129395,0.012928809970617294,0.47556379437446594,-0.002741292119026184,-0.00699847936630249,0.01026829332113266,-0.04659319669008255,0.012928809970617294,0.47556379437446594,0.025416774675250053,9.6887845993042,1.287436912457148,0.017303042178839666,0.006619791516041166,0.001670029315523704,0.001670029315523704,0.25,traj,3.140355304875646,-330.56966479612265,52.38256080137693,-0.023954331874847412,0.0008932061294832487,0.0,0.75,1.0,0.0,0
358,392,17.9,0.0,33.125892639160156,330.5404968261719,0.3215124011039734,1.923529113767586e-09,0.0008932061294832487,0.75,0.0,0.027555499225854874,1.8821492195129395,0.012928809970617294,0.47556379437446594,-0.002741292119026184,-0.00699847936630249,0.01026829332113266,-0.04659319669008255,0.012928809970617294,0.47556379437446594,0.025416774675250053,9.6887845993042,1.287436912457148,0.017303042178839666,0.006619791516041166,0.001670029315523704,0.001670029315523704,0.25,traj,3.140355304875646,-330.56966479612265,52.38256080137693,-0.023954331874847412,0.0008932061294832487,0.0,0.75,1.0,0.0,0
359,393,17.95,0.0,33.125892639160156,330.5404968261719,0.3215124011039734,1.923529113767586e-09,0.0008932061294832487,0.75,0.0,0.027555499225854874,1.8821492195129395,0.012928809970617294,0.47556379437446594,-0.002741292119026184,-0.00699847936630249,0.01026829332113266,-0.04659319669008255,0.012928809970617294,0.47556379437446594,0.025416774675250053,9.6887845993042,1.287436912457148,0.017303042178839666,0.006619791516041166,0.001670029315523704,0.001670029315523704,0.25,traj,3.140355304875646,-330.56966479612265,52.38256080137693,-0.023954331874847412,0.0008932061294832487,0.0,0.75,1.0,0.0,0
360,394,18.0,0.0,33.125892639160156,330.5404968261719,0.3215124011039734,1.923529113767586e-09,0.0008932061294832487,0.75,0.0,0.027555499225854874,1.8821492195129395,0.012928809970617294,0.47556379437446594,-0.002741292119026184,-0.00699847936630249,0.01026829332113266,-0.04659319669008255,0.012928809970617294,0.47556379437446594,0.025416774675250053,9.6887845993042,1.287436912457148,0.017303042178839666,0.006619791516041166,0.001670029315523704,0.001670029315523704,0.25,traj,3.140355304875646,-330.56966479612265,52.38256080137693,-0.023954331874847412,0.0008932061294832487,0.0,0.75,1.0,0.0,0
361,395,18.05,0.0,33.125892639160156,330.5404968261719,0.3215124011039734,3.2011864270486967e-09,0.0009201739930561825,0.75,0.0,0.02884760871529579,2.113110303878784,0.011306565254926682,0.6320481300354004,-0.0026634186506271362,0.018253400921821594,0.009111039340496063,-0.039092205464839935,0.011306565254926682,0.6320481300354004,0.025416774675250053,9.6887845993042,1.4357744231820107,0.01138711177472851,0.007539514433278772,0.001670029315523704,0.001670029315523704,0.25,traj,3.140355304875646,-330.56966479612265,52.38256080137693,-0.02030402421951294,0.0009201739930561825,0.0,0.75,1.0,0.0,0
362,396,18.1,0.0,33.125892639160156,330.5404968261719,0.3215124011039734,3.2011864270486967e-09,0.0009201739930561825,0.75,0.0,0.02884760871529579,2.113110303878784,0.011306565254926682,0.6320481300354004,-0.0026634186506271362,0.018253400921821594,0.009111039340496063,-0.039092205464839935,0.011306565254926682,0.6320481300354004,0.025416774675250053,9.6887845993042,1.4357744231820107,0.01138711177472851,0.007539514433278772,0.001670029315523704,0.001670029315523704,0.25,traj,3.140355304875646,-330.56966479612265,52.38256080137693,-0.02030402421951294,0.0009201739930561825,0.0,0.75,1.0,0.0,0
363,397,18.15,0.0,33.125892639160156,330.5404968261719,0.3215124011039734,3.2011864270486967e-09,0.0009201739930561825,0.75,0.0,0.02884760871529579,2.113110303878784,0.011306565254926682,0.6320481300354004,-0.0026634186506271362,0.018253400921821594,0.009111039340496063,-0.039092205464839935,0.011306565254926682,0.6320481300354004,0.025416774675250053,9.6887845993042,1.4357744231820107,0.01138711177472851,0.007539514433278772,0.001670029315523704,0.001670029315523704,0.25,traj,3.140355304875646,-330.56966479612265,52.38256080137693,-0.02030402421951294,0.0009201739930561825,0.0,0.75,1.0,0.0,0
364,398,18.2,0.0,33.125892639160156,330.5404968261719,0.3215124011039734,3.2011864270486967e-09,0.0009201739930561825,0.75,0.0,0.02884760871529579,2.113110303878784,0.011306565254926682,0.6320481300354004,-0.0026634186506271362,0.018253400921821594,0.009111039340496063,-0.039092205464839935,0.011306565254926682,0.6320481300354004,0.025416774675250053,9.6887845993042,1.4357744231820107,0.01138711177472851,0.007539514433278772,0.001670029315523704,0.001670029315523704,0.25,traj,3.140355304875646,-330.56966479612265,52.38256080137693,-0.02030402421951294,0.0009201739930561825,0.0,0.75,1.0,0.0,0
365,399,18.25,0.0,33.125892639160156,330.5404968261719,0.3215124011039734,1.215978318036548e-09,0.0007980715550375108,0.75,0.0,0.02512829378247261,1.8319835662841797,0.012965705245733261,0.4422314763069153,-0.002255484461784363,-0.010692209005355835,0.008557818830013275,-0.046412356197834015,0.012965705245733261,0.4422314763069153,0.025416774675250053,9.6887845993042,1.2535371134678523,0.018659593638994977,0.005571281587453431,0.001670029315523704,0.001670029315523704,0.25,traj,3.140355304875646,-330.56966479612265,52.38256080137693,-0.02574610710144043,0.0007980715550375108,0.0,0.75,1.0,0.0,0
366,400,18.3,0.0,33.125892639160156,330.5404968261719,0.3215124011039734,1.215978318036548e-09,0.0007980715550375108,0.75,0.0,0.02512829378247261,1.8319835662841797,0.012965705245733261,0.4422314763069153,-0.002255484461784363,-0.010692209005355835,0.008557818830013275,-0.046412356197834015,0.012965705245733261,0.4422314763069153,0.025416774675250053,9.6887845993042,1.2535371134678523,0.018659593638994977,0.005571281587453431,0.001670029315523704,0.001670029315523704,0.25,traj,3.140355304875646,-330.56966479612265,52.38256080137693,-0.02574610710144043,0.0007980715550375108,0.0,0.75,1.0,0.0,0
367,401,18.35,0.0,33.125892639160156,330.5404968261719,0.3215124011039734,1.215978318036548e-09,0.0007980715550375108,0.75,0.0,0.02512829378247261,1.8319835662841797,0.012965705245733261,0.4422314763069153,-0.002255484461784363,-0.010692209005355835,0.008557818830013275,-0.046412356197834015,0.012965705245733261,0.4422314763069153,0.025416774675250053,9.6887845993042,1.2535371134678523,0.018659593638994977,0.005571281587453431,0.001670029315523704,0.001670029315523704,0.25,traj,3.140355304875646,-330.56966479612265,52.38256080137693,-0.02574610710144043,0.0007980715550375108,0.0,0.75,1.0,0.0,0
368,402,18.4,0.0,33.125892639160156,330.5404968261719,0.3215124011039734,1.215978318036548e-09,0.0007980715550375108,0.75,0.0,0.02512829378247261,1.8319835662841797,0.012965705245733261,0.4422314763069153,-0.002255484461784363,-0.010692209005355835,0.008557818830013275,-0.046412356197834015,0.012965705245733261,0.4422314763069153,0.025416774675250053,9.6887845993042,1.2535371134678523,0.018659593638994977,0.005571281587453431,0.001670029315523704,0.001670029315523704,0.25,traj,3.140355304875646,-330.56966479612265,52.38256080137693,-0.02574610710144043,0.0007980715550375108,0.0,0.75,1.0,0.0,0
369,403,18.45,0.0,33.125892639160156,330.5404968261719,0.3215124011039734,1.3928682651709323e-09,0.0009462923518510956,0.75,0.0,0.0272563137114048,2.0972776412963867,0.01307285949587822,0.6198322772979736,-0.002068914473056793,0.013250142335891724,0.00785791128873825,-0.040492452681064606,0.01307285949587822,0.6198322772979736,0.025416774675250053,9.6887845993042,1.4259574959675472,0.013424936659097204,0.006111321877829106,0.001670029315523704,0.001670029315523704,0.25,traj,3.140355304875646,-330.56966479612265,52.38256080137693,-0.01873081922531128,0.0009462923518510956,0.0,0.75,1.0,0.0,0
370,404,18.5,0.0,33.125892639160156,330.5404968261719,0.3215124011039734,1.3928682651709323e-09,0.0009462923518510956,0.75,0.0,0.0272563137114048,2.0972776412963867,0.01307285949587822,0.6198322772979736,-0.002068914473056793,0.013250142335891724,0.00785791128873825,-0.040492452681064606,0.01307285949587822,0.6198322772979736,0.025416774675250053,9.6887845993042,1.4259574959675472,0.013424936659097204,0.006111321877829106,0.001670029315523704,0.001670029315523704,0.25,traj,3.140355304875646,-330.56966479612265,52.38256080137693,-0.01873081922531128,0.0009462923518510956,0.0,0.75,1.0,0.0,0
371,405,18.55,0.0,33.125892639160156,330.5404968261719,0.3215124011039734,1.3928682651709323e-09,0.0009462923518510956,0.75,0.0,0.0272563137114048,2.0972776412963867,0.01307285949587822,0.6198322772979736,-0.002068914473056793,0.013250142335891724,0.00785791128873825,-0.040492452681064606,0.01307285949587822,0.6198322772979736,0.025416774675250053,9.6887845993042,1.4259574959675472,0.013424936659097204,0.006111321877829106,0.001670029315523704,0.001670029315523704,0.25,traj,3.140355304875646,-330.56966479612265,52.38256080137693,-0.01873081922531128,0.0009462923518510956,0.0,0.75,1.0,0.0,0
372,406,18.6,0.0,33.125892639160156,330.5404968261719,0.3215124011039734,1.3928682651709323e-09,0.0009462923518510956,0.75,0.0,0.0272563137114048,2.0972776412963867,0.01307285949587822,0.6198322772979736,-0.002068914473056793,0.013250142335891724,0.00785791128873825,-0.040492452681064606,0.01307285949587822,0.6198322772979736,0.025416774675250053,9.6887845993042,1.4259574959675472,0.013424936659097204,0.006111321877829106,0.001670029315523704,0.001670029315523704,0.25,traj,3.140355304875646,-330.56966479612265,52.38256080137693,-0.01873081922531128,0.0009462923518510956,0.0,0.75,1.0,0.0,0
373,407,18.65,0.0,33.125892639160156,330.5404968261719,0.3215124011039734,5.990269391631386e-10,0.0009675683911156854,0.75,0.0,0.02547582983970642,1.7915822267532349,0.01248352974653244,0.4207577705383301,-0.0025288090109825134,-0.01316361129283905,0.009747110307216644,-0.04684086889028549,0.01248352974653244,0.4207577705383301,0.025416774675250053,9.6887845993042,1.2272745718558629,0.01888240958791895,0.006033533612281738,0.001670029315523704,0.001670029315523704,0.25,traj,3.140355304875646,-330.56966479612265,52.38256080137693,-0.02649378776550293,0.0009675683911156854,0.0,0.75,1.0,0.0,0
374,408,18.7,0.0,33.125892639160156,330.5404968261719,0.3215124011039734,5.990269391631386e-10,0.0009675683911156854,0.75,0.0,0.02547582983970642,1.7915822267532349,0.01248352974653244,0.4207577705383301,-0.0025288090109825134,-0.01316361129283905,0.009747110307216644,-0.04684086889028549,0.01248352974653244,0.4207577705383301,0.025416774675250053,9.6887845993042,1.2272745718558629,0.01888240958791895,0.006033533612281738,0.001670029315523704,0.001670029315523704,0.25,traj,3.140355304875646,-330.56966479612265,52.38256080137693,-0.02649378776550293,0.0009675683911156854,0.0,0.75,1.0,0.0,0
375,409,18.75,0.0,33.125892639160156,330.5404968261719,0.3215124011039734,5.990269391631386e-10,0.0009675683911156854,0.75,0.0,0.02547582983970642,1.7915822267532349,0.01248352974653244,0.4207577705383301,-0.0025288090109825134,-0.01316361129283905,0.009747110307216644,-0.04684086889028549,0.01248352974653244,0.4207577705383301,0.025416774675250053,9.6887845993042,1.2272745718558629,0.01888240958791895,0.006033533612281738,0.001670029315523704,0.001670029315523704,0.25,traj,3.140355304875646,-330.56966479612265,52.38256080137693,-0.02649378776550293,0.0009675683911156854,0.0,0.75,1.0,0.0,0
376,410,18.8,0.0,33.125892639160156,330.5404968261719,0.3215124011039734,5.990269391631386e-10,0.0009675683911156854,0.75,0.0,0.02547582983970642,1.7915822267532349,0.01248352974653244,0.4207577705383301,-0.0025288090109825134,-0.01316361129283905,0.009747110307216644,-0.04684086889028549,0.01248352974653244,0.4207577705383301,0.025416774675250053,9.6887845993042,1.2272745718558629,0.01888240958791895,0.006033533612281738,0.001670029315523704,0.001670029315523704,0.25,traj,3.140355304875646,-330.56966479612265,52.38256080137693,-0.02649378776550293,0.0009675683911156854,0.0,0.75,1.0,0.0,0
377,411,18.85,0.0,33.125892639160156,330.5404968261719,0.3215124011039734,2.002366272790823e-09,0.000987404398830264,0.75,0.0,0.025508232414722443,2.075974941253662,0.0097121000289917,0.6041529178619385,-0.0027732253074645996,0.0174485445022583,0.007977001368999481,-0.03975055366754532,0.0097121000289917,0.6041529178619385,0.025416774675250053,9.6887845993042,1.411296377579371,0.010233113368959467,0.0068322103992285626,0.001670029315523704,0.001670029315523704,0.25,traj,3.140355304875646,-330.56966479612265,52.38256080137693,-0.022057533264160156,0.000987404398830264,0.0,0.75,1.0,0.0,0
378,412,18.9,0.0,33.125892639160156,330.5404968261719,0.3215124011039734,2.002366272790823e-09,0.000987404398830264,0.75,0.0,0.025508232414722443,2.075974941253662,0.0097121000289917,0.6041529178619385,-0.0027732253074645996,0.0174485445022583,0.007977001368999481,-0.03975055366754532,0.0097121000289917,0.6041529178619385,0.025416774675250053,9.6887845993042,1.411296377579371,0.010233113368959467,0.0068322103992285626,0.001670029315523704,0.001670029315523704,0.25,traj,3.140355304875646,-330.56966479612265,52.38256080137693,-0.022057533264160156,0.000987404398830264,0.0,0.75,1.0,0.0,0
379,413,18.95,0.0,33.125892639160156,330.5404968261719,0.3215124011039734,2.002366272790823e-09,0.000987404398830264,0.75,0.0,0.025508232414722443,2.075974941253662,0.0097121000289917,0.6041529178619385,-0.0027732253074645996,0.0174485445022583,0.007977001368999481,-0.03975055366754532,0.0097121000289917,0.6041529178619385,0.025416774675250053,9.6887845993042,1.411296377579371,0.010233113368959467,0.0068322103992285626,0.001670029315523704,0.001670029315523704,0.25,traj,3.140355304875646,-330.56966479612265,52.38256080137693,-0.022057533264160156,0.000987404398830264,0.0,0.75,1.0,0.0,0
380,414,19.0,0.0,33.125892639160156,330.5404968261719,0.3215124011039734,2.002366272790823e-09,0.000987404398830264,0.75,0.0,0.025508232414722443,2.075974941253662,0.0097121000289917,0.6041529178619385,-0.0027732253074645996,0.0174485445022583,0.007977001368999481,-0.03975055366754532,0.0097121000289917,0.6041529178619385,0.025416774675250053,9.6887845993042,1.411296377579371,0.010233113368959467,0.0068322103992285626,0.001670029315523704,0.001670029315523704,0.25,traj,3.140355304875646,-330.56966479612265,52.38256080137693,-0.022057533264160156,0.000987404398830264,0.0,0.75,1.0,0.0,0
381,415,19.05,0.0,33.125892639160156,330.5404968261719,0.3215124011039734,8.149420027692145e-10,0.0010077868216784437,0.75,0.0,0.02897835522890091,1.9649124145507812,0.013864442706108093,0.5309978723526001,-0.002139836549758911,0.0034042000770568848,0.00903802365064621,-0.043871887028217316,0.013864442706108093,0.5309978723526001,0.025416774675250053,9.6887845993042,1.3402734075983367,0.016618505442022834,0.006709950013085334,0.001670029315523704,0.001670029315523704,0.25,traj,3.140355304875646,-330.56966479612265,52.38256080137693,-0.026068925857543945,0.0010077868216784437,0.0,0.75,1.0,0.0,0
382,416,19.1,0.0,33.125892639160156,330.5404968261719,0.3215124011039734,8.149420027692145e-10,0.0010077868216784437,0.75,0.0,0.02897835522890091,1.9649124145507812,0.013864442706108093,0.5309978723526001,-0.002139836549758911,0.0034042000770568848,0.00903802365064621,-0.043871887028217316,0.013864442706108093,0.5309978723526001,0.025416774675250053,9.6887845993042,1.3402734075983367,0.016618505442022834,0.006709950013085334,0.001670029315523704,0.001670029315523704,0.25,traj,3.140355304875646,-330.56966479612265,52.38256080137693,-0.026068925857543945,0.0010077868216784437,0.0,0.75,1.0,0.0,0
383,417,19.15,0.0,33.125892639160156,330.5404968261719,0.3215124011039734,8.149420027692145e-10,0.0010077868216784437,0.75,0.0,0.02897835522890091,1.9649124145507812,0.013864442706108093,0.5309978723526001,-0.002139836549758911,0.0034042000770568848,0.00903802365064621,-0.043871887028217316,0.013864442706108093,0.5309978723526001,0.025416774675250053,9.6887845993042,1.3402734075983367,0.016618505442022834,0.006709950013085334,0.001670029315523704,0.001670029315523704,0.25,traj,3.140355304875646,-330.56966479612265,52.38256080137693,-0.026068925857543945,0.0010077868216784437,0.0,0.75,1.0,0.0,0
384,418,19.2,0.0,33.125892639160156,330.5404968261719,0.3215124011039734,8.149420027692145e-10,0.0010077868216784437,0.75,0.0,0.02897835522890091,1.9649124145507812,0.013864442706108093,0.5309978723526001,-0.002139836549758911,0.0034042000770568848,0.00903802365064621,-0.043871887028217316,0.013864442706108093,0.5309978723526001,0.025416774675250053,9.6887845993042,1.3402734075983367,0.016618505442022834,0.006709950013085334,0.001670029315523704,0.001670029315523704,0.25,traj,3.140355304875646,-330.56966479612265,52.38256080137693,-0.026068925857543945,0.0010077868216784437,0.0,0.75,1.0,0.0,0
385,419,19.25,0.0,33.125892639160156,330.5404968261719,0.3215124011039734,1.6998779051036195e-09,0.001028391225674649,0.75,0.0,0.030066318809986115,2.168659210205078,0.01080445945262909,0.6646589040756226,-0.0015522092580795288,0.026499256491661072,0.007581703364849091,-0.0379752442240715,0.01080445945262909,0.6646589040756226,0.025416774675250053,9.6887845993042,1.471680815021197,0.010347784656024903,0.00815278952975514,0.001670029315523704,0.001670029315523704,0.25,traj,3.140355304875646,-330.56966479612265,52.38256080137693,-0.015465974807739258,0.001028391225674649,0.0,0.75,1.0,0.0,0
386,420,19.3,0.0,33.125892639160156,330.5404968261719,0.3215124011039734,1.6998779051036195e-09,0.001028391225674649,0.75,0.0,0.030066318809986115,2.168659210205078,0.01080445945262909,0.6646589040756226,-0.0015522092580795288,0.026499256491661072,0.007581703364849091,-0.0379752442240715,0.01080445945262909,0.6646589040756226,0.025416774675250053,9.6887845993042,1.471680815021197,0.010347784656024903,0.00815278952975514,0.001670029315523704,0.001670029315523704,0.25,traj,3.140355304875646,-330.56966479612265,52.38256080137693,-0.015465974807739258,0.001028391225674649,0.0,0.75,1.0,0.0,0
387,421,19.35,0.0,33.125892639160156,330.5404968261719,0.3215124011039734,1.6998779051036195e-09,0.001028391225674649,0.75,0.0,0.030066318809986115,2.168659210205078,0.01080445945262909,0.6646589040756226,-0.0015522092580795288,0.026499256491661072,0.007581703364849091,-0.0379752442240715,0.01080445945262909,0.6646589040756226,0.025416774675250053,9.6887845993042,1.471680815021197,0.010347784656024903,0.00815278952975514,0.001670029315523704,0.001670029315523704,0.25,traj,3.140355304875646,-330.56966479612265,52.38256080137693,-0.015465974807739258,0.001028391225674649,0.0,0.75,1.0,0.0,0
388,422,19.4,0.0,33.125892639160156,330.5404968261719,0.3215124011039734,1.6998779051036195e-09,0.001028391225674649,0.75,0.0,0.030066318809986115,2.168659210205078,0.01080445945262909,0.6646589040756226,-0.0015522092580795288,0.026499256491661072,0.007581703364849091,-0.0379752442240715,0.01080445945262909,0.6646589040756226,0.025416774675250053,9.6887845993042,1.471680815021197,0.010347784656024903,0.00815278952975514,0.001670029315523704,0.001670029315523704,0.25,traj,3.140355304875646,-330.56966479612265,52.38256080137693,-0.015465974807739258,0.001028391225674649,0.0,0.75,1.0,0.0,0
389,423,19.45,0.0,33.125892639160156,330.5404968261719,0.3215124011039734,6.291708265493412e-10,0.0010476239000125431,0.75,0.0,0.027280986309051514,1.994211196899414,0.012345530092716217,0.5431490540504456,-0.0032393410801887512,-0.0005470961332321167,0.00846865028142929,-0.04444756358861923,0.012345530092716217,0.5431490540504456,0.025416774675250053,9.6887845993042,1.3603289822737377,0.01446760298139504,0.006552324425239596,0.001670029315523704,0.001670029315523704,0.25,traj,3.140355304875646,-330.56966479612265,52.38256080137693,-0.025480568408966064,0.0010476239000125431,0.0,0.75,1.0,0.0,0
390,424,19.5,0.0,33.125892639160156,330.5404968261719,0.3215124011039734,6.291708265493412e-10,0.0010476239000125431,0.75,0.0,0.027280986309051514,1.994211196899414,0.012345530092716217,0.5431490540504456,-0.0032393410801887512,-0.0005470961332321167,0.00846865028142929,-0.04444756358861923,0.012345530092716217,0.5431490540504456,0.025416774675250053,9.6887845993042,1.3603289822737377,0.01446760298139504,0.006552324425239596,0.001670029315523704,0.001670029315523704,0.25,traj,3.140355304875646,-330.56966479612265,52.38256080137693,-0.025480568408966064,0.0010476239000125431,0.0,0.75,1.0,0.0,0
391,425,19.55,0.0,33.125892639160156,330.5404968261719,0.3215124011039734,6.291708265493412e-10,0.0010476239000125431,0.75,0.0,0.027280986309051514,1.994211196899414,0.012345530092716217,0.5431490540504456,-0.0032393410801887512,-0.0005470961332321167,0.00846865028142929,-0.04444756358861923,0.012345530092716217,0.5431490540504456,0.025416774675250053,9.6887845993042,1.3603289822737377,0.01446760298139504,0.006552324425239596,0.001670029315523704,0.001670029315523704,0.25,traj,3.140355304875646,-330.56966479612265,52.38256080137693,-0.025480568408966064,0.0010476239000125431,0.0,0.75,1.0,0.0,0
392,426,19.6,0.0,33.125892639160156,330.5404968261719,0.3215124011039734,6.291708265493412e-10,0.0010476239000125431,0.75,0.0,0.027280986309051514,1.994211196899414,0.012345530092716217,0.5431490540504456,-0.0032393410801887512,-0.0005470961332321167,0.00846865028142929,-0.04444756358861923,0.012345530092716217,0.5431490540504456,0.025416774675250053,9.6887845993042,1.3603289822737377,0.01446760298139504,0.006552324425239596,0.001670029315523704,0.001670029315523704,0.25,traj,3.140355304875646,-330.56966479612265,52.38256080137693,-0.025480568408966064,0.0010476239000125431,0.0,0.75,1.0,0.0,0
393,427,19.65,0.0,33.125892639160156,330.5404968261719,0.3215124011039734,1.5318513124640276e-09,0.0010665890586079453,0.75,0.0,0.030425745993852615,1.9404946565628052,0.012539368122816086,0.5107684135437012,-0.0007536783814430237,0.0017930716276168823,0.009993098676204681,-0.04471451789140701,0.012539368122816086,0.5107684135437012,0.025416774675250053,9.6887845993042,1.324480121334394,0.015625851282647645,0.007963896853708897,0.001670029315523704,0.001670029315523704,0.25,traj,3.140355304875646,-330.56966479612265,52.38256080137693,-0.017781853675842285,0.0010665890586079453,0.0,0.75,1.0,0.0,0
394,428,19.7,0.0,33.125892639160156,330.5404968261719,0.3215124011039734,1.5318513124640276e-09,0.0010665890586079453,0.75,0.0,0.030425745993852615,1.9404946565628052,0.012539368122816086,0.5107684135437012,-0.0007536783814430237,0.0017930716276168823,0.009993098676204681,-0.04471451789140701,0.012539368122816086,0.5107684135437012,0.025416774675250053,9.6887845993042,1.324480121334394,0.015625851282647645,0.007963896853708897,0.001670029315523704,0.001670029315523704,0.25,traj,3.140355304875646,-330.56966479612265,52.38256080137693,-0.017781853675842285,0.0010665890586079453,0.0,0.75,1.0,0.0,0
395,429,19.75,0.0,33.125892639160156,330.5404968261719,0.3215124011039734,1.5318513124640276e-09,0.0010665890586079453,0.75,0.0,0.030425745993852615,1.9404946565628052,0.012539368122816086,0.5107684135437012,-0.0007536783814430237,0.0017930716276168823,0.009993098676204681,-0.04471451789140701,0.012539368122816086,0.5107684135437012,0.025416774675250053,9.6887845993042,1.324480121334394,0.015625851282647645,0.007963896853708897,0.001670029315523704,0.001670029315523704,0.25,traj,3.140355304875646,-330.56966479612265,52.38256080137693,-0.017781853675842285,0.0010665890586079453,0.0,0.75,1.0,0.0,0
396,430,19.8,0.0,33.125892639160156,330.5404968261719,0.3215124011039734,1.5318513124640276e-09,0.0010665890586079453,0.75,0.0,0.030425745993852615,1.9404946565628052,0.012539368122816086,0.5107684135437012,-0.0007536783814430237,0.0017930716276168823,0.009993098676204681,-0.04471451789140701,0.012539368122816086,0.5107684135437012,0.025416774675250053,9.6887845993042,1.324480121334394,0.015625851282647645,0.007963896853708897,0.001670029315523704,0.001670029315523704,0.25,traj,3.140355304875646,-330.56966479612265,52.38256080137693,-0.017781853675842285,0.0010665890586079453,0.0,0.75,1.0,0.0,0
397,431,19.85,0.0,33.125892639160156,330.5404968261719,0.3215124011039734,9.705484194100222e-10,0.0009546963304423656,0.75,0.0,0.028839532285928726,2.028200149536133,0.012132223695516586,0.5629926323890686,-0.001906171441078186,0.003880247473716736,0.006044350564479828,-0.0429496094584465,0.012132223695516586,0.5629926323890686,0.025416774675250053,9.6887845993042,1.381394232312838,0.013716737518638304,0.007258869549382026,0.001670029315523704,0.001670029315523704,0.25,traj,3.140355304875646,-330.56966479612265,52.38256080137693,-0.023030757904052734,0.0009546963304423656,0.0,0.75,1.0,0.0,0
398,432,19.9,0.0,33.125892639160156,330.5404968261719,0.3215124011039734,9.705484194100222e-10,0.0009546963304423656,0.75,0.0,0.028839532285928726,2.028200149536133,0.012132223695516586,0.5629926323890686,-0.001906171441078186,0.003880247473716736,0.006044350564479828,-0.0429496094584465,0.012132223695516586,0.5629926323890686,0.025416774675250053,9.6887845993042,1.381394232312838,0.013716737518638304,0.007258869549382026,0.001670029315523704,0.001670029315523704,0.25,traj,3.140355304875646,-330.56966479612265,52.38256080137693,-0.023030757904052734,0.0009546963304423656,0.0,0.75,1.0,0.0,0
399,433,19.95,0.0,33.125892639160156,330.5404968261719,0.3215124011039734,9.705484194100222e-10,0.0009546963304423656,0.75,0.0,0.028839532285928726,2.028200149536133,0.012132223695516586,0.5629926323890686,-0.001906171441078186,0.003880247473716736,0.006044350564479828,-0.0429496094584465,0.012132223695516586,0.5629926323890686,0.025416774675250053,9.6887845993042,1.381394232312838,0.013716737518638304,0.007258869549382026,0.001670029315523704,0.001670029315523704,0.25,traj,3.140355304875646,-330.56966479612265,52.38256080137693,-0.023030757904052734,0.0009546963304423656,0.0,0.75,1.0,0.0,0
400,434,20.0,0.0,33.125892639160156,330.5404968261719,0.3215124011039734,9.705484194100222e-10,0.0009546963304423656,0.75,0.0,0.028839532285928726,2.028200149536133,0.012132223695516586,0.5629926323890686,-0.001906171441078186,0.003880247473716736,0.006044350564479828,-0.0429496094584465,0.012132223695516586,0.5629926323890686,0.025416774675250053,9.6887845993042,1.381394232312838,0.013716737518638304,0.007258869549382026,0.001670029315523704,0.001670029315523704,0.25,traj,3.140355304875646,-330.56966479612265,52.38256080137693,-0.023030757904052734,0.0009546963304423656,0.0,0.75,1.0,0.0,0
401,435,20.05,0.0,33.125892639160156,330.5404968261719,0.3215124011039734,2.456294279085114e-09,0.0009636495700793906,0.75,0.0,0.02481094002723694,2.1001570224761963,0.01024617999792099,0.6236569285392761,-0.0030338838696479797,0.017191961407661438,0.008529894053936005,-0.04218968003988266,0.01024617999792099,0.6236569285392761,0.025416774675250053,9.6887845993042,1.429119589428107,0.010458206047606776,0.006279648095374531,0.001670029315523704,0.001670029315523704,0.25,traj,3.140355304875646,-330.56966479612265,52.38256080137693,-0.019869089126586914,0.0009636495700793906,0.0,0.75,1.0,0.0,0
402,436,20.1,0.0,33.125892639160156,330.5404968261719,0.3215124011039734,2.456294279085114e-09,0.0009636495700793906,0.75,0.0,0.02481094002723694,2.1001570224761963,0.01024617999792099,0.6236569285392761,-0.0030338838696479797,0.017191961407661438,0.008529894053936005,-0.04218968003988266,0.01024617999792099,0.6236569285392761,0.025416774675250053,9.6887845993042,1.429119589428107,0.010458206047606776,0.006279648095374531,0.001670029315523704,0.001670029315523704,0.25,traj,3.140355304875646,-330.56966479612265,52.38256080137693,-0.019869089126586914,0.0009636495700793906,0.0,0.75,1.0,0.0,0
403,437,20.15,0.0,33.125892639160156,330.5404968261719,0.3215124011039734,2.456294279085114e-09,0.0009636495700793906,0.75,0.0,0.02481094002723694,2.1001570224761963,0.01024617999792099,0.6236569285392761,-0.0030338838696479797,0.017191961407661438,0.008529894053936005,-0.04218968003988266,0.01024617999792099,0.6236569285392761,0.025416774675250053,9.6887845993042,1.429119589428107,0.010458206047606776,0.006279648095374531,0.001670029315523704,0.001670029315523704,0.25,traj,3.140355304875646,-330.56966479612265,52.38256080137693,-0.019869089126586914,0.0009636495700793906,0.0,0.75,1.0,0.0,0
404,438,20.2,0.0,33.125892639160156,330.5404968261719,0.3215124011039734,2.456294279085114e-09,0.0009636495700793906,0.75,0.0,0.02481094002723694,2.1001570224761963,0.01024617999792099,0.6236569285392761,-0.0030338838696479797,0.017191961407661438,0.008529894053936005,-0.04218968003988266,0.01024617999792099,0.6236569285392761,0.025416774675250053,9.6887845993042,1.429119589428107,0.010458206047606776,0.006279648095374531,0.001670029315523704,0.001670029315523704,0.25,traj,3.140355304875646,-330.56966479612265,52.38256080137693,-0.019869089126586914,0.0009636495700793906,0.0,0.75,1.0,0.0,0
405,439,20.25,0.0,33.125892639160156,330.5404968261719,0.3215124011039734,6.499094595824317e-10,0.0009718287216104809,0.75,0.0,0.023082267493009567,1.9028778076171875,0.011163923889398575,0.49176570773124695,-0.0028623491525650024,-0.003253757953643799,0.007921479642391205,-0.045552052557468414,0.011163923889398575,0.49176570773124695,0.025416774675250053,9.6887845993042,1.300021228690942,0.014449844489553006,0.005376772978089623,0.001670029315523704,0.001670029315523704,0.25,traj,3.140355304875646,-330.56966479612265,52.38256080137693,-0.026962220668792725,0.0009718287216104809,0.0,0.75,1.0,0.0,0
406,440,20.3,0.0,33.125892639160156,330.5404968261719,0.3215124011039734,6.499094595824317e-10,0.0009718287216104809,0.75,0.0,0.023082267493009567,1.9028778076171875,0.011163923889398575,0.49176570773124695,-0.0028623491525650024,-0.003253757953643799,0.007921479642391205,-0.045552052557468414,0.011163923889398575,0.49176570773124695,0.025416774675250053,9.6887845993042,1.300021228690942,0.014449844489553006,0.005376772978089623,0.001670029315523704,0.001670029315523704,0.25,traj,3.140355304875646,-330.56966479612265,52.38256080137693,-0.026962220668792725,0.0009718287216104809,0.0,0.75,1.0,0.0,0
407,441,20.35,0.0,33.125892639160156,330.5404968261719,0.3215124011039734,6.499094595824317e-10,0.0009718287216104809,0.75,0.0,0.023082267493009567,1.9028778076171875,0.011163923889398575,0.49176570773124695,-0.0028623491525650024,-0.003253757953643799,0.007921479642391205,-0.045552052557468414,0.011163923889398575,0.49176570773124695,0.025416774675250053,9.6887845993042,1.300021228690942,0.014449844489553006,0.005376772978089623,0.001670029315523704,0.001670029315523704,0.25,traj,3.140355304875646,-330.56966479612265,52.38256080137693,-0.026962220668792725,0.0009718287216104809,0.0,0.75,1.0,0.0,0
408,442,20.4,0.0,33.125892639160156,330.5404968261719,0.3215124011039734,6.499094595824317e-10,0.0009718287216104809,0.75,0.0,0.023082267493009567,1.9028778076171875,0.011163923889398575,0.49176570773124695,-0.0028623491525650024,-0.003253757953643799,0.007921479642391205,-0.045552052557468414,0.011163923889398575,0.49176570773124695,0.025416774675250053,9.6887845993042,1.300021228690942,0.014449844489553006,0.005376772978089623,0.001670029315523704,0.001670029315523704,0.25,traj,3.140355304875646,-330.56966479612265,52.38256080137693,-0.026962220668792725,0.0009718287216104809,0.0,0.75,1.0,0.0,0
409,443,20.45,0.0,33.125892639160156,330.5404968261719,0.3215124011039734,1.3409874322078963e-09,0.0008448555049399438,0.75,0.0,0.029447458684444427,2.147120475769043,0.011497154831886292,0.6495695114135742,-0.002885587513446808,0.02464185655117035,0.007196925580501556,-0.038586728274822235,0.011497154831886292,0.6495695114135742,0.025416774675250053,9.6887845993042,1.4578526765108109,0.01126674866335473,0.00763043184023072,0.001670029315523704,0.001670029315523704,0.25,traj,3.140355304875646,-330.56966479612265,52.38256080137693,-0.01924765110015869,0.0008448555049399438,0.0,0.75,1.0,0.0,0
410,444,20.5,0.0,33.125892639160156,330.5404968261719,0.3215124011039734,1.3409874322078963e-09,0.0008448555049399438,0.75,0.0,0.029447458684444427,2.147120475769043,0.011497154831886292,0.6495695114135742,-0.002885587513446808,0.02464185655117035,0.007196925580501556,-0.038586728274822235,0.011497154831886292,0.6495695114135742,0.025416774675250053,9.6887845993042,1.4578526765108109,0.01126674866335473,0.00763043184023072,0.001670029315523704,0.001670029315523704,0.25,traj,3.140355304875646,-330.56966479612265,52.38256080137693,-0.01924765110015869,0.0008448555049399438,0.0,0.75,1.0,0.0,0
411,445,20.55,0.0,33.125892639160156,330.5404968261719,0.3215124011039734,1.3409874322078963e-09,0.0008448555049399438,0.75,0.0,0.029447458684444427,2.147120475769043,0.011497154831886292,0.6495695114135742,-0.002885587513446808,0.02464185655117035,0.007196925580501556,-0.038586728274822235,0.011497154831886292,0.6495695114135742,0.025416774675250053,9.6887845993042,1.4578526765108109,0.01126674866335473,0.00763043184023072,0.001670029315523704,0.001670029315523704,0.25,traj,3.140355304875646,-330.56966479612265,52.38256080137693,-0.01924765110015869,0.0008448555049399438,0.0,0.75,1.0,0.0,0
412,446,20.6,0.0,33.125892639160156,330.5404968261719,0.3215124011039734,1.3409874322078963e-09,0.0008448555049399438,0.75,0.0,0.029447458684444427,2.147120475769043,0.011497154831886292,0.6495695114135742,-0.002885587513446808,0.02464185655117035,0.007196925580501556,-0.038586728274822235,0.011497154831886292,0.6495695114135742,0.025416774675250053,9.6887845993042,1.4578526765108109,0.01126674866335473,0.00763043184023072,0.001670029315523704,0.001670029315523704,0.25,traj,3.140355304875646,-330.56966479612265,52.38256080137693,-0.01924765110015869,0.0008448555049399438,0.0,0.75,1.0,0.0,0
413,447,20.65,0.0,33.125892639160156,330.5404968261719,0.3215124011039734,4.976665746170283e-10,0.0008448270458184023,0.75,0.0,0.026468496769666672,1.9193921089172363,0.01300758495926857,0.49498170614242554,-0.0028469935059547424,-0.0022218674421310425,0.008831284940242767,-0.0449536070227623,0.01300758495926857,0.49498170614242554,0.025416774675250053,9.6887845993042,1.310819330314795,0.01672581530298281,0.006016002793412039,0.001670029315523704,0.001670029315523704,0.25,traj,3.140355304875646,-330.56966479612265,52.38256080137693,-0.0236663818359375,0.0008448270458184023,0.0,0.75,1.0,0.0,0
414,448,20.7,0.0,33.125892639160156,330.5404968261719,0.3215124011039734,4.976665746170283e-10,0.0008448270458184023,0.75,0.0,0.026468496769666672,1.9193921089172363,0.01300758495926857,0.49498170614242554,-0.0028469935059547424,-0.0022218674421310425,0.008831284940242767,-0.0449536070227623,0.01300758495926857,0.49498170614242554,0.025416774675250053,9.6887845993042,1.310819330314795,0.01672581530298281,0.006016002793412039,0.001670029315523704,0.001670029315523704,0.25,traj,3.140355304875646,-330.56966479612265,52.38256080137693,-0.0236663818359375,0.0008448270458184023,0.0,0.75,1.0,0.0,0
415,449,20.75,0.0,33.125892639160156,330.5404968261719,0.3215124011039734,4.976665746170283e-10,0.0008448270458184023,0.75,0.0,0.026468496769666672,1.9193921089172363,0.01300758495926857,0.49498170614242554,-0.0028469935059547424,-0.0022218674421310425,0.008831284940242767,-0.0449536070227623,0.01300758495926857,0.49498170614242554,0.025416774675250053,9.6887845993042,1.310819330314795,0.01672581530298281,0.006016002793412039,0.001670029315523704,0.001670029315523704,0.25,traj,3.140355304875646,-330.56966479612265,52.38256080137693,-0.0236663818359375,0.0008448270458184023,0.0,0.75,1.0,0.0,0
416,450,20.8,0.0,33.125892639160156,330.5404968261719,0.3215124011039734,4.976665746170283e-10,0.0008448270458184023,0.75,0.0,0.026468496769666672,1.9193921089172363,0.01300758495926857,0.49498170614242554,-0.0028469935059547424,-0.0022218674421310425,0.008831284940242767,-0.0449536070227623,0.01300758495926857,0.49498170614242554,0.025416774675250053,9.6887845993042,1.310819330314795,0.01672581530298281,0.006016002793412039,0.001670029315523704,0.001670029315523704,0.25,traj,3.140355304875646,-330.56966479612265,52.38256080137693,-0.0236663818359375,0.0008448270458184023,0.0,0.75,1.0,0.0,0
417,451,20.85,0.0,33.125892639160156,330.5404968261719,0.3215124011039734,1.4198068276627396e-09,0.0008462386182468715,0.75,0.0,0.02456779032945633,2.099804401397705,0.010200604796409607,0.6227843761444092,-0.001808255910873413,0.017979681491851807,0.008465342223644257,-0.04041958600282669,0.010200604796409607,0.6227843761444092,0.025416774675250053,9.6887845993042,1.4275398875276246,0.010426255940489272,0.006192297564989147,0.001670029315523704,0.001670029315523704,0.25,traj,3.140355304875646,-330.56966479612265,52.38256080137693,-0.023289203643798828,0.0008462386182468715,0.0,0.75,1.0,0.0,0
418,452,20.9,0.0,33.125892639160156,330.5404968261719,0.3215124011039734,1.4198068276627396e-09,0.0008462386182468715,0.75,0.0,0.02456779032945633,2.099804401397705,0.010200604796409607,0.6227843761444092,-0.001808255910873413,0.017979681491851807,0.008465342223644257,-0.04041958600282669,0.010200604796409607,0.6227843761444092,0.025416774675250053,9.6887845993042,1.4275398875276246,0.010426255940489272,0.006192297564989147,0.001670029315523704,0.001670029315523704,0.25,traj,3.140355304875646,-330.56966479612265,52.38256080137693,-0.023289203643798828,0.0008462386182468715,0.0,0.75,1.0,0.0,0
419,453,20.95,0.0,33.125892639160156,330.5404968261719,0.3215124011039734,1.4198068276627396e-09,0.0008462386182468715,0.75,0.0,0.02456779032945633,2.099804401397705,0.010200604796409607,0.6227843761444092,-0.001808255910873413,0.017979681491851807,0.008465342223644257,-0.04041958600282669,0.010200604796409607,0.6227843761444092,0.025416774675250053,9.6887845993042,1.4275398875276246,0.010426255940489272,0.006192297564989147,0.001670029315523704,0.001670029315523704,0.25,traj,3.140355304875646,-330.56966479612265,52.38256080137693,-0.023289203643798828,0.0008462386182468715,0.0,0.75,1.0,0.0,0
420,454,21.0,0.0,33.125892639160156,330.5404968261719,0.3215124011039734,1.4198068276627396e-09,0.0008462386182468715,0.75,0.0,0.02456779032945633,2.099804401397705,0.010200604796409607,0.6227843761444092,-0.001808255910873413,0.017979681491851807,0.008465342223644257,-0.04041958600282669,0.010200604796409607,0.6227843761444092,0.025416774675250053,9.6887845993042,1.4275398875276246,0.010426255940489272,0.006192297564989147,0.001670029315523704,0.001670029315523704,0.25,traj,3.140355304875646,-330.56966479612265,52.38256080137693,-0.023289203643798828,0.0008462386182468715,0.0,0.75,1.0,0.0,0
421,455,21.05,0.0,33.125892639160156,330.5404968261719,0.3215124011039734,-5.317705650820237e-11,0.0008465402849352137,0.75,0.0,0.023903489112854004,1.7957618236541748,0.012386821210384369,0.42409783601760864,-0.00226438045501709,-0.012864962220191956,0.007828675210475922,-0.046674661338329315,0.012386821210384369,0.42409783601760864,0.025416774675250053,9.6887845993042,1.229469892879327,0.018588787344599178,0.005345050543944453,0.001670029315523704,0.001670029315523704,0.25,traj,3.140355304875646,-330.56966479612265,52.38256080137693,-0.02996373176574707,0.0008465402849352137,0.0,0.75,1.0,0.0,0
422,456,21.1,0.0,33.125892639160156,330.5404968261719,0.3215124011039734,-5.317705650820237e-11,0.0008465402849352137,0.75,0.0,0.023903489112854004,1.7957618236541748,0.012386821210384369,0.42409783601760864,-0.00226438045501709,-0.012864962220191956,0.007828675210475922,-0.046674661338329315,0.012386821210384369,0.42409783601760864,0.025416774675250053,9.6887845993042,1.229469892879327,0.018588787344599178,0.005345050543944453,0.001670029315523704,0.001670029315523704,0.25,traj,3.140355304875646,-330.56966479612265,52.38256080137693,-0.02996373176574707,0.0008465402849352137,0.0,0.75,1.0,0.0,0
423,457,21.15,0.0,33.125892639160156,330.5404968261719,0.3215124011039734,-5.317705650820237e-11,0.0008465402849352137,0.75,0.0,0.023903489112854004,1.7957618236541748,0.012386821210384369,0.42409783601760864,-0.00226438045501709,-0.012864962220191956,0.007828675210475922,-0.046674661338329315,0.012386821210384369,0.42409783601760864,0.025416774675250053,9.6887845993042,1.229469892879327,0.018588787344599178,0.005345050543944453,0.001670029315523704,0.001670029315523704,0.25,traj,3.140355304875646,-330.56966479612265,52.38256080137693,-0.02996373176574707,0.0008465402849352137,0.0,0.75,1.0,0.0,0
424,458,21.2,0.0,33.125892639160156,330.5404968261719,0.3215124011039734,-5.317705650820237e-11,0.0008465402849352137,0.75,0.0,0.023903489112854004,1.7957618236541748,0.012386821210384369,0.42409783601760864,-0.00226438045501709,-0.012864962220191956,0.007828675210475922,-0.046674661338329315,0.012386821210384369,0.42409783601760864,0.025416774675250053,9.6887845993042,1.229469892879327,0.018588787344599178,0.005345050543944453,0.001670029315523704,0.001670029315523704,0.25,traj,3.140355304875646,-330.56966479612265,52.38256080137693,-0.02996373176574707,0.0008465402849352137,0.0,0.75,1.0,0.0,0
425,459,21.25,0.0,33.125892639160156,330.5404968261719,0.3215124011039734,1.6264428692736033e-09,0.0008465402849352137,0.75,0.0,0.03161094710230827,2.138105869293213,0.011781308799982071,0.6437882781028748,-0.0013220533728599548,0.021378293633461,0.006598524749279022,-0.03707601875066757,0.011781308799982071,0.6437882781028748,0.025416774675250053,9.6887845993042,1.450656957924366,0.011648859801921556,0.0084474742469458,0.001670029315523704,0.001670029315523704,0.25,traj,3.140355304875646,-330.56966479612265,52.38256080137693,-0.015239059925079346,0.0008465402849352137,0.0,0.75,1.0,0.0,0
426,460,21.3,0.0,33.125892639160156,330.5404968261719,0.3215124011039734,1.6264428692736033e-09,0.0008465402849352137,0.75,0.0,0.03161094710230827,2.138105869293213,0.011781308799982071,0.6437882781028748,-0.0013220533728599548,0.021378293633461,0.006598524749279022,-0.03707601875066757,0.011781308799982071,0.6437882781028748,0.025416774675250053,9.6887845993042,1.450656957924366,0.011648859801921556,0.0084474742469458,0.001670029315523704,0.001670029315523704,0.25,traj,3.140355304875646,-330.56966479612265,52.38256080137693,-0.015239059925079346,0.0008465402849352137,0.0,0.75,1.0,0.0,0
427,461,21.35,0.0,33.125892639160156,330.5404968261719,0.3215124011039734,1.6264428692736033e-09,0.0008465402849352137,0.75,0.0,0.03161094710230827,2.138105869293213,0.011781308799982071,0.6437882781028748,-0.0013220533728599548,0.021378293633461,0.006598524749279022,-0.03707601875066757,0.011781308799982071,0.6437882781028748,0.025416774675250053,9.6887845993042,1.450656957924366,0.011648859801921556,0.0084474742469458,0.001670029315523704,0.001670029315523704,0.25,traj,3.140355304875646,-330.56966479612265,52.38256080137693,-0.015239059925079346,0.0008465402849352137,0.0,0.75,1.0,0.0,0
428,462,21.4,0.0,33.125892639160156,330.5404968261719,0.3215124011039734,1.6264428692736033e-09,0.0008465402849352137,0.75,0.0,0.03161094710230827,2.138105869293213,0.011781308799982071,0.6437882781028748,-0.0013220533728599548,0.021378293633461,0.006598524749279022,-0.03707601875066757,0.011781308799982071,0.6437882781028748,0.025416774675250053,9.6887845993042,1.450656957924366,0.011648859801921556,0.0084474742469458,0.001670029315523704,0.001670029315523704,0.25,traj,3.140355304875646,-330.56966479612265,52.38256080137693,-0.015239059925079346,0.0008465402849352137,0.0,0.75,1.0,0.0,0
429,463,21.45,0.0,33.125892639160156,330.5404968261719,0.3215124011039734,-2.395718068370911e-10,0.0008465402849352137,0.75,0.0,0.024889279156923294,1.9523699283599854,0.012368064373731613,0.5166236758232117,-0.003210887312889099,0.0008031576871871948,0.00810413807630539,-0.04509105533361435,0.012368064373731613,0.5166236758232117,0.025416774675250053,9.6887845993042,1.3327499801913896,0.015237896537790922,0.0055518534938142836,0.001670029315523704,0.001670029315523704,0.25,traj,3.140355304875646,-330.56966479612265,52.38256080137693,-0.025529980659484863,0.0008465402849352137,0.0,0.75,1.0,0.0,0
430,464,21.5,0.0,33.125892639160156,330.5404968261719,0.3215124011039734,-2.395718068370911e-10,0.0008465402849352137,0.75,0.0,0.024889279156923294,1.9523699283599854,0.012368064373731613,0.5166236758232117,-0.003210887312889099,0.0008031576871871948,0.00810413807630539,-0.04509105533361435,0.012368064373731613,0.5166236758232117,0.025416774675250053,9.6887845993042,1.3327499801913896,0.015237896537790922,0.0055518534938142836,0.001670029315523704,0.001670029315523704,0.25,traj,3.140355304875646,-330.56966479612265,52.38256080137693,-0.025529980659484863,0.0008465402849352137,0.0,0.75,1.0,0.0,0
431,465,21.55,0.0,33.125892639160156,330.5404968261719,0.3215124011039734,-2.395718068370911e-10,0.0008465402849352137,0.75,0.0,0.024889279156923294,1.9523699283599854,0.012368064373731613,0.5166236758232117,-0.003210887312889099,0.0008031576871871948,0.00810413807630539,-0.04509105533361435,0.012368064373731613,0.5166236758232117,0.025416774675250053,9.6887845993042,1.3327499801913896,0.015237896537790922,0.0055518534938142836,0.001670029315523704,0.001670029315523704,0.25,traj,3.140355304875646,-330.56966479612265,52.38256080137693,-0.025529980659484863,0.0008465402849352137,0.0,0.75,1.0,0.0,0
432,466,21.6,0.0,33.125892639160156,330.5404968261719,0.3215124011039734,-2.395718068370911e-10,0.0008465402849352137,0.75,0.0,0.024889279156923294,1.9523699283599854,0.012368064373731613,0.5166236758232117,-0.003210887312889099,0.0008031576871871948,0.00810413807630539,-0.04509105533361435,0.012368064373731613,0.5166236758232117,0.025416774675250053,9.6887845993042,1.3327499801913896,0.015237896537790922,0.0055518534938142836,0.001670029315523704,0.001670029315523704,0.25,traj,3.140355304875646,-330.56966479612265,52.38256080137693,-0.025529980659484863,0.0008465402849352137,0.0,0.75,1.0,0.0,0
433,467,21.65,0.0,33.125892639160156,330.5404968261719,0.3215124011039734,9.464784511692415e-10,0.0008465402849352137,0.75,0.0,0.025427713990211487,2.0861217975616455,0.01015792042016983,0.6097033023834229,-0.003308817744255066,0.018579453229904175,0.006363116204738617,-0.03869882971048355,0.01015792042016983,0.6097033023834229,0.025416774675250053,9.6887845993042,1.4172424872716267,0.010605358678725163,0.006583970968393988,0.001670029315523704,0.001670029315523704,0.25,traj,3.140355304875646,-330.56966479612265,52.38256080137693,-0.02191382646560669,0.0008465402849352137,0.0,0.75,1.0,0.0,0
434,468,21.7,0.0,33.125892639160156,330.5404968261719,0.3215124011039734,9.464784511692415e-10,0.0008465402849352137,0.75,0.0,0.025427713990211487,2.0861217975616455,0.01015792042016983,0.6097033023834229,-0.003308817744255066,0.018579453229904175,0.006363116204738617,-0.03869882971048355,0.01015792042016983,0.6097033023834229,0.025416774675250053,9.6887845993042,1.4172424872716267,0.010605358678725163,0.006583970968393988,0.001670029315523704,0.001670029315523704,0.25,traj,3.140355304875646,-330.56966479612265,52.38256080137693,-0.02191382646560669,0.0008465402849352137,0.0,0.75,1.0,0.0,0
435,469,21.75,0.0,33.125892639160156,330.5404968261719,0.3215124011039734,9.464784511692415e-10,0.0008465402849352137,0.75,0.0,0.025427713990211487,2.0861217975616455,0.01015792042016983,0.6097033023834229,-0.003308817744255066,0.018579453229904175,0.006363116204738617,-0.03869882971048355,0.01015792042016983,0.6097033023834229,0.025416774675250053,9.6887845993042,1.4172424872716267,0.010605358678725163,0.006583970968393988,0.001670029315523704,0.001670029315523704,0.25,traj,3.140355304875646,-330.56966479612265,52.38256080137693,-0.02191382646560669,0.0008465402849352137,0.0,0.75,1.0,0.0,0
436,470,21.8,0.0,33.125892639160156,330.5404968261719,0.3215124011039734,9.464784511692415e-10,0.0008465402849352137,0.75,0.0,0.025427713990211487,2.0861217975616455,0.01015792042016983,0.6097033023834229,-0.003308817744255066,0.018579453229904175,0.006363116204738617,-0.03869882971048355,0.01015792042016983,0.6097033023834229,0.025416774675250053,9.6887845993042,1.4172424872716267,0.010605358678725163,0.006583970968393988,0.001670029315523704,0.001670029315523704,0.25,traj,3.140355304875646,-330.56966479612265,52.38256080137693,-0.02191382646560669,0.0008465402849352137,0.0,0.75,1.0,0.0,0
437,471,21.85,0.0,33.125892639160156,330.5404968261719,0.3215124011039734,-1.6270096381276744e-10,0.0008465402849352137,0.75,0.0,0.029388070106506348,1.949354648590088,0.013042919337749481,0.508847713470459,-0.0021262168884277344,-0.003208339214324951,0.00859137624502182,-0.04364386945962906,0.013042919337749481,0.508847713470459,0.025416774675250053,9.6887845993042,1.3298081159591675,0.01631441024197571,0.007223276674707182,0.001670029315523704,0.001670029315523704,0.25,traj,3.140355304875646,-330.56966479612265,52.38256080137693,-0.025727272033691406,0.0008465402849352137,0.0,0.75,1.0,0.0,0
438,472,21.9,0.0,33.125892639160156,330.5404968261719,0.3215124011039734,-1.6270096381276744e-10,0.0008465402849352137,0.75,0.0,0.029388070106506348,1.949354648590088,0.013042919337749481,0.508847713470459,-0.0021262168884277344,-0.003208339214324951,0.00859137624502182,-0.04364386945962906,0.013042919337749481,0.508847713470459,0.025416774675250053,9.6887845993042,1.3298081159591675,0.01631441024197571,0.007223276674707182,0.001670029315523704,0.001670029315523704,0.25,traj,3.140355304875646,-330.56966479612265,52.38256080137693,-0.025727272033691406,0.0008465402849352137,0.0,0.75,1.0,0.0,0
439,473,21.95,0.0,33.125892639160156,330.5404968261719,0.3215124011039734,-1.6270096381276744e-10,0.0008465402849352137,0.75,0.0,0.029388070106506348,1.949354648590088,0.013042919337749481,0.508847713470459,-0.0021262168884277344,-0.003208339214324951,0.00859137624502182,-0.04364386945962906,0.013042919337749481,0.508847713470459,0.025416774675250053,9.6887845993042,1.3298081159591675,0.01631441024197571,0.007223276674707182,0.001670029315523704,0.001670029315523704,0.25,traj,3.140355304875646,-330.56966479612265,52.38256080137693,-0.025727272033691406,0.0008465402849352137,0.0,0.75,1.0,0.0,0
440,474,22.0,0.0,33.125892639160156,330.5404968261719,0.3215124011039734,-1.6270096381276744e-10,0.0008465402849352137,0.75,0.0,0.029388070106506348,1.949354648590088,0.013042919337749481,0.508847713470459,-0.0021262168884277344,-0.003208339214324951,0.00859137624502182,-0.04364386945962906,0.013042919337749481,0.508847713470459,0.025416774675250053,9.6887845993042,1.3298081159591675,0.01631441024197571,0.007223276674707182,0.001670029315523704,0.001670029315523704,0.25,traj,3.140355304875646,-330.56966479612265,52.38256080137693,-0.025727272033691406,0.0008465402849352137,0.0,0.75,1.0,0.0,0
441,475,22.05,0.0,33.125892639160156,330.5404968261719,0.3215124011039734,7.951929115179723e-10,0.0008465402849352137,0.75,0.0,0.02778630331158638,2.1222105026245117,0.010633017867803574,0.6291837692260742,-0.0025995224714279175,0.019856184720993042,0.00960519164800644,-0.039323337376117706,0.010633017867803574,0.6291837692260742,0.025416774675250053,9.6887845993042,1.442014294366042,0.010757671897216447,0.007313738735714462,0.001670029315523704,0.001670029315523704,0.25,traj,3.140355304875646,-330.56966479612265,52.38256080137693,-0.020567893981933594,0.0008465402849352137,0.0,0.75,1.0,0.0,0
442,476,22.1,0.0,33.125892639160156,330.5404968261719,0.3215124011039734,7.951929115179723e-10,0.0008465402849352137,0.75,0.0,0.02778630331158638,2.1222105026245117,0.010633017867803574,0.6291837692260742,-0.0025995224714279175,0.019856184720993042,0.00960519164800644,-0.039323337376117706,0.010633017867803574,0.6291837692260742,0.025416774675250053,9.6887845993042,1.442014294366042,0.010757671897216447,0.007313738735714462,0.001670029315523704,0.001670029315523704,0.25,traj,3.140355304875646,-330.56966479612265,52.38256080137693,-0.020567893981933594,0.0008465402849352137,0.0,0.75,1.0,0.0,0
443,477,22.15,0.0,33.125892639160156,330.5404968261719,0.3215124011039734,7.951929115179723e-10,0.0008465402849352137,0.75,0.0,0.02778630331158638,2.1222105026245117,0.010633017867803574,0.6291837692260742,-0.0025995224714279175,0.019856184720993042,0.00960519164800644,-0.039323337376117706,0.010633017867803574,0.6291837692260742,0.025416774675250053,9.6887845993042,1.442014294366042,0.010757671897216447,0.007313738735714462,0.001670029315523704,0.001670029315523704,0.25,traj,3.140355304875646,-330.56966479612265,52.38256080137693,-0.020567893981933594,0.0008465402849352137,0.0,0.75,1.0,0.0,0
444,478,22.2,0.0,33.125892639160156,330.5404968261719,0.3215124011039734,7.951929115179723e-10,0.0008465402849352137,0.75,0.0,0.02778630331158638,2.1222105026245117,0.010633017867803574,0.6291837692260742,-0.0025995224714279175,0.019856184720993042,0.00960519164800644,-0.039323337376117706,0.010633017867803574,0.6291837692260742,0.025416774675250053,9.6887845993042,1.442014294366042,0.010757671897216447,0.007313738735714462,0.001670029315523704,0.001670029315523704,0.25,traj,3.140355304875646,-330.56966479612265,52.38256080137693,-0.020567893981933594,0.0008465402849352137,0.0,0.75,1.0,0.0,0
445,479,22.25,0.0,33.125892639160156,330.5404968261719,0.3215124011039734,1.4476834175880526e-09,0.0008465402849352137,0.75,0.0,0.026399627327919006,2.0207810401916504,0.01181698590517044,0.5545424818992615,-0.00208088755607605,0.0010715723037719727,0.008541248738765717,-0.0448271706700325,0.01181698590517044,0.5545424818992615,0.025416774675250053,9.6887845993042,1.378045452137788,0.013563968954202352,0.0063313298600942945,0.001670029315523704,0.001670029315523704,0.25,traj,3.140355304875646,-330.56966479612265,52.38256080137693,-0.027540624141693115,0.0008465402849352137,0.0,0.75,1.0,0.0,0
446,480,22.3,0.0,33.125892639160156,330.5404968261719,0.3215124011039734,1.4476834175880526e-09,0.0008465402849352137,0.75,0.0,0.026399627327919006,2.0207810401916504,0.01181698590517044,0.5545424818992615,-0.00208088755607605,0.0010715723037719727,0.008541248738765717,-0.0448271706700325,0.01181698590517044,0.5545424818992615,0.025416774675250053,9.6887845993042,1.378045452137788,0.013563968954202352,0.0063313298600942945,0.001670029315523704,0.001670029315523704,0.25,traj,3.140355304875646,-330.56966479612265,52.38256080137693,-0.027540624141693115,0.0008465402849352137,0.0,0.75,1.0,0.0,0
447,481,22.35,0.0,33.125892639160156,330.5404968261719,0.3215124011039734,1.4476834175880526e-09,0.0008465402849352137,0.75,0.0,0.026399627327919006,2.0207810401916504,0.01181698590517044,0.5545424818992615,-0.00208088755607605,0.0010715723037719727,0.008541248738765717,-0.0448271706700325,0.01181698590517044,0.5545424818992615,0.025416774675250053,9.6887845993042,1.378045452137788,0.013563968954202352,0.0063313298600942945,0.001670029315523704,0.001670029315523704,0.25,traj,3.140355304875646,-330.56966479612265,52.38256080137693,-0.027540624141693115,0.0008465402849352137,0.0,0.75,1.0,0.0,0
448,482,22.4,0.0,33.125892639160156,330.5404968261719,0.3215124011039734,1.4476834175880526e-09,0.0008465402849352137,0.75,0.0,0.026399627327919006,2.0207810401916504,0.01181698590517044,0.5545424818992615,-0.00208088755607605,0.0010715723037719727,0.008541248738765717,-0.0448271706700325,0.01181698590517044,0.5545424818992615,0.025416774675250053,9.6887845993042,1.378045452137788,0.013563968954202352,0.0063313298600942945,0.001670029315523704,0.001670029315523704,0.25,traj,3.140355304875646,-330.56966479612265,52.38256080137693,-0.027540624141693115,0.0008465402849352137,0.0,0.75,1.0,0.0,0
449,483,22.45,0.0,33.125892639160156,330.5404968261719,0.3215124011039734,1.8286205882844797e-09,0.0008465402849352137,0.75,0.0,0.02546536549925804,2.0301871299743652,0.010844219475984573,0.5716556906700134,-0.002650924026966095,0.011016473174095154,0.009548299014568329,-0.04327859729528427,0.010844219475984573,0.5716556906700134,0.025416774675250053,9.6887845993042,1.3833699598908424,0.01207513949712113,0.006381645586980055,0.001670029315523704,0.001670029315523704,0.25,traj,3.140355304875646,-330.56966479612265,52.38256080137693,-0.02120828628540039,0.0008465402849352137,0.0,0.75,1.0,0.0,0
450,484,22.5,0.0,33.125892639160156,330.5404968261719,0.3215124011039734,1.8286205882844797e-09,0.0008465402849352137,0.75,0.0,0.02546536549925804,2.0301871299743652,0.010844219475984573,0.5716556906700134,-0.002650924026966095,0.011016473174095154,0.009548299014568329,-0.04327859729528427,0.010844219475984573,0.5716556906700134,0.025416774675250053,9.6887845993042,1.3833699598908424,0.01207513949712113,0.006381645586980055,0.001670029315523704,0.001670029315523704,0.25,traj,3.140355304875646,-330.56966479612265,52.38256080137693,-0.02120828628540039,0.0008465402849352137,0.0,0.75,1.0,0.0,0
451,485,22.55,0.0,33.125892639160156,330.5404968261719,0.3215124011039734,1.8286205882844797e-09,0.0008465402849352137,0.75,0.0,0.02546536549925804,2.0301871299743652,0.010844219475984573,0.5716556906700134,-0.002650924026966095,0.011016473174095154,0.009548299014568329,-0.04327859729528427,0.010844219475984573,0.5716556906700134,0.025416774675250053,9.6887845993042,1.3833699598908424,0.01207513949712113,0.006381645586980055,0.001670029315523704,0.001670029315523704,0.25,traj,3.140355304875646,-330.56966479612265,52.38256080137693,-0.02120828628540039,0.0008465402849352137,0.0,0.75,1.0,0.0,0
452,486,22.6,0.0,33.125892639160156,330.5404968261719,0.3215124011039734,1.8286205882844797e-09,0.0008465402849352137,0.75,0.0,0.02546536549925804,2.0301871299743652,0.010844219475984573,0.5716556906700134,-0.002650924026966095,0.011016473174095154,0.009548299014568329,-0.04327859729528427,0.010844219475984573,0.5716556906700134,0.025416774675250053,9.6887845993042,1.3833699598908424,0.01207513949712113,0.006381645586980055,0.001670029315523704,0.001670029315523704,0.25,traj,3.140355304875646,-330.56966479612265,52.38256080137693,-0.02120828628540039,0.0008465402849352137,0.0,0.75,1.0,0.0,0
453,487,22.65,0.0,33.125892639160156,330.5404968261719,0.3215124011039734,-1.3033144341534353e-08,0.0008465402849352137,0.75,0.0,0.02744479849934578,1.9928007125854492,0.013161774724721909,0.5431078672409058,-0.0028077736496925354,0.00021320581436157227,0.00852658599615097,-0.044122882187366486,0.013161774724721909,0.5431078672409058,0.025416774675250053,9.6887845993042,1.3591030910611153,0.015424967830058494,0.006272058996296739,0.001670029315523704,0.001670029315523704,0.25,traj,3.140355304875646,-330.56966479612265,52.38256080137693,-0.02359253168106079,0.0008465402849352137,0.0,0.75,1.0,0.0,0
454,488,22.7,0.0,33.125892639160156,330.5404968261719,0.3215124011039734,-1.3033144341534353e-08,0.0008465402849352137,0.75,0.0,0.02744479849934578,1.9928007125854492,0.013161774724721909,0.5431078672409058,-0.0028077736496925354,0.00021320581436157227,0.00852658599615097,-0.044122882187366486,0.013161774724721909,0.5431078672409058,0.025416774675250053,9.6887845993042,1.3591030910611153,0.015424967830058494,0.006272058996296739,0.001670029315523704,0.001670029315523704,0.25,traj,3.140355304875646,-330.56966479612265,52.38256080137693,-0.02359253168106079,0.0008465402849352137,0.0,0.75,1.0,0.0,0
455,489,22.75,0.0,33.125892639160156,330.5404968261719,0.3215124011039734,-1.3033144341534353e-08,0.0008465402849352137,0.75,0.0,0.02744479849934578,1.9928007125854492,0.013161774724721909,0.5431078672409058,-0.0028077736496925354,0.00021320581436157227,0.00852658599615097,-0.044122882187366486,0.013161774724721909,0.5431078672409058,0.025416774675250053,9.6887845993042,1.3591030910611153,0.015424967830058494,0.006272058996296739,0.001670029315523704,0.001670029315523704,0.25,traj,3.140355304875646,-330.56966479612265,52.38256080137693,-0.02359253168106079,0.0008465402849352137,0.0,0.75,1.0,0.0,0
456,490,22.8,0.0,33.125892639160156,330.5404968261719,0.3215124011039734,-1.3033144341534353e-08,0.0008465402849352137,0.75,0.0,0.02744479849934578,1.9928007125854492,0.013161774724721909,0.5431078672409058,-0.0028077736496925354,0.00021320581436157227,0.00852658599615097,-0.044122882187366486,0.013161774724721909,0.5431078672409058,0.025416774675250053,9.6887845993042,1.3591030910611153,0.015424967830058494,0.006272058996296739,0.001670029315523704,0.001670029315523704,0.25,traj,3.140355304875646,-330.56966479612265,52.38256080137693,-0.02359253168106079,0.0008465402849352137,0.0,0.75,1.0,0.0,0
457,491,22.85,0.0,33.125892639160156,330.5404968261719,0.3215124011039734,8.707800591700732e-10,0.0008465402849352137,0.75,0.0,0.024441320449113846,2.0307116508483887,0.010350760072469711,0.5822887420654297,-0.0033539310097694397,0.01655292510986328,0.009379647672176361,-0.04045815020799637,0.010350760072469711,0.5822887420654297,0.025416774675250053,9.6887845993042,1.3818726787964501,0.0113153188974526,0.006192980583906148,0.001670029315523704,0.001670029315523704,0.25,traj,3.140355304875646,-330.56966479612265,52.38256080137693,-0.02124929428100586,0.0008465402849352137,0.0,0.75,1.0,0.0,0
458,492,22.9,0.0,33.125892639160156,330.5404968261719,0.3215124011039734,8.707800591700732e-10,0.0008465402849352137,0.75,0.0,0.024441320449113846,2.0307116508483887,0.010350760072469711,0.5822887420654297,-0.0033539310097694397,0.01655292510986328,0.009379647672176361,-0.04045815020799637,0.010350760072469711,0.5822887420654297,0.025416774675250053,9.6887845993042,1.3818726787964501,0.0113153188974526,0.006192980583906148,0.001670029315523704,0.001670029315523704,0.25,traj,3.140355304875646,-330.56966479612265,52.38256080137693,-0.02124929428100586,0.0008465402849352137,0.0,0.75,1.0,0.0,0
459,493,22.95,0.0,33.125892639160156,330.5404968261719,0.3215124011039734,8.707800591700732e-10,0.0008465402849352137,0.75,0.0,0.024441320449113846,2.0307116508483887,0.010350760072469711,0.5822887420654297,-0.0033539310097694397,0.01655292510986328,0.009379647672176361,-0.04045815020799637,0.010350760072469711,0.5822887420654297,0.025416774675250053,9.6887845993042,1.3818726787964501,0.0113153188974526,0.006192980583906148,0.001670029315523704,0.001670029315523704,0.25,traj,3.140355304875646,-330.56966479612265,52.38256080137693,-0.02124929428100586,0.0008465402849352137,0.0,0.75,1.0,0.0,0
460,494,23.0,0.0,33.125892639160156,330.5404968261719,0.3215124011039734,8.707800591700732e-10,0.0008465402849352137,0.75,0.0,0.024441320449113846,2.0307116508483887,0.010350760072469711,0.5822887420654297,-0.0033539310097694397,0.01655292510986328,0.009379647672176361,-0.04045815020799637,0.010350760072469711,0.5822887420654297,0.025416774675250053,9.6887845993042,1.3818726787964501,0.0113153188974526,0.006192980583906148,0.001670029315523704,0.001670029315523704,0.25,traj,3.140355304875646,-330.56966479612265,52.38256080137693,-0.02124929428100586,0.0008465402849352137,0.0,0.75,1.0,0.0,0
461,495,23.05,0.0,33.125892639160156,330.5404968261719,0.3215124011039734,1.7575886301912647e-09,0.0008465402849352137,0.75,0.0,0.024135824292898178,1.961205005645752,0.011497441679239273,0.5237716436386108,-0.003186836838722229,-3.801286220550537e-05,0.007885657250881195,-0.044328682124614716,0.011497441679239273,0.5237716436386108,0.025416774675250053,9.6887845993042,1.3381053830186527,0.013972338375578337,0.00559723630629948,0.001670029315523704,0.001670029315523704,0.25,traj,3.140355304875646,-330.56966479612265,52.38256080137693,-0.02579551935195923,0.0008465402849352137,0.0,0.75,1.0,0.0,0
462,496,23.1,0.0,33.125892639160156,330.5404968261719,0.3215124011039734,1.7575886301912647e-09,0.0008465402849352137,0.75,0.0,0.024135824292898178,1.961205005645752,0.011497441679239273,0.5237716436386108,-0.003186836838722229,-3.801286220550537e-05,0.007885657250881195,-0.044328682124614716,0.011497441679239273,0.5237716436386108,0.025416774675250053,9.6887845993042,1.3381053830186527,0.013972338375578337,0.00559723630629948,0.001670029315523704,0.001670029315523704,0.25,traj,3.140355304875646,-330.56966479612265,52.38256080137693,-0.02579551935195923,0.0008465402849352137,0.0,0.75,1.0,0.0,0
463,497,23.15,0.0,33.125892639160156,330.5404968261719,0.3215124011039734,1.7575886301912647e-09,0.0008465402849352137,0.75,0.0,0.024135824292898178,1.961205005645752,0.011497441679239273,0.5237716436386108,-0.003186836838722229,-3.801286220550537e-05,0.007885657250881195,-0.044328682124614716,0.011497441679239273,0.5237716436386108,0.025416774675250053,9.6887845993042,1.3381053830186527,0.013972338375578337,0.00559723630629948,0.001670029315523704,0.001670029315523704,0.25,traj,3.140355304875646,-330.56966479612265,52.38256080137693,-0.02579551935195923,0.0008465402849352137,0.0,0.75,1.0,0.0,0
464,498,23.2,0.0,33.125892639160156,330.5404968261719,0.3215124011039734,1.7575886301912647e-09,0.0008465402849352137,0.75,0.0,0.024135824292898178,1.961205005645752,0.011497441679239273,0.5237716436386108,-0.003186836838722229,-3.801286220550537e-05,0.007885657250881195,-0.044328682124614716,0.011497441679239273,0.5237716436386108,0.025416774675250053,9.6887845993042,1.3381053830186527,0.013972338375578337,0.00559723630629948,0.001670029315523704,0.001670029315523704,0.25,traj,3.140355304875646,-330.56966479612265,52.38256080137693,-0.02579551935195923,0.0008465402849352137,0.0,0.75,1.0,0.0,0
465,499,23.25,0.0,33.125892639160156,330.5404968261719,0.3215124011039734,7.970550330860249e-10,0.0008465402849352137,0.75,0.0,0.026257693767547607,2.108224868774414,0.010361723601818085,0.6210561990737915,-0.0027632936835289,0.019816339015960693,0.00857418030500412,-0.042287297546863556,0.010361723601818085,0.6210561990737915,0.025416774675250053,9.6887845993042,1.4345111846923828,0.01062038509489919,0.006804434296603844,0.001670029315523704,0.001670029315523704,0.25,traj,3.140355304875646,-330.56966479612265,52.38256080137693,-0.023532867431640625,0.0008465402849352137,0.0,0.75,1.0,0.0,0
466,500,23.3,0.0,33.125892639160156,330.5404968261719,0.3215124011039734,7.970550330860249e-10,0.0008465402849352137,0.75,0.0,0.026257693767547607,2.108224868774414,0.010361723601818085,0.6210561990737915,-0.0027632936835289,0.019816339015960693,0.00857418030500412,-0.042287297546863556,0.010361723601818085,0.6210561990737915,0.025416774675250053,9.6887845993042,1.4345111846923828,0.01062038509489919,0.006804434296603844,0.001670029315523704,0.001670029315523704,0.25,traj,3.140355304875646,-330.56966479612265,52.38256080137693,-0.023532867431640625,0.0008465402849352137,0.0,0.75,1.0,0.0,0
467,501,23.35,0.0,33.125892639160156,330.5404968261719,0.3215124011039734,7.970550330860249e-10,0.0008465402849352137,0.75,0.0,0.026257693767547607,2.108224868774414,0.010361723601818085,0.6210561990737915,-0.0027632936835289,0.019816339015960693,0.00857418030500412,-0.042287297546863556,0.010361723601818085,0.6210561990737915,0.025416774675250053,9.6887845993042,1.4345111846923828,0.01062038509489919,0.006804434296603844,0.001670029315523704,0.001670029315523704,0.25,traj,3.140355304875646,-330.56966479612265,52.38256080137693,-0.023532867431640625,0.0008465402849352137,0.0,0.75,1.0,0.0,0
468,502,23.4,0.0,33.125892639160156,330.5404968261719,0.3215124011039734,7.970550330860249e-10,0.0008465402849352137,0.75,0.0,0.026257693767547607,2.108224868774414,0.010361723601818085,0.6210561990737915,-0.0027632936835289,0.019816339015960693,0.00857418030500412,-0.042287297546863556,0.010361723601818085,0.6210561990737915,0.025416774675250053,9.6887845993042,1.4345111846923828,0.01062038509489919,0.006804434296603844,0.001670029315523704,0.001670029315523704,0.25,traj,3.140355304875646,-330.56966479612265,52.38256080137693,-0.023532867431640625,0.0008465402849352137,0.0,0.75,1.0,0.0,0
469,503,23.45,0.0,33.125892639160156,330.5404968261719,0.3215124011039734,1.281704187228172e-09,0.0008465402849352137,0.75,0.0,0.026480983942747116,1.8877174854278564,0.013216216117143631,0.46739107370376587,-0.0029713213443756104,-0.010948196053504944,0.009561203420162201,-0.04622728377580643,0.013216216117143631,0.46739107370376587,0.025416774675250053,9.6887845993042,1.2909603541096053,0.01799660994355907,0.005945348280997797,0.001670029315523704,0.001670029315523704,0.25,traj,3.140355304875646,-330.56966479612265,52.38256080137693,-0.023533761501312256,0.0008465402849352137,0.0,0.75,1.0,0.0,0
470,504,23.5,0.0,33.125892639160156,330.5404968261719,0.3215124011039734,1.281704187228172e-09,0.0008465402849352137,0.75,0.0,0.026480983942747116,1.8877174854278564,0.013216216117143631,0.46739107370376587,-0.0029713213443756104,-0.010948196053504944,0.009561203420162201,-0.04622728377580643,0.013216216117143631,0.46739107370376587,0.025416774675250053,9.6887845993042,1.2909603541096053,0.01799660994355907,0.005945348280997797,0.001670029315523704,0.001670029315523704,0.25,traj,3.140355304875646,-330.56966479612265,52.38256080137693,-0.023533761501312256,0.0008465402849352137,0.0,0.75,1.0,0.0,0
471,505,23.55,0.0,33.125892639160156,330.5404968261719,0.3215124011039734,1.281704187228172e-09,0.0008465402849352137,0.75,0.0,0.026480983942747116,1.8877174854278564,0.013216216117143631,0.46739107370376587,-0.0029713213443756104,-0.010948196053504944,0.009561203420162201,-0.04622728377580643,0.013216216117143631,0.46739107370376587,0.025416774675250053,9.6887845993042,1.2909603541096053,0.01799660994355907,0.005945348280997797,0.001670029315523704,0.001670029315523704,0.25,traj,3.140355304875646,-330.56966479612265,52.38256080137693,-0.023533761501312256,0.0008465402849352137,0.0,0.75,1.0,0.0,0
472,506,23.6,0.0,33.125892639160156,330.5404968261719,0.3215124011039734,1.281704187228172e-09,0.0008465402849352137,0.75,0.0,0.026480983942747116,1.8877174854278564,0.013216216117143631,0.46739107370376587,-0.0029713213443756104,-0.010948196053504944,0.009561203420162201,-0.04622728377580643,0.013216216117143631,0.46739107370376587,0.025416774675250053,9.6887845993042,1.2909603541096053,0.01799660994355907,0.005945348280997797,0.001670029315523704,0.001670029315523704,0.25,traj,3.140355304875646,-330.56966479612265,52.38256080137693,-0.023533761501312256,0.0008465402849352137,0.0,0.75,1.0,0.0,0
473,507,23.65,0.0,33.125892639160156,330.5404968261719,0.3215124011039734,8.923361494161952e-10,0.0008465402849352137,0.75,0.0,0.025559231638908386,2.0756595134735107,0.011859409511089325,0.6036752462387085,-0.0031375885009765625,0.014432594180107117,0.010301612317562103,-0.04160206764936447,0.011859409511089325,0.6036752462387085,0.025416774675250053,9.6887845993042,1.4127368504802384,0.012504986068887263,0.005924857713487759,0.001670029315523704,0.001670029315523704,0.25,traj,3.140355304875646,-330.56966479612265,52.38256080137693,-0.022678911685943604,0.0008465402849352137,0.0,0.75,1.0,0.0,0
474,508,23.7,0.0,33.125892639160156,330.5404968261719,0.3215124011039734,8.923361494161952e-10,0.0008465402849352137,0.75,0.0,0.025559231638908386,2.0756595134735107,0.011859409511089325,0.6036752462387085,-0.0031375885009765625,0.014432594180107117,0.010301612317562103,-0.04160206764936447,0.011859409511089325,0.6036752462387085,0.025416774675250053,9.6887845993042,1.4127368504802384,0.012504986068887263,0.005924857713487759,0.001670029315523704,0.001670029315523704,0.25,traj,3.140355304875646,-330.56966479612265,52.38256080137693,-0.022678911685943604,0.0008465402849352137,0.0,0.75,1.0,0.0,0
475,509,23.75,0.0,33.125892639160156,330.5404968261719,0.3215124011039734,8.923361494161952e-10,0.0008465402849352137,0.75,0.0,0.025559231638908386,2.0756595134735107,0.011859409511089325,0.6036752462387085,-0.0031375885009765625,0.014432594180107117,0.010301612317562103,-0.04160206764936447,0.011859409511089325,0.6036752462387085,0.025416774675250053,9.6887845993042,1.4127368504802384,0.012504986068887263,0.005924857713487759,0.001670029315523704,0.001670029315523704,0.25,traj,3.140355304875646,-330.56966479612265,52.38256080137693,-0.022678911685943604,0.0008465402849352137,0.0,0.75,1.0,0.0,0
476,510,23.8,0.0,33.125892639160156,330.5404968261719,0.3215124011039734,8.923361494161952e-10,0.0008465402849352137,0.75,0.0,0.025559231638908386,2.0756595134735107,0.011859409511089325,0.6036752462387085,-0.0031375885009765625,0.014432594180107117,0.010301612317562103,-0.04160206764936447,0.011859409511089325,0.6036752462387085,0.025416774675250053,9.6887845993042,1.4127368504802384,0.012504986068887263,0.005924857713487759,0.001670029315523704,0.001670029315523704,0.25,traj,3.140355304875646,-330.56966479612265,52.38256080137693,-0.022678911685943604,0.0008465402849352137,0.0,0.75,1.0,0.0,0
477,511,23.85,0.0,33.125892639160156,330.5404968261719,0.3215124011039734,1.2855150277601979e-09,0.0008465402849352137,0.75,0.0,0.024372819811105728,1.8701069355010986,0.012396585196256638,0.4581639766693115,-0.003309689462184906,-0.01027628779411316,0.009858183562755585,-0.04863283783197403,0.012396585196256638,0.4581639766693115,0.025416774675250053,9.6887845993042,1.2808340936899185,0.01722085223582718,0.0053997679482953335,0.001670029315523704,0.001670029315523704,0.25,traj,3.140355304875646,-330.56966479612265,52.38256080137693,-0.02402639389038086,0.0008465402849352137,0.0,0.75,1.0,0.0,0
